material_id,dataset,formula,num_atoms,split_type
Li3PO4-007535,Li3PO4,LiOP,32,train
perovskite-000250,perovskite,CaOPbTiZr,20,train
Li3PO4-006121,Li3PO4,LiOP,32,train
ZrO2-009991,ZrO2,OZr,48,train
Li3PO4-001861,Li3PO4,LiOP,32,train
ZrO2-006443,ZrO2,OZr,95,train
ZrO2-003590,ZrO2,OZr,47,train
Li3PO4-008560,Li3PO4,LiOP,31,train
Li3PO4-011865,Li3PO4,LiOP,31,train
Li3PO4-005748,Li3PO4,LiOP,32,train
Li3PO4-012964,Li3PO4,LiOP,31,train
Li3PO4-009688,Li3PO4,LiOP,31,train
ZrO2-005280,ZrO2,OZr,47,train
Li3PO4-011423,Li3PO4,LiOP,31,train
ZrO2-002957,ZrO2,OZr,95,train
Li3PO4-009992,Li3PO4,LiOP,31,train
Li3PO4-011548,Li3PO4,LiOP,31,train
Li3PO4-006623,Li3PO4,LiOP,32,train
ZrO2-006867,ZrO2,OZr,95,train
ZrO2-005724,ZrO2,OZr,95,train
Li3PO4-016351,Li3PO4,LiOP,61,train
Li3PO4-000882,Li3PO4,LiOP,32,train
Li3PO4-001075,Li3PO4,LiOP,32,train
ZrO2-001342,ZrO2,OZr,96,train
Li3PO4-000008,Li3PO4,LiOP,32,train
ZrO2-001459,ZrO2,OZr,96,train
Li3PO4-013695,Li3PO4,LiOP,61,train
ZrO2-000279,ZrO2,OZr,96,train
Li3PO4-006907,Li3PO4,LiOP,32,train
ZrO2-000217,ZrO2,OZr,96,train
ZrO2-006139,ZrO2,OZr,95,train
ZrO2-004113,ZrO2,OZr,47,train
Li3PO4-009840,Li3PO4,LiOP,31,train
ZrO2-007392,ZrO2,OZr,95,train
Li3PO4-011048,Li3PO4,LiOP,31,train
Li3PO4-002089,Li3PO4,LiOP,32,train
ZrO2-009303,ZrO2,OZr,48,train
ZrO2-007055,ZrO2,OZr,95,train
Li3PO4-010969,Li3PO4,LiOP,31,train
Li3PO4-004641,Li3PO4,LiOP,32,train
Li3PO4-007028,Li3PO4,LiOP,32,train
Li3PO4-004980,Li3PO4,LiOP,32,train
Li3PO4-004853,Li3PO4,LiOP,32,train
Li3PO4-013267,Li3PO4,LiOP,61,train
Li3PO4-012424,Li3PO4,LiOP,31,train
ZrO2-009769,ZrO2,OZr,48,train
ZrO2-007734,ZrO2,OZr,95,train
Li3PO4-004425,Li3PO4,LiOP,32,train
Li3PO4-014754,Li3PO4,LiOP,61,train
Li3PO4-001237,Li3PO4,LiOP,32,train
Li3PO4-010778,Li3PO4,LiOP,31,train
ZrO2-007112,ZrO2,OZr,95,train
Li3PO4-001306,Li3PO4,LiOP,32,train
ZrO2-007698,ZrO2,OZr,95,train
Li3PO4-009126,Li3PO4,LiOP,31,train
Li3PO4-001290,Li3PO4,LiOP,32,train
Li3PO4-010373,Li3PO4,LiOP,31,train
ZrO2-004617,ZrO2,OZr,47,train
ZrO2-009905,ZrO2,OZr,48,train
ZrO2-008154,ZrO2,OZr,48,train
Li3PO4-012752,Li3PO4,LiOP,31,train
Li3PO4-007609,Li3PO4,LiOP,32,train
ZrO2-009463,ZrO2,OZr,48,train
Li3PO4-003774,Li3PO4,LiOP,32,train
ZrO2-003516,ZrO2,OZr,95,train
Li3PO4-011333,Li3PO4,LiOP,31,train
ZrO2-001452,ZrO2,OZr,96,train
ZrO2-001825,ZrO2,OZr,96,train
ZrO2-008253,ZrO2,OZr,48,train
Li3PO4-004138,Li3PO4,LiOP,32,train
Li3PO4-014876,Li3PO4,LiOP,61,train
Li3PO4-007019,Li3PO4,LiOP,32,train
Li3PO4-016256,Li3PO4,LiOP,61,train
Li3PO4-004153,Li3PO4,LiOP,32,train
ZrO2-000817,ZrO2,OZr,96,train
Li3PO4-009433,Li3PO4,LiOP,31,train
Li3PO4-008089,Li3PO4,LiOP,31,train
Li3PO4-009045,Li3PO4,LiOP,31,train
Li3PO4-000994,Li3PO4,LiOP,32,train
Li3PO4-015170,Li3PO4,LiOP,61,train
Li3PO4-005898,Li3PO4,LiOP,32,train
Li3PO4-005622,Li3PO4,LiOP,32,train
Li3PO4-011616,Li3PO4,LiOP,31,train
Li3PO4-007659,Li3PO4,LiOP,32,train
Li3PO4-004664,Li3PO4,LiOP,32,train
ZrO2-009641,ZrO2,OZr,48,train
Li3PO4-001799,Li3PO4,LiOP,32,train
Li3PO4-015054,Li3PO4,LiOP,61,train
Li3PO4-008475,Li3PO4,LiOP,31,train
ZrO2-001548,ZrO2,OZr,96,train
Li3PO4-000949,Li3PO4,LiOP,32,train
Li3PO4-017291,Li3PO4,LiOP,61,train
Li3PO4-001779,Li3PO4,LiOP,32,train
Li3PO4-003805,Li3PO4,LiOP,32,train
Li3PO4-017885,Li3PO4,LiOP,61,train
ZrO2-006429,ZrO2,OZr,95,train
Li3PO4-016218,Li3PO4,LiOP,61,train
Li3PO4-003071,Li3PO4,LiOP,32,train
Li3PO4-007886,Li3PO4,LiOP,32,train
Li3PO4-001684,Li3PO4,LiOP,32,train
Li3PO4-016384,Li3PO4,LiOP,61,train
Li3PO4-007979,Li3PO4,LiOP,32,train
ZrO2-006521,ZrO2,OZr,95,train
Li3PO4-003599,Li3PO4,LiOP,32,train
Li3PO4-011138,Li3PO4,LiOP,31,train
Li3PO4-013752,Li3PO4,LiOP,61,train
Li3PO4-017809,Li3PO4,LiOP,61,train
ZrO2-004629,ZrO2,OZr,47,train
ZrO2-003251,ZrO2,OZr,95,train
ZrO2-008663,ZrO2,OZr,48,train
ZrO2-006969,ZrO2,OZr,95,train
ZrO2-000054,ZrO2,OZr,96,train
Li3PO4-009267,Li3PO4,LiOP,31,train
ZrO2-007656,ZrO2,OZr,95,train
ZrO2-008450,ZrO2,OZr,48,train
Li3PO4-004357,Li3PO4,LiOP,32,train
ZrO2-006053,ZrO2,OZr,95,train
Li3PO4-002721,Li3PO4,LiOP,32,train
Li3PO4-003570,Li3PO4,LiOP,32,train
Li3PO4-015483,Li3PO4,LiOP,61,train
Li3PO4-010366,Li3PO4,LiOP,31,train
Li3PO4-003593,Li3PO4,LiOP,32,train
Li3PO4-011177,Li3PO4,LiOP,31,train
Li3PO4-000620,Li3PO4,LiOP,32,train
Li3PO4-015904,Li3PO4,LiOP,61,train
ZrO2-009720,ZrO2,OZr,48,train
Li3PO4-012014,Li3PO4,LiOP,31,train
Li3PO4-016745,Li3PO4,LiOP,61,train
ZrO2-002274,ZrO2,OZr,95,train
ZrO2-007450,ZrO2,OZr,95,train
ZrO2-003998,ZrO2,OZr,47,train
ZrO2-001984,ZrO2,OZr,95,train
Li3PO4-003527,Li3PO4,LiOP,32,train
Li3PO4-011015,Li3PO4,LiOP,31,train
Li3PO4-003404,Li3PO4,LiOP,32,train
Li3PO4-001055,Li3PO4,LiOP,32,train
ZrO2-005095,ZrO2,OZr,47,train
Li3PO4-014887,Li3PO4,LiOP,61,train
ZrO2-003994,ZrO2,OZr,47,train
ZrO2-006404,ZrO2,OZr,95,train
Li3PO4-003219,Li3PO4,LiOP,32,train
Li3PO4-003274,Li3PO4,LiOP,32,train
ZrO2-006664,ZrO2,OZr,95,train
Li3PO4-012093,Li3PO4,LiOP,31,train
ZrO2-002634,ZrO2,OZr,95,train
ZrO2-002060,ZrO2,OZr,95,train
ZrO2-007869,ZrO2,OZr,95,train
Li3PO4-001558,Li3PO4,LiOP,32,train
Li3PO4-002305,Li3PO4,LiOP,32,train
ZrO2-004088,ZrO2,OZr,47,train
ZrO2-002217,ZrO2,OZr,95,train
ZrO2-008498,ZrO2,OZr,48,train
Li3PO4-017367,Li3PO4,LiOP,61,train
ZrO2-007978,ZrO2,OZr,95,train
Li3PO4-001048,Li3PO4,LiOP,32,train
Li3PO4-002081,Li3PO4,LiOP,32,train
ZrO2-008310,ZrO2,OZr,48,train
Li3PO4-015623,Li3PO4,LiOP,61,train
Li3PO4-001058,Li3PO4,LiOP,32,train
ZrO2-001490,ZrO2,OZr,96,train
Li3PO4-002548,Li3PO4,LiOP,32,train
ZrO2-008052,ZrO2,OZr,95,train
Li3PO4-007945,Li3PO4,LiOP,32,train
Li3PO4-008075,Li3PO4,LiOP,31,train
Li3PO4-012840,Li3PO4,LiOP,31,train
Li3PO4-005014,Li3PO4,LiOP,32,train
ZrO2-009073,ZrO2,OZr,48,train
Li3PO4-014942,Li3PO4,LiOP,61,train
Li3PO4-013580,Li3PO4,LiOP,61,train
Li3PO4-011469,Li3PO4,LiOP,31,train
Li3PO4-007065,Li3PO4,LiOP,32,train
perovskite-000516,perovskite,BaCaOSrTiZr,20,train
Li3PO4-011280,Li3PO4,LiOP,31,train
ZrO2-004001,ZrO2,OZr,47,train
Li3PO4-010744,Li3PO4,LiOP,31,train
ZrO2-006043,ZrO2,OZr,95,train
Li3PO4-002374,Li3PO4,LiOP,32,train
perovskite-001090,perovskite,BaCaHfOPbZr,20,train
Li3PO4-008830,Li3PO4,LiOP,31,train
Li3PO4-017829,Li3PO4,LiOP,61,train
Li3PO4-009691,Li3PO4,LiOP,31,train
Li3PO4-012413,Li3PO4,LiOP,31,train
ZrO2-005104,ZrO2,OZr,47,train
ZrO2-003814,ZrO2,OZr,47,train
ZrO2-008617,ZrO2,OZr,48,train
Li3PO4-001748,Li3PO4,LiOP,32,train
Li3PO4-002521,Li3PO4,LiOP,32,train
ZrO2-004487,ZrO2,OZr,47,train
Li3PO4-013059,Li3PO4,LiOP,61,train
Li3PO4-001216,Li3PO4,LiOP,32,train
Li3PO4-001049,Li3PO4,LiOP,32,train
Li3PO4-015542,Li3PO4,LiOP,61,train
ZrO2-002172,ZrO2,OZr,95,train
Li3PO4-004191,Li3PO4,LiOP,32,train
Li3PO4-002073,Li3PO4,LiOP,32,train
Li3PO4-000390,Li3PO4,LiOP,32,train
Li3PO4-001213,Li3PO4,LiOP,32,train
Li3PO4-010351,Li3PO4,LiOP,31,train
Li3PO4-001400,Li3PO4,LiOP,32,train
Li3PO4-003700,Li3PO4,LiOP,32,train
ZrO2-005606,ZrO2,OZr,95,train
Li3PO4-000264,Li3PO4,LiOP,32,train
ZrO2-006796,ZrO2,OZr,95,train
Li3PO4-017113,Li3PO4,LiOP,61,train
Li3PO4-006666,Li3PO4,LiOP,32,train
ZrO2-007058,ZrO2,OZr,95,train
ZrO2-003231,ZrO2,OZr,95,train
ZrO2-006484,ZrO2,OZr,95,train
Li3PO4-005730,Li3PO4,LiOP,32,train
Li3PO4-007148,Li3PO4,LiOP,32,train
ZrO2-008411,ZrO2,OZr,48,train
Li3PO4-000649,Li3PO4,LiOP,32,train
ZrO2-008343,ZrO2,OZr,48,train
perovskite-000423,perovskite,CaHfOPbSrTiZr,20,train
Li3PO4-011086,Li3PO4,LiOP,31,train
Li3PO4-001736,Li3PO4,LiOP,32,train
Li3PO4-014578,Li3PO4,LiOP,61,train
ZrO2-001317,ZrO2,OZr,96,train
Li3PO4-004241,Li3PO4,LiOP,32,train
Li3PO4-017519,Li3PO4,LiOP,61,train
Li3PO4-010699,Li3PO4,LiOP,31,train
ZrO2-008854,ZrO2,OZr,48,train
Li3PO4-006885,Li3PO4,LiOP,32,train
Li3PO4-005666,Li3PO4,LiOP,32,train
Li3PO4-014247,Li3PO4,LiOP,61,train
ZrO2-001643,ZrO2,OZr,96,train
Li3PO4-002413,Li3PO4,LiOP,32,train
Li3PO4-011609,Li3PO4,LiOP,31,train
Li3PO4-017797,Li3PO4,LiOP,61,train
Li3PO4-011266,Li3PO4,LiOP,31,train
Li3PO4-012366,Li3PO4,LiOP,31,train
Li3PO4-012747,Li3PO4,LiOP,31,train
Li3PO4-004886,Li3PO4,LiOP,32,train
ZrO2-000977,ZrO2,OZr,96,train
ZrO2-003678,ZrO2,OZr,47,train
Li3PO4-013788,Li3PO4,LiOP,61,train
Li3PO4-011084,Li3PO4,LiOP,31,train
ZrO2-007536,ZrO2,OZr,95,train
Li3PO4-000997,Li3PO4,LiOP,32,train
Li3PO4-001502,Li3PO4,LiOP,32,train
ZrO2-000486,ZrO2,OZr,96,train
Li3PO4-003075,Li3PO4,LiOP,32,train
ZrO2-009484,ZrO2,OZr,48,train
Li3PO4-009044,Li3PO4,LiOP,31,train
ZrO2-009101,ZrO2,OZr,48,train
ZrO2-004231,ZrO2,OZr,47,train
Li3PO4-010497,Li3PO4,LiOP,31,train
Li3PO4-004577,Li3PO4,LiOP,32,train
ZrO2-007595,ZrO2,OZr,95,train
Li3PO4-010081,Li3PO4,LiOP,31,train
Li3PO4-009555,Li3PO4,LiOP,31,train
Li3PO4-013883,Li3PO4,LiOP,61,train
Li3PO4-010230,Li3PO4,LiOP,31,train
Li3PO4-012583,Li3PO4,LiOP,31,train
ZrO2-008186,ZrO2,OZr,48,train
Li3PO4-010690,Li3PO4,LiOP,31,train
ZrO2-002869,ZrO2,OZr,95,train
Li3PO4-004799,Li3PO4,LiOP,32,train
Li3PO4-015007,Li3PO4,LiOP,61,train
ZrO2-005432,ZrO2,OZr,47,train
Li3PO4-007032,Li3PO4,LiOP,32,train
Li3PO4-003940,Li3PO4,LiOP,32,train
ZrO2-004547,ZrO2,OZr,47,train
Li3PO4-003817,Li3PO4,LiOP,32,train
Li3PO4-013447,Li3PO4,LiOP,61,train
Li3PO4-017613,Li3PO4,LiOP,61,train
Li3PO4-015764,Li3PO4,LiOP,61,train
ZrO2-000744,ZrO2,OZr,96,train
Li3PO4-014153,Li3PO4,LiOP,61,train
ZrO2-006278,ZrO2,OZr,95,train
ZrO2-003670,ZrO2,OZr,47,train
Li3PO4-007339,Li3PO4,LiOP,32,train
Li3PO4-002535,Li3PO4,LiOP,32,train
Li3PO4-007096,Li3PO4,LiOP,32,train
Li3PO4-011689,Li3PO4,LiOP,31,train
Li3PO4-004341,Li3PO4,LiOP,32,train
ZrO2-008625,ZrO2,OZr,48,train
Li3PO4-008522,Li3PO4,LiOP,31,train
ZrO2-008409,ZrO2,OZr,48,train
ZrO2-003626,ZrO2,OZr,47,train
Li3PO4-009917,Li3PO4,LiOP,31,train
Li3PO4-003610,Li3PO4,LiOP,32,train
Li3PO4-015110,Li3PO4,LiOP,61,train
ZrO2-008811,ZrO2,OZr,48,train
Li3PO4-004657,Li3PO4,LiOP,32,train
Li3PO4-001951,Li3PO4,LiOP,32,train
Li3PO4-002337,Li3PO4,LiOP,32,train
Li3PO4-015712,Li3PO4,LiOP,61,train
Li3PO4-002418,Li3PO4,LiOP,32,train
ZrO2-004299,ZrO2,OZr,47,train
Li3PO4-009019,Li3PO4,LiOP,31,train
Li3PO4-012644,Li3PO4,LiOP,31,train
ZrO2-006069,ZrO2,OZr,95,train
ZrO2-008340,ZrO2,OZr,48,train
Li3PO4-015776,Li3PO4,LiOP,61,train
Li3PO4-008941,Li3PO4,LiOP,31,train
Li3PO4-014301,Li3PO4,LiOP,61,train
Li3PO4-005412,Li3PO4,LiOP,32,train
Li3PO4-013134,Li3PO4,LiOP,61,train
perovskite-000738,perovskite,CaHfOPbTi,20,train
Li3PO4-007611,Li3PO4,LiOP,32,train
Li3PO4-011190,Li3PO4,LiOP,31,train
Li3PO4-000939,Li3PO4,LiOP,32,train
ZrO2-005644,ZrO2,OZr,95,train
ZrO2-001169,ZrO2,OZr,96,train
Li3PO4-015260,Li3PO4,LiOP,61,train
Li3PO4-009309,Li3PO4,LiOP,31,train
Li3PO4-015507,Li3PO4,LiOP,61,train
ZrO2-003691,ZrO2,OZr,47,train
Li3PO4-000404,Li3PO4,LiOP,32,train
Li3PO4-003481,Li3PO4,LiOP,32,train
Li3PO4-001259,Li3PO4,LiOP,32,train
Li3PO4-016287,Li3PO4,LiOP,61,train
ZrO2-004430,ZrO2,OZr,47,train
Li3PO4-003675,Li3PO4,LiOP,32,train
ZrO2-002039,ZrO2,OZr,95,train
ZrO2-009355,ZrO2,OZr,48,train
ZrO2-009827,ZrO2,OZr,48,train
Li3PO4-002500,Li3PO4,LiOP,32,train
Li3PO4-001192,Li3PO4,LiOP,32,train
Li3PO4-002640,Li3PO4,LiOP,32,train
ZrO2-007270,ZrO2,OZr,95,train
Li3PO4-012925,Li3PO4,LiOP,31,train
Li3PO4-012563,Li3PO4,LiOP,31,train
ZrO2-000613,ZrO2,OZr,96,train
ZrO2-008944,ZrO2,OZr,48,train
Li3PO4-008716,Li3PO4,LiOP,31,train
ZrO2-003245,ZrO2,OZr,95,train
Li3PO4-015672,Li3PO4,LiOP,61,train
Li3PO4-012257,Li3PO4,LiOP,31,train
Li3PO4-007377,Li3PO4,LiOP,32,train
Li3PO4-014949,Li3PO4,LiOP,61,train
ZrO2-001062,ZrO2,OZr,96,train
Li3PO4-001333,Li3PO4,LiOP,32,train
ZrO2-002286,ZrO2,OZr,95,train
Li3PO4-005139,Li3PO4,LiOP,32,train
ZrO2-007784,ZrO2,OZr,95,train
ZrO2-001118,ZrO2,OZr,96,train
ZrO2-002474,ZrO2,OZr,95,train
ZrO2-002294,ZrO2,OZr,95,train
ZrO2-006805,ZrO2,OZr,95,train
Li3PO4-012341,Li3PO4,LiOP,31,train
ZrO2-007705,ZrO2,OZr,95,train
Li3PO4-006553,Li3PO4,LiOP,32,train
Li3PO4-016520,Li3PO4,LiOP,61,train
Li3PO4-008203,Li3PO4,LiOP,31,train
Li3PO4-010997,Li3PO4,LiOP,31,train
Li3PO4-005230,Li3PO4,LiOP,32,train
Li3PO4-010471,Li3PO4,LiOP,31,train
Li3PO4-002907,Li3PO4,LiOP,32,train
Li3PO4-014129,Li3PO4,LiOP,61,train
ZrO2-003608,ZrO2,OZr,47,train
Li3PO4-005174,Li3PO4,LiOP,32,train
ZrO2-000989,ZrO2,OZr,96,train
Li3PO4-017539,Li3PO4,LiOP,61,train
Li3PO4-004562,Li3PO4,LiOP,32,train
perovskite-000217,perovskite,HfOSr,20,train
ZrO2-005823,ZrO2,OZr,95,train
Li3PO4-013136,Li3PO4,LiOP,61,train
Li3PO4-000903,Li3PO4,LiOP,32,train
perovskite-000733,perovskite,CaOPbTiZr,20,train
Li3PO4-001759,Li3PO4,LiOP,32,train
Li3PO4-001661,Li3PO4,LiOP,32,train
ZrO2-002186,ZrO2,OZr,95,train
ZrO2-004845,ZrO2,OZr,47,train
Li3PO4-008916,Li3PO4,LiOP,31,train
Li3PO4-002462,Li3PO4,LiOP,32,train
ZrO2-009142,ZrO2,OZr,48,train
ZrO2-003417,ZrO2,OZr,95,train
ZrO2-003753,ZrO2,OZr,47,train
ZrO2-007095,ZrO2,OZr,95,train
Li3PO4-010957,Li3PO4,LiOP,31,train
Li3PO4-010794,Li3PO4,LiOP,31,train
Li3PO4-002859,Li3PO4,LiOP,32,train
Li3PO4-010723,Li3PO4,LiOP,31,train
ZrO2-003356,ZrO2,OZr,95,train
ZrO2-009146,ZrO2,OZr,48,train
Li3PO4-009400,Li3PO4,LiOP,31,train
Li3PO4-002106,Li3PO4,LiOP,32,train
ZrO2-000374,ZrO2,OZr,96,train
Li3PO4-002202,Li3PO4,LiOP,32,train
ZrO2-003653,ZrO2,OZr,47,train
Li3PO4-001291,Li3PO4,LiOP,32,train
Li3PO4-011241,Li3PO4,LiOP,31,train
Li3PO4-014363,Li3PO4,LiOP,61,train
Li3PO4-017493,Li3PO4,LiOP,61,train
ZrO2-009154,ZrO2,OZr,48,train
Li3PO4-015268,Li3PO4,LiOP,61,train
Li3PO4-000106,Li3PO4,LiOP,32,train
Li3PO4-008836,Li3PO4,LiOP,31,train
Li3PO4-013041,Li3PO4,LiOP,61,train
Li3PO4-010641,Li3PO4,LiOP,31,train
Li3PO4-010459,Li3PO4,LiOP,31,train
ZrO2-007862,ZrO2,OZr,95,train
Li3PO4-002277,Li3PO4,LiOP,32,train
Li3PO4-009543,Li3PO4,LiOP,31,train
Li3PO4-010657,Li3PO4,LiOP,31,train
Li3PO4-013567,Li3PO4,LiOP,61,train
ZrO2-005307,ZrO2,OZr,47,train
Li3PO4-016393,Li3PO4,LiOP,61,train
Li3PO4-012238,Li3PO4,LiOP,31,train
Li3PO4-006364,Li3PO4,LiOP,32,train
Li3PO4-007602,Li3PO4,LiOP,32,train
Li3PO4-011555,Li3PO4,LiOP,31,train
Li3PO4-000277,Li3PO4,LiOP,32,train
perovskite-001092,perovskite,BaCaHfOPbTiZr,20,train
Li3PO4-005959,Li3PO4,LiOP,32,train
Li3PO4-001439,Li3PO4,LiOP,32,train
Li3PO4-013112,Li3PO4,LiOP,61,train
Li3PO4-012895,Li3PO4,LiOP,31,train
perovskite-000428,perovskite,CaHfOPbSrTiZr,20,train
Li3PO4-016077,Li3PO4,LiOP,61,train
Li3PO4-015224,Li3PO4,LiOP,61,train
Li3PO4-011886,Li3PO4,LiOP,31,train
Li3PO4-003960,Li3PO4,LiOP,32,train
Li3PO4-015819,Li3PO4,LiOP,61,train
Li3PO4-005170,Li3PO4,LiOP,32,train
Li3PO4-000784,Li3PO4,LiOP,32,train
Li3PO4-016529,Li3PO4,LiOP,61,train
ZrO2-007434,ZrO2,OZr,95,train
ZrO2-003123,ZrO2,OZr,95,train
ZrO2-001159,ZrO2,OZr,96,train
Li3PO4-010859,Li3PO4,LiOP,31,train
ZrO2-005839,ZrO2,OZr,95,train
Li3PO4-015128,Li3PO4,LiOP,61,train
Li3PO4-009132,Li3PO4,LiOP,31,train
Li3PO4-000745,Li3PO4,LiOP,32,train
Li3PO4-004792,Li3PO4,LiOP,32,train
Li3PO4-006637,Li3PO4,LiOP,32,train
ZrO2-008753,ZrO2,OZr,48,train
ZrO2-002891,ZrO2,OZr,95,train
Li3PO4-003564,Li3PO4,LiOP,32,train
Li3PO4-008976,Li3PO4,LiOP,31,train
ZrO2-000153,ZrO2,OZr,96,train
Li3PO4-006789,Li3PO4,LiOP,32,train
Li3PO4-003534,Li3PO4,LiOP,32,train
Li3PO4-007474,Li3PO4,LiOP,32,train
ZrO2-000106,ZrO2,OZr,96,train
ZrO2-003874,ZrO2,OZr,47,train
Li3PO4-011779,Li3PO4,LiOP,31,train
Li3PO4-008593,Li3PO4,LiOP,31,train
ZrO2-007666,ZrO2,OZr,95,train
ZrO2-000810,ZrO2,OZr,96,train
Li3PO4-008453,Li3PO4,LiOP,31,train
Li3PO4-007910,Li3PO4,LiOP,32,train
ZrO2-001494,ZrO2,OZr,96,train
ZrO2-003461,ZrO2,OZr,95,train
Li3PO4-009832,Li3PO4,LiOP,31,train
ZrO2-008851,ZrO2,OZr,48,train
Li3PO4-009635,Li3PO4,LiOP,31,train
Li3PO4-011498,Li3PO4,LiOP,31,train
Li3PO4-012392,Li3PO4,LiOP,31,train
Li3PO4-001035,Li3PO4,LiOP,32,train
ZrO2-007610,ZrO2,OZr,95,train
Li3PO4-003243,Li3PO4,LiOP,32,train
Li3PO4-016053,Li3PO4,LiOP,61,train
ZrO2-001340,ZrO2,OZr,96,train
Li3PO4-000950,Li3PO4,LiOP,32,train
Li3PO4-002407,Li3PO4,LiOP,32,train
Li3PO4-015985,Li3PO4,LiOP,61,train
ZrO2-003237,ZrO2,OZr,95,train
Li3PO4-001573,Li3PO4,LiOP,32,train
perovskite-000742,perovskite,CaHfOPbTi,20,train
ZrO2-009127,ZrO2,OZr,48,train
Li3PO4-016537,Li3PO4,LiOP,61,train
ZrO2-007242,ZrO2,OZr,95,train
ZrO2-003520,ZrO2,OZr,95,train
ZrO2-003247,ZrO2,OZr,95,train
ZrO2-001543,ZrO2,OZr,96,train
Li3PO4-012764,Li3PO4,LiOP,31,train
Li3PO4-005781,Li3PO4,LiOP,32,train
Li3PO4-012709,Li3PO4,LiOP,31,train
Li3PO4-012567,Li3PO4,LiOP,31,train
ZrO2-001378,ZrO2,OZr,96,train
Li3PO4-016726,Li3PO4,LiOP,61,train
ZrO2-005176,ZrO2,OZr,47,train
Li3PO4-009529,Li3PO4,LiOP,31,train
Li3PO4-007345,Li3PO4,LiOP,32,train
ZrO2-000580,ZrO2,OZr,96,train
perovskite-000550,perovskite,BaCaOTiZr,20,train
ZrO2-001393,ZrO2,OZr,96,train
ZrO2-005171,ZrO2,OZr,47,train
ZrO2-009036,ZrO2,OZr,48,train
Li3PO4-017289,Li3PO4,LiOP,61,train
Li3PO4-007346,Li3PO4,LiOP,32,train
Li3PO4-012379,Li3PO4,LiOP,31,train
ZrO2-001749,ZrO2,OZr,96,train
ZrO2-003824,ZrO2,OZr,47,train
Li3PO4-005792,Li3PO4,LiOP,32,train
Li3PO4-005492,Li3PO4,LiOP,32,train
Li3PO4-010454,Li3PO4,LiOP,31,train
Li3PO4-015658,Li3PO4,LiOP,61,train
ZrO2-005409,ZrO2,OZr,47,train
ZrO2-004337,ZrO2,OZr,47,train
Li3PO4-005595,Li3PO4,LiOP,32,train
ZrO2-006102,ZrO2,OZr,95,train
ZrO2-009926,ZrO2,OZr,48,train
Li3PO4-012188,Li3PO4,LiOP,31,train
ZrO2-003079,ZrO2,OZr,95,train
Li3PO4-001499,Li3PO4,LiOP,32,train
ZrO2-003028,ZrO2,OZr,95,train
Li3PO4-015140,Li3PO4,LiOP,61,train
perovskite-000499,perovskite,CaHfOSrTiZr,20,train
perovskite-001118,perovskite,BaCaHfOPbSrTiZr,20,train
Li3PO4-013263,Li3PO4,LiOP,61,train
ZrO2-002511,ZrO2,OZr,95,train
ZrO2-006799,ZrO2,OZr,95,train
Li3PO4-015264,Li3PO4,LiOP,61,train
Li3PO4-017501,Li3PO4,LiOP,61,train
ZrO2-002620,ZrO2,OZr,95,train
perovskite-000006,perovskite,BaCaOPbZr,20,train
ZrO2-006570,ZrO2,OZr,95,train
perovskite-000096,perovskite,BaCaOPbSrTi,20,train
Li3PO4-013425,Li3PO4,LiOP,61,train
Li3PO4-004728,Li3PO4,LiOP,32,train
ZrO2-000203,ZrO2,OZr,96,train
Li3PO4-015997,Li3PO4,LiOP,61,train
ZrO2-001632,ZrO2,OZr,96,train
ZrO2-008401,ZrO2,OZr,48,train
Li3PO4-014681,Li3PO4,LiOP,61,train
Li3PO4-008464,Li3PO4,LiOP,31,train
ZrO2-000364,ZrO2,OZr,96,train
ZrO2-000022,ZrO2,OZr,96,train
Li3PO4-000305,Li3PO4,LiOP,32,train
ZrO2-000699,ZrO2,OZr,96,train
Li3PO4-016264,Li3PO4,LiOP,61,train
Li3PO4-002397,Li3PO4,LiOP,32,train
Li3PO4-013019,Li3PO4,LiOP,61,train
ZrO2-006562,ZrO2,OZr,95,train
ZrO2-006816,ZrO2,OZr,95,train
Li3PO4-009586,Li3PO4,LiOP,31,train
ZrO2-000003,ZrO2,OZr,96,train
Li3PO4-009565,Li3PO4,LiOP,31,train
ZrO2-001308,ZrO2,OZr,96,train
Li3PO4-011149,Li3PO4,LiOP,31,train
Li3PO4-010214,Li3PO4,LiOP,31,train
Li3PO4-011774,Li3PO4,LiOP,31,train
ZrO2-001821,ZrO2,OZr,96,train
Li3PO4-012468,Li3PO4,LiOP,31,train
perovskite-000462,perovskite,BaCaHfOPbTi,20,train
Li3PO4-011853,Li3PO4,LiOP,31,train
Li3PO4-008581,Li3PO4,LiOP,31,train
Li3PO4-002781,Li3PO4,LiOP,32,train
Li3PO4-017472,Li3PO4,LiOP,61,train
ZrO2-001948,ZrO2,OZr,96,train
ZrO2-009400,ZrO2,OZr,48,train
ZrO2-006094,ZrO2,OZr,95,train
ZrO2-005885,ZrO2,OZr,95,train
Li3PO4-007743,Li3PO4,LiOP,32,train
Li3PO4-016980,Li3PO4,LiOP,61,train
ZrO2-009045,ZrO2,OZr,48,train
Li3PO4-008988,Li3PO4,LiOP,31,train
ZrO2-005611,ZrO2,OZr,95,train
Li3PO4-000765,Li3PO4,LiOP,32,train
ZrO2-004229,ZrO2,OZr,47,train
Li3PO4-004719,Li3PO4,LiOP,32,train
Li3PO4-006879,Li3PO4,LiOP,32,train
Li3PO4-003692,Li3PO4,LiOP,32,train
ZrO2-006124,ZrO2,OZr,95,train
Li3PO4-007285,Li3PO4,LiOP,32,train
Li3PO4-017581,Li3PO4,LiOP,61,train
Li3PO4-000733,Li3PO4,LiOP,32,train
Li3PO4-000503,Li3PO4,LiOP,32,train
ZrO2-001240,ZrO2,OZr,96,train
ZrO2-003933,ZrO2,OZr,47,train
ZrO2-005487,ZrO2,OZr,47,train
Li3PO4-002854,Li3PO4,LiOP,32,train
ZrO2-006604,ZrO2,OZr,95,train
Li3PO4-014841,Li3PO4,LiOP,61,train
perovskite-000579,perovskite,CaHfOPbTi,20,train
Li3PO4-001309,Li3PO4,LiOP,32,train
Li3PO4-014677,Li3PO4,LiOP,61,train
ZrO2-008555,ZrO2,OZr,48,train
Li3PO4-015970,Li3PO4,LiOP,61,train
Li3PO4-007936,Li3PO4,LiOP,32,train
Li3PO4-017442,Li3PO4,LiOP,61,train
ZrO2-000312,ZrO2,OZr,96,train
Li3PO4-004805,Li3PO4,LiOP,32,train
Li3PO4-001301,Li3PO4,LiOP,32,train
Li3PO4-002046,Li3PO4,LiOP,32,train
Li3PO4-014447,Li3PO4,LiOP,61,train
ZrO2-002368,ZrO2,OZr,95,train
ZrO2-006674,ZrO2,OZr,95,train
Li3PO4-005906,Li3PO4,LiOP,32,train
Li3PO4-001916,Li3PO4,LiOP,32,train
ZrO2-000331,ZrO2,OZr,96,train
Li3PO4-003627,Li3PO4,LiOP,32,train
Li3PO4-006935,Li3PO4,LiOP,32,train
Li3PO4-010083,Li3PO4,LiOP,31,train
ZrO2-004447,ZrO2,OZr,47,train
Li3PO4-000814,Li3PO4,LiOP,32,train
Li3PO4-010392,Li3PO4,LiOP,31,train
Li3PO4-001771,Li3PO4,LiOP,32,train
perovskite-001087,perovskite,BaCaHfOPbZr,20,train
ZrO2-009836,ZrO2,OZr,48,train
Li3PO4-015386,Li3PO4,LiOP,61,train
Li3PO4-005940,Li3PO4,LiOP,32,train
Li3PO4-000724,Li3PO4,LiOP,32,train
Li3PO4-002247,Li3PO4,LiOP,32,train
Li3PO4-015699,Li3PO4,LiOP,61,train
Li3PO4-009172,Li3PO4,LiOP,31,train
Li3PO4-012593,Li3PO4,LiOP,31,train
Li3PO4-003951,Li3PO4,LiOP,32,train
Li3PO4-014329,Li3PO4,LiOP,61,train
perovskite-000345,perovskite,BaCaHfOTiZr,20,train
Li3PO4-014989,Li3PO4,LiOP,61,train
Li3PO4-011936,Li3PO4,LiOP,31,train
perovskite-000762,perovskite,CaHfOPbZr,20,train
ZrO2-001750,ZrO2,OZr,96,train
perovskite-000644,perovskite,CaHfOPbSrTiZr,20,train
Li3PO4-004181,Li3PO4,LiOP,32,train
ZrO2-000188,ZrO2,OZr,96,train
Li3PO4-004140,Li3PO4,LiOP,32,train
ZrO2-001736,ZrO2,OZr,96,train
ZrO2-001634,ZrO2,OZr,96,train
ZrO2-004158,ZrO2,OZr,47,train
Li3PO4-003448,Li3PO4,LiOP,32,train
ZrO2-006448,ZrO2,OZr,95,train
Li3PO4-009353,Li3PO4,LiOP,31,train
ZrO2-005017,ZrO2,OZr,47,train
Li3PO4-004585,Li3PO4,LiOP,32,train
Li3PO4-012816,Li3PO4,LiOP,31,train
Li3PO4-008672,Li3PO4,LiOP,31,train
Li3PO4-014784,Li3PO4,LiOP,61,train
Li3PO4-002680,Li3PO4,LiOP,32,train
Li3PO4-010121,Li3PO4,LiOP,31,train
Li3PO4-007855,Li3PO4,LiOP,32,train
Li3PO4-009894,Li3PO4,LiOP,31,train
ZrO2-001273,ZrO2,OZr,96,train
ZrO2-002924,ZrO2,OZr,95,train
ZrO2-001573,ZrO2,OZr,96,train
Li3PO4-011825,Li3PO4,LiOP,31,train
ZrO2-009088,ZrO2,OZr,48,train
Li3PO4-010885,Li3PO4,LiOP,31,train
ZrO2-009588,ZrO2,OZr,48,train
Li3PO4-016436,Li3PO4,LiOP,61,train
Li3PO4-011979,Li3PO4,LiOP,31,train
perovskite-000963,perovskite,CaHfOPbSrZr,20,train
ZrO2-002582,ZrO2,OZr,95,train
ZrO2-002932,ZrO2,OZr,95,train
Li3PO4-014902,Li3PO4,LiOP,61,train
Li3PO4-016707,Li3PO4,LiOP,61,train
ZrO2-004580,ZrO2,OZr,47,train
ZrO2-003829,ZrO2,OZr,47,train
Li3PO4-009237,Li3PO4,LiOP,31,train
Li3PO4-006308,Li3PO4,LiOP,32,train
ZrO2-006171,ZrO2,OZr,95,train
Li3PO4-001644,Li3PO4,LiOP,32,train
Li3PO4-007408,Li3PO4,LiOP,32,train
Li3PO4-013905,Li3PO4,LiOP,61,train
Li3PO4-006052,Li3PO4,LiOP,32,train
ZrO2-009828,ZrO2,OZr,48,train
ZrO2-007646,ZrO2,OZr,95,train
Li3PO4-010902,Li3PO4,LiOP,31,train
Li3PO4-007684,Li3PO4,LiOP,32,train
Li3PO4-005810,Li3PO4,LiOP,32,train
ZrO2-009452,ZrO2,OZr,48,train
Li3PO4-013313,Li3PO4,LiOP,61,train
ZrO2-002473,ZrO2,OZr,95,train
perovskite-000397,perovskite,CaHfOPbZr,20,train
Li3PO4-008149,Li3PO4,LiOP,31,train
Li3PO4-017577,Li3PO4,LiOP,61,train
Li3PO4-009546,Li3PO4,LiOP,31,train
Li3PO4-013555,Li3PO4,LiOP,61,train
Li3PO4-012691,Li3PO4,LiOP,31,train
Li3PO4-009418,Li3PO4,LiOP,31,train
ZrO2-007235,ZrO2,OZr,95,train
Li3PO4-001226,Li3PO4,LiOP,32,train
Li3PO4-009974,Li3PO4,LiOP,31,train
Li3PO4-016175,Li3PO4,LiOP,61,train
ZrO2-001316,ZrO2,OZr,96,train
ZrO2-009005,ZrO2,OZr,48,train
Li3PO4-014364,Li3PO4,LiOP,61,train
Li3PO4-013476,Li3PO4,LiOP,61,train
Li3PO4-008717,Li3PO4,LiOP,31,train
ZrO2-000591,ZrO2,OZr,96,train
Li3PO4-015989,Li3PO4,LiOP,61,train
Li3PO4-014160,Li3PO4,LiOP,61,train
ZrO2-007961,ZrO2,OZr,95,train
Li3PO4-007361,Li3PO4,LiOP,32,train
Li3PO4-008510,Li3PO4,LiOP,31,train
ZrO2-006343,ZrO2,OZr,95,train
ZrO2-002901,ZrO2,OZr,95,train
perovskite-000821,perovskite,BaCaHfOPbTiZr,20,train
Li3PO4-008358,Li3PO4,LiOP,31,train
Li3PO4-012333,Li3PO4,LiOP,31,train
perovskite-000092,perovskite,BaCaOPbTi,20,train
Li3PO4-014611,Li3PO4,LiOP,61,train
Li3PO4-010307,Li3PO4,LiOP,31,train
ZrO2-004254,ZrO2,OZr,47,train
Li3PO4-004575,Li3PO4,LiOP,32,train
Li3PO4-013226,Li3PO4,LiOP,61,train
ZrO2-000436,ZrO2,OZr,96,train
Li3PO4-015295,Li3PO4,LiOP,61,train
ZrO2-007505,ZrO2,OZr,95,train
Li3PO4-013859,Li3PO4,LiOP,61,train
ZrO2-006762,ZrO2,OZr,95,train
Li3PO4-016417,Li3PO4,LiOP,61,train
Li3PO4-014571,Li3PO4,LiOP,61,train
Li3PO4-001352,Li3PO4,LiOP,32,train
ZrO2-009497,ZrO2,OZr,48,train
Li3PO4-015061,Li3PO4,LiOP,61,train
Li3PO4-007853,Li3PO4,LiOP,32,train
Li3PO4-008940,Li3PO4,LiOP,31,train
Li3PO4-001079,Li3PO4,LiOP,32,train
ZrO2-003514,ZrO2,OZr,95,train
Li3PO4-008476,Li3PO4,LiOP,31,train
Li3PO4-005865,Li3PO4,LiOP,32,train
ZrO2-010014,ZrO2,OZr,48,train
Li3PO4-008946,Li3PO4,LiOP,31,train
Li3PO4-017780,Li3PO4,LiOP,61,train
Li3PO4-010516,Li3PO4,LiOP,31,train
Li3PO4-009072,Li3PO4,LiOP,31,train
Li3PO4-016307,Li3PO4,LiOP,61,train
ZrO2-003167,ZrO2,OZr,95,train
Li3PO4-011442,Li3PO4,LiOP,31,train
Li3PO4-013878,Li3PO4,LiOP,61,train
ZrO2-003181,ZrO2,OZr,95,train
Li3PO4-005437,Li3PO4,LiOP,32,train
Li3PO4-008111,Li3PO4,LiOP,31,train
Li3PO4-015910,Li3PO4,LiOP,61,train
Li3PO4-006671,Li3PO4,LiOP,32,train
ZrO2-009285,ZrO2,OZr,48,train
perovskite-000351,perovskite,BaCaHfOTiZr,20,train
Li3PO4-002234,Li3PO4,LiOP,32,train
Li3PO4-005012,Li3PO4,LiOP,32,train
ZrO2-008098,ZrO2,OZr,95,train
Li3PO4-010848,Li3PO4,LiOP,31,train
ZrO2-006243,ZrO2,OZr,95,train
ZrO2-004416,ZrO2,OZr,47,train
ZrO2-007910,ZrO2,OZr,95,train
Li3PO4-003656,Li3PO4,LiOP,32,train
Li3PO4-016665,Li3PO4,LiOP,61,train
Li3PO4-014683,Li3PO4,LiOP,61,train
ZrO2-009215,ZrO2,OZr,48,train
Li3PO4-015663,Li3PO4,LiOP,61,train
Li3PO4-010053,Li3PO4,LiOP,31,train
Li3PO4-001646,Li3PO4,LiOP,32,train
ZrO2-009197,ZrO2,OZr,48,train
ZrO2-008773,ZrO2,OZr,48,train
Li3PO4-008533,Li3PO4,LiOP,31,train
Li3PO4-007174,Li3PO4,LiOP,32,train
ZrO2-006461,ZrO2,OZr,95,train
Li3PO4-005984,Li3PO4,LiOP,32,train
Li3PO4-010554,Li3PO4,LiOP,31,train
Li3PO4-008285,Li3PO4,LiOP,31,train
Li3PO4-005052,Li3PO4,LiOP,32,train
Li3PO4-012252,Li3PO4,LiOP,31,train
ZrO2-009003,ZrO2,OZr,48,train
Li3PO4-003583,Li3PO4,LiOP,32,train
Li3PO4-014423,Li3PO4,LiOP,61,train
Li3PO4-014384,Li3PO4,LiOP,61,train
ZrO2-007733,ZrO2,OZr,95,train
Li3PO4-002509,Li3PO4,LiOP,32,train
Li3PO4-007405,Li3PO4,LiOP,32,train
ZrO2-004910,ZrO2,OZr,47,train
ZrO2-003959,ZrO2,OZr,47,train
Li3PO4-008920,Li3PO4,LiOP,31,train
Li3PO4-001510,Li3PO4,LiOP,32,train
ZrO2-006781,ZrO2,OZr,95,train
Li3PO4-001414,Li3PO4,LiOP,32,train
Li3PO4-006383,Li3PO4,LiOP,32,train
ZrO2-006497,ZrO2,OZr,95,train
Li3PO4-006977,Li3PO4,LiOP,32,train
Li3PO4-001483,Li3PO4,LiOP,32,train
ZrO2-006215,ZrO2,OZr,95,train
Li3PO4-003187,Li3PO4,LiOP,32,train
Li3PO4-001390,Li3PO4,LiOP,32,train
ZrO2-002466,ZrO2,OZr,95,train
Li3PO4-014338,Li3PO4,LiOP,61,train
Li3PO4-012711,Li3PO4,LiOP,31,train
Li3PO4-014538,Li3PO4,LiOP,61,train
ZrO2-008022,ZrO2,OZr,95,train
Li3PO4-015011,Li3PO4,LiOP,61,train
Li3PO4-017824,Li3PO4,LiOP,61,train
ZrO2-006616,ZrO2,OZr,95,train
Li3PO4-005512,Li3PO4,LiOP,32,train
Li3PO4-013663,Li3PO4,LiOP,61,train
Li3PO4-003051,Li3PO4,LiOP,32,train
Li3PO4-016608,Li3PO4,LiOP,61,train
ZrO2-002996,ZrO2,OZr,95,train
Li3PO4-001864,Li3PO4,LiOP,32,train
Li3PO4-017156,Li3PO4,LiOP,61,train
Li3PO4-013931,Li3PO4,LiOP,61,train
ZrO2-010051,ZrO2,OZr,48,train
Li3PO4-012602,Li3PO4,LiOP,31,train
Li3PO4-013343,Li3PO4,LiOP,61,train
Li3PO4-000069,Li3PO4,LiOP,32,train
ZrO2-000514,ZrO2,OZr,96,train
ZrO2-009757,ZrO2,OZr,48,train
ZrO2-004433,ZrO2,OZr,47,train
ZrO2-006253,ZrO2,OZr,95,train
Li3PO4-000139,Li3PO4,LiOP,32,train
ZrO2-009518,ZrO2,OZr,48,train
Li3PO4-011720,Li3PO4,LiOP,31,train
Li3PO4-014786,Li3PO4,LiOP,61,train
Li3PO4-006927,Li3PO4,LiOP,32,train
Li3PO4-000347,Li3PO4,LiOP,32,train
ZrO2-007410,ZrO2,OZr,95,train
Li3PO4-017249,Li3PO4,LiOP,61,train
Li3PO4-006411,Li3PO4,LiOP,32,train
ZrO2-005239,ZrO2,OZr,47,train
ZrO2-002371,ZrO2,OZr,95,train
ZrO2-000819,ZrO2,OZr,96,train
ZrO2-003443,ZrO2,OZr,95,train
ZrO2-003589,ZrO2,OZr,47,train
Li3PO4-017815,Li3PO4,LiOP,61,train
Li3PO4-017978,Li3PO4,LiOP,61,train
Li3PO4-009104,Li3PO4,LiOP,31,train
ZrO2-004538,ZrO2,OZr,47,train
Li3PO4-014592,Li3PO4,LiOP,61,train
ZrO2-004729,ZrO2,OZr,47,train
Li3PO4-013517,Li3PO4,LiOP,61,train
ZrO2-001719,ZrO2,OZr,96,train
Li3PO4-000705,Li3PO4,LiOP,32,train
Li3PO4-005180,Li3PO4,LiOP,32,train
ZrO2-005110,ZrO2,OZr,47,train
ZrO2-004058,ZrO2,OZr,47,train
Li3PO4-000168,Li3PO4,LiOP,32,train
Li3PO4-009223,Li3PO4,LiOP,31,train
Li3PO4-014853,Li3PO4,LiOP,61,train
ZrO2-009032,ZrO2,OZr,48,train
ZrO2-007591,ZrO2,OZr,95,train
ZrO2-002556,ZrO2,OZr,95,train
perovskite-000034,perovskite,BaCaOSrZr,20,train
Li3PO4-016234,Li3PO4,LiOP,61,train
ZrO2-003570,ZrO2,OZr,47,train
ZrO2-009595,ZrO2,OZr,48,train
Li3PO4-000836,Li3PO4,LiOP,32,train
ZrO2-001823,ZrO2,OZr,96,train
Li3PO4-009464,Li3PO4,LiOP,31,train
perovskite-000447,perovskite,BaCaHfOPbTi,20,train
Li3PO4-007234,Li3PO4,LiOP,32,train
ZrO2-009123,ZrO2,OZr,48,train
Li3PO4-008322,Li3PO4,LiOP,31,train
ZrO2-004225,ZrO2,OZr,47,train
Li3PO4-004100,Li3PO4,LiOP,32,train
Li3PO4-004290,Li3PO4,LiOP,32,train
ZrO2-001417,ZrO2,OZr,96,train
ZrO2-008814,ZrO2,OZr,48,train
Li3PO4-007784,Li3PO4,LiOP,32,train
ZrO2-002044,ZrO2,OZr,95,train
Li3PO4-004313,Li3PO4,LiOP,32,train
Li3PO4-017187,Li3PO4,LiOP,61,train
Li3PO4-003618,Li3PO4,LiOP,32,train
ZrO2-005216,ZrO2,OZr,47,train
Li3PO4-008454,Li3PO4,LiOP,31,train
Li3PO4-002914,Li3PO4,LiOP,32,train
Li3PO4-014675,Li3PO4,LiOP,61,train
Li3PO4-017199,Li3PO4,LiOP,61,train
Li3PO4-003439,Li3PO4,LiOP,32,train
ZrO2-005254,ZrO2,OZr,47,train
Li3PO4-005777,Li3PO4,LiOP,32,train
ZrO2-003745,ZrO2,OZr,47,train
ZrO2-003992,ZrO2,OZr,47,train
ZrO2-009486,ZrO2,OZr,48,train
Li3PO4-014729,Li3PO4,LiOP,61,train
ZrO2-003482,ZrO2,OZr,95,train
ZrO2-000460,ZrO2,OZr,96,train
ZrO2-002941,ZrO2,OZr,95,train
perovskite-000273,perovskite,CaHfOPbTiZr,20,train
Li3PO4-016227,Li3PO4,LiOP,61,train
Li3PO4-001198,Li3PO4,LiOP,32,train
Li3PO4-014345,Li3PO4,LiOP,61,train
Li3PO4-007534,Li3PO4,LiOP,32,train
Li3PO4-003028,Li3PO4,LiOP,32,train
Li3PO4-011867,Li3PO4,LiOP,31,train
Li3PO4-013507,Li3PO4,LiOP,61,train
Li3PO4-007865,Li3PO4,LiOP,32,train
ZrO2-009129,ZrO2,OZr,48,train
Li3PO4-017055,Li3PO4,LiOP,61,train
ZrO2-005396,ZrO2,OZr,47,train
Li3PO4-011641,Li3PO4,LiOP,31,train
Li3PO4-011430,Li3PO4,LiOP,31,train
Li3PO4-015545,Li3PO4,LiOP,61,train
ZrO2-006740,ZrO2,OZr,95,train
Li3PO4-009494,Li3PO4,LiOP,31,train
Li3PO4-015492,Li3PO4,LiOP,61,train
Li3PO4-001484,Li3PO4,LiOP,32,train
Li3PO4-003579,Li3PO4,LiOP,32,train
Li3PO4-016956,Li3PO4,LiOP,61,train
ZrO2-009295,ZrO2,OZr,48,train
Li3PO4-009987,Li3PO4,LiOP,31,train
Li3PO4-011635,Li3PO4,LiOP,31,train
Li3PO4-005338,Li3PO4,LiOP,32,train
Li3PO4-016252,Li3PO4,LiOP,61,train
ZrO2-009695,ZrO2,OZr,48,train
Li3PO4-004596,Li3PO4,LiOP,32,train
Li3PO4-000301,Li3PO4,LiOP,32,train
Li3PO4-016081,Li3PO4,LiOP,61,train
ZrO2-007941,ZrO2,OZr,95,train
Li3PO4-013478,Li3PO4,LiOP,61,train
Li3PO4-013569,Li3PO4,LiOP,61,train
Li3PO4-007577,Li3PO4,LiOP,32,train
ZrO2-000164,ZrO2,OZr,96,train
Li3PO4-004098,Li3PO4,LiOP,32,train
ZrO2-007108,ZrO2,OZr,95,train
Li3PO4-008412,Li3PO4,LiOP,31,train
Li3PO4-012015,Li3PO4,LiOP,31,train
Li3PO4-002886,Li3PO4,LiOP,32,train
ZrO2-005138,ZrO2,OZr,47,train
Li3PO4-000601,Li3PO4,LiOP,32,train
perovskite-000843,perovskite,BaCaHfOPbTi,20,train
Li3PO4-016501,Li3PO4,LiOP,61,train
Li3PO4-002249,Li3PO4,LiOP,32,train
ZrO2-005889,ZrO2,OZr,95,train
Li3PO4-004808,Li3PO4,LiOP,32,train
Li3PO4-005274,Li3PO4,LiOP,32,train
Li3PO4-010984,Li3PO4,LiOP,31,train
Li3PO4-012861,Li3PO4,LiOP,31,train
ZrO2-001891,ZrO2,OZr,96,train
ZrO2-009872,ZrO2,OZr,48,train
Li3PO4-006079,Li3PO4,LiOP,32,train
ZrO2-004463,ZrO2,OZr,47,train
ZrO2-008598,ZrO2,OZr,48,train
ZrO2-002618,ZrO2,OZr,95,train
Li3PO4-004451,Li3PO4,LiOP,32,train
Li3PO4-017884,Li3PO4,LiOP,61,train
ZrO2-007121,ZrO2,OZr,95,train
Li3PO4-007442,Li3PO4,LiOP,32,train
ZrO2-003022,ZrO2,OZr,95,train
ZrO2-008469,ZrO2,OZr,48,train
ZrO2-002258,ZrO2,OZr,95,train
ZrO2-008860,ZrO2,OZr,48,train
ZrO2-004153,ZrO2,OZr,47,train
ZrO2-005564,ZrO2,OZr,47,train
ZrO2-006527,ZrO2,OZr,95,train
Li3PO4-000121,Li3PO4,LiOP,32,train
ZrO2-007192,ZrO2,OZr,95,train
Li3PO4-012858,Li3PO4,LiOP,31,train
ZrO2-009674,ZrO2,OZr,48,train
ZrO2-001164,ZrO2,OZr,96,train
ZrO2-004982,ZrO2,OZr,47,train
Li3PO4-004992,Li3PO4,LiOP,32,train
Li3PO4-015119,Li3PO4,LiOP,61,train
ZrO2-009244,ZrO2,OZr,48,train
ZrO2-001734,ZrO2,OZr,96,train
ZrO2-006789,ZrO2,OZr,95,train
Li3PO4-004182,Li3PO4,LiOP,32,train
Li3PO4-013379,Li3PO4,LiOP,61,train
Li3PO4-003611,Li3PO4,LiOP,32,train
ZrO2-005701,ZrO2,OZr,95,train
Li3PO4-007160,Li3PO4,LiOP,32,train
perovskite-001122,perovskite,BaCaHfOPbSrTi,20,train
Li3PO4-007178,Li3PO4,LiOP,32,train
Li3PO4-008159,Li3PO4,LiOP,31,train
Li3PO4-009759,Li3PO4,LiOP,31,train
Li3PO4-008377,Li3PO4,LiOP,31,train
Li3PO4-011874,Li3PO4,LiOP,31,train
Li3PO4-001297,Li3PO4,LiOP,32,train
Li3PO4-007269,Li3PO4,LiOP,32,train
ZrO2-004640,ZrO2,OZr,47,train
ZrO2-006204,ZrO2,OZr,95,train
ZrO2-006458,ZrO2,OZr,95,train
ZrO2-007378,ZrO2,OZr,95,train
Li3PO4-011065,Li3PO4,LiOP,31,train
ZrO2-003226,ZrO2,OZr,95,train
Li3PO4-007590,Li3PO4,LiOP,32,train
Li3PO4-008542,Li3PO4,LiOP,31,train
Li3PO4-002816,Li3PO4,LiOP,32,train
ZrO2-000064,ZrO2,OZr,96,train
Li3PO4-008233,Li3PO4,LiOP,31,train
Li3PO4-013401,Li3PO4,LiOP,61,train
ZrO2-008067,ZrO2,OZr,95,train
Li3PO4-007146,Li3PO4,LiOP,32,train
ZrO2-009145,ZrO2,OZr,48,train
Li3PO4-003093,Li3PO4,LiOP,32,train
ZrO2-005928,ZrO2,OZr,95,train
ZrO2-007023,ZrO2,OZr,95,train
Li3PO4-017734,Li3PO4,LiOP,61,train
Li3PO4-013789,Li3PO4,LiOP,61,train
Li3PO4-014244,Li3PO4,LiOP,61,train
Li3PO4-016801,Li3PO4,LiOP,61,train
Li3PO4-010860,Li3PO4,LiOP,31,train
Li3PO4-002780,Li3PO4,LiOP,32,train
Li3PO4-008671,Li3PO4,LiOP,31,train
Li3PO4-009567,Li3PO4,LiOP,31,train
Li3PO4-003651,Li3PO4,LiOP,32,train
Li3PO4-010658,Li3PO4,LiOP,31,train
ZrO2-001677,ZrO2,OZr,96,train
Li3PO4-000279,Li3PO4,LiOP,32,train
Li3PO4-000695,Li3PO4,LiOP,32,train
Li3PO4-010106,Li3PO4,LiOP,31,train
Li3PO4-011708,Li3PO4,LiOP,31,train
ZrO2-002178,ZrO2,OZr,95,train
ZrO2-000437,ZrO2,OZr,96,train
Li3PO4-001755,Li3PO4,LiOP,32,train
ZrO2-009744,ZrO2,OZr,48,train
Li3PO4-003286,Li3PO4,LiOP,32,train
Li3PO4-006059,Li3PO4,LiOP,32,train
Li3PO4-000889,Li3PO4,LiOP,32,train
Li3PO4-000974,Li3PO4,LiOP,32,train
ZrO2-004454,ZrO2,OZr,47,train
ZrO2-008079,ZrO2,OZr,95,train
Li3PO4-013382,Li3PO4,LiOP,61,train
ZrO2-006361,ZrO2,OZr,95,train
ZrO2-008183,ZrO2,OZr,48,train
Li3PO4-007112,Li3PO4,LiOP,32,train
Li3PO4-006080,Li3PO4,LiOP,32,train
perovskite-000664,perovskite,BaCaOPbTiZr,20,train
Li3PO4-008441,Li3PO4,LiOP,31,train
Li3PO4-017660,Li3PO4,LiOP,61,train
Li3PO4-008467,Li3PO4,LiOP,31,train
Li3PO4-001371,Li3PO4,LiOP,32,train
Li3PO4-009583,Li3PO4,LiOP,31,train
Li3PO4-007827,Li3PO4,LiOP,32,train
Li3PO4-006598,Li3PO4,LiOP,32,train
perovskite-000626,perovskite,CaHfOPbSrTiZr,20,train
ZrO2-009376,ZrO2,OZr,48,train
ZrO2-002201,ZrO2,OZr,95,train
ZrO2-002568,ZrO2,OZr,95,train
ZrO2-008818,ZrO2,OZr,48,train
Li3PO4-011693,Li3PO4,LiOP,31,train
Li3PO4-016676,Li3PO4,LiOP,61,train
Li3PO4-000308,Li3PO4,LiOP,32,train
ZrO2-001708,ZrO2,OZr,96,train
Li3PO4-014575,Li3PO4,LiOP,61,train
ZrO2-001768,ZrO2,OZr,96,train
Li3PO4-014975,Li3PO4,LiOP,61,train
ZrO2-004130,ZrO2,OZr,47,train
Li3PO4-012558,Li3PO4,LiOP,31,train
ZrO2-003760,ZrO2,OZr,47,train
Li3PO4-012472,Li3PO4,LiOP,31,train
Li3PO4-017460,Li3PO4,LiOP,61,train
ZrO2-005259,ZrO2,OZr,47,train
Li3PO4-016097,Li3PO4,LiOP,61,train
Li3PO4-009385,Li3PO4,LiOP,31,train
ZrO2-003151,ZrO2,OZr,95,train
Li3PO4-007365,Li3PO4,LiOP,32,train
Li3PO4-007552,Li3PO4,LiOP,32,train
ZrO2-007057,ZrO2,OZr,95,train
ZrO2-006708,ZrO2,OZr,95,train
Li3PO4-004234,Li3PO4,LiOP,32,train
Li3PO4-003446,Li3PO4,LiOP,32,train
Li3PO4-004467,Li3PO4,LiOP,32,train
Li3PO4-005001,Li3PO4,LiOP,32,train
ZrO2-004159,ZrO2,OZr,47,train
Li3PO4-001240,Li3PO4,LiOP,32,train
Li3PO4-017664,Li3PO4,LiOP,61,train
ZrO2-004155,ZrO2,OZr,47,train
Li3PO4-008491,Li3PO4,LiOP,31,train
Li3PO4-007862,Li3PO4,LiOP,32,train
perovskite-000278,perovskite,CaHfOPbTiZr,20,train
ZrO2-005680,ZrO2,OZr,95,train
Li3PO4-000777,Li3PO4,LiOP,32,train
ZrO2-005759,ZrO2,OZr,95,train
Li3PO4-013542,Li3PO4,LiOP,61,train
Li3PO4-001516,Li3PO4,LiOP,32,train
ZrO2-004921,ZrO2,OZr,47,train
Li3PO4-008653,Li3PO4,LiOP,31,train
Li3PO4-012166,Li3PO4,LiOP,31,train
Li3PO4-004276,Li3PO4,LiOP,32,train
Li3PO4-005877,Li3PO4,LiOP,32,train
Li3PO4-010980,Li3PO4,LiOP,31,train
Li3PO4-015100,Li3PO4,LiOP,61,train
Li3PO4-013212,Li3PO4,LiOP,61,train
ZrO2-000444,ZrO2,OZr,96,train
perovskite-000852,perovskite,CaHfOPbSrTiZr,20,train
Li3PO4-011035,Li3PO4,LiOP,31,train
Li3PO4-015830,Li3PO4,LiOP,61,train
Li3PO4-001923,Li3PO4,LiOP,32,train
ZrO2-008209,ZrO2,OZr,48,train
Li3PO4-001590,Li3PO4,LiOP,32,train
Li3PO4-012301,Li3PO4,LiOP,31,train
Li3PO4-007120,Li3PO4,LiOP,32,train
Li3PO4-004442,Li3PO4,LiOP,32,train
Li3PO4-001343,Li3PO4,LiOP,32,train
ZrO2-000233,ZrO2,OZr,96,train
Li3PO4-008745,Li3PO4,LiOP,31,train
ZrO2-006508,ZrO2,OZr,95,train
Li3PO4-003355,Li3PO4,LiOP,32,train
Li3PO4-004493,Li3PO4,LiOP,32,train
ZrO2-003977,ZrO2,OZr,47,train
Li3PO4-013228,Li3PO4,LiOP,61,train
Li3PO4-007310,Li3PO4,LiOP,32,train
ZrO2-006479,ZrO2,OZr,95,train
perovskite-000196,perovskite,BaCaHfO,20,train
Li3PO4-006992,Li3PO4,LiOP,32,train
Li3PO4-007263,Li3PO4,LiOP,32,train
Li3PO4-007952,Li3PO4,LiOP,32,train
Li3PO4-004777,Li3PO4,LiOP,32,train
Li3PO4-010552,Li3PO4,LiOP,31,train
perovskite-000323,perovskite,CaHfOSrZr,20,train
ZrO2-007086,ZrO2,OZr,95,train
perovskite-000312,perovskite,CaHfOSrTi,20,train
ZrO2-003233,ZrO2,OZr,95,train
ZrO2-004747,ZrO2,OZr,47,train
ZrO2-000984,ZrO2,OZr,96,train
Li3PO4-009671,Li3PO4,LiOP,31,train
ZrO2-003893,ZrO2,OZr,47,train
Li3PO4-004881,Li3PO4,LiOP,32,train
ZrO2-003098,ZrO2,OZr,95,train
Li3PO4-005116,Li3PO4,LiOP,32,train
Li3PO4-016030,Li3PO4,LiOP,61,train
Li3PO4-016815,Li3PO4,LiOP,61,train
perovskite-000474,perovskite,BaCaHfOPbTiZr,20,train
ZrO2-007001,ZrO2,OZr,95,train
Li3PO4-008972,Li3PO4,LiOP,31,train
ZrO2-008383,ZrO2,OZr,48,train
Li3PO4-013675,Li3PO4,LiOP,61,train
Li3PO4-007470,Li3PO4,LiOP,32,train
ZrO2-002046,ZrO2,OZr,95,train
perovskite-000775,perovskite,CaOPbSrTiZr,20,train
Li3PO4-000806,Li3PO4,LiOP,32,train
Li3PO4-017853,Li3PO4,LiOP,61,train
Li3PO4-006360,Li3PO4,LiOP,32,train
Li3PO4-007737,Li3PO4,LiOP,32,train
perovskite-001190,perovskite,CaHfOSrTiZr,20,train
ZrO2-000534,ZrO2,OZr,96,train
Li3PO4-000982,Li3PO4,LiOP,32,train
Li3PO4-005496,Li3PO4,LiOP,32,train
ZrO2-002919,ZrO2,OZr,95,train
Li3PO4-010777,Li3PO4,LiOP,31,train
Li3PO4-003036,Li3PO4,LiOP,32,train
ZrO2-009276,ZrO2,OZr,48,train
ZrO2-008061,ZrO2,OZr,95,train
Li3PO4-013304,Li3PO4,LiOP,61,train
ZrO2-007017,ZrO2,OZr,95,train
ZrO2-008830,ZrO2,OZr,48,train
Li3PO4-003199,Li3PO4,LiOP,32,train
perovskite-000979,perovskite,BaCaHfOPbSrTi,20,train
ZrO2-007043,ZrO2,OZr,95,train
Li3PO4-010127,Li3PO4,LiOP,31,train
Li3PO4-002917,Li3PO4,LiOP,32,train
Li3PO4-003463,Li3PO4,LiOP,32,train
Li3PO4-008014,Li3PO4,LiOP,31,train
ZrO2-004647,ZrO2,OZr,47,train
Li3PO4-015465,Li3PO4,LiOP,61,train
ZrO2-007945,ZrO2,OZr,95,train
Li3PO4-010304,Li3PO4,LiOP,31,train
Li3PO4-006979,Li3PO4,LiOP,32,train
ZrO2-009161,ZrO2,OZr,48,train
Li3PO4-012930,Li3PO4,LiOP,31,train
ZrO2-006218,ZrO2,OZr,95,train
Li3PO4-009825,Li3PO4,LiOP,31,train
ZrO2-002619,ZrO2,OZr,95,train
Li3PO4-007507,Li3PO4,LiOP,32,train
ZrO2-001359,ZrO2,OZr,96,train
ZrO2-006858,ZrO2,OZr,95,train
ZrO2-003355,ZrO2,OZr,95,train
Li3PO4-001571,Li3PO4,LiOP,32,train
Li3PO4-004376,Li3PO4,LiOP,32,train
Li3PO4-001498,Li3PO4,LiOP,32,train
Li3PO4-015123,Li3PO4,LiOP,61,train
Li3PO4-001788,Li3PO4,LiOP,32,train
Li3PO4-009764,Li3PO4,LiOP,31,train
Li3PO4-017197,Li3PO4,LiOP,61,train
Li3PO4-013841,Li3PO4,LiOP,61,train
ZrO2-000933,ZrO2,OZr,96,train
ZrO2-005533,ZrO2,OZr,47,train
Li3PO4-016975,Li3PO4,LiOP,61,train
ZrO2-005641,ZrO2,OZr,95,train
Li3PO4-002487,Li3PO4,LiOP,32,train
Li3PO4-004126,Li3PO4,LiOP,32,train
ZrO2-001252,ZrO2,OZr,96,train
Li3PO4-004151,Li3PO4,LiOP,32,train
Li3PO4-012571,Li3PO4,LiOP,31,train
Li3PO4-009717,Li3PO4,LiOP,31,train
Li3PO4-013311,Li3PO4,LiOP,61,train
ZrO2-001652,ZrO2,OZr,96,train
Li3PO4-011533,Li3PO4,LiOP,31,train
Li3PO4-010441,Li3PO4,LiOP,31,train
Li3PO4-016357,Li3PO4,LiOP,61,train
Li3PO4-002977,Li3PO4,LiOP,32,train
Li3PO4-010802,Li3PO4,LiOP,31,train
Li3PO4-013467,Li3PO4,LiOP,61,train
Li3PO4-003427,Li3PO4,LiOP,32,train
ZrO2-006923,ZrO2,OZr,95,train
Li3PO4-003969,Li3PO4,LiOP,32,train
Li3PO4-014426,Li3PO4,LiOP,61,train
Li3PO4-013381,Li3PO4,LiOP,61,train
Li3PO4-010060,Li3PO4,LiOP,31,train
ZrO2-004963,ZrO2,OZr,47,train
ZrO2-005800,ZrO2,OZr,95,train
ZrO2-003117,ZrO2,OZr,95,train
Li3PO4-015291,Li3PO4,LiOP,61,train
ZrO2-003421,ZrO2,OZr,95,train
Li3PO4-004860,Li3PO4,LiOP,32,train
Li3PO4-012308,Li3PO4,LiOP,31,train
ZrO2-001096,ZrO2,OZr,96,train
Li3PO4-013201,Li3PO4,LiOP,61,train
Li3PO4-010196,Li3PO4,LiOP,31,train
Li3PO4-016388,Li3PO4,LiOP,61,train
Li3PO4-011667,Li3PO4,LiOP,31,train
ZrO2-006569,ZrO2,OZr,95,train
Li3PO4-013354,Li3PO4,LiOP,61,train
perovskite-000705,perovskite,CaOPbTiZr,20,train
Li3PO4-008462,Li3PO4,LiOP,31,train
Li3PO4-012991,Li3PO4,LiOP,61,train
Li3PO4-005451,Li3PO4,LiOP,32,train
Li3PO4-017505,Li3PO4,LiOP,61,train
ZrO2-008093,ZrO2,OZr,95,train
ZrO2-005522,ZrO2,OZr,47,train
Li3PO4-017038,Li3PO4,LiOP,61,train
Li3PO4-017748,Li3PO4,LiOP,61,train
Li3PO4-000076,Li3PO4,LiOP,32,train
ZrO2-003515,ZrO2,OZr,95,train
Li3PO4-017440,Li3PO4,LiOP,61,train
ZrO2-000713,ZrO2,OZr,96,train
ZrO2-000251,ZrO2,OZr,96,train
Li3PO4-002399,Li3PO4,LiOP,32,train
Li3PO4-009856,Li3PO4,LiOP,31,train
ZrO2-007937,ZrO2,OZr,95,train
ZrO2-006017,ZrO2,OZr,95,train
ZrO2-007515,ZrO2,OZr,95,train
Li3PO4-010147,Li3PO4,LiOP,31,train
Li3PO4-016548,Li3PO4,LiOP,61,train
Li3PO4-005954,Li3PO4,LiOP,32,train
Li3PO4-005621,Li3PO4,LiOP,32,train
Li3PO4-007894,Li3PO4,LiOP,32,train
Li3PO4-014243,Li3PO4,LiOP,61,train
Li3PO4-012974,Li3PO4,LiOP,31,train
Li3PO4-016051,Li3PO4,LiOP,61,train
perovskite-000866,perovskite,CaHfOPbSrTiZr,20,train
Li3PO4-004159,Li3PO4,LiOP,32,train
Li3PO4-017754,Li3PO4,LiOP,61,train
Li3PO4-015045,Li3PO4,LiOP,61,train
ZrO2-000929,ZrO2,OZr,96,train
ZrO2-001233,ZrO2,OZr,96,train
Li3PO4-000752,Li3PO4,LiOP,32,train
ZrO2-008026,ZrO2,OZr,95,train
Li3PO4-000174,Li3PO4,LiOP,32,train
Li3PO4-006335,Li3PO4,LiOP,32,train
Li3PO4-003777,Li3PO4,LiOP,32,train
Li3PO4-001487,Li3PO4,LiOP,32,train
Li3PO4-003012,Li3PO4,LiOP,32,train
Li3PO4-006024,Li3PO4,LiOP,32,train
Li3PO4-011639,Li3PO4,LiOP,31,train
ZrO2-009596,ZrO2,OZr,48,train
Li3PO4-001871,Li3PO4,LiOP,32,train
Li3PO4-015981,Li3PO4,LiOP,61,train
Li3PO4-008809,Li3PO4,LiOP,31,train
Li3PO4-005722,Li3PO4,LiOP,32,train
ZrO2-003372,ZrO2,OZr,95,train
Li3PO4-000000,Li3PO4,LiOP,32,train
Li3PO4-010065,Li3PO4,LiOP,31,train
ZrO2-004181,ZrO2,OZr,47,train
Li3PO4-015093,Li3PO4,LiOP,61,train
ZrO2-009908,ZrO2,OZr,48,train
Li3PO4-017137,Li3PO4,LiOP,61,train
Li3PO4-012513,Li3PO4,LiOP,31,train
ZrO2-002264,ZrO2,OZr,95,train
perovskite-000928,perovskite,CaHfOPbSrTiZr,20,train
ZrO2-001945,ZrO2,OZr,96,train
ZrO2-006389,ZrO2,OZr,95,train
Li3PO4-016231,Li3PO4,LiOP,61,train
ZrO2-003620,ZrO2,OZr,47,train
ZrO2-004170,ZrO2,OZr,47,train
Li3PO4-003160,Li3PO4,LiOP,32,train
Li3PO4-014124,Li3PO4,LiOP,61,train
Li3PO4-000628,Li3PO4,LiOP,32,train
Li3PO4-004703,Li3PO4,LiOP,32,train
ZrO2-005974,ZrO2,OZr,95,train
Li3PO4-013390,Li3PO4,LiOP,61,train
Li3PO4-008583,Li3PO4,LiOP,31,train
ZrO2-005502,ZrO2,OZr,47,train
ZrO2-002954,ZrO2,OZr,95,train
Li3PO4-017864,Li3PO4,LiOP,61,train
Li3PO4-016282,Li3PO4,LiOP,61,train
Li3PO4-009067,Li3PO4,LiOP,31,train
ZrO2-001182,ZrO2,OZr,96,train
Li3PO4-012380,Li3PO4,LiOP,31,train
Li3PO4-009439,Li3PO4,LiOP,31,train
Li3PO4-011559,Li3PO4,LiOP,31,train
Li3PO4-012947,Li3PO4,LiOP,31,train
ZrO2-002804,ZrO2,OZr,95,train
Li3PO4-001791,Li3PO4,LiOP,32,train
Li3PO4-000663,Li3PO4,LiOP,32,train
Li3PO4-000888,Li3PO4,LiOP,32,train
Li3PO4-012105,Li3PO4,LiOP,31,train
Li3PO4-001681,Li3PO4,LiOP,32,train
Li3PO4-007348,Li3PO4,LiOP,32,train
ZrO2-007755,ZrO2,OZr,95,train
Li3PO4-007939,Li3PO4,LiOP,32,train
Li3PO4-012767,Li3PO4,LiOP,31,train
Li3PO4-004848,Li3PO4,LiOP,32,train
Li3PO4-011246,Li3PO4,LiOP,31,train
ZrO2-004927,ZrO2,OZr,47,train
Li3PO4-003954,Li3PO4,LiOP,32,train
Li3PO4-016062,Li3PO4,LiOP,61,train
Li3PO4-003713,Li3PO4,LiOP,32,train
Li3PO4-016416,Li3PO4,LiOP,61,train
ZrO2-002411,ZrO2,OZr,95,train
ZrO2-005448,ZrO2,OZr,47,train
Li3PO4-004626,Li3PO4,LiOP,32,train
Li3PO4-010452,Li3PO4,LiOP,31,train
ZrO2-009324,ZrO2,OZr,48,train
ZrO2-006101,ZrO2,OZr,95,train
Li3PO4-004154,Li3PO4,LiOP,32,train
Li3PO4-015942,Li3PO4,LiOP,61,train
Li3PO4-009184,Li3PO4,LiOP,31,train
ZrO2-003483,ZrO2,OZr,95,train
Li3PO4-015696,Li3PO4,LiOP,61,train
ZrO2-005256,ZrO2,OZr,47,train
ZrO2-001520,ZrO2,OZr,96,train
Li3PO4-017248,Li3PO4,LiOP,61,train
ZrO2-000115,ZrO2,OZr,96,train
ZrO2-003410,ZrO2,OZr,95,train
ZrO2-009756,ZrO2,OZr,48,train
ZrO2-004990,ZrO2,OZr,47,train
perovskite-000491,perovskite,CaHfOSrTiZr,20,train
Li3PO4-008577,Li3PO4,LiOP,31,train
ZrO2-009610,ZrO2,OZr,48,train
ZrO2-005967,ZrO2,OZr,95,train
ZrO2-006568,ZrO2,OZr,95,train
Li3PO4-014973,Li3PO4,LiOP,61,train
Li3PO4-017401,Li3PO4,LiOP,61,train
ZrO2-008651,ZrO2,OZr,48,train
ZrO2-001005,ZrO2,OZr,96,train
ZrO2-003948,ZrO2,OZr,47,train
Li3PO4-001870,Li3PO4,LiOP,32,train
Li3PO4-004767,Li3PO4,LiOP,32,train
ZrO2-004508,ZrO2,OZr,47,train
ZrO2-008199,ZrO2,OZr,48,train
ZrO2-006207,ZrO2,OZr,95,train
Li3PO4-001595,Li3PO4,LiOP,32,train
Li3PO4-010263,Li3PO4,LiOP,31,train
Li3PO4-003663,Li3PO4,LiOP,32,train
ZrO2-009603,ZrO2,OZr,48,train
perovskite-001103,perovskite,BaCaOPbSrTiZr,20,train
Li3PO4-011602,Li3PO4,LiOP,31,train
Li3PO4-016681,Li3PO4,LiOP,61,train
ZrO2-005553,ZrO2,OZr,47,train
Li3PO4-001032,Li3PO4,LiOP,32,train
Li3PO4-008271,Li3PO4,LiOP,31,train
Li3PO4-011542,Li3PO4,LiOP,31,train
Li3PO4-000061,Li3PO4,LiOP,32,train
Li3PO4-001209,Li3PO4,LiOP,32,train
Li3PO4-005296,Li3PO4,LiOP,32,train
Li3PO4-006227,Li3PO4,LiOP,32,train
Li3PO4-003992,Li3PO4,LiOP,32,train
Li3PO4-006493,Li3PO4,LiOP,32,train
Li3PO4-014743,Li3PO4,LiOP,61,train
Li3PO4-013511,Li3PO4,LiOP,61,train
Li3PO4-007415,Li3PO4,LiOP,32,train
Li3PO4-013659,Li3PO4,LiOP,61,train
Li3PO4-015816,Li3PO4,LiOP,61,train
perovskite-001109,perovskite,BaCaHfOPbSrTiZr,20,train
ZrO2-004962,ZrO2,OZr,47,train
ZrO2-006603,ZrO2,OZr,95,train
ZrO2-006312,ZrO2,OZr,95,train
ZrO2-002483,ZrO2,OZr,95,train
Li3PO4-008146,Li3PO4,LiOP,31,train
Li3PO4-007803,Li3PO4,LiOP,32,train
ZrO2-006444,ZrO2,OZr,95,train
Li3PO4-001303,Li3PO4,LiOP,32,train
perovskite-000790,perovskite,CaHfOPbSrTiZr,20,train
Li3PO4-015586,Li3PO4,LiOP,61,train
ZrO2-000259,ZrO2,OZr,96,train
Li3PO4-016317,Li3PO4,LiOP,61,train
Li3PO4-004997,Li3PO4,LiOP,32,train
Li3PO4-003517,Li3PO4,LiOP,32,train
Li3PO4-017283,Li3PO4,LiOP,61,train
ZrO2-007643,ZrO2,OZr,95,train
ZrO2-007263,ZrO2,OZr,95,train
ZrO2-001122,ZrO2,OZr,96,train
Li3PO4-006665,Li3PO4,LiOP,32,train
Li3PO4-011873,Li3PO4,LiOP,31,train
Li3PO4-011144,Li3PO4,LiOP,31,train
ZrO2-007900,ZrO2,OZr,95,train
Li3PO4-005481,Li3PO4,LiOP,32,train
Li3PO4-011996,Li3PO4,LiOP,31,train
ZrO2-004277,ZrO2,OZr,47,train
ZrO2-008203,ZrO2,OZr,48,train
Li3PO4-013130,Li3PO4,LiOP,61,train
Li3PO4-007690,Li3PO4,LiOP,32,train
Li3PO4-007635,Li3PO4,LiOP,32,train
ZrO2-000392,ZrO2,OZr,96,train
Li3PO4-010618,Li3PO4,LiOP,31,train
Li3PO4-014923,Li3PO4,LiOP,61,train
Li3PO4-011151,Li3PO4,LiOP,31,train
ZrO2-007404,ZrO2,OZr,95,train
ZrO2-008724,ZrO2,OZr,48,train
ZrO2-001882,ZrO2,OZr,96,train
Li3PO4-004869,Li3PO4,LiOP,32,train
ZrO2-000209,ZrO2,OZr,96,train
ZrO2-004867,ZrO2,OZr,47,train
Li3PO4-001473,Li3PO4,LiOP,32,train
Li3PO4-010034,Li3PO4,LiOP,31,train
Li3PO4-003782,Li3PO4,LiOP,32,train
Li3PO4-009474,Li3PO4,LiOP,31,train
Li3PO4-001026,Li3PO4,LiOP,32,train
Li3PO4-005796,Li3PO4,LiOP,32,train
Li3PO4-003397,Li3PO4,LiOP,32,train
ZrO2-005303,ZrO2,OZr,47,train
Li3PO4-009447,Li3PO4,LiOP,31,train
ZrO2-006801,ZrO2,OZr,95,train
Li3PO4-015000,Li3PO4,LiOP,61,train
Li3PO4-009314,Li3PO4,LiOP,31,train
Li3PO4-011416,Li3PO4,LiOP,31,train
perovskite-000046,perovskite,BaCaOPbZr,20,train
Li3PO4-011907,Li3PO4,LiOP,31,train
ZrO2-000182,ZrO2,OZr,96,train
Li3PO4-014306,Li3PO4,LiOP,61,train
Li3PO4-009510,Li3PO4,LiOP,31,train
Li3PO4-006824,Li3PO4,LiOP,32,train
ZrO2-002652,ZrO2,OZr,95,train
Li3PO4-017134,Li3PO4,LiOP,61,train
Li3PO4-003374,Li3PO4,LiOP,32,train
Li3PO4-011488,Li3PO4,LiOP,31,train
ZrO2-007622,ZrO2,OZr,95,train
ZrO2-008621,ZrO2,OZr,48,train
Li3PO4-011755,Li3PO4,LiOP,31,train
Li3PO4-017221,Li3PO4,LiOP,61,train
Li3PO4-009503,Li3PO4,LiOP,31,train
Li3PO4-008128,Li3PO4,LiOP,31,train
ZrO2-009753,ZrO2,OZr,48,train
perovskite-000243,perovskite,CaHfOZr,20,train
Li3PO4-005862,Li3PO4,LiOP,32,train
ZrO2-004240,ZrO2,OZr,47,train
Li3PO4-017437,Li3PO4,LiOP,61,train
Li3PO4-014530,Li3PO4,LiOP,61,train
ZrO2-003345,ZrO2,OZr,95,train
Li3PO4-006632,Li3PO4,LiOP,32,train
ZrO2-007228,ZrO2,OZr,95,train
Li3PO4-011652,Li3PO4,LiOP,31,train
ZrO2-008777,ZrO2,OZr,48,train
Li3PO4-001509,Li3PO4,LiOP,32,train
Li3PO4-000780,Li3PO4,LiOP,32,train
Li3PO4-001887,Li3PO4,LiOP,32,train
Li3PO4-016670,Li3PO4,LiOP,61,train
ZrO2-008477,ZrO2,OZr,48,train
Li3PO4-011147,Li3PO4,LiOP,31,train
ZrO2-005672,ZrO2,OZr,95,train
Li3PO4-002997,Li3PO4,LiOP,32,train
Li3PO4-012280,Li3PO4,LiOP,31,train
Li3PO4-015491,Li3PO4,LiOP,61,train
Li3PO4-001506,Li3PO4,LiOP,32,train
Li3PO4-010839,Li3PO4,LiOP,31,train
Li3PO4-009771,Li3PO4,LiOP,31,train
Li3PO4-008899,Li3PO4,LiOP,31,train
ZrO2-005880,ZrO2,OZr,95,train
Li3PO4-016265,Li3PO4,LiOP,61,train
ZrO2-001101,ZrO2,OZr,96,train
ZrO2-009655,ZrO2,OZr,48,train
Li3PO4-016516,Li3PO4,LiOP,61,train
Li3PO4-004527,Li3PO4,LiOP,32,train
Li3PO4-006372,Li3PO4,LiOP,32,train
ZrO2-000917,ZrO2,OZr,96,train
ZrO2-004272,ZrO2,OZr,47,train
Li3PO4-009113,Li3PO4,LiOP,31,train
ZrO2-005950,ZrO2,OZr,95,train
Li3PO4-010722,Li3PO4,LiOP,31,train
Li3PO4-001310,Li3PO4,LiOP,32,train
ZrO2-000916,ZrO2,OZr,96,train
Li3PO4-008282,Li3PO4,LiOP,31,train
Li3PO4-013462,Li3PO4,LiOP,61,train
ZrO2-007003,ZrO2,OZr,95,train
Li3PO4-013579,Li3PO4,LiOP,61,train
Li3PO4-004299,Li3PO4,LiOP,32,train
Li3PO4-004996,Li3PO4,LiOP,32,train
Li3PO4-010063,Li3PO4,LiOP,31,train
ZrO2-000567,ZrO2,OZr,96,train
Li3PO4-012385,Li3PO4,LiOP,31,train
Li3PO4-016702,Li3PO4,LiOP,61,train
Li3PO4-006481,Li3PO4,LiOP,32,train
perovskite-000052,perovskite,OPbSrZr,20,train
Li3PO4-015940,Li3PO4,LiOP,61,train
Li3PO4-008738,Li3PO4,LiOP,31,train
Li3PO4-017002,Li3PO4,LiOP,61,train
Li3PO4-003551,Li3PO4,LiOP,32,train
ZrO2-003569,ZrO2,OZr,47,train
ZrO2-002006,ZrO2,OZr,95,train
Li3PO4-009570,Li3PO4,LiOP,31,train
Li3PO4-001706,Li3PO4,LiOP,32,train
Li3PO4-008465,Li3PO4,LiOP,31,train
ZrO2-000386,ZrO2,OZr,96,train
ZrO2-003811,ZrO2,OZr,47,train
Li3PO4-003429,Li3PO4,LiOP,32,train
perovskite-000210,perovskite,BaHfOPbSr,20,train
Li3PO4-011902,Li3PO4,LiOP,31,train
ZrO2-010061,ZrO2,OZr,48,train
Li3PO4-012291,Li3PO4,LiOP,31,train
ZrO2-006344,ZrO2,OZr,95,train
Li3PO4-007288,Li3PO4,LiOP,32,train
Li3PO4-009388,Li3PO4,LiOP,31,train
Li3PO4-001944,Li3PO4,LiOP,32,train
ZrO2-000688,ZrO2,OZr,96,train
Li3PO4-016752,Li3PO4,LiOP,61,train
Li3PO4-012223,Li3PO4,LiOP,31,train
ZrO2-002575,ZrO2,OZr,95,train
Li3PO4-007941,Li3PO4,LiOP,32,train
perovskite-000501,perovskite,CaHfOSrZr,20,train
ZrO2-006352,ZrO2,OZr,95,train
ZrO2-003381,ZrO2,OZr,95,train
Li3PO4-000682,Li3PO4,LiOP,32,train
Li3PO4-002375,Li3PO4,LiOP,32,train
ZrO2-009189,ZrO2,OZr,48,train
Li3PO4-002597,Li3PO4,LiOP,32,train
Li3PO4-017304,Li3PO4,LiOP,61,train
ZrO2-004913,ZrO2,OZr,47,train
Li3PO4-006662,Li3PO4,LiOP,32,train
Li3PO4-013350,Li3PO4,LiOP,61,train
Li3PO4-002821,Li3PO4,LiOP,32,train
ZrO2-003621,ZrO2,OZr,47,train
Li3PO4-005952,Li3PO4,LiOP,32,train
Li3PO4-011653,Li3PO4,LiOP,31,train
Li3PO4-016616,Li3PO4,LiOP,61,train
ZrO2-000998,ZrO2,OZr,96,train
ZrO2-005305,ZrO2,OZr,47,train
Li3PO4-001402,Li3PO4,LiOP,32,train
Li3PO4-004084,Li3PO4,LiOP,32,train
Li3PO4-013302,Li3PO4,LiOP,61,train
ZrO2-002856,ZrO2,OZr,95,train
Li3PO4-009193,Li3PO4,LiOP,31,train
Li3PO4-016773,Li3PO4,LiOP,61,train
ZrO2-008951,ZrO2,OZr,48,train
Li3PO4-013816,Li3PO4,LiOP,61,train
Li3PO4-002475,Li3PO4,LiOP,32,train
Li3PO4-004048,Li3PO4,LiOP,32,train
ZrO2-008689,ZrO2,OZr,48,train
ZrO2-004340,ZrO2,OZr,47,train
Li3PO4-013034,Li3PO4,LiOP,61,train
Li3PO4-000047,Li3PO4,LiOP,32,train
Li3PO4-001722,Li3PO4,LiOP,32,train
ZrO2-006706,ZrO2,OZr,95,train
ZrO2-001731,ZrO2,OZr,96,train
Li3PO4-003971,Li3PO4,LiOP,32,train
ZrO2-001506,ZrO2,OZr,96,train
ZrO2-001674,ZrO2,OZr,96,train
Li3PO4-011489,Li3PO4,LiOP,31,train
Li3PO4-013092,Li3PO4,LiOP,61,train
Li3PO4-011792,Li3PO4,LiOP,31,train
Li3PO4-000539,Li3PO4,LiOP,32,train
Li3PO4-010424,Li3PO4,LiOP,31,train
Li3PO4-010915,Li3PO4,LiOP,31,train
Li3PO4-010290,Li3PO4,LiOP,31,train
Li3PO4-009844,Li3PO4,LiOP,31,train
Li3PO4-013493,Li3PO4,LiOP,61,train
Li3PO4-007494,Li3PO4,LiOP,32,train
Li3PO4-003180,Li3PO4,LiOP,32,train
Li3PO4-003250,Li3PO4,LiOP,32,train
Li3PO4-011279,Li3PO4,LiOP,31,train
Li3PO4-003008,Li3PO4,LiOP,32,train
ZrO2-001595,ZrO2,OZr,96,train
Li3PO4-012826,Li3PO4,LiOP,31,train
ZrO2-002377,ZrO2,OZr,95,train
Li3PO4-015877,Li3PO4,LiOP,61,train
ZrO2-002482,ZrO2,OZr,95,train
Li3PO4-016157,Li3PO4,LiOP,61,train
Li3PO4-006108,Li3PO4,LiOP,32,train
ZrO2-002268,ZrO2,OZr,95,train
Li3PO4-015891,Li3PO4,LiOP,61,train
Li3PO4-013834,Li3PO4,LiOP,61,train
Li3PO4-009698,Li3PO4,LiOP,31,train
Li3PO4-015213,Li3PO4,LiOP,61,train
Li3PO4-006564,Li3PO4,LiOP,32,train
ZrO2-005211,ZrO2,OZr,47,train
Li3PO4-010250,Li3PO4,LiOP,31,train
Li3PO4-010107,Li3PO4,LiOP,31,train
perovskite-000674,perovskite,BaCaHfOPbTiZr,20,train
Li3PO4-015125,Li3PO4,LiOP,61,train
Li3PO4-016469,Li3PO4,LiOP,61,train
Li3PO4-000969,Li3PO4,LiOP,32,train
ZrO2-005697,ZrO2,OZr,95,train
Li3PO4-004904,Li3PO4,LiOP,32,train
Li3PO4-009059,Li3PO4,LiOP,31,train
Li3PO4-008927,Li3PO4,LiOP,31,train
Li3PO4-007138,Li3PO4,LiOP,32,train
ZrO2-005612,ZrO2,OZr,95,train
Li3PO4-016838,Li3PO4,LiOP,61,train
Li3PO4-015013,Li3PO4,LiOP,61,train
Li3PO4-005548,Li3PO4,LiOP,32,train
Li3PO4-000078,Li3PO4,LiOP,32,train
Li3PO4-005950,Li3PO4,LiOP,32,train
Li3PO4-005989,Li3PO4,LiOP,32,train
Li3PO4-007639,Li3PO4,LiOP,32,train
Li3PO4-010780,Li3PO4,LiOP,31,train
ZrO2-006474,ZrO2,OZr,95,train
Li3PO4-009504,Li3PO4,LiOP,31,train
Li3PO4-012645,Li3PO4,LiOP,31,train
Li3PO4-015182,Li3PO4,LiOP,61,train
ZrO2-004374,ZrO2,OZr,47,train
ZrO2-001016,ZrO2,OZr,96,train
ZrO2-000697,ZrO2,OZr,96,train
ZrO2-002041,ZrO2,OZr,95,train
Li3PO4-004476,Li3PO4,LiOP,32,train
ZrO2-009954,ZrO2,OZr,48,train
Li3PO4-005145,Li3PO4,LiOP,32,train
ZrO2-006990,ZrO2,OZr,95,train
Li3PO4-013947,Li3PO4,LiOP,61,train
Li3PO4-016946,Li3PO4,LiOP,61,train
Li3PO4-003658,Li3PO4,LiOP,32,train
Li3PO4-011977,Li3PO4,LiOP,31,train
ZrO2-006245,ZrO2,OZr,95,train
Li3PO4-009663,Li3PO4,LiOP,31,train
Li3PO4-009047,Li3PO4,LiOP,31,train
Li3PO4-013915,Li3PO4,LiOP,61,train
ZrO2-006662,ZrO2,OZr,95,train
ZrO2-003595,ZrO2,OZr,47,train
Li3PO4-013351,Li3PO4,LiOP,61,train
ZrO2-007736,ZrO2,OZr,95,train
ZrO2-003277,ZrO2,OZr,95,train
ZrO2-004438,ZrO2,OZr,47,train
ZrO2-002661,ZrO2,OZr,95,train
Li3PO4-007957,Li3PO4,LiOP,32,train
ZrO2-009745,ZrO2,OZr,48,train
Li3PO4-011009,Li3PO4,LiOP,31,train
Li3PO4-006503,Li3PO4,LiOP,32,train
Li3PO4-001378,Li3PO4,LiOP,32,train
ZrO2-004346,ZrO2,OZr,47,train
Li3PO4-005176,Li3PO4,LiOP,32,train
Li3PO4-006337,Li3PO4,LiOP,32,train
Li3PO4-001494,Li3PO4,LiOP,32,train
Li3PO4-015096,Li3PO4,LiOP,61,train
ZrO2-009451,ZrO2,OZr,48,train
Li3PO4-003315,Li3PO4,LiOP,32,train
Li3PO4-010844,Li3PO4,LiOP,31,train
ZrO2-000263,ZrO2,OZr,96,train
Li3PO4-009302,Li3PO4,LiOP,31,train
ZrO2-006346,ZrO2,OZr,95,train
perovskite-000505,perovskite,CaHfOSrZr,20,train
Li3PO4-004756,Li3PO4,LiOP,32,train
Li3PO4-012822,Li3PO4,LiOP,31,train
ZrO2-002725,ZrO2,OZr,95,train
Li3PO4-017983,Li3PO4,LiOP,61,train
Li3PO4-006191,Li3PO4,LiOP,32,train
ZrO2-009893,ZrO2,OZr,48,train
ZrO2-009085,ZrO2,OZr,48,train
ZrO2-002699,ZrO2,OZr,95,train
Li3PO4-002262,Li3PO4,LiOP,32,train
Li3PO4-001388,Li3PO4,LiOP,32,train
Li3PO4-005304,Li3PO4,LiOP,32,train
perovskite-000099,perovskite,BaCaOPbSrTi,20,train
Li3PO4-001269,Li3PO4,LiOP,32,train
Li3PO4-002088,Li3PO4,LiOP,32,train
ZrO2-001853,ZrO2,OZr,96,train
Li3PO4-007132,Li3PO4,LiOP,32,train
Li3PO4-012346,Li3PO4,LiOP,31,train
ZrO2-003748,ZrO2,OZr,47,train
ZrO2-009081,ZrO2,OZr,48,train
ZrO2-002022,ZrO2,OZr,95,train
Li3PO4-017226,Li3PO4,LiOP,61,train
Li3PO4-014616,Li3PO4,LiOP,61,train
Li3PO4-005470,Li3PO4,LiOP,32,train
Li3PO4-005874,Li3PO4,LiOP,32,train
Li3PO4-003600,Li3PO4,LiOP,32,train
ZrO2-009051,ZrO2,OZr,48,train
Li3PO4-006683,Li3PO4,LiOP,32,train
Li3PO4-006685,Li3PO4,LiOP,32,train
ZrO2-007268,ZrO2,OZr,95,train
ZrO2-003112,ZrO2,OZr,95,train
perovskite-000341,perovskite,BaCaHfOTiZr,20,train
ZrO2-000202,ZrO2,OZr,96,train
Li3PO4-010259,Li3PO4,LiOP,31,train
Li3PO4-003045,Li3PO4,LiOP,32,train
ZrO2-001679,ZrO2,OZr,96,train
Li3PO4-007992,Li3PO4,LiOP,32,train
ZrO2-001936,ZrO2,OZr,96,train
ZrO2-003049,ZrO2,OZr,95,train
ZrO2-006921,ZrO2,OZr,95,train
Li3PO4-007258,Li3PO4,LiOP,32,train
Li3PO4-001257,Li3PO4,LiOP,32,train
Li3PO4-017813,Li3PO4,LiOP,61,train
Li3PO4-002086,Li3PO4,LiOP,32,train
ZrO2-008457,ZrO2,OZr,48,train
Li3PO4-005445,Li3PO4,LiOP,32,train
Li3PO4-000090,Li3PO4,LiOP,32,train
ZrO2-000837,ZrO2,OZr,96,train
Li3PO4-004862,Li3PO4,LiOP,32,train
Li3PO4-011982,Li3PO4,LiOP,31,train
Li3PO4-003757,Li3PO4,LiOP,32,train
ZrO2-006489,ZrO2,OZr,95,train
Li3PO4-007080,Li3PO4,LiOP,32,train
ZrO2-008195,ZrO2,OZr,48,train
Li3PO4-011736,Li3PO4,LiOP,31,train
Li3PO4-004737,Li3PO4,LiOP,32,train
Li3PO4-005098,Li3PO4,LiOP,32,train
ZrO2-003058,ZrO2,OZr,95,train
Li3PO4-003444,Li3PO4,LiOP,32,train
Li3PO4-007805,Li3PO4,LiOP,32,train
Li3PO4-013114,Li3PO4,LiOP,61,train
Li3PO4-008235,Li3PO4,LiOP,31,train
Li3PO4-004478,Li3PO4,LiOP,32,train
ZrO2-004684,ZrO2,OZr,47,train
Li3PO4-017196,Li3PO4,LiOP,61,train
Li3PO4-005455,Li3PO4,LiOP,32,train
Li3PO4-003457,Li3PO4,LiOP,32,train
Li3PO4-007368,Li3PO4,LiOP,32,train
Li3PO4-017643,Li3PO4,LiOP,61,train
Li3PO4-001839,Li3PO4,LiOP,32,train
Li3PO4-001640,Li3PO4,LiOP,32,train
Li3PO4-011913,Li3PO4,LiOP,31,train
ZrO2-004473,ZrO2,OZr,47,train
Li3PO4-005067,Li3PO4,LiOP,32,train
Li3PO4-013300,Li3PO4,LiOP,61,train
Li3PO4-008713,Li3PO4,LiOP,31,train
ZrO2-008039,ZrO2,OZr,95,train
Li3PO4-009060,Li3PO4,LiOP,31,train
Li3PO4-006149,Li3PO4,LiOP,32,train
Li3PO4-001752,Li3PO4,LiOP,32,train
Li3PO4-011165,Li3PO4,LiOP,31,train
ZrO2-008674,ZrO2,OZr,48,train
ZrO2-009564,ZrO2,OZr,48,train
ZrO2-008752,ZrO2,OZr,48,train
Li3PO4-003256,Li3PO4,LiOP,32,train
Li3PO4-001101,Li3PO4,LiOP,32,train
ZrO2-004308,ZrO2,OZr,47,train
ZrO2-000345,ZrO2,OZr,96,train
Li3PO4-011014,Li3PO4,LiOP,31,train
ZrO2-004002,ZrO2,OZr,47,train
Li3PO4-009554,Li3PO4,LiOP,31,train
Li3PO4-017490,Li3PO4,LiOP,61,train
Li3PO4-006283,Li3PO4,LiOP,32,train
Li3PO4-010503,Li3PO4,LiOP,31,train
Li3PO4-005992,Li3PO4,LiOP,32,train
Li3PO4-000117,Li3PO4,LiOP,32,train
Li3PO4-009808,Li3PO4,LiOP,31,train
Li3PO4-013701,Li3PO4,LiOP,61,train
Li3PO4-001294,Li3PO4,LiOP,32,train
Li3PO4-017619,Li3PO4,LiOP,61,train
Li3PO4-013706,Li3PO4,LiOP,61,train
Li3PO4-010807,Li3PO4,LiOP,31,train
Li3PO4-010044,Li3PO4,LiOP,31,train
Li3PO4-001223,Li3PO4,LiOP,32,train
Li3PO4-003281,Li3PO4,LiOP,32,train
ZrO2-006700,ZrO2,OZr,95,train
ZrO2-009733,ZrO2,OZr,48,train
Li3PO4-000317,Li3PO4,LiOP,32,train
ZrO2-000042,ZrO2,OZr,96,train
ZrO2-009282,ZrO2,OZr,48,train
Li3PO4-016274,Li3PO4,LiOP,61,train
ZrO2-000078,ZrO2,OZr,96,train
ZrO2-002705,ZrO2,OZr,95,train
ZrO2-005692,ZrO2,OZr,95,train
Li3PO4-003033,Li3PO4,LiOP,32,train
ZrO2-002284,ZrO2,OZr,95,train
Li3PO4-014313,Li3PO4,LiOP,61,train
Li3PO4-014851,Li3PO4,LiOP,61,train
Li3PO4-003486,Li3PO4,LiOP,32,train
perovskite-000430,perovskite,CaHfOPbSrZr,20,train
Li3PO4-007707,Li3PO4,LiOP,32,train
Li3PO4-005110,Li3PO4,LiOP,32,train
ZrO2-001898,ZrO2,OZr,96,train
Li3PO4-000031,Li3PO4,LiOP,32,train
ZrO2-002528,ZrO2,OZr,95,train
Li3PO4-016301,Li3PO4,LiOP,61,train
ZrO2-000748,ZrO2,OZr,96,train
Li3PO4-005183,Li3PO4,LiOP,32,train
perovskite-001053,perovskite,BaCaHfOPbTi,20,train
Li3PO4-015024,Li3PO4,LiOP,61,train
Li3PO4-003285,Li3PO4,LiOP,32,train
Li3PO4-004206,Li3PO4,LiOP,32,train
ZrO2-008587,ZrO2,OZr,48,train
perovskite-001047,perovskite,BaCaHfOPbZr,20,train
ZrO2-007452,ZrO2,OZr,95,train
ZrO2-001618,ZrO2,OZr,96,train
Li3PO4-005450,Li3PO4,LiOP,32,train
ZrO2-006539,ZrO2,OZr,95,train
Li3PO4-011818,Li3PO4,LiOP,31,train
Li3PO4-008660,Li3PO4,LiOP,31,train
Li3PO4-007551,Li3PO4,LiOP,32,train
ZrO2-001540,ZrO2,OZr,96,train
Li3PO4-017466,Li3PO4,LiOP,61,train
Li3PO4-017597,Li3PO4,LiOP,61,train
Li3PO4-012922,Li3PO4,LiOP,31,train
ZrO2-001624,ZrO2,OZr,96,train
ZrO2-006250,ZrO2,OZr,95,train
ZrO2-000226,ZrO2,OZr,96,train
ZrO2-008523,ZrO2,OZr,48,train
ZrO2-005465,ZrO2,OZr,47,train
Li3PO4-007799,Li3PO4,LiOP,32,train
Li3PO4-011040,Li3PO4,LiOP,31,train
Li3PO4-015692,Li3PO4,LiOP,61,train
Li3PO4-015883,Li3PO4,LiOP,61,train
Li3PO4-008405,Li3PO4,LiOP,31,train
Li3PO4-002454,Li3PO4,LiOP,32,train
ZrO2-001284,ZrO2,OZr,96,train
ZrO2-003936,ZrO2,OZr,47,train
ZrO2-005122,ZrO2,OZr,47,train
ZrO2-004756,ZrO2,OZr,47,train
Li3PO4-009526,Li3PO4,LiOP,31,train
ZrO2-010062,ZrO2,OZr,48,train
Li3PO4-005649,Li3PO4,LiOP,32,train
Li3PO4-006374,Li3PO4,LiOP,32,train
ZrO2-005284,ZrO2,OZr,47,train
Li3PO4-016038,Li3PO4,LiOP,61,train
ZrO2-003180,ZrO2,OZr,95,train
ZrO2-007150,ZrO2,OZr,95,train
ZrO2-004530,ZrO2,OZr,47,train
Li3PO4-010043,Li3PO4,LiOP,31,train
Li3PO4-003637,Li3PO4,LiOP,32,train
Li3PO4-009427,Li3PO4,LiOP,31,train
Li3PO4-011101,Li3PO4,LiOP,31,train
ZrO2-004021,ZrO2,OZr,47,train
Li3PO4-013954,Li3PO4,LiOP,61,train
ZrO2-002415,ZrO2,OZr,95,train
Li3PO4-014912,Li3PO4,LiOP,61,train
ZrO2-009199,ZrO2,OZr,48,train
Li3PO4-006237,Li3PO4,LiOP,32,train
Li3PO4-001098,Li3PO4,LiOP,32,train
Li3PO4-016083,Li3PO4,LiOP,61,train
perovskite-000980,perovskite,BaCaHfOPbSrTiZr,20,train
Li3PO4-011673,Li3PO4,LiOP,31,train
Li3PO4-009919,Li3PO4,LiOP,31,train
Li3PO4-007220,Li3PO4,LiOP,32,train
Li3PO4-004489,Li3PO4,LiOP,32,train
ZrO2-006692,ZrO2,OZr,95,train
ZrO2-008240,ZrO2,OZr,48,train
ZrO2-005668,ZrO2,OZr,95,train
Li3PO4-006125,Li3PO4,LiOP,32,train
Li3PO4-012802,Li3PO4,LiOP,31,train
Li3PO4-006948,Li3PO4,LiOP,32,train
Li3PO4-009534,Li3PO4,LiOP,31,train
Li3PO4-010945,Li3PO4,LiOP,31,train
ZrO2-006688,ZrO2,OZr,95,train
Li3PO4-003853,Li3PO4,LiOP,32,train
Li3PO4-014998,Li3PO4,LiOP,61,train
Li3PO4-016882,Li3PO4,LiOP,61,train
Li3PO4-015138,Li3PO4,LiOP,61,train
Li3PO4-016874,Li3PO4,LiOP,61,train
ZrO2-002283,ZrO2,OZr,95,train
Li3PO4-005763,Li3PO4,LiOP,32,train
Li3PO4-003334,Li3PO4,LiOP,32,train
Li3PO4-013347,Li3PO4,LiOP,61,train
Li3PO4-006425,Li3PO4,LiOP,32,train
Li3PO4-015736,Li3PO4,LiOP,61,train
ZrO2-006946,ZrO2,OZr,95,train
ZrO2-009953,ZrO2,OZr,48,train
ZrO2-008402,ZrO2,OZr,48,train
Li3PO4-002050,Li3PO4,LiOP,32,train
ZrO2-001876,ZrO2,OZr,96,train
Li3PO4-002824,Li3PO4,LiOP,32,train
Li3PO4-007531,Li3PO4,LiOP,32,train
Li3PO4-006056,Li3PO4,LiOP,32,train
Li3PO4-007070,Li3PO4,LiOP,32,train
Li3PO4-002357,Li3PO4,LiOP,32,train
perovskite-000274,perovskite,CaHfOPbTiZr,20,train
ZrO2-003876,ZrO2,OZr,47,train
Li3PO4-014398,Li3PO4,LiOP,61,train
Li3PO4-002674,Li3PO4,LiOP,32,train
Li3PO4-016682,Li3PO4,LiOP,61,train
Li3PO4-002311,Li3PO4,LiOP,32,train
Li3PO4-001434,Li3PO4,LiOP,32,train
Li3PO4-011068,Li3PO4,LiOP,31,train
ZrO2-008704,ZrO2,OZr,48,train
ZrO2-006560,ZrO2,OZr,95,train
ZrO2-003823,ZrO2,OZr,47,train
Li3PO4-002540,Li3PO4,LiOP,32,train
ZrO2-004169,ZrO2,OZr,47,train
Li3PO4-004538,Li3PO4,LiOP,32,train
ZrO2-004481,ZrO2,OZr,47,train
Li3PO4-007917,Li3PO4,LiOP,32,train
ZrO2-001829,ZrO2,OZr,96,train
Li3PO4-015677,Li3PO4,LiOP,61,train
Li3PO4-007114,Li3PO4,LiOP,32,train
ZrO2-000172,ZrO2,OZr,96,train
Li3PO4-004680,Li3PO4,LiOP,32,train
Li3PO4-005337,Li3PO4,LiOP,32,train
Li3PO4-000575,Li3PO4,LiOP,32,train
Li3PO4-012274,Li3PO4,LiOP,31,train
Li3PO4-006787,Li3PO4,LiOP,32,train
Li3PO4-005697,Li3PO4,LiOP,32,train
Li3PO4-017899,Li3PO4,LiOP,61,train
ZrO2-002650,ZrO2,OZr,95,train
ZrO2-008370,ZrO2,OZr,48,train
ZrO2-008837,ZrO2,OZr,48,train
Li3PO4-008994,Li3PO4,LiOP,31,train
Li3PO4-002800,Li3PO4,LiOP,32,train
Li3PO4-009356,Li3PO4,LiOP,31,train
ZrO2-008898,ZrO2,OZr,48,train
Li3PO4-001638,Li3PO4,LiOP,32,train
ZrO2-005870,ZrO2,OZr,95,train
Li3PO4-003307,Li3PO4,LiOP,32,train
Li3PO4-004964,Li3PO4,LiOP,32,train
Li3PO4-014432,Li3PO4,LiOP,61,train
Li3PO4-015926,Li3PO4,LiOP,61,train
perovskite-000657,perovskite,BaCaHfOPbTi,20,train
Li3PO4-009238,Li3PO4,LiOP,31,train
ZrO2-003726,ZrO2,OZr,47,train
ZrO2-007501,ZrO2,OZr,95,train
ZrO2-003532,ZrO2,OZr,95,train
Li3PO4-012879,Li3PO4,LiOP,31,train
Li3PO4-016189,Li3PO4,LiOP,61,train
ZrO2-000210,ZrO2,OZr,96,train
ZrO2-009846,ZrO2,OZr,48,train
ZrO2-000187,ZrO2,OZr,96,train
perovskite-000878,perovskite,CaHfOPbSrTiZr,20,train
Li3PO4-015809,Li3PO4,LiOP,61,train
Li3PO4-017894,Li3PO4,LiOP,61,train
Li3PO4-002165,Li3PO4,LiOP,32,train
perovskite-000943,perovskite,CaOPbSrTiZr,20,train
Li3PO4-008770,Li3PO4,LiOP,31,train
Li3PO4-012041,Li3PO4,LiOP,31,train
Li3PO4-008244,Li3PO4,LiOP,31,train
Li3PO4-001575,Li3PO4,LiOP,32,train
Li3PO4-012290,Li3PO4,LiOP,31,train
Li3PO4-004644,Li3PO4,LiOP,32,train
Li3PO4-011745,Li3PO4,LiOP,31,train
ZrO2-004464,ZrO2,OZr,47,train
Li3PO4-006756,Li3PO4,LiOP,32,train
ZrO2-001398,ZrO2,OZr,96,train
Li3PO4-017951,Li3PO4,LiOP,61,train
Li3PO4-002675,Li3PO4,LiOP,32,train
Li3PO4-001732,Li3PO4,LiOP,32,train
Li3PO4-016778,Li3PO4,LiOP,61,train
Li3PO4-000297,Li3PO4,LiOP,32,train
ZrO2-009992,ZrO2,OZr,48,train
Li3PO4-000399,Li3PO4,LiOP,32,train
ZrO2-001337,ZrO2,OZr,96,train
Li3PO4-011321,Li3PO4,LiOP,31,train
ZrO2-001844,ZrO2,OZr,96,train
Li3PO4-002168,Li3PO4,LiOP,32,train
perovskite-000573,perovskite,CaHfOPbTi,20,train
Li3PO4-003385,Li3PO4,LiOP,32,train
Li3PO4-012761,Li3PO4,LiOP,31,train
Li3PO4-001626,Li3PO4,LiOP,32,train
Li3PO4-013047,Li3PO4,LiOP,61,train
Li3PO4-002304,Li3PO4,LiOP,32,train
Li3PO4-005999,Li3PO4,LiOP,32,train
ZrO2-004551,ZrO2,OZr,47,train
perovskite-000905,perovskite,CaHfOPbSrTiZr,20,train
Li3PO4-009787,Li3PO4,LiOP,31,train
Li3PO4-001156,Li3PO4,LiOP,32,train
ZrO2-004461,ZrO2,OZr,47,train
Li3PO4-006850,Li3PO4,LiOP,32,train
Li3PO4-006346,Li3PO4,LiOP,32,train
Li3PO4-014971,Li3PO4,LiOP,61,train
ZrO2-009690,ZrO2,OZr,48,train
Li3PO4-012196,Li3PO4,LiOP,31,train
Li3PO4-017799,Li3PO4,LiOP,61,train
Li3PO4-000100,Li3PO4,LiOP,32,train
ZrO2-004888,ZrO2,OZr,47,train
ZrO2-006426,ZrO2,OZr,95,train
Li3PO4-017049,Li3PO4,LiOP,61,train
Li3PO4-002322,Li3PO4,LiOP,32,train
Li3PO4-000934,Li3PO4,LiOP,32,train
Li3PO4-005896,Li3PO4,LiOP,32,train
ZrO2-007464,ZrO2,OZr,95,train
ZrO2-002747,ZrO2,OZr,95,train
ZrO2-006895,ZrO2,OZr,95,train
Li3PO4-017874,Li3PO4,LiOP,61,train
ZrO2-007113,ZrO2,OZr,95,train
Li3PO4-015161,Li3PO4,LiOP,61,train
Li3PO4-008628,Li3PO4,LiOP,31,train
Li3PO4-010153,Li3PO4,LiOP,31,train
ZrO2-006824,ZrO2,OZr,95,train
ZrO2-002982,ZrO2,OZr,95,train
ZrO2-004423,ZrO2,OZr,47,train
Li3PO4-017739,Li3PO4,LiOP,61,train
Li3PO4-000004,Li3PO4,LiOP,32,train
ZrO2-001423,ZrO2,OZr,96,train
Li3PO4-014424,Li3PO4,LiOP,61,train
ZrO2-008235,ZrO2,OZr,48,train
ZrO2-002936,ZrO2,OZr,95,train
ZrO2-003810,ZrO2,OZr,47,train
ZrO2-004909,ZrO2,OZr,47,train
Li3PO4-000930,Li3PO4,LiOP,32,train
perovskite-000330,perovskite,CaHfOSrZr,20,train
ZrO2-008547,ZrO2,OZr,48,train
Li3PO4-003521,Li3PO4,LiOP,32,train
ZrO2-007391,ZrO2,OZr,95,train
ZrO2-009544,ZrO2,OZr,48,train
Li3PO4-006006,Li3PO4,LiOP,32,train
ZrO2-009473,ZrO2,OZr,48,train
ZrO2-003891,ZrO2,OZr,47,train
Li3PO4-008723,Li3PO4,LiOP,31,train
Li3PO4-009312,Li3PO4,LiOP,31,train
Li3PO4-013728,Li3PO4,LiOP,61,train
Li3PO4-016158,Li3PO4,LiOP,61,train
Li3PO4-005104,Li3PO4,LiOP,32,train
Li3PO4-003783,Li3PO4,LiOP,32,train
Li3PO4-000446,Li3PO4,LiOP,32,train
ZrO2-001283,ZrO2,OZr,96,train
Li3PO4-008410,Li3PO4,LiOP,31,train
ZrO2-002521,ZrO2,OZr,95,train
ZrO2-004846,ZrO2,OZr,47,train
ZrO2-009531,ZrO2,OZr,48,train
Li3PO4-001204,Li3PO4,LiOP,32,train
ZrO2-001052,ZrO2,OZr,96,train
Li3PO4-015960,Li3PO4,LiOP,61,train
ZrO2-007280,ZrO2,OZr,95,train
perovskite-000911,perovskite,CaHfOPbSrTiZr,20,train
Li3PO4-008556,Li3PO4,LiOP,31,train
ZrO2-007116,ZrO2,OZr,95,train
Li3PO4-005141,Li3PO4,LiOP,32,train
Li3PO4-010827,Li3PO4,LiOP,31,train
Li3PO4-005032,Li3PO4,LiOP,32,train
Li3PO4-002974,Li3PO4,LiOP,32,train
ZrO2-007120,ZrO2,OZr,95,train
perovskite-001182,perovskite,BaCaHfOPbZr,20,train
Li3PO4-012245,Li3PO4,LiOP,31,train
Li3PO4-002554,Li3PO4,LiOP,32,train
Li3PO4-016285,Li3PO4,LiOP,61,train
perovskite-000872,perovskite,CaOPbSrTiZr,20,train
ZrO2-001840,ZrO2,OZr,96,train
Li3PO4-015590,Li3PO4,LiOP,61,train
Li3PO4-010545,Li3PO4,LiOP,31,train
ZrO2-003883,ZrO2,OZr,47,train
Li3PO4-001408,Li3PO4,LiOP,32,train
Li3PO4-005056,Li3PO4,LiOP,32,train
Li3PO4-002245,Li3PO4,LiOP,32,train
ZrO2-008318,ZrO2,OZr,48,train
Li3PO4-003482,Li3PO4,LiOP,32,train
Li3PO4-007429,Li3PO4,LiOP,32,train
Li3PO4-013558,Li3PO4,LiOP,61,train
ZrO2-008210,ZrO2,OZr,48,train
Li3PO4-009982,Li3PO4,LiOP,31,train
ZrO2-005021,ZrO2,OZr,47,train
Li3PO4-003812,Li3PO4,LiOP,32,train
Li3PO4-016772,Li3PO4,LiOP,61,train
Li3PO4-008250,Li3PO4,LiOP,31,train
ZrO2-003728,ZrO2,OZr,47,train
ZrO2-005108,ZrO2,OZr,47,train
ZrO2-000058,ZrO2,OZr,96,train
ZrO2-001705,ZrO2,OZr,96,train
Li3PO4-011127,Li3PO4,LiOP,31,train
Li3PO4-006516,Li3PO4,LiOP,32,train
Li3PO4-017747,Li3PO4,LiOP,61,train
ZrO2-009259,ZrO2,OZr,48,train
ZrO2-009541,ZrO2,OZr,48,train
Li3PO4-007704,Li3PO4,LiOP,32,train
ZrO2-002552,ZrO2,OZr,95,train
ZrO2-005506,ZrO2,OZr,47,train
Li3PO4-010584,Li3PO4,LiOP,31,train
ZrO2-000944,ZrO2,OZr,96,train
Li3PO4-007012,Li3PO4,LiOP,32,train
ZrO2-005993,ZrO2,OZr,95,train
Li3PO4-011929,Li3PO4,LiOP,31,train
Li3PO4-009224,Li3PO4,LiOP,31,train
Li3PO4-000570,Li3PO4,LiOP,32,train
Li3PO4-016720,Li3PO4,LiOP,61,train
Li3PO4-010128,Li3PO4,LiOP,31,train
ZrO2-002324,ZrO2,OZr,95,train
ZrO2-003127,ZrO2,OZr,95,train
Li3PO4-016335,Li3PO4,LiOP,61,train
Li3PO4-015488,Li3PO4,LiOP,61,train
ZrO2-002834,ZrO2,OZr,95,train
ZrO2-003995,ZrO2,OZr,47,train
Li3PO4-001227,Li3PO4,LiOP,32,train
ZrO2-004716,ZrO2,OZr,47,train
Li3PO4-000530,Li3PO4,LiOP,32,train
ZrO2-002449,ZrO2,OZr,95,train
Li3PO4-003043,Li3PO4,LiOP,32,train
ZrO2-005696,ZrO2,OZr,95,train
Li3PO4-001606,Li3PO4,LiOP,32,train
Li3PO4-001541,Li3PO4,LiOP,32,train
ZrO2-005020,ZrO2,OZr,47,train
Li3PO4-006261,Li3PO4,LiOP,32,train
ZrO2-003310,ZrO2,OZr,95,train
Li3PO4-001080,Li3PO4,LiOP,32,train
Li3PO4-000424,Li3PO4,LiOP,32,train
ZrO2-007094,ZrO2,OZr,95,train
ZrO2-009982,ZrO2,OZr,48,train
Li3PO4-008028,Li3PO4,LiOP,31,train
ZrO2-007754,ZrO2,OZr,95,train
ZrO2-007320,ZrO2,OZr,95,train
Li3PO4-002915,Li3PO4,LiOP,32,train
Li3PO4-002028,Li3PO4,LiOP,32,train
Li3PO4-017268,Li3PO4,LiOP,61,train
Li3PO4-010593,Li3PO4,LiOP,31,train
Li3PO4-000614,Li3PO4,LiOP,32,train
ZrO2-008306,ZrO2,OZr,48,train
ZrO2-006972,ZrO2,OZr,95,train
Li3PO4-006154,Li3PO4,LiOP,32,train
ZrO2-002610,ZrO2,OZr,95,train
Li3PO4-001193,Li3PO4,LiOP,32,train
Li3PO4-017555,Li3PO4,LiOP,61,train
ZrO2-001440,ZrO2,OZr,96,train
Li3PO4-007556,Li3PO4,LiOP,32,train
ZrO2-005501,ZrO2,OZr,47,train
Li3PO4-007960,Li3PO4,LiOP,32,train
Li3PO4-010843,Li3PO4,LiOP,31,train
Li3PO4-012363,Li3PO4,LiOP,31,train
Li3PO4-016817,Li3PO4,LiOP,61,train
Li3PO4-016309,Li3PO4,LiOP,61,train
Li3PO4-002465,Li3PO4,LiOP,32,train
ZrO2-003767,ZrO2,OZr,47,train
Li3PO4-016663,Li3PO4,LiOP,61,train
Li3PO4-006250,Li3PO4,LiOP,32,train
Li3PO4-009028,Li3PO4,LiOP,31,train
ZrO2-003757,ZrO2,OZr,47,train
ZrO2-007202,ZrO2,OZr,95,train
ZrO2-000887,ZrO2,OZr,96,train
perovskite-000288,perovskite,CaHfOPbZr,20,train
ZrO2-001084,ZrO2,OZr,96,train
Li3PO4-016140,Li3PO4,LiOP,61,train
ZrO2-005951,ZrO2,OZr,95,train
ZrO2-005954,ZrO2,OZr,95,train
ZrO2-009557,ZrO2,OZr,48,train
ZrO2-008910,ZrO2,OZr,48,train
perovskite-000121,perovskite,BaCaOPbTi,20,train
ZrO2-008648,ZrO2,OZr,48,train
perovskite-000890,perovskite,CaOPbSrTiZr,20,train
Li3PO4-017045,Li3PO4,LiOP,61,train
Li3PO4-008205,Li3PO4,LiOP,31,train
Li3PO4-005070,Li3PO4,LiOP,32,train
Li3PO4-015117,Li3PO4,LiOP,61,train
Li3PO4-009682,Li3PO4,LiOP,31,train
Li3PO4-006883,Li3PO4,LiOP,32,train
ZrO2-002419,ZrO2,OZr,95,train
ZrO2-002755,ZrO2,OZr,95,train
ZrO2-008668,ZrO2,OZr,48,train
Li3PO4-006715,Li3PO4,LiOP,32,train
ZrO2-000905,ZrO2,OZr,96,train
Li3PO4-011309,Li3PO4,LiOP,31,train
Li3PO4-004444,Li3PO4,LiOP,32,train
Li3PO4-015181,Li3PO4,LiOP,61,train
Li3PO4-014459,Li3PO4,LiOP,61,train
Li3PO4-008814,Li3PO4,LiOP,31,train
perovskite-000702,perovskite,CaHfOPbTi,20,train
Li3PO4-004085,Li3PO4,LiOP,32,train
Li3PO4-005912,Li3PO4,LiOP,32,train
Li3PO4-015415,Li3PO4,LiOP,61,train
Li3PO4-013694,Li3PO4,LiOP,61,train
Li3PO4-012893,Li3PO4,LiOP,31,train
Li3PO4-011523,Li3PO4,LiOP,31,train
Li3PO4-012582,Li3PO4,LiOP,31,train
Li3PO4-004139,Li3PO4,LiOP,32,train
Li3PO4-011565,Li3PO4,LiOP,31,train
ZrO2-009660,ZrO2,OZr,48,train
Li3PO4-005271,Li3PO4,LiOP,32,train
Li3PO4-014181,Li3PO4,LiOP,61,train
Li3PO4-000511,Li3PO4,LiOP,32,train
ZrO2-006376,ZrO2,OZr,95,train
perovskite-001035,perovskite,BaCaHfOPbTiZr,20,train
Li3PO4-015571,Li3PO4,LiOP,61,train
Li3PO4-003961,Li3PO4,LiOP,32,train
Li3PO4-006707,Li3PO4,LiOP,32,train
ZrO2-002944,ZrO2,OZr,95,train
Li3PO4-014146,Li3PO4,LiOP,61,train
Li3PO4-012503,Li3PO4,LiOP,31,train
Li3PO4-017609,Li3PO4,LiOP,61,train
ZrO2-004164,ZrO2,OZr,47,train
ZrO2-003593,ZrO2,OZr,47,train
Li3PO4-000995,Li3PO4,LiOP,32,train
Li3PO4-012639,Li3PO4,LiOP,31,train
ZrO2-009814,ZrO2,OZr,48,train
Li3PO4-016987,Li3PO4,LiOP,61,train
Li3PO4-010796,Li3PO4,LiOP,31,train
Li3PO4-004203,Li3PO4,LiOP,32,train
Li3PO4-004666,Li3PO4,LiOP,32,train
Li3PO4-002722,Li3PO4,LiOP,32,train
ZrO2-007639,ZrO2,OZr,95,train
ZrO2-009165,ZrO2,OZr,48,train
Li3PO4-002598,Li3PO4,LiOP,32,train
Li3PO4-009340,Li3PO4,LiOP,31,train
Li3PO4-001411,Li3PO4,LiOP,32,train
ZrO2-005260,ZrO2,OZr,47,train
Li3PO4-014893,Li3PO4,LiOP,61,train
ZrO2-003256,ZrO2,OZr,95,train
ZrO2-006515,ZrO2,OZr,95,train
Li3PO4-013154,Li3PO4,LiOP,61,train
Li3PO4-015567,Li3PO4,LiOP,61,train
Li3PO4-001164,Li3PO4,LiOP,32,train
Li3PO4-002034,Li3PO4,LiOP,32,train
Li3PO4-003976,Li3PO4,LiOP,32,train
ZrO2-005479,ZrO2,OZr,47,train
Li3PO4-006229,Li3PO4,LiOP,32,train
perovskite-000715,perovskite,CaHfOPbTiZr,20,train
ZrO2-006341,ZrO2,OZr,95,train
Li3PO4-005693,Li3PO4,LiOP,32,train
Li3PO4-015626,Li3PO4,LiOP,61,train
Li3PO4-009196,Li3PO4,LiOP,31,train
ZrO2-002032,ZrO2,OZr,95,train
Li3PO4-016960,Li3PO4,LiOP,61,train
ZrO2-002962,ZrO2,OZr,95,train
ZrO2-000224,ZrO2,OZr,96,train
ZrO2-007539,ZrO2,OZr,95,train
perovskite-000401,perovskite,CaOPbSrTiZr,20,train
ZrO2-005715,ZrO2,OZr,95,train
Li3PO4-000703,Li3PO4,LiOP,32,train
Li3PO4-009867,Li3PO4,LiOP,31,train
ZrO2-006830,ZrO2,OZr,95,train
Li3PO4-017479,Li3PO4,LiOP,61,train
ZrO2-001998,ZrO2,OZr,95,train
ZrO2-001683,ZrO2,OZr,96,train
ZrO2-003559,ZrO2,OZr,95,train
Li3PO4-016781,Li3PO4,LiOP,61,train
ZrO2-001057,ZrO2,OZr,96,train
Li3PO4-005359,Li3PO4,LiOP,32,train
ZrO2-002769,ZrO2,OZr,95,train
Li3PO4-012230,Li3PO4,LiOP,31,train
Li3PO4-000569,Li3PO4,LiOP,32,train
Li3PO4-008202,Li3PO4,LiOP,31,train
ZrO2-002250,ZrO2,OZr,95,train
Li3PO4-001933,Li3PO4,LiOP,32,train
Li3PO4-002928,Li3PO4,LiOP,32,train
Li3PO4-015667,Li3PO4,LiOP,61,train
Li3PO4-008521,Li3PO4,LiOP,31,train
ZrO2-009048,ZrO2,OZr,48,train
ZrO2-007831,ZrO2,OZr,95,train
ZrO2-007258,ZrO2,OZr,95,train
ZrO2-008775,ZrO2,OZr,48,train
Li3PO4-008952,Li3PO4,LiOP,31,train
Li3PO4-016835,Li3PO4,LiOP,61,train
Li3PO4-006555,Li3PO4,LiOP,32,train
ZrO2-001938,ZrO2,OZr,96,train
Li3PO4-002628,Li3PO4,LiOP,32,train
Li3PO4-010702,Li3PO4,LiOP,31,train
Li3PO4-005740,Li3PO4,LiOP,32,train
ZrO2-006244,ZrO2,OZr,95,train
Li3PO4-015769,Li3PO4,LiOP,61,train
ZrO2-008903,ZrO2,OZr,48,train
Li3PO4-008975,Li3PO4,LiOP,31,train
Li3PO4-011941,Li3PO4,LiOP,31,train
Li3PO4-010082,Li3PO4,LiOP,31,train
Li3PO4-011219,Li3PO4,LiOP,31,train
Li3PO4-003084,Li3PO4,LiOP,32,train
Li3PO4-000491,Li3PO4,LiOP,32,train
Li3PO4-009434,Li3PO4,LiOP,31,train
ZrO2-008030,ZrO2,OZr,95,train
Li3PO4-010717,Li3PO4,LiOP,31,train
ZrO2-000286,ZrO2,OZr,96,train
Li3PO4-011005,Li3PO4,LiOP,31,train
ZrO2-002698,ZrO2,OZr,95,train
ZrO2-000895,ZrO2,OZr,96,train
ZrO2-007174,ZrO2,OZr,95,train
Li3PO4-004647,Li3PO4,LiOP,32,train
ZrO2-003214,ZrO2,OZr,95,train
Li3PO4-017235,Li3PO4,LiOP,61,train
Li3PO4-003808,Li3PO4,LiOP,32,train
Li3PO4-000618,Li3PO4,LiOP,32,train
Li3PO4-005589,Li3PO4,LiOP,32,train
perovskite-000199,perovskite,BaHfOPb,20,train
Li3PO4-012137,Li3PO4,LiOP,31,train
ZrO2-003950,ZrO2,OZr,47,train
ZrO2-002094,ZrO2,OZr,95,train
ZrO2-003915,ZrO2,OZr,47,train
Li3PO4-008117,Li3PO4,LiOP,31,train
Li3PO4-000923,Li3PO4,LiOP,32,train
ZrO2-000113,ZrO2,OZr,96,train
Li3PO4-000604,Li3PO4,LiOP,32,train
Li3PO4-016456,Li3PO4,LiOP,61,train
ZrO2-005407,ZrO2,OZr,47,train
Li3PO4-001212,Li3PO4,LiOP,32,train
Li3PO4-010771,Li3PO4,LiOP,31,train
Li3PO4-011894,Li3PO4,LiOP,31,train
Li3PO4-016511,Li3PO4,LiOP,61,train
ZrO2-009098,ZrO2,OZr,48,train
Li3PO4-005407,Li3PO4,LiOP,32,train
ZrO2-007925,ZrO2,OZr,95,train
ZrO2-002740,ZrO2,OZr,95,train
ZrO2-000721,ZrO2,OZr,96,train
ZrO2-008710,ZrO2,OZr,48,train
ZrO2-005846,ZrO2,OZr,95,train
Li3PO4-014944,Li3PO4,LiOP,61,train
ZrO2-004992,ZrO2,OZr,47,train
ZrO2-007849,ZrO2,OZr,95,train
ZrO2-005268,ZrO2,OZr,47,train
Li3PO4-012483,Li3PO4,LiOP,31,train
ZrO2-002354,ZrO2,OZr,95,train
Li3PO4-014980,Li3PO4,LiOP,61,train
Li3PO4-007973,Li3PO4,LiOP,32,train
ZrO2-000190,ZrO2,OZr,96,train
Li3PO4-004246,Li3PO4,LiOP,32,train
Li3PO4-006668,Li3PO4,LiOP,32,train
ZrO2-005438,ZrO2,OZr,47,train
Li3PO4-016814,Li3PO4,LiOP,61,train
perovskite-000144,perovskite,BaOSrTi,20,train
Li3PO4-017041,Li3PO4,LiOP,61,train
Li3PO4-001244,Li3PO4,LiOP,32,train
perovskite-001050,perovskite,BaCaHfOPbTiZr,20,train
Li3PO4-006240,Li3PO4,LiOP,32,train
Li3PO4-009334,Li3PO4,LiOP,31,train
Li3PO4-009457,Li3PO4,LiOP,31,train
Li3PO4-010814,Li3PO4,LiOP,31,train
ZrO2-000288,ZrO2,OZr,96,train
ZrO2-009288,ZrO2,OZr,48,train
ZrO2-009449,ZrO2,OZr,48,train
Li3PO4-010530,Li3PO4,LiOP,31,train
Li3PO4-010295,Li3PO4,LiOP,31,train
ZrO2-001361,ZrO2,OZr,96,train
ZrO2-004329,ZrO2,OZr,47,train
Li3PO4-007933,Li3PO4,LiOP,32,train
ZrO2-002356,ZrO2,OZr,95,train
ZrO2-009511,ZrO2,OZr,48,train
ZrO2-009687,ZrO2,OZr,48,train
Li3PO4-015095,Li3PO4,LiOP,61,train
Li3PO4-010608,Li3PO4,LiOP,31,train
Li3PO4-000684,Li3PO4,LiOP,32,train
ZrO2-001758,ZrO2,OZr,96,train
Li3PO4-013967,Li3PO4,LiOP,61,train
ZrO2-002323,ZrO2,OZr,95,train
Li3PO4-010407,Li3PO4,LiOP,31,train
ZrO2-005783,ZrO2,OZr,95,train
ZrO2-002692,ZrO2,OZr,95,train
Li3PO4-003673,Li3PO4,LiOP,32,train
Li3PO4-003201,Li3PO4,LiOP,32,train
Li3PO4-006641,Li3PO4,LiOP,32,train
Li3PO4-011368,Li3PO4,LiOP,31,train
Li3PO4-011471,Li3PO4,LiOP,31,train
ZrO2-005648,ZrO2,OZr,95,train
ZrO2-001051,ZrO2,OZr,96,train
ZrO2-005999,ZrO2,OZr,95,train
Li3PO4-000081,Li3PO4,LiOP,32,train
Li3PO4-017171,Li3PO4,LiOP,61,train
ZrO2-007748,ZrO2,OZr,95,train
Li3PO4-010874,Li3PO4,LiOP,31,train
Li3PO4-004710,Li3PO4,LiOP,32,train
Li3PO4-007820,Li3PO4,LiOP,32,train
Li3PO4-001835,Li3PO4,LiOP,32,train
ZrO2-004776,ZrO2,OZr,47,train
Li3PO4-017618,Li3PO4,LiOP,61,train
Li3PO4-008366,Li3PO4,LiOP,31,train
Li3PO4-003354,Li3PO4,LiOP,32,train
Li3PO4-005639,Li3PO4,LiOP,32,train
Li3PO4-002403,Li3PO4,LiOP,32,train
Li3PO4-015911,Li3PO4,LiOP,61,train
Li3PO4-016058,Li3PO4,LiOP,61,train
ZrO2-008347,ZrO2,OZr,48,train
Li3PO4-005609,Li3PO4,LiOP,32,train
ZrO2-007294,ZrO2,OZr,95,train
Li3PO4-002324,Li3PO4,LiOP,32,train
Li3PO4-014937,Li3PO4,LiOP,61,train
Li3PO4-015431,Li3PO4,LiOP,61,train
Li3PO4-006865,Li3PO4,LiOP,32,train
Li3PO4-012222,Li3PO4,LiOP,31,train
ZrO2-004503,ZrO2,OZr,47,train
Li3PO4-007645,Li3PO4,LiOP,32,train
Li3PO4-014555,Li3PO4,LiOP,61,train
Li3PO4-014875,Li3PO4,LiOP,61,train
Li3PO4-012244,Li3PO4,LiOP,31,train
Li3PO4-008416,Li3PO4,LiOP,31,train
Li3PO4-012114,Li3PO4,LiOP,31,train
Li3PO4-014350,Li3PO4,LiOP,61,train
Li3PO4-009018,Li3PO4,LiOP,31,train
ZrO2-004455,ZrO2,OZr,47,train
Li3PO4-014456,Li3PO4,LiOP,61,train
Li3PO4-008744,Li3PO4,LiOP,31,train
Li3PO4-007445,Li3PO4,LiOP,32,train
Li3PO4-007732,Li3PO4,LiOP,32,train
Li3PO4-002466,Li3PO4,LiOP,32,train
Li3PO4-009382,Li3PO4,LiOP,31,train
Li3PO4-010694,Li3PO4,LiOP,31,train
ZrO2-006897,ZrO2,OZr,95,train
Li3PO4-006071,Li3PO4,LiOP,32,train
ZrO2-006575,ZrO2,OZr,95,train
ZrO2-005433,ZrO2,OZr,47,train
ZrO2-000912,ZrO2,OZr,96,train
ZrO2-008714,ZrO2,OZr,48,train
Li3PO4-017718,Li3PO4,LiOP,61,train
Li3PO4-002984,Li3PO4,LiOP,32,train
Li3PO4-011236,Li3PO4,LiOP,31,train
Li3PO4-006754,Li3PO4,LiOP,32,train
Li3PO4-016296,Li3PO4,LiOP,61,train
Li3PO4-005065,Li3PO4,LiOP,32,train
ZrO2-003017,ZrO2,OZr,95,train
Li3PO4-006615,Li3PO4,LiOP,32,train
Li3PO4-011981,Li3PO4,LiOP,31,train
ZrO2-001872,ZrO2,OZr,96,train
ZrO2-005388,ZrO2,OZr,47,train
Li3PO4-000854,Li3PO4,LiOP,32,train
Li3PO4-000572,Li3PO4,LiOP,32,train
Li3PO4-000451,Li3PO4,LiOP,32,train
ZrO2-009058,ZrO2,OZr,48,train
ZrO2-009053,ZrO2,OZr,48,train
Li3PO4-007859,Li3PO4,LiOP,32,train
ZrO2-002605,ZrO2,OZr,95,train
perovskite-000261,perovskite,CaHfOPbTiZr,20,train
ZrO2-006432,ZrO2,OZr,95,train
Li3PO4-004564,Li3PO4,LiOP,32,train
ZrO2-006467,ZrO2,OZr,95,train
ZrO2-001581,ZrO2,OZr,96,train
ZrO2-005013,ZrO2,OZr,47,train
Li3PO4-012849,Li3PO4,LiOP,31,train
ZrO2-005689,ZrO2,OZr,95,train
ZrO2-003660,ZrO2,OZr,47,train
Li3PO4-011569,Li3PO4,LiOP,31,train
ZrO2-005685,ZrO2,OZr,95,train
Li3PO4-001264,Li3PO4,LiOP,32,train
Li3PO4-017029,Li3PO4,LiOP,61,train
ZrO2-009148,ZrO2,OZr,48,train
Li3PO4-002867,Li3PO4,LiOP,32,train
Li3PO4-012406,Li3PO4,LiOP,31,train
perovskite-000656,perovskite,BaCaOPbTiZr,20,train
Li3PO4-009993,Li3PO4,LiOP,31,train
Li3PO4-009205,Li3PO4,LiOP,31,train
Li3PO4-014039,Li3PO4,LiOP,61,train
Li3PO4-016807,Li3PO4,LiOP,61,train
Li3PO4-008851,Li3PO4,LiOP,31,train
ZrO2-003072,ZrO2,OZr,95,train
Li3PO4-011006,Li3PO4,LiOP,31,train
ZrO2-006044,ZrO2,OZr,95,train
ZrO2-008838,ZrO2,OZr,48,train
Li3PO4-000179,Li3PO4,LiOP,32,train
Li3PO4-004870,Li3PO4,LiOP,32,train
Li3PO4-011343,Li3PO4,LiOP,31,train
ZrO2-007085,ZrO2,OZr,95,train
Li3PO4-003041,Li3PO4,LiOP,32,train
ZrO2-002707,ZrO2,OZr,95,train
Li3PO4-014281,Li3PO4,LiOP,61,train
ZrO2-000220,ZrO2,OZr,96,train
ZrO2-008765,ZrO2,OZr,48,train
ZrO2-007586,ZrO2,OZr,95,train
Li3PO4-017491,Li3PO4,LiOP,61,train
Li3PO4-013683,Li3PO4,LiOP,61,train
Li3PO4-012755,Li3PO4,LiOP,31,train
Li3PO4-004588,Li3PO4,LiOP,32,train
Li3PO4-016868,Li3PO4,LiOP,61,train
Li3PO4-010793,Li3PO4,LiOP,31,train
ZrO2-004327,ZrO2,OZr,47,train
ZrO2-002058,ZrO2,OZr,95,train
Li3PO4-009215,Li3PO4,LiOP,31,train
Li3PO4-011968,Li3PO4,LiOP,31,train
Li3PO4-002329,Li3PO4,LiOP,32,train
Li3PO4-016929,Li3PO4,LiOP,61,train
Li3PO4-004720,Li3PO4,LiOP,32,train
Li3PO4-005560,Li3PO4,LiOP,32,train
Li3PO4-015737,Li3PO4,LiOP,61,train
ZrO2-008018,ZrO2,OZr,95,train
ZrO2-000265,ZrO2,OZr,96,train
ZrO2-001680,ZrO2,OZr,96,train
Li3PO4-015897,Li3PO4,LiOP,61,train
Li3PO4-012345,Li3PO4,LiOP,31,train
ZrO2-003689,ZrO2,OZr,47,train
Li3PO4-002843,Li3PO4,LiOP,32,train
ZrO2-000142,ZrO2,OZr,96,train
Li3PO4-006656,Li3PO4,LiOP,32,train
Li3PO4-004490,Li3PO4,LiOP,32,train
ZrO2-003890,ZrO2,OZr,47,train
ZrO2-006745,ZrO2,OZr,95,train
Li3PO4-004583,Li3PO4,LiOP,32,train
Li3PO4-001020,Li3PO4,LiOP,32,train
ZrO2-008920,ZrO2,OZr,48,train
Li3PO4-012728,Li3PO4,LiOP,31,train
Li3PO4-000993,Li3PO4,LiOP,32,train
ZrO2-001500,ZrO2,OZr,96,train
Li3PO4-002244,Li3PO4,LiOP,32,train
Li3PO4-012957,Li3PO4,LiOP,31,train
Li3PO4-002025,Li3PO4,LiOP,32,train
Li3PO4-017489,Li3PO4,LiOP,61,train
Li3PO4-003722,Li3PO4,LiOP,32,train
perovskite-000811,perovskite,BaCaHfOPbTi,20,train
Li3PO4-003524,Li3PO4,LiOP,32,train
Li3PO4-002887,Li3PO4,LiOP,32,train
Li3PO4-008321,Li3PO4,LiOP,31,train
Li3PO4-002817,Li3PO4,LiOP,32,train
Li3PO4-015520,Li3PO4,LiOP,61,train
Li3PO4-014837,Li3PO4,LiOP,61,train
ZrO2-005727,ZrO2,OZr,95,train
Li3PO4-007585,Li3PO4,LiOP,32,train
Li3PO4-000015,Li3PO4,LiOP,32,train
perovskite-000127,perovskite,BaOPbTi,20,train
Li3PO4-001504,Li3PO4,LiOP,32,train
perovskite-000873,perovskite,CaHfOPbSrTiZr,20,train
Li3PO4-007009,Li3PO4,LiOP,32,train
ZrO2-006439,ZrO2,OZr,95,train
ZrO2-001294,ZrO2,OZr,96,train
ZrO2-001660,ZrO2,OZr,96,train
Li3PO4-013069,Li3PO4,LiOP,61,train
ZrO2-006416,ZrO2,OZr,95,train
Li3PO4-007630,Li3PO4,LiOP,32,train
Li3PO4-003881,Li3PO4,LiOP,32,train
ZrO2-004276,ZrO2,OZr,47,train
Li3PO4-008601,Li3PO4,LiOP,31,train
Li3PO4-001451,Li3PO4,LiOP,32,train
Li3PO4-000843,Li3PO4,LiOP,32,train
ZrO2-001181,ZrO2,OZr,96,train
Li3PO4-000999,Li3PO4,LiOP,32,train
ZrO2-006597,ZrO2,OZr,95,train
ZrO2-008988,ZrO2,OZr,48,train
ZrO2-007423,ZrO2,OZr,95,train
ZrO2-006693,ZrO2,OZr,95,train
Li3PO4-009247,Li3PO4,LiOP,31,train
Li3PO4-010202,Li3PO4,LiOP,31,train
Li3PO4-001943,Li3PO4,LiOP,32,train
ZrO2-007752,ZrO2,OZr,95,train
Li3PO4-016947,Li3PO4,LiOP,61,train
Li3PO4-014720,Li3PO4,LiOP,61,train
Li3PO4-001858,Li3PO4,LiOP,32,train
Li3PO4-001886,Li3PO4,LiOP,32,train
ZrO2-009677,ZrO2,OZr,48,train
ZrO2-002062,ZrO2,OZr,95,train
Li3PO4-000093,Li3PO4,LiOP,32,train
ZrO2-005323,ZrO2,OZr,47,train
ZrO2-008361,ZrO2,OZr,48,train
Li3PO4-002660,Li3PO4,LiOP,32,train
Li3PO4-011179,Li3PO4,LiOP,31,train
Li3PO4-006475,Li3PO4,LiOP,32,train
Li3PO4-006095,Li3PO4,LiOP,32,train
Li3PO4-006218,Li3PO4,LiOP,32,train
Li3PO4-017162,Li3PO4,LiOP,61,train
ZrO2-004309,ZrO2,OZr,47,train
ZrO2-003316,ZrO2,OZr,95,train
ZrO2-005482,ZrO2,OZr,47,train
ZrO2-005210,ZrO2,OZr,47,train
ZrO2-002925,ZrO2,OZr,95,train
perovskite-000536,perovskite,BaCaHfOSrTiZr,20,train
Li3PO4-012443,Li3PO4,LiOP,31,train
Li3PO4-000333,Li3PO4,LiOP,32,train
ZrO2-003148,ZrO2,OZr,95,train
ZrO2-007293,ZrO2,OZr,95,train
Li3PO4-013882,Li3PO4,LiOP,61,train
Li3PO4-007566,Li3PO4,LiOP,32,train
Li3PO4-009151,Li3PO4,LiOP,31,train
Li3PO4-011054,Li3PO4,LiOP,31,train
Li3PO4-015598,Li3PO4,LiOP,61,train
Li3PO4-003206,Li3PO4,LiOP,32,train
Li3PO4-000517,Li3PO4,LiOP,32,train
ZrO2-005378,ZrO2,OZr,47,train
Li3PO4-013729,Li3PO4,LiOP,61,train
Li3PO4-007459,Li3PO4,LiOP,32,train
Li3PO4-014628,Li3PO4,LiOP,61,train
Li3PO4-014509,Li3PO4,LiOP,61,train
Li3PO4-013306,Li3PO4,LiOP,61,train
Li3PO4-010461,Li3PO4,LiOP,31,train
Li3PO4-003414,Li3PO4,LiOP,32,train
ZrO2-009901,ZrO2,OZr,48,train
Li3PO4-000489,Li3PO4,LiOP,32,train
Li3PO4-011491,Li3PO4,LiOP,31,train
ZrO2-006501,ZrO2,OZr,95,train
ZrO2-004655,ZrO2,OZr,47,train
ZrO2-008104,ZrO2,OZr,48,train
Li3PO4-003005,Li3PO4,LiOP,32,train
ZrO2-002860,ZrO2,OZr,95,train
Li3PO4-007742,Li3PO4,LiOP,32,train
Li3PO4-015951,Li3PO4,LiOP,61,train
Li3PO4-014294,Li3PO4,LiOP,61,train
Li3PO4-016603,Li3PO4,LiOP,61,train
Li3PO4-006492,Li3PO4,LiOP,32,train
Li3PO4-013496,Li3PO4,LiOP,61,train
Li3PO4-003993,Li3PO4,LiOP,32,train
ZrO2-008305,ZrO2,OZr,48,train
Li3PO4-016969,Li3PO4,LiOP,61,train
Li3PO4-004393,Li3PO4,LiOP,32,train
ZrO2-002487,ZrO2,OZr,95,train
Li3PO4-004264,Li3PO4,LiOP,32,train
Li3PO4-007302,Li3PO4,LiOP,32,train
Li3PO4-013406,Li3PO4,LiOP,61,train
Li3PO4-016147,Li3PO4,LiOP,61,train
ZrO2-009087,ZrO2,OZr,48,train
Li3PO4-017986,Li3PO4,LiOP,61,train
ZrO2-007948,ZrO2,OZr,95,train
Li3PO4-000606,Li3PO4,LiOP,32,train
Li3PO4-012851,Li3PO4,LiOP,31,train
ZrO2-005694,ZrO2,OZr,95,train
ZrO2-004925,ZrO2,OZr,47,train
Li3PO4-003803,Li3PO4,LiOP,32,train
Li3PO4-010414,Li3PO4,LiOP,31,train
Li3PO4-006762,Li3PO4,LiOP,32,train
Li3PO4-004199,Li3PO4,LiOP,32,train
perovskite-000971,perovskite,CaHfOPbSrTi,20,train
ZrO2-000229,ZrO2,OZr,96,train
perovskite-000880,perovskite,CaHfOPbSrZr,20,train
Li3PO4-003105,Li3PO4,LiOP,32,train
ZrO2-006140,ZrO2,OZr,95,train
ZrO2-001239,ZrO2,OZr,96,train
Li3PO4-001569,Li3PO4,LiOP,32,train
Li3PO4-000299,Li3PO4,LiOP,32,train
Li3PO4-004956,Li3PO4,LiOP,32,train
Li3PO4-004648,Li3PO4,LiOP,32,train
Li3PO4-010588,Li3PO4,LiOP,31,train
Li3PO4-014005,Li3PO4,LiOP,61,train
Li3PO4-007627,Li3PO4,LiOP,32,train
Li3PO4-011031,Li3PO4,LiOP,31,train
ZrO2-009723,ZrO2,OZr,48,train
ZrO2-009194,ZrO2,OZr,48,train
Li3PO4-009202,Li3PO4,LiOP,31,train
ZrO2-007446,ZrO2,OZr,95,train
Li3PO4-008477,Li3PO4,LiOP,31,train
ZrO2-007827,ZrO2,OZr,95,train
Li3PO4-008734,Li3PO4,LiOP,31,train
ZrO2-000517,ZrO2,OZr,96,train
Li3PO4-004865,Li3PO4,LiOP,32,train
Li3PO4-001054,Li3PO4,LiOP,32,train
Li3PO4-001955,Li3PO4,LiOP,32,train
ZrO2-003169,ZrO2,OZr,95,train
Li3PO4-014928,Li3PO4,LiOP,61,train
Li3PO4-000060,Li3PO4,LiOP,32,train
Li3PO4-017903,Li3PO4,LiOP,61,train
Li3PO4-015674,Li3PO4,LiOP,61,train
ZrO2-003061,ZrO2,OZr,95,train
ZrO2-005623,ZrO2,OZr,95,train
ZrO2-008424,ZrO2,OZr,48,train
ZrO2-005200,ZrO2,OZr,47,train
ZrO2-000499,ZrO2,OZr,96,train
ZrO2-008110,ZrO2,OZr,48,train
perovskite-000346,perovskite,BaCaHfOTiZr,20,train
Li3PO4-009144,Li3PO4,LiOP,31,train
Li3PO4-014234,Li3PO4,LiOP,61,train
Li3PO4-012147,Li3PO4,LiOP,31,train
Li3PO4-017164,Li3PO4,LiOP,61,train
Li3PO4-016636,Li3PO4,LiOP,61,train
ZrO2-007316,ZrO2,OZr,95,train
Li3PO4-007074,Li3PO4,LiOP,32,train
ZrO2-007555,ZrO2,OZr,95,train
ZrO2-009873,ZrO2,OZr,48,train
ZrO2-007775,ZrO2,OZr,95,train
ZrO2-008738,ZrO2,OZr,48,train
Li3PO4-005570,Li3PO4,LiOP,32,train
Li3PO4-007771,Li3PO4,LiOP,32,train
ZrO2-006934,ZrO2,OZr,95,train
Li3PO4-008799,Li3PO4,LiOP,31,train
Li3PO4-005982,Li3PO4,LiOP,32,train
Li3PO4-008514,Li3PO4,LiOP,31,train
Li3PO4-008659,Li3PO4,LiOP,31,train
Li3PO4-016899,Li3PO4,LiOP,61,train
ZrO2-009537,ZrO2,OZr,48,train
Li3PO4-002421,Li3PO4,LiOP,32,train
Li3PO4-010663,Li3PO4,LiOP,31,train
Li3PO4-000350,Li3PO4,LiOP,32,train
ZrO2-001644,ZrO2,OZr,96,train
Li3PO4-011483,Li3PO4,LiOP,31,train
Li3PO4-012875,Li3PO4,LiOP,31,train
Li3PO4-002758,Li3PO4,LiOP,32,train
Li3PO4-007008,Li3PO4,LiOP,32,train
ZrO2-000947,ZrO2,OZr,96,train
Li3PO4-013258,Li3PO4,LiOP,61,train
Li3PO4-016194,Li3PO4,LiOP,61,train
Li3PO4-012127,Li3PO4,LiOP,31,train
Li3PO4-017425,Li3PO4,LiOP,61,train
ZrO2-000770,ZrO2,OZr,96,train
ZrO2-009964,ZrO2,OZr,48,train
Li3PO4-007548,Li3PO4,LiOP,32,train
ZrO2-007553,ZrO2,OZr,95,train
perovskite-000485,perovskite,CaHfOSrTiZr,20,train
ZrO2-002154,ZrO2,OZr,95,train
Li3PO4-001074,Li3PO4,LiOP,32,train
Li3PO4-010064,Li3PO4,LiOP,31,train
ZrO2-008673,ZrO2,OZr,48,train
Li3PO4-015250,Li3PO4,LiOP,61,train
Li3PO4-013750,Li3PO4,LiOP,61,train
ZrO2-001834,ZrO2,OZr,96,train
ZrO2-009968,ZrO2,OZr,48,train
Li3PO4-001932,Li3PO4,LiOP,32,train
Li3PO4-006212,Li3PO4,LiOP,32,train
ZrO2-007185,ZrO2,OZr,95,train
Li3PO4-013925,Li3PO4,LiOP,61,train
Li3PO4-011494,Li3PO4,LiOP,31,train
Li3PO4-003559,Li3PO4,LiOP,32,train
Li3PO4-003594,Li3PO4,LiOP,32,train
Li3PO4-012772,Li3PO4,LiOP,31,train
Li3PO4-007411,Li3PO4,LiOP,32,train
Li3PO4-000956,Li3PO4,LiOP,32,train
Li3PO4-004403,Li3PO4,LiOP,32,train
ZrO2-001960,ZrO2,OZr,96,train
ZrO2-009281,ZrO2,OZr,48,train
Li3PO4-017617,Li3PO4,LiOP,61,train
ZrO2-005464,ZrO2,OZr,47,train
Li3PO4-005753,Li3PO4,LiOP,32,train
Li3PO4-007382,Li3PO4,LiOP,32,train
Li3PO4-001694,Li3PO4,LiOP,32,train
Li3PO4-009864,Li3PO4,LiOP,31,train
Li3PO4-017500,Li3PO4,LiOP,61,train
Li3PO4-009710,Li3PO4,LiOP,31,train
ZrO2-003005,ZrO2,OZr,95,train
ZrO2-001355,ZrO2,OZr,96,train
ZrO2-001676,ZrO2,OZr,96,train
Li3PO4-009265,Li3PO4,LiOP,31,train
Li3PO4-015276,Li3PO4,LiOP,61,train
ZrO2-004115,ZrO2,OZr,47,train
Li3PO4-005178,Li3PO4,LiOP,32,train
ZrO2-002486,ZrO2,OZr,95,train
Li3PO4-009048,Li3PO4,LiOP,31,train
ZrO2-005770,ZrO2,OZr,95,train
perovskite-000291,perovskite,CaHfOSrTi,20,train
Li3PO4-016272,Li3PO4,LiOP,61,train
Li3PO4-017863,Li3PO4,LiOP,61,train
ZrO2-005573,ZrO2,OZr,95,train
ZrO2-006151,ZrO2,OZr,95,train
Li3PO4-002738,Li3PO4,LiOP,32,train
Li3PO4-005446,Li3PO4,LiOP,32,train
ZrO2-002158,ZrO2,OZr,95,train
Li3PO4-008552,Li3PO4,LiOP,31,train
Li3PO4-013213,Li3PO4,LiOP,61,train
ZrO2-002846,ZrO2,OZr,95,train
ZrO2-004848,ZrO2,OZr,47,train
ZrO2-002677,ZrO2,OZr,95,train
Li3PO4-008619,Li3PO4,LiOP,31,train
ZrO2-000541,ZrO2,OZr,96,train
ZrO2-001881,ZrO2,OZr,96,train
ZrO2-001803,ZrO2,OZr,96,train
Li3PO4-007541,Li3PO4,LiOP,32,train
Li3PO4-009021,Li3PO4,LiOP,31,train
ZrO2-004253,ZrO2,OZr,47,train
Li3PO4-017223,Li3PO4,LiOP,61,train
Li3PO4-003171,Li3PO4,LiOP,32,train
Li3PO4-002303,Li3PO4,LiOP,32,train
ZrO2-007633,ZrO2,OZr,95,train
Li3PO4-003134,Li3PO4,LiOP,32,train
Li3PO4-012783,Li3PO4,LiOP,31,train
Li3PO4-000946,Li3PO4,LiOP,32,train
Li3PO4-001040,Li3PO4,LiOP,32,train
ZrO2-009794,ZrO2,OZr,48,train
ZrO2-005602,ZrO2,OZr,95,train
ZrO2-008448,ZrO2,OZr,48,train
ZrO2-008880,ZrO2,OZr,48,train
Li3PO4-011421,Li3PO4,LiOP,31,train
Li3PO4-012613,Li3PO4,LiOP,31,train
Li3PO4-002167,Li3PO4,LiOP,32,train
Li3PO4-001733,Li3PO4,LiOP,32,train
Li3PO4-001838,Li3PO4,LiOP,32,train
ZrO2-003189,ZrO2,OZr,95,train
Li3PO4-007991,Li3PO4,LiOP,32,train
Li3PO4-002280,Li3PO4,LiOP,32,train
Li3PO4-007330,Li3PO4,LiOP,32,train
ZrO2-006615,ZrO2,OZr,95,train
ZrO2-004808,ZrO2,OZr,47,train
ZrO2-009974,ZrO2,OZr,48,train
Li3PO4-017711,Li3PO4,LiOP,61,train
ZrO2-003378,ZrO2,OZr,95,train
ZrO2-006913,ZrO2,OZr,95,train
Li3PO4-013639,Li3PO4,LiOP,61,train
Li3PO4-003376,Li3PO4,LiOP,32,train
ZrO2-001272,ZrO2,OZr,96,train
Li3PO4-006909,Li3PO4,LiOP,32,train
Li3PO4-004672,Li3PO4,LiOP,32,train
Li3PO4-007373,Li3PO4,LiOP,32,train
Li3PO4-014227,Li3PO4,LiOP,61,train
ZrO2-009659,ZrO2,OZr,48,train
Li3PO4-011307,Li3PO4,LiOP,31,train
ZrO2-008970,ZrO2,OZr,48,train
Li3PO4-004266,Li3PO4,LiOP,32,train
Li3PO4-005302,Li3PO4,LiOP,32,train
Li3PO4-013586,Li3PO4,LiOP,61,train
perovskite-000640,perovskite,CaHfOPbSrTiZr,20,train
ZrO2-010087,ZrO2,OZr,48,train
ZrO2-004546,ZrO2,OZr,47,train
Li3PO4-004642,Li3PO4,LiOP,32,train
Li3PO4-012311,Li3PO4,LiOP,31,train
Li3PO4-003111,Li3PO4,LiOP,32,train
Li3PO4-017990,Li3PO4,LiOP,61,train
Li3PO4-011932,Li3PO4,LiOP,31,train
ZrO2-007502,ZrO2,OZr,95,train
Li3PO4-011735,Li3PO4,LiOP,31,train
perovskite-000953,perovskite,CaHfOPbSrTiZr,20,train
Li3PO4-014543,Li3PO4,LiOP,61,train
ZrO2-010052,ZrO2,OZr,48,train
Li3PO4-014868,Li3PO4,LiOP,61,train
Li3PO4-016434,Li3PO4,LiOP,61,train
Li3PO4-006584,Li3PO4,LiOP,32,train
Li3PO4-008590,Li3PO4,LiOP,31,train
Li3PO4-005747,Li3PO4,LiOP,32,train
Li3PO4-007526,Li3PO4,LiOP,32,train
ZrO2-009440,ZrO2,OZr,48,train
Li3PO4-016241,Li3PO4,LiOP,61,train
Li3PO4-016144,Li3PO4,LiOP,61,train
ZrO2-007463,ZrO2,OZr,95,train
ZrO2-001086,ZrO2,OZr,96,train
Li3PO4-004771,Li3PO4,LiOP,32,train
Li3PO4-017281,Li3PO4,LiOP,61,train
Li3PO4-005255,Li3PO4,LiOP,32,train
Li3PO4-007678,Li3PO4,LiOP,32,train
Li3PO4-017194,Li3PO4,LiOP,61,train
ZrO2-007286,ZrO2,OZr,95,train
ZrO2-002105,ZrO2,OZr,95,train
ZrO2-004556,ZrO2,OZr,47,train
ZrO2-005304,ZrO2,OZr,47,train
Li3PO4-006629,Li3PO4,LiOP,32,train
perovskite-001202,perovskite,CaHfOSrTiZr,20,train
ZrO2-003904,ZrO2,OZr,47,train
perovskite-000480,perovskite,BaCaHfOPbZr,20,train
Li3PO4-001215,Li3PO4,LiOP,32,train
Li3PO4-014812,Li3PO4,LiOP,61,train
Li3PO4-004474,Li3PO4,LiOP,32,train
Li3PO4-015157,Li3PO4,LiOP,61,train
Li3PO4-013963,Li3PO4,LiOP,61,train
Li3PO4-017976,Li3PO4,LiOP,61,train
ZrO2-000098,ZrO2,OZr,96,train
Li3PO4-013268,Li3PO4,LiOP,61,train
ZrO2-008797,ZrO2,OZr,48,train
ZrO2-006881,ZrO2,OZr,95,train
ZrO2-003332,ZrO2,OZr,95,train
ZrO2-008265,ZrO2,OZr,48,train
ZrO2-006262,ZrO2,OZr,95,train
Li3PO4-015905,Li3PO4,LiOP,61,train
ZrO2-003506,ZrO2,OZr,95,train
ZrO2-002074,ZrO2,OZr,95,train
Li3PO4-010773,Li3PO4,LiOP,31,train
Li3PO4-011528,Li3PO4,LiOP,31,train
Li3PO4-001734,Li3PO4,LiOP,32,train
Li3PO4-000561,Li3PO4,LiOP,32,train
Li3PO4-008105,Li3PO4,LiOP,31,train
Li3PO4-015509,Li3PO4,LiOP,61,train
Li3PO4-005654,Li3PO4,LiOP,32,train
Li3PO4-001180,Li3PO4,LiOP,32,train
perovskite-000927,perovskite,CaHfOPbSrTi,20,train
Li3PO4-010423,Li3PO4,LiOP,31,train
ZrO2-006091,ZrO2,OZr,95,train
Li3PO4-012916,Li3PO4,LiOP,31,train
Li3PO4-008585,Li3PO4,LiOP,31,train
Li3PO4-003231,Li3PO4,LiOP,32,train
ZrO2-004895,ZrO2,OZr,47,train
Li3PO4-005134,Li3PO4,LiOP,32,train
Li3PO4-014637,Li3PO4,LiOP,61,train
Li3PO4-000149,Li3PO4,LiOP,32,train
Li3PO4-013550,Li3PO4,LiOP,61,train
ZrO2-007939,ZrO2,OZr,95,train
Li3PO4-014678,Li3PO4,LiOP,61,train
Li3PO4-012814,Li3PO4,LiOP,31,train
Li3PO4-012852,Li3PO4,LiOP,31,train
Li3PO4-010633,Li3PO4,LiOP,31,train
Li3PO4-015142,Li3PO4,LiOP,61,train
Li3PO4-002958,Li3PO4,LiOP,32,train
ZrO2-000997,ZrO2,OZr,96,train
Li3PO4-014877,Li3PO4,LiOP,61,train
Li3PO4-010370,Li3PO4,LiOP,31,train
ZrO2-008531,ZrO2,OZr,48,train
Li3PO4-008494,Li3PO4,LiOP,31,train
ZrO2-009336,ZrO2,OZr,48,train
ZrO2-006989,ZrO2,OZr,95,train
Li3PO4-013085,Li3PO4,LiOP,61,train
ZrO2-005907,ZrO2,OZr,95,train
Li3PO4-001232,Li3PO4,LiOP,32,train
Li3PO4-000241,Li3PO4,LiOP,32,train
ZrO2-005861,ZrO2,OZr,95,train
perovskite-000512,perovskite,BaCaHfOSrTiZr,20,train
Li3PO4-015244,Li3PO4,LiOP,61,train
ZrO2-005203,ZrO2,OZr,47,train
ZrO2-006070,ZrO2,OZr,95,train
Li3PO4-002732,Li3PO4,LiOP,32,train
Li3PO4-016332,Li3PO4,LiOP,61,train
Li3PO4-013423,Li3PO4,LiOP,61,train
Li3PO4-013282,Li3PO4,LiOP,61,train
ZrO2-005218,ZrO2,OZr,47,train
Li3PO4-016660,Li3PO4,LiOP,61,train
Li3PO4-008808,Li3PO4,LiOP,31,train
ZrO2-000232,ZrO2,OZr,96,train
Li3PO4-005778,Li3PO4,LiOP,32,train
Li3PO4-011132,Li3PO4,LiOP,31,train
Li3PO4-008306,Li3PO4,LiOP,31,train
Li3PO4-014835,Li3PO4,LiOP,61,train
Li3PO4-016876,Li3PO4,LiOP,61,train
Li3PO4-004874,Li3PO4,LiOP,32,train
Li3PO4-003197,Li3PO4,LiOP,32,train
Li3PO4-015359,Li3PO4,LiOP,61,train
Li3PO4-004021,Li3PO4,LiOP,32,train
Li3PO4-017891,Li3PO4,LiOP,61,train
Li3PO4-013652,Li3PO4,LiOP,61,train
Li3PO4-000383,Li3PO4,LiOP,32,train
ZrO2-006531,ZrO2,OZr,95,train
ZrO2-008168,ZrO2,OZr,48,train
Li3PO4-005581,Li3PO4,LiOP,32,train
ZrO2-005126,ZrO2,OZr,47,train
Li3PO4-015438,Li3PO4,LiOP,61,train
Li3PO4-014953,Li3PO4,LiOP,61,train
Li3PO4-002714,Li3PO4,LiOP,32,train
ZrO2-003924,ZrO2,OZr,47,train
Li3PO4-012941,Li3PO4,LiOP,31,train
Li3PO4-001620,Li3PO4,LiOP,32,train
Li3PO4-005476,Li3PO4,LiOP,32,train
Li3PO4-008479,Li3PO4,LiOP,31,train
Li3PO4-000435,Li3PO4,LiOP,32,train
Li3PO4-011596,Li3PO4,LiOP,31,train
ZrO2-010041,ZrO2,OZr,48,train
perovskite-000230,perovskite,CaHfOTiZr,20,train
Li3PO4-014077,Li3PO4,LiOP,61,train
ZrO2-007908,ZrO2,OZr,95,train
ZrO2-005194,ZrO2,OZr,47,train
Li3PO4-007966,Li3PO4,LiOP,32,train
ZrO2-003478,ZrO2,OZr,95,train
Li3PO4-000071,Li3PO4,LiOP,32,train
ZrO2-001538,ZrO2,OZr,96,train
ZrO2-001826,ZrO2,OZr,96,train
Li3PO4-006770,Li3PO4,LiOP,32,train
Li3PO4-010887,Li3PO4,LiOP,31,train
ZrO2-008536,ZrO2,OZr,48,train
ZrO2-009277,ZrO2,OZr,48,train
Li3PO4-011400,Li3PO4,LiOP,31,train
ZrO2-004434,ZrO2,OZr,47,train
ZrO2-000329,ZrO2,OZr,96,train
Li3PO4-017244,Li3PO4,LiOP,61,train
Li3PO4-004847,Li3PO4,LiOP,32,train
Li3PO4-016775,Li3PO4,LiOP,61,train
Li3PO4-014161,Li3PO4,LiOP,61,train
ZrO2-002715,ZrO2,OZr,95,train
Li3PO4-016621,Li3PO4,LiOP,61,train
Li3PO4-005343,Li3PO4,LiOP,32,train
Li3PO4-006317,Li3PO4,LiOP,32,train
Li3PO4-003633,Li3PO4,LiOP,32,train
ZrO2-007720,ZrO2,OZr,95,train
ZrO2-004619,ZrO2,OZr,47,train
ZrO2-008933,ZrO2,OZr,48,train
ZrO2-003120,ZrO2,OZr,95,train
Li3PO4-004280,Li3PO4,LiOP,32,train
Li3PO4-014260,Li3PO4,LiOP,61,train
Li3PO4-015850,Li3PO4,LiOP,61,train
Li3PO4-005269,Li3PO4,LiOP,32,train
Li3PO4-012777,Li3PO4,LiOP,31,train
ZrO2-000677,ZrO2,OZr,96,train
Li3PO4-011561,Li3PO4,LiOP,31,train
ZrO2-003525,ZrO2,OZr,95,train
ZrO2-000112,ZrO2,OZr,96,train
ZrO2-003643,ZrO2,OZr,47,train
ZrO2-008507,ZrO2,OZr,48,train
Li3PO4-003237,Li3PO4,LiOP,32,train
ZrO2-008942,ZrO2,OZr,48,train
ZrO2-000246,ZrO2,OZr,96,train
Li3PO4-009086,Li3PO4,LiOP,31,train
Li3PO4-012075,Li3PO4,LiOP,31,train
Li3PO4-006038,Li3PO4,LiOP,32,train
ZrO2-003415,ZrO2,OZr,95,train
ZrO2-000418,ZrO2,OZr,96,train
Li3PO4-009729,Li3PO4,LiOP,31,train
Li3PO4-002875,Li3PO4,LiOP,32,train
Li3PO4-011832,Li3PO4,LiOP,31,train
Li3PO4-002331,Li3PO4,LiOP,32,train
Li3PO4-013902,Li3PO4,LiOP,61,train
Li3PO4-013202,Li3PO4,LiOP,61,train
ZrO2-002162,ZrO2,OZr,95,train
ZrO2-006385,ZrO2,OZr,95,train
ZrO2-004101,ZrO2,OZr,47,train
ZrO2-008177,ZrO2,OZr,48,train
ZrO2-002245,ZrO2,OZr,95,train
Li3PO4-013058,Li3PO4,LiOP,61,train
ZrO2-010033,ZrO2,OZr,48,train
Li3PO4-017602,Li3PO4,LiOP,61,train
ZrO2-000909,ZrO2,OZr,96,train
Li3PO4-013767,Li3PO4,LiOP,61,train
Li3PO4-011794,Li3PO4,LiOP,31,train
ZrO2-008349,ZrO2,OZr,48,train
Li3PO4-012913,Li3PO4,LiOP,31,train
ZrO2-008567,ZrO2,OZr,48,train
ZrO2-008280,ZrO2,OZr,48,train
Li3PO4-011378,Li3PO4,LiOP,31,train
perovskite-001215,perovskite,CaHfOSrZr,20,train
Li3PO4-012557,Li3PO4,LiOP,31,train
Li3PO4-017527,Li3PO4,LiOP,61,train
ZrO2-008398,ZrO2,OZr,48,train
ZrO2-006173,ZrO2,OZr,95,train
Li3PO4-012286,Li3PO4,LiOP,31,train
Li3PO4-017790,Li3PO4,LiOP,61,train
ZrO2-008239,ZrO2,OZr,48,train
Li3PO4-003119,Li3PO4,LiOP,32,train
Li3PO4-017774,Li3PO4,LiOP,61,train
ZrO2-000491,ZrO2,OZr,96,train
Li3PO4-017387,Li3PO4,LiOP,61,train
Li3PO4-009394,Li3PO4,LiOP,31,train
ZrO2-006660,ZrO2,OZr,95,train
ZrO2-009132,ZrO2,OZr,48,train
Li3PO4-002865,Li3PO4,LiOP,32,train
Li3PO4-006430,Li3PO4,LiOP,32,train
ZrO2-005229,ZrO2,OZr,47,train
Li3PO4-005765,Li3PO4,LiOP,32,train
Li3PO4-002300,Li3PO4,LiOP,32,train
Li3PO4-004328,Li3PO4,LiOP,32,train
ZrO2-007050,ZrO2,OZr,95,train
Li3PO4-005362,Li3PO4,LiOP,32,train
Li3PO4-017869,Li3PO4,LiOP,61,train
Li3PO4-004214,Li3PO4,LiOP,32,train
Li3PO4-007942,Li3PO4,LiOP,32,train
ZrO2-001807,ZrO2,OZr,96,train
Li3PO4-014304,Li3PO4,LiOP,61,train
Li3PO4-015082,Li3PO4,LiOP,61,train
ZrO2-002174,ZrO2,OZr,95,train
ZrO2-008515,ZrO2,OZr,48,train
ZrO2-001627,ZrO2,OZr,96,train
ZrO2-000665,ZrO2,OZr,96,train
ZrO2-008042,ZrO2,OZr,95,train
Li3PO4-015863,Li3PO4,LiOP,61,train
ZrO2-007715,ZrO2,OZr,95,train
ZrO2-007071,ZrO2,OZr,95,train
ZrO2-004940,ZrO2,OZr,47,train
Li3PO4-000495,Li3PO4,LiOP,32,train
ZrO2-004441,ZrO2,OZr,47,train
ZrO2-001726,ZrO2,OZr,96,train
Li3PO4-005040,Li3PO4,LiOP,32,train
ZrO2-001969,ZrO2,OZr,96,train
ZrO2-002813,ZrO2,OZr,95,train
ZrO2-007427,ZrO2,OZr,95,train
ZrO2-008317,ZrO2,OZr,48,train
ZrO2-001694,ZrO2,OZr,96,train
ZrO2-008382,ZrO2,OZr,48,train
Li3PO4-015872,Li3PO4,LiOP,61,train
Li3PO4-007352,Li3PO4,LiOP,32,train
perovskite-000936,perovskite,CaHfOPbSrTiZr,20,train
Li3PO4-015075,Li3PO4,LiOP,61,train
Li3PO4-002630,Li3PO4,LiOP,32,train
ZrO2-001799,ZrO2,OZr,96,train
perovskite-000752,perovskite,CaHfOPbTiZr,20,train
Li3PO4-003002,Li3PO4,LiOP,32,train
Li3PO4-003358,Li3PO4,LiOP,32,train
ZrO2-007014,ZrO2,OZr,95,train
Li3PO4-002577,Li3PO4,LiOP,32,train
Li3PO4-001888,Li3PO4,LiOP,32,train
ZrO2-007971,ZrO2,OZr,95,train
Li3PO4-002820,Li3PO4,LiOP,32,train
Li3PO4-011206,Li3PO4,LiOP,31,train
Li3PO4-017083,Li3PO4,LiOP,61,train
Li3PO4-002048,Li3PO4,LiOP,32,train
Li3PO4-017323,Li3PO4,LiOP,61,train
perovskite-001147,perovskite,BaCaHfOPbTi,20,train
Li3PO4-016994,Li3PO4,LiOP,61,train
Li3PO4-017697,Li3PO4,LiOP,61,train
ZrO2-005024,ZrO2,OZr,47,train
ZrO2-008293,ZrO2,OZr,48,train
Li3PO4-002767,Li3PO4,LiOP,32,train
Li3PO4-006407,Li3PO4,LiOP,32,train
ZrO2-006848,ZrO2,OZr,95,train
Li3PO4-001468,Li3PO4,LiOP,32,train
Li3PO4-008709,Li3PO4,LiOP,31,train
Li3PO4-012676,Li3PO4,LiOP,31,train
Li3PO4-001998,Li3PO4,LiOP,32,train
Li3PO4-006440,Li3PO4,LiOP,32,train
Li3PO4-006678,Li3PO4,LiOP,32,train
ZrO2-008245,ZrO2,OZr,48,train
ZrO2-002565,ZrO2,OZr,95,train
Li3PO4-004636,Li3PO4,LiOP,32,train
ZrO2-009066,ZrO2,OZr,48,train
Li3PO4-006209,Li3PO4,LiOP,32,train
ZrO2-001776,ZrO2,OZr,96,train
Li3PO4-000164,Li3PO4,LiOP,32,train
ZrO2-002896,ZrO2,OZr,95,train
Li3PO4-009331,Li3PO4,LiOP,31,train
Li3PO4-005868,Li3PO4,LiOP,32,train
Li3PO4-003104,Li3PO4,LiOP,32,train
Li3PO4-003420,Li3PO4,LiOP,32,train
Li3PO4-004963,Li3PO4,LiOP,32,train
Li3PO4-000527,Li3PO4,LiOP,32,train
Li3PO4-001523,Li3PO4,LiOP,32,train
perovskite-001045,perovskite,BaCaHfOPbZr,20,train
Li3PO4-011277,Li3PO4,LiOP,31,train
Li3PO4-004988,Li3PO4,LiOP,32,train
ZrO2-004651,ZrO2,OZr,47,train
Li3PO4-001926,Li3PO4,LiOP,32,train
ZrO2-006754,ZrO2,OZr,95,train
ZrO2-009128,ZrO2,OZr,48,train
Li3PO4-004819,Li3PO4,LiOP,32,train
ZrO2-005893,ZrO2,OZr,95,train
Li3PO4-015766,Li3PO4,LiOP,61,train
Li3PO4-006689,Li3PO4,LiOP,32,train
Li3PO4-009345,Li3PO4,LiOP,31,train
ZrO2-007914,ZrO2,OZr,95,train
Li3PO4-016164,Li3PO4,LiOP,61,train
ZrO2-004843,ZrO2,OZr,47,train
Li3PO4-016277,Li3PO4,LiOP,61,train
Li3PO4-004419,Li3PO4,LiOP,32,train
Li3PO4-016355,Li3PO4,LiOP,61,train
ZrO2-008027,ZrO2,OZr,95,train
Li3PO4-013084,Li3PO4,LiOP,61,train
Li3PO4-003768,Li3PO4,LiOP,32,train
ZrO2-006227,ZrO2,OZr,95,train
Li3PO4-004550,Li3PO4,LiOP,32,train
ZrO2-009939,ZrO2,OZr,48,train
Li3PO4-014470,Li3PO4,LiOP,61,train
ZrO2-003296,ZrO2,OZr,95,train
ZrO2-004691,ZrO2,OZr,47,train
Li3PO4-009409,Li3PO4,LiOP,31,train
Li3PO4-011917,Li3PO4,LiOP,31,train
ZrO2-007069,ZrO2,OZr,95,train
Li3PO4-000758,Li3PO4,LiOP,32,train
Li3PO4-000420,Li3PO4,LiOP,32,train
Li3PO4-005243,Li3PO4,LiOP,32,train
ZrO2-003844,ZrO2,OZr,47,train
Li3PO4-008480,Li3PO4,LiOP,31,train
Li3PO4-008357,Li3PO4,LiOP,31,train
ZrO2-008013,ZrO2,OZr,95,train
Li3PO4-001990,Li3PO4,LiOP,32,train
ZrO2-006328,ZrO2,OZr,95,train
Li3PO4-010544,Li3PO4,LiOP,31,train
Li3PO4-015201,Li3PO4,LiOP,61,train
Li3PO4-005341,Li3PO4,LiOP,32,train
Li3PO4-010038,Li3PO4,LiOP,31,train
Li3PO4-014467,Li3PO4,LiOP,61,train
Li3PO4-006148,Li3PO4,LiOP,32,train
Li3PO4-007479,Li3PO4,LiOP,32,train
Li3PO4-001761,Li3PO4,LiOP,32,train
Li3PO4-007841,Li3PO4,LiOP,32,train
Li3PO4-002183,Li3PO4,LiOP,32,train
Li3PO4-003771,Li3PO4,LiOP,32,train
ZrO2-009251,ZrO2,OZr,48,train
Li3PO4-016894,Li3PO4,LiOP,61,train
Li3PO4-015366,Li3PO4,LiOP,61,train
ZrO2-000723,ZrO2,OZr,96,train
Li3PO4-013907,Li3PO4,LiOP,61,train
perovskite-000532,perovskite,BaCaHfOSrTiZr,20,train
Li3PO4-012360,Li3PO4,LiOP,31,train
ZrO2-004036,ZrO2,OZr,47,train
ZrO2-003561,ZrO2,OZr,95,train
ZrO2-002470,ZrO2,OZr,95,train
ZrO2-010099,ZrO2,OZr,48,train
Li3PO4-001980,Li3PO4,LiOP,32,train
Li3PO4-011564,Li3PO4,LiOP,31,train
ZrO2-007655,ZrO2,OZr,95,train
ZrO2-006225,ZrO2,OZr,95,train
ZrO2-002227,ZrO2,OZr,95,train
ZrO2-000735,ZrO2,OZr,96,train
Li3PO4-012453,Li3PO4,LiOP,31,train
ZrO2-008202,ZrO2,OZr,48,train
Li3PO4-001659,Li3PO4,LiOP,32,train
ZrO2-004505,ZrO2,OZr,47,train
Li3PO4-017358,Li3PO4,LiOP,61,train
ZrO2-004600,ZrO2,OZr,47,train
Li3PO4-009337,Li3PO4,LiOP,31,train
Li3PO4-007115,Li3PO4,LiOP,32,train
Li3PO4-012226,Li3PO4,LiOP,31,train
Li3PO4-005372,Li3PO4,LiOP,32,train
Li3PO4-012395,Li3PO4,LiOP,31,train
Li3PO4-002818,Li3PO4,LiOP,32,train
Li3PO4-009964,Li3PO4,LiOP,31,train
ZrO2-004774,ZrO2,OZr,47,train
ZrO2-003547,ZrO2,OZr,95,train
ZrO2-001884,ZrO2,OZr,96,train
perovskite-001113,perovskite,BaCaHfOPbSrTiZr,20,train
perovskite-000035,perovskite,BaCaOPbSrZr,20,train
ZrO2-000506,ZrO2,OZr,96,train
Li3PO4-011304,Li3PO4,LiOP,31,train
ZrO2-000247,ZrO2,OZr,96,train
ZrO2-002436,ZrO2,OZr,95,train
Li3PO4-009522,Li3PO4,LiOP,31,train
Li3PO4-013262,Li3PO4,LiOP,61,train
Li3PO4-010770,Li3PO4,LiOP,31,train
ZrO2-004287,ZrO2,OZr,47,train
ZrO2-000198,ZrO2,OZr,96,train
Li3PO4-002862,Li3PO4,LiOP,32,train
ZrO2-002438,ZrO2,OZr,95,train
Li3PO4-016215,Li3PO4,LiOP,61,train
ZrO2-000831,ZrO2,OZr,96,train
Li3PO4-017820,Li3PO4,LiOP,61,train
Li3PO4-004298,Li3PO4,LiOP,32,train
Li3PO4-016962,Li3PO4,LiOP,61,train
Li3PO4-011829,Li3PO4,LiOP,31,train
Li3PO4-009348,Li3PO4,LiOP,31,train
ZrO2-009238,ZrO2,OZr,48,train
ZrO2-006122,ZrO2,OZr,95,train
Li3PO4-009190,Li3PO4,LiOP,31,train
Li3PO4-013297,Li3PO4,LiOP,61,train
Li3PO4-010201,Li3PO4,LiOP,31,train
ZrO2-000411,ZrO2,OZr,96,train
Li3PO4-008382,Li3PO4,LiOP,31,train
Li3PO4-012229,Li3PO4,LiOP,31,train
Li3PO4-013118,Li3PO4,LiOP,61,train
Li3PO4-009692,Li3PO4,LiOP,31,train
Li3PO4-000783,Li3PO4,LiOP,32,train
Li3PO4-007922,Li3PO4,LiOP,32,train
Li3PO4-002989,Li3PO4,LiOP,32,train
Li3PO4-012671,Li3PO4,LiOP,31,train
Li3PO4-015688,Li3PO4,LiOP,61,train
Li3PO4-002616,Li3PO4,LiOP,32,train
perovskite-000382,perovskite,CaOPbTiZr,20,train
Li3PO4-003735,Li3PO4,LiOP,32,train
ZrO2-008881,ZrO2,OZr,48,train
ZrO2-004751,ZrO2,OZr,47,train
Li3PO4-001909,Li3PO4,LiOP,32,train
Li3PO4-012669,Li3PO4,LiOP,31,train
Li3PO4-008098,Li3PO4,LiOP,31,train
Li3PO4-016122,Li3PO4,LiOP,61,train
Li3PO4-008194,Li3PO4,LiOP,31,train
ZrO2-002084,ZrO2,OZr,95,train
ZrO2-009033,ZrO2,OZr,48,train
ZrO2-005518,ZrO2,OZr,47,train
ZrO2-003564,ZrO2,OZr,95,train
ZrO2-003454,ZrO2,OZr,95,train
Li3PO4-014625,Li3PO4,LiOP,61,train
ZrO2-000785,ZrO2,OZr,96,train
Li3PO4-004821,Li3PO4,LiOP,32,train
Li3PO4-006913,Li3PO4,LiOP,32,train
ZrO2-010045,ZrO2,OZr,48,train
ZrO2-003990,ZrO2,OZr,47,train
Li3PO4-006448,Li3PO4,LiOP,32,train
Li3PO4-012402,Li3PO4,LiOP,31,train
Li3PO4-005980,Li3PO4,LiOP,32,train
Li3PO4-012712,Li3PO4,LiOP,31,train
Li3PO4-014815,Li3PO4,LiOP,61,train
Li3PO4-012357,Li3PO4,LiOP,31,train
Li3PO4-011002,Li3PO4,LiOP,31,train
ZrO2-006773,ZrO2,OZr,95,train
ZrO2-006694,ZrO2,OZr,95,train
perovskite-000718,perovskite,CaHfOPbZr,20,train
ZrO2-000547,ZrO2,OZr,96,train
Li3PO4-001726,Li3PO4,LiOP,32,train
Li3PO4-017585,Li3PO4,LiOP,61,train
ZrO2-001180,ZrO2,OZr,96,train
Li3PO4-012446,Li3PO4,LiOP,31,train
Li3PO4-015980,Li3PO4,LiOP,61,train
Li3PO4-004104,Li3PO4,LiOP,32,train
Li3PO4-014122,Li3PO4,LiOP,61,train
Li3PO4-017861,Li3PO4,LiOP,61,train
Li3PO4-006312,Li3PO4,LiOP,32,train
Li3PO4-001060,Li3PO4,LiOP,32,train
Li3PO4-003933,Li3PO4,LiOP,32,train
Li3PO4-009880,Li3PO4,LiOP,31,train
Li3PO4-002819,Li3PO4,LiOP,32,train
Li3PO4-001066,Li3PO4,LiOP,32,train
ZrO2-001184,ZrO2,OZr,96,train
Li3PO4-017315,Li3PO4,LiOP,61,train
ZrO2-000918,ZrO2,OZr,96,train
Li3PO4-008452,Li3PO4,LiOP,31,train
ZrO2-002554,ZrO2,OZr,95,train
Li3PO4-009812,Li3PO4,LiOP,31,train
Li3PO4-008390,Li3PO4,LiOP,31,train
Li3PO4-004274,Li3PO4,LiOP,32,train
Li3PO4-016017,Li3PO4,LiOP,61,train
Li3PO4-014055,Li3PO4,LiOP,61,train
Li3PO4-007356,Li3PO4,LiOP,32,train
ZrO2-007603,ZrO2,OZr,95,train
Li3PO4-016656,Li3PO4,LiOP,61,train
ZrO2-009646,ZrO2,OZr,48,train
Li3PO4-003909,Li3PO4,LiOP,32,train
Li3PO4-007522,Li3PO4,LiOP,32,train
Li3PO4-008760,Li3PO4,LiOP,31,train
ZrO2-007701,ZrO2,OZr,95,train
Li3PO4-006376,Li3PO4,LiOP,32,train
Li3PO4-002495,Li3PO4,LiOP,32,train
Li3PO4-002261,Li3PO4,LiOP,32,train
ZrO2-001723,ZrO2,OZr,96,train
Li3PO4-004262,Li3PO4,LiOP,32,train
Li3PO4-001368,Li3PO4,LiOP,32,train
ZrO2-008863,ZrO2,OZr,48,train
Li3PO4-015526,Li3PO4,LiOP,61,train
Li3PO4-000278,Li3PO4,LiOP,32,train
ZrO2-003761,ZrO2,OZr,47,train
ZrO2-009466,ZrO2,OZr,48,train
ZrO2-002249,ZrO2,OZr,95,train
ZrO2-008355,ZrO2,OZr,48,train
Li3PO4-013238,Li3PO4,LiOP,61,train
ZrO2-004941,ZrO2,OZr,47,train
Li3PO4-010097,Li3PO4,LiOP,31,train
Li3PO4-013778,Li3PO4,LiOP,61,train
Li3PO4-000270,Li3PO4,LiOP,32,train
ZrO2-006750,ZrO2,OZr,95,train
Li3PO4-009561,Li3PO4,LiOP,31,train
Li3PO4-010091,Li3PO4,LiOP,31,train
Li3PO4-015834,Li3PO4,LiOP,61,train
ZrO2-009606,ZrO2,OZr,48,train
Li3PO4-014178,Li3PO4,LiOP,61,train
Li3PO4-012874,Li3PO4,LiOP,31,train
ZrO2-001528,ZrO2,OZr,96,train
ZrO2-003295,ZrO2,OZr,95,train
Li3PO4-012796,Li3PO4,LiOP,31,train
ZrO2-005496,ZrO2,OZr,47,train
Li3PO4-004621,Li3PO4,LiOP,32,train
Li3PO4-004590,Li3PO4,LiOP,32,train
ZrO2-000442,ZrO2,OZr,96,train
Li3PO4-017485,Li3PO4,LiOP,61,train
Li3PO4-015861,Li3PO4,LiOP,61,train
Li3PO4-000208,Li3PO4,LiOP,32,train
Li3PO4-013111,Li3PO4,LiOP,61,train
Li3PO4-000825,Li3PO4,LiOP,32,train
ZrO2-003255,ZrO2,OZr,95,train
Li3PO4-009999,Li3PO4,LiOP,31,train
Li3PO4-002743,Li3PO4,LiOP,32,train
Li3PO4-006893,Li3PO4,LiOP,32,train
perovskite-000993,perovskite,BaCaHfOPbSrTiZr,20,train
ZrO2-009407,ZrO2,OZr,48,train
Li3PO4-000656,Li3PO4,LiOP,32,train
Li3PO4-011804,Li3PO4,LiOP,31,train
Li3PO4-000767,Li3PO4,LiOP,32,train
ZrO2-009548,ZrO2,OZr,48,train
Li3PO4-015707,Li3PO4,LiOP,61,train
ZrO2-005274,ZrO2,OZr,47,train
Li3PO4-006495,Li3PO4,LiOP,32,train
Li3PO4-016607,Li3PO4,LiOP,61,train
Li3PO4-016717,Li3PO4,LiOP,61,train
Li3PO4-003845,Li3PO4,LiOP,32,train
ZrO2-004656,ZrO2,OZr,47,train
ZrO2-007061,ZrO2,OZr,95,train
ZrO2-007405,ZrO2,OZr,95,train
perovskite-000802,perovskite,CaHfOPbSrTiZr,20,train
Li3PO4-009679,Li3PO4,LiOP,31,train
ZrO2-008444,ZrO2,OZr,48,train
ZrO2-003322,ZrO2,OZr,95,train
ZrO2-003931,ZrO2,OZr,47,train
Li3PO4-015925,Li3PO4,LiOP,61,train
Li3PO4-004763,Li3PO4,LiOP,32,train
Li3PO4-002518,Li3PO4,LiOP,32,train
ZrO2-004348,ZrO2,OZr,47,train
Li3PO4-000353,Li3PO4,LiOP,32,train
Li3PO4-003412,Li3PO4,LiOP,32,train
ZrO2-006533,ZrO2,OZr,95,train
Li3PO4-008871,Li3PO4,LiOP,31,train
Li3PO4-005159,Li3PO4,LiOP,32,train
Li3PO4-014655,Li3PO4,LiOP,61,train
ZrO2-003224,ZrO2,OZr,95,train
Li3PO4-012191,Li3PO4,LiOP,31,train
ZrO2-009487,ZrO2,OZr,48,train
Li3PO4-004912,Li3PO4,LiOP,32,train
perovskite-000736,perovskite,CaHfOPbTiZr,20,train
Li3PO4-014198,Li3PO4,LiOP,61,train
Li3PO4-005751,Li3PO4,LiOP,32,train
Li3PO4-001601,Li3PO4,LiOP,32,train
perovskite-000283,perovskite,CaHfOPbZr,20,train
ZrO2-005195,ZrO2,OZr,47,train
Li3PO4-014162,Li3PO4,LiOP,61,train
Li3PO4-013369,Li3PO4,LiOP,61,train
ZrO2-007680,ZrO2,OZr,95,train
ZrO2-001026,ZrO2,OZr,96,train
ZrO2-001035,ZrO2,OZr,96,train
ZrO2-003708,ZrO2,OZr,47,train
ZrO2-008728,ZrO2,OZr,48,train
ZrO2-004321,ZrO2,OZr,47,train
ZrO2-009760,ZrO2,OZr,48,train
Li3PO4-011649,Li3PO4,LiOP,31,train
ZrO2-006585,ZrO2,OZr,95,train
Li3PO4-006001,Li3PO4,LiOP,32,train
Li3PO4-015740,Li3PO4,LiOP,61,train
Li3PO4-014072,Li3PO4,LiOP,61,train
Li3PO4-012393,Li3PO4,LiOP,31,train
Li3PO4-007589,Li3PO4,LiOP,32,train
Li3PO4-015149,Li3PO4,LiOP,61,train
Li3PO4-015210,Li3PO4,LiOP,61,train
Li3PO4-003172,Li3PO4,LiOP,32,train
ZrO2-004705,ZrO2,OZr,47,train
Li3PO4-012124,Li3PO4,LiOP,31,train
ZrO2-002170,ZrO2,OZr,95,train
ZrO2-009728,ZrO2,OZr,48,train
ZrO2-004290,ZrO2,OZr,47,train
Li3PO4-007601,Li3PO4,LiOP,32,train
ZrO2-003301,ZrO2,OZr,95,train
ZrO2-002159,ZrO2,OZr,95,train
Li3PO4-014266,Li3PO4,LiOP,61,train
ZrO2-009406,ZrO2,OZr,48,train
ZrO2-002231,ZrO2,OZr,95,train
ZrO2-000581,ZrO2,OZr,96,train
ZrO2-007507,ZrO2,OZr,95,train
Li3PO4-006207,Li3PO4,LiOP,32,train
Li3PO4-017132,Li3PO4,LiOP,61,train
Li3PO4-014231,Li3PO4,LiOP,61,train
Li3PO4-014954,Li3PO4,LiOP,61,train
ZrO2-001092,ZrO2,OZr,96,train
ZrO2-007166,ZrO2,OZr,95,train
Li3PO4-005252,Li3PO4,LiOP,32,train
ZrO2-004518,ZrO2,OZr,47,train
Li3PO4-006877,Li3PO4,LiOP,32,train
Li3PO4-002179,Li3PO4,LiOP,32,train
ZrO2-006263,ZrO2,OZr,95,train
Li3PO4-009297,Li3PO4,LiOP,31,train
Li3PO4-017295,Li3PO4,LiOP,61,train
Li3PO4-003156,Li3PO4,LiOP,32,train
ZrO2-000860,ZrO2,OZr,96,train
ZrO2-002361,ZrO2,OZr,95,train
Li3PO4-013451,Li3PO4,LiOP,61,train
Li3PO4-000608,Li3PO4,LiOP,32,train
Li3PO4-015929,Li3PO4,LiOP,61,train
Li3PO4-011256,Li3PO4,LiOP,31,train
Li3PO4-011816,Li3PO4,LiOP,31,train
ZrO2-001650,ZrO2,OZr,96,train
ZrO2-008787,ZrO2,OZr,48,train
Li3PO4-001078,Li3PO4,LiOP,32,train
Li3PO4-017455,Li3PO4,LiOP,61,train
Li3PO4-008020,Li3PO4,LiOP,31,train
Li3PO4-009171,Li3PO4,LiOP,31,train
Li3PO4-011249,Li3PO4,LiOP,31,train
ZrO2-003986,ZrO2,OZr,47,train
Li3PO4-004851,Li3PO4,LiOP,32,train
Li3PO4-012692,Li3PO4,LiOP,31,train
Li3PO4-014032,Li3PO4,LiOP,61,train
Li3PO4-016139,Li3PO4,LiOP,61,train
Li3PO4-001047,Li3PO4,LiOP,32,train
ZrO2-003647,ZrO2,OZr,47,train
ZrO2-007140,ZrO2,OZr,95,train
Li3PO4-016991,Li3PO4,LiOP,61,train
Li3PO4-012003,Li3PO4,LiOP,31,train
Li3PO4-008855,Li3PO4,LiOP,31,train
ZrO2-002596,ZrO2,OZr,95,train
Li3PO4-002631,Li3PO4,LiOP,32,train
Li3PO4-014040,Li3PO4,LiOP,61,train
Li3PO4-006794,Li3PO4,LiOP,32,train
ZrO2-002722,ZrO2,OZr,95,train
Li3PO4-011871,Li3PO4,LiOP,31,train
Li3PO4-000109,Li3PO4,LiOP,32,train
Li3PO4-016263,Li3PO4,LiOP,61,train
ZrO2-004701,ZrO2,OZr,47,train
ZrO2-009373,ZrO2,OZr,48,train
Li3PO4-005030,Li3PO4,LiOP,32,train
Li3PO4-003333,Li3PO4,LiOP,32,train
Li3PO4-004210,Li3PO4,LiOP,32,train
ZrO2-008420,ZrO2,OZr,48,train
ZrO2-005029,ZrO2,OZr,47,train
ZrO2-008922,ZrO2,OZr,48,train
ZrO2-010001,ZrO2,OZr,48,train
ZrO2-004863,ZrO2,OZr,47,train
Li3PO4-011738,Li3PO4,LiOP,31,train
Li3PO4-003874,Li3PO4,LiOP,32,train
Li3PO4-003176,Li3PO4,LiOP,32,train
ZrO2-002414,ZrO2,OZr,95,train
Li3PO4-002266,Li3PO4,LiOP,32,train
ZrO2-007497,ZrO2,OZr,95,train
Li3PO4-002668,Li3PO4,LiOP,32,train
Li3PO4-003078,Li3PO4,LiOP,32,train
perovskite-001179,perovskite,BaCaHfOPbTi,20,train
Li3PO4-014569,Li3PO4,LiOP,61,train
ZrO2-003160,ZrO2,OZr,95,train
Li3PO4-013463,Li3PO4,LiOP,61,train
Li3PO4-004908,Li3PO4,LiOP,32,train
Li3PO4-008993,Li3PO4,LiOP,31,train
Li3PO4-007078,Li3PO4,LiOP,32,train
Li3PO4-000636,Li3PO4,LiOP,32,train
ZrO2-005655,ZrO2,OZr,95,train
Li3PO4-000066,Li3PO4,LiOP,32,train
ZrO2-006677,ZrO2,OZr,95,train
ZrO2-007415,ZrO2,OZr,95,train
ZrO2-006806,ZrO2,OZr,95,train
ZrO2-008096,ZrO2,OZr,95,train
Li3PO4-014291,Li3PO4,LiOP,61,train
Li3PO4-004920,Li3PO4,LiOP,32,train
Li3PO4-000220,Li3PO4,LiOP,32,train
Li3PO4-017229,Li3PO4,LiOP,61,train
ZrO2-009388,ZrO2,OZr,48,train
ZrO2-002355,ZrO2,OZr,95,train
perovskite-001121,perovskite,BaCaHfOPbSrTiZr,20,train
ZrO2-009205,ZrO2,OZr,48,train
Li3PO4-010539,Li3PO4,LiOP,31,train
Li3PO4-005361,Li3PO4,LiOP,32,train
perovskite-000959,perovskite,CaHfOPbSrTiZr,20,train
ZrO2-001138,ZrO2,OZr,96,train
Li3PO4-014892,Li3PO4,LiOP,61,train
ZrO2-003464,ZrO2,OZr,95,train
Li3PO4-006068,Li3PO4,LiOP,32,train
Li3PO4-001461,Li3PO4,LiOP,32,train
Li3PO4-007392,Li3PO4,LiOP,32,train
Li3PO4-011532,Li3PO4,LiOP,31,train
Li3PO4-007109,Li3PO4,LiOP,32,train
Li3PO4-014540,Li3PO4,LiOP,61,train
Li3PO4-009582,Li3PO4,LiOP,31,train
Li3PO4-013570,Li3PO4,LiOP,61,train
ZrO2-005675,ZrO2,OZr,95,train
Li3PO4-001805,Li3PO4,LiOP,32,train
Li3PO4-013301,Li3PO4,LiOP,61,train
ZrO2-002823,ZrO2,OZr,95,train
ZrO2-007236,ZrO2,OZr,95,train
Li3PO4-013186,Li3PO4,LiOP,61,train
ZrO2-007005,ZrO2,OZr,95,train
Li3PO4-007905,Li3PO4,LiOP,32,train
Li3PO4-002822,Li3PO4,LiOP,32,train
ZrO2-007169,ZrO2,OZr,95,train
Li3PO4-004238,Li3PO4,LiOP,32,train
ZrO2-007844,ZrO2,OZr,95,train
Li3PO4-007851,Li3PO4,LiOP,32,train
Li3PO4-011857,Li3PO4,LiOP,31,train
Li3PO4-005741,Li3PO4,LiOP,32,train
ZrO2-008930,ZrO2,OZr,48,train
Li3PO4-010806,Li3PO4,LiOP,31,train
perovskite-001163,perovskite,BaCaHfOPbTiZr,20,train
perovskite-001175,perovskite,BaCaHfOPbZr,20,train
ZrO2-009118,ZrO2,OZr,48,train
Li3PO4-013807,Li3PO4,LiOP,61,train
Li3PO4-012938,Li3PO4,LiOP,31,train
ZrO2-007189,ZrO2,OZr,95,train
Li3PO4-009507,Li3PO4,LiOP,31,train
Li3PO4-002156,Li3PO4,LiOP,32,train
Li3PO4-002701,Li3PO4,LiOP,32,train
ZrO2-007146,ZrO2,OZr,95,train
ZrO2-007250,ZrO2,OZr,95,train
ZrO2-001053,ZrO2,OZr,96,train
ZrO2-001965,ZrO2,OZr,96,train
ZrO2-003996,ZrO2,OZr,47,train
Li3PO4-003545,Li3PO4,LiOP,32,train
Li3PO4-015836,Li3PO4,LiOP,61,train
Li3PO4-011795,Li3PO4,LiOP,31,train
Li3PO4-009319,Li3PO4,LiOP,31,train
Li3PO4-009577,Li3PO4,LiOP,31,train
Li3PO4-010291,Li3PO4,LiOP,31,train
ZrO2-007965,ZrO2,OZr,95,train
ZrO2-005142,ZrO2,OZr,47,train
Li3PO4-006560,Li3PO4,LiOP,32,train
ZrO2-006111,ZrO2,OZr,95,train
Li3PO4-003313,Li3PO4,LiOP,32,train
perovskite-000147,perovskite,BaOTi,20,train
Li3PO4-004201,Li3PO4,LiOP,32,train
Li3PO4-000533,Li3PO4,LiOP,32,train
Li3PO4-008110,Li3PO4,LiOP,31,train
Li3PO4-015544,Li3PO4,LiOP,61,train
ZrO2-006866,ZrO2,OZr,95,train
ZrO2-003914,ZrO2,OZr,47,train
Li3PO4-016983,Li3PO4,LiOP,61,train
perovskite-000043,perovskite,BaCaOSrZr,20,train
Li3PO4-004385,Li3PO4,LiOP,32,train
Li3PO4-016937,Li3PO4,LiOP,61,train
Li3PO4-013352,Li3PO4,LiOP,61,train
Li3PO4-005385,Li3PO4,LiOP,32,train
Li3PO4-007844,Li3PO4,LiOP,32,train
ZrO2-008353,ZrO2,OZr,48,train
ZrO2-004332,ZrO2,OZr,47,train
Li3PO4-012983,Li3PO4,LiOP,31,train
Li3PO4-002858,Li3PO4,LiOP,32,train
ZrO2-008859,ZrO2,OZr,48,train
Li3PO4-016542,Li3PO4,LiOP,61,train
ZrO2-003870,ZrO2,OZr,47,train
Li3PO4-008361,Li3PO4,LiOP,31,train
ZrO2-006198,ZrO2,OZr,95,train
Li3PO4-008049,Li3PO4,LiOP,31,train
Li3PO4-003438,Li3PO4,LiOP,32,train
ZrO2-003991,ZrO2,OZr,47,train
ZrO2-005980,ZrO2,OZr,95,train
ZrO2-005579,ZrO2,OZr,95,train
ZrO2-008962,ZrO2,OZr,48,train
ZrO2-003731,ZrO2,OZr,47,train
Li3PO4-000887,Li3PO4,LiOP,32,train
ZrO2-002092,ZrO2,OZr,95,train
ZrO2-004496,ZrO2,OZr,47,train
Li3PO4-008037,Li3PO4,LiOP,31,train
ZrO2-002589,ZrO2,OZr,95,train
Li3PO4-016810,Li3PO4,LiOP,61,train
ZrO2-002501,ZrO2,OZr,95,train
ZrO2-004160,ZrO2,OZr,47,train
ZrO2-008065,ZrO2,OZr,95,train
Li3PO4-014679,Li3PO4,LiOP,61,train
Li3PO4-013559,Li3PO4,LiOP,61,train
Li3PO4-010017,Li3PO4,LiOP,31,train
ZrO2-006113,ZrO2,OZr,95,train
ZrO2-002301,ZrO2,OZr,95,train
Li3PO4-015394,Li3PO4,LiOP,61,train
Li3PO4-010861,Li3PO4,LiOP,31,train
Li3PO4-015713,Li3PO4,LiOP,61,train
ZrO2-001470,ZrO2,OZr,96,train
perovskite-000996,perovskite,BaCaHfOPbSrTi,20,train
ZrO2-001986,ZrO2,OZr,95,train
ZrO2-005535,ZrO2,OZr,47,train
Li3PO4-000988,Li3PO4,LiOP,32,train
Li3PO4-005686,Li3PO4,LiOP,32,train
ZrO2-002370,ZrO2,OZr,95,train
ZrO2-006441,ZrO2,OZr,95,train
Li3PO4-017647,Li3PO4,LiOP,61,train
Li3PO4-001374,Li3PO4,LiOP,32,train
ZrO2-004945,ZrO2,OZr,47,train
Li3PO4-011733,Li3PO4,LiOP,31,train
Li3PO4-000840,Li3PO4,LiOP,32,train
Li3PO4-012044,Li3PO4,LiOP,31,train
ZrO2-009485,ZrO2,OZr,48,train
Li3PO4-000972,Li3PO4,LiOP,32,train
Li3PO4-006472,Li3PO4,LiOP,32,train
ZrO2-009072,ZrO2,OZr,48,train
Li3PO4-015430,Li3PO4,LiOP,61,train
Li3PO4-016181,Li3PO4,LiOP,61,train
Li3PO4-005919,Li3PO4,LiOP,32,train
ZrO2-000258,ZrO2,OZr,96,train
ZrO2-001221,ZrO2,OZr,96,train
Li3PO4-007976,Li3PO4,LiOP,32,train
Li3PO4-012152,Li3PO4,LiOP,31,train
Li3PO4-017453,Li3PO4,LiOP,61,train
Li3PO4-017039,Li3PO4,LiOP,61,train
Li3PO4-006366,Li3PO4,LiOP,32,train
ZrO2-001878,ZrO2,OZr,96,train
ZrO2-008229,ZrO2,OZr,48,train
Li3PO4-012999,Li3PO4,LiOP,61,train
Li3PO4-014763,Li3PO4,LiOP,61,train
perovskite-000896,perovskite,CaHfOPbSrTiZr,20,train
Li3PO4-003998,Li3PO4,LiOP,32,train
Li3PO4-016803,Li3PO4,LiOP,61,train
Li3PO4-003699,Li3PO4,LiOP,32,train
ZrO2-005380,ZrO2,OZr,47,train
ZrO2-006786,ZrO2,OZr,95,train
ZrO2-005043,ZrO2,OZr,47,train
Li3PO4-005124,Li3PO4,LiOP,32,train
Li3PO4-011662,Li3PO4,LiOP,31,train
Li3PO4-017822,Li3PO4,LiOP,61,train
Li3PO4-010341,Li3PO4,LiOP,31,train
ZrO2-008900,ZrO2,OZr,48,train
Li3PO4-009448,Li3PO4,LiOP,31,train
Li3PO4-013885,Li3PO4,LiOP,61,train
Li3PO4-001462,Li3PO4,LiOP,32,train
ZrO2-008314,ZrO2,OZr,48,train
Li3PO4-015030,Li3PO4,LiOP,61,train
Li3PO4-001017,Li3PO4,LiOP,32,train
Li3PO4-003523,Li3PO4,LiOP,32,train
ZrO2-000594,ZrO2,OZr,96,train
ZrO2-007107,ZrO2,OZr,95,train
ZrO2-002202,ZrO2,OZr,95,train
Li3PO4-003554,Li3PO4,LiOP,32,train
Li3PO4-009784,Li3PO4,LiOP,31,train
Li3PO4-007544,Li3PO4,LiOP,32,train
Li3PO4-010492,Li3PO4,LiOP,31,train
Li3PO4-011819,Li3PO4,LiOP,31,train
ZrO2-002985,ZrO2,OZr,95,train
ZrO2-008091,ZrO2,OZr,95,train
Li3PO4-006655,Li3PO4,LiOP,32,train
Li3PO4-011990,Li3PO4,LiOP,31,train
ZrO2-008346,ZrO2,OZr,48,train
Li3PO4-014791,Li3PO4,LiOP,61,train
Li3PO4-002994,Li3PO4,LiOP,32,train
Li3PO4-006887,Li3PO4,LiOP,32,train
Li3PO4-016095,Li3PO4,LiOP,61,train
ZrO2-008434,ZrO2,OZr,48,train
Li3PO4-016375,Li3PO4,LiOP,61,train
Li3PO4-006201,Li3PO4,LiOP,32,train
ZrO2-003518,ZrO2,OZr,95,train
Li3PO4-005799,Li3PO4,LiOP,32,train
Li3PO4-016506,Li3PO4,LiOP,61,train
ZrO2-009332,ZrO2,OZr,48,train
Li3PO4-016842,Li3PO4,LiOP,61,train
Li3PO4-005046,Li3PO4,LiOP,32,train
Li3PO4-005074,Li3PO4,LiOP,32,train
Li3PO4-013360,Li3PO4,LiOP,61,train
Li3PO4-006652,Li3PO4,LiOP,32,train
Li3PO4-017307,Li3PO4,LiOP,61,train
perovskite-000538,perovskite,BaCaHfOSrZr,20,train
Li3PO4-006653,Li3PO4,LiOP,32,train
Li3PO4-015973,Li3PO4,LiOP,61,train
Li3PO4-017241,Li3PO4,LiOP,61,train
ZrO2-004758,ZrO2,OZr,47,train
Li3PO4-000126,Li3PO4,LiOP,32,train
Li3PO4-001413,Li3PO4,LiOP,32,train
Li3PO4-000727,Li3PO4,LiOP,32,train
Li3PO4-005772,Li3PO4,LiOP,32,train
ZrO2-004620,ZrO2,OZr,47,train
Li3PO4-015041,Li3PO4,LiOP,61,train
Li3PO4-013571,Li3PO4,LiOP,61,train
ZrO2-000099,ZrO2,OZr,96,train
ZrO2-008142,ZrO2,OZr,48,train
ZrO2-001661,ZrO2,OZr,96,train
Li3PO4-000230,Li3PO4,LiOP,32,train
ZrO2-006850,ZrO2,OZr,95,train
Li3PO4-003529,Li3PO4,LiOP,32,train
ZrO2-006724,ZrO2,OZr,95,train
Li3PO4-005625,Li3PO4,LiOP,32,train
Li3PO4-014597,Li3PO4,LiOP,61,train
Li3PO4-012650,Li3PO4,LiOP,31,train
Li3PO4-014464,Li3PO4,LiOP,61,train
Li3PO4-000197,Li3PO4,LiOP,32,train
Li3PO4-014135,Li3PO4,LiOP,61,train
Li3PO4-016958,Li3PO4,LiOP,61,train
Li3PO4-005286,Li3PO4,LiOP,32,train
ZrO2-004237,ZrO2,OZr,47,train
Li3PO4-013163,Li3PO4,LiOP,61,train
Li3PO4-002385,Li3PO4,LiOP,32,train
Li3PO4-013250,Li3PO4,LiOP,61,train
Li3PO4-014779,Li3PO4,LiOP,61,train
ZrO2-006618,ZrO2,OZr,95,train
Li3PO4-015566,Li3PO4,LiOP,61,train
perovskite-000503,perovskite,CaHfOSrZr,20,train
Li3PO4-010205,Li3PO4,LiOP,31,train
ZrO2-007554,ZrO2,OZr,95,train
Li3PO4-010308,Li3PO4,LiOP,31,train
ZrO2-005298,ZrO2,OZr,47,train
ZrO2-004326,ZrO2,OZr,47,train
ZrO2-005401,ZrO2,OZr,47,train
Li3PO4-007185,Li3PO4,LiOP,32,train
Li3PO4-010032,Li3PO4,LiOP,31,train
ZrO2-003816,ZrO2,OZr,47,train
Li3PO4-005599,Li3PO4,LiOP,32,train
Li3PO4-007811,Li3PO4,LiOP,32,train
Li3PO4-017769,Li3PO4,LiOP,61,train
Li3PO4-010548,Li3PO4,LiOP,31,train
ZrO2-003527,ZrO2,OZr,95,train
ZrO2-008060,ZrO2,OZr,95,train
Li3PO4-013960,Li3PO4,LiOP,61,train
Li3PO4-015935,Li3PO4,LiOP,61,train
ZrO2-007712,ZrO2,OZr,95,train
Li3PO4-015411,Li3PO4,LiOP,61,train
Li3PO4-016455,Li3PO4,LiOP,61,train
Li3PO4-007596,Li3PO4,LiOP,32,train
ZrO2-006275,ZrO2,OZr,95,train
Li3PO4-015063,Li3PO4,LiOP,61,train
Li3PO4-000514,Li3PO4,LiOP,32,train
ZrO2-002979,ZrO2,OZr,95,train
Li3PO4-017712,Li3PO4,LiOP,61,train
Li3PO4-008031,Li3PO4,LiOP,31,train
ZrO2-007016,ZrO2,OZr,95,train
Li3PO4-014630,Li3PO4,LiOP,61,train
ZrO2-002574,ZrO2,OZr,95,train
Li3PO4-010494,Li3PO4,LiOP,31,train
Li3PO4-008757,Li3PO4,LiOP,31,train
Li3PO4-011111,Li3PO4,LiOP,31,train
Li3PO4-008710,Li3PO4,LiOP,31,train
Li3PO4-003488,Li3PO4,LiOP,32,train
Li3PO4-012769,Li3PO4,LiOP,31,train
ZrO2-004488,ZrO2,OZr,47,train
Li3PO4-003329,Li3PO4,LiOP,32,train
ZrO2-003030,ZrO2,OZr,95,train
Li3PO4-003177,Li3PO4,LiOP,32,train
Li3PO4-016370,Li3PO4,LiOP,61,train
ZrO2-009706,ZrO2,OZr,48,train
Li3PO4-004169,Li3PO4,LiOP,32,train
Li3PO4-003936,Li3PO4,LiOP,32,train
Li3PO4-016766,Li3PO4,LiOP,61,train
ZrO2-008179,ZrO2,OZr,48,train
ZrO2-005805,ZrO2,OZr,95,train
Li3PO4-003149,Li3PO4,LiOP,32,train
ZrO2-005554,ZrO2,OZr,47,train
Li3PO4-005011,Li3PO4,LiOP,32,train
Li3PO4-017325,Li3PO4,LiOP,61,train
Li3PO4-005027,Li3PO4,LiOP,32,train
ZrO2-008925,ZrO2,OZr,48,train
Li3PO4-014914,Li3PO4,LiOP,61,train
Li3PO4-013430,Li3PO4,LiOP,61,train
Li3PO4-002746,Li3PO4,LiOP,32,train
ZrO2-003911,ZrO2,OZr,47,train
ZrO2-000306,ZrO2,OZr,96,train
Li3PO4-000563,Li3PO4,LiOP,32,train
ZrO2-003115,ZrO2,OZr,95,train
Li3PO4-001696,Li3PO4,LiOP,32,train
ZrO2-003765,ZrO2,OZr,47,train
ZrO2-008315,ZrO2,OZr,48,train
Li3PO4-004923,Li3PO4,LiOP,32,train
Li3PO4-017106,Li3PO4,LiOP,61,train
ZrO2-008821,ZrO2,OZr,48,train
ZrO2-003679,ZrO2,OZr,47,train
ZrO2-002018,ZrO2,OZr,95,train
ZrO2-004311,ZrO2,OZr,47,train
Li3PO4-000954,Li3PO4,LiOP,32,train
Li3PO4-016225,Li3PO4,LiOP,61,train
Li3PO4-005786,Li3PO4,LiOP,32,train
ZrO2-000738,ZrO2,OZr,96,train
Li3PO4-010738,Li3PO4,LiOP,31,train
ZrO2-009883,ZrO2,OZr,48,train
Li3PO4-007918,Li3PO4,LiOP,32,train
Li3PO4-010815,Li3PO4,LiOP,31,train
Li3PO4-013774,Li3PO4,LiOP,61,train
Li3PO4-013742,Li3PO4,LiOP,61,train
Li3PO4-007257,Li3PO4,LiOP,32,train
Li3PO4-004783,Li3PO4,LiOP,32,train
Li3PO4-010541,Li3PO4,LiOP,31,train
ZrO2-003096,ZrO2,OZr,95,train
Li3PO4-008735,Li3PO4,LiOP,31,train
Li3PO4-000861,Li3PO4,LiOP,32,train
Li3PO4-015778,Li3PO4,LiOP,61,train
Li3PO4-013281,Li3PO4,LiOP,61,train
ZrO2-002479,ZrO2,OZr,95,train
ZrO2-007977,ZrO2,OZr,95,train
Li3PO4-008002,Li3PO4,LiOP,31,train
Li3PO4-013032,Li3PO4,LiOP,61,train
Li3PO4-016271,Li3PO4,LiOP,61,train
ZrO2-002810,ZrO2,OZr,95,train
ZrO2-009018,ZrO2,OZr,48,train
Li3PO4-009969,Li3PO4,LiOP,31,train
ZrO2-009709,ZrO2,OZr,48,train
Li3PO4-013052,Li3PO4,LiOP,61,train
ZrO2-007046,ZrO2,OZr,95,train
Li3PO4-016751,Li3PO4,LiOP,61,train
Li3PO4-017900,Li3PO4,LiOP,61,train
Li3PO4-000613,Li3PO4,LiOP,32,train
perovskite-001183,perovskite,BaCaHfOPbZr,20,train
Li3PO4-011753,Li3PO4,LiOP,31,train
Li3PO4-008829,Li3PO4,LiOP,31,train
Li3PO4-009146,Li3PO4,LiOP,31,train
ZrO2-008435,ZrO2,OZr,48,train
Li3PO4-008385,Li3PO4,LiOP,31,train
Li3PO4-005396,Li3PO4,LiOP,32,train
Li3PO4-006057,Li3PO4,LiOP,32,train
ZrO2-004964,ZrO2,OZr,47,train
Li3PO4-000736,Li3PO4,LiOP,32,train
Li3PO4-015277,Li3PO4,LiOP,61,train
ZrO2-003184,ZrO2,OZr,95,train
ZrO2-000123,ZrO2,OZr,96,train
ZrO2-004522,ZrO2,OZr,47,train
Li3PO4-007777,Li3PO4,LiOP,32,train
ZrO2-008546,ZrO2,OZr,48,train
Li3PO4-003140,Li3PO4,LiOP,32,train
Li3PO4-014242,Li3PO4,LiOP,61,train
ZrO2-000610,ZrO2,OZr,96,train
Li3PO4-012531,Li3PO4,LiOP,31,train
ZrO2-008429,ZrO2,OZr,48,train
perovskite-000263,perovskite,CaHfOPbTiZr,20,train
ZrO2-009843,ZrO2,OZr,48,train
Li3PO4-010900,Li3PO4,LiOP,31,train
Li3PO4-017626,Li3PO4,LiOP,61,train
ZrO2-008219,ZrO2,OZr,48,train
Li3PO4-010380,Li3PO4,LiOP,31,train
ZrO2-008968,ZrO2,OZr,48,train
Li3PO4-010906,Li3PO4,LiOP,31,train
Li3PO4-005114,Li3PO4,LiOP,32,train
Li3PO4-001981,Li3PO4,LiOP,32,train
Li3PO4-011721,Li3PO4,LiOP,31,train
Li3PO4-007576,Li3PO4,LiOP,32,train
ZrO2-003676,ZrO2,OZr,47,train
ZrO2-006725,ZrO2,OZr,95,train
Li3PO4-004524,Li3PO4,LiOP,32,train
Li3PO4-013730,Li3PO4,LiOP,61,train
Li3PO4-011057,Li3PO4,LiOP,31,train
ZrO2-004012,ZrO2,OZr,47,train
ZrO2-008344,ZrO2,OZr,48,train
ZrO2-004281,ZrO2,OZr,47,train
Li3PO4-017979,Li3PO4,LiOP,61,train
Li3PO4-009752,Li3PO4,LiOP,31,train
ZrO2-003475,ZrO2,OZr,95,train
perovskite-000150,perovskite,CaHfOSr,20,train
ZrO2-001491,ZrO2,OZr,96,train
ZrO2-002005,ZrO2,OZr,95,train
Li3PO4-013594,Li3PO4,LiOP,61,train
ZrO2-007891,ZrO2,OZr,95,train
Li3PO4-001823,Li3PO4,LiOP,32,train
Li3PO4-014640,Li3PO4,LiOP,61,train
ZrO2-007426,ZrO2,OZr,95,train
ZrO2-006833,ZrO2,OZr,95,train
Li3PO4-002111,Li3PO4,LiOP,32,train
ZrO2-004980,ZrO2,OZr,47,train
ZrO2-004978,ZrO2,OZr,47,train
Li3PO4-017306,Li3PO4,LiOP,61,train
Li3PO4-010316,Li3PO4,LiOP,31,train
ZrO2-003987,ZrO2,OZr,47,train
ZrO2-000466,ZrO2,OZr,96,train
ZrO2-005011,ZrO2,OZr,47,train
ZrO2-002916,ZrO2,OZr,95,train
Li3PO4-000615,Li3PO4,LiOP,32,train
Li3PO4-007887,Li3PO4,LiOP,32,train
Li3PO4-000298,Li3PO4,LiOP,32,train
ZrO2-006976,ZrO2,OZr,95,train
ZrO2-004242,ZrO2,OZr,47,train
Li3PO4-001316,Li3PO4,LiOP,32,train
ZrO2-005314,ZrO2,OZr,47,train
ZrO2-007394,ZrO2,OZr,95,train
ZrO2-005026,ZrO2,OZr,47,train
Li3PO4-000205,Li3PO4,LiOP,32,train
Li3PO4-004514,Li3PO4,LiOP,32,train
Li3PO4-001252,Li3PO4,LiOP,32,train
Li3PO4-008327,Li3PO4,LiOP,31,train
ZrO2-009076,ZrO2,OZr,48,train
ZrO2-004380,ZrO2,OZr,47,train
Li3PO4-014000,Li3PO4,LiOP,61,train
Li3PO4-013553,Li3PO4,LiOP,61,train
Li3PO4-005495,Li3PO4,LiOP,32,train
ZrO2-005809,ZrO2,OZr,95,train
Li3PO4-004747,Li3PO4,LiOP,32,train
ZrO2-006713,ZrO2,OZr,95,train
Li3PO4-012510,Li3PO4,LiOP,31,train
Li3PO4-003604,Li3PO4,LiOP,32,train
Li3PO4-001854,Li3PO4,LiOP,32,train
Li3PO4-007239,Li3PO4,LiOP,32,train
Li3PO4-014673,Li3PO4,LiOP,61,train
Li3PO4-017893,Li3PO4,LiOP,61,train
ZrO2-009635,ZrO2,OZr,48,train
ZrO2-001411,ZrO2,OZr,96,train
Li3PO4-007046,Li3PO4,LiOP,32,train
Li3PO4-016867,Li3PO4,LiOP,61,train
Li3PO4-011016,Li3PO4,LiOP,31,train
Li3PO4-000288,Li3PO4,LiOP,32,train
Li3PO4-005198,Li3PO4,LiOP,32,train
Li3PO4-007864,Li3PO4,LiOP,32,train
ZrO2-004563,ZrO2,OZr,47,train
Li3PO4-014010,Li3PO4,LiOP,61,train
Li3PO4-007337,Li3PO4,LiOP,32,train
ZrO2-005328,ZrO2,OZr,47,train
ZrO2-006900,ZrO2,OZr,95,train
Li3PO4-008341,Li3PO4,LiOP,31,train
Li3PO4-016125,Li3PO4,LiOP,61,train
ZrO2-006712,ZrO2,OZr,95,train
ZrO2-006519,ZrO2,OZr,95,train
Li3PO4-007637,Li3PO4,LiOP,32,train
ZrO2-006382,ZrO2,OZr,95,train
ZrO2-008702,ZrO2,OZr,48,train
ZrO2-007990,ZrO2,OZr,95,train
Li3PO4-006619,Li3PO4,LiOP,32,train
ZrO2-006665,ZrO2,OZr,95,train
Li3PO4-015471,Li3PO4,LiOP,61,train
ZrO2-006093,ZrO2,OZr,95,train
ZrO2-007820,ZrO2,OZr,95,train
Li3PO4-017615,Li3PO4,LiOP,61,train
Li3PO4-012364,Li3PO4,LiOP,31,train
Li3PO4-000463,Li3PO4,LiOP,32,train
Li3PO4-015552,Li3PO4,LiOP,61,train
ZrO2-003857,ZrO2,OZr,47,train
ZrO2-010029,ZrO2,OZr,48,train
Li3PO4-016060,Li3PO4,LiOP,61,train
perovskite-000315,perovskite,CaHfOSrTiZr,20,train
Li3PO4-016735,Li3PO4,LiOP,61,train
ZrO2-001756,ZrO2,OZr,96,train
Li3PO4-008559,Li3PO4,LiOP,31,train
Li3PO4-009700,Li3PO4,LiOP,31,train
ZrO2-000691,ZrO2,OZr,96,train
Li3PO4-015841,Li3PO4,LiOP,61,train
ZrO2-008562,ZrO2,OZr,48,train
Li3PO4-000965,Li3PO4,LiOP,32,train
ZrO2-000440,ZrO2,OZr,96,train
Li3PO4-010731,Li3PO4,LiOP,31,train
Li3PO4-017068,Li3PO4,LiOP,61,train
Li3PO4-008834,Li3PO4,LiOP,31,train
ZrO2-002246,ZrO2,OZr,95,train
Li3PO4-014378,Li3PO4,LiOP,61,train
perovskite-001023,perovskite,BaCaHfOPbTi,20,train
ZrO2-001042,ZrO2,OZr,96,train
ZrO2-007959,ZrO2,OZr,95,train
Li3PO4-010252,Li3PO4,LiOP,31,train
Li3PO4-000235,Li3PO4,LiOP,32,train
Li3PO4-014096,Li3PO4,LiOP,61,train
Li3PO4-012295,Li3PO4,LiOP,31,train
ZrO2-004949,ZrO2,OZr,47,train
Li3PO4-000477,Li3PO4,LiOP,32,train
ZrO2-004035,ZrO2,OZr,47,train
Li3PO4-005844,Li3PO4,LiOP,32,train
Li3PO4-010410,Li3PO4,LiOP,31,train
Li3PO4-014445,Li3PO4,LiOP,61,train
Li3PO4-003024,Li3PO4,LiOP,32,train
ZrO2-000893,ZrO2,OZr,96,train
Li3PO4-003988,Li3PO4,LiOP,32,train
Li3PO4-003048,Li3PO4,LiOP,32,train
Li3PO4-017888,Li3PO4,LiOP,61,train
Li3PO4-011497,Li3PO4,LiOP,31,train
ZrO2-001725,ZrO2,OZr,96,train
ZrO2-001371,ZrO2,OZr,96,train
ZrO2-004003,ZrO2,OZr,47,train
Li3PO4-001293,Li3PO4,LiOP,32,train
Li3PO4-011079,Li3PO4,LiOP,31,train
ZrO2-009619,ZrO2,OZr,48,train
ZrO2-007719,ZrO2,OZr,95,train
Li3PO4-000280,Li3PO4,LiOP,32,train
Li3PO4-013662,Li3PO4,LiOP,61,train
Li3PO4-001881,Li3PO4,LiOP,32,train
Li3PO4-005627,Li3PO4,LiOP,32,train
ZrO2-009338,ZrO2,OZr,48,train
ZrO2-001502,ZrO2,OZr,96,train
ZrO2-007259,ZrO2,OZr,95,train
ZrO2-000379,ZrO2,OZr,96,train
Li3PO4-004580,Li3PO4,LiOP,32,train
Li3PO4-016236,Li3PO4,LiOP,61,train
ZrO2-007519,ZrO2,OZr,95,train
ZrO2-000990,ZrO2,OZr,96,train
Li3PO4-009978,Li3PO4,LiOP,31,train
Li3PO4-010364,Li3PO4,LiOP,31,train
Li3PO4-007740,Li3PO4,LiOP,32,train
Li3PO4-003138,Li3PO4,LiOP,32,train
Li3PO4-012474,Li3PO4,LiOP,31,train
perovskite-000875,perovskite,CaHfOPbSrTiZr,20,train
Li3PO4-009290,Li3PO4,LiOP,31,train
Li3PO4-008565,Li3PO4,LiOP,31,train
Li3PO4-015033,Li3PO4,LiOP,61,train
ZrO2-005422,ZrO2,OZr,47,train
Li3PO4-005460,Li3PO4,LiOP,32,train
Li3PO4-009857,Li3PO4,LiOP,31,train
ZrO2-006331,ZrO2,OZr,95,train
Li3PO4-009736,Li3PO4,LiOP,31,train
Li3PO4-004050,Li3PO4,LiOP,32,train
ZrO2-001309,ZrO2,OZr,96,train
ZrO2-009816,ZrO2,OZr,48,train
Li3PO4-001817,Li3PO4,LiOP,32,train
Li3PO4-015217,Li3PO4,LiOP,61,train
Li3PO4-006137,Li3PO4,LiOP,32,train
Li3PO4-016789,Li3PO4,LiOP,61,train
ZrO2-005488,ZrO2,OZr,47,train
Li3PO4-001989,Li3PO4,LiOP,32,train
Li3PO4-013777,Li3PO4,LiOP,61,train
Li3PO4-006223,Li3PO4,LiOP,32,train
ZrO2-008784,ZrO2,OZr,48,train
Li3PO4-005259,Li3PO4,LiOP,32,train
Li3PO4-016395,Li3PO4,LiOP,61,train
Li3PO4-007642,Li3PO4,LiOP,32,train
Li3PO4-000963,Li3PO4,LiOP,32,train
Li3PO4-009901,Li3PO4,LiOP,31,train
ZrO2-001364,ZrO2,OZr,96,train
ZrO2-006834,ZrO2,OZr,95,train
Li3PO4-001632,Li3PO4,LiOP,32,train
Li3PO4-011835,Li3PO4,LiOP,31,train
Li3PO4-016178,Li3PO4,LiOP,61,train
Li3PO4-007077,Li3PO4,LiOP,32,train
Li3PO4-016129,Li3PO4,LiOP,61,train
Li3PO4-000518,Li3PO4,LiOP,32,train
Li3PO4-012285,Li3PO4,LiOP,31,train
Li3PO4-002804,Li3PO4,LiOP,32,train
Li3PO4-010319,Li3PO4,LiOP,31,train
Li3PO4-015107,Li3PO4,LiOP,61,train
Li3PO4-011117,Li3PO4,LiOP,31,train
Li3PO4-017470,Li3PO4,LiOP,61,train
ZrO2-005908,ZrO2,OZr,95,train
Li3PO4-012095,Li3PO4,LiOP,31,train
ZrO2-000163,ZrO2,OZr,96,train
ZrO2-003289,ZrO2,OZr,95,train
Li3PO4-011412,Li3PO4,LiOP,31,train
Li3PO4-008048,Li3PO4,LiOP,31,train
ZrO2-001790,ZrO2,OZr,96,train
ZrO2-006915,ZrO2,OZr,95,train
ZrO2-006329,ZrO2,OZr,95,train
Li3PO4-012798,Li3PO4,LiOP,31,train
perovskite-001133,perovskite,BaCaHfOPbSrZr,20,train
Li3PO4-015490,Li3PO4,LiOP,61,train
Li3PO4-011270,Li3PO4,LiOP,31,train
Li3PO4-001247,Li3PO4,LiOP,32,train
ZrO2-001368,ZrO2,OZr,96,train
Li3PO4-003166,Li3PO4,LiOP,32,train
Li3PO4-000980,Li3PO4,LiOP,32,train
ZrO2-004167,ZrO2,OZr,47,train
Li3PO4-013802,Li3PO4,LiOP,61,train
Li3PO4-009712,Li3PO4,LiOP,31,train
ZrO2-001076,ZrO2,OZr,96,train
Li3PO4-017659,Li3PO4,LiOP,61,train
ZrO2-005039,ZrO2,OZr,47,train
perovskite-000280,perovskite,CaHfOPbZr,20,train
Li3PO4-006650,Li3PO4,LiOP,32,train
ZrO2-002946,ZrO2,OZr,95,train
Li3PO4-002677,Li3PO4,LiOP,32,train
ZrO2-003260,ZrO2,OZr,95,train
Li3PO4-003476,Li3PO4,LiOP,32,train
Li3PO4-006557,Li3PO4,LiOP,32,train
ZrO2-007419,ZrO2,OZr,95,train
Li3PO4-006804,Li3PO4,LiOP,32,train
ZrO2-000780,ZrO2,OZr,96,train
Li3PO4-009195,Li3PO4,LiOP,31,train
Li3PO4-007097,Li3PO4,LiOP,32,train
Li3PO4-007766,Li3PO4,LiOP,32,train
Li3PO4-014753,Li3PO4,LiOP,61,train
Li3PO4-006356,Li3PO4,LiOP,32,train
Li3PO4-013685,Li3PO4,LiOP,61,train
ZrO2-005695,ZrO2,OZr,95,train
Li3PO4-010491,Li3PO4,LiOP,31,train
ZrO2-001277,ZrO2,OZr,96,train
ZrO2-004999,ZrO2,OZr,47,train
Li3PO4-010599,Li3PO4,LiOP,31,train
Li3PO4-010328,Li3PO4,LiOP,31,train
Li3PO4-003257,Li3PO4,LiOP,32,train
ZrO2-000505,ZrO2,OZr,96,train
Li3PO4-011892,Li3PO4,LiOP,31,train
Li3PO4-001687,Li3PO4,LiOP,32,train
Li3PO4-014978,Li3PO4,LiOP,61,train
ZrO2-000757,ZrO2,OZr,96,train
Li3PO4-007821,Li3PO4,LiOP,32,train
Li3PO4-002993,Li3PO4,LiOP,32,train
Li3PO4-011118,Li3PO4,LiOP,31,train
Li3PO4-012148,Li3PO4,LiOP,31,train
Li3PO4-005869,Li3PO4,LiOP,32,train
ZrO2-006656,ZrO2,OZr,95,train
ZrO2-003802,ZrO2,OZr,47,train
Li3PO4-012794,Li3PO4,LiOP,31,train
Li3PO4-015945,Li3PO4,LiOP,61,train
ZrO2-002616,ZrO2,OZr,95,train
perovskite-000167,perovskite,CaHfOPbSr,20,train
Li3PO4-007255,Li3PO4,LiOP,32,train
Li3PO4-012891,Li3PO4,LiOP,31,train
ZrO2-005084,ZrO2,OZr,47,train
Li3PO4-011670,Li3PO4,LiOP,31,train
Li3PO4-017656,Li3PO4,LiOP,61,train
Li3PO4-001238,Li3PO4,LiOP,32,train
ZrO2-000420,ZrO2,OZr,96,train
Li3PO4-008802,Li3PO4,LiOP,31,train
Li3PO4-002545,Li3PO4,LiOP,32,train
ZrO2-001190,ZrO2,OZr,96,train
Li3PO4-005467,Li3PO4,LiOP,32,train
Li3PO4-000513,Li3PO4,LiOP,32,train
ZrO2-008646,ZrO2,OZr,48,train
Li3PO4-008500,Li3PO4,LiOP,31,train
ZrO2-007616,ZrO2,OZr,95,train
ZrO2-003360,ZrO2,OZr,95,train
Li3PO4-013941,Li3PO4,LiOP,61,train
Li3PO4-010816,Li3PO4,LiOP,31,train
Li3PO4-014337,Li3PO4,LiOP,61,train
Li3PO4-017831,Li3PO4,LiOP,61,train
ZrO2-005257,ZrO2,OZr,47,train
ZrO2-007350,ZrO2,OZr,95,train
perovskite-000367,perovskite,BaCaHfOZr,20,train
ZrO2-001536,ZrO2,OZr,96,train
Li3PO4-003620,Li3PO4,LiOP,32,train
Li3PO4-006943,Li3PO4,LiOP,32,train
Li3PO4-007287,Li3PO4,LiOP,32,train
ZrO2-008029,ZrO2,OZr,95,train
ZrO2-008055,ZrO2,OZr,95,train
ZrO2-002279,ZrO2,OZr,95,train
perovskite-000247,perovskite,CaHfOZr,20,train
Li3PO4-016859,Li3PO4,LiOP,61,train
Li3PO4-012104,Li3PO4,LiOP,31,train
Li3PO4-013547,Li3PO4,LiOP,61,train
Li3PO4-008191,Li3PO4,LiOP,31,train
Li3PO4-016737,Li3PO4,LiOP,61,train
ZrO2-008737,ZrO2,OZr,48,train
Li3PO4-004606,Li3PO4,LiOP,32,train
Li3PO4-001130,Li3PO4,LiOP,32,train
Li3PO4-005884,Li3PO4,LiOP,32,train
Li3PO4-017205,Li3PO4,LiOP,61,train
perovskite-000487,perovskite,CaOSrTiZr,20,train
ZrO2-000122,ZrO2,OZr,96,train
Li3PO4-008857,Li3PO4,LiOP,31,train
Li3PO4-003729,Li3PO4,LiOP,32,train
ZrO2-009737,ZrO2,OZr,48,train
Li3PO4-013939,Li3PO4,LiOP,61,train
Li3PO4-010998,Li3PO4,LiOP,31,train
Li3PO4-003767,Li3PO4,LiOP,32,train
Li3PO4-004723,Li3PO4,LiOP,32,train
ZrO2-004904,ZrO2,OZr,47,train
ZrO2-005474,ZrO2,OZr,47,train
ZrO2-009109,ZrO2,OZr,48,train
perovskite-000624,perovskite,CaOPbSrTiZr,20,train
Li3PO4-006396,Li3PO4,LiOP,32,train
Li3PO4-007394,Li3PO4,LiOP,32,train
Li3PO4-015235,Li3PO4,LiOP,61,train
ZrO2-008418,ZrO2,OZr,48,train
ZrO2-004790,ZrO2,OZr,47,train
Li3PO4-010155,Li3PO4,LiOP,31,train
perovskite-001056,perovskite,BaCaHfOPbZr,20,train
ZrO2-008024,ZrO2,OZr,95,train
Li3PO4-017067,Li3PO4,LiOP,61,train
perovskite-001063,perovskite,BaCaHfOPbTi,20,train
ZrO2-002880,ZrO2,OZr,95,train
Li3PO4-000116,Li3PO4,LiOP,32,train
Li3PO4-011499,Li3PO4,LiOP,31,train
ZrO2-001530,ZrO2,OZr,96,train
Li3PO4-002626,Li3PO4,LiOP,32,train
Li3PO4-012549,Li3PO4,LiOP,31,train
Li3PO4-014433,Li3PO4,LiOP,61,train
Li3PO4-011094,Li3PO4,LiOP,31,train
ZrO2-005639,ZrO2,OZr,95,train
Li3PO4-006777,Li3PO4,LiOP,32,train
Li3PO4-014951,Li3PO4,LiOP,61,train
Li3PO4-014651,Li3PO4,LiOP,61,train
perovskite-001114,perovskite,BaCaHfOPbSrTiZr,20,train
ZrO2-006555,ZrO2,OZr,95,train
Li3PO4-016710,Li3PO4,LiOP,61,train
Li3PO4-017526,Li3PO4,LiOP,61,train
Li3PO4-012706,Li3PO4,LiOP,31,train
ZrO2-007490,ZrO2,OZr,95,train
Li3PO4-001375,Li3PO4,LiOP,32,train
Li3PO4-015782,Li3PO4,LiOP,61,train
ZrO2-001589,ZrO2,OZr,96,train
Li3PO4-006901,Li3PO4,LiOP,32,train
Li3PO4-002206,Li3PO4,LiOP,32,train
Li3PO4-005913,Li3PO4,LiOP,32,train
ZrO2-001777,ZrO2,OZr,96,train
Li3PO4-015251,Li3PO4,LiOP,61,train
ZrO2-000507,ZrO2,OZr,96,train
Li3PO4-017360,Li3PO4,LiOP,61,train
Li3PO4-010278,Li3PO4,LiOP,31,train
ZrO2-004403,ZrO2,OZr,47,train
Li3PO4-001467,Li3PO4,LiOP,32,train
Li3PO4-005842,Li3PO4,LiOP,32,train
Li3PO4-007061,Li3PO4,LiOP,32,train
Li3PO4-007149,Li3PO4,LiOP,32,train
perovskite-000450,perovskite,BaCaOPbTiZr,20,train
Li3PO4-007124,Li3PO4,LiOP,32,train
Li3PO4-000797,Li3PO4,LiOP,32,train
ZrO2-006731,ZrO2,OZr,95,train
ZrO2-001003,ZrO2,OZr,96,train
ZrO2-000438,ZrO2,OZr,96,train
ZrO2-003119,ZrO2,OZr,95,train
perovskite-001078,perovskite,BaCaHfOPbTi,20,train
ZrO2-004028,ZrO2,OZr,47,train
Li3PO4-003370,Li3PO4,LiOP,32,train
Li3PO4-015444,Li3PO4,LiOP,61,train
Li3PO4-016730,Li3PO4,LiOP,61,train
Li3PO4-011691,Li3PO4,LiOP,31,train
Li3PO4-006045,Li3PO4,LiOP,32,train
Li3PO4-010813,Li3PO4,LiOP,31,train
Li3PO4-009493,Li3PO4,LiOP,31,train
ZrO2-009678,ZrO2,OZr,48,train
Li3PO4-017783,Li3PO4,LiOP,61,train
Li3PO4-002150,Li3PO4,LiOP,32,train
ZrO2-007149,ZrO2,OZr,95,train
Li3PO4-005624,Li3PO4,LiOP,32,train
Li3PO4-005002,Li3PO4,LiOP,32,train
Li3PO4-000160,Li3PO4,LiOP,32,train
ZrO2-008016,ZrO2,OZr,95,train
Li3PO4-008538,Li3PO4,LiOP,31,train
ZrO2-006318,ZrO2,OZr,95,train
Li3PO4-001964,Li3PO4,LiOP,32,train
ZrO2-001973,ZrO2,OZr,96,train
Li3PO4-007511,Li3PO4,LiOP,32,train
ZrO2-006403,ZrO2,OZr,95,train
ZrO2-008771,ZrO2,OZr,48,train
ZrO2-008532,ZrO2,OZr,48,train
Li3PO4-010583,Li3PO4,LiOP,31,train
ZrO2-006273,ZrO2,OZr,95,train
ZrO2-007837,ZrO2,OZr,95,train
ZrO2-000147,ZrO2,OZr,96,train
Li3PO4-013220,Li3PO4,LiOP,61,train
Li3PO4-005577,Li3PO4,LiOP,32,train
perovskite-001106,perovskite,BaCaHfOPbSrTiZr,20,train
ZrO2-009858,ZrO2,OZr,48,train
Li3PO4-013786,Li3PO4,LiOP,61,train
Li3PO4-012025,Li3PO4,LiOP,31,train
Li3PO4-009473,Li3PO4,LiOP,31,train
Li3PO4-002033,Li3PO4,LiOP,32,train
ZrO2-009296,ZrO2,OZr,48,train
Li3PO4-011237,Li3PO4,LiOP,31,train
Li3PO4-017662,Li3PO4,LiOP,61,train
Li3PO4-004890,Li3PO4,LiOP,32,train
perovskite-001086,perovskite,BaCaHfOPbTiZr,20,train
Li3PO4-003471,Li3PO4,LiOP,32,train
Li3PO4-006349,Li3PO4,LiOP,32,train
ZrO2-003455,ZrO2,OZr,95,train
ZrO2-004612,ZrO2,OZr,47,train
Li3PO4-000588,Li3PO4,LiOP,32,train
ZrO2-008458,ZrO2,OZr,48,train
ZrO2-005663,ZrO2,OZr,95,train
Li3PO4-002293,Li3PO4,LiOP,32,train
ZrO2-008794,ZrO2,OZr,48,train
Li3PO4-001013,Li3PO4,LiOP,32,train
Li3PO4-016535,Li3PO4,LiOP,61,train
Li3PO4-008563,Li3PO4,LiOP,31,train
Li3PO4-006116,Li3PO4,LiOP,32,train
Li3PO4-013997,Li3PO4,LiOP,61,train
Li3PO4-007188,Li3PO4,LiOP,32,train
ZrO2-000921,ZrO2,OZr,96,train
Li3PO4-004936,Li3PO4,LiOP,32,train
Li3PO4-006565,Li3PO4,LiOP,32,train
ZrO2-007318,ZrO2,OZr,95,train
Li3PO4-008724,Li3PO4,LiOP,31,train
Li3PO4-011462,Li3PO4,LiOP,31,train
Li3PO4-010274,Li3PO4,LiOP,31,train
ZrO2-004884,ZrO2,OZr,47,train
ZrO2-000087,ZrO2,OZr,96,train
Li3PO4-011946,Li3PO4,LiOP,31,train
Li3PO4-013370,Li3PO4,LiOP,61,train
ZrO2-002384,ZrO2,OZr,95,train
ZrO2-008194,ZrO2,OZr,48,train
Li3PO4-000616,Li3PO4,LiOP,32,train
Li3PO4-008852,Li3PO4,LiOP,31,train
ZrO2-002904,ZrO2,OZr,95,train
Li3PO4-013622,Li3PO4,LiOP,61,train
ZrO2-001415,ZrO2,OZr,96,train
ZrO2-002812,ZrO2,OZr,95,train
Li3PO4-003748,Li3PO4,LiOP,32,train
Li3PO4-009839,Li3PO4,LiOP,31,train
Li3PO4-000456,Li3PO4,LiOP,32,train
Li3PO4-003981,Li3PO4,LiOP,32,train
ZrO2-001811,ZrO2,OZr,96,train
perovskite-000601,perovskite,CaHfOPbZr,20,train
ZrO2-005168,ZrO2,OZr,47,train
Li3PO4-011510,Li3PO4,LiOP,31,train
Li3PO4-012500,Li3PO4,LiOP,31,train
Li3PO4-013727,Li3PO4,LiOP,61,train
ZrO2-009061,ZrO2,OZr,48,train
Li3PO4-017714,Li3PO4,LiOP,61,train
Li3PO4-000091,Li3PO4,LiOP,32,train
ZrO2-003997,ZrO2,OZr,47,train
Li3PO4-004473,Li3PO4,LiOP,32,train
Li3PO4-005103,Li3PO4,LiOP,32,train
perovskite-000409,perovskite,CaOPbSrTiZr,20,train
ZrO2-008341,ZrO2,OZr,48,train
Li3PO4-003575,Li3PO4,LiOP,32,train
ZrO2-002126,ZrO2,OZr,95,train
Li3PO4-002038,Li3PO4,LiOP,32,train
ZrO2-006447,ZrO2,OZr,95,train
ZrO2-008320,ZrO2,OZr,48,train
Li3PO4-017672,Li3PO4,LiOP,61,train
Li3PO4-011424,Li3PO4,LiOP,31,train
ZrO2-008217,ZrO2,OZr,48,train
Li3PO4-013412,Li3PO4,LiOP,61,train
Li3PO4-008407,Li3PO4,LiOP,31,train
ZrO2-010080,ZrO2,OZr,48,train
ZrO2-005326,ZrO2,OZr,47,train
Li3PO4-000756,Li3PO4,LiOP,32,train
Li3PO4-004134,Li3PO4,LiOP,32,train
perovskite-000221,perovskite,BaHfOSr,20,train
ZrO2-006658,ZrO2,OZr,95,train
Li3PO4-014200,Li3PO4,LiOP,61,train
Li3PO4-014045,Li3PO4,LiOP,61,train
ZrO2-006370,ZrO2,OZr,95,train
Li3PO4-013353,Li3PO4,LiOP,61,train
Li3PO4-001354,Li3PO4,LiOP,32,train
Li3PO4-003520,Li3PO4,LiOP,32,train
perovskite-000380,perovskite,CaHfOPbTiZr,20,train
ZrO2-003794,ZrO2,OZr,47,train
perovskite-000649,perovskite,CaHfOPbSrZr,20,train
Li3PO4-006329,Li3PO4,LiOP,32,train
Li3PO4-012810,Li3PO4,LiOP,31,train
Li3PO4-007947,Li3PO4,LiOP,32,train
Li3PO4-011611,Li3PO4,LiOP,31,train
ZrO2-000598,ZrO2,OZr,96,train
Li3PO4-015447,Li3PO4,LiOP,61,train
Li3PO4-009782,Li3PO4,LiOP,31,train
Li3PO4-012688,Li3PO4,LiOP,31,train
Li3PO4-011522,Li3PO4,LiOP,31,train
ZrO2-000928,ZrO2,OZr,96,train
Li3PO4-000290,Li3PO4,LiOP,32,train
perovskite-000607,perovskite,CaHfOPbZr,20,train
ZrO2-002365,ZrO2,OZr,95,train
Li3PO4-014500,Li3PO4,LiOP,61,train
Li3PO4-001245,Li3PO4,LiOP,32,train
Li3PO4-001357,Li3PO4,LiOP,32,train
ZrO2-004805,ZrO2,OZr,47,train
Li3PO4-000182,Li3PO4,LiOP,32,train
Li3PO4-011927,Li3PO4,LiOP,31,train
Li3PO4-003396,Li3PO4,LiOP,32,train
Li3PO4-008837,Li3PO4,LiOP,31,train
Li3PO4-015727,Li3PO4,LiOP,61,train
ZrO2-005822,ZrO2,OZr,95,train
Li3PO4-008022,Li3PO4,LiOP,31,train
Li3PO4-002230,Li3PO4,LiOP,32,train
Li3PO4-001656,Li3PO4,LiOP,32,train
Li3PO4-010052,Li3PO4,LiOP,31,train
ZrO2-002197,ZrO2,OZr,95,train
ZrO2-008694,ZrO2,OZr,48,train
Li3PO4-012781,Li3PO4,LiOP,31,train
Li3PO4-016888,Li3PO4,LiOP,61,train
Li3PO4-000723,Li3PO4,LiOP,32,train
Li3PO4-005459,Li3PO4,LiOP,32,train
Li3PO4-011443,Li3PO4,LiOP,31,train
Li3PO4-004086,Li3PO4,LiOP,32,train
Li3PO4-000111,Li3PO4,LiOP,32,train
Li3PO4-010619,Li3PO4,LiOP,31,train
Li3PO4-002408,Li3PO4,LiOP,32,train
Li3PO4-011480,Li3PO4,LiOP,31,train
ZrO2-003435,ZrO2,OZr,95,train
Li3PO4-008449,Li3PO4,LiOP,31,train
Li3PO4-009631,Li3PO4,LiOP,31,train
ZrO2-006557,ZrO2,OZr,95,train
Li3PO4-009208,Li3PO4,LiOP,31,train
Li3PO4-010225,Li3PO4,LiOP,31,train
Li3PO4-011330,Li3PO4,LiOP,31,train
Li3PO4-010154,Li3PO4,LiOP,31,train
Li3PO4-004742,Li3PO4,LiOP,32,train
perovskite-000231,perovskite,CaOTiZr,20,train
ZrO2-002048,ZrO2,OZr,95,train
Li3PO4-008335,Li3PO4,LiOP,31,train
Li3PO4-006501,Li3PO4,LiOP,32,train
Li3PO4-009141,Li3PO4,LiOP,31,train
Li3PO4-015275,Li3PO4,LiOP,61,train
Li3PO4-010903,Li3PO4,LiOP,31,train
ZrO2-006358,ZrO2,OZr,95,train
Li3PO4-014025,Li3PO4,LiOP,61,train
Li3PO4-010850,Li3PO4,LiOP,31,train
perovskite-000075,perovskite,BaOZr,20,train
Li3PO4-008469,Li3PO4,LiOP,31,train
Li3PO4-017250,Li3PO4,LiOP,61,train
perovskite-001108,perovskite,BaCaOPbSrTiZr,20,train
Li3PO4-013926,Li3PO4,LiOP,61,train
ZrO2-009168,ZrO2,OZr,48,train
ZrO2-000985,ZrO2,OZr,96,train
Li3PO4-007360,Li3PO4,LiOP,32,train
ZrO2-001162,ZrO2,OZr,96,train
perovskite-000748,perovskite,CaHfOPbTiZr,20,train
Li3PO4-008238,Li3PO4,LiOP,31,train
Li3PO4-006128,Li3PO4,LiOP,32,train
ZrO2-007690,ZrO2,OZr,95,train
Li3PO4-015495,Li3PO4,LiOP,61,train
ZrO2-005664,ZrO2,OZr,95,train
ZrO2-001135,ZrO2,OZr,96,train
ZrO2-000375,ZrO2,OZr,96,train
perovskite-000476,perovskite,BaCaHfOPbZr,20,train
Li3PO4-012404,Li3PO4,LiOP,31,train
Li3PO4-007439,Li3PO4,LiOP,32,train
Li3PO4-008440,Li3PO4,LiOP,31,train
Li3PO4-003495,Li3PO4,LiOP,32,train
ZrO2-002824,ZrO2,OZr,95,train
Li3PO4-010908,Li3PO4,LiOP,31,train
ZrO2-006004,ZrO2,OZr,95,train
Li3PO4-013324,Li3PO4,LiOP,61,train
perovskite-000259,perovskite,CaOPbTiZr,20,train
Li3PO4-016797,Li3PO4,LiOP,61,train
ZrO2-006115,ZrO2,OZr,95,train
Li3PO4-002890,Li3PO4,LiOP,32,train
Li3PO4-000438,Li3PO4,LiOP,32,train
Li3PO4-009117,Li3PO4,LiOP,31,train
ZrO2-003225,ZrO2,OZr,95,train
ZrO2-002313,ZrO2,OZr,95,train
Li3PO4-017859,Li3PO4,LiOP,61,train
Li3PO4-016624,Li3PO4,LiOP,61,train
Li3PO4-005220,Li3PO4,LiOP,32,train
Li3PO4-017929,Li3PO4,LiOP,61,train
ZrO2-007649,ZrO2,OZr,95,train
ZrO2-006078,ZrO2,OZr,95,train
Li3PO4-017703,Li3PO4,LiOP,61,train
ZrO2-001477,ZrO2,OZr,96,train
Li3PO4-005392,Li3PO4,LiOP,32,train
ZrO2-003666,ZrO2,OZr,47,train
Li3PO4-011128,Li3PO4,LiOP,31,train
ZrO2-004825,ZrO2,OZr,47,train
ZrO2-008157,ZrO2,OZr,48,train
Li3PO4-005843,Li3PO4,LiOP,32,train
Li3PO4-015582,Li3PO4,LiOP,61,train
ZrO2-004590,ZrO2,OZr,47,train
ZrO2-001395,ZrO2,OZr,96,train
ZrO2-002280,ZrO2,OZr,95,train
Li3PO4-000911,Li3PO4,LiOP,32,train
Li3PO4-014420,Li3PO4,LiOP,61,train
ZrO2-005180,ZrO2,OZr,47,train
ZrO2-007904,ZrO2,OZr,95,train
ZrO2-000572,ZrO2,OZr,96,train
Li3PO4-000901,Li3PO4,LiOP,32,train
Li3PO4-009706,Li3PO4,LiOP,31,train
Li3PO4-009381,Li3PO4,LiOP,31,train
ZrO2-005688,ZrO2,OZr,95,train
ZrO2-005720,ZrO2,OZr,95,train
Li3PO4-005623,Li3PO4,LiOP,32,train
Li3PO4-016006,Li3PO4,LiOP,61,train
ZrO2-004787,ZrO2,OZr,47,train
Li3PO4-010504,Li3PO4,LiOP,31,train
Li3PO4-010705,Li3PO4,LiOP,31,train
Li3PO4-009085,Li3PO4,LiOP,31,train
Li3PO4-008121,Li3PO4,LiOP,31,train
ZrO2-002873,ZrO2,OZr,95,train
ZrO2-004190,ZrO2,OZr,47,train
Li3PO4-016686,Li3PO4,LiOP,61,train
ZrO2-001516,ZrO2,OZr,96,train
Li3PO4-006780,Li3PO4,LiOP,32,train
ZrO2-008512,ZrO2,OZr,48,train
Li3PO4-011110,Li3PO4,LiOP,31,train
ZrO2-009382,ZrO2,OZr,48,train
Li3PO4-017692,Li3PO4,LiOP,61,train
Li3PO4-000509,Li3PO4,LiOP,32,train
Li3PO4-010079,Li3PO4,LiOP,31,train
Li3PO4-003026,Li3PO4,LiOP,32,train
Li3PO4-017495,Li3PO4,LiOP,61,train
ZrO2-008906,ZrO2,OZr,48,train
ZrO2-003975,ZrO2,OZr,47,train
Li3PO4-017391,Li3PO4,LiOP,61,train
Li3PO4-004604,Li3PO4,LiOP,32,train
Li3PO4-004316,Li3PO4,LiOP,32,train
ZrO2-007441,ZrO2,OZr,95,train
ZrO2-001640,ZrO2,OZr,96,train
Li3PO4-008346,Li3PO4,LiOP,31,train
Li3PO4-009187,Li3PO4,LiOP,31,train
Li3PO4-001693,Li3PO4,LiOP,32,train
Li3PO4-001403,Li3PO4,LiOP,32,train
ZrO2-004062,ZrO2,OZr,47,train
Li3PO4-012085,Li3PO4,LiOP,31,train
Li3PO4-013614,Li3PO4,LiOP,61,train
ZrO2-008278,ZrO2,OZr,48,train
Li3PO4-009007,Li3PO4,LiOP,31,train
ZrO2-001126,ZrO2,OZr,96,train
ZrO2-004080,ZrO2,OZr,47,train
Li3PO4-002662,Li3PO4,LiOP,32,train
Li3PO4-009904,Li3PO4,LiOP,31,train
Li3PO4-013046,Li3PO4,LiOP,61,train
Li3PO4-002757,Li3PO4,LiOP,32,train
ZrO2-003782,ZrO2,OZr,47,train
Li3PO4-007143,Li3PO4,LiOP,32,train
Li3PO4-009720,Li3PO4,LiOP,31,train
ZrO2-007920,ZrO2,OZr,95,train
ZrO2-002779,ZrO2,OZr,95,train
Li3PO4-015042,Li3PO4,LiOP,61,train
ZrO2-001778,ZrO2,OZr,96,train
Li3PO4-001999,Li3PO4,LiOP,32,train
Li3PO4-004049,Li3PO4,LiOP,32,train
perovskite-000734,perovskite,CaHfOPbTiZr,20,train
Li3PO4-013075,Li3PO4,LiOP,61,train
Li3PO4-001814,Li3PO4,LiOP,32,train
ZrO2-003758,ZrO2,OZr,47,train
Li3PO4-007376,Li3PO4,LiOP,32,train
ZrO2-003197,ZrO2,OZr,95,train
ZrO2-003465,ZrO2,OZr,95,train
ZrO2-004108,ZrO2,OZr,47,train
Li3PO4-014586,Li3PO4,LiOP,61,train
Li3PO4-007276,Li3PO4,LiOP,32,train
Li3PO4-009056,Li3PO4,LiOP,31,train
Li3PO4-006962,Li3PO4,LiOP,32,train
Li3PO4-012306,Li3PO4,LiOP,31,train
ZrO2-005356,ZrO2,OZr,47,train
Li3PO4-004458,Li3PO4,LiOP,32,train
ZrO2-003195,ZrO2,OZr,95,train
Li3PO4-017254,Li3PO4,LiOP,61,train
Li3PO4-015917,Li3PO4,LiOP,61,train
ZrO2-004525,ZrO2,OZr,47,train
Li3PO4-007214,Li3PO4,LiOP,32,train
Li3PO4-017730,Li3PO4,LiOP,61,train
Li3PO4-010801,Li3PO4,LiOP,31,train
Li3PO4-001197,Li3PO4,LiOP,32,train
Li3PO4-017259,Li3PO4,LiOP,61,train
Li3PO4-003137,Li3PO4,LiOP,32,train
ZrO2-000356,ZrO2,OZr,96,train
Li3PO4-014566,Li3PO4,LiOP,61,train
ZrO2-000687,ZrO2,OZr,96,train
ZrO2-007276,ZrO2,OZr,95,train
perovskite-000091,perovskite,CaOPbSrTi,20,train
ZrO2-004575,ZrO2,OZr,47,train
perovskite-000188,perovskite,BaCaHfOPbSr,20,train
Li3PO4-006539,Li3PO4,LiOP,32,train
ZrO2-007964,ZrO2,OZr,95,train
Li3PO4-006239,Li3PO4,LiOP,32,train
ZrO2-009553,ZrO2,OZr,48,train
Li3PO4-016709,Li3PO4,LiOP,61,train
perovskite-000321,perovskite,CaHfOSrZr,20,train
Li3PO4-010559,Li3PO4,LiOP,31,train
ZrO2-004386,ZrO2,OZr,47,train
ZrO2-003067,ZrO2,OZr,95,train
Li3PO4-009264,Li3PO4,LiOP,31,train
Li3PO4-002387,Li3PO4,LiOP,32,train
perovskite-000194,perovskite,BaCaHfOPb,20,train
ZrO2-001606,ZrO2,OZr,96,train
Li3PO4-006694,Li3PO4,LiOP,32,train
Li3PO4-001802,Li3PO4,LiOP,32,train
ZrO2-001292,ZrO2,OZr,96,train
Li3PO4-012749,Li3PO4,LiOP,31,train
Li3PO4-002770,Li3PO4,LiOP,32,train
ZrO2-005536,ZrO2,OZr,47,train
Li3PO4-008934,Li3PO4,LiOP,31,train
perovskite-000756,perovskite,CaHfOPbTiZr,20,train
ZrO2-009206,ZrO2,OZr,48,train
Li3PO4-014238,Li3PO4,LiOP,61,train
ZrO2-009269,ZrO2,OZr,48,train
Li3PO4-017370,Li3PO4,LiOP,61,train
ZrO2-000523,ZrO2,OZr,96,train
ZrO2-007031,ZrO2,OZr,95,train
Li3PO4-006566,Li3PO4,LiOP,32,train
perovskite-001052,perovskite,BaCaHfOPbZr,20,train
Li3PO4-005219,Li3PO4,LiOP,32,train
ZrO2-001220,ZrO2,OZr,96,train
Li3PO4-003717,Li3PO4,LiOP,32,train
Li3PO4-013106,Li3PO4,LiOP,61,train
Li3PO4-005655,Li3PO4,LiOP,32,train
Li3PO4-011056,Li3PO4,LiOP,31,train
ZrO2-008979,ZrO2,OZr,48,train
ZrO2-006863,ZrO2,OZr,95,train
Li3PO4-006860,Li3PO4,LiOP,32,train
ZrO2-009445,ZrO2,OZr,48,train
Li3PO4-003116,Li3PO4,LiOP,32,train
ZrO2-009173,ZrO2,OZr,48,train
ZrO2-009786,ZrO2,OZr,48,train
ZrO2-005175,ZrO2,OZr,47,train
Li3PO4-013060,Li3PO4,LiOP,61,train
ZrO2-006912,ZrO2,OZr,95,train
ZrO2-006797,ZrO2,OZr,95,train
Li3PO4-015568,Li3PO4,LiOP,61,train
ZrO2-005682,ZrO2,OZr,95,train
Li3PO4-002272,Li3PO4,LiOP,32,train
Li3PO4-004673,Li3PO4,LiOP,32,train
ZrO2-009203,ZrO2,OZr,48,train
ZrO2-002529,ZrO2,OZr,95,train
ZrO2-006315,ZrO2,OZr,95,train
Li3PO4-003645,Li3PO4,LiOP,32,train
Li3PO4-014145,Li3PO4,LiOP,61,train
ZrO2-008780,ZrO2,OZr,48,train
ZrO2-000584,ZrO2,OZr,96,train
ZrO2-003448,ZrO2,OZr,95,train
Li3PO4-005888,Li3PO4,LiOP,32,train
Li3PO4-004455,Li3PO4,LiOP,32,train
ZrO2-006062,ZrO2,OZr,95,train
ZrO2-003192,ZrO2,OZr,95,train
Li3PO4-004155,Li3PO4,LiOP,32,train
Li3PO4-013473,Li3PO4,LiOP,61,train
Li3PO4-001513,Li3PO4,LiOP,32,train
Li3PO4-008862,Li3PO4,LiOP,31,train
Li3PO4-004008,Li3PO4,LiOP,32,train
Li3PO4-009505,Li3PO4,LiOP,31,train
Li3PO4-007836,Li3PO4,LiOP,32,train
Li3PO4-011164,Li3PO4,LiOP,31,train
ZrO2-001713,ZrO2,OZr,96,train
Li3PO4-008906,Li3PO4,LiOP,31,train
Li3PO4-008169,Li3PO4,LiOP,31,train
Li3PO4-014552,Li3PO4,LiOP,61,train
Li3PO4-010805,Li3PO4,LiOP,31,train
Li3PO4-017933,Li3PO4,LiOP,61,train
Li3PO4-009804,Li3PO4,LiOP,31,train
Li3PO4-003362,Li3PO4,LiOP,32,train
ZrO2-006203,ZrO2,OZr,95,train
Li3PO4-006452,Li3PO4,LiOP,32,train
Li3PO4-010310,Li3PO4,LiOP,31,train
Li3PO4-005156,Li3PO4,LiOP,32,train
Li3PO4-013892,Li3PO4,LiOP,61,train
Li3PO4-003770,Li3PO4,LiOP,32,train
ZrO2-001545,ZrO2,OZr,96,train
Li3PO4-006563,Li3PO4,LiOP,32,train
Li3PO4-009518,Li3PO4,LiOP,31,train
Li3PO4-014991,Li3PO4,LiOP,61,train
Li3PO4-000917,Li3PO4,LiOP,32,train
ZrO2-009432,ZrO2,OZr,48,train
Li3PO4-002069,Li3PO4,LiOP,32,train
Li3PO4-000258,Li3PO4,LiOP,32,train
Li3PO4-002132,Li3PO4,LiOP,32,train
ZrO2-010101,ZrO2,OZr,48,train
ZrO2-009967,ZrO2,OZr,48,train
ZrO2-005944,ZrO2,OZr,95,train
Li3PO4-007636,Li3PO4,LiOP,32,train
Li3PO4-001582,Li3PO4,LiOP,32,train
Li3PO4-015943,Li3PO4,LiOP,61,train
Li3PO4-003533,Li3PO4,LiOP,32,train
ZrO2-006378,ZrO2,OZr,95,train
Li3PO4-011678,Li3PO4,LiOP,31,train
Li3PO4-005442,Li3PO4,LiOP,32,train
Li3PO4-008428,Li3PO4,LiOP,31,train
ZrO2-007672,ZrO2,OZr,95,train
Li3PO4-003451,Li3PO4,LiOP,32,train
Li3PO4-000122,Li3PO4,LiOP,32,train
Li3PO4-006999,Li3PO4,LiOP,32,train
Li3PO4-001012,Li3PO4,LiOP,32,train
Li3PO4-017050,Li3PO4,LiOP,61,train
ZrO2-010085,ZrO2,OZr,48,train
Li3PO4-013290,Li3PO4,LiOP,61,train
Li3PO4-014352,Li3PO4,LiOP,61,train
Li3PO4-009137,Li3PO4,LiOP,31,train
Li3PO4-004108,Li3PO4,LiOP,32,train
ZrO2-001858,ZrO2,OZr,96,train
Li3PO4-014707,Li3PO4,LiOP,61,train
Li3PO4-003182,Li3PO4,LiOP,32,train
ZrO2-004914,ZrO2,OZr,47,train
Li3PO4-016319,Li3PO4,LiOP,61,train
Li3PO4-008889,Li3PO4,LiOP,31,train
perovskite-000017,perovskite,CaOPbSrZr,20,train
Li3PO4-015380,Li3PO4,LiOP,61,train
Li3PO4-014624,Li3PO4,LiOP,61,train
Li3PO4-009250,Li3PO4,LiOP,31,train
Li3PO4-016170,Li3PO4,LiOP,61,train
Li3PO4-001787,Li3PO4,LiOP,32,train
ZrO2-007776,ZrO2,OZr,95,train
Li3PO4-013805,Li3PO4,LiOP,61,train
ZrO2-001211,ZrO2,OZr,96,train
Li3PO4-004698,Li3PO4,LiOP,32,train
Li3PO4-006074,Li3PO4,LiOP,32,train
Li3PO4-011357,Li3PO4,LiOP,31,train
Li3PO4-008164,Li3PO4,LiOP,31,train
ZrO2-000269,ZrO2,OZr,96,train
ZrO2-000784,ZrO2,OZr,96,train
ZrO2-008549,ZrO2,OZr,48,train
Li3PO4-015174,Li3PO4,LiOP,61,train
Li3PO4-004069,Li3PO4,LiOP,32,train
ZrO2-009321,ZrO2,OZr,48,train
ZrO2-008747,ZrO2,OZr,48,train
Li3PO4-004248,Li3PO4,LiOP,32,train
ZrO2-008722,ZrO2,OZr,48,train
Li3PO4-004484,Li3PO4,LiOP,32,train
Li3PO4-012942,Li3PO4,LiOP,31,train
Li3PO4-014685,Li3PO4,LiOP,61,train
Li3PO4-010654,Li3PO4,LiOP,31,train
ZrO2-000577,ZrO2,OZr,96,train
ZrO2-008712,ZrO2,OZr,48,train
Li3PO4-001527,Li3PO4,LiOP,32,train
Li3PO4-006807,Li3PO4,LiOP,32,train
ZrO2-008526,ZrO2,OZr,48,train
ZrO2-007638,ZrO2,OZr,95,train
ZrO2-008581,ZrO2,OZr,48,train
Li3PO4-014334,Li3PO4,LiOP,61,train
ZrO2-007393,ZrO2,OZr,95,train
ZrO2-000079,ZrO2,OZr,96,train
Li3PO4-014587,Li3PO4,LiOP,61,train
ZrO2-008085,ZrO2,OZr,95,train
Li3PO4-009909,Li3PO4,LiOP,31,train
ZrO2-004060,ZrO2,OZr,47,train
ZrO2-001510,ZrO2,OZr,96,train
Li3PO4-014976,Li3PO4,LiOP,61,train
ZrO2-007117,ZrO2,OZr,95,train
ZrO2-005788,ZrO2,OZr,95,train
ZrO2-001322,ZrO2,OZr,96,train
Li3PO4-004658,Li3PO4,LiOP,32,train
Li3PO4-003406,Li3PO4,LiOP,32,train
Li3PO4-017695,Li3PO4,LiOP,61,train
Li3PO4-013710,Li3PO4,LiOP,61,train
ZrO2-003336,ZrO2,OZr,95,train
ZrO2-000971,ZrO2,OZr,96,train
Li3PO4-007359,Li3PO4,LiOP,32,train
ZrO2-000479,ZrO2,OZr,96,train
ZrO2-009820,ZrO2,OZr,48,train
ZrO2-000066,ZrO2,OZr,96,train
ZrO2-003897,ZrO2,OZr,47,train
Li3PO4-009958,Li3PO4,LiOP,31,train
ZrO2-005710,ZrO2,OZr,95,train
Li3PO4-013691,Li3PO4,LiOP,61,train
Li3PO4-017400,Li3PO4,LiOP,61,train
Li3PO4-001045,Li3PO4,LiOP,32,train
ZrO2-008929,ZrO2,OZr,48,train
ZrO2-007448,ZrO2,OZr,95,train
Li3PO4-007417,Li3PO4,LiOP,32,train
Li3PO4-001837,Li3PO4,LiOP,32,train
ZrO2-007819,ZrO2,OZr,95,train
ZrO2-004212,ZrO2,OZr,47,train
Li3PO4-008470,Li3PO4,LiOP,31,train
perovskite-000396,perovskite,CaHfOPbZr,20,train
ZrO2-008509,ZrO2,OZr,48,train
Li3PO4-003152,Li3PO4,LiOP,32,train
Li3PO4-002417,Li3PO4,LiOP,32,train
Li3PO4-002328,Li3PO4,LiOP,32,train
Li3PO4-006643,Li3PO4,LiOP,32,train
Li3PO4-013016,Li3PO4,LiOP,61,train
ZrO2-002886,ZrO2,OZr,95,train
ZrO2-005888,ZrO2,OZr,95,train
Li3PO4-001456,Li3PO4,LiOP,32,train
ZrO2-008337,ZrO2,OZr,48,train
Li3PO4-009733,Li3PO4,LiOP,31,train
Li3PO4-004121,Li3PO4,LiOP,32,train
ZrO2-000371,ZrO2,OZr,96,train
Li3PO4-012051,Li3PO4,LiOP,31,train
ZrO2-003974,ZrO2,OZr,47,train
ZrO2-004635,ZrO2,OZr,47,train
Li3PO4-009081,Li3PO4,LiOP,31,train
Li3PO4-014026,Li3PO4,LiOP,61,train
ZrO2-007093,ZrO2,OZr,95,train
Li3PO4-017151,Li3PO4,LiOP,61,train
Li3PO4-007087,Li3PO4,LiOP,32,train
Li3PO4-014016,Li3PO4,LiOP,61,train
Li3PO4-006252,Li3PO4,LiOP,32,train
ZrO2-005590,ZrO2,OZr,95,train
Li3PO4-002382,Li3PO4,LiOP,32,train
Li3PO4-017082,Li3PO4,LiOP,61,train
ZrO2-003619,ZrO2,OZr,47,train
ZrO2-008160,ZrO2,OZr,48,train
perovskite-000482,perovskite,CaOSrTiZr,20,train
Li3PO4-004637,Li3PO4,LiOP,32,train
ZrO2-007372,ZrO2,OZr,95,train
ZrO2-008261,ZrO2,OZr,48,train
Li3PO4-008120,Li3PO4,LiOP,31,train
Li3PO4-012967,Li3PO4,LiOP,31,train
Li3PO4-000488,Li3PO4,LiOP,32,train
Li3PO4-012231,Li3PO4,LiOP,31,train
Li3PO4-014715,Li3PO4,LiOP,61,train
Li3PO4-000670,Li3PO4,LiOP,32,train
Li3PO4-010899,Li3PO4,LiOP,31,train
Li3PO4-013042,Li3PO4,LiOP,61,train
Li3PO4-005175,Li3PO4,LiOP,32,train
ZrO2-005600,ZrO2,OZr,95,train
Li3PO4-010993,Li3PO4,LiOP,31,train
ZrO2-001008,ZrO2,OZr,96,train
Li3PO4-014719,Li3PO4,LiOP,61,train
ZrO2-005057,ZrO2,OZr,47,train
Li3PO4-000073,Li3PO4,LiOP,32,train
Li3PO4-003914,Li3PO4,LiOP,32,train
ZrO2-001560,ZrO2,OZr,96,train
ZrO2-005410,ZrO2,OZr,47,train
Li3PO4-005057,Li3PO4,LiOP,32,train
ZrO2-002357,ZrO2,OZr,95,train
ZrO2-007644,ZrO2,OZr,95,train
Li3PO4-012153,Li3PO4,LiOP,31,train
Li3PO4-003893,Li3PO4,LiOP,32,train
ZrO2-001095,ZrO2,OZr,96,train
Li3PO4-010857,Li3PO4,LiOP,31,train
ZrO2-005000,ZrO2,OZr,47,train
Li3PO4-007038,Li3PO4,LiOP,32,train
Li3PO4-007826,Li3PO4,LiOP,32,train
ZrO2-008107,ZrO2,OZr,48,train
Li3PO4-010240,Li3PO4,LiOP,31,train
ZrO2-006264,ZrO2,OZr,95,train
Li3PO4-007708,Li3PO4,LiOP,32,train
Li3PO4-002954,Li3PO4,LiOP,32,train
Li3PO4-002769,Li3PO4,LiOP,32,train
Li3PO4-010628,Li3PO4,LiOP,31,train
Li3PO4-012668,Li3PO4,LiOP,31,train
Li3PO4-006732,Li3PO4,LiOP,32,train
ZrO2-010096,ZrO2,OZr,48,train
Li3PO4-004194,Li3PO4,LiOP,32,train
Li3PO4-015994,Li3PO4,LiOP,61,train
Li3PO4-003837,Li3PO4,LiOP,32,train
Li3PO4-008751,Li3PO4,LiOP,31,train
ZrO2-002175,ZrO2,OZr,95,train
Li3PO4-004507,Li3PO4,LiOP,32,train
ZrO2-002695,ZrO2,OZr,95,train
Li3PO4-008394,Li3PO4,LiOP,31,train
Li3PO4-013291,Li3PO4,LiOP,61,train
Li3PO4-016330,Li3PO4,LiOP,61,train
ZrO2-001990,ZrO2,OZr,95,train
Li3PO4-012504,Li3PO4,LiOP,31,train
Li3PO4-001008,Li3PO4,LiOP,32,train
Li3PO4-013505,Li3PO4,LiOP,61,train
Li3PO4-013601,Li3PO4,LiOP,61,train
ZrO2-008049,ZrO2,OZr,95,train
ZrO2-009289,ZrO2,OZr,48,train
Li3PO4-011071,Li3PO4,LiOP,31,train
Li3PO4-013091,Li3PO4,LiOP,61,train
ZrO2-001957,ZrO2,OZr,96,train
ZrO2-002533,ZrO2,OZr,95,train
Li3PO4-016412,Li3PO4,LiOP,61,train
Li3PO4-006835,Li3PO4,LiOP,32,train
ZrO2-009391,ZrO2,OZr,48,train
ZrO2-006357,ZrO2,OZr,95,train
Li3PO4-012316,Li3PO4,LiOP,31,train
Li3PO4-013288,Li3PO4,LiOP,61,train
ZrO2-007545,ZrO2,OZr,95,train
ZrO2-008577,ZrO2,OZr,48,train
Li3PO4-009694,Li3PO4,LiOP,31,train
ZrO2-002392,ZrO2,OZr,95,train
Li3PO4-007189,Li3PO4,LiOP,32,train
ZrO2-002317,ZrO2,OZr,95,train
Li3PO4-005517,Li3PO4,LiOP,32,train
ZrO2-000519,ZrO2,OZr,96,train
Li3PO4-016105,Li3PO4,LiOP,61,train
Li3PO4-012658,Li3PO4,LiOP,31,train
Li3PO4-003682,Li3PO4,LiOP,32,train
ZrO2-000451,ZrO2,OZr,96,train
Li3PO4-004382,Li3PO4,LiOP,32,train
perovskite-000119,perovskite,BaCaOSrTi,20,train
Li3PO4-009905,Li3PO4,LiOP,31,train
ZrO2-005678,ZrO2,OZr,95,train
ZrO2-002895,ZrO2,OZr,95,train
ZrO2-008534,ZrO2,OZr,48,train
Li3PO4-017230,Li3PO4,LiOP,61,train
ZrO2-002762,ZrO2,OZr,95,train
Li3PO4-007600,Li3PO4,LiOP,32,train
Li3PO4-001982,Li3PO4,LiOP,32,train
Li3PO4-003430,Li3PO4,LiOP,32,train
ZrO2-008390,ZrO2,OZr,48,train
ZrO2-004124,ZrO2,OZr,47,train
Li3PO4-007506,Li3PO4,LiOP,32,train
ZrO2-007092,ZrO2,OZr,95,train
Li3PO4-008909,Li3PO4,LiOP,31,train
Li3PO4-012573,Li3PO4,LiOP,31,train
Li3PO4-013241,Li3PO4,LiOP,61,train
ZrO2-001918,ZrO2,OZr,96,train
ZrO2-009847,ZrO2,OZr,48,train
Li3PO4-016009,Li3PO4,LiOP,61,train
perovskite-000520,perovskite,BaCaHfOSrTiZr,20,train
perovskite-000385,perovskite,CaHfOPbTiZr,20,train
Li3PO4-010847,Li3PO4,LiOP,31,train
ZrO2-009522,ZrO2,OZr,48,train
ZrO2-007153,ZrO2,OZr,95,train
Li3PO4-009155,Li3PO4,LiOP,31,train
Li3PO4-010476,Li3PO4,LiOP,31,train
Li3PO4-007166,Li3PO4,LiOP,32,train
Li3PO4-016996,Li3PO4,LiOP,61,train
ZrO2-001225,ZrO2,OZr,96,train
ZrO2-005333,ZrO2,OZr,47,train
Li3PO4-013516,Li3PO4,LiOP,61,train
perovskite-000438,perovskite,CaHfOPbSrZr,20,train
Li3PO4-009258,Li3PO4,LiOP,31,train
ZrO2-004232,ZrO2,OZr,47,train
perovskite-000168,perovskite,BaCaHfOPbSr,20,train
Li3PO4-013309,Li3PO4,LiOP,61,train
Li3PO4-004616,Li3PO4,LiOP,32,train
ZrO2-002754,ZrO2,OZr,95,train
Li3PO4-011244,Li3PO4,LiOP,31,train
Li3PO4-009446,Li3PO4,LiOP,31,train
ZrO2-007860,ZrO2,OZr,95,train
ZrO2-002385,ZrO2,OZr,95,train
Li3PO4-010590,Li3PO4,LiOP,31,train
Li3PO4-005762,Li3PO4,LiOP,32,train
ZrO2-006684,ZrO2,OZr,95,train
Li3PO4-013460,Li3PO4,LiOP,61,train
Li3PO4-009742,Li3PO4,LiOP,31,train
perovskite-000681,perovskite,BaCaHfOPbTiZr,20,train
Li3PO4-000774,Li3PO4,LiOP,32,train
Li3PO4-004898,Li3PO4,LiOP,32,train
Li3PO4-017338,Li3PO4,LiOP,61,train
Li3PO4-001330,Li3PO4,LiOP,32,train
ZrO2-000911,ZrO2,OZr,96,train
Li3PO4-005490,Li3PO4,LiOP,32,train
ZrO2-005520,ZrO2,OZr,47,train
Li3PO4-004378,Li3PO4,LiOP,32,train
Li3PO4-003032,Li3PO4,LiOP,32,train
Li3PO4-017890,Li3PO4,LiOP,61,train
Li3PO4-003309,Li3PO4,LiOP,32,train
perovskite-000459,perovskite,BaCaHfOPbTiZr,20,train
ZrO2-008071,ZrO2,OZr,95,train
Li3PO4-009774,Li3PO4,LiOP,31,train
Li3PO4-003764,Li3PO4,LiOP,32,train
ZrO2-003147,ZrO2,OZr,95,train
ZrO2-008574,ZrO2,OZr,48,train
ZrO2-006587,ZrO2,OZr,95,train
ZrO2-006025,ZrO2,OZr,95,train
Li3PO4-002658,Li3PO4,LiOP,32,train
Li3PO4-001362,Li3PO4,LiOP,32,train
ZrO2-006855,ZrO2,OZr,95,train
perovskite-001201,perovskite,CaHfOSrTiZr,20,train
Li3PO4-004078,Li3PO4,LiOP,32,train
Li3PO4-017665,Li3PO4,LiOP,61,train
Li3PO4-014159,Li3PO4,LiOP,61,train
Li3PO4-010751,Li3PO4,LiOP,31,train
ZrO2-005258,ZrO2,OZr,47,train
ZrO2-001438,ZrO2,OZr,96,train
Li3PO4-007224,Li3PO4,LiOP,32,train
Li3PO4-015327,Li3PO4,LiOP,61,train
ZrO2-000754,ZrO2,OZr,96,train
Li3PO4-007015,Li3PO4,LiOP,32,train
Li3PO4-013386,Li3PO4,LiOP,61,train
Li3PO4-014049,Li3PO4,LiOP,61,train
ZrO2-009631,ZrO2,OZr,48,train
ZrO2-005517,ZrO2,OZr,47,train
Li3PO4-004541,Li3PO4,LiOP,32,train
Li3PO4-011739,Li3PO4,LiOP,31,train
Li3PO4-017701,Li3PO4,LiOP,61,train
Li3PO4-012492,Li3PO4,LiOP,31,train
ZrO2-009790,ZrO2,OZr,48,train
ZrO2-004292,ZrO2,OZr,47,train
ZrO2-000716,ZrO2,OZr,96,train
Li3PO4-006745,Li3PO4,LiOP,32,train
ZrO2-001304,ZrO2,OZr,96,train
ZrO2-001196,ZrO2,OZr,96,train
Li3PO4-000437,Li3PO4,LiOP,32,train
Li3PO4-006464,Li3PO4,LiOP,32,train
ZrO2-002882,ZrO2,OZr,95,train
Li3PO4-003035,Li3PO4,LiOP,32,train
ZrO2-008965,ZrO2,OZr,48,train
Li3PO4-017377,Li3PO4,LiOP,61,train
Li3PO4-011198,Li3PO4,LiOP,31,train
Li3PO4-001850,Li3PO4,LiOP,32,train
ZrO2-003750,ZrO2,OZr,47,train
ZrO2-002970,ZrO2,OZr,95,train
perovskite-001075,perovskite,BaCaHfOPbTiZr,20,train
Li3PO4-007810,Li3PO4,LiOP,32,train
ZrO2-006077,ZrO2,OZr,95,train
ZrO2-004811,ZrO2,OZr,47,train
Li3PO4-006146,Li3PO4,LiOP,32,train
ZrO2-000173,ZrO2,OZr,96,train
Li3PO4-017257,Li3PO4,LiOP,61,train
ZrO2-007256,ZrO2,OZr,95,train
Li3PO4-015452,Li3PO4,LiOP,61,train
Li3PO4-015999,Li3PO4,LiOP,61,train
Li3PO4-002557,Li3PO4,LiOP,32,train
Li3PO4-003931,Li3PO4,LiOP,32,train
Li3PO4-001021,Li3PO4,LiOP,32,train
ZrO2-009362,ZrO2,OZr,48,train
Li3PO4-012288,Li3PO4,LiOP,31,train
Li3PO4-003855,Li3PO4,LiOP,32,train
Li3PO4-008379,Li3PO4,LiOP,31,train
Li3PO4-012737,Li3PO4,LiOP,31,train
ZrO2-000796,ZrO2,OZr,96,train
Li3PO4-015702,Li3PO4,LiOP,61,train
Li3PO4-004947,Li3PO4,LiOP,32,train
Li3PO4-012514,Li3PO4,LiOP,31,train
Li3PO4-006199,Li3PO4,LiOP,32,train
Li3PO4-002649,Li3PO4,LiOP,32,train
Li3PO4-005348,Li3PO4,LiOP,32,train
Li3PO4-015787,Li3PO4,LiOP,61,train
Li3PO4-005165,Li3PO4,LiOP,32,train
Li3PO4-013781,Li3PO4,LiOP,61,train
ZrO2-007386,ZrO2,OZr,95,train
ZrO2-006937,ZrO2,OZr,95,train
ZrO2-006667,ZrO2,OZr,95,train
ZrO2-000110,ZrO2,OZr,96,train
Li3PO4-012207,Li3PO4,LiOP,31,train
ZrO2-005034,ZrO2,OZr,47,train
ZrO2-007032,ZrO2,OZr,95,train
ZrO2-003481,ZrO2,OZr,95,train
Li3PO4-010536,Li3PO4,LiOP,31,train
Li3PO4-008998,Li3PO4,LiOP,31,train
Li3PO4-012940,Li3PO4,LiOP,31,train
Li3PO4-016844,Li3PO4,LiOP,61,train
Li3PO4-016491,Li3PO4,LiOP,61,train
Li3PO4-015108,Li3PO4,LiOP,61,train
Li3PO4-017614,Li3PO4,LiOP,61,train
ZrO2-006920,ZrO2,OZr,95,train
ZrO2-003491,ZrO2,OZr,95,train
ZrO2-006576,ZrO2,OZr,95,train
Li3PO4-004402,Li3PO4,LiOP,32,train
Li3PO4-013636,Li3PO4,LiOP,61,train
Li3PO4-000827,Li3PO4,LiOP,32,train
Li3PO4-000542,Li3PO4,LiOP,32,train
ZrO2-002861,ZrO2,OZr,95,train
Li3PO4-005860,Li3PO4,LiOP,32,train
Li3PO4-001833,Li3PO4,LiOP,32,train
ZrO2-003069,ZrO2,OZr,95,train
Li3PO4-006477,Li3PO4,LiOP,32,train
Li3PO4-009354,Li3PO4,LiOP,31,train
ZrO2-002999,ZrO2,OZr,95,train
ZrO2-007803,ZrO2,OZr,95,train
Li3PO4-012129,Li3PO4,LiOP,31,train
Li3PO4-014963,Li3PO4,LiOP,61,train
Li3PO4-007323,Li3PO4,LiOP,32,train
Li3PO4-003395,Li3PO4,LiOP,32,train
Li3PO4-001383,Li3PO4,LiOP,32,train
Li3PO4-004446,Li3PO4,LiOP,32,train
ZrO2-004324,ZrO2,OZr,47,train
Li3PO4-007686,Li3PO4,LiOP,32,train
Li3PO4-008012,Li3PO4,LiOP,31,train
ZrO2-002844,ZrO2,OZr,95,train
Li3PO4-014889,Li3PO4,LiOP,61,train
Li3PO4-006592,Li3PO4,LiOP,32,train
perovskite-000964,perovskite,CaHfOPbSrZr,20,train
ZrO2-009900,ZrO2,OZr,48,train
Li3PO4-001454,Li3PO4,LiOP,32,train
Li3PO4-000481,Li3PO4,LiOP,32,train
ZrO2-009715,ZrO2,OZr,48,train
Li3PO4-013772,Li3PO4,LiOP,61,train
ZrO2-005866,ZrO2,OZr,95,train
ZrO2-007684,ZrO2,OZr,95,train
Li3PO4-013838,Li3PO4,LiOP,61,train
Li3PO4-015889,Li3PO4,LiOP,61,train
Li3PO4-008697,Li3PO4,LiOP,31,train
Li3PO4-011319,Li3PO4,LiOP,31,train
ZrO2-005818,ZrO2,OZr,95,train
Li3PO4-010768,Li3PO4,LiOP,31,train
Li3PO4-009617,Li3PO4,LiOP,31,train
Li3PO4-008947,Li3PO4,LiOP,31,train
ZrO2-000949,ZrO2,OZr,96,train
ZrO2-004289,ZrO2,OZr,47,train
ZrO2-007676,ZrO2,OZr,95,train
Li3PO4-007090,Li3PO4,LiOP,32,train
Li3PO4-006301,Li3PO4,LiOP,32,train
Li3PO4-010237,Li3PO4,LiOP,31,train
ZrO2-008705,ZrO2,OZr,48,train
Li3PO4-015271,Li3PO4,LiOP,61,train
Li3PO4-015617,Li3PO4,LiOP,61,train
Li3PO4-009396,Li3PO4,LiOP,31,train
Li3PO4-001803,Li3PO4,LiOP,32,train
Li3PO4-013340,Li3PO4,LiOP,61,train
Li3PO4-011988,Li3PO4,LiOP,31,train
Li3PO4-001475,Li3PO4,LiOP,32,train
Li3PO4-017441,Li3PO4,LiOP,61,train
ZrO2-002214,ZrO2,OZr,95,train
perovskite-000103,perovskite,CaOPbSrTi,20,train
Li3PO4-012200,Li3PO4,LiOP,31,train
Li3PO4-012091,Li3PO4,LiOP,31,train
ZrO2-002987,ZrO2,OZr,95,train
Li3PO4-001224,Li3PO4,LiOP,32,train
ZrO2-006561,ZrO2,OZr,95,train
Li3PO4-007309,Li3PO4,LiOP,32,train
Li3PO4-002987,Li3PO4,LiOP,32,train
perovskite-000828,perovskite,BaCaHfOPbTi,20,train
Li3PO4-003181,Li3PO4,LiOP,32,train
ZrO2-007024,ZrO2,OZr,95,train
Li3PO4-011536,Li3PO4,LiOP,31,train
Li3PO4-005529,Li3PO4,LiOP,32,train
Li3PO4-010474,Li3PO4,LiOP,31,train
ZrO2-005741,ZrO2,OZr,95,train
Li3PO4-017715,Li3PO4,LiOP,61,train
ZrO2-006827,ZrO2,OZr,95,train
Li3PO4-013152,Li3PO4,LiOP,61,train
ZrO2-001210,ZrO2,OZr,96,train
Li3PO4-012677,Li3PO4,LiOP,31,train
Li3PO4-016820,Li3PO4,LiOP,61,train
Li3PO4-015355,Li3PO4,LiOP,61,train
Li3PO4-005022,Li3PO4,LiOP,32,train
Li3PO4-016713,Li3PO4,LiOP,61,train
Li3PO4-017937,Li3PO4,LiOP,61,train
Li3PO4-008362,Li3PO4,LiOP,31,train
Li3PO4-012034,Li3PO4,LiOP,31,train
Li3PO4-008501,Li3PO4,LiOP,31,train
Li3PO4-011612,Li3PO4,LiOP,31,train
ZrO2-002142,ZrO2,OZr,95,train
ZrO2-005661,ZrO2,OZr,95,train
Li3PO4-009775,Li3PO4,LiOP,31,train
ZrO2-008002,ZrO2,OZr,95,train
ZrO2-004553,ZrO2,OZr,47,train
Li3PO4-005917,Li3PO4,LiOP,32,train
Li3PO4-001176,Li3PO4,LiOP,32,train
ZrO2-009386,ZrO2,OZr,48,train
Li3PO4-016854,Li3PO4,LiOP,61,train
Li3PO4-015781,Li3PO4,LiOP,61,train
Li3PO4-004165,Li3PO4,LiOP,32,train
Li3PO4-006459,Li3PO4,LiOP,32,train
ZrO2-003655,ZrO2,OZr,47,train
Li3PO4-011578,Li3PO4,LiOP,31,train
Li3PO4-014856,Li3PO4,LiOP,61,train
ZrO2-002978,ZrO2,OZr,95,train
Li3PO4-000816,Li3PO4,LiOP,32,train
Li3PO4-012866,Li3PO4,LiOP,31,train
ZrO2-009004,ZrO2,OZr,48,train
Li3PO4-002360,Li3PO4,LiOP,32,train
Li3PO4-006672,Li3PO4,LiOP,32,train
Li3PO4-003502,Li3PO4,LiOP,32,train
Li3PO4-008527,Li3PO4,LiOP,31,train
Li3PO4-005587,Li3PO4,LiOP,32,train
ZrO2-006505,ZrO2,OZr,95,train
Li3PO4-015992,Li3PO4,LiOP,61,train
ZrO2-004659,ZrO2,OZr,47,train
ZrO2-006999,ZrO2,OZr,95,train
ZrO2-006106,ZrO2,OZr,95,train
Li3PO4-008329,Li3PO4,LiOP,31,train
Li3PO4-016224,Li3PO4,LiOP,61,train
ZrO2-001001,ZrO2,OZr,96,train
Li3PO4-013864,Li3PO4,LiOP,61,train
Li3PO4-016367,Li3PO4,LiOP,61,train
ZrO2-005867,ZrO2,OZr,95,train
Li3PO4-012113,Li3PO4,LiOP,31,train
Li3PO4-010898,Li3PO4,LiOP,31,train
Li3PO4-003331,Li3PO4,LiOP,32,train
Li3PO4-014874,Li3PO4,LiOP,61,train
Li3PO4-015657,Li3PO4,LiOP,61,train
Li3PO4-010947,Li3PO4,LiOP,31,train
ZrO2-009850,ZrO2,OZr,48,train
Li3PO4-008026,Li3PO4,LiOP,31,train
Li3PO4-011026,Li3PO4,LiOP,31,train
Li3PO4-008774,Li3PO4,LiOP,31,train
ZrO2-004213,ZrO2,OZr,47,train
Li3PO4-016961,Li3PO4,LiOP,61,train
Li3PO4-004758,Li3PO4,LiOP,32,train
Li3PO4-013574,Li3PO4,LiOP,61,train
ZrO2-002819,ZrO2,OZr,95,train
Li3PO4-011352,Li3PO4,LiOP,31,train
Li3PO4-007828,Li3PO4,LiOP,32,train
Li3PO4-008147,Li3PO4,LiOP,31,train
ZrO2-004974,ZrO2,OZr,47,train
Li3PO4-005677,Li3PO4,LiOP,32,train
perovskite-000478,perovskite,BaCaHfOPbTiZr,20,train
Li3PO4-008307,Li3PO4,LiOP,31,train
ZrO2-002237,ZrO2,OZr,95,train
ZrO2-007223,ZrO2,OZr,95,train
Li3PO4-003603,Li3PO4,LiOP,32,train
ZrO2-007054,ZrO2,OZr,95,train
Li3PO4-012962,Li3PO4,LiOP,31,train
Li3PO4-010894,Li3PO4,LiOP,31,train
Li3PO4-007524,Li3PO4,LiOP,32,train
Li3PO4-010226,Li3PO4,LiOP,31,train
Li3PO4-013894,Li3PO4,LiOP,61,train
Li3PO4-002772,Li3PO4,LiOP,32,train
Li3PO4-000355,Li3PO4,LiOP,32,train
Li3PO4-002181,Li3PO4,LiOP,32,train
perovskite-000647,perovskite,CaHfOPbSrZr,20,train
perovskite-000970,perovskite,CaHfOPbSrTiZr,20,train
ZrO2-003034,ZrO2,OZr,95,train
Li3PO4-007719,Li3PO4,LiOP,32,train
ZrO2-005876,ZrO2,OZr,95,train
Li3PO4-004275,Li3PO4,LiOP,32,train
Li3PO4-006802,Li3PO4,LiOP,32,train
Li3PO4-010086,Li3PO4,LiOP,31,train
Li3PO4-004227,Li3PO4,LiOP,32,train
Li3PO4-007688,Li3PO4,LiOP,32,train
Li3PO4-014317,Li3PO4,LiOP,61,train
ZrO2-004203,ZrO2,OZr,47,train
perovskite-001009,perovskite,BaCaHfOPbSrZr,20,train
ZrO2-006079,ZrO2,OZr,95,train
Li3PO4-003202,Li3PO4,LiOP,32,train
ZrO2-003082,ZrO2,OZr,95,train
ZrO2-002791,ZrO2,OZr,95,train
ZrO2-002877,ZrO2,OZr,95,train
Li3PO4-004835,Li3PO4,LiOP,32,train
ZrO2-010092,ZrO2,OZr,48,train
Li3PO4-005886,Li3PO4,LiOP,32,train
ZrO2-002002,ZrO2,OZr,95,train
perovskite-000326,perovskite,CaHfOSrZr,20,train
ZrO2-005281,ZrO2,OZr,47,train
ZrO2-007974,ZrO2,OZr,95,train
Li3PO4-001911,Li3PO4,LiOP,32,train
Li3PO4-003273,Li3PO4,LiOP,32,train
ZrO2-003766,ZrO2,OZr,47,train
Li3PO4-011580,Li3PO4,LiOP,31,train
Li3PO4-016989,Li3PO4,LiOP,61,train
Li3PO4-013825,Li3PO4,LiOP,61,train
ZrO2-004887,ZrO2,OZr,47,train
Li3PO4-008100,Li3PO4,LiOP,31,train
ZrO2-000970,ZrO2,OZr,96,train
ZrO2-003521,ZrO2,OZr,95,train
Li3PO4-016911,Li3PO4,LiOP,61,train
Li3PO4-009134,Li3PO4,LiOP,31,train
Li3PO4-002437,Li3PO4,LiOP,32,train
ZrO2-006861,ZrO2,OZr,95,train
Li3PO4-009026,Li3PO4,LiOP,31,train
Li3PO4-009755,Li3PO4,LiOP,31,train
Li3PO4-000442,Li3PO4,LiOP,32,train
Li3PO4-009414,Li3PO4,LiOP,31,train
ZrO2-003550,ZrO2,OZr,95,train
Li3PO4-008374,Li3PO4,LiOP,31,train
ZrO2-009523,ZrO2,OZr,48,train
Li3PO4-003655,Li3PO4,LiOP,32,train
Li3PO4-011404,Li3PO4,LiOP,31,train
Li3PO4-012598,Li3PO4,LiOP,31,train
ZrO2-010006,ZrO2,OZr,48,train
ZrO2-007667,ZrO2,OZr,95,train
ZrO2-009998,ZrO2,OZr,48,train
ZrO2-006179,ZrO2,OZr,95,train
Li3PO4-010876,Li3PO4,LiOP,31,train
Li3PO4-004310,Li3PO4,LiOP,32,train
Li3PO4-003949,Li3PO4,LiOP,32,train
Li3PO4-010985,Li3PO4,LiOP,31,train
Li3PO4-003326,Li3PO4,LiOP,32,train
Li3PO4-002996,Li3PO4,LiOP,32,train
ZrO2-001524,ZrO2,OZr,96,train
Li3PO4-001458,Li3PO4,LiOP,32,train
Li3PO4-011552,Li3PO4,LiOP,31,train
ZrO2-010067,ZrO2,OZr,48,train
ZrO2-004201,ZrO2,OZr,47,train
perovskite-001006,perovskite,BaCaHfOPbSrZr,20,train
Li3PO4-014512,Li3PO4,LiOP,61,train
ZrO2-009696,ZrO2,OZr,48,train
ZrO2-002718,ZrO2,OZr,95,train
Li3PO4-014878,Li3PO4,LiOP,61,train
ZrO2-009138,ZrO2,OZr,48,train
Li3PO4-005712,Li3PO4,LiOP,32,train
Li3PO4-004551,Li3PO4,LiOP,32,train
Li3PO4-007184,Li3PO4,LiOP,32,train
Li3PO4-000955,Li3PO4,LiOP,32,train
ZrO2-007075,ZrO2,OZr,95,train
ZrO2-004786,ZrO2,OZr,47,train
ZrO2-005238,ZrO2,OZr,47,train
Li3PO4-009891,Li3PO4,LiOP,31,train
perovskite-000134,perovskite,BaOPbSrTi,20,train
ZrO2-004248,ZrO2,OZr,47,train
Li3PO4-002224,Li3PO4,LiOP,32,train
Li3PO4-004231,Li3PO4,LiOP,32,train
ZrO2-008182,ZrO2,OZr,48,train
ZrO2-002127,ZrO2,OZr,95,train
Li3PO4-002578,Li3PO4,LiOP,32,train
ZrO2-001976,ZrO2,OZr,96,train
ZrO2-008132,ZrO2,OZr,48,train
Li3PO4-001840,Li3PO4,LiOP,32,train
Li3PO4-002639,Li3PO4,LiOP,32,train
Li3PO4-005903,Li3PO4,LiOP,32,train
ZrO2-008696,ZrO2,OZr,48,train
Li3PO4-006217,Li3PO4,LiOP,32,train
Li3PO4-017369,Li3PO4,LiOP,61,train
Li3PO4-017939,Li3PO4,LiOP,61,train
Li3PO4-016984,Li3PO4,LiOP,61,train
Li3PO4-009788,Li3PO4,LiOP,31,train
Li3PO4-004061,Li3PO4,LiOP,32,train
perovskite-000316,perovskite,CaHfOSrTiZr,20,train
perovskite-000146,perovskite,BaOSrTi,20,train
Li3PO4-002013,Li3PO4,LiOP,32,train
Li3PO4-004533,Li3PO4,LiOP,32,train
Li3PO4-007471,Li3PO4,LiOP,32,train
Li3PO4-012300,Li3PO4,LiOP,31,train
ZrO2-006290,ZrO2,OZr,95,train
Li3PO4-003086,Li3PO4,LiOP,32,train
Li3PO4-014827,Li3PO4,LiOP,61,train
Li3PO4-002713,Li3PO4,LiOP,32,train
Li3PO4-009914,Li3PO4,LiOP,31,train
Li3PO4-017767,Li3PO4,LiOP,61,train
Li3PO4-016445,Li3PO4,LiOP,61,train
Li3PO4-016281,Li3PO4,LiOP,61,train
ZrO2-007741,ZrO2,OZr,95,train
perovskite-000819,perovskite,BaCaHfOPbTiZr,20,train
ZrO2-003239,ZrO2,OZr,95,train
Li3PO4-010835,Li3PO4,LiOP,31,train
Li3PO4-002768,Li3PO4,LiOP,32,train
ZrO2-002262,ZrO2,OZr,95,train
ZrO2-009788,ZrO2,OZr,48,train
Li3PO4-014088,Li3PO4,LiOP,61,train
ZrO2-009149,ZrO2,OZr,48,train
Li3PO4-014585,Li3PO4,LiOP,61,train
Li3PO4-011376,Li3PO4,LiOP,31,train
ZrO2-005439,ZrO2,OZr,47,train
ZrO2-001887,ZrO2,OZr,96,train
ZrO2-006917,ZrO2,OZr,95,train
Li3PO4-013317,Li3PO4,LiOP,61,train
Li3PO4-006287,Li3PO4,LiOP,32,train
ZrO2-006276,ZrO2,OZr,95,train
Li3PO4-011849,Li3PO4,LiOP,31,train
Li3PO4-006099,Li3PO4,LiOP,32,train
ZrO2-001271,ZrO2,OZr,96,train
Li3PO4-007574,Li3PO4,LiOP,32,train
Li3PO4-009610,Li3PO4,LiOP,31,train
Li3PO4-002941,Li3PO4,LiOP,32,train
Li3PO4-012279,Li3PO4,LiOP,31,train
ZrO2-001281,ZrO2,OZr,96,train
Li3PO4-016449,Li3PO4,LiOP,61,train
Li3PO4-011688,Li3PO4,LiOP,31,train
Li3PO4-012532,Li3PO4,LiOP,31,train
Li3PO4-001081,Li3PO4,LiOP,32,train
Li3PO4-004125,Li3PO4,LiOP,32,train
ZrO2-006129,ZrO2,OZr,95,train
ZrO2-004119,ZrO2,OZr,47,train
Li3PO4-006028,Li3PO4,LiOP,32,train
Li3PO4-013583,Li3PO4,LiOP,61,train
Li3PO4-009758,Li3PO4,LiOP,31,train
ZrO2-008718,ZrO2,OZr,48,train
Li3PO4-002232,Li3PO4,LiOP,32,train
Li3PO4-017973,Li3PO4,LiOP,61,train
Li3PO4-012451,Li3PO4,LiOP,31,train
Li3PO4-017688,Li3PO4,LiOP,61,train
Li3PO4-012689,Li3PO4,LiOP,31,train
perovskite-001011,perovskite,BaCaHfOPbSrTi,20,train
Li3PO4-003966,Li3PO4,LiOP,32,train
Li3PO4-008517,Li3PO4,LiOP,31,train
Li3PO4-004902,Li3PO4,LiOP,32,train
ZrO2-007064,ZrO2,OZr,95,train
perovskite-001034,perovskite,BaCaHfOPbTiZr,20,train
Li3PO4-010447,Li3PO4,LiOP,31,train
ZrO2-001046,ZrO2,OZr,96,train
perovskite-000696,perovskite,BaCaHfOPbZr,20,train
Li3PO4-003878,Li3PO4,LiOP,32,train
ZrO2-002480,ZrO2,OZr,95,train
Li3PO4-000186,Li3PO4,LiOP,32,train
Li3PO4-016151,Li3PO4,LiOP,61,train
Li3PO4-005404,Li3PO4,LiOP,32,train
Li3PO4-003434,Li3PO4,LiOP,32,train
Li3PO4-011940,Li3PO4,LiOP,31,train
Li3PO4-010862,Li3PO4,LiOP,31,train
ZrO2-001566,ZrO2,OZr,96,train
Li3PO4-004774,Li3PO4,LiOP,32,train
ZrO2-002081,ZrO2,OZr,95,train
Li3PO4-002141,Li3PO4,LiOP,32,train
Li3PO4-015439,Li3PO4,LiOP,61,train
Li3PO4-003475,Li3PO4,LiOP,32,train
Li3PO4-003091,Li3PO4,LiOP,32,train
Li3PO4-015352,Li3PO4,LiOP,61,train
Li3PO4-015342,Li3PO4,LiOP,61,train
Li3PO4-016167,Li3PO4,LiOP,61,train
Li3PO4-013432,Li3PO4,LiOP,61,train
ZrO2-006661,ZrO2,OZr,95,train
Li3PO4-008097,Li3PO4,LiOP,31,train
Li3PO4-003591,Li3PO4,LiOP,32,train
ZrO2-000664,ZrO2,OZr,96,train
Li3PO4-008142,Li3PO4,LiOP,31,train
Li3PO4-014207,Li3PO4,LiOP,61,train
ZrO2-008216,ZrO2,OZr,48,train
Li3PO4-015341,Li3PO4,LiOP,61,train
Li3PO4-000605,Li3PO4,LiOP,32,train
ZrO2-009762,ZrO2,OZr,48,train
Li3PO4-007209,Li3PO4,LiOP,32,train
ZrO2-000189,ZrO2,OZr,96,train
Li3PO4-016644,Li3PO4,LiOP,61,train
Li3PO4-004462,Li3PO4,LiOP,32,train
ZrO2-005555,ZrO2,OZr,47,train
Li3PO4-008091,Li3PO4,LiOP,31,train
ZrO2-003460,ZrO2,OZr,95,train
Li3PO4-016840,Li3PO4,LiOP,61,train
Li3PO4-010797,Li3PO4,LiOP,31,train
ZrO2-002399,ZrO2,OZr,95,train
Li3PO4-003785,Li3PO4,LiOP,32,train
Li3PO4-005358,Li3PO4,LiOP,32,train
Li3PO4-002460,Li3PO4,LiOP,32,train
ZrO2-004236,ZrO2,OZr,47,train
perovskite-000180,perovskite,CaHfOSr,20,train
Li3PO4-004494,Li3PO4,LiOP,32,train
Li3PO4-000051,Li3PO4,LiOP,32,train
ZrO2-005278,ZrO2,OZr,47,train
perovskite-000469,perovskite,BaCaHfOPbZr,20,train
Li3PO4-002096,Li3PO4,LiOP,32,train
Li3PO4-006931,Li3PO4,LiOP,32,train
ZrO2-000942,ZrO2,OZr,96,train
perovskite-001027,perovskite,BaCaOPbTiZr,20,train
Li3PO4-012793,Li3PO4,LiOP,31,train
Li3PO4-012140,Li3PO4,LiOP,31,train
ZrO2-000199,ZrO2,OZr,96,train
Li3PO4-005579,Li3PO4,LiOP,32,train
Li3PO4-008088,Li3PO4,LiOP,31,train
Li3PO4-001429,Li3PO4,LiOP,32,train
ZrO2-005155,ZrO2,OZr,47,train
ZrO2-006683,ZrO2,OZr,95,train
ZrO2-005490,ZrO2,OZr,47,train
ZrO2-007246,ZrO2,OZr,95,train
Li3PO4-011748,Li3PO4,LiOP,31,train
Li3PO4-005264,Li3PO4,LiOP,32,train
ZrO2-006877,ZrO2,OZr,95,train
perovskite-001192,perovskite,CaOSrTiZr,20,train
ZrO2-005047,ZrO2,OZr,47,train
Li3PO4-015722,Li3PO4,LiOP,61,train
ZrO2-002933,ZrO2,OZr,95,train
ZrO2-001335,ZrO2,OZr,96,train
Li3PO4-001422,Li3PO4,LiOP,32,train
ZrO2-006509,ZrO2,OZr,95,train
Li3PO4-001427,Li3PO4,LiOP,32,train
ZrO2-008105,ZrO2,OZr,48,train
ZrO2-002510,ZrO2,OZr,95,train
Li3PO4-002491,Li3PO4,LiOP,32,train
ZrO2-009594,ZrO2,OZr,48,train
Li3PO4-014300,Li3PO4,LiOP,61,train
Li3PO4-017825,Li3PO4,LiOP,61,train
ZrO2-002636,ZrO2,OZr,95,train
ZrO2-005293,ZrO2,OZr,47,train
Li3PO4-015141,Li3PO4,LiOP,61,train
Li3PO4-006510,Li3PO4,LiOP,32,train
ZrO2-001380,ZrO2,OZr,96,train
ZrO2-006889,ZrO2,OZr,95,train
ZrO2-003878,ZrO2,OZr,47,train
ZrO2-009612,ZrO2,OZr,48,train
ZrO2-000073,ZrO2,OZr,96,train
Li3PO4-015538,Li3PO4,LiOP,61,train
Li3PO4-009077,Li3PO4,LiOP,31,train
perovskite-000635,perovskite,CaHfOPbSrTiZr,20,train
Li3PO4-005034,Li3PO4,LiOP,32,train
ZrO2-005878,ZrO2,OZr,95,train
ZrO2-004397,ZrO2,OZr,47,train
Li3PO4-013612,Li3PO4,LiOP,61,train
Li3PO4-013227,Li3PO4,LiOP,61,train
Li3PO4-009380,Li3PO4,LiOP,31,train
Li3PO4-001099,Li3PO4,LiOP,32,train
Li3PO4-001457,Li3PO4,LiOP,32,train
ZrO2-003635,ZrO2,OZr,47,train
Li3PO4-005226,Li3PO4,LiOP,32,train
Li3PO4-011063,Li3PO4,LiOP,31,train
Li3PO4-004840,Li3PO4,LiOP,32,train
Li3PO4-003332,Li3PO4,LiOP,32,train
Li3PO4-003380,Li3PO4,LiOP,32,train
Li3PO4-014486,Li3PO4,LiOP,61,train
ZrO2-009025,ZrO2,OZr,48,train
Li3PO4-005956,Li3PO4,LiOP,32,train
ZrO2-005521,ZrO2,OZr,47,train
ZrO2-006251,ZrO2,OZr,95,train
ZrO2-002835,ZrO2,OZr,95,train
ZrO2-005618,ZrO2,OZr,95,train
Li3PO4-006204,Li3PO4,LiOP,32,train
Li3PO4-011544,Li3PO4,LiOP,31,train
Li3PO4-004935,Li3PO4,LiOP,32,train
Li3PO4-002350,Li3PO4,LiOP,32,train
ZrO2-010089,ZrO2,OZr,48,train
Li3PO4-005684,Li3PO4,LiOP,32,train
Li3PO4-012953,Li3PO4,LiOP,31,train
perovskite-000029,perovskite,BaCaOPbSrZr,20,train
Li3PO4-008247,Li3PO4,LiOP,31,train
Li3PO4-008654,Li3PO4,LiOP,31,train
Li3PO4-004998,Li3PO4,LiOP,32,train
ZrO2-007439,ZrO2,OZr,95,train
Li3PO4-001477,Li3PO4,LiOP,32,train
ZrO2-002138,ZrO2,OZr,95,train
Li3PO4-015435,Li3PO4,LiOP,61,train
Li3PO4-007858,Li3PO4,LiOP,32,train
Li3PO4-015484,Li3PO4,LiOP,61,train
ZrO2-002444,ZrO2,OZr,95,train
ZrO2-009135,ZrO2,OZr,48,train
ZrO2-003121,ZrO2,OZr,95,train
ZrO2-001420,ZrO2,OZr,96,train
Li3PO4-017752,Li3PO4,LiOP,61,train
ZrO2-000645,ZrO2,OZr,96,train
Li3PO4-009103,Li3PO4,LiOP,31,train
perovskite-000960,perovskite,CaHfOPbSrTiZr,20,train
perovskite-000984,perovskite,BaCaOPbSrTiZr,20,train
ZrO2-004352,ZrO2,OZr,47,train
ZrO2-004713,ZrO2,OZr,47,train
Li3PO4-015608,Li3PO4,LiOP,61,train
Li3PO4-014346,Li3PO4,LiOP,61,train
Li3PO4-000986,Li3PO4,LiOP,32,train
Li3PO4-012786,Li3PO4,LiOP,31,train
Li3PO4-011901,Li3PO4,LiOP,31,train
Li3PO4-014246,Li3PO4,LiOP,61,train
Li3PO4-015239,Li3PO4,LiOP,61,train
Li3PO4-000687,Li3PO4,LiOP,32,train
ZrO2-009104,ZrO2,OZr,48,train
ZrO2-005028,ZrO2,OZr,47,train
Li3PO4-009005,Li3PO4,LiOP,31,train
ZrO2-003163,ZrO2,OZr,95,train
Li3PO4-015035,Li3PO4,LiOP,61,train
ZrO2-007541,ZrO2,OZr,95,train
Li3PO4-000177,Li3PO4,LiOP,32,train
ZrO2-001757,ZrO2,OZr,96,train
ZrO2-001978,ZrO2,OZr,95,train
ZrO2-007253,ZrO2,OZr,95,train
Li3PO4-008457,Li3PO4,LiOP,31,train
ZrO2-000035,ZrO2,OZr,96,train
Li3PO4-001272,Li3PO4,LiOP,32,train
Li3PO4-008767,Li3PO4,LiOP,31,train
Li3PO4-015660,Li3PO4,LiOP,61,train
Li3PO4-011684,Li3PO4,LiOP,31,train
Li3PO4-002834,Li3PO4,LiOP,32,train
Li3PO4-016118,Li3PO4,LiOP,61,train
Li3PO4-002017,Li3PO4,LiOP,32,train
Li3PO4-001711,Li3PO4,LiOP,32,train
Li3PO4-003731,Li3PO4,LiOP,32,train
ZrO2-003970,ZrO2,OZr,47,train
ZrO2-002833,ZrO2,OZr,95,train
ZrO2-007148,ZrO2,OZr,95,train
Li3PO4-014264,Li3PO4,LiOP,61,train
Li3PO4-011507,Li3PO4,LiOP,31,train
Li3PO4-004501,Li3PO4,LiOP,32,train
Li3PO4-005658,Li3PO4,LiOP,32,train
ZrO2-006428,ZrO2,OZr,95,train
Li3PO4-003368,Li3PO4,LiOP,32,train
ZrO2-007127,ZrO2,OZr,95,train
ZrO2-009780,ZrO2,OZr,48,train
Li3PO4-010895,Li3PO4,LiOP,31,train
Li3PO4-004409,Li3PO4,LiOP,32,train
Li3PO4-007169,Li3PO4,LiOP,32,train
ZrO2-005302,ZrO2,OZr,47,train
ZrO2-000205,ZrO2,OZr,96,train
Li3PO4-008819,Li3PO4,LiOP,31,train
Li3PO4-008209,Li3PO4,LiOP,31,train
Li3PO4-008177,Li3PO4,LiOP,31,train
ZrO2-004800,ZrO2,OZr,47,train
ZrO2-002278,ZrO2,OZr,95,train
ZrO2-009875,ZrO2,OZr,48,train
ZrO2-000339,ZrO2,OZr,96,train
Li3PO4-015814,Li3PO4,LiOP,61,train
ZrO2-003176,ZrO2,OZr,95,train
Li3PO4-005676,Li3PO4,LiOP,32,train
Li3PO4-016753,Li3PO4,LiOP,61,train
Li3PO4-007136,Li3PO4,LiOP,32,train
Li3PO4-004055,Li3PO4,LiOP,32,train
Li3PO4-004718,Li3PO4,LiOP,32,train
ZrO2-005475,ZrO2,OZr,47,train
Li3PO4-014102,Li3PO4,LiOP,61,train
ZrO2-000387,ZrO2,OZr,96,train
ZrO2-006281,ZrO2,OZr,95,train
Li3PO4-006387,Li3PO4,LiOP,32,train
ZrO2-006602,ZrO2,OZr,95,train
Li3PO4-016869,Li3PO4,LiOP,61,train
Li3PO4-006415,Li3PO4,LiOP,32,train
Li3PO4-004598,Li3PO4,LiOP,32,train
ZrO2-006257,ZrO2,OZr,95,train
Li3PO4-013912,Li3PO4,LiOP,61,train
Li3PO4-007139,Li3PO4,LiOP,32,train
Li3PO4-000214,Li3PO4,LiOP,32,train
Li3PO4-000658,Li3PO4,LiOP,32,train
Li3PO4-011475,Li3PO4,LiOP,31,train
ZrO2-000290,ZrO2,OZr,96,train
ZrO2-008123,ZrO2,OZr,48,train
ZrO2-009585,ZrO2,OZr,48,train
ZrO2-002786,ZrO2,OZr,95,train
ZrO2-009911,ZrO2,OZr,48,train
perovskite-000139,perovskite,BaOPbTi,20,train
Li3PO4-017545,Li3PO4,LiOP,61,train
Li3PO4-004216,Li3PO4,LiOP,32,train
ZrO2-005153,ZrO2,OZr,47,train
Li3PO4-001891,Li3PO4,LiOP,32,train
Li3PO4-013308,Li3PO4,LiOP,61,train
ZrO2-008063,ZrO2,OZr,95,train
ZrO2-001030,ZrO2,OZr,96,train
Li3PO4-012420,Li3PO4,LiOP,31,train
ZrO2-007533,ZrO2,OZr,95,train
Li3PO4-015053,Li3PO4,LiOP,61,train
Li3PO4-007583,Li3PO4,LiOP,32,train
ZrO2-009797,ZrO2,OZr,48,train
Li3PO4-006449,Li3PO4,LiOP,32,train
ZrO2-004560,ZrO2,OZr,47,train
Li3PO4-017956,Li3PO4,LiOP,61,train
ZrO2-002194,ZrO2,OZr,95,train
Li3PO4-015959,Li3PO4,LiOP,61,train
ZrO2-006081,ZrO2,OZr,95,train
Li3PO4-001382,Li3PO4,LiOP,32,train
Li3PO4-017816,Li3PO4,LiOP,61,train
Li3PO4-001199,Li3PO4,LiOP,32,train
ZrO2-003600,ZrO2,OZr,47,train
ZrO2-002462,ZrO2,OZr,95,train
ZrO2-009807,ZrO2,OZr,48,train
Li3PO4-007332,Li3PO4,LiOP,32,train
ZrO2-008543,ZrO2,OZr,48,train
Li3PO4-008704,Li3PO4,LiOP,31,train
ZrO2-001066,ZrO2,OZr,96,train
ZrO2-003248,ZrO2,OZr,95,train
Li3PO4-003740,Li3PO4,LiOP,32,train
ZrO2-009002,ZrO2,OZr,48,train
Li3PO4-005907,Li3PO4,LiOP,32,train
ZrO2-008993,ZrO2,OZr,48,train
Li3PO4-015402,Li3PO4,LiOP,61,train
Li3PO4-002135,Li3PO4,LiOP,32,train
ZrO2-002929,ZrO2,OZr,95,train
Li3PO4-005770,Li3PO4,LiOP,32,train
perovskite-000208,perovskite,BaHfOPbSr,20,train
Li3PO4-017624,Li3PO4,LiOP,61,train
ZrO2-008974,ZrO2,OZr,48,train
Li3PO4-002946,Li3PO4,LiOP,32,train
Li3PO4-000755,Li3PO4,LiOP,32,train
ZrO2-001381,ZrO2,OZr,96,train
Li3PO4-002222,Li3PO4,LiOP,32,train
ZrO2-001363,ZrO2,OZr,96,train
Li3PO4-007156,Li3PO4,LiOP,32,train
Li3PO4-002148,Li3PO4,LiOP,32,train
Li3PO4-005572,Li3PO4,LiOP,32,train
Li3PO4-011840,Li3PO4,LiOP,31,train
ZrO2-007080,ZrO2,OZr,95,train
Li3PO4-017488,Li3PO4,LiOP,61,train
Li3PO4-010643,Li3PO4,LiOP,31,train
Li3PO4-012801,Li3PO4,LiOP,31,train
Li3PO4-001376,Li3PO4,LiOP,32,train
Li3PO4-013886,Li3PO4,LiOP,61,train
ZrO2-001646,ZrO2,OZr,96,train
ZrO2-004991,ZrO2,OZr,47,train
Li3PO4-000586,Li3PO4,LiOP,32,train
ZrO2-008633,ZrO2,OZr,48,train
Li3PO4-009251,Li3PO4,LiOP,31,train
Li3PO4-013053,Li3PO4,LiOP,61,train
Li3PO4-015216,Li3PO4,LiOP,61,train
ZrO2-001681,ZrO2,OZr,96,train
Li3PO4-015824,Li3PO4,LiOP,61,train
ZrO2-001478,ZrO2,OZr,96,train
ZrO2-004365,ZrO2,OZr,47,train
Li3PO4-010873,Li3PO4,LiOP,31,train
Li3PO4-003150,Li3PO4,LiOP,32,train
ZrO2-001127,ZrO2,OZr,96,train
ZrO2-009922,ZrO2,OZr,48,train
Li3PO4-002298,Li3PO4,LiOP,32,train
Li3PO4-010866,Li3PO4,LiOP,31,train
ZrO2-000527,ZrO2,OZr,96,train
ZrO2-001075,ZrO2,OZr,96,train
Li3PO4-012647,Li3PO4,LiOP,31,train
ZrO2-004377,ZrO2,OZr,47,train
Li3PO4-003413,Li3PO4,LiOP,32,train
Li3PO4-000184,Li3PO4,LiOP,32,train
ZrO2-005056,ZrO2,OZr,47,train
ZrO2-005270,ZrO2,OZr,47,train
Li3PO4-014086,Li3PO4,LiOP,61,train
Li3PO4-012683,Li3PO4,LiOP,31,train
ZrO2-000416,ZrO2,OZr,96,train
Li3PO4-017633,Li3PO4,LiOP,61,train
Li3PO4-008136,Li3PO4,LiOP,31,train
Li3PO4-003586,Li3PO4,LiOP,32,train
ZrO2-001268,ZrO2,OZr,96,train
ZrO2-004093,ZrO2,OZr,47,train
Li3PO4-010187,Li3PO4,LiOP,31,train
Li3PO4-017776,Li3PO4,LiOP,61,train
Li3PO4-001545,Li3PO4,LiOP,32,train
Li3PO4-010749,Li3PO4,LiOP,31,train
ZrO2-009472,ZrO2,OZr,48,train
Li3PO4-005759,Li3PO4,LiOP,32,train
ZrO2-005209,ZrO2,OZr,47,train
Li3PO4-017353,Li3PO4,LiOP,61,train
Li3PO4-001096,Li3PO4,LiOP,32,train
Li3PO4-003320,Li3PO4,LiOP,32,train
Li3PO4-010390,Li3PO4,LiOP,31,train
Li3PO4-005910,Li3PO4,LiOP,32,train
Li3PO4-001878,Li3PO4,LiOP,32,train
Li3PO4-010706,Li3PO4,LiOP,31,train
Li3PO4-005411,Li3PO4,LiOP,32,train
ZrO2-003808,ZrO2,OZr,47,train
Li3PO4-017943,Li3PO4,LiOP,61,train
ZrO2-001886,ZrO2,OZr,96,train
Li3PO4-005991,Li3PO4,LiOP,32,train
Li3PO4-001241,Li3PO4,LiOP,32,train
Li3PO4-011811,Li3PO4,LiOP,31,train
Li3PO4-010358,Li3PO4,LiOP,31,train
ZrO2-010081,ZrO2,OZr,48,train
ZrO2-008480,ZrO2,OZr,48,train
ZrO2-006528,ZrO2,OZr,95,train
Li3PO4-003384,Li3PO4,LiOP,32,train
Li3PO4-006817,Li3PO4,LiOP,32,train
Li3PO4-000906,Li3PO4,LiOP,32,train
Li3PO4-006432,Li3PO4,LiOP,32,train
Li3PO4-017914,Li3PO4,LiOP,61,train
ZrO2-000986,ZrO2,OZr,96,train
Li3PO4-017061,Li3PO4,LiOP,61,train
Li3PO4-011276,Li3PO4,LiOP,31,train
Li3PO4-014964,Li3PO4,LiOP,61,train
Li3PO4-017184,Li3PO4,LiOP,61,train
Li3PO4-005656,Li3PO4,LiOP,32,train
perovskite-000251,perovskite,CaOPbTiZr,20,train
Li3PO4-014435,Li3PO4,LiOP,61,train
perovskite-000618,perovskite,CaHfOPbSrTiZr,20,train
Li3PO4-005420,Li3PO4,LiOP,32,train
Li3PO4-008860,Li3PO4,LiOP,31,train
ZrO2-006987,ZrO2,OZr,95,train
Li3PO4-005356,Li3PO4,LiOP,32,train
Li3PO4-003891,Li3PO4,LiOP,32,train
Li3PO4-012696,Li3PO4,LiOP,31,train
Li3PO4-006958,Li3PO4,LiOP,32,train
Li3PO4-000592,Li3PO4,LiOP,32,train
Li3PO4-001200,Li3PO4,LiOP,32,train
Li3PO4-001148,Li3PO4,LiOP,32,train
Li3PO4-017166,Li3PO4,LiOP,61,train
Li3PO4-007519,Li3PO4,LiOP,32,train
Li3PO4-008706,Li3PO4,LiOP,31,train
Li3PO4-005515,Li3PO4,LiOP,32,train
ZrO2-004179,ZrO2,OZr,47,train
ZrO2-007970,ZrO2,OZr,95,train
ZrO2-000250,ZrO2,OZr,96,train
Li3PO4-001128,Li3PO4,LiOP,32,train
ZrO2-009652,ZrO2,OZr,48,train
Li3PO4-007965,Li3PO4,LiOP,32,train
Li3PO4-005090,Li3PO4,LiOP,32,train
Li3PO4-002187,Li3PO4,LiOP,32,train
ZrO2-000489,ZrO2,OZr,96,train
ZrO2-005452,ZrO2,OZr,47,train
ZrO2-002771,ZrO2,OZr,95,train
perovskite-000465,perovskite,BaCaHfOPbTiZr,20,train
Li3PO4-015086,Li3PO4,LiOP,61,train
Li3PO4-007721,Li3PO4,LiOP,32,train
Li3PO4-000331,Li3PO4,LiOP,32,train
perovskite-000708,perovskite,CaHfOPbTiZr,20,train
Li3PO4-003118,Li3PO4,LiOP,32,train
ZrO2-007557,ZrO2,OZr,95,train
Li3PO4-013181,Li3PO4,LiOP,61,train
Li3PO4-005394,Li3PO4,LiOP,32,train
ZrO2-007151,ZrO2,OZr,95,train
Li3PO4-003732,Li3PO4,LiOP,32,train
ZrO2-003492,ZrO2,OZr,95,train
Li3PO4-001124,Li3PO4,LiOP,32,train
Li3PO4-004400,Li3PO4,LiOP,32,train
ZrO2-005236,ZrO2,OZr,47,train
ZrO2-006027,ZrO2,OZr,95,train
Li3PO4-000496,Li3PO4,LiOP,32,train
Li3PO4-011078,Li3PO4,LiOP,31,train
ZrO2-008958,ZrO2,OZr,48,train
ZrO2-001330,ZrO2,OZr,96,train
Li3PO4-000062,Li3PO4,LiOP,32,train
ZrO2-009921,ZrO2,OZr,48,train
Li3PO4-001537,Li3PO4,LiOP,32,train
Li3PO4-013528,Li3PO4,LiOP,61,train
Li3PO4-001616,Li3PO4,LiOP,32,train
Li3PO4-007399,Li3PO4,LiOP,32,train
ZrO2-009560,ZrO2,OZr,48,train
Li3PO4-012797,Li3PO4,LiOP,31,train
Li3PO4-006579,Li3PO4,LiOP,32,train
ZrO2-004141,ZrO2,OZr,47,train
Li3PO4-007413,Li3PO4,LiOP,32,train
Li3PO4-013785,Li3PO4,LiOP,61,train
ZrO2-008681,ZrO2,OZr,48,train
ZrO2-001641,ZrO2,OZr,96,train
Li3PO4-008059,Li3PO4,LiOP,31,train
Li3PO4-010419,Li3PO4,LiOP,31,train
Li3PO4-000875,Li3PO4,LiOP,32,train
ZrO2-002612,ZrO2,OZr,95,train
Li3PO4-004358,Li3PO4,LiOP,32,train
Li3PO4-014808,Li3PO4,LiOP,61,train
Li3PO4-004906,Li3PO4,LiOP,32,train
Li3PO4-009311,Li3PO4,LiOP,31,train
perovskite-000683,perovskite,BaCaHfOPbTiZr,20,train
ZrO2-005338,ZrO2,OZr,47,train
Li3PO4-011001,Li3PO4,LiOP,31,train
Li3PO4-017365,Li3PO4,LiOP,61,train
ZrO2-000067,ZrO2,OZr,96,train
ZrO2-008770,ZrO2,OZr,48,train
ZrO2-006940,ZrO2,OZr,95,train
Li3PO4-003609,Li3PO4,LiOP,32,train
ZrO2-006498,ZrO2,OZr,95,train
Li3PO4-008171,Li3PO4,LiOP,31,train
ZrO2-005311,ZrO2,OZr,47,train
ZrO2-005279,ZrO2,OZr,47,train
Li3PO4-013598,Li3PO4,LiOP,61,train
Li3PO4-012910,Li3PO4,LiOP,31,train
ZrO2-008815,ZrO2,OZr,48,train
Li3PO4-004684,Li3PO4,LiOP,32,train
Li3PO4-011583,Li3PO4,LiOP,31,train
Li3PO4-006680,Li3PO4,LiOP,32,train
Li3PO4-005045,Li3PO4,LiOP,32,train
Li3PO4-006899,Li3PO4,LiOP,32,train
Li3PO4-010386,Li3PO4,LiOP,31,train
ZrO2-005164,ZrO2,OZr,47,train
Li3PO4-001110,Li3PO4,LiOP,32,train
Li3PO4-002477,Li3PO4,LiOP,32,train
Li3PO4-011836,Li3PO4,LiOP,31,train
ZrO2-004250,ZrO2,OZr,47,train
ZrO2-005015,ZrO2,OZr,47,train
Li3PO4-010832,Li3PO4,LiOP,31,train
ZrO2-005214,ZrO2,OZr,47,train
Li3PO4-003390,Li3PO4,LiOP,32,train
Li3PO4-006017,Li3PO4,LiOP,32,train
Li3PO4-007514,Li3PO4,LiOP,32,train
ZrO2-000159,ZrO2,OZr,96,train
Li3PO4-003375,Li3PO4,LiOP,32,train
ZrO2-001217,ZrO2,OZr,96,train
Li3PO4-012920,Li3PO4,LiOP,31,train
Li3PO4-005885,Li3PO4,LiOP,32,train
ZrO2-005204,ZrO2,OZr,47,train
Li3PO4-003778,Li3PO4,LiOP,32,train
Li3PO4-009327,Li3PO4,LiOP,31,train
Li3PO4-014739,Li3PO4,LiOP,61,train
Li3PO4-013391,Li3PO4,LiOP,61,train
Li3PO4-005390,Li3PO4,LiOP,32,train
Li3PO4-002246,Li3PO4,LiOP,32,train
Li3PO4-013739,Li3PO4,LiOP,61,train
ZrO2-009666,ZrO2,OZr,48,train
Li3PO4-000334,Li3PO4,LiOP,32,train
Li3PO4-017252,Li3PO4,LiOP,61,train
ZrO2-009952,ZrO2,OZr,48,train
ZrO2-004301,ZrO2,OZr,47,train
Li3PO4-000772,Li3PO4,LiOP,32,train
Li3PO4-003744,Li3PO4,LiOP,32,train
Li3PO4-015610,Li3PO4,LiOP,61,train
perovskite-000431,perovskite,CaHfOPbSrZr,20,train
Li3PO4-009229,Li3PO4,LiOP,31,train
ZrO2-009345,ZrO2,OZr,48,train
Li3PO4-006601,Li3PO4,LiOP,32,train
ZrO2-001527,ZrO2,OZr,96,train
Li3PO4-017210,Li3PO4,LiOP,61,train
Li3PO4-010563,Li3PO4,LiOP,31,train
ZrO2-007424,ZrO2,OZr,95,train
Li3PO4-003540,Li3PO4,LiOP,32,train
ZrO2-000642,ZrO2,OZr,96,train
Li3PO4-006084,Li3PO4,LiOP,32,train
Li3PO4-013078,Li3PO4,LiOP,61,train
perovskite-000124,perovskite,OPbSrTi,20,train
perovskite-000451,perovskite,BaCaOPbTiZr,20,train
Li3PO4-016110,Li3PO4,LiOP,61,train
ZrO2-000382,ZrO2,OZr,96,train
Li3PO4-011204,Li3PO4,LiOP,31,train
Li3PO4-004797,Li3PO4,LiOP,32,train
Li3PO4-011205,Li3PO4,LiOP,31,train
ZrO2-006932,ZrO2,OZr,95,train
Li3PO4-011723,Li3PO4,LiOP,31,train
Li3PO4-002576,Li3PO4,LiOP,32,train
ZrO2-008072,ZrO2,OZr,95,train
Li3PO4-009521,Li3PO4,LiOP,31,train
Li3PO4-004946,Li3PO4,LiOP,32,train
Li3PO4-010368,Li3PO4,LiOP,31,train
Li3PO4-012569,Li3PO4,LiOP,31,train
Li3PO4-000809,Li3PO4,LiOP,32,train
Li3PO4-017375,Li3PO4,LiOP,61,train
Li3PO4-004989,Li3PO4,LiOP,32,train
ZrO2-007782,ZrO2,OZr,95,train
Li3PO4-009821,Li3PO4,LiOP,31,train
Li3PO4-008468,Li3PO4,LiOP,31,train
Li3PO4-015822,Li3PO4,LiOP,61,train
Li3PO4-009869,Li3PO4,LiOP,31,train
Li3PO4-017634,Li3PO4,LiOP,61,train
ZrO2-009881,ZrO2,OZr,48,train
ZrO2-005534,ZrO2,OZr,47,train
ZrO2-000857,ZrO2,OZr,96,train
Li3PO4-011468,Li3PO4,LiOP,31,train
Li3PO4-014258,Li3PO4,LiOP,61,train
Li3PO4-008207,Li3PO4,LiOP,31,train
Li3PO4-005331,Li3PO4,LiOP,32,train
Li3PO4-003398,Li3PO4,LiOP,32,train
Li3PO4-013437,Li3PO4,LiOP,61,train
Li3PO4-001360,Li3PO4,LiOP,32,train
ZrO2-009350,ZrO2,OZr,48,train
Li3PO4-016470,Li3PO4,LiOP,61,train
Li3PO4-002953,Li3PO4,LiOP,32,train
ZrO2-010102,ZrO2,OZr,48,train
Li3PO4-000034,Li3PO4,LiOP,32,train
Li3PO4-001157,Li3PO4,LiOP,32,train
ZrO2-005578,ZrO2,OZr,95,train
ZrO2-005666,ZrO2,OZr,95,train
Li3PO4-012623,Li3PO4,LiOP,31,train
Li3PO4-000265,Li3PO4,LiOP,32,train
ZrO2-007252,ZrO2,OZr,95,train
Li3PO4-010589,Li3PO4,LiOP,31,train
Li3PO4-008674,Li3PO4,LiOP,31,train
ZrO2-007938,ZrO2,OZr,95,train
Li3PO4-004931,Li3PO4,LiOP,32,train
Li3PO4-012986,Li3PO4,LiOP,31,train
ZrO2-005997,ZrO2,OZr,95,train
Li3PO4-015220,Li3PO4,LiOP,61,train
ZrO2-002285,ZrO2,OZr,95,train
ZrO2-005825,ZrO2,OZr,95,train
Li3PO4-013557,Li3PO4,LiOP,61,train
Li3PO4-001057,Li3PO4,LiOP,32,train
Li3PO4-016698,Li3PO4,LiOP,61,train
Li3PO4-008968,Li3PO4,LiOP,31,train
Li3PO4-005836,Li3PO4,LiOP,32,train
perovskite-000003,perovskite,BaCaOZr,20,train
Li3PO4-009641,Li3PO4,LiOP,31,train
ZrO2-000408,ZrO2,OZr,96,train
Li3PO4-016159,Li3PO4,LiOP,61,train
ZrO2-006271,ZrO2,OZr,95,train
Li3PO4-014078,Li3PO4,LiOP,61,train
Li3PO4-005367,Li3PO4,LiOP,32,train
Li3PO4-013000,Li3PO4,LiOP,61,train
Li3PO4-004497,Li3PO4,LiOP,32,train
ZrO2-002169,ZrO2,OZr,95,train
Li3PO4-000739,Li3PO4,LiOP,32,train
perovskite-000466,perovskite,BaCaHfOPbTiZr,20,train
Li3PO4-007106,Li3PO4,LiOP,32,train
ZrO2-005131,ZrO2,OZr,47,train
Li3PO4-014262,Li3PO4,LiOP,61,train
Li3PO4-010118,Li3PO4,LiOP,31,train
Li3PO4-012141,Li3PO4,LiOP,31,train
Li3PO4-009486,Li3PO4,LiOP,31,train
Li3PO4-008680,Li3PO4,LiOP,31,train
ZrO2-003114,ZrO2,OZr,95,train
Li3PO4-016860,Li3PO4,LiOP,61,train
ZrO2-007124,ZrO2,OZr,95,train
ZrO2-007879,ZrO2,OZr,95,train
Li3PO4-004741,Li3PO4,LiOP,32,train
ZrO2-007265,ZrO2,OZr,95,train
ZrO2-008249,ZrO2,OZr,48,train
Li3PO4-004277,Li3PO4,LiOP,32,train
Li3PO4-010342,Li3PO4,LiOP,31,train
Li3PO4-015580,Li3PO4,LiOP,61,train
Li3PO4-007199,Li3PO4,LiOP,32,train
ZrO2-004452,ZrO2,OZr,47,train
Li3PO4-017060,Li3PO4,LiOP,61,train
Li3PO4-010574,Li3PO4,LiOP,31,train
Li3PO4-008319,Li3PO4,LiOP,31,train
Li3PO4-016253,Li3PO4,LiOP,61,train
ZrO2-006813,ZrO2,OZr,95,train
ZrO2-006956,ZrO2,OZr,95,train
ZrO2-008139,ZrO2,OZr,48,train
ZrO2-007573,ZrO2,OZr,95,train
Li3PO4-015293,Li3PO4,LiOP,61,train
Li3PO4-008711,Li3PO4,LiOP,31,train
Li3PO4-016703,Li3PO4,LiOP,61,train
Li3PO4-010680,Li3PO4,LiOP,31,train
perovskite-000844,perovskite,BaCaHfOPbTiZr,20,train
Li3PO4-010425,Li3PO4,LiOP,31,train
Li3PO4-006265,Li3PO4,LiOP,32,train
Li3PO4-004612,Li3PO4,LiOP,32,train
Li3PO4-000025,Li3PO4,LiOP,32,train
Li3PO4-005330,Li3PO4,LiOP,32,train
ZrO2-005847,ZrO2,OZr,95,train
ZrO2-008302,ZrO2,OZr,48,train
ZrO2-002173,ZrO2,OZr,95,train
Li3PO4-010513,Li3PO4,LiOP,31,train
ZrO2-000174,ZrO2,OZr,96,train
Li3PO4-001596,Li3PO4,LiOP,32,train
ZrO2-002993,ZrO2,OZr,95,train
Li3PO4-016457,Li3PO4,LiOP,61,train
Li3PO4-000072,Li3PO4,LiOP,32,train
Li3PO4-012199,Li3PO4,LiOP,31,train
ZrO2-008664,ZrO2,OZr,48,train
Li3PO4-013503,Li3PO4,LiOP,61,train
Li3PO4-006651,Li3PO4,LiOP,32,train
Li3PO4-017104,Li3PO4,LiOP,61,train
ZrO2-008832,ZrO2,OZr,48,train
Li3PO4-000697,Li3PO4,LiOP,32,train
perovskite-000795,perovskite,CaHfOPbSrZr,20,train
ZrO2-006164,ZrO2,OZr,95,train
Li3PO4-010352,Li3PO4,LiOP,31,train
Li3PO4-000199,Li3PO4,LiOP,32,train
Li3PO4-017465,Li3PO4,LiOP,61,train
ZrO2-005231,ZrO2,OZr,47,train
ZrO2-008190,ZrO2,OZr,48,train
ZrO2-004730,ZrO2,OZr,47,train
Li3PO4-011457,Li3PO4,LiOP,31,train
Li3PO4-016087,Li3PO4,LiOP,61,train
ZrO2-007848,ZrO2,OZr,95,train
Li3PO4-000751,Li3PO4,LiOP,32,train
ZrO2-006504,ZrO2,OZr,95,train
Li3PO4-001721,Li3PO4,LiOP,32,train
Li3PO4-008838,Li3PO4,LiOP,31,train
ZrO2-009230,ZrO2,OZr,48,train
ZrO2-008311,ZrO2,OZr,48,train
Li3PO4-004445,Li3PO4,LiOP,32,train
Li3PO4-006177,Li3PO4,LiOP,32,train
ZrO2-008698,ZrO2,OZr,48,train
ZrO2-009422,ZrO2,OZr,48,train
Li3PO4-011663,Li3PO4,LiOP,31,train
Li3PO4-011808,Li3PO4,LiOP,31,train
ZrO2-003111,ZrO2,OZr,95,train
ZrO2-007985,ZrO2,OZr,95,train
ZrO2-003326,ZrO2,OZr,95,train
Li3PO4-009665,Li3PO4,LiOP,31,train
ZrO2-002469,ZrO2,OZr,95,train
Li3PO4-007892,Li3PO4,LiOP,32,train
Li3PO4-007773,Li3PO4,LiOP,32,train
Li3PO4-015606,Li3PO4,LiOP,61,train
Li3PO4-001538,Li3PO4,LiOP,32,train
Li3PO4-013387,Li3PO4,LiOP,61,train
Li3PO4-004653,Li3PO4,LiOP,32,train
Li3PO4-002431,Li3PO4,LiOP,32,train
Li3PO4-005122,Li3PO4,LiOP,32,train
ZrO2-003386,ZrO2,OZr,95,train
ZrO2-009969,ZrO2,OZr,48,train
Li3PO4-009951,Li3PO4,LiOP,31,train
Li3PO4-013440,Li3PO4,LiOP,61,train
ZrO2-007988,ZrO2,OZr,95,train
Li3PO4-003466,Li3PO4,LiOP,32,train
ZrO2-005404,ZrO2,OZr,47,train
Li3PO4-000147,Li3PO4,LiOP,32,train
Li3PO4-001983,Li3PO4,LiOP,32,train
ZrO2-002967,ZrO2,OZr,95,train
Li3PO4-004230,Li3PO4,LiOP,32,train
Li3PO4-008496,Li3PO4,LiOP,31,train
Li3PO4-016341,Li3PO4,LiOP,61,train
Li3PO4-017972,Li3PO4,LiOP,61,train
Li3PO4-001695,Li3PO4,LiOP,32,train
ZrO2-004755,ZrO2,OZr,47,train
ZrO2-002560,ZrO2,OZr,95,train
Li3PO4-005285,Li3PO4,LiOP,32,train
Li3PO4-000560,Li3PO4,LiOP,32,train
Li3PO4-007931,Li3PO4,LiOP,32,train
Li3PO4-004115,Li3PO4,LiOP,32,train
ZrO2-006279,ZrO2,OZr,95,train
Li3PO4-014627,Li3PO4,LiOP,61,train
Li3PO4-008241,Li3PO4,LiOP,31,train
Li3PO4-000180,Li3PO4,LiOP,32,train
Li3PO4-009403,Li3PO4,LiOP,31,train
Li3PO4-014647,Li3PO4,LiOP,61,train
Li3PO4-002728,Li3PO4,LiOP,32,train
Li3PO4-010922,Li3PO4,LiOP,31,train
ZrO2-001685,ZrO2,OZr,96,train
Li3PO4-001623,Li3PO4,LiOP,32,train
Li3PO4-011460,Li3PO4,LiOP,31,train
Li3PO4-007170,Li3PO4,LiOP,32,train
ZrO2-002192,ZrO2,OZr,95,train
Li3PO4-009879,Li3PO4,LiOP,31,train
Li3PO4-007275,Li3PO4,LiOP,32,train
Li3PO4-016739,Li3PO4,LiOP,61,train
ZrO2-009928,ZrO2,OZr,48,train
Li3PO4-002948,Li3PO4,LiOP,32,train
Li3PO4-008364,Li3PO4,LiOP,31,train
perovskite-000759,perovskite,CaHfOPbTi,20,train
Li3PO4-009416,Li3PO4,LiOP,31,train
Li3PO4-013700,Li3PO4,LiOP,61,train
Li3PO4-008515,Li3PO4,LiOP,31,train
ZrO2-000564,ZrO2,OZr,96,train
Li3PO4-015602,Li3PO4,LiOP,61,train
ZrO2-006870,ZrO2,OZr,95,train
Li3PO4-014480,Li3PO4,LiOP,61,train
ZrO2-006669,ZrO2,OZr,95,train
ZrO2-000126,ZrO2,OZr,96,train
Li3PO4-002685,Li3PO4,LiOP,32,train
Li3PO4-010521,Li3PO4,LiOP,31,train
ZrO2-008847,ZrO2,OZr,48,train
ZrO2-008909,ZrO2,OZr,48,train
Li3PO4-017176,Li3PO4,LiOP,61,train
Li3PO4-008016,Li3PO4,LiOP,31,train
ZrO2-006543,ZrO2,OZr,95,train
ZrO2-010058,ZrO2,OZr,48,train
ZrO2-005753,ZrO2,OZr,95,train
ZrO2-001137,ZrO2,OZr,96,train
ZrO2-000178,ZrO2,OZr,96,train
Li3PO4-011889,Li3PO4,LiOP,31,train
Li3PO4-005485,Li3PO4,LiOP,32,train
Li3PO4-008206,Li3PO4,LiOP,31,train
Li3PO4-010484,Li3PO4,LiOP,31,train
Li3PO4-002579,Li3PO4,LiOP,32,train
Li3PO4-012854,Li3PO4,LiOP,31,train
ZrO2-009643,ZrO2,OZr,48,train
ZrO2-006536,ZrO2,OZr,95,train
perovskite-000070,perovskite,BaOSrZr,20,train
ZrO2-004283,ZrO2,OZr,47,train
ZrO2-008394,ZrO2,OZr,48,train
Li3PO4-003736,Li3PO4,LiOP,32,train
ZrO2-000655,ZrO2,OZr,96,train
Li3PO4-002316,Li3PO4,LiOP,32,train
Li3PO4-009616,Li3PO4,LiOP,31,train
Li3PO4-001005,Li3PO4,LiOP,32,train
Li3PO4-009372,Li3PO4,LiOP,31,train
Li3PO4-001781,Li3PO4,LiOP,32,train
ZrO2-008870,ZrO2,OZr,48,train
Li3PO4-007539,Li3PO4,LiOP,32,train
ZrO2-003334,ZrO2,OZr,95,train
Li3PO4-016029,Li3PO4,LiOP,61,train
Li3PO4-011933,Li3PO4,LiOP,31,train
Li3PO4-004688,Li3PO4,LiOP,32,train
ZrO2-004279,ZrO2,OZr,47,train
Li3PO4-017320,Li3PO4,LiOP,61,train
ZrO2-000585,ZrO2,OZr,96,train
Li3PO4-007558,Li3PO4,LiOP,32,train
Li3PO4-005094,Li3PO4,LiOP,32,train
Li3PO4-007172,Li3PO4,LiOP,32,train
Li3PO4-008393,Li3PO4,LiOP,31,train
ZrO2-006349,ZrO2,OZr,95,train
Li3PO4-003712,Li3PO4,LiOP,32,train
Li3PO4-014594,Li3PO4,LiOP,61,train
ZrO2-001218,ZrO2,OZr,96,train
Li3PO4-014358,Li3PO4,LiOP,61,train
Li3PO4-002071,Li3PO4,LiOP,32,train
ZrO2-003899,ZrO2,OZr,47,train
ZrO2-000996,ZrO2,OZr,96,train
Li3PO4-011194,Li3PO4,LiOP,31,train
Li3PO4-002470,Li3PO4,LiOP,32,train
Li3PO4-006649,Li3PO4,LiOP,32,train
perovskite-000655,perovskite,CaHfOPbSrZr,20,train
Li3PO4-005414,Li3PO4,LiOP,32,train
Li3PO4-009498,Li3PO4,LiOP,31,train
Li3PO4-007937,Li3PO4,LiOP,32,train
ZrO2-008129,ZrO2,OZr,48,train
perovskite-000322,perovskite,CaHfOSrZr,20,train
Li3PO4-004103,Li3PO4,LiOP,32,train
Li3PO4-016901,Li3PO4,LiOP,61,train
Li3PO4-001418,Li3PO4,LiOP,32,train
ZrO2-003920,ZrO2,OZr,47,train
Li3PO4-013839,Li3PO4,LiOP,61,train
Li3PO4-002139,Li3PO4,LiOP,32,train
Li3PO4-000701,Li3PO4,LiOP,32,train
Li3PO4-013780,Li3PO4,LiOP,61,train
Li3PO4-016475,Li3PO4,LiOP,61,train
Li3PO4-005025,Li3PO4,LiOP,32,train
Li3PO4-010662,Li3PO4,LiOP,31,train
Li3PO4-007243,Li3PO4,LiOP,32,train
ZrO2-008256,ZrO2,OZr,48,train
Li3PO4-006297,Li3PO4,LiOP,32,train
ZrO2-004507,ZrO2,OZr,47,train
perovskite-000369,perovskite,BaCaHfOTi,20,train
Li3PO4-007833,Li3PO4,LiOP,32,train
Li3PO4-005142,Li3PO4,LiOP,32,train
ZrO2-002897,ZrO2,OZr,95,train
Li3PO4-017761,Li3PO4,LiOP,61,train
Li3PO4-003650,Li3PO4,LiOP,32,train
ZrO2-005411,ZrO2,OZr,47,train
Li3PO4-009226,Li3PO4,LiOP,31,train
ZrO2-005128,ZrO2,OZr,47,train
ZrO2-009639,ZrO2,OZr,48,train
perovskite-001131,perovskite,BaCaHfOPbSrZr,20,train
ZrO2-001041,ZrO2,OZr,96,train
Li3PO4-016857,Li3PO4,LiOP,61,train
ZrO2-004082,ZrO2,OZr,47,train
perovskite-000373,perovskite,BaCaHfOZr,20,train
ZrO2-003304,ZrO2,OZr,95,train
Li3PO4-001069,Li3PO4,LiOP,32,train
Li3PO4-008044,Li3PO4,LiOP,31,train
Li3PO4-017145,Li3PO4,LiOP,61,train
Li3PO4-016142,Li3PO4,LiOP,61,train
Li3PO4-001637,Li3PO4,LiOP,32,train
ZrO2-007068,ZrO2,OZr,95,train
Li3PO4-014121,Li3PO4,LiOP,61,train
Li3PO4-008991,Li3PO4,LiOP,31,train
ZrO2-006804,ZrO2,OZr,95,train
ZrO2-004414,ZrO2,OZr,47,train
ZrO2-000851,ZrO2,OZr,96,train
Li3PO4-000711,Li3PO4,LiOP,32,train
ZrO2-009555,ZrO2,OZr,48,train
Li3PO4-006311,Li3PO4,LiOP,32,train
ZrO2-004739,ZrO2,OZr,47,train
ZrO2-008890,ZrO2,OZr,48,train
ZrO2-001692,ZrO2,OZr,96,train
Li3PO4-015079,Li3PO4,LiOP,61,train
ZrO2-000194,ZrO2,OZr,96,train
Li3PO4-015406,Li3PO4,LiOP,61,train
Li3PO4-001107,Li3PO4,LiOP,32,train
ZrO2-007998,ZrO2,OZr,95,train
Li3PO4-007161,Li3PO4,LiOP,32,train
Li3PO4-009722,Li3PO4,LiOP,31,train
ZrO2-009657,ZrO2,OZr,48,train
Li3PO4-013171,Li3PO4,LiOP,61,train
Li3PO4-008444,Li3PO4,LiOP,31,train
ZrO2-007678,ZrO2,OZr,95,train
perovskite-000115,perovskite,BaCaOPbSrTi,20,train
ZrO2-009283,ZrO2,OZr,48,train
Li3PO4-001568,Li3PO4,LiOP,32,train
Li3PO4-012049,Li3PO4,LiOP,31,train
Li3PO4-009611,Li3PO4,LiOP,31,train
ZrO2-008678,ZrO2,OZr,48,train
Li3PO4-016275,Li3PO4,LiOP,61,train
Li3PO4-017293,Li3PO4,LiOP,61,train
Li3PO4-011121,Li3PO4,LiOP,31,train
Li3PO4-006862,Li3PO4,LiOP,32,train
Li3PO4-008612,Li3PO4,LiOP,31,train
Li3PO4-006220,Li3PO4,LiOP,32,train
Li3PO4-017568,Li3PO4,LiOP,61,train
Li3PO4-009487,Li3PO4,LiOP,31,train
Li3PO4-010346,Li3PO4,LiOP,31,train
Li3PO4-008493,Li3PO4,LiOP,31,train
ZrO2-000330,ZrO2,OZr,96,train
Li3PO4-004386,Li3PO4,LiOP,32,train
Li3PO4-016199,Li3PO4,LiOP,61,train
Li3PO4-013757,Li3PO4,LiOP,61,train
ZrO2-005883,ZrO2,OZr,95,train
Li3PO4-015859,Li3PO4,LiOP,61,train
Li3PO4-002306,Li3PO4,LiOP,32,train
perovskite-000088,perovskite,BaCaOPbTi,20,train
Li3PO4-014609,Li3PO4,LiOP,61,train
Li3PO4-007477,Li3PO4,LiOP,32,train
Li3PO4-014824,Li3PO4,LiOP,61,train
Li3PO4-012870,Li3PO4,LiOP,31,train
Li3PO4-004156,Li3PO4,LiOP,32,train
ZrO2-001846,ZrO2,OZr,96,train
ZrO2-007301,ZrO2,OZr,95,train
Li3PO4-006826,Li3PO4,LiOP,32,train
Li3PO4-004070,Li3PO4,LiOP,32,train
ZrO2-009245,ZrO2,OZr,48,train
Li3PO4-009475,Li3PO4,LiOP,31,train
Li3PO4-010429,Li3PO4,LiOP,31,train
ZrO2-007219,ZrO2,OZr,95,train
Li3PO4-006742,Li3PO4,LiOP,32,train
Li3PO4-002635,Li3PO4,LiOP,32,train
perovskite-000776,perovskite,CaHfOPbSrTiZr,20,train
Li3PO4-015450,Li3PO4,LiOP,61,train
Li3PO4-014654,Li3PO4,LiOP,61,train
perovskite-000939,perovskite,CaHfOPbSrTi,20,train
Li3PO4-000101,Li3PO4,LiOP,32,train
Li3PO4-005347,Li3PO4,LiOP,32,train
Li3PO4-001014,Li3PO4,LiOP,32,train
Li3PO4-013849,Li3PO4,LiOP,61,train
Li3PO4-003654,Li3PO4,LiOP,32,train
Li3PO4-008369,Li3PO4,LiOP,31,train
ZrO2-003173,ZrO2,OZr,95,train
Li3PO4-005087,Li3PO4,LiOP,32,train
Li3PO4-010638,Li3PO4,LiOP,31,train
perovskite-000030,perovskite,CaOSrZr,20,train
Li3PO4-010518,Li3PO4,LiOP,31,train
Li3PO4-013596,Li3PO4,LiOP,61,train
ZrO2-003819,ZrO2,OZr,47,train
Li3PO4-014514,Li3PO4,LiOP,61,train
Li3PO4-015253,Li3PO4,LiOP,61,train
ZrO2-006355,ZrO2,OZr,95,train
ZrO2-000950,ZrO2,OZr,96,train
Li3PO4-003561,Li3PO4,LiOP,32,train
ZrO2-001760,ZrO2,OZr,96,train
ZrO2-000983,ZrO2,OZr,96,train
perovskite-000547,perovskite,BaCaHfOSrZr,20,train
Li3PO4-010050,Li3PO4,LiOP,31,train
Li3PO4-003791,Li3PO4,LiOP,32,train
Li3PO4-012356,Li3PO4,LiOP,31,train
perovskite-000945,perovskite,CaHfOPbSrTiZr,20,train
Li3PO4-014899,Li3PO4,LiOP,61,train
Li3PO4-010790,Li3PO4,LiOP,31,train
Li3PO4-000187,Li3PO4,LiOP,32,train
ZrO2-005198,ZrO2,OZr,47,train
Li3PO4-007772,Li3PO4,LiOP,32,train
Li3PO4-017801,Li3PO4,LiOP,61,train
ZrO2-002128,ZrO2,OZr,95,train
ZrO2-006423,ZrO2,OZr,95,train
ZrO2-000456,ZrO2,OZr,96,train
Li3PO4-013877,Li3PO4,LiOP,61,train
ZrO2-000333,ZrO2,OZr,96,train
Li3PO4-006110,Li3PO4,LiOP,32,train
ZrO2-004639,ZrO2,OZr,47,train
Li3PO4-000707,Li3PO4,LiOP,32,train
Li3PO4-002645,Li3PO4,LiOP,32,train
Li3PO4-007798,Li3PO4,LiOP,32,train
ZrO2-001474,ZrO2,OZr,96,train
ZrO2-002975,ZrO2,OZr,95,train
ZrO2-006034,ZrO2,OZr,95,train
Li3PO4-012745,Li3PO4,LiOP,31,train
ZrO2-004429,ZrO2,OZr,47,train
Li3PO4-002131,Li3PO4,LiOP,32,train
Li3PO4-017608,Li3PO4,LiOP,61,train
Li3PO4-008960,Li3PO4,LiOP,31,train
Li3PO4-009644,Li3PO4,LiOP,31,train
Li3PO4-010629,Li3PO4,LiOP,31,train
ZrO2-007018,ZrO2,OZr,95,train
ZrO2-002508,ZrO2,OZr,95,train
Li3PO4-008186,Li3PO4,LiOP,31,train
Li3PO4-016633,Li3PO4,LiOP,61,train
ZrO2-000495,ZrO2,OZr,96,train
Li3PO4-014127,Li3PO4,LiOP,61,train
Li3PO4-006515,Li3PO4,LiOP,32,train
Li3PO4-005308,Li3PO4,LiOP,32,train
Li3PO4-005643,Li3PO4,LiOP,32,train
Li3PO4-012821,Li3PO4,LiOP,31,train
Li3PO4-010377,Li3PO4,LiOP,31,train
ZrO2-001889,ZrO2,OZr,96,train
Li3PO4-008426,Li3PO4,LiOP,31,train
Li3PO4-002144,Li3PO4,LiOP,32,train
Li3PO4-016948,Li3PO4,LiOP,61,train
ZrO2-006500,ZrO2,OZr,95,train
Li3PO4-012564,Li3PO4,LiOP,31,train
Li3PO4-006476,Li3PO4,LiOP,32,train
ZrO2-008789,ZrO2,OZr,48,train
ZrO2-009235,ZrO2,OZr,48,train
Li3PO4-008226,Li3PO4,LiOP,31,train
Li3PO4-006783,Li3PO4,LiOP,32,train
Li3PO4-004944,Li3PO4,LiOP,32,train
Li3PO4-005092,Li3PO4,LiOP,32,train
Li3PO4-004814,Li3PO4,LiOP,32,train
ZrO2-005656,ZrO2,OZr,95,train
Li3PO4-002921,Li3PO4,LiOP,32,train
Li3PO4-005179,Li3PO4,LiOP,32,train
Li3PO4-005789,Li3PO4,LiOP,32,train
ZrO2-002072,ZrO2,OZr,95,train
Li3PO4-012806,Li3PO4,LiOP,31,train
Li3PO4-013821,Li3PO4,LiOP,61,train
Li3PO4-009130,Li3PO4,LiOP,31,train
Li3PO4-006864,Li3PO4,LiOP,32,train
Li3PO4-010992,Li3PO4,LiOP,31,train
perovskite-000563,perovskite,BaCaHfOTiZr,20,train
ZrO2-004121,ZrO2,OZr,47,train
Li3PO4-001975,Li3PO4,LiOP,32,train
Li3PO4-003648,Li3PO4,LiOP,32,train
Li3PO4-011888,Li3PO4,LiOP,31,train
ZrO2-004066,ZrO2,OZr,47,train
ZrO2-006260,ZrO2,OZr,95,train
ZrO2-000649,ZrO2,OZr,96,train
Li3PO4-002120,Li3PO4,LiOP,32,train
Li3PO4-002801,Li3PO4,LiOP,32,train
Li3PO4-004414,Li3PO4,LiOP,32,train
Li3PO4-014996,Li3PO4,LiOP,61,train
Li3PO4-012077,Li3PO4,LiOP,31,train
Li3PO4-002999,Li3PO4,LiOP,32,train
Li3PO4-006644,Li3PO4,LiOP,32,train
Li3PO4-015720,Li3PO4,LiOP,61,train
Li3PO4-004535,Li3PO4,LiOP,32,train
ZrO2-006774,ZrO2,OZr,95,train
Li3PO4-000821,Li3PO4,LiOP,32,train
Li3PO4-002484,Li3PO4,LiOP,32,train
Li3PO4-015835,Li3PO4,LiOP,61,train
perovskite-000349,perovskite,BaCaHfOTiZr,20,train
ZrO2-000463,ZrO2,OZr,96,train
ZrO2-000131,ZrO2,OZr,96,train
Li3PO4-008742,Li3PO4,LiOP,31,train
Li3PO4-013146,Li3PO4,LiOP,61,train
perovskite-000789,perovskite,CaHfOPbSrTiZr,20,train
perovskite-000688,perovskite,BaCaHfOPbZr,20,train
Li3PO4-002393,Li3PO4,LiOP,32,train
ZrO2-008126,ZrO2,OZr,48,train
ZrO2-010046,ZrO2,OZr,48,train
ZrO2-002305,ZrO2,OZr,95,train
Li3PO4-012304,Li3PO4,LiOP,31,train
Li3PO4-014706,Li3PO4,LiOP,61,train
ZrO2-004459,ZrO2,OZr,47,train
Li3PO4-008437,Li3PO4,LiOP,31,train
Li3PO4-007575,Li3PO4,LiOP,32,train
Li3PO4-001266,Li3PO4,LiOP,32,train
ZrO2-007769,ZrO2,OZr,95,train
Li3PO4-015982,Li3PO4,LiOP,61,train
Li3PO4-011586,Li3PO4,LiOP,31,train
Li3PO4-013097,Li3PO4,LiOP,61,train
ZrO2-001542,ZrO2,OZr,96,train
Li3PO4-005444,Li3PO4,LiOP,32,train
ZrO2-000802,ZrO2,OZr,96,train
Li3PO4-004976,Li3PO4,LiOP,32,train
ZrO2-000303,ZrO2,OZr,96,train
ZrO2-007254,ZrO2,OZr,95,train
Li3PO4-004397,Li3PO4,LiOP,32,train
Li3PO4-001691,Li3PO4,LiOP,32,train
ZrO2-001479,ZrO2,OZr,96,train
ZrO2-003963,ZrO2,OZr,47,train
Li3PO4-011637,Li3PO4,LiOP,31,train
Li3PO4-015952,Li3PO4,LiOP,61,train
Li3PO4-009723,Li3PO4,LiOP,31,train
Li3PO4-004087,Li3PO4,LiOP,32,train
Li3PO4-007018,Li3PO4,LiOP,32,train
Li3PO4-017936,Li3PO4,LiOP,61,train
Li3PO4-017265,Li3PO4,LiOP,61,train
ZrO2-006339,ZrO2,OZr,95,train
Li3PO4-000590,Li3PO4,LiOP,32,train
Li3PO4-016571,Li3PO4,LiOP,61,train
Li3PO4-017908,Li3PO4,LiOP,61,train
ZrO2-009037,ZrO2,OZr,48,train
Li3PO4-000464,Li3PO4,LiOP,32,train
Li3PO4-004894,Li3PO4,LiOP,32,train
ZrO2-004686,ZrO2,OZr,47,train
Li3PO4-017534,Li3PO4,LiOP,61,train
Li3PO4-004344,Li3PO4,LiOP,32,train
Li3PO4-012667,Li3PO4,LiOP,31,train
ZrO2-003200,ZrO2,OZr,95,train
ZrO2-009239,ZrO2,OZr,48,train
Li3PO4-009176,Li3PO4,LiOP,31,train
Li3PO4-013203,Li3PO4,LiOP,61,train
ZrO2-009787,ZrO2,OZr,48,train
Li3PO4-014371,Li3PO4,LiOP,61,train
ZrO2-007747,ZrO2,OZr,95,train
Li3PO4-005130,Li3PO4,LiOP,32,train
ZrO2-005985,ZrO2,OZr,95,train
Li3PO4-013978,Li3PO4,LiOP,61,train
Li3PO4-002268,Li3PO4,LiOP,32,train
ZrO2-004330,ZrO2,OZr,47,train
ZrO2-002965,ZrO2,OZr,95,train
Li3PO4-004895,Li3PO4,LiOP,32,train
Li3PO4-015693,Li3PO4,LiOP,61,train
ZrO2-005914,ZrO2,OZr,95,train
ZrO2-002515,ZrO2,OZr,95,train
Li3PO4-014361,Li3PO4,LiOP,61,train
Li3PO4-001651,Li3PO4,LiOP,32,train
Li3PO4-005798,Li3PO4,LiOP,32,train
Li3PO4-008000,Li3PO4,LiOP,31,train
Li3PO4-003754,Li3PO4,LiOP,32,train
ZrO2-006810,ZrO2,OZr,95,train
Li3PO4-006174,Li3PO4,LiOP,32,train
Li3PO4-008509,Li3PO4,LiOP,31,train
ZrO2-007468,ZrO2,OZr,95,train
Li3PO4-001030,Li3PO4,LiOP,32,train
ZrO2-004954,ZrO2,OZr,47,train
Li3PO4-007914,Li3PO4,LiOP,32,train
ZrO2-005740,ZrO2,OZr,95,train
Li3PO4-015990,Li3PO4,LiOP,61,train
ZrO2-001486,ZrO2,OZr,96,train
Li3PO4-013158,Li3PO4,LiOP,61,train
Li3PO4-002611,Li3PO4,LiOP,32,train
ZrO2-001460,ZrO2,OZr,96,train
ZrO2-000169,ZrO2,OZr,96,train
Li3PO4-016953,Li3PO4,LiOP,61,train
ZrO2-001002,ZrO2,OZr,96,train
ZrO2-001310,ZrO2,OZr,96,train
ZrO2-002112,ZrO2,OZr,95,train
ZrO2-006301,ZrO2,OZr,95,train
Li3PO4-011417,Li3PO4,LiOP,31,train
Li3PO4-009360,Li3PO4,LiOP,31,train
ZrO2-009980,ZrO2,OZr,48,train
Li3PO4-002315,Li3PO4,LiOP,32,train
Li3PO4-014770,Li3PO4,LiOP,61,train
Li3PO4-013086,Li3PO4,LiOP,61,train
ZrO2-004439,ZrO2,OZr,47,train
Li3PO4-002528,Li3PO4,LiOP,32,train
perovskite-000907,perovskite,CaHfOPbSrTiZr,20,train
ZrO2-002675,ZrO2,OZr,95,train
Li3PO4-006343,Li3PO4,LiOP,32,train
Li3PO4-005118,Li3PO4,LiOP,32,train
ZrO2-009231,ZrO2,OZr,48,train
ZrO2-002393,ZrO2,OZr,95,train
Li3PO4-014174,Li3PO4,LiOP,61,train
ZrO2-005101,ZrO2,OZr,47,train
Li3PO4-013993,Li3PO4,LiOP,61,train
Li3PO4-003076,Li3PO4,LiOP,32,train
ZrO2-010013,ZrO2,OZr,48,train
Li3PO4-008788,Li3PO4,LiOP,31,train
Li3PO4-008488,Li3PO4,LiOP,31,train
ZrO2-008607,ZrO2,OZr,48,train
Li3PO4-002588,Li3PO4,LiOP,32,train
ZrO2-001503,ZrO2,OZr,96,train
Li3PO4-008461,Li3PO4,LiOP,31,train
ZrO2-000380,ZrO2,OZr,96,train
Li3PO4-008505,Li3PO4,LiOP,31,train
ZrO2-003340,ZrO2,OZr,95,train
Li3PO4-017523,Li3PO4,LiOP,61,train
Li3PO4-014446,Li3PO4,LiOP,61,train
Li3PO4-013904,Li3PO4,LiOP,61,train
ZrO2-001188,ZrO2,OZr,96,train
Li3PO4-013275,Li3PO4,LiOP,61,train
Li3PO4-010141,Li3PO4,LiOP,31,train
Li3PO4-005431,Li3PO4,LiOP,32,train
ZrO2-002050,ZrO2,OZr,95,train
ZrO2-004796,ZrO2,OZr,47,train
ZrO2-007923,ZrO2,OZr,95,train
ZrO2-001201,ZrO2,OZr,96,train
ZrO2-009011,ZrO2,OZr,48,train
Li3PO4-015443,Li3PO4,LiOP,61,train
Li3PO4-013896,Li3PO4,LiOP,61,train
Li3PO4-003786,Li3PO4,LiOP,32,train
Li3PO4-004009,Li3PO4,LiOP,32,train
ZrO2-007790,ZrO2,OZr,95,train
Li3PO4-017372,Li3PO4,LiOP,61,train
Li3PO4-002833,Li3PO4,LiOP,32,train
Li3PO4-001847,Li3PO4,LiOP,32,train
Li3PO4-007022,Li3PO4,LiOP,32,train
Li3PO4-000162,Li3PO4,LiOP,32,train
Li3PO4-005370,Li3PO4,LiOP,32,train
Li3PO4-009726,Li3PO4,LiOP,31,train
ZrO2-001649,ZrO2,OZr,96,train
Li3PO4-002650,Li3PO4,LiOP,32,train
Li3PO4-000842,Li3PO4,LiOP,32,train
Li3PO4-005897,Li3PO4,LiOP,32,train
Li3PO4-017942,Li3PO4,LiOP,61,train
ZrO2-002091,ZrO2,OZr,95,train
Li3PO4-009613,Li3PO4,LiOP,31,train
perovskite-000606,perovskite,CaHfOPbTiZr,20,train
Li3PO4-006228,Li3PO4,LiOP,32,train
Li3PO4-000759,Li3PO4,LiOP,32,train
Li3PO4-007135,Li3PO4,LiOP,32,train
Li3PO4-009431,Li3PO4,LiOP,31,train
Li3PO4-009707,Li3PO4,LiOP,31,train
Li3PO4-015456,Li3PO4,LiOP,61,train
perovskite-000856,perovskite,CaOPbSrTiZr,20,train
ZrO2-000702,ZrO2,OZr,96,train
Li3PO4-003557,Li3PO4,LiOP,32,train
Li3PO4-014994,Li3PO4,LiOP,61,train
Li3PO4-006896,Li3PO4,LiOP,32,train
Li3PO4-008184,Li3PO4,LiOP,31,train
Li3PO4-017487,Li3PO4,LiOP,61,train
Li3PO4-015384,Li3PO4,LiOP,61,train
Li3PO4-014809,Li3PO4,LiOP,61,train
Li3PO4-004863,Li3PO4,LiOP,32,train
ZrO2-007621,ZrO2,OZr,95,train
perovskite-000044,perovskite,BaCaOSrZr,20,train
ZrO2-001588,ZrO2,OZr,96,train
Li3PO4-014080,Li3PO4,LiOP,61,train
Li3PO4-010292,Li3PO4,LiOP,31,train
ZrO2-006523,ZrO2,OZr,95,train
ZrO2-007131,ZrO2,OZr,95,train
ZrO2-009198,ZrO2,OZr,48,train
Li3PO4-001034,Li3PO4,LiOP,32,train
Li3PO4-004994,Li3PO4,LiOP,32,train
Li3PO4-006799,Li3PO4,LiOP,32,train
Li3PO4-014113,Li3PO4,LiOP,61,train
Li3PO4-016074,Li3PO4,LiOP,61,train
Li3PO4-001377,Li3PO4,LiOP,32,train
Li3PO4-012082,Li3PO4,LiOP,31,train
perovskite-000585,perovskite,CaHfOPbTiZr,20,train
ZrO2-003754,ZrO2,OZr,47,train
ZrO2-006196,ZrO2,OZr,95,train
Li3PO4-014664,Li3PO4,LiOP,61,train
ZrO2-007989,ZrO2,OZr,95,train
Li3PO4-017901,Li3PO4,LiOP,61,train
ZrO2-007935,ZrO2,OZr,95,train
Li3PO4-011702,Li3PO4,LiOP,31,train
perovskite-000200,perovskite,HfOPbSr,20,train
Li3PO4-009101,Li3PO4,LiOP,31,train
ZrO2-003339,ZrO2,OZr,95,train
Li3PO4-000471,Li3PO4,LiOP,32,train
Li3PO4-006178,Li3PO4,LiOP,32,train
ZrO2-007975,ZrO2,OZr,95,train
ZrO2-000827,ZrO2,OZr,96,train
ZrO2-005069,ZrO2,OZr,47,train
Li3PO4-009533,Li3PO4,LiOP,31,train
Li3PO4-017115,Li3PO4,LiOP,61,train
Li3PO4-010714,Li3PO4,LiOP,31,train
Li3PO4-001367,Li3PO4,LiOP,32,train
ZrO2-006354,ZrO2,OZr,95,train
ZrO2-003601,ZrO2,OZr,47,train
ZrO2-002309,ZrO2,OZr,95,train
Li3PO4-008290,Li3PO4,LiOP,31,train
Li3PO4-008085,Li3PO4,LiOP,31,train
ZrO2-001040,ZrO2,OZr,96,train
ZrO2-000008,ZrO2,OZr,96,train
Li3PO4-007062,Li3PO4,LiOP,32,train
Li3PO4-008223,Li3PO4,LiOP,31,train
Li3PO4-009527,Li3PO4,LiOP,31,train
Li3PO4-003678,Li3PO4,LiOP,32,train
ZrO2-008351,ZrO2,OZr,48,train
ZrO2-002702,ZrO2,OZr,95,train
ZrO2-001312,ZrO2,OZr,96,train
ZrO2-004373,ZrO2,OZr,47,train
Li3PO4-017504,Li3PO4,LiOP,61,train
Li3PO4-003816,Li3PO4,LiOP,32,train
ZrO2-008335,ZrO2,OZr,48,train
Li3PO4-004163,Li3PO4,LiOP,32,train
Li3PO4-006075,Li3PO4,LiOP,32,train
Li3PO4-006258,Li3PO4,LiOP,32,train
Li3PO4-004552,Li3PO4,LiOP,32,train
Li3PO4-016687,Li3PO4,LiOP,61,train
ZrO2-008602,ZrO2,OZr,48,train
Li3PO4-012674,Li3PO4,LiOP,31,train
Li3PO4-006525,Li3PO4,LiOP,32,train
ZrO2-009680,ZrO2,OZr,48,train
ZrO2-002848,ZrO2,OZr,95,train
Li3PO4-004132,Li3PO4,LiOP,32,train
Li3PO4-001076,Li3PO4,LiOP,32,train
Li3PO4-013329,Li3PO4,LiOP,61,train
Li3PO4-005852,Li3PO4,LiOP,32,train
perovskite-001065,perovskite,BaCaHfOPbTi,20,train
Li3PO4-006054,Li3PO4,LiOP,32,train
ZrO2-001631,ZrO2,OZr,96,train
Li3PO4-004453,Li3PO4,LiOP,32,train
Li3PO4-011022,Li3PO4,LiOP,31,train
perovskite-000376,perovskite,CaOPbTiZr,20,train
Li3PO4-011987,Li3PO4,LiOP,31,train
Li3PO4-012325,Li3PO4,LiOP,31,train
Li3PO4-015422,Li3PO4,LiOP,61,train
perovskite-000833,perovskite,BaCaHfOPbTiZr,20,train
ZrO2-008151,ZrO2,OZr,48,train
Li3PO4-016556,Li3PO4,LiOP,61,train
Li3PO4-006519,Li3PO4,LiOP,32,train
ZrO2-003826,ZrO2,OZr,47,train
Li3PO4-004704,Li3PO4,LiOP,32,train
Li3PO4-009862,Li3PO4,LiOP,31,train
Li3PO4-001875,Li3PO4,LiOP,32,train
Li3PO4-008705,Li3PO4,LiOP,31,train
Li3PO4-006855,Li3PO4,LiOP,32,train
Li3PO4-016837,Li3PO4,LiOP,61,train
ZrO2-001849,ZrO2,OZr,96,train
ZrO2-005051,ZrO2,OZr,47,train
ZrO2-006556,ZrO2,OZr,95,train
ZrO2-005988,ZrO2,OZr,95,train
ZrO2-003730,ZrO2,OZr,47,train
Li3PO4-004832,Li3PO4,LiOP,32,train
Li3PO4-015177,Li3PO4,LiOP,61,train
Li3PO4-004223,Li3PO4,LiOP,32,train
ZrO2-003777,ZrO2,OZr,47,train
ZrO2-006345,ZrO2,OZr,95,train
Li3PO4-011554,Li3PO4,LiOP,31,train
ZrO2-003500,ZrO2,OZr,95,train
Li3PO4-016527,Li3PO4,LiOP,61,train
Li3PO4-015246,Li3PO4,LiOP,61,train
Li3PO4-015049,Li3PO4,LiOP,61,train
Li3PO4-002030,Li3PO4,LiOP,32,train
perovskite-000069,perovskite,OSrZr,20,train
Li3PO4-006002,Li3PO4,LiOP,32,train
ZrO2-000515,ZrO2,OZr,96,train
Li3PO4-005562,Li3PO4,LiOP,32,train
Li3PO4-014558,Li3PO4,LiOP,61,train
ZrO2-009810,ZrO2,OZr,48,train
Li3PO4-003136,Li3PO4,LiOP,32,train
ZrO2-009204,ZrO2,OZr,48,train
ZrO2-009325,ZrO2,OZr,48,train
Li3PO4-015115,Li3PO4,LiOP,61,train
Li3PO4-014062,Li3PO4,LiOP,61,train
perovskite-000227,perovskite,CaHfOTiZr,20,train
Li3PO4-006008,Li3PO4,LiOP,32,train
Li3PO4-006318,Li3PO4,LiOP,32,train
Li3PO4-000224,Li3PO4,LiOP,32,train
ZrO2-000640,ZrO2,OZr,96,train
Li3PO4-005524,Li3PO4,LiOP,32,train
Li3PO4-011502,Li3PO4,LiOP,31,train
Li3PO4-007712,Li3PO4,LiOP,32,train
Li3PO4-016701,Li3PO4,LiOP,61,train
ZrO2-003967,ZrO2,OZr,47,train
Li3PO4-003882,Li3PO4,LiOP,32,train
ZrO2-000588,ZrO2,OZr,96,train
Li3PO4-015070,Li3PO4,LiOP,61,train
perovskite-000383,perovskite,CaHfOPbTiZr,20,train
Li3PO4-017832,Li3PO4,LiOP,61,train
perovskite-000729,perovskite,CaHfOPbTi,20,train
perovskite-000313,perovskite,CaOSrTiZr,20,train
Li3PO4-002937,Li3PO4,LiOP,32,train
ZrO2-007138,ZrO2,OZr,95,train
Li3PO4-013470,Li3PO4,LiOP,61,train
ZrO2-001602,ZrO2,OZr,96,train
Li3PO4-013758,Li3PO4,LiOP,61,train
Li3PO4-015892,Li3PO4,LiOP,61,train
ZrO2-004449,ZrO2,OZr,47,train
ZrO2-004038,ZrO2,OZr,47,train
ZrO2-001835,ZrO2,OZr,96,train
Li3PO4-012184,Li3PO4,LiOP,31,train
ZrO2-007583,ZrO2,OZr,95,train
Li3PO4-016421,Li3PO4,LiOP,61,train
Li3PO4-008326,Li3PO4,LiOP,31,train
ZrO2-002820,ZrO2,OZr,95,train
Li3PO4-015313,Li3PO4,LiOP,61,train
ZrO2-007665,ZrO2,OZr,95,train
Li3PO4-013810,Li3PO4,LiOP,61,train
Li3PO4-015673,Li3PO4,LiOP,61,train
ZrO2-007233,ZrO2,OZr,95,train
Li3PO4-015794,Li3PO4,LiOP,61,train
Li3PO4-017975,Li3PO4,LiOP,61,train
Li3PO4-009138,Li3PO4,LiOP,31,train
ZrO2-007708,ZrO2,OZr,95,train
ZrO2-006330,ZrO2,OZr,95,train
ZrO2-001673,ZrO2,OZr,96,train
Li3PO4-009180,Li3PO4,LiOP,31,train
Li3PO4-009625,Li3PO4,LiOP,31,train
Li3PO4-011354,Li3PO4,LiOP,31,train
perovskite-000725,perovskite,CaOPbTiZr,20,train
ZrO2-003394,ZrO2,OZr,95,train
ZrO2-004183,ZrO2,OZr,47,train
ZrO2-007662,ZrO2,OZr,95,train
ZrO2-009833,ZrO2,OZr,48,train
Li3PO4-008525,Li3PO4,LiOP,31,train
Li3PO4-009660,Li3PO4,LiOP,31,train
ZrO2-003223,ZrO2,OZr,95,train
Li3PO4-015446,Li3PO4,LiOP,61,train
Li3PO4-003946,Li3PO4,LiOP,32,train
ZrO2-004602,ZrO2,OZr,47,train
ZrO2-005545,ZrO2,OZr,47,train
perovskite-000620,perovskite,CaHfOPbSrTiZr,20,train
Li3PO4-012912,Li3PO4,LiOP,31,train
Li3PO4-003378,Li3PO4,LiOP,32,train
Li3PO4-002541,Li3PO4,LiOP,32,train
Li3PO4-005076,Li3PO4,LiOP,32,train
Li3PO4-012943,Li3PO4,LiOP,31,train
Li3PO4-003652,Li3PO4,LiOP,32,train
ZrO2-004801,ZrO2,OZr,47,train
ZrO2-004194,ZrO2,OZr,47,train
ZrO2-007227,ZrO2,OZr,95,train
ZrO2-000753,ZrO2,OZr,96,train
Li3PO4-013022,Li3PO4,LiOP,61,train
ZrO2-008867,ZrO2,OZr,48,train
Li3PO4-014516,Li3PO4,LiOP,61,train
ZrO2-008568,ZrO2,OZr,48,train
ZrO2-009956,ZrO2,OZr,48,train
Li3PO4-001746,Li3PO4,LiOP,32,train
ZrO2-008751,ZrO2,OZr,48,train
Li3PO4-016744,Li3PO4,LiOP,61,train
ZrO2-005529,ZrO2,OZr,47,train
Li3PO4-005376,Li3PO4,LiOP,32,train
Li3PO4-014908,Li3PO4,LiOP,61,train
Li3PO4-006759,Li3PO4,LiOP,32,train
ZrO2-005901,ZrO2,OZr,95,train
Li3PO4-005690,Li3PO4,LiOP,32,train
Li3PO4-004146,Li3PO4,LiOP,32,train
Li3PO4-002623,Li3PO4,LiOP,32,train
ZrO2-001591,ZrO2,OZr,96,train
Li3PO4-004922,Li3PO4,LiOP,32,train
Li3PO4-011017,Li3PO4,LiOP,31,train
ZrO2-001558,ZrO2,OZr,96,train
ZrO2-006082,ZrO2,OZr,95,train
ZrO2-006979,ZrO2,OZr,95,train
Li3PO4-010889,Li3PO4,LiOP,31,train
ZrO2-004304,ZrO2,OZr,47,train
ZrO2-001288,ZrO2,OZr,96,train
Li3PO4-014802,Li3PO4,LiOP,61,train
Li3PO4-010160,Li3PO4,LiOP,31,train
Li3PO4-011802,Li3PO4,LiOP,31,train
Li3PO4-008061,Li3PO4,LiOP,31,train
Li3PO4-008445,Li3PO4,LiOP,31,train
Li3PO4-002402,Li3PO4,LiOP,32,train
ZrO2-007745,ZrO2,OZr,95,train
Li3PO4-003615,Li3PO4,LiOP,32,train
Li3PO4-008180,Li3PO4,LiOP,31,train
Li3PO4-013066,Li3PO4,LiOP,61,train
perovskite-000054,perovskite,BaOPbZr,20,train
Li3PO4-007306,Li3PO4,LiOP,32,train
Li3PO4-004913,Li3PO4,LiOP,32,train
ZrO2-002239,ZrO2,OZr,95,train
Li3PO4-003089,Li3PO4,LiOP,32,train
Li3PO4-001397,Li3PO4,LiOP,32,train
ZrO2-001623,ZrO2,OZr,96,train
ZrO2-004261,ZrO2,OZr,47,train
Li3PO4-015652,Li3PO4,LiOP,61,train
Li3PO4-014649,Li3PO4,LiOP,61,train
Li3PO4-016931,Li3PO4,LiOP,61,train
ZrO2-002808,ZrO2,OZr,95,train
Li3PO4-009183,Li3PO4,LiOP,31,train
Li3PO4-016464,Li3PO4,LiOP,61,train
Li3PO4-008864,Li3PO4,LiOP,31,train
ZrO2-003846,ZrO2,OZr,47,train
Li3PO4-012727,Li3PO4,LiOP,31,train
ZrO2-001635,ZrO2,OZr,96,train
Li3PO4-003959,Li3PO4,LiOP,32,train
Li3PO4-017806,Li3PO4,LiOP,61,train
perovskite-000898,perovskite,CaOPbSrTiZr,20,train
Li3PO4-010764,Li3PO4,LiOP,31,train
ZrO2-005806,ZrO2,OZr,95,train
ZrO2-000498,ZrO2,OZr,96,train
Li3PO4-003956,Li3PO4,LiOP,32,train
Li3PO4-015706,Li3PO4,LiOP,61,train
Li3PO4-009391,Li3PO4,LiOP,31,train
Li3PO4-001166,Li3PO4,LiOP,32,train
Li3PO4-013427,Li3PO4,LiOP,61,train
Li3PO4-002972,Li3PO4,LiOP,32,train
ZrO2-002513,ZrO2,OZr,95,train
Li3PO4-015517,Li3PO4,LiOP,61,train
Li3PO4-006500,Li3PO4,LiOP,32,train
Li3PO4-015974,Li3PO4,LiOP,61,train
ZrO2-006031,ZrO2,OZr,95,train
Li3PO4-000525,Li3PO4,LiOP,32,train
Li3PO4-009728,Li3PO4,LiOP,31,train
Li3PO4-009167,Li3PO4,LiOP,31,train
Li3PO4-015234,Li3PO4,LiOP,61,train
ZrO2-006699,ZrO2,OZr,95,train
Li3PO4-016204,Li3PO4,LiOP,61,train
ZrO2-009929,ZrO2,OZr,48,train
perovskite-000913,perovskite,CaOPbSrTiZr,20,train
Li3PO4-015186,Li3PO4,LiOP,61,train
Li3PO4-007179,Li3PO4,LiOP,32,train
Li3PO4-010760,Li3PO4,LiOP,31,train
Li3PO4-017575,Li3PO4,LiOP,61,train
Li3PO4-016310,Li3PO4,LiOP,61,train
Li3PO4-001353,Li3PO4,LiOP,32,train
ZrO2-007518,ZrO2,OZr,95,train
Li3PO4-008759,Li3PO4,LiOP,31,train
ZrO2-008149,ZrO2,OZr,48,train
ZrO2-005948,ZrO2,OZr,95,train
Li3PO4-009984,Li3PO4,LiOP,31,train
ZrO2-006181,ZrO2,OZr,95,train
Li3PO4-013179,Li3PO4,LiOP,61,train
Li3PO4-000309,Li3PO4,LiOP,32,train
Li3PO4-012907,Li3PO4,LiOP,31,train
Li3PO4-003818,Li3PO4,LiOP,32,train
ZrO2-009739,ZrO2,OZr,48,train
Li3PO4-003474,Li3PO4,LiOP,32,train
Li3PO4-006765,Li3PO4,LiOP,32,train
Li3PO4-014452,Li3PO4,LiOP,61,train
Li3PO4-003835,Li3PO4,LiOP,32,train
ZrO2-000871,ZrO2,OZr,96,train
Li3PO4-013740,Li3PO4,LiOP,61,train
Li3PO4-001675,Li3PO4,LiOP,32,train
ZrO2-005066,ZrO2,OZr,47,train
Li3PO4-007703,Li3PO4,LiOP,32,train
ZrO2-008464,ZrO2,OZr,48,train
Li3PO4-011133,Li3PO4,LiOP,31,train
ZrO2-009734,ZrO2,OZr,48,train
ZrO2-001021,ZrO2,OZr,96,train
ZrO2-007668,ZrO2,OZr,95,train
ZrO2-002714,ZrO2,OZr,95,train
perovskite-001153,perovskite,BaCaOPbTiZr,20,train
ZrO2-006223,ZrO2,OZr,95,train
Li3PO4-000641,Li3PO4,LiOP,32,train
perovskite-001084,perovskite,BaCaHfOPbTiZr,20,train
ZrO2-002281,ZrO2,OZr,95,train
ZrO2-009783,ZrO2,OZr,48,train
Li3PO4-005932,Li3PO4,LiOP,32,train
Li3PO4-007071,Li3PO4,LiOP,32,train
Li3PO4-012825,Li3PO4,LiOP,31,train
Li3PO4-012665,Li3PO4,LiOP,31,train
Li3PO4-003400,Li3PO4,LiOP,32,train
Li3PO4-003327,Li3PO4,LiOP,32,train
ZrO2-003265,ZrO2,OZr,95,train
Li3PO4-015786,Li3PO4,LiOP,61,train
Li3PO4-004449,Li3PO4,LiOP,32,train
Li3PO4-015419,Li3PO4,LiOP,61,train
Li3PO4-001649,Li3PO4,LiOP,32,train
ZrO2-003852,ZrO2,OZr,47,train
ZrO2-002602,ZrO2,OZr,95,train
Li3PO4-015983,Li3PO4,LiOP,61,train
Li3PO4-011372,Li3PO4,LiOP,31,train
Li3PO4-007946,Li3PO4,LiOP,32,train
ZrO2-003081,ZrO2,OZr,95,train
Li3PO4-011145,Li3PO4,LiOP,31,train
ZrO2-000656,ZrO2,OZr,96,train
Li3PO4-001701,Li3PO4,LiOP,32,train
Li3PO4-003602,Li3PO4,LiOP,32,train
ZrO2-009152,ZrO2,OZr,48,train
ZrO2-002697,ZrO2,OZr,95,train
ZrO2-001774,ZrO2,OZr,96,train
ZrO2-001483,ZrO2,OZr,96,train
Li3PO4-017317,Li3PO4,LiOP,61,train
Li3PO4-007616,Li3PO4,LiOP,32,train
ZrO2-008788,ZrO2,OZr,48,train
Li3PO4-015425,Li3PO4,LiOP,61,train
Li3PO4-003287,Li3PO4,LiOP,32,train
ZrO2-003742,ZrO2,OZr,47,train
Li3PO4-015038,Li3PO4,LiOP,61,train
ZrO2-005061,ZrO2,OZr,47,train
ZrO2-003323,ZrO2,OZr,95,train
ZrO2-007230,ZrO2,OZr,95,train
Li3PO4-012270,Li3PO4,LiOP,31,train
Li3PO4-000370,Li3PO4,LiOP,32,train
Li3PO4-004839,Li3PO4,LiOP,32,train
ZrO2-002078,ZrO2,OZr,95,train
Li3PO4-006606,Li3PO4,LiOP,32,train
Li3PO4-017444,Li3PO4,LiOP,61,train
Li3PO4-008019,Li3PO4,LiOP,31,train
Li3PO4-013677,Li3PO4,LiOP,61,train
ZrO2-002750,ZrO2,OZr,95,train
Li3PO4-004102,Li3PO4,LiOP,32,train
Li3PO4-002556,Li3PO4,LiOP,32,train
ZrO2-000104,ZrO2,OZr,96,train
ZrO2-006960,ZrO2,OZr,95,train
ZrO2-005395,ZrO2,OZr,47,train
ZrO2-006954,ZrO2,OZr,95,train
Li3PO4-009248,Li3PO4,LiOP,31,train
ZrO2-000094,ZrO2,OZr,96,train
ZrO2-000551,ZrO2,OZr,96,train
Li3PO4-007203,Li3PO4,LiOP,32,train
ZrO2-007834,ZrO2,OZr,95,train
Li3PO4-001500,Li3PO4,LiOP,32,train
Li3PO4-014632,Li3PO4,LiOP,61,train
ZrO2-004284,ZrO2,OZr,47,train
Li3PO4-004073,Li3PO4,LiOP,32,train
Li3PO4-003689,Li3PO4,LiOP,32,train
ZrO2-002653,ZrO2,OZr,95,train
Li3PO4-017357,Li3PO4,LiOP,61,train
ZrO2-004269,ZrO2,OZr,47,train
Li3PO4-010509,Li3PO4,LiOP,31,train
ZrO2-000777,ZrO2,OZr,96,train
Li3PO4-016684,Li3PO4,LiOP,61,train
Li3PO4-015187,Li3PO4,LiOP,61,train
perovskite-000311,perovskite,CaHfOSrTiZr,20,train
Li3PO4-017661,Li3PO4,LiOP,61,train
perovskite-000057,perovskite,OPbSrZr,20,train
ZrO2-000407,ZrO2,OZr,96,train
Li3PO4-015416,Li3PO4,LiOP,61,train
Li3PO4-007814,Li3PO4,LiOP,32,train
ZrO2-006825,ZrO2,OZr,95,train
Li3PO4-003864,Li3PO4,LiOP,32,train
ZrO2-000310,ZrO2,OZr,96,train
Li3PO4-012717,Li3PO4,LiOP,31,train
ZrO2-004196,ZrO2,OZr,47,train
Li3PO4-017744,Li3PO4,LiOP,61,train
Li3PO4-005245,Li3PO4,LiOP,32,train
Li3PO4-012524,Li3PO4,LiOP,31,train
Li3PO4-013359,Li3PO4,LiOP,61,train
Li3PO4-013031,Li3PO4,LiOP,61,train
Li3PO4-013371,Li3PO4,LiOP,61,train
ZrO2-000056,ZrO2,OZr,96,train
Li3PO4-006550,Li3PO4,LiOP,32,train
Li3PO4-015615,Li3PO4,LiOP,61,train
Li3PO4-008293,Li3PO4,LiOP,31,train
ZrO2-003941,ZrO2,OZr,47,train
Li3PO4-013917,Li3PO4,LiOP,61,train
Li3PO4-011463,Li3PO4,LiOP,31,train
Li3PO4-009540,Li3PO4,LiOP,31,train
ZrO2-008397,ZrO2,OZr,48,train
Li3PO4-012292,Li3PO4,LiOP,31,train
ZrO2-004710,ZrO2,OZr,47,train
ZrO2-003286,ZrO2,OZr,95,train
Li3PO4-005723,Li3PO4,LiOP,32,train
ZrO2-003062,ZrO2,OZr,95,train
perovskite-000884,perovskite,CaHfOPbSrZr,20,train
ZrO2-009616,ZrO2,OZr,48,train
Li3PO4-003141,Li3PO4,LiOP,32,train
Li3PO4-011597,Li3PO4,LiOP,31,train
Li3PO4-016326,Li3PO4,LiOP,61,train
perovskite-000542,perovskite,BaCaHfOSrZr,20,train
Li3PO4-016400,Li3PO4,LiOP,61,train
ZrO2-003194,ZrO2,OZr,95,train
Li3PO4-014175,Li3PO4,LiOP,61,train
Li3PO4-015803,Li3PO4,LiOP,61,train
ZrO2-003002,ZrO2,OZr,95,train
ZrO2-000638,ZrO2,OZr,96,train
ZrO2-003612,ZrO2,OZr,47,train
ZrO2-000048,ZrO2,OZr,96,train
Li3PO4-008324,Li3PO4,LiOP,31,train
Li3PO4-014434,Li3PO4,LiOP,61,train
ZrO2-007292,ZrO2,OZr,95,train
ZrO2-001614,ZrO2,OZr,96,train
perovskite-000735,perovskite,CaHfOPbTiZr,20,train
Li3PO4-001440,Li3PO4,LiOP,32,train
Li3PO4-004966,Li3PO4,LiOP,32,train
Li3PO4-001720,Li3PO4,LiOP,32,train
Li3PO4-011651,Li3PO4,LiOP,31,train
Li3PO4-004470,Li3PO4,LiOP,32,train
Li3PO4-007564,Li3PO4,LiOP,32,train
ZrO2-007814,ZrO2,OZr,95,train
Li3PO4-000328,Li3PO4,LiOP,32,train
Li3PO4-009338,Li3PO4,LiOP,31,train
Li3PO4-011665,Li3PO4,LiOP,31,train
Li3PO4-009724,Li3PO4,LiOP,31,train
Li3PO4-014581,Li3PO4,LiOP,61,train
Li3PO4-007307,Li3PO4,LiOP,32,train
ZrO2-003789,ZrO2,OZr,47,train
Li3PO4-016397,Li3PO4,LiOP,61,train
Li3PO4-014838,Li3PO4,LiOP,61,train
ZrO2-001421,ZrO2,OZr,96,train
Li3PO4-003872,Li3PO4,LiOP,32,train
Li3PO4-005465,Li3PO4,LiOP,32,train
ZrO2-004484,ZrO2,OZr,47,train
Li3PO4-011899,Li3PO4,LiOP,31,train
ZrO2-002024,ZrO2,OZr,95,train
Li3PO4-012496,Li3PO4,LiOP,31,train
ZrO2-001512,ZrO2,OZr,96,train
ZrO2-003164,ZrO2,OZr,95,train
Li3PO4-010208,Li3PO4,LiOP,31,train
Li3PO4-008784,Li3PO4,LiOP,31,train
ZrO2-009808,ZrO2,OZr,48,train
ZrO2-009430,ZrO2,OZr,48,train
Li3PO4-010129,Li3PO4,LiOP,31,train
perovskite-001188,perovskite,CaHfOSrTiZr,20,train
perovskite-000327,perovskite,CaHfOSrTi,20,train
Li3PO4-001426,Li3PO4,LiOP,32,train
Li3PO4-004735,Li3PO4,LiOP,32,train
ZrO2-001358,ZrO2,OZr,96,train
Li3PO4-005438,Li3PO4,LiOP,32,train
ZrO2-000804,ZrO2,OZr,96,train
Li3PO4-008261,Li3PO4,LiOP,31,train
Li3PO4-000808,Li3PO4,LiOP,32,train
Li3PO4-017810,Li3PO4,LiOP,61,train
Li3PO4-003549,Li3PO4,LiOP,32,train
perovskite-000826,perovskite,BaCaHfOPbTi,20,train
ZrO2-003623,ZrO2,OZr,47,train
ZrO2-002706,ZrO2,OZr,95,train
Li3PO4-008005,Li3PO4,LiOP,31,train
Li3PO4-001603,Li3PO4,LiOP,32,train
ZrO2-002840,ZrO2,OZr,95,train
ZrO2-009374,ZrO2,OZr,48,train
perovskite-000356,perovskite,BaCaOTiZr,20,train
Li3PO4-001863,Li3PO4,LiOP,32,train
Li3PO4-010227,Li3PO4,LiOP,31,train
Li3PO4-010096,Li3PO4,LiOP,31,train
Li3PO4-003253,Li3PO4,LiOP,32,train
Li3PO4-016486,Li3PO4,LiOP,61,train
Li3PO4-007167,Li3PO4,LiOP,32,train
Li3PO4-001667,Li3PO4,LiOP,32,train
Li3PO4-013299,Li3PO4,LiOP,61,train
ZrO2-006221,ZrO2,OZr,95,train
Li3PO4-006330,Li3PO4,LiOP,32,train
ZrO2-000891,ZrO2,OZr,96,train
Li3PO4-008295,Li3PO4,LiOP,31,train
ZrO2-002655,ZrO2,OZr,95,train
Li3PO4-000731,Li3PO4,LiOP,32,train
Li3PO4-015671,Li3PO4,LiOP,61,train
Li3PO4-011420,Li3PO4,LiOP,31,train
Li3PO4-001936,Li3PO4,LiOP,32,train
Li3PO4-002368,Li3PO4,LiOP,32,train
ZrO2-004824,ZrO2,OZr,47,train
ZrO2-005426,ZrO2,OZr,47,train
Li3PO4-016295,Li3PO4,LiOP,61,train
Li3PO4-010716,Li3PO4,LiOP,31,train
ZrO2-000132,ZrO2,OZr,96,train
Li3PO4-006377,Li3PO4,LiOP,32,train
Li3PO4-012239,Li3PO4,LiOP,31,train
ZrO2-003749,ZrO2,OZr,47,train
ZrO2-001028,ZrO2,OZr,96,train
Li3PO4-014374,Li3PO4,LiOP,61,train
ZrO2-001565,ZrO2,OZr,96,train
ZrO2-002729,ZrO2,OZr,95,train
Li3PO4-004740,Li3PO4,LiOP,32,train
ZrO2-000861,ZrO2,OZr,96,train
ZrO2-007225,ZrO2,OZr,95,train
ZrO2-007537,ZrO2,OZr,95,train
Li3PO4-001772,Li3PO4,LiOP,32,train
Li3PO4-017013,Li3PO4,LiOP,61,train
Li3PO4-015684,Li3PO4,LiOP,61,train
Li3PO4-005150,Li3PO4,LiOP,32,train
ZrO2-006292,ZrO2,OZr,95,train
Li3PO4-000145,Li3PO4,LiOP,32,train
Li3PO4-002717,Li3PO4,LiOP,32,train
Li3PO4-007389,Li3PO4,LiOP,32,train
Li3PO4-002213,Li3PO4,LiOP,32,train
Li3PO4-012589,Li3PO4,LiOP,31,train
Li3PO4-013959,Li3PO4,LiOP,61,train
Li3PO4-008925,Li3PO4,LiOP,31,train
Li3PO4-010048,Li3PO4,LiOP,31,train
Li3PO4-002613,Li3PO4,LiOP,32,train
Li3PO4-012741,Li3PO4,LiOP,31,train
Li3PO4-003997,Li3PO4,LiOP,32,train
Li3PO4-010668,Li3PO4,LiOP,31,train
Li3PO4-017743,Li3PO4,LiOP,61,train
ZrO2-001480,ZrO2,OZr,96,train
Li3PO4-008790,Li3PO4,LiOP,31,train
Li3PO4-011465,Li3PO4,LiOP,31,train
ZrO2-002209,ZrO2,OZr,95,train
Li3PO4-007086,Li3PO4,LiOP,32,train
ZrO2-009990,ZrO2,OZr,48,train
Li3PO4-011115,Li3PO4,LiOP,31,train
ZrO2-005092,ZrO2,OZr,47,train
perovskite-000218,perovskite,BaHfOSr,20,train
Li3PO4-015485,Li3PO4,LiOP,61,train
Li3PO4-014701,Li3PO4,LiOP,61,train
Li3PO4-013890,Li3PO4,LiOP,61,train
perovskite-000408,perovskite,CaOPbSrTiZr,20,train
ZrO2-001431,ZrO2,OZr,96,train
Li3PO4-007482,Li3PO4,LiOP,32,train
Li3PO4-009767,Li3PO4,LiOP,31,train
Li3PO4-004697,Li3PO4,LiOP,32,train
Li3PO4-015353,Li3PO4,LiOP,61,train
Li3PO4-016988,Li3PO4,LiOP,61,train
Li3PO4-015967,Li3PO4,LiOP,61,train
Li3PO4-001642,Li3PO4,LiOP,32,train
Li3PO4-017418,Li3PO4,LiOP,61,train
Li3PO4-014298,Li3PO4,LiOP,61,train
Li3PO4-013721,Li3PO4,LiOP,61,train
perovskite-000023,perovskite,BaCaOPbSrZr,20,train
Li3PO4-014410,Li3PO4,LiOP,61,train
Li3PO4-013358,Li3PO4,LiOP,61,train
ZrO2-003956,ZrO2,OZr,47,train
Li3PO4-003303,Li3PO4,LiOP,32,train
Li3PO4-015069,Li3PO4,LiOP,61,train
Li3PO4-003290,Li3PO4,LiOP,32,train
ZrO2-006524,ZrO2,OZr,95,train
Li3PO4-009514,Li3PO4,LiOP,31,train
Li3PO4-014299,Li3PO4,LiOP,61,train
Li3PO4-003947,Li3PO4,LiOP,32,train
Li3PO4-008073,Li3PO4,LiOP,31,train
ZrO2-007480,ZrO2,OZr,95,train
ZrO2-002875,ZrO2,OZr,95,train
ZrO2-008969,ZrO2,OZr,48,train
Li3PO4-007779,Li3PO4,LiOP,32,train
Li3PO4-014550,Li3PO4,LiOP,61,train
ZrO2-008396,ZrO2,OZr,48,train
Li3PO4-014557,Li3PO4,LiOP,61,train
Li3PO4-015540,Li3PO4,LiOP,61,train
Li3PO4-008764,Li3PO4,LiOP,31,train
ZrO2-000052,ZrO2,OZr,96,train
ZrO2-009446,ZrO2,OZr,48,train
ZrO2-009894,ZrO2,OZr,48,train
Li3PO4-008466,Li3PO4,LiOP,31,train
ZrO2-009897,ZrO2,OZr,48,train
Li3PO4-014541,Li3PO4,LiOP,61,train
ZrO2-001353,ZrO2,OZr,96,train
Li3PO4-014716,Li3PO4,LiOP,61,train
ZrO2-003795,ZrO2,OZr,47,train
ZrO2-009141,ZrO2,OZr,48,train
ZrO2-008323,ZrO2,OZr,48,train
Li3PO4-014839,Li3PO4,LiOP,61,train
ZrO2-007671,ZrO2,OZr,95,train
ZrO2-005526,ZrO2,OZr,47,train
Li3PO4-010784,Li3PO4,LiOP,31,train
ZrO2-007986,ZrO2,OZr,95,train
Li3PO4-009451,Li3PO4,LiOP,31,train
Li3PO4-009198,Li3PO4,LiOP,31,train
Li3PO4-012555,Li3PO4,LiOP,31,train
Li3PO4-014289,Li3PO4,LiOP,61,train
ZrO2-008308,ZrO2,OZr,48,train
ZrO2-004325,ZrO2,OZr,47,train
ZrO2-002570,ZrO2,OZr,95,train
ZrO2-006626,ZrO2,OZr,95,train
ZrO2-001108,ZrO2,OZr,96,train
ZrO2-000037,ZrO2,OZr,96,train
Li3PO4-003499,Li3PO4,LiOP,32,train
ZrO2-006193,ZrO2,OZr,95,train
Li3PO4-003298,Li3PO4,LiOP,32,train
Li3PO4-017988,Li3PO4,LiOP,61,train
Li3PO4-009876,Li3PO4,LiOP,31,train
Li3PO4-002483,Li3PO4,LiOP,32,train
Li3PO4-014293,Li3PO4,LiOP,61,train
perovskite-000668,perovskite,BaCaHfOPbTiZr,20,train
Li3PO4-002464,Li3PO4,LiOP,32,train
Li3PO4-006164,Li3PO4,LiOP,32,train
Li3PO4-001697,Li3PO4,LiOP,32,train
Li3PO4-014600,Li3PO4,LiOP,61,train
Li3PO4-003433,Li3PO4,LiOP,32,train
ZrO2-008075,ZrO2,OZr,95,train
Li3PO4-017352,Li3PO4,LiOP,61,train
perovskite-000812,perovskite,BaCaHfOPbTiZr,20,train
ZrO2-008167,ZrO2,OZr,48,train
Li3PO4-013256,Li3PO4,LiOP,61,train
Li3PO4-016094,Li3PO4,LiOP,61,train
Li3PO4-016425,Li3PO4,LiOP,61,train
Li3PO4-003500,Li3PO4,LiOP,32,train
ZrO2-000877,ZrO2,OZr,96,train
Li3PO4-012988,Li3PO4,LiOP,31,train
ZrO2-007314,ZrO2,OZr,95,train
ZrO2-001987,ZrO2,OZr,95,train
Li3PO4-009963,Li3PO4,LiOP,31,train
Li3PO4-015711,Li3PO4,LiOP,61,train
Li3PO4-007959,Li3PO4,LiOP,32,train
Li3PO4-016352,Li3PO4,LiOP,61,train
Li3PO4-003056,Li3PO4,LiOP,32,train
Li3PO4-012643,Li3PO4,LiOP,31,train
ZrO2-000023,ZrO2,OZr,96,train
Li3PO4-011780,Li3PO4,LiOP,31,train
ZrO2-006823,ZrO2,OZr,95,train
Li3PO4-003580,Li3PO4,LiOP,32,train
Li3PO4-007249,Li3PO4,LiOP,32,train
ZrO2-002163,ZrO2,OZr,95,train
Li3PO4-011935,Li3PO4,LiOP,31,train
ZrO2-002845,ZrO2,OZr,95,train
ZrO2-004411,ZrO2,OZr,47,train
Li3PO4-004023,Li3PO4,LiOP,32,train
ZrO2-006676,ZrO2,OZr,95,train
Li3PO4-005614,Li3PO4,LiOP,32,train
ZrO2-009574,ZrO2,OZr,48,train
ZrO2-007218,ZrO2,OZr,95,train
ZrO2-006617,ZrO2,OZr,95,train
Li3PO4-014140,Li3PO4,LiOP,61,train
perovskite-000457,perovskite,BaCaHfOPbTiZr,20,train
ZrO2-003978,ZrO2,OZr,47,train
Li3PO4-006310,Li3PO4,LiOP,32,train
Li3PO4-005401,Li3PO4,LiOP,32,train
ZrO2-002308,ZrO2,OZr,95,train
ZrO2-009319,ZrO2,OZr,48,train
Li3PO4-017090,Li3PO4,LiOP,61,train
Li3PO4-011978,Li3PO4,LiOP,31,train
Li3PO4-017917,Li3PO4,LiOP,61,train
Li3PO4-008272,Li3PO4,LiOP,31,train
ZrO2-001110,ZrO2,OZr,96,train
Li3PO4-014051,Li3PO4,LiOP,61,train
Li3PO4-004157,Li3PO4,LiOP,32,train
Li3PO4-010133,Li3PO4,LiOP,31,train
Li3PO4-002365,Li3PO4,LiOP,32,train
ZrO2-006698,ZrO2,OZr,95,train
Li3PO4-002207,Li3PO4,LiOP,32,train
Li3PO4-016871,Li3PO4,LiOP,61,train
Li3PO4-001630,Li3PO4,LiOP,32,train
ZrO2-006710,ZrO2,OZr,95,train
ZrO2-006566,ZrO2,OZr,95,train
Li3PO4-001260,Li3PO4,LiOP,32,train
Li3PO4-003979,Li3PO4,LiOP,32,train
Li3PO4-015680,Li3PO4,LiOP,61,train
Li3PO4-016079,Li3PO4,LiOP,61,train
Li3PO4-013195,Li3PO4,LiOP,61,train
ZrO2-007865,ZrO2,OZr,95,train
ZrO2-005327,ZrO2,OZr,47,train
Li3PO4-006176,Li3PO4,LiOP,32,train
Li3PO4-008342,Li3PO4,LiOP,31,train
ZrO2-006007,ZrO2,OZr,95,train
perovskite-001012,perovskite,BaCaHfOPbSrTiZr,20,train
ZrO2-009426,ZrO2,OZr,48,train
Li3PO4-012936,Li3PO4,LiOP,31,train
Li3PO4-006611,Li3PO4,LiOP,32,train
Li3PO4-009517,Li3PO4,LiOP,31,train
Li3PO4-003781,Li3PO4,LiOP,32,train
Li3PO4-000747,Li3PO4,LiOP,32,train
Li3PO4-010549,Li3PO4,LiOP,31,train
Li3PO4-014326,Li3PO4,LiOP,61,train
Li3PO4-010243,Li3PO4,LiOP,31,train
Li3PO4-000531,Li3PO4,LiOP,32,train
Li3PO4-004244,Li3PO4,LiOP,32,train
Li3PO4-008492,Li3PO4,LiOP,31,train
ZrO2-002396,ZrO2,OZr,95,train
Li3PO4-008074,Li3PO4,LiOP,31,train
Li3PO4-016769,Li3PO4,LiOP,61,train
Li3PO4-010085,Li3PO4,LiOP,31,train
Li3PO4-001381,Li3PO4,LiOP,32,train
Li3PO4-016195,Li3PO4,LiOP,61,train
ZrO2-004539,ZrO2,OZr,47,train
Li3PO4-004841,Li3PO4,LiOP,32,train
Li3PO4-006919,Li3PO4,LiOP,32,train
Li3PO4-014958,Li3PO4,LiOP,61,train
Li3PO4-010132,Li3PO4,LiOP,31,train
Li3PO4-006072,Li3PO4,LiOP,32,train
Li3PO4-011252,Li3PO4,LiOP,31,train
Li3PO4-000276,Li3PO4,LiOP,32,train
ZrO2-007134,ZrO2,OZr,95,train
Li3PO4-007741,Li3PO4,LiOP,32,train
Li3PO4-012471,Li3PO4,LiOP,31,train
ZrO2-005337,ZrO2,OZr,47,train
ZrO2-000720,ZrO2,OZr,96,train
ZrO2-001669,ZrO2,OZr,96,train
Li3PO4-013331,Li3PO4,LiOP,61,train
ZrO2-000778,ZrO2,OZr,96,train
Li3PO4-016661,Li3PO4,LiOP,61,train
Li3PO4-011440,Li3PO4,LiOP,31,train
Li3PO4-012578,Li3PO4,LiOP,31,train
Li3PO4-006792,Li3PO4,LiOP,32,train
Li3PO4-007950,Li3PO4,LiOP,32,train
ZrO2-008069,ZrO2,OZr,95,train
Li3PO4-000455,Li3PO4,LiOP,32,train
perovskite-000416,perovskite,CaHfOPbSrTiZr,20,train
ZrO2-005352,ZrO2,OZr,47,train
perovskite-000651,perovskite,CaHfOPbSrTi,20,train
Li3PO4-005316,Li3PO4,LiOP,32,train
Li3PO4-009895,Li3PO4,LiOP,31,train
Li3PO4-004202,Li3PO4,LiOP,32,train
Li3PO4-015134,Li3PO4,LiOP,61,train
Li3PO4-006654,Li3PO4,LiOP,32,train
Li3PO4-006687,Li3PO4,LiOP,32,train
ZrO2-005010,ZrO2,OZr,47,train
Li3PO4-009080,Li3PO4,LiOP,31,train
Li3PO4-010994,Li3PO4,LiOP,31,train
ZrO2-008276,ZrO2,OZr,48,train
Li3PO4-001793,Li3PO4,LiOP,32,train
Li3PO4-010353,Li3PO4,LiOP,31,train
Li3PO4-001228,Li3PO4,LiOP,32,train
Li3PO4-008208,Li3PO4,LiOP,31,train
perovskite-000701,perovskite,CaHfOPbTiZr,20,train
ZrO2-009419,ZrO2,OZr,48,train
Li3PO4-004037,Li3PO4,LiOP,32,train
Li3PO4-017482,Li3PO4,LiOP,61,train
ZrO2-007346,ZrO2,OZr,95,train
ZrO2-007597,ZrO2,OZr,95,train
Li3PO4-000271,Li3PO4,LiOP,32,train
Li3PO4-005424,Li3PO4,LiOP,32,train
ZrO2-005912,ZrO2,OZr,95,train
Li3PO4-008512,Li3PO4,LiOP,31,train
Li3PO4-015321,Li3PO4,LiOP,61,train
Li3PO4-017044,Li3PO4,LiOP,61,train
Li3PO4-013936,Li3PO4,LiOP,61,train
Li3PO4-003862,Li3PO4,LiOP,32,train
ZrO2-006982,ZrO2,OZr,95,train
Li3PO4-013005,Li3PO4,LiOP,61,train
ZrO2-007486,ZrO2,OZr,95,train
Li3PO4-009899,Li3PO4,LiOP,31,train
Li3PO4-002058,Li3PO4,LiOP,32,train
Li3PO4-017904,Li3PO4,LiOP,61,train
Li3PO4-001925,Li3PO4,LiOP,32,train
Li3PO4-008535,Li3PO4,LiOP,31,train
Li3PO4-017562,Li3PO4,LiOP,61,train
Li3PO4-001342,Li3PO4,LiOP,32,train
ZrO2-009837,ZrO2,OZr,48,train
Li3PO4-013829,Li3PO4,LiOP,61,train
Li3PO4-002751,Li3PO4,LiOP,32,train
Li3PO4-010938,Li3PO4,LiOP,31,train
Li3PO4-006681,Li3PO4,LiOP,32,train
Li3PO4-007206,Li3PO4,LiOP,32,train
perovskite-000335,perovskite,BaCaOTiZr,20,train
Li3PO4-011530,Li3PO4,LiOP,31,train
Li3PO4-016691,Li3PO4,LiOP,61,train
ZrO2-001150,ZrO2,OZr,96,train
ZrO2-008592,ZrO2,OZr,48,train
Li3PO4-008498,Li3PO4,LiOP,31,train
Li3PO4-002595,Li3PO4,LiOP,32,train
Li3PO4-016192,Li3PO4,LiOP,61,train
Li3PO4-001846,Li3PO4,LiOP,32,train
Li3PO4-004791,Li3PO4,LiOP,32,train
ZrO2-005383,ZrO2,OZr,47,train
Li3PO4-006429,Li3PO4,LiOP,32,train
Li3PO4-001024,Li3PO4,LiOP,32,train
Li3PO4-014083,Li3PO4,LiOP,61,train
Li3PO4-000372,Li3PO4,LiOP,32,train
ZrO2-003021,ZrO2,OZr,95,train
ZrO2-002686,ZrO2,OZr,95,train
Li3PO4-000172,Li3PO4,LiOP,32,train
ZrO2-002481,ZrO2,OZr,95,train
ZrO2-009333,ZrO2,OZr,48,train
ZrO2-000000,ZrO2,OZr,96,train
Li3PO4-004229,Li3PO4,LiOP,32,train
Li3PO4-013766,Li3PO4,LiOP,61,train
perovskite-000638,perovskite,CaOPbSrTiZr,20,train
ZrO2-003480,ZrO2,OZr,95,train
ZrO2-009075,ZrO2,OZr,48,train
ZrO2-008374,ZrO2,OZr,48,train
Li3PO4-001267,Li3PO4,LiOP,32,train
Li3PO4-000890,Li3PO4,LiOP,32,train
ZrO2-001463,ZrO2,OZr,96,train
ZrO2-009528,ZrO2,OZr,48,train
Li3PO4-004962,Li3PO4,LiOP,32,train
Li3PO4-004635,Li3PO4,LiOP,32,train
ZrO2-003906,ZrO2,OZr,47,train
Li3PO4-001384,Li3PO4,LiOP,32,train
Li3PO4-016453,Li3PO4,LiOP,61,train
Li3PO4-003345,Li3PO4,LiOP,32,train
ZrO2-003597,ZrO2,OZr,47,train
Li3PO4-000028,Li3PO4,LiOP,32,train
Li3PO4-017955,Li3PO4,LiOP,61,train
ZrO2-002760,ZrO2,OZr,95,train
ZrO2-003041,ZrO2,OZr,95,train
Li3PO4-013693,Li3PO4,LiOP,61,train
Li3PO4-001882,Li3PO4,LiOP,32,train
ZrO2-002157,ZrO2,OZr,95,train
ZrO2-006232,ZrO2,OZr,95,train
ZrO2-008795,ZrO2,OZr,48,train
Li3PO4-012766,Li3PO4,LiOP,31,train
ZrO2-002410,ZrO2,OZr,95,train
Li3PO4-009749,Li3PO4,LiOP,31,train
Li3PO4-001211,Li3PO4,LiOP,32,train
Li3PO4-011495,Li3PO4,LiOP,31,train
ZrO2-008028,ZrO2,OZr,95,train
ZrO2-001243,ZrO2,OZr,96,train
ZrO2-002298,ZrO2,OZr,95,train
Li3PO4-000210,Li3PO4,LiOP,32,train
Li3PO4-004960,Li3PO4,LiOP,32,train
ZrO2-007604,ZrO2,OZr,95,train
Li3PO4-012255,Li3PO4,LiOP,31,train
Li3PO4-005567,Li3PO4,LiOP,32,train
Li3PO4-009158,Li3PO4,LiOP,31,train
Li3PO4-009046,Li3PO4,LiOP,31,train
Li3PO4-004634,Li3PO4,LiOP,32,train
ZrO2-001392,ZrO2,OZr,96,train
Li3PO4-003435,Li3PO4,LiOP,32,train
ZrO2-002063,ZrO2,OZr,95,train
ZrO2-001414,ZrO2,OZr,96,train
Li3PO4-009307,Li3PO4,LiOP,31,train
Li3PO4-007050,Li3PO4,LiOP,32,train
ZrO2-001099,ZrO2,OZr,96,train
Li3PO4-001767,Li3PO4,LiOP,32,train
ZrO2-003468,ZrO2,OZr,95,train
ZrO2-005458,ZrO2,OZr,47,train
Li3PO4-005978,Li3PO4,LiOP,32,train
Li3PO4-014515,Li3PO4,LiOP,61,train
ZrO2-008875,ZrO2,OZr,48,train
Li3PO4-001776,Li3PO4,LiOP,32,train
Li3PO4-002906,Li3PO4,LiOP,32,train
ZrO2-000667,ZrO2,OZr,96,train
Li3PO4-016895,Li3PO4,LiOP,61,train
Li3PO4-015254,Li3PO4,LiOP,61,train
Li3PO4-015808,Li3PO4,LiOP,61,train
Li3PO4-004745,Li3PO4,LiOP,32,train
ZrO2-002198,ZrO2,OZr,95,train
Li3PO4-011328,Li3PO4,LiOP,31,train
Li3PO4-004934,Li3PO4,LiOP,32,train
Li3PO4-011124,Li3PO4,LiOP,31,train
ZrO2-001655,ZrO2,OZr,96,train
Li3PO4-011747,Li3PO4,LiOP,31,train
Li3PO4-007111,Li3PO4,LiOP,32,train
Li3PO4-014782,Li3PO4,LiOP,61,train
Li3PO4-002044,Li3PO4,LiOP,32,train
ZrO2-004592,ZrO2,OZr,47,train
ZrO2-006117,ZrO2,OZr,95,train
Li3PO4-005209,Li3PO4,LiOP,32,train
Li3PO4-008930,Li3PO4,LiOP,31,train
ZrO2-002053,ZrO2,OZr,95,train
Li3PO4-007866,Li3PO4,LiOP,32,train
Li3PO4-013708,Li3PO4,LiOP,61,train
ZrO2-008009,ZrO2,OZr,95,train
Li3PO4-011622,Li3PO4,LiOP,31,train
ZrO2-004197,ZrO2,OZr,47,train
Li3PO4-009797,Li3PO4,LiOP,31,train
Li3PO4-009182,Li3PO4,LiOP,31,train
Li3PO4-000096,Li3PO4,LiOP,32,train
Li3PO4-006468,Li3PO4,LiOP,32,train
Li3PO4-003953,Li3PO4,LiOP,32,train
Li3PO4-001178,Li3PO4,LiOP,32,train
perovskite-000616,perovskite,CaOPbSrTiZr,20,train
Li3PO4-009559,Li3PO4,LiOP,31,train
Li3PO4-008584,Li3PO4,LiOP,31,train
Li3PO4-003115,Li3PO4,LiOP,32,train
ZrO2-003280,ZrO2,OZr,95,train
Li3PO4-000006,Li3PO4,LiOP,32,train
ZrO2-000213,ZrO2,OZr,96,train
Li3PO4-004558,Li3PO4,LiOP,32,train
Li3PO4-011082,Li3PO4,LiOP,31,train
Li3PO4-003477,Li3PO4,LiOP,32,train
Li3PO4-007190,Li3PO4,LiOP,32,train
Li3PO4-014369,Li3PO4,LiOP,61,train
ZrO2-000007,ZrO2,OZr,96,train
perovskite-000531,perovskite,BaCaHfOSrTiZr,20,train
Li3PO4-014602,Li3PO4,LiOP,61,train
Li3PO4-007102,Li3PO4,LiOP,32,train
ZrO2-009383,ZrO2,OZr,48,train
Li3PO4-012121,Li3PO4,LiOP,31,train
ZrO2-001983,ZrO2,OZr,95,train
ZrO2-004623,ZrO2,OZr,47,train
Li3PO4-014646,Li3PO4,LiOP,61,train
Li3PO4-001806,Li3PO4,LiOP,32,train
Li3PO4-004810,Li3PO4,LiOP,32,train
ZrO2-002131,ZrO2,OZr,95,train
Li3PO4-016898,Li3PO4,LiOP,61,train
ZrO2-001638,ZrO2,OZr,96,train
Li3PO4-006357,Li3PO4,LiOP,32,train
ZrO2-009503,ZrO2,OZr,48,train
ZrO2-008997,ZrO2,OZr,48,train
Li3PO4-008126,Li3PO4,LiOP,31,train
ZrO2-004578,ZrO2,OZr,47,train
Li3PO4-006064,Li3PO4,LiOP,32,train
Li3PO4-002924,Li3PO4,LiOP,32,train
ZrO2-007650,ZrO2,OZr,95,train
Li3PO4-008368,Li3PO4,LiOP,31,train
Li3PO4-009061,Li3PO4,LiOP,31,train
Li3PO4-016223,Li3PO4,LiOP,61,train
ZrO2-005690,ZrO2,OZr,95,train
Li3PO4-009751,Li3PO4,LiOP,31,train
Li3PO4-003252,Li3PO4,LiOP,32,train
perovskite-000175,perovskite,CaHfOPbSr,20,train
Li3PO4-000921,Li3PO4,LiOP,32,train
Li3PO4-012416,Li3PO4,LiOP,31,train
Li3PO4-009417,Li3PO4,LiOP,31,train
Li3PO4-005804,Li3PO4,LiOP,32,train
ZrO2-001706,ZrO2,OZr,96,train
Li3PO4-014724,Li3PO4,LiOP,61,train
Li3PO4-001807,Li3PO4,LiOP,32,train
Li3PO4-007456,Li3PO4,LiOP,32,train
Li3PO4-013234,Li3PO4,LiOP,61,train
Li3PO4-015797,Li3PO4,LiOP,61,train
ZrO2-005193,ZrO2,OZr,47,train
Li3PO4-010169,Li3PO4,LiOP,31,train
ZrO2-007289,ZrO2,OZr,95,train
Li3PO4-012830,Li3PO4,LiOP,31,train
ZrO2-002429,ZrO2,OZr,95,train
ZrO2-001295,ZrO2,OZr,96,train
ZrO2-001923,ZrO2,OZr,96,train
ZrO2-008580,ZrO2,OZr,48,train
Li3PO4-010418,Li3PO4,LiOP,31,train
Li3PO4-016011,Li3PO4,LiOP,61,train
ZrO2-005424,ZrO2,OZr,47,train
Li3PO4-005988,Li3PO4,LiOP,32,train
Li3PO4-005915,Li3PO4,LiOP,32,train
Li3PO4-012414,Li3PO4,LiOP,31,train
Li3PO4-003832,Li3PO4,LiOP,32,train
ZrO2-005871,ZrO2,OZr,95,train
Li3PO4-006050,Li3PO4,LiOP,32,train
ZrO2-006544,ZrO2,OZr,95,train
ZrO2-000350,ZrO2,OZr,96,train
ZrO2-005591,ZrO2,OZr,95,train
ZrO2-000125,ZrO2,OZr,96,train
Li3PO4-011942,Li3PO4,LiOP,31,train
ZrO2-006507,ZrO2,OZr,95,train
Li3PO4-005576,Li3PO4,LiOP,32,train
Li3PO4-001717,Li3PO4,LiOP,32,train
ZrO2-003847,ZrO2,OZr,47,train
ZrO2-004903,ZrO2,OZr,47,train
ZrO2-001999,ZrO2,OZr,95,train
Li3PO4-004511,Li3PO4,LiOP,32,train
perovskite-000265,perovskite,CaHfOPbTiZr,20,train
Li3PO4-003542,Li3PO4,LiOP,32,train
Li3PO4-001750,Li3PO4,LiOP,32,train
Li3PO4-010080,Li3PO4,LiOP,31,train
ZrO2-006973,ZrO2,OZr,95,train
ZrO2-005726,ZrO2,OZr,95,train
ZrO2-004815,ZrO2,OZr,47,train
Li3PO4-003614,Li3PO4,LiOP,32,train
Li3PO4-013257,Li3PO4,LiOP,61,train
Li3PO4-013830,Li3PO4,LiOP,61,train
ZrO2-009287,ZrO2,OZr,48,train
ZrO2-006529,ZrO2,OZr,95,train
Li3PO4-017163,Li3PO4,LiOP,61,train
ZrO2-004288,ZrO2,OZr,47,train
Li3PO4-016342,Li3PO4,LiOP,61,train
Li3PO4-000415,Li3PO4,LiOP,32,train
Li3PO4-011520,Li3PO4,LiOP,31,train
Li3PO4-013469,Li3PO4,LiOP,61,train
ZrO2-007632,ZrO2,OZr,95,train
Li3PO4-005522,Li3PO4,LiOP,32,train
ZrO2-007100,ZrO2,OZr,95,train
ZrO2-000903,ZrO2,OZr,96,train
Li3PO4-002731,Li3PO4,LiOP,32,train
ZrO2-006908,ZrO2,OZr,95,train
perovskite-000083,perovskite,CaOSrTi,20,train
Li3PO4-015991,Li3PO4,LiOP,61,train
Li3PO4-001409,Li3PO4,LiOP,32,train
ZrO2-005709,ZrO2,OZr,95,train
ZrO2-009579,ZrO2,OZr,48,train
Li3PO4-005383,Li3PO4,LiOP,32,train
ZrO2-002020,ZrO2,OZr,95,train
ZrO2-009566,ZrO2,OZr,48,train
ZrO2-003733,ZrO2,OZr,47,train
ZrO2-008708,ZrO2,OZr,48,train
ZrO2-005780,ZrO2,OZr,95,train
Li3PO4-017946,Li3PO4,LiOP,61,train
ZrO2-008431,ZrO2,OZr,48,train
Li3PO4-009442,Li3PO4,LiOP,31,train
ZrO2-007215,ZrO2,OZr,95,train
Li3PO4-016289,Li3PO4,LiOP,61,train
Li3PO4-011769,Li3PO4,LiOP,31,train
ZrO2-004133,ZrO2,OZr,47,train
Li3PO4-015920,Li3PO4,LiOP,61,train
Li3PO4-002871,Li3PO4,LiOP,32,train
Li3PO4-013546,Li3PO4,LiOP,61,train
ZrO2-000606,ZrO2,OZr,96,train
Li3PO4-005646,Li3PO4,LiOP,32,train
ZrO2-007130,ZrO2,OZr,95,train
Li3PO4-008435,Li3PO4,LiOP,31,train
Li3PO4-011318,Li3PO4,LiOP,31,train
Li3PO4-017206,Li3PO4,LiOP,61,train
ZrO2-001795,ZrO2,OZr,96,train
Li3PO4-009811,Li3PO4,LiOP,31,train
ZrO2-005130,ZrO2,OZr,47,train
Li3PO4-015690,Li3PO4,LiOP,61,train
ZrO2-000009,ZrO2,OZr,96,train
Li3PO4-007240,Li3PO4,LiOP,32,train
Li3PO4-011506,Li3PO4,LiOP,31,train
ZrO2-005546,ZrO2,OZr,47,train
Li3PO4-004505,Li3PO4,LiOP,32,train
Li3PO4-010119,Li3PO4,LiOP,31,train
Li3PO4-003489,Li3PO4,LiOP,32,train
Li3PO4-000223,Li3PO4,LiOP,32,train
perovskite-000424,perovskite,CaHfOPbSrTiZr,20,train
Li3PO4-006918,Li3PO4,LiOP,32,train
Li3PO4-010367,Li3PO4,LiOP,31,train
Li3PO4-012046,Li3PO4,LiOP,31,train
Li3PO4-005828,Li3PO4,LiOP,32,train
Li3PO4-012867,Li3PO4,LiOP,31,train
Li3PO4-002879,Li3PO4,LiOP,32,train
Li3PO4-015469,Li3PO4,LiOP,61,train
perovskite-000809,perovskite,BaCaOPbTiZr,20,train
ZrO2-007183,ZrO2,OZr,95,train
Li3PO4-002366,Li3PO4,LiOP,32,train
Li3PO4-004339,Li3PO4,LiOP,32,train
ZrO2-006752,ZrO2,OZr,95,train
ZrO2-002117,ZrO2,OZr,95,train
Li3PO4-014643,Li3PO4,LiOP,61,train
Li3PO4-012723,Li3PO4,LiOP,31,train
Li3PO4-006286,Li3PO4,LiOP,32,train
ZrO2-001901,ZrO2,OZr,96,train
Li3PO4-008728,Li3PO4,LiOP,31,train
ZrO2-009100,ZrO2,OZr,48,train
Li3PO4-001105,Li3PO4,LiOP,32,train
Li3PO4-009643,Li3PO4,LiOP,31,train
Li3PO4-009041,Li3PO4,LiOP,31,train
ZrO2-004810,ZrO2,OZr,47,train
Li3PO4-007993,Li3PO4,LiOP,32,train
ZrO2-008156,ZrO2,OZr,48,train
perovskite-000714,perovskite,CaHfOPbTi,20,train
ZrO2-001995,ZrO2,OZr,95,train
Li3PO4-017290,Li3PO4,LiOP,61,train
ZrO2-004828,ZrO2,OZr,47,train
ZrO2-006577,ZrO2,OZr,95,train
ZrO2-001324,ZrO2,OZr,96,train
Li3PO4-002499,Li3PO4,LiOP,32,train
Li3PO4-007005,Li3PO4,LiOP,32,train
ZrO2-000705,ZrO2,OZr,96,train
ZrO2-006334,ZrO2,OZr,95,train
ZrO2-008529,ZrO2,OZr,48,train
Li3PO4-006657,Li3PO4,LiOP,32,train
Li3PO4-017032,Li3PO4,LiOP,61,train
Li3PO4-001094,Li3PO4,LiOP,32,train
ZrO2-002364,ZrO2,OZr,95,train
ZrO2-006214,ZrO2,OZr,95,train
Li3PO4-005971,Li3PO4,LiOP,32,train
Li3PO4-015642,Li3PO4,LiOP,61,train
ZrO2-001384,ZrO2,OZr,96,train
ZrO2-009675,ZrO2,OZr,48,train
Li3PO4-009738,Li3PO4,LiOP,31,train
Li3PO4-000908,Li3PO4,LiOP,32,train
ZrO2-006466,ZrO2,OZr,95,train
ZrO2-001904,ZrO2,OZr,96,train
Li3PO4-003367,Li3PO4,LiOP,32,train
Li3PO4-003849,Li3PO4,LiOP,32,train
ZrO2-007968,ZrO2,OZr,95,train
Li3PO4-014639,Li3PO4,LiOP,61,train
Li3PO4-009278,Li3PO4,LiOP,31,train
Li3PO4-011843,Li3PO4,LiOP,31,train
Li3PO4-001398,Li3PO4,LiOP,32,train
Li3PO4-017513,Li3PO4,LiOP,61,train
ZrO2-008537,ZrO2,OZr,48,train
Li3PO4-007391,Li3PO4,LiOP,32,train
ZrO2-005375,ZrO2,OZr,47,train
ZrO2-000623,ZrO2,OZr,96,train
Li3PO4-015550,Li3PO4,LiOP,61,train
Li3PO4-000352,Li3PO4,LiOP,32,train
ZrO2-000964,ZrO2,OZr,96,train
Li3PO4-004525,Li3PO4,LiOP,32,train
Li3PO4-008687,Li3PO4,LiOP,31,train
ZrO2-000074,ZrO2,OZr,96,train
Li3PO4-015160,Li3PO4,LiOP,61,train
Li3PO4-008122,Li3PO4,LiOP,31,train
ZrO2-001557,ZrO2,OZr,96,train
Li3PO4-012023,Li3PO4,LiOP,31,train
ZrO2-007351,ZrO2,OZr,95,train
Li3PO4-012836,Li3PO4,LiOP,31,train
ZrO2-008138,ZrO2,OZr,48,train
Li3PO4-007496,Li3PO4,LiOP,32,train
ZrO2-009903,ZrO2,OZr,48,train
Li3PO4-016943,Li3PO4,LiOP,61,train
Li3PO4-003964,Li3PO4,LiOP,32,train
Li3PO4-005707,Li3PO4,LiOP,32,train
Li3PO4-013015,Li3PO4,LiOP,61,train
Li3PO4-001532,Li3PO4,LiOP,32,train
ZrO2-004388,ZrO2,OZr,47,train
Li3PO4-011445,Li3PO4,LiOP,31,train
Li3PO4-006548,Li3PO4,LiOP,32,train
Li3PO4-007610,Li3PO4,LiOP,32,train
Li3PO4-016269,Li3PO4,LiOP,61,train
Li3PO4-012332,Li3PO4,LiOP,31,train
ZrO2-000562,ZrO2,OZr,96,train
ZrO2-003939,ZrO2,OZr,47,train
Li3PO4-002159,Li3PO4,LiOP,32,train
Li3PO4-011402,Li3PO4,LiOP,31,train
ZrO2-006291,ZrO2,OZr,95,train
ZrO2-008285,ZrO2,OZr,48,train
Li3PO4-005660,Li3PO4,LiOP,32,train
Li3PO4-017844,Li3PO4,LiOP,61,train
Li3PO4-013056,Li3PO4,LiOP,61,train
Li3PO4-016518,Li3PO4,LiOP,61,train
ZrO2-000219,ZrO2,OZr,96,train
ZrO2-005646,ZrO2,OZr,95,train
Li3PO4-004282,Li3PO4,LiOP,32,train
ZrO2-007022,ZrO2,OZr,95,train
ZrO2-006032,ZrO2,OZr,95,train
ZrO2-004641,ZrO2,OZr,47,train
Li3PO4-013880,Li3PO4,LiOP,61,train
Li3PO4-014271,Li3PO4,LiOP,61,train
Li3PO4-008966,Li3PO4,LiOP,31,train
ZrO2-004704,ZrO2,OZr,47,train
ZrO2-000609,ZrO2,OZr,96,train
Li3PO4-009971,Li3PO4,LiOP,31,train
Li3PO4-015156,Li3PO4,LiOP,61,train
Li3PO4-008599,Li3PO4,LiOP,31,train
Li3PO4-016040,Li3PO4,LiOP,61,train
Li3PO4-015972,Li3PO4,LiOP,61,train
ZrO2-003648,ZrO2,OZr,47,train
Li3PO4-014108,Li3PO4,LiOP,61,train
ZrO2-009105,ZrO2,OZr,48,train
Li3PO4-001190,Li3PO4,LiOP,32,train
ZrO2-000248,ZrO2,OZr,96,train
Li3PO4-008331,Li3PO4,LiOP,31,train
ZrO2-002009,ZrO2,OZr,95,train
Li3PO4-001521,Li3PO4,LiOP,32,train
Li3PO4-012994,Li3PO4,LiOP,61,train
perovskite-001026,perovskite,BaCaOPbTiZr,20,train
ZrO2-005468,ZrO2,OZr,47,train
ZrO2-002335,ZrO2,OZr,95,train
ZrO2-007170,ZrO2,OZr,95,train
perovskite-001174,perovskite,BaCaHfOPbZr,20,train
Li3PO4-017190,Li3PO4,LiOP,61,train
ZrO2-006310,ZrO2,OZr,95,train
Li3PO4-013743,Li3PO4,LiOP,61,train
Li3PO4-008038,Li3PO4,LiOP,31,train
Li3PO4-000741,Li3PO4,LiOP,32,train
Li3PO4-005806,Li3PO4,LiOP,32,train
ZrO2-008792,ZrO2,OZr,48,train
ZrO2-008799,ZrO2,OZr,48,train
Li3PO4-013934,Li3PO4,LiOP,61,train
Li3PO4-007000,Li3PO4,LiOP,32,train
ZrO2-001043,ZrO2,OZr,96,train
ZrO2-007141,ZrO2,OZr,95,train
Li3PO4-013166,Li3PO4,LiOP,61,train
perovskite-001197,perovskite,CaHfOSrTiZr,20,train
Li3PO4-011055,Li3PO4,LiOP,31,train
Li3PO4-017509,Li3PO4,LiOP,61,train
ZrO2-003353,ZrO2,OZr,95,train
ZrO2-004595,ZrO2,OZr,47,train
Li3PO4-007527,Li3PO4,LiOP,32,train
ZrO2-006784,ZrO2,OZr,95,train
ZrO2-005310,ZrO2,OZr,47,train
Li3PO4-006698,Li3PO4,LiOP,32,train
Li3PO4-004076,Li3PO4,LiOP,32,train
ZrO2-006994,ZrO2,OZr,95,train
ZrO2-005652,ZrO2,OZr,95,train
perovskite-000554,perovskite,BaCaHfOTiZr,20,train
Li3PO4-015651,Li3PO4,LiOP,61,train
Li3PO4-011839,Li3PO4,LiOP,31,train
Li3PO4-007723,Li3PO4,LiOP,32,train
ZrO2-000216,ZrO2,OZr,96,train
Li3PO4-004423,Li3PO4,LiOP,32,train
Li3PO4-009068,Li3PO4,LiOP,31,train
Li3PO4-001229,Li3PO4,LiOP,32,train
Li3PO4-011393,Li3PO4,LiOP,31,train
perovskite-001206,perovskite,CaHfOSrTi,20,train
Li3PO4-011686,Li3PO4,LiOP,31,train
Li3PO4-016593,Li3PO4,LiOP,61,train
Li3PO4-006106,Li3PO4,LiOP,32,train
Li3PO4-001154,Li3PO4,LiOP,32,train
Li3PO4-015003,Li3PO4,LiOP,61,train
ZrO2-007695,ZrO2,OZr,95,train
ZrO2-002624,ZrO2,OZr,95,train
perovskite-000264,perovskite,CaHfOPbTi,20,train
ZrO2-002516,ZrO2,OZr,95,train
Li3PO4-016394,Li3PO4,LiOP,61,train
ZrO2-005722,ZrO2,OZr,95,train
ZrO2-002958,ZrO2,OZr,95,train
Li3PO4-010824,Li3PO4,LiOP,31,train
ZrO2-009682,ZrO2,OZr,48,train
Li3PO4-014054,Li3PO4,LiOP,61,train
Li3PO4-016411,Li3PO4,LiOP,61,train
Li3PO4-008572,Li3PO4,LiOP,31,train
ZrO2-007608,ZrO2,OZr,95,train
Li3PO4-009377,Li3PO4,LiOP,31,train
ZrO2-002125,ZrO2,OZr,95,train
ZrO2-009052,ZrO2,OZr,48,train
Li3PO4-010455,Li3PO4,LiOP,31,train
ZrO2-002110,ZrO2,OZr,95,train
Li3PO4-009252,Li3PO4,LiOP,31,train
Li3PO4-017502,Li3PO4,LiOP,61,train
Li3PO4-005709,Li3PO4,LiOP,32,train
Li3PO4-014395,Li3PO4,LiOP,61,train
Li3PO4-013589,Li3PO4,LiOP,61,train
Li3PO4-011046,Li3PO4,LiOP,31,train
Li3PO4-001884,Li3PO4,LiOP,32,train
ZrO2-000348,ZrO2,OZr,96,train
Li3PO4-004892,Li3PO4,LiOP,32,train
Li3PO4-006987,Li3PO4,LiOP,32,train
ZrO2-007599,ZrO2,OZr,95,train
Li3PO4-002227,Li3PO4,LiOP,32,train
Li3PO4-008883,Li3PO4,LiOP,31,train
Li3PO4-001988,Li3PO4,LiOP,32,train
ZrO2-002995,ZrO2,OZr,95,train
ZrO2-009923,ZrO2,OZr,48,train
Li3PO4-000178,Li3PO4,LiOP,32,train
Li3PO4-007007,Li3PO4,LiOP,32,train
Li3PO4-017404,Li3PO4,LiOP,61,train
perovskite-000411,perovskite,CaHfOPbSrTiZr,20,train
perovskite-000820,perovskite,BaCaHfOPbTiZr,20,train
ZrO2-008550,ZrO2,OZr,48,train
Li3PO4-007916,Li3PO4,LiOP,32,train
ZrO2-003866,ZrO2,OZr,47,train
perovskite-000621,perovskite,CaHfOPbSrTi,20,train
ZrO2-008986,ZrO2,OZr,48,train
Li3PO4-007897,Li3PO4,LiOP,32,train
Li3PO4-016297,Li3PO4,LiOP,61,train
ZrO2-004351,ZrO2,OZr,47,train
ZrO2-009221,ZrO2,OZr,48,train
perovskite-000744,perovskite,CaHfOPbTi,20,train
ZrO2-001856,ZrO2,OZr,96,train
Li3PO4-004349,Li3PO4,LiOP,32,train
Li3PO4-007958,Li3PO4,LiOP,32,train
Li3PO4-016037,Li3PO4,LiOP,61,train
Li3PO4-000375,Li3PO4,LiOP,32,train
Li3PO4-012495,Li3PO4,LiOP,31,train
ZrO2-002064,ZrO2,OZr,95,train
ZrO2-005633,ZrO2,OZr,95,train
ZrO2-010050,ZrO2,OZr,48,train
Li3PO4-017787,Li3PO4,LiOP,61,train
ZrO2-005085,ZrO2,OZr,47,train
Li3PO4-007848,Li3PO4,LiOP,32,train
Li3PO4-015044,Li3PO4,LiOP,61,train
Li3PO4-010194,Li3PO4,LiOP,31,train
ZrO2-006182,ZrO2,OZr,95,train
Li3PO4-014896,Li3PO4,LiOP,61,train
Li3PO4-009943,Li3PO4,LiOP,31,train
Li3PO4-003208,Li3PO4,LiOP,32,train
Li3PO4-001150,Li3PO4,LiOP,32,train
ZrO2-000941,ZrO2,OZr,96,train
Li3PO4-009651,Li3PO4,LiOP,31,train
Li3PO4-017383,Li3PO4,LiOP,61,train
ZrO2-005493,ZrO2,OZr,47,train
Li3PO4-001653,Li3PO4,LiOP,32,train
ZrO2-000360,ZrO2,OZr,96,train
ZrO2-005827,ZrO2,OZr,95,train
Li3PO4-000568,Li3PO4,LiOP,32,train
Li3PO4-016123,Li3PO4,LiOP,61,train
Li3PO4-008482,Li3PO4,LiOP,31,train
Li3PO4-010941,Li3PO4,LiOP,31,train
Li3PO4-008340,Li3PO4,LiOP,31,train
Li3PO4-008427,Li3PO4,LiOP,31,train
ZrO2-001914,ZrO2,OZr,96,train
Li3PO4-004502,Li3PO4,LiOP,32,train
Li3PO4-006062,Li3PO4,LiOP,32,train
Li3PO4-017876,Li3PO4,LiOP,61,train
Li3PO4-017330,Li3PO4,LiOP,61,train
Li3PO4-002664,Li3PO4,LiOP,32,train
Li3PO4-001087,Li3PO4,LiOP,32,train
Li3PO4-003854,Li3PO4,LiOP,32,train
ZrO2-010097,ZrO2,OZr,48,train
Li3PO4-012237,Li3PO4,LiOP,31,train
Li3PO4-010568,Li3PO4,LiOP,31,train
Li3PO4-012176,Li3PO4,LiOP,31,train
Li3PO4-003718,Li3PO4,LiOP,32,train
ZrO2-000063,ZrO2,OZr,96,train
ZrO2-008583,ZrO2,OZr,48,train
Li3PO4-010508,Li3PO4,LiOP,31,train
Li3PO4-003509,Li3PO4,LiOP,32,train
ZrO2-003875,ZrO2,OZr,47,train
ZrO2-007779,ZrO2,OZr,95,train
Li3PO4-008078,Li3PO4,LiOP,31,train
Li3PO4-011178,Li3PO4,LiOP,31,train
Li3PO4-001825,Li3PO4,LiOP,32,train
ZrO2-005376,ZrO2,OZr,47,train
ZrO2-006074,ZrO2,OZr,95,train
Li3PO4-005468,Li3PO4,LiOP,32,train
Li3PO4-005735,Li3PO4,LiOP,32,train
Li3PO4-017438,Li3PO4,LiOP,61,train
Li3PO4-011137,Li3PO4,LiOP,31,train
Li3PO4-011793,Li3PO4,LiOP,31,train
Li3PO4-009074,Li3PO4,LiOP,31,train
Li3PO4-006890,Li3PO4,LiOP,32,train
ZrO2-001014,ZrO2,OZr,96,train
ZrO2-002977,ZrO2,OZr,95,train
ZrO2-002623,ZrO2,OZr,95,train
Li3PO4-007559,Li3PO4,LiOP,32,train
Li3PO4-012338,Li3PO4,LiOP,31,train
Li3PO4-004283,Li3PO4,LiOP,32,train
ZrO2-002478,ZrO2,OZr,95,train
ZrO2-006192,ZrO2,OZr,95,train
Li3PO4-008289,Li3PO4,LiOP,31,train
ZrO2-001347,ZrO2,OZr,96,train
Li3PO4-009107,Li3PO4,LiOP,31,train
Li3PO4-009458,Li3PO4,LiOP,31,train
ZrO2-000114,ZrO2,OZr,96,train
Li3PO4-014484,Li3PO4,LiOP,61,train
ZrO2-008421,ZrO2,OZr,48,train
Li3PO4-004119,Li3PO4,LiOP,32,train
Li3PO4-011020,Li3PO4,LiOP,31,train
ZrO2-008254,ZrO2,OZr,48,train
ZrO2-009182,ZrO2,OZr,48,train
Li3PO4-017018,Li3PO4,LiOP,61,train
Li3PO4-017076,Li3PO4,LiOP,61,train
Li3PO4-010361,Li3PO4,LiOP,31,train
Li3PO4-000431,Li3PO4,LiOP,32,train
Li3PO4-004850,Li3PO4,LiOP,32,train
ZrO2-006321,ZrO2,OZr,95,train
Li3PO4-013690,Li3PO4,LiOP,61,train
Li3PO4-007930,Li3PO4,LiOP,32,train
Li3PO4-008708,Li3PO4,LiOP,31,train
ZrO2-003548,ZrO2,OZr,95,train
Li3PO4-000339,Li3PO4,LiOP,32,train
ZrO2-000583,ZrO2,OZr,96,train
Li3PO4-013860,Li3PO4,LiOP,61,train
Li3PO4-003341,Li3PO4,LiOP,32,train
Li3PO4-012463,Li3PO4,LiOP,31,train
Li3PO4-009986,Li3PO4,LiOP,31,train
Li3PO4-010897,Li3PO4,LiOP,31,train
ZrO2-009017,ZrO2,OZr,48,train
Li3PO4-005218,Li3PO4,LiOP,32,train
Li3PO4-009556,Li3PO4,LiOP,31,train
Li3PO4-003972,Li3PO4,LiOP,32,train
Li3PO4-017808,Li3PO4,LiOP,61,train
Li3PO4-003535,Li3PO4,LiOP,32,train
Li3PO4-014546,Li3PO4,LiOP,61,train
ZrO2-005166,ZrO2,OZr,47,train
Li3PO4-014473,Li3PO4,LiOP,61,train
Li3PO4-005031,Li3PO4,LiOP,32,train
Li3PO4-017447,Li3PO4,LiOP,61,train
Li3PO4-014048,Li3PO4,LiOP,61,train
ZrO2-006875,ZrO2,OZr,95,train
ZrO2-003892,ZrO2,OZr,47,train
ZrO2-009020,ZrO2,OZr,48,train
Li3PO4-001263,Li3PO4,LiOP,32,train
perovskite-000344,perovskite,BaCaHfOTiZr,20,train
perovskite-000456,perovskite,BaCaHfOPbTi,20,train
Li3PO4-011447,Li3PO4,LiOP,31,train
Li3PO4-016415,Li3PO4,LiOP,61,train
ZrO2-002270,ZrO2,OZr,95,train
Li3PO4-002691,Li3PO4,LiOP,32,train
Li3PO4-008139,Li3PO4,LiOP,31,train
Li3PO4-003443,Li3PO4,LiOP,32,train
Li3PO4-013048,Li3PO4,LiOP,61,train
Li3PO4-016834,Li3PO4,LiOP,61,train
ZrO2-000991,ZrO2,OZr,96,train
Li3PO4-014436,Li3PO4,LiOP,61,train
ZrO2-004591,ZrO2,OZr,47,train
Li3PO4-002221,Li3PO4,LiOP,32,train
Li3PO4-017411,Li3PO4,LiOP,61,train
Li3PO4-000490,Li3PO4,LiOP,32,train
Li3PO4-014203,Li3PO4,LiOP,61,train
ZrO2-003962,ZrO2,OZr,47,train
Li3PO4-013339,Li3PO4,LiOP,61,train
Li3PO4-005871,Li3PO4,LiOP,32,train
Li3PO4-003708,Li3PO4,LiOP,32,train
ZrO2-000480,ZrO2,OZr,96,train
Li3PO4-004432,Li3PO4,LiOP,32,train
Li3PO4-008769,Li3PO4,LiOP,31,train
Li3PO4-016071,Li3PO4,LiOP,61,train
ZrO2-007511,ZrO2,OZr,95,train
Li3PO4-007367,Li3PO4,LiOP,32,train
Li3PO4-013686,Li3PO4,LiOP,61,train
Li3PO4-005294,Li3PO4,LiOP,32,train
Li3PO4-009614,Li3PO4,LiOP,31,train
Li3PO4-007683,Li3PO4,LiOP,32,train
ZrO2-002213,ZrO2,OZr,95,train
ZrO2-002928,ZrO2,OZr,95,train
ZrO2-006023,ZrO2,OZr,95,train
Li3PO4-006768,Li3PO4,LiOP,32,train
Li3PO4-016320,Li3PO4,LiOP,61,train
Li3PO4-004017,Li3PO4,LiOP,32,train
ZrO2-000050,ZrO2,OZr,96,train
ZrO2-005063,ZrO2,OZr,47,train
perovskite-000720,perovskite,CaHfOPbZr,20,train
Li3PO4-016997,Li3PO4,LiOP,61,train
ZrO2-007007,ZrO2,OZr,95,train
Li3PO4-014117,Li3PO4,LiOP,61,train
Li3PO4-011273,Li3PO4,LiOP,31,train
Li3PO4-006282,Li3PO4,LiOP,32,train
ZrO2-007874,ZrO2,OZr,95,train
ZrO2-006482,ZrO2,OZr,95,train
ZrO2-004986,ZrO2,OZr,47,train
Li3PO4-008703,Li3PO4,LiOP,31,train
ZrO2-003781,ZrO2,OZr,47,train
Li3PO4-000810,Li3PO4,LiOP,32,train
ZrO2-009605,ZrO2,OZr,48,train
ZrO2-005851,ZrO2,OZr,95,train
Li3PO4-007882,Li3PO4,LiOP,32,train
Li3PO4-015199,Li3PO4,LiOP,61,train
Li3PO4-015236,Li3PO4,LiOP,61,train
ZrO2-003971,ZrO2,OZr,47,train
Li3PO4-012758,Li3PO4,LiOP,31,train
ZrO2-001049,ZrO2,OZr,96,train
ZrO2-004803,ZrO2,OZr,47,train
ZrO2-002475,ZrO2,OZr,95,train
Li3PO4-016086,Li3PO4,LiOP,61,train
Li3PO4-007668,Li3PO4,LiOP,32,train
Li3PO4-011786,Li3PO4,LiOP,31,train
ZrO2-000105,ZrO2,OZr,96,train
Li3PO4-009069,Li3PO4,LiOP,31,train
Li3PO4-014907,Li3PO4,LiOP,61,train
ZrO2-008995,ZrO2,OZr,48,train
ZrO2-005065,ZrO2,OZr,47,train
ZrO2-009095,ZrO2,OZr,48,train
Li3PO4-002267,Li3PO4,LiOP,32,train
Li3PO4-008109,Li3PO4,LiOP,31,train
ZrO2-002224,ZrO2,OZr,95,train
Li3PO4-012315,Li3PO4,LiOP,31,train
ZrO2-000347,ZrO2,OZr,96,train
Li3PO4-005893,Li3PO4,LiOP,32,train
Li3PO4-016734,Li3PO4,LiOP,61,train
Li3PO4-003943,Li3PO4,LiOP,32,train
Li3PO4-005379,Li3PO4,LiOP,32,train
Li3PO4-009939,Li3PO4,LiOP,31,train
Li3PO4-001994,Li3PO4,LiOP,32,train
ZrO2-001941,ZrO2,OZr,96,train
Li3PO4-009594,Li3PO4,LiOP,31,train
Li3PO4-016642,Li3PO4,LiOP,61,train
Li3PO4-011645,Li3PO4,LiOP,31,train
ZrO2-006535,ZrO2,OZr,95,train
Li3PO4-010745,Li3PO4,LiOP,31,train
Li3PO4-012800,Li3PO4,LiOP,31,train
Li3PO4-013529,Li3PO4,LiOP,61,train
ZrO2-000850,ZrO2,OZr,96,train
Li3PO4-017407,Li3PO4,LiOP,61,train
Li3PO4-004461,Li3PO4,LiOP,32,train
ZrO2-005826,ZrO2,OZr,95,train
ZrO2-002129,ZrO2,OZr,95,train
ZrO2-008303,ZrO2,OZr,48,train
Li3PO4-017725,Li3PO4,LiOP,61,train
ZrO2-003032,ZrO2,OZr,95,train
Li3PO4-011018,Li3PO4,LiOP,31,train
ZrO2-006964,ZrO2,OZr,95,train
ZrO2-007041,ZrO2,OZr,95,train
Li3PO4-002351,Li3PO4,LiOP,32,train
Li3PO4-014223,Li3PO4,LiOP,61,train
ZrO2-002434,ZrO2,OZr,95,train
perovskite-000257,perovskite,CaHfOPbTiZr,20,train
Li3PO4-014215,Li3PO4,LiOP,61,train
Li3PO4-013365,Li3PO4,LiOP,61,train
Li3PO4-004228,Li3PO4,LiOP,32,train
ZrO2-000978,ZrO2,OZr,96,train
ZrO2-008076,ZrO2,OZr,95,train
ZrO2-004794,ZrO2,OZr,47,train
Li3PO4-000696,Li3PO4,LiOP,32,train
Li3PO4-004350,Li3PO4,LiOP,32,train
Li3PO4-008646,Li3PO4,LiOP,31,train
Li3PO4-000374,Li3PO4,LiOP,32,train
Li3PO4-002115,Li3PO4,LiOP,32,train
Li3PO4-012624,Li3PO4,LiOP,31,train
ZrO2-007866,ZrO2,OZr,95,train
ZrO2-009184,ZrO2,OZr,48,train
Li3PO4-006810,Li3PO4,LiOP,32,train
Li3PO4-000647,Li3PO4,LiOP,32,train
Li3PO4-013021,Li3PO4,LiOP,61,train
ZrO2-004703,ZrO2,OZr,47,train
ZrO2-003436,ZrO2,OZr,95,train
ZrO2-005076,ZrO2,OZr,47,train
perovskite-000695,perovskite,BaCaHfOPbTi,20,train
ZrO2-004360,ZrO2,OZr,47,train
Li3PO4-011184,Li3PO4,LiOP,31,train
Li3PO4-014799,Li3PO4,LiOP,61,train
perovskite-000484,perovskite,CaOSrTiZr,20,train
ZrO2-008762,ZrO2,OZr,48,train
perovskite-000359,perovskite,BaCaHfOTiZr,20,train
ZrO2-002509,ZrO2,OZr,95,train
Li3PO4-008985,Li3PO4,LiOP,31,train
Li3PO4-010416,Li3PO4,LiOP,31,train
Li3PO4-000813,Li3PO4,LiOP,32,train
Li3PO4-005353,Li3PO4,LiOP,32,train
Li3PO4-006617,Li3PO4,LiOP,32,train
ZrO2-003586,ZrO2,OZr,47,train
Li3PO4-013395,Li3PO4,LiOP,61,train
Li3PO4-006341,Li3PO4,LiOP,32,train
Li3PO4-015274,Li3PO4,LiOP,61,train
ZrO2-001303,ZrO2,OZr,96,train
Li3PO4-013895,Li3PO4,LiOP,61,train
ZrO2-007076,ZrO2,OZr,95,train
ZrO2-001056,ZrO2,OZr,96,train
ZrO2-004482,ZrO2,OZr,47,train
Li3PO4-014807,Li3PO4,LiOP,61,train
Li3PO4-001283,Li3PO4,LiOP,32,train
Li3PO4-016109,Li3PO4,LiOP,61,train
ZrO2-008459,ZrO2,OZr,48,train
ZrO2-001226,ZrO2,OZr,96,train
ZrO2-005569,ZrO2,OZr,95,train
ZrO2-000280,ZrO2,OZr,96,train
Li3PO4-008217,Li3PO4,LiOP,31,train
Li3PO4-009645,Li3PO4,LiOP,31,train
ZrO2-009693,ZrO2,OZr,48,train
Li3PO4-016526,Li3PO4,LiOP,61,train
Li3PO4-014030,Li3PO4,LiOP,61,train
Li3PO4-004951,Li3PO4,LiOP,32,train
Li3PO4-016132,Li3PO4,LiOP,61,train
Li3PO4-007437,Li3PO4,LiOP,32,train
Li3PO4-010966,Li3PO4,LiOP,31,train
ZrO2-003610,ZrO2,OZr,47,train
ZrO2-002388,ZrO2,OZr,95,train
Li3PO4-000802,Li3PO4,LiOP,32,train
ZrO2-004896,ZrO2,OZr,47,train
Li3PO4-001431,Li3PO4,LiOP,32,train
Li3PO4-011810,Li3PO4,LiOP,31,train
perovskite-000836,perovskite,BaCaHfOPbTiZr,20,train
Li3PO4-007103,Li3PO4,LiOP,32,train
ZrO2-002342,ZrO2,OZr,95,train
ZrO2-002905,ZrO2,OZr,95,train
ZrO2-006818,ZrO2,OZr,95,train
Li3PO4-017745,Li3PO4,LiOP,61,train
ZrO2-001082,ZrO2,OZr,96,train
Li3PO4-004271,Li3PO4,LiOP,32,train
ZrO2-004280,ZrO2,OZr,47,train
Li3PO4-016627,Li3PO4,LiOP,61,train
perovskite-000766,perovskite,CaOPbSrTiZr,20,train
ZrO2-007562,ZrO2,OZr,95,train
perovskite-000803,perovskite,CaHfOPbSrTi,20,train
ZrO2-009907,ZrO2,OZr,48,train
Li3PO4-013151,Li3PO4,LiOP,61,train
Li3PO4-010297,Li3PO4,LiOP,31,train
perovskite-000334,perovskite,BaCaOTiZr,20,train
ZrO2-007398,ZrO2,OZr,95,train
ZrO2-006000,ZrO2,OZr,95,train
Li3PO4-013232,Li3PO4,LiOP,61,train
Li3PO4-015505,Li3PO4,LiOP,61,train
ZrO2-001454,ZrO2,OZr,96,train
Li3PO4-012638,Li3PO4,LiOP,31,train
Li3PO4-002395,Li3PO4,LiOP,32,train
Li3PO4-007026,Li3PO4,LiOP,32,train
Li3PO4-001328,Li3PO4,LiOP,32,train
Li3PO4-017868,Li3PO4,LiOP,61,train
Li3PO4-010135,Li3PO4,LiOP,31,train
Li3PO4-015302,Li3PO4,LiOP,61,train
Li3PO4-014483,Li3PO4,LiOP,61,train
ZrO2-002465,ZrO2,OZr,95,train
ZrO2-000452,ZrO2,OZr,96,train
ZrO2-001325,ZrO2,OZr,96,train
perovskite-001061,perovskite,BaCaOPbTiZr,20,train
ZrO2-002145,ZrO2,OZr,95,train
Li3PO4-011290,Li3PO4,LiOP,31,train
Li3PO4-000700,Li3PO4,LiOP,32,train
ZrO2-007798,ZrO2,OZr,95,train
Li3PO4-007202,Li3PO4,LiOP,32,train
Li3PO4-005188,Li3PO4,LiOP,32,train
perovskite-000041,perovskite,BaCaOPbZr,20,train
Li3PO4-011087,Li3PO4,LiOP,31,train
ZrO2-008513,ZrO2,OZr,48,train
perovskite-000102,perovskite,BaCaOSrTi,20,train
ZrO2-000742,ZrO2,OZr,96,train
Li3PO4-000239,Li3PO4,LiOP,32,train
Li3PO4-010446,Li3PO4,LiOP,31,train
ZrO2-001989,ZrO2,OZr,95,train
Li3PO4-008689,Li3PO4,LiOP,31,train
ZrO2-002802,ZrO2,OZr,95,train
ZrO2-005371,ZrO2,OZr,47,train
Li3PO4-008144,Li3PO4,LiOP,31,train
ZrO2-000474,ZrO2,OZr,96,train
Li3PO4-000596,Li3PO4,LiOP,32,train
Li3PO4-008870,Li3PO4,LiOP,31,train
Li3PO4-005466,Li3PO4,LiOP,32,train
ZrO2-002030,ZrO2,OZr,95,train
ZrO2-001699,ZrO2,OZr,96,train
Li3PO4-012447,Li3PO4,LiOP,31,train
Li3PO4-007694,Li3PO4,LiOP,32,train
ZrO2-003344,ZrO2,OZr,95,train
Li3PO4-000896,Li3PO4,LiOP,32,train
Li3PO4-017036,Li3PO4,LiOP,61,train
ZrO2-006080,ZrO2,OZr,95,train
perovskite-000741,perovskite,CaHfOPbTiZr,20,train
Li3PO4-014202,Li3PO4,LiOP,61,train
Li3PO4-017292,Li3PO4,LiOP,61,train
ZrO2-000829,ZrO2,OZr,96,train
ZrO2-003712,ZrO2,OZr,47,train
ZrO2-006286,ZrO2,OZr,95,train
Li3PO4-002496,Li3PO4,LiOP,32,train
Li3PO4-004480,Li3PO4,LiOP,32,train
Li3PO4-009359,Li3PO4,LiOP,31,train
Li3PO4-016392,Li3PO4,LiOP,61,train
Li3PO4-006575,Li3PO4,LiOP,32,train
ZrO2-008667,ZrO2,OZr,48,train
Li3PO4-005077,Li3PO4,LiOP,32,train
ZrO2-001321,ZrO2,OZr,96,train
ZrO2-008680,ZrO2,OZr,48,train
Li3PO4-015685,Li3PO4,LiOP,61,train
ZrO2-004912,ZrO2,OZr,47,train
perovskite-000101,perovskite,CaOSrTi,20,train
Li3PO4-005293,Li3PO4,LiOP,32,train
Li3PO4-013254,Li3PO4,LiOP,61,train
perovskite-000133,perovskite,BaOPbSrTi,20,train
ZrO2-005160,ZrO2,OZr,47,train
Li3PO4-002364,Li3PO4,LiOP,32,train
Li3PO4-016404,Li3PO4,LiOP,61,train
perovskite-000222,perovskite,BaHfOSr,20,train
ZrO2-000603,ZrO2,OZr,96,train
Li3PO4-013983,Li3PO4,LiOP,61,train
ZrO2-001601,ZrO2,OZr,96,train
ZrO2-004955,ZrO2,OZr,47,train
Li3PO4-002647,Li3PO4,LiOP,32,train
ZrO2-006462,ZrO2,OZr,95,train
ZrO2-002259,ZrO2,OZr,95,train
Li3PO4-000918,Li3PO4,LiOP,32,train
Li3PO4-012551,Li3PO4,LiOP,31,train
ZrO2-000719,ZrO2,OZr,96,train
Li3PO4-016414,Li3PO4,LiOP,61,train
Li3PO4-015765,Li3PO4,LiOP,61,train
ZrO2-003472,ZrO2,OZr,95,train
Li3PO4-016650,Li3PO4,LiOP,61,train
ZrO2-004731,ZrO2,OZr,47,train
ZrO2-003496,ZrO2,OZr,95,train
Li3PO4-013471,Li3PO4,LiOP,61,train
Li3PO4-000690,Li3PO4,LiOP,32,train
Li3PO4-010486,Li3PO4,LiOP,31,train
ZrO2-003746,ZrO2,OZr,47,train
ZrO2-006927,ZrO2,OZr,95,train
Li3PO4-013466,Li3PO4,LiOP,61,train
Li3PO4-017238,Li3PO4,LiOP,61,train
Li3PO4-000521,Li3PO4,LiOP,32,train
Li3PO4-010962,Li3PO4,LiOP,31,train
Li3PO4-006169,Li3PO4,LiOP,32,train
Li3PO4-014746,Li3PO4,LiOP,61,train
ZrO2-008504,ZrO2,OZr,48,train
Li3PO4-006359,Li3PO4,LiOP,32,train
Li3PO4-008678,Li3PO4,LiOP,31,train
Li3PO4-011717,Li3PO4,LiOP,31,train
perovskite-000239,perovskite,CaHfOTiZr,20,train
ZrO2-000788,ZrO2,OZr,96,train
Li3PO4-012026,Li3PO4,LiOP,31,train
ZrO2-004860,ZrO2,OZr,47,train
ZrO2-006347,ZrO2,OZr,95,train
ZrO2-003872,ZrO2,OZr,47,train
Li3PO4-005073,Li3PO4,LiOP,32,train
ZrO2-001784,ZrO2,OZr,96,train
ZrO2-005728,ZrO2,OZr,95,train
Li3PO4-011655,Li3PO4,LiOP,31,train
ZrO2-006795,ZrO2,OZr,95,train
ZrO2-001223,ZrO2,OZr,96,train
ZrO2-004871,ZrO2,OZr,47,train
ZrO2-008178,ZrO2,OZr,48,train
ZrO2-000274,ZrO2,OZr,96,train
Li3PO4-016770,Li3PO4,LiOP,61,train
Li3PO4-011141,Li3PO4,LiOP,31,train
Li3PO4-005561,Li3PO4,LiOP,32,train
ZrO2-003196,ZrO2,OZr,95,train
ZrO2-001509,ZrO2,OZr,96,train
Li3PO4-005272,Li3PO4,LiOP,32,train
Li3PO4-008765,Li3PO4,LiOP,31,train
ZrO2-003627,ZrO2,OZr,47,train
Li3PO4-003127,Li3PO4,LiOP,32,train
Li3PO4-012918,Li3PO4,LiOP,31,train
Li3PO4-003649,Li3PO4,LiOP,32,train
ZrO2-003818,ZrO2,OZr,47,train
ZrO2-009301,ZrO2,OZr,48,train
ZrO2-008172,ZrO2,OZr,48,train
ZrO2-001261,ZrO2,OZr,96,train
Li3PO4-011587,Li3PO4,LiOP,31,train
ZrO2-006933,ZrO2,OZr,95,train
ZrO2-002104,ZrO2,OZr,95,train
ZrO2-007179,ZrO2,OZr,95,train
Li3PO4-011861,Li3PO4,LiOP,31,train
ZrO2-010031,ZrO2,OZr,48,train
ZrO2-002295,ZrO2,OZr,95,train
perovskite-000829,perovskite,BaCaOPbTiZr,20,train
ZrO2-002764,ZrO2,OZr,95,train
ZrO2-006584,ZrO2,OZr,95,train
Li3PO4-008495,Li3PO4,LiOP,31,train
Li3PO4-015844,Li3PO4,LiOP,61,train
ZrO2-003429,ZrO2,OZr,95,train
perovskite-000185,perovskite,BaCaHfOSr,20,train
Li3PO4-000485,Li3PO4,LiOP,32,train
ZrO2-003266,ZrO2,OZr,95,train
Li3PO4-015603,Li3PO4,LiOP,61,train
ZrO2-009590,ZrO2,OZr,48,train
Li3PO4-002217,Li3PO4,LiOP,32,train
Li3PO4-013454,Li3PO4,LiOP,61,train
Li3PO4-014734,Li3PO4,LiOP,61,train
ZrO2-008339,ZrO2,OZr,48,train
ZrO2-005068,ZrO2,OZr,47,train
Li3PO4-006818,Li3PO4,LiOP,32,train
Li3PO4-006738,Li3PO4,LiOP,32,train
Li3PO4-001160,Li3PO4,LiOP,32,train
Li3PO4-008635,Li3PO4,LiOP,31,train
ZrO2-003350,ZrO2,OZr,95,train
Li3PO4-002435,Li3PO4,LiOP,32,train
Li3PO4-005333,Li3PO4,LiOP,32,train
Li3PO4-014448,Li3PO4,LiOP,61,train
ZrO2-005117,ZrO2,OZr,47,train
Li3PO4-013206,Li3PO4,LiOP,61,train
Li3PO4-010031,Li3PO4,LiOP,31,train
Li3PO4-008806,Li3PO4,LiOP,31,train
ZrO2-003821,ZrO2,OZr,47,train
Li3PO4-013919,Li3PO4,LiOP,61,train
Li3PO4-005060,Li3PO4,LiOP,32,train
Li3PO4-015777,Li3PO4,LiOP,61,train
Li3PO4-012552,Li3PO4,LiOP,31,train
Li3PO4-006180,Li3PO4,LiOP,32,train
Li3PO4-002078,Li3PO4,LiOP,32,train
ZrO2-002205,ZrO2,OZr,95,train
Li3PO4-005955,Li3PO4,LiOP,32,train
Li3PO4-008620,Li3PO4,LiOP,31,train
Li3PO4-008215,Li3PO4,LiOP,31,train
Li3PO4-015408,Li3PO4,LiOP,61,train
ZrO2-003725,ZrO2,OZr,47,train
Li3PO4-006118,Li3PO4,LiOP,32,train
Li3PO4-011562,Li3PO4,LiOP,31,train
Li3PO4-002283,Li3PO4,LiOP,32,train
Li3PO4-000300,Li3PO4,LiOP,32,train
Li3PO4-014419,Li3PO4,LiOP,61,train
Li3PO4-007783,Li3PO4,LiOP,32,train
Li3PO4-003507,Li3PO4,LiOP,32,train
Li3PO4-008443,Li3PO4,LiOP,31,train
ZrO2-004540,ZrO2,OZr,47,train
Li3PO4-008879,Li3PO4,LiOP,31,train
Li3PO4-001136,Li3PO4,LiOP,32,train
Li3PO4-014948,Li3PO4,LiOP,61,train
ZrO2-004924,ZrO2,OZr,47,train
Li3PO4-003408,Li3PO4,LiOP,32,train
Li3PO4-009892,Li3PO4,LiOP,31,train
Li3PO4-014462,Li3PO4,LiOP,61,train
ZrO2-005201,ZrO2,OZr,47,train
Li3PO4-017476,Li3PO4,LiOP,61,train
perovskite-000433,perovskite,CaHfOPbSrZr,20,train
Li3PO4-000082,Li3PO4,LiOP,32,train
ZrO2-006598,ZrO2,OZr,95,train
Li3PO4-001940,Li3PO4,LiOP,32,train
perovskite-000353,perovskite,BaCaHfOTiZr,20,train
ZrO2-007304,ZrO2,OZr,95,train
Li3PO4-012294,Li3PO4,LiOP,31,train
Li3PO4-003738,Li3PO4,LiOP,32,train
perovskite-000604,perovskite,CaHfOPbZr,20,train
Li3PO4-017564,Li3PO4,LiOP,61,train
Li3PO4-014004,Li3PO4,LiOP,61,train
Li3PO4-000598,Li3PO4,LiOP,32,train
ZrO2-007892,ZrO2,OZr,95,train
Li3PO4-017147,Li3PO4,LiOP,61,train
Li3PO4-004546,Li3PO4,LiOP,32,train
Li3PO4-015256,Li3PO4,LiOP,61,train
ZrO2-003051,ZrO2,OZr,95,train
ZrO2-004902,ZrO2,OZr,47,train
Li3PO4-000324,Li3PO4,LiOP,32,train
Li3PO4-011545,Li3PO4,LiOP,31,train
ZrO2-004135,ZrO2,OZr,47,train
ZrO2-003729,ZrO2,OZr,47,train
Li3PO4-004834,Li3PO4,LiOP,32,train
ZrO2-002347,ZrO2,OZr,95,train
Li3PO4-005403,Li3PO4,LiOP,32,train
Li3PO4-000819,Li3PO4,LiOP,32,train
Li3PO4-000977,Li3PO4,LiOP,32,train
Li3PO4-010485,Li3PO4,LiOP,31,train
Li3PO4-016362,Li3PO4,LiOP,61,train
Li3PO4-013573,Li3PO4,LiOP,61,train
Li3PO4-001612,Li3PO4,LiOP,32,train
ZrO2-006322,ZrO2,OZr,95,train
Li3PO4-011211,Li3PO4,LiOP,31,train
Li3PO4-014663,Li3PO4,LiOP,61,train
Li3PO4-007545,Li3PO4,LiOP,32,train
ZrO2-010073,ZrO2,OZr,48,train
Li3PO4-001281,Li3PO4,LiOP,32,train
Li3PO4-017302,Li3PO4,LiOP,61,train
perovskite-001039,perovskite,BaCaOPbTiZr,20,train
Li3PO4-003039,Li3PO4,LiOP,32,train
Li3PO4-014314,Li3PO4,LiOP,61,train
ZrO2-000032,ZrO2,OZr,96,train
ZrO2-009644,ZrO2,OZr,48,train
Li3PO4-006471,Li3PO4,LiOP,32,train
Li3PO4-017635,Li3PO4,LiOP,61,train
Li3PO4-011787,Li3PO4,LiOP,31,train
perovskite-000007,perovskite,CaOSrZr,20,train
ZrO2-004107,ZrO2,OZr,47,train
ZrO2-000031,ZrO2,OZr,96,train
Li3PO4-008914,Li3PO4,LiOP,31,train
ZrO2-009735,ZrO2,OZr,48,train
ZrO2-005996,ZrO2,OZr,95,train
ZrO2-002734,ZrO2,OZr,95,train
Li3PO4-013832,Li3PO4,LiOP,61,train
ZrO2-000866,ZrO2,OZr,96,train
perovskite-000290,perovskite,CaOSrTiZr,20,train
Li3PO4-011798,Li3PO4,LiOP,31,train
Li3PO4-006758,Li3PO4,LiOP,32,train
Li3PO4-000966,Li3PO4,LiOP,32,train
perovskite-000540,perovskite,BaCaHfOSrTiZr,20,train
Li3PO4-013897,Li3PO4,LiOP,61,train
ZrO2-000525,ZrO2,OZr,96,train
Li3PO4-000787,Li3PO4,LiOP,32,train
Li3PO4-000296,Li3PO4,LiOP,32,train
Li3PO4-008251,Li3PO4,LiOP,31,train
Li3PO4-017100,Li3PO4,LiOP,61,train
ZrO2-003011,ZrO2,OZr,95,train
Li3PO4-007461,Li3PO4,LiOP,32,train
ZrO2-001425,ZrO2,OZr,96,train
Li3PO4-002473,Li3PO4,LiOP,32,train
ZrO2-005440,ZrO2,OZr,47,train
Li3PO4-001531,Li3PO4,LiOP,32,train
ZrO2-007365,ZrO2,OZr,95,train
ZrO2-007449,ZrO2,OZr,95,train
Li3PO4-008726,Li3PO4,LiOP,31,train
Li3PO4-015227,Li3PO4,LiOP,61,train
Li3PO4-010869,Li3PO4,LiOP,31,train
ZrO2-008901,ZrO2,OZr,48,train
Li3PO4-012339,Li3PO4,LiOP,31,train
ZrO2-004699,ZrO2,OZr,47,train
ZrO2-009397,ZrO2,OZr,48,train
ZrO2-004950,ZrO2,OZr,47,train
Li3PO4-012108,Li3PO4,LiOP,31,train
Li3PO4-011481,Li3PO4,LiOP,31,train
Li3PO4-008429,Li3PO4,LiOP,31,train
Li3PO4-005822,Li3PO4,LiOP,32,train
Li3PO4-007967,Li3PO4,LiOP,32,train
ZrO2-005484,ZrO2,OZr,47,train
Li3PO4-006648,Li3PO4,LiOP,32,train
ZrO2-006452,ZrO2,OZr,95,train
Li3PO4-010556,Li3PO4,LiOP,31,train
Li3PO4-002625,Li3PO4,LiOP,32,train
ZrO2-004779,ZrO2,OZr,47,train
Li3PO4-012919,Li3PO4,LiOP,31,train
Li3PO4-013657,Li3PO4,LiOP,61,train
Li3PO4-017954,Li3PO4,LiOP,61,train
Li3PO4-011490,Li3PO4,LiOP,31,train
ZrO2-002704,ZrO2,OZr,95,train
ZrO2-007846,ZrO2,OZr,95,train
Li3PO4-011551,Li3PO4,LiOP,31,train
Li3PO4-001466,Li3PO4,LiOP,32,train
Li3PO4-004651,Li3PO4,LiOP,32,train
Li3PO4-000449,Li3PO4,LiOP,32,train
Li3PO4-016099,Li3PO4,LiOP,61,train
Li3PO4-017795,Li3PO4,LiOP,61,train
Li3PO4-001739,Li3PO4,LiOP,32,train
ZrO2-006970,ZrO2,OZr,95,train
Li3PO4-008389,Li3PO4,LiOP,31,train
Li3PO4-015873,Li3PO4,LiOP,61,train
ZrO2-008978,ZrO2,OZr,48,train
Li3PO4-017028,Li3PO4,LiOP,61,train
Li3PO4-008625,Li3PO4,LiOP,31,train
Li3PO4-010826,Li3PO4,LiOP,31,train
Li3PO4-004208,Li3PO4,LiOP,32,train
Li3PO4-005710,Li3PO4,LiOP,32,train
ZrO2-002807,ZrO2,OZr,95,train
ZrO2-001151,ZrO2,OZr,96,train
Li3PO4-005380,Li3PO4,LiOP,32,train
Li3PO4-014849,Li3PO4,LiOP,61,train
ZrO2-007816,ZrO2,OZr,95,train
ZrO2-002660,ZrO2,OZr,95,train
Li3PO4-005615,Li3PO4,LiOP,32,train
Li3PO4-008928,Li3PO4,LiOP,31,train
Li3PO4-006096,Li3PO4,LiOP,32,train
ZrO2-009617,ZrO2,OZr,48,train
ZrO2-007756,ZrO2,OZr,95,train
Li3PO4-008291,Li3PO4,LiOP,31,train
ZrO2-010038,ZrO2,OZr,48,train
ZrO2-006054,ZrO2,OZr,95,train
Li3PO4-013102,Li3PO4,LiOP,61,train
Li3PO4-012343,Li3PO4,LiOP,31,train
Li3PO4-001299,Li3PO4,LiOP,32,train
perovskite-000123,perovskite,OPbTi,20,train
ZrO2-000181,ZrO2,OZr,96,train
Li3PO4-014394,Li3PO4,LiOP,61,train
Li3PO4-008630,Li3PO4,LiOP,31,train
Li3PO4-015252,Li3PO4,LiOP,61,train
Li3PO4-016967,Li3PO4,LiOP,61,train
Li3PO4-016066,Li3PO4,LiOP,61,train
Li3PO4-013642,Li3PO4,LiOP,61,train
ZrO2-008463,ZrO2,OZr,48,train
Li3PO4-017381,Li3PO4,LiOP,61,train
Li3PO4-009469,Li3PO4,LiOP,31,train
Li3PO4-015020,Li3PO4,LiOP,61,train
Li3PO4-010330,Li3PO4,LiOP,31,train
Li3PO4-016244,Li3PO4,LiOP,61,train
ZrO2-008074,ZrO2,OZr,95,train
ZrO2-000544,ZrO2,OZr,96,train
ZrO2-008334,ZrO2,OZr,48,train
Li3PO4-017865,Li3PO4,LiOP,61,train
Li3PO4-010397,Li3PO4,LiOP,31,train
ZrO2-001098,ZrO2,OZr,96,train
ZrO2-000019,ZrO2,OZr,96,train
Li3PO4-010892,Li3PO4,LiOP,31,train
Li3PO4-000708,Li3PO4,LiOP,32,train
Li3PO4-010965,Li3PO4,LiOP,31,train
Li3PO4-011618,Li3PO4,LiOP,31,train
Li3PO4-003297,Li3PO4,LiOP,32,train
Li3PO4-006509,Li3PO4,LiOP,32,train
Li3PO4-012256,Li3PO4,LiOP,31,train
perovskite-000900,perovskite,CaOPbSrTiZr,20,train
Li3PO4-001985,Li3PO4,LiOP,32,train
ZrO2-003186,ZrO2,OZr,95,train
ZrO2-001031,ZrO2,OZr,96,train
ZrO2-002545,ZrO2,OZr,95,train
ZrO2-001582,ZrO2,OZr,96,train
ZrO2-001457,ZrO2,OZr,96,train
Li3PO4-016402,Li3PO4,LiOP,61,train
Li3PO4-000251,Li3PO4,LiOP,32,train
ZrO2-005750,ZrO2,OZr,95,train
Li3PO4-006586,Li3PO4,LiOP,32,train
Li3PO4-000479,Li3PO4,LiOP,32,train
ZrO2-002736,ZrO2,OZr,95,train
ZrO2-002090,ZrO2,OZr,95,train
Li3PO4-010087,Li3PO4,LiOP,31,train
Li3PO4-013303,Li3PO4,LiOP,61,train
ZrO2-007281,ZrO2,OZr,95,train
Li3PO4-012481,Li3PO4,LiOP,31,train
Li3PO4-017687,Li3PO4,LiOP,61,train
Li3PO4-009793,Li3PO4,LiOP,31,train
ZrO2-005476,ZrO2,OZr,47,train
Li3PO4-014106,Li3PO4,LiOP,61,train
Li3PO4-016742,Li3PO4,LiOP,61,train
ZrO2-004853,ZrO2,OZr,47,train
Li3PO4-002386,Li3PO4,LiOP,32,train
Li3PO4-002493,Li3PO4,LiOP,32,train
ZrO2-006728,ZrO2,OZr,95,train
Li3PO4-011239,Li3PO4,LiOP,31,train
ZrO2-004838,ZrO2,OZr,47,train
Li3PO4-005853,Li3PO4,LiOP,32,train
Li3PO4-009020,Li3PO4,LiOP,31,train
Li3PO4-007010,Li3PO4,LiOP,32,train
Li3PO4-012194,Li3PO4,LiOP,31,train
ZrO2-002013,ZrO2,OZr,95,train
ZrO2-010023,ZrO2,OZr,48,train
Li3PO4-016579,Li3PO4,LiOP,61,train
Li3PO4-016808,Li3PO4,LiOP,61,train
Li3PO4-003464,Li3PO4,LiOP,32,train
Li3PO4-006112,Li3PO4,LiOP,32,train
Li3PO4-002791,Li3PO4,LiOP,32,train
Li3PO4-013366,Li3PO4,LiOP,61,train
Li3PO4-010026,Li3PO4,LiOP,31,train
Li3PO4-017961,Li3PO4,LiOP,61,train
Li3PO4-002122,Li3PO4,LiOP,32,train
Li3PO4-007513,Li3PO4,LiOP,32,train
ZrO2-005425,ZrO2,OZr,47,train
ZrO2-009916,ZrO2,OZr,48,train
perovskite-001077,perovskite,BaCaHfOPbTiZr,20,train
ZrO2-007226,ZrO2,OZr,95,train
Li3PO4-008677,Li3PO4,LiOP,31,train
ZrO2-004633,ZrO2,OZr,47,train
ZrO2-004837,ZrO2,OZr,47,train
Li3PO4-001710,Li3PO4,LiOP,32,train
Li3PO4-001327,Li3PO4,LiOP,32,train
ZrO2-008460,ZrO2,OZr,48,train
ZrO2-000926,ZrO2,OZr,96,train
Li3PO4-008275,Li3PO4,LiOP,31,train
ZrO2-002265,ZrO2,OZr,95,train
ZrO2-009465,ZrO2,OZr,48,train
ZrO2-004663,ZrO2,OZr,47,train
ZrO2-007728,ZrO2,OZr,95,train
Li3PO4-014141,Li3PO4,LiOP,61,train
Li3PO4-007662,Li3PO4,LiOP,32,train
ZrO2-001156,ZrO2,OZr,96,train
Li3PO4-000775,Li3PO4,LiOP,32,train
Li3PO4-011175,Li3PO4,LiOP,31,train
Li3PO4-006277,Li3PO4,LiOP,32,train
ZrO2-009747,ZrO2,OZr,48,train
Li3PO4-001113,Li3PO4,LiOP,32,train
Li3PO4-015743,Li3PO4,LiOP,61,train
ZrO2-005754,ZrO2,OZr,95,train
ZrO2-006365,ZrO2,OZr,95,train
Li3PO4-006067,Li3PO4,LiOP,32,train
ZrO2-006845,ZrO2,OZr,95,train
Li3PO4-008401,Li3PO4,LiOP,31,train
ZrO2-005369,ZrO2,OZr,47,train
ZrO2-008866,ZrO2,OZr,48,train
ZrO2-002500,ZrO2,OZr,95,train
Li3PO4-016222,Li3PO4,LiOP,61,train
Li3PO4-011282,Li3PO4,LiOP,31,train
Li3PO4-017889,Li3PO4,LiOP,61,train
ZrO2-007686,ZrO2,OZr,95,train
Li3PO4-011449,Li3PO4,LiOP,31,train
Li3PO4-014060,Li3PO4,LiOP,61,train
ZrO2-006610,ZrO2,OZr,95,train
ZrO2-000141,ZrO2,OZr,96,train
Li3PO4-017722,Li3PO4,LiOP,61,train
Li3PO4-010838,Li3PO4,LiOP,31,train
perovskite-000575,perovskite,CaOPbTiZr,20,train
ZrO2-001980,ZrO2,OZr,95,train
ZrO2-003218,ZrO2,OZr,95,train
Li3PO4-002019,Li3PO4,LiOP,32,train
Li3PO4-001563,Li3PO4,LiOP,32,train
ZrO2-007380,ZrO2,OZr,95,train
ZrO2-000841,ZrO2,OZr,96,train
Li3PO4-006947,Li3PO4,LiOP,32,train
Li3PO4-000041,Li3PO4,LiOP,32,train
ZrO2-003837,ZrO2,OZr,47,train
ZrO2-000635,ZrO2,OZr,96,train
perovskite-000509,perovskite,BaCaOSrTiZr,20,train
Li3PO4-016354,Li3PO4,LiOP,61,train
Li3PO4-006717,Li3PO4,LiOP,32,train
Li3PO4-012131,Li3PO4,LiOP,31,train
ZrO2-006415,ZrO2,OZr,95,train
ZrO2-007845,ZrO2,OZr,95,train
Li3PO4-012812,Li3PO4,LiOP,31,train
ZrO2-001590,ZrO2,OZr,96,train
Li3PO4-013402,Li3PO4,LiOP,61,train
Li3PO4-003393,Li3PO4,LiOP,32,train
Li3PO4-003974,Li3PO4,LiOP,32,train
Li3PO4-001432,Li3PO4,LiOP,32,train
ZrO2-001473,ZrO2,OZr,96,train
Li3PO4-010068,Li3PO4,LiOP,31,train
Li3PO4-011444,Li3PO4,LiOP,31,train
ZrO2-008928,ZrO2,OZr,48,train
Li3PO4-007653,Li3PO4,LiOP,32,train
ZrO2-005400,ZrO2,OZr,47,train
ZrO2-005848,ZrO2,OZr,95,train
ZrO2-009637,ZrO2,OZr,48,train
ZrO2-006488,ZrO2,OZr,95,train
Li3PO4-009542,Li3PO4,LiOP,31,train
Li3PO4-005322,Li3PO4,LiOP,32,train
Li3PO4-015664,Li3PO4,LiOP,61,train
ZrO2-007572,ZrO2,OZr,95,train
ZrO2-008656,ZrO2,OZr,48,train
ZrO2-004495,ZrO2,OZr,47,train
perovskite-000902,perovskite,CaHfOPbSrTiZr,20,train
ZrO2-005277,ZrO2,OZr,47,train
ZrO2-006968,ZrO2,OZr,95,train
perovskite-000513,perovskite,BaCaHfOSrTi,20,train
ZrO2-006135,ZrO2,OZr,95,train
Li3PO4-017878,Li3PO4,LiOP,61,train
Li3PO4-005091,Li3PO4,LiOP,32,train
ZrO2-002277,ZrO2,OZr,95,train
ZrO2-004428,ZrO2,OZr,47,train
Li3PO4-016601,Li3PO4,LiOP,61,train
ZrO2-001691,ZrO2,OZr,96,train
ZrO2-009241,ZrO2,OZr,48,train
Li3PO4-017212,Li3PO4,LiOP,61,train
Li3PO4-007141,Li3PO4,LiOP,32,train
ZrO2-004664,ZrO2,OZr,47,train
ZrO2-000377,ZrO2,OZr,96,train
ZrO2-008868,ZrO2,OZr,48,train
ZrO2-001114,ZrO2,OZr,96,train
ZrO2-001933,ZrO2,OZr,96,train
Li3PO4-006785,Li3PO4,LiOP,32,train
Li3PO4-003031,Li3PO4,LiOP,32,train
Li3PO4-013408,Li3PO4,LiOP,61,train
Li3PO4-000900,Li3PO4,LiOP,32,train
Li3PO4-015057,Li3PO4,LiOP,61,train
perovskite-001097,perovskite,BaCaHfOPbTi,20,train
Li3PO4-014577,Li3PO4,LiOP,61,train
ZrO2-009115,ZrO2,OZr,48,train
Li3PO4-001629,Li3PO4,LiOP,32,train
ZrO2-009039,ZrO2,OZr,48,train
Li3PO4-008079,Li3PO4,LiOP,31,train
Li3PO4-001449,Li3PO4,LiOP,32,train
ZrO2-006495,ZrO2,OZr,95,train
Li3PO4-015954,Li3PO4,LiOP,61,train
Li3PO4-012382,Li3PO4,LiOP,31,train
Li3PO4-004440,Li3PO4,LiOP,32,train
ZrO2-002597,ZrO2,OZr,95,train
Li3PO4-002228,Li3PO4,LiOP,32,train
Li3PO4-001474,Li3PO4,LiOP,32,train
ZrO2-005864,ZrO2,OZr,95,train
Li3PO4-003877,Li3PO4,LiOP,32,train
Li3PO4-015748,Li3PO4,LiOP,61,train
ZrO2-008665,ZrO2,OZr,48,train
Li3PO4-013749,Li3PO4,LiOP,61,train
Li3PO4-010115,Li3PO4,LiOP,31,train
ZrO2-001788,ZrO2,OZr,96,train
ZrO2-007472,ZrO2,OZr,95,train
ZrO2-003085,ZrO2,OZr,95,train
Li3PO4-008951,Li3PO4,LiOP,31,train
ZrO2-008981,ZrO2,OZr,48,train
Li3PO4-003571,Li3PO4,LiOP,32,train
ZrO2-009464,ZrO2,OZr,48,train
Li3PO4-016569,Li3PO4,LiOP,61,train
Li3PO4-011579,Li3PO4,LiOP,31,train
Li3PO4-005611,Li3PO4,LiOP,32,train
Li3PO4-001885,Li3PO4,LiOP,32,train
Li3PO4-015221,Li3PO4,LiOP,61,train
ZrO2-010042,ZrO2,OZr,48,train
ZrO2-007824,ZrO2,OZr,95,train
Li3PO4-003090,Li3PO4,LiOP,32,train
Li3PO4-009420,Li3PO4,LiOP,31,train
Li3PO4-010019,Li3PO4,LiOP,31,train
Li3PO4-013696,Li3PO4,LiOP,61,train
perovskite-000810,perovskite,BaCaHfOPbTiZr,20,train
Li3PO4-005391,Li3PO4,LiOP,32,train
ZrO2-009766,ZrO2,OZr,48,train
ZrO2-002490,ZrO2,OZr,95,train
ZrO2-010082,ZrO2,OZr,48,train
Li3PO4-014801,Li3PO4,LiOP,61,train
perovskite-000224,perovskite,CaOTiZr,20,train
ZrO2-002622,ZrO2,OZr,95,train
Li3PO4-008023,Li3PO4,LiOP,31,train
Li3PO4-005006,Li3PO4,LiOP,32,train
Li3PO4-017258,Li3PO4,LiOP,61,train
Li3PO4-005192,Li3PO4,LiOP,32,train
ZrO2-001794,ZrO2,OZr,96,train
Li3PO4-014728,Li3PO4,LiOP,61,train
Li3PO4-003728,Li3PO4,LiOP,32,train
ZrO2-002037,ZrO2,OZr,95,train
Li3PO4-000576,Li3PO4,LiOP,32,train
Li3PO4-004714,Li3PO4,LiOP,32,train
Li3PO4-006767,Li3PO4,LiOP,32,train
Li3PO4-005112,Li3PO4,LiOP,32,train
Li3PO4-013028,Li3PO4,LiOP,61,train
ZrO2-002935,ZrO2,OZr,95,train
Li3PO4-014866,Li3PO4,LiOP,61,train
ZrO2-008572,ZrO2,OZr,48,train
Li3PO4-005925,Li3PO4,LiOP,32,train
Li3PO4-001581,Li3PO4,LiOP,32,train
Li3PO4-014075,Li3PO4,LiOP,61,train
Li3PO4-014656,Li3PO4,LiOP,61,train
ZrO2-006367,ZrO2,OZr,95,train
Li3PO4-003236,Li3PO4,LiOP,32,train
Li3PO4-001518,Li3PO4,LiOP,32,train
ZrO2-008715,ZrO2,OZr,48,train
ZrO2-002287,ZrO2,OZr,95,train
ZrO2-006595,ZrO2,OZr,95,train
Li3PO4-008873,Li3PO4,LiOP,31,train
ZrO2-005379,ZrO2,OZr,47,train
Li3PO4-013305,Li3PO4,LiOP,61,train
Li3PO4-006912,Li3PO4,LiOP,32,train
Li3PO4-016939,Li3PO4,LiOP,61,train
ZrO2-000311,ZrO2,OZr,96,train
ZrO2-001654,ZrO2,OZr,96,train
ZrO2-003916,ZrO2,OZr,47,train
ZrO2-005083,ZrO2,OZr,47,train
ZrO2-002428,ZrO2,OZr,95,train
Li3PO4-006027,Li3PO4,LiOP,32,train
ZrO2-005116,ZrO2,OZr,47,train
Li3PO4-003205,Li3PO4,LiOP,32,train
Li3PO4-006939,Li3PO4,LiOP,32,train
Li3PO4-015331,Li3PO4,LiOP,61,train
Li3PO4-015978,Li3PO4,LiOP,61,train
Li3PO4-010046,Li3PO4,LiOP,31,train
Li3PO4-001756,Li3PO4,LiOP,32,train
Li3PO4-010069,Li3PO4,LiOP,31,train
Li3PO4-004436,Li3PO4,LiOP,32,train
ZrO2-004490,ZrO2,OZr,47,train
Li3PO4-007515,Li3PO4,LiOP,32,train
Li3PO4-012110,Li3PO4,LiOP,31,train
Li3PO4-014362,Li3PO4,LiOP,61,train
Li3PO4-011841,Li3PO4,LiOP,31,train
ZrO2-005588,ZrO2,OZr,95,train
Li3PO4-000633,Li3PO4,LiOP,32,train
Li3PO4-010914,Li3PO4,LiOP,31,train
Li3PO4-009920,Li3PO4,LiOP,31,train
Li3PO4-002897,Li3PO4,LiOP,32,train
Li3PO4-005323,Li3PO4,LiOP,32,train
Li3PO4-002723,Li3PO4,LiOP,32,train
Li3PO4-008248,Li3PO4,LiOP,31,train
Li3PO4-001191,Li3PO4,LiOP,32,train
Li3PO4-008450,Li3PO4,LiOP,31,train
Li3PO4-016774,Li3PO4,LiOP,61,train
perovskite-000245,perovskite,CaHfOZr,20,train
ZrO2-004259,ZrO2,OZr,47,train
ZrO2-004100,ZrO2,OZr,47,train
Li3PO4-017952,Li3PO4,LiOP,61,train
Li3PO4-007603,Li3PO4,LiOP,32,train
Li3PO4-005261,Li3PO4,LiOP,32,train
Li3PO4-017148,Li3PO4,LiOP,61,train
perovskite-000308,perovskite,CaHfOSrTiZr,20,train
Li3PO4-009705,Li3PO4,LiOP,31,train
Li3PO4-008395,Li3PO4,LiOP,31,train
ZrO2-009602,ZrO2,OZr,48,train
Li3PO4-010854,Li3PO4,LiOP,31,train
ZrO2-007928,ZrO2,OZr,95,train
ZrO2-006941,ZrO2,OZr,95,train
Li3PO4-015166,Li3PO4,LiOP,61,train
ZrO2-005977,ZrO2,OZr,95,train
Li3PO4-007335,Li3PO4,LiOP,32,train
Li3PO4-003635,Li3PO4,LiOP,32,train
Li3PO4-014252,Li3PO4,LiOP,61,train
perovskite-000059,perovskite,BaOPbSrZr,20,train
ZrO2-007261,ZrO2,OZr,95,train
ZrO2-006036,ZrO2,OZr,95,train
Li3PO4-003910,Li3PO4,LiOP,32,train
Li3PO4-016583,Li3PO4,LiOP,61,train
Li3PO4-008874,Li3PO4,LiOP,31,train
Li3PO4-003848,Li3PO4,LiOP,32,train
ZrO2-000138,ZrO2,OZr,96,train
Li3PO4-003863,Li3PO4,LiOP,32,train
Li3PO4-002449,Li3PO4,LiOP,32,train
Li3PO4-013255,Li3PO4,LiOP,61,train
Li3PO4-006545,Li3PO4,LiOP,32,train
Li3PO4-004306,Li3PO4,LiOP,32,train
Li3PO4-012187,Li3PO4,LiOP,31,train
Li3PO4-009165,Li3PO4,LiOP,31,train
Li3PO4-006640,Li3PO4,LiOP,32,train
ZrO2-000646,ZrO2,OZr,96,train
Li3PO4-003460,Li3PO4,LiOP,32,train
Li3PO4-011806,Li3PO4,LiOP,31,train
perovskite-001166,perovskite,BaCaOPbTiZr,20,train
ZrO2-005312,ZrO2,OZr,47,train
Li3PO4-016982,Li3PO4,LiOP,61,train
ZrO2-008296,ZrO2,OZr,48,train
Li3PO4-000247,Li3PO4,LiOP,32,train
Li3PO4-012533,Li3PO4,LiOP,31,train
ZrO2-000195,ZrO2,OZr,96,train
Li3PO4-017336,Li3PO4,LiOP,61,train
Li3PO4-000089,Li3PO4,LiOP,32,train
Li3PO4-012905,Li3PO4,LiOP,31,train
Li3PO4-003186,Li3PO4,LiOP,32,train
Li3PO4-000830,Li3PO4,LiOP,32,train
Li3PO4-006508,Li3PO4,LiOP,32,train
Li3PO4-007311,Li3PO4,LiOP,32,train
ZrO2-000981,ZrO2,OZr,96,train
ZrO2-004712,ZrO2,OZr,47,train
Li3PO4-000738,Li3PO4,LiOP,32,train
ZrO2-005197,ZrO2,OZr,47,train
Li3PO4-000737,Li3PO4,LiOP,32,train
Li3PO4-004036,Li3PO4,LiOP,32,train
Li3PO4-010763,Li3PO4,LiOP,31,train
ZrO2-005436,ZrO2,OZr,47,train
perovskite-001205,perovskite,CaHfOSrTiZr,20,train
ZrO2-005453,ZrO2,OZr,47,train
Li3PO4-014644,Li3PO4,LiOP,61,train
ZrO2-009920,ZrO2,OZr,48,train
Li3PO4-008783,Li3PO4,LiOP,31,train
Li3PO4-004482,Li3PO4,LiOP,32,train
Li3PO4-002572,Li3PO4,LiOP,32,train
Li3PO4-007040,Li3PO4,LiOP,32,train
Li3PO4-008839,Li3PO4,LiOP,31,train
ZrO2-003066,ZrO2,OZr,95,train
Li3PO4-003424,Li3PO4,LiOP,32,train
ZrO2-004971,ZrO2,OZr,47,train
ZrO2-001703,ZrO2,OZr,96,train
ZrO2-009597,ZrO2,OZr,48,train
ZrO2-005615,ZrO2,OZr,95,train
Li3PO4-000792,Li3PO4,LiOP,32,train
ZrO2-003367,ZrO2,OZr,95,train
Li3PO4-017020,Li3PO4,LiOP,61,train
ZrO2-004401,ZrO2,OZr,47,train
perovskite-000586,perovskite,CaHfOPbTiZr,20,train
ZrO2-007875,ZrO2,OZr,95,train
Li3PO4-016004,Li3PO4,LiOP,61,train
Li3PO4-005471,Li3PO4,LiOP,32,train
ZrO2-001819,ZrO2,OZr,96,train
ZrO2-010003,ZrO2,OZr,48,train
Li3PO4-016249,Li3PO4,LiOP,61,train
Li3PO4-009686,Li3PO4,LiOP,31,train
Li3PO4-010761,Li3PO4,LiOP,31,train
Li3PO4-010331,Li3PO4,LiOP,31,train
Li3PO4-005875,Li3PO4,LiOP,32,train
ZrO2-009653,ZrO2,OZr,48,train
Li3PO4-004787,Li3PO4,LiOP,32,train
Li3PO4-002896,Li3PO4,LiOP,32,train
Li3PO4-012653,Li3PO4,LiOP,31,train
Li3PO4-002750,Li3PO4,LiOP,32,train
Li3PO4-008009,Li3PO4,LiOP,31,train
Li3PO4-001503,Li3PO4,LiOP,32,train
Li3PO4-015627,Li3PO4,LiOP,61,train
perovskite-001187,perovskite,CaOSrTiZr,20,train
Li3PO4-014275,Li3PO4,LiOP,61,train
ZrO2-009092,ZrO2,OZr,48,train
ZrO2-007333,ZrO2,OZr,95,train
Li3PO4-017014,Li3PO4,LiOP,61,train
Li3PO4-003229,Li3PO4,LiOP,32,train
Li3PO4-001742,Li3PO4,LiOP,32,train
Li3PO4-001312,Li3PO4,LiOP,32,train
Li3PO4-013325,Li3PO4,LiOP,61,train
Li3PO4-017953,Li3PO4,LiOP,61,train
Li3PO4-003894,Li3PO4,LiOP,32,train
ZrO2-009130,ZrO2,OZr,48,train
Li3PO4-014717,Li3PO4,LiOP,61,train
Li3PO4-002986,Li3PO4,LiOP,32,train
Li3PO4-017389,Li3PO4,LiOP,61,train
ZrO2-009280,ZrO2,OZr,48,train
ZrO2-002493,ZrO2,OZr,95,train
Li3PO4-009405,Li3PO4,LiOP,31,train
perovskite-001144,perovskite,BaCaOPbTiZr,20,train
Li3PO4-001203,Li3PO4,LiOP,32,train
ZrO2-003406,ZrO2,OZr,95,train
Li3PO4-002687,Li3PO4,LiOP,32,train
perovskite-001158,perovskite,BaCaHfOPbTi,20,train
Li3PO4-007606,Li3PO4,LiOP,32,train
Li3PO4-015350,Li3PO4,LiOP,61,train
Li3PO4-000667,Li3PO4,LiOP,32,train
Li3PO4-008999,Li3PO4,LiOP,31,train
Li3PO4-013002,Li3PO4,LiOP,61,train
Li3PO4-017231,Li3PO4,LiOP,61,train
ZrO2-006514,ZrO2,OZr,95,train
ZrO2-002658,ZrO2,OZr,95,train
Li3PO4-015040,Li3PO4,LiOP,61,train
Li3PO4-002705,Li3PO4,LiOP,32,train
ZrO2-009339,ZrO2,OZr,48,train
Li3PO4-010564,Li3PO4,LiOP,31,train
ZrO2-002648,ZrO2,OZr,95,train
Li3PO4-009281,Li3PO4,LiOP,31,train
ZrO2-003583,ZrO2,OZr,47,train
ZrO2-009971,ZrO2,OZr,48,train
Li3PO4-007893,Li3PO4,LiOP,32,train
ZrO2-001722,ZrO2,OZr,96,train
Li3PO4-005544,Li3PO4,LiOP,32,train
ZrO2-006379,ZrO2,OZr,95,train
Li3PO4-014658,Li3PO4,LiOP,61,train
Li3PO4-009011,Li3PO4,LiOP,31,train
Li3PO4-005214,Li3PO4,LiOP,32,train
Li3PO4-011162,Li3PO4,LiOP,31,train
Li3PO4-005821,Li3PO4,LiOP,32,train
ZrO2-004094,ZrO2,OZr,47,train
Li3PO4-000327,Li3PO4,LiOP,32,train
Li3PO4-001323,Li3PO4,LiOP,32,train
Li3PO4-013893,Li3PO4,LiOP,61,train
ZrO2-008461,ZrO2,OZr,48,train
ZrO2-009174,ZrO2,OZr,48,train
ZrO2-002981,ZrO2,OZr,95,train
Li3PO4-004938,Li3PO4,LiOP,32,train
Li3PO4-000725,Li3PO4,LiOP,32,train
Li3PO4-004547,Li3PO4,LiOP,32,train
ZrO2-009727,ZrO2,OZr,48,train
Li3PO4-013996,Li3PO4,LiOP,61,train
ZrO2-007186,ZrO2,OZr,95,train
Li3PO4-006119,Li3PO4,LiOP,32,train
Li3PO4-016561,Li3PO4,LiOP,61,train
ZrO2-007544,ZrO2,OZr,95,train
ZrO2-002504,ZrO2,OZr,95,train
ZrO2-001742,ZrO2,OZr,96,train
Li3PO4-002314,Li3PO4,LiOP,32,train
Li3PO4-002606,Li3PO4,LiOP,32,train
ZrO2-008173,ZrO2,OZr,48,train
Li3PO4-003248,Li3PO4,LiOP,32,train
Li3PO4-005115,Li3PO4,LiOP,32,train
Li3PO4-008104,Li3PO4,LiOP,31,train
Li3PO4-006408,Li3PO4,LiOP,32,train
Li3PO4-010481,Li3PO4,LiOP,31,train
Li3PO4-015191,Li3PO4,LiOP,61,train
Li3PO4-001023,Li3PO4,LiOP,32,train
Li3PO4-006235,Li3PO4,LiOP,32,train
ZrO2-009353,ZrO2,OZr,48,train
Li3PO4-003690,Li3PO4,LiOP,32,train
ZrO2-007462,ZrO2,OZr,95,train
Li3PO4-005464,Li3PO4,LiOP,32,train
Li3PO4-012526,Li3PO4,LiOP,31,train
Li3PO4-013172,Li3PO4,LiOP,61,train
Li3PO4-002828,Li3PO4,LiOP,32,train
ZrO2-002717,ZrO2,OZr,95,train
Li3PO4-003937,Li3PO4,LiOP,32,train
perovskite-000095,perovskite,CaOPbSrTi,20,train
ZrO2-005055,ZrO2,OZr,47,train
Li3PO4-007747,Li3PO4,LiOP,32,train
Li3PO4-016497,Li3PO4,LiOP,61,train
Li3PO4-007652,Li3PO4,LiOP,32,train
ZrO2-009910,ZrO2,OZr,48,train
Li3PO4-016891,Li3PO4,LiOP,61,train
Li3PO4-000486,Li3PO4,LiOP,32,train
Li3PO4-003216,Li3PO4,LiOP,32,train
perovskite-000962,perovskite,CaHfOPbSrTiZr,20,train
ZrO2-008783,ZrO2,OZr,48,train
Li3PO4-013237,Li3PO4,LiOP,61,train
Li3PO4-005015,Li3PO4,LiOP,32,train
Li3PO4-012149,Li3PO4,LiOP,31,train
Li3PO4-001103,Li3PO4,LiOP,32,train
ZrO2-005584,ZrO2,OZr,95,train
Li3PO4-006426,Li3PO4,LiOP,32,train
Li3PO4-011058,Li3PO4,LiOP,31,train
Li3PO4-006608,Li3PO4,LiOP,32,train
Li3PO4-010560,Li3PO4,LiOP,31,train
Li3PO4-011997,Li3PO4,LiOP,31,train
Li3PO4-000932,Li3PO4,LiOP,32,train
Li3PO4-016884,Li3PO4,LiOP,61,train
Li3PO4-014407,Li3PO4,LiOP,61,train
ZrO2-001125,ZrO2,OZr,96,train
Li3PO4-009571,Li3PO4,LiOP,31,train
Li3PO4-002282,Li3PO4,LiOP,32,train
ZrO2-009862,ZrO2,OZr,48,train
ZrO2-001397,ZrO2,OZr,96,train
Li3PO4-003884,Li3PO4,LiOP,32,train
Li3PO4-014687,Li3PO4,LiOP,61,train
Li3PO4-002256,Li3PO4,LiOP,32,train
Li3PO4-005973,Li3PO4,LiOP,32,train
Li3PO4-002860,Li3PO4,LiOP,32,train
ZrO2-009502,ZrO2,OZr,48,train
ZrO2-002358,ZrO2,OZr,95,train
Li3PO4-007165,Li3PO4,LiOP,32,train
ZrO2-002071,ZrO2,OZr,95,train
Li3PO4-010266,Li3PO4,LiOP,31,train
ZrO2-003177,ZrO2,OZr,95,train
Li3PO4-001041,Li3PO4,LiOP,32,train
ZrO2-001179,ZrO2,OZr,96,train
Li3PO4-006170,Li3PO4,LiOP,32,train
Li3PO4-003780,Li3PO4,LiOP,32,train
Li3PO4-004399,Li3PO4,LiOP,32,train
Li3PO4-009035,Li3PO4,LiOP,31,train
Li3PO4-017089,Li3PO4,LiOP,61,train
Li3PO4-011758,Li3PO4,LiOP,31,train
ZrO2-000885,ZrO2,OZr,96,train
Li3PO4-010334,Li3PO4,LiOP,31,train
ZrO2-009988,ZrO2,OZr,48,train
Li3PO4-010134,Li3PO4,LiOP,31,train
Li3PO4-007355,Li3PO4,LiOP,32,train
perovskite-000410,perovskite,CaHfOPbSrTiZr,20,train
ZrO2-005325,ZrO2,OZr,47,train
ZrO2-009007,ZrO2,OZr,48,train
Li3PO4-002891,Li3PO4,LiOP,32,train
ZrO2-000965,ZrO2,OZr,96,train
Li3PO4-008781,Li3PO4,LiOP,31,train
Li3PO4-013762,Li3PO4,LiOP,61,train
Li3PO4-008499,Li3PO4,LiOP,31,train
Li3PO4-016322,Li3PO4,LiOP,61,train
ZrO2-009117,ZrO2,OZr,48,train
Li3PO4-011918,Li3PO4,LiOP,31,train
Li3PO4-005041,Li3PO4,LiOP,32,train
Li3PO4-005647,Li3PO4,LiOP,32,train
Li3PO4-009656,Li3PO4,LiOP,31,train
Li3PO4-004959,Li3PO4,LiOP,32,train
Li3PO4-010422,Li3PO4,LiOP,31,train
ZrO2-003361,ZrO2,OZr,95,train
ZrO2-007832,ZrO2,OZr,95,train
ZrO2-008474,ZrO2,OZr,48,train
Li3PO4-011980,Li3PO4,LiOP,31,train
Li3PO4-010000,Li3PO4,LiOP,31,train
Li3PO4-002352,Li3PO4,LiOP,32,train
ZrO2-003193,ZrO2,OZr,95,train
ZrO2-007847,ZrO2,OZr,95,train
ZrO2-002817,ZrO2,OZr,95,train
Li3PO4-004768,Li3PO4,LiOP,32,train
ZrO2-000430,ZrO2,OZr,96,train
Li3PO4-017173,Li3PO4,LiOP,61,train
Li3PO4-005029,Li3PO4,LiOP,32,train
Li3PO4-014906,Li3PO4,LiOP,61,train
ZrO2-009796,ZrO2,OZr,48,train
Li3PO4-009721,Li3PO4,LiOP,31,train
Li3PO4-004410,Li3PO4,LiOP,32,train
Li3PO4-017652,Li3PO4,LiOP,61,train
Li3PO4-008434,Li3PO4,LiOP,31,train
ZrO2-001838,ZrO2,OZr,96,train
Li3PO4-010261,Li3PO4,LiOP,31,train
Li3PO4-002401,Li3PO4,LiOP,32,train
ZrO2-009568,ZrO2,OZr,48,train
Li3PO4-009221,Li3PO4,LiOP,31,train
Li3PO4-004880,Li3PO4,LiOP,32,train
Li3PO4-006639,Li3PO4,LiOP,32,train
ZrO2-009356,ZrO2,OZr,48,train
ZrO2-001023,ZrO2,OZr,96,train
ZrO2-005133,ZrO2,OZr,47,train
perovskite-001135,perovskite,BaCaHfOPbSrZr,20,train
Li3PO4-016594,Li3PO4,LiOP,61,train
Li3PO4-014648,Li3PO4,LiOP,61,train
Li3PO4-007808,Li3PO4,LiOP,32,train
ZrO2-005267,ZrO2,OZr,47,train
ZrO2-003490,ZrO2,OZr,95,train
Li3PO4-007126,Li3PO4,LiOP,32,train
Li3PO4-012785,Li3PO4,LiOP,31,train
Li3PO4-000385,Li3PO4,LiOP,32,train
ZrO2-005779,ZrO2,OZr,95,train
Li3PO4-006741,Li3PO4,LiOP,32,train
Li3PO4-001135,Li3PO4,LiOP,32,train
ZrO2-007717,ZrO2,OZr,95,train
ZrO2-008483,ZrO2,OZr,48,train
ZrO2-006258,ZrO2,OZr,95,train
Li3PO4-010872,Li3PO4,LiOP,31,train
Li3PO4-017950,Li3PO4,LiOP,61,train
Li3PO4-012125,Li3PO4,LiOP,31,train
Li3PO4-010453,Li3PO4,LiOP,31,train
ZrO2-007027,ZrO2,OZr,95,train
ZrO2-005082,ZrO2,OZr,47,train
Li3PO4-012733,Li3PO4,LiOP,31,train
Li3PO4-000405,Li3PO4,LiOP,32,train
Li3PO4-001246,Li3PO4,LiOP,32,train
ZrO2-007707,ZrO2,OZr,95,train
Li3PO4-007884,Li3PO4,LiOP,32,train
ZrO2-001234,ZrO2,OZr,96,train
ZrO2-008914,ZrO2,OZr,48,train
ZrO2-008131,ZrO2,OZr,48,train
Li3PO4-017227,Li3PO4,LiOP,61,train
Li3PO4-011077,Li3PO4,LiOP,31,train
Li3PO4-007834,Li3PO4,LiOP,32,train
ZrO2-003993,ZrO2,OZr,47,train
Li3PO4-015738,Li3PO4,LiOP,61,train
Li3PO4-000397,Li3PO4,LiOP,32,train
ZrO2-009918,ZrO2,OZr,48,train
Li3PO4-003807,Li3PO4,LiOP,32,train
Li3PO4-015639,Li3PO4,LiOP,61,train
Li3PO4-000928,Li3PO4,LiOP,32,train
ZrO2-007876,ZrO2,OZr,95,train
Li3PO4-016805,Li3PO4,LiOP,61,train
Li3PO4-007621,Li3PO4,LiOP,32,train
ZrO2-002248,ZrO2,OZr,95,train
ZrO2-003456,ZrO2,OZr,95,train
Li3PO4-006892,Li3PO4,LiOP,32,train
Li3PO4-005273,Li3PO4,LiOP,32,train
Li3PO4-008347,Li3PO4,LiOP,31,train
ZrO2-000922,ZrO2,OZr,96,train
Li3PO4-010978,Li3PO4,LiOP,31,train
Li3PO4-015669,Li3PO4,LiOP,61,train
ZrO2-010019,ZrO2,OZr,48,train
ZrO2-009965,ZrO2,OZr,48,train
Li3PO4-007449,Li3PO4,LiOP,32,train
perovskite-000610,perovskite,CaHfOPbTiZr,20,train
ZrO2-006722,ZrO2,OZr,95,train
Li3PO4-014177,Li3PO4,LiOP,61,train
ZrO2-005294,ZrO2,OZr,47,train
Li3PO4-012529,Li3PO4,LiOP,31,train
ZrO2-004127,ZrO2,OZr,47,train
perovskite-000643,perovskite,CaHfOPbSrZr,20,train
ZrO2-000240,ZrO2,OZr,96,train
ZrO2-009494,ZrO2,OZr,48,train
Li3PO4-000957,Li3PO4,LiOP,32,train
Li3PO4-004629,Li3PO4,LiOP,32,train
Li3PO4-008137,Li3PO4,LiOP,31,train
Li3PO4-014972,Li3PO4,LiOP,61,train
ZrO2-006634,ZrO2,OZr,95,train
Li3PO4-015956,Li3PO4,LiOP,61,train
ZrO2-004109,ZrO2,OZr,47,train
Li3PO4-001186,Li3PO4,LiOP,32,train
ZrO2-007929,ZrO2,OZr,95,train
Li3PO4-011150,Li3PO4,LiOP,31,train
Li3PO4-007700,Li3PO4,LiOP,32,train
Li3PO4-010369,Li3PO4,LiOP,31,train
ZrO2-005321,ZrO2,OZr,47,train
Li3PO4-001842,Li3PO4,LiOP,32,train
Li3PO4-008343,Li3PO4,LiOP,31,train
Li3PO4-014303,Li3PO4,LiOP,61,train
Li3PO4-015903,Li3PO4,LiOP,61,train
Li3PO4-015312,Li3PO4,LiOP,61,train
ZrO2-005046,ZrO2,OZr,47,train
Li3PO4-013345,Li3PO4,LiOP,61,train
Li3PO4-002889,Li3PO4,LiOP,32,train
Li3PO4-008041,Li3PO4,LiOP,31,train
Li3PO4-010010,Li3PO4,LiOP,31,train
Li3PO4-000400,Li3PO4,LiOP,32,train
Li3PO4-004366,Li3PO4,LiOP,32,train
Li3PO4-017911,Li3PO4,LiOP,61,train
Li3PO4-002530,Li3PO4,LiOP,32,train
Li3PO4-011208,Li3PO4,LiOP,31,train
perovskite-000360,perovskite,BaCaHfOTiZr,20,train
Li3PO4-009285,Li3PO4,LiOP,31,train
Li3PO4-013029,Li3PO4,LiOP,61,train
ZrO2-001686,ZrO2,OZr,96,train
Li3PO4-003950,Li3PO4,LiOP,32,train
ZrO2-000975,ZrO2,OZr,96,train
Li3PO4-007092,Li3PO4,LiOP,32,train
ZrO2-005647,ZrO2,OZr,95,train
ZrO2-005181,ZrO2,OZr,47,train
Li3PO4-015067,Li3PO4,LiOP,61,train
Li3PO4-015718,Li3PO4,LiOP,61,train
Li3PO4-007509,Li3PO4,LiOP,32,train
ZrO2-002915,ZrO2,OZr,95,train
ZrO2-006720,ZrO2,OZr,95,train
Li3PO4-010955,Li3PO4,LiOP,31,train
Li3PO4-005000,Li3PO4,LiOP,32,train
Li3PO4-004842,Li3PO4,LiOP,32,train
ZrO2-008835,ZrO2,OZr,48,train
ZrO2-007796,ZrO2,OZr,95,train
Li3PO4-010561,Li3PO4,LiOP,31,train
Li3PO4-006663,Li3PO4,LiOP,32,train
ZrO2-005532,ZrO2,OZr,47,train
ZrO2-000298,ZrO2,OZr,96,train
Li3PO4-015780,Li3PO4,LiOP,61,train
Li3PO4-008081,Li3PO4,LiOP,31,train
Li3PO4-010072,Li3PO4,LiOP,31,train
ZrO2-000958,ZrO2,OZr,96,train
ZrO2-002272,ZrO2,OZr,95,train
Li3PO4-012507,Li3PO4,LiOP,31,train
Li3PO4-001207,Li3PO4,LiOP,32,train
Li3PO4-016314,Li3PO4,LiOP,61,train
Li3PO4-000804,Li3PO4,LiOP,32,train
Li3PO4-007163,Li3PO4,LiOP,32,train
ZrO2-002151,ZrO2,OZr,95,train
Li3PO4-011697,Li3PO4,LiOP,31,train
Li3PO4-007375,Li3PO4,LiOP,32,train
Li3PO4-013431,Li3PO4,LiOP,61,train
ZrO2-007618,ZrO2,OZr,95,train
ZrO2-009273,ZrO2,OZr,48,train
Li3PO4-006726,Li3PO4,LiOP,32,train
Li3PO4-003625,Li3PO4,LiOP,32,train
Li3PO4-008536,Li3PO4,LiOP,31,train
Li3PO4-014444,Li3PO4,LiOP,61,train
Li3PO4-012307,Li3PO4,LiOP,31,train
Li3PO4-010016,Li3PO4,LiOP,31,train
Li3PO4-011937,Li3PO4,LiOP,31,train
Li3PO4-001593,Li3PO4,LiOP,32,train
Li3PO4-016447,Li3PO4,LiOP,61,train
Li3PO4-012246,Li3PO4,LiOP,31,train
Li3PO4-004026,Li3PO4,LiOP,32,train
Li3PO4-015806,Li3PO4,LiOP,61,train
Li3PO4-017531,Li3PO4,LiOP,61,train
ZrO2-000536,ZrO2,OZr,96,train
Li3PO4-015147,Li3PO4,LiOP,61,train
Li3PO4-015290,Li3PO4,LiOP,61,train
Li3PO4-005916,Li3PO4,LiOP,32,train
Li3PO4-008683,Li3PO4,LiOP,31,train
Li3PO4-009780,Li3PO4,LiOP,31,train
Li3PO4-003183,Li3PO4,LiOP,32,train
Li3PO4-002761,Li3PO4,LiOP,32,train
Li3PO4-017781,Li3PO4,LiOP,61,train
ZrO2-008768,ZrO2,OZr,48,train
Li3PO4-007037,Li3PO4,LiOP,32,train
Li3PO4-000243,Li3PO4,LiOP,32,train
Li3PO4-016738,Li3PO4,LiOP,61,train
ZrO2-006840,ZrO2,OZr,95,train
Li3PO4-012473,Li3PO4,LiOP,31,train
Li3PO4-012032,Li3PO4,LiOP,31,train
ZrO2-002814,ZrO2,OZr,95,train
ZrO2-003639,ZrO2,OZr,47,train
Li3PO4-014995,Li3PO4,LiOP,61,train
Li3PO4-010009,Li3PO4,LiOP,31,train
Li3PO4-001318,Li3PO4,LiOP,32,train
Li3PO4-017926,Li3PO4,LiOP,61,train
ZrO2-003281,ZrO2,OZr,95,train
Li3PO4-000123,Li3PO4,LiOP,32,train
Li3PO4-000161,Li3PO4,LiOP,32,train
Li3PO4-004004,Li3PO4,LiOP,32,train
Li3PO4-016115,Li3PO4,LiOP,61,train
ZrO2-004249,ZrO2,OZr,47,train
Li3PO4-002600,Li3PO4,LiOP,32,train
ZrO2-001575,ZrO2,OZr,96,train
ZrO2-001011,ZrO2,OZr,96,train
ZrO2-004492,ZrO2,OZr,47,train
Li3PO4-016779,Li3PO4,LiOP,61,train
ZrO2-001944,ZrO2,OZr,96,train
ZrO2-007074,ZrO2,OZr,95,train
Li3PO4-012835,Li3PO4,LiOP,31,train
Li3PO4-017276,Li3PO4,LiOP,61,train
Li3PO4-003695,Li3PO4,LiOP,32,train
Li3PO4-007588,Li3PO4,LiOP,32,train
Li3PO4-008650,Li3PO4,LiOP,31,train
Li3PO4-008877,Li3PO4,LiOP,31,train
Li3PO4-008063,Li3PO4,LiOP,31,train
Li3PO4-008903,Li3PO4,LiOP,31,train
Li3PO4-010493,Li3PO4,LiOP,31,train
ZrO2-007273,ZrO2,OZr,95,train
Li3PO4-000516,Li3PO4,LiOP,32,train
Li3PO4-009199,Li3PO4,LiOP,31,train
ZrO2-004465,ZrO2,OZr,47,train
ZrO2-009271,ZrO2,OZr,48,train
ZrO2-005491,ZrO2,OZr,47,train
Li3PO4-012759,Li3PO4,LiOP,31,train
Li3PO4-005329,Li3PO4,LiOP,32,train
ZrO2-002800,ZrO2,OZr,95,train
Li3PO4-017651,Li3PO4,LiOP,61,train
Li3PO4-008182,Li3PO4,LiOP,31,train
Li3PO4-012347,Li3PO4,LiOP,31,train
Li3PO4-002178,Li3PO4,LiOP,32,train
Li3PO4-014559,Li3PO4,LiOP,61,train
Li3PO4-015596,Li3PO4,LiOP,61,train
ZrO2-000524,ZrO2,OZr,96,train
ZrO2-007888,ZrO2,OZr,95,train
Li3PO4-009873,Li3PO4,LiOP,31,train
Li3PO4-013916,Li3PO4,LiOP,61,train
ZrO2-005461,ZrO2,OZr,47,train
Li3PO4-001420,Li3PO4,LiOP,32,train
perovskite-000584,perovskite,CaHfOPbTiZr,20,train
Li3PO4-002197,Li3PO4,LiOP,32,train
ZrO2-005001,ZrO2,OZr,47,train
Li3PO4-010852,Li3PO4,LiOP,31,train
Li3PO4-004548,Li3PO4,LiOP,32,train
Li3PO4-002978,Li3PO4,LiOP,32,train
Li3PO4-009038,Li3PO4,LiOP,31,train
ZrO2-001091,ZrO2,OZr,96,train
ZrO2-007901,ZrO2,OZr,95,train
ZrO2-004946,ZrO2,OZr,47,train
ZrO2-006653,ZrO2,OZr,95,train
Li3PO4-001917,Li3PO4,LiOP,32,train
Li3PO4-001471,Li3PO4,LiOP,32,train
Li3PO4-010078,Li3PO4,LiOP,31,train
ZrO2-002789,ZrO2,OZr,95,train
Li3PO4-007817,Li3PO4,LiOP,32,train
ZrO2-007663,ZrO2,OZr,95,train
Li3PO4-005733,Li3PO4,LiOP,32,train
ZrO2-005242,ZrO2,OZr,47,train
ZrO2-005869,ZrO2,OZr,95,train
perovskite-001020,perovskite,BaCaHfOPbTiZr,20,train
Li3PO4-012261,Li3PO4,LiOP,31,train
ZrO2-000309,ZrO2,OZr,96,train
perovskite-000483,perovskite,CaHfOSrTi,20,train
Li3PO4-002093,Li3PO4,LiOP,32,train
perovskite-000707,perovskite,CaHfOPbTiZr,20,train
ZrO2-001488,ZrO2,OZr,96,train
ZrO2-003113,ZrO2,OZr,95,train
Li3PO4-000552,Li3PO4,LiOP,32,train
Li3PO4-003660,Li3PO4,LiOP,32,train
Li3PO4-002226,Li3PO4,LiOP,32,train
Li3PO4-005644,Li3PO4,LiOP,32,train
Li3PO4-012054,Li3PO4,LiOP,31,train
Li3PO4-015528,Li3PO4,LiOP,61,train
Li3PO4-008185,Li3PO4,LiOP,31,train
ZrO2-009970,ZrO2,OZr,48,train
perovskite-000577,perovskite,CaHfOPbTi,20,train
Li3PO4-001708,Li3PO4,LiOP,32,train
Li3PO4-002784,Li3PO4,LiOP,32,train
ZrO2-005443,ZrO2,OZr,47,train
ZrO2-003690,ZrO2,OZr,47,train
Li3PO4-015577,Li3PO4,LiOP,61,train
ZrO2-002723,ZrO2,OZr,95,train
Li3PO4-007357,Li3PO4,LiOP,32,train
Li3PO4-005514,Li3PO4,LiOP,32,train
ZrO2-003045,ZrO2,OZr,95,train
ZrO2-008350,ZrO2,OZr,48,train
Li3PO4-009897,Li3PO4,LiOP,31,train
Li3PO4-002193,Li3PO4,LiOP,32,train
ZrO2-006437,ZrO2,OZr,95,train
ZrO2-000400,ZrO2,OZr,96,train
Li3PO4-014182,Li3PO4,LiOP,61,train
ZrO2-008258,ZrO2,OZr,48,train
ZrO2-002316,ZrO2,OZr,95,train
Li3PO4-013362,Li3PO4,LiOP,61,train
Li3PO4-017192,Li3PO4,LiOP,61,train
ZrO2-000352,ZrO2,OZr,96,train
Li3PO4-005189,Li3PO4,LiOP,32,train
Li3PO4-012828,Li3PO4,LiOP,31,train
Li3PO4-009288,Li3PO4,LiOP,31,train
ZrO2-009599,ZrO2,OZr,48,train
Li3PO4-000984,Li3PO4,LiOP,32,train
ZrO2-005008,ZrO2,OZr,47,train
Li3PO4-013988,Li3PO4,LiOP,61,train
Li3PO4-004610,Li3PO4,LiOP,32,train
Li3PO4-000343,Li3PO4,LiOP,32,train
ZrO2-008395,ZrO2,OZr,48,train
Li3PO4-011539,Li3PO4,LiOP,31,train
ZrO2-000888,ZrO2,OZr,96,train
ZrO2-006132,ZrO2,OZr,95,train
Li3PO4-010439,Li3PO4,LiOP,31,train
Li3PO4-012719,Li3PO4,LiOP,31,train
Li3PO4-010537,Li3PO4,LiOP,31,train
Li3PO4-006014,Li3PO4,LiOP,32,train
ZrO2-002255,ZrO2,OZr,95,train
Li3PO4-016155,Li3PO4,LiOP,61,train
ZrO2-006234,ZrO2,OZr,95,train
ZrO2-009163,ZrO2,OZr,48,train
ZrO2-002391,ZrO2,OZr,95,train
ZrO2-000779,ZrO2,OZr,96,train
Li3PO4-003305,Li3PO4,LiOP,32,train
Li3PO4-008398,Li3PO4,LiOP,31,train
ZrO2-008736,ZrO2,OZr,48,train
Li3PO4-007748,Li3PO4,LiOP,32,train
ZrO2-009804,ZrO2,OZr,48,train
ZrO2-010064,ZrO2,OZr,48,train
Li3PO4-005088,Li3PO4,LiOP,32,train
Li3PO4-009087,Li3PO4,LiOP,31,train
ZrO2-008181,ZrO2,OZr,48,train
Li3PO4-009428,Li3PO4,LiOP,31,train
ZrO2-004338,ZrO2,OZr,47,train
ZrO2-003650,ZrO2,OZr,47,train
Li3PO4-015845,Li3PO4,LiOP,61,train
perovskite-000031,perovskite,CaOPbSrZr,20,train
perovskite-000697,perovskite,BaCaHfOPbZr,20,train
ZrO2-004821,ZrO2,OZr,47,train
perovskite-000631,perovskite,CaHfOPbSrTiZr,20,train
ZrO2-010018,ZrO2,OZr,48,train
ZrO2-007063,ZrO2,OZr,95,train
Li3PO4-012553,Li3PO4,LiOP,31,train
ZrO2-003543,ZrO2,OZr,95,train
Li3PO4-003085,Li3PO4,LiOP,32,train
ZrO2-009384,ZrO2,OZr,48,train
ZrO2-009726,ZrO2,OZr,48,train
Li3PO4-011425,Li3PO4,LiOP,31,train
perovskite-000994,perovskite,BaCaHfOPbSrTi,20,train
Li3PO4-000388,Li3PO4,LiOP,32,train
ZrO2-003376,ZrO2,OZr,95,train
Li3PO4-009748,Li3PO4,LiOP,31,train
ZrO2-002593,ZrO2,OZr,95,train
Li3PO4-005267,Li3PO4,LiOP,32,train
Li3PO4-007501,Li3PO4,LiOP,32,train
Li3PO4-005237,Li3PO4,LiOP,32,train
Li3PO4-009003,Li3PO4,LiOP,31,train
ZrO2-006434,ZrO2,OZr,95,train
ZrO2-009729,ZrO2,OZr,48,train
ZrO2-006794,ZrO2,OZr,95,train
ZrO2-006066,ZrO2,OZr,95,train
Li3PO4-009386,Li3PO4,LiOP,31,train
ZrO2-000124,ZrO2,OZr,96,train
ZrO2-002040,ZrO2,OZr,95,train
Li3PO4-001775,Li3PO4,LiOP,32,train
Li3PO4-002956,Li3PO4,LiOP,32,train
ZrO2-004937,ZrO2,OZr,47,train
Li3PO4-017895,Li3PO4,LiOP,61,train
ZrO2-002164,ZrO2,OZr,95,train
ZrO2-002086,ZrO2,OZr,95,train
Li3PO4-015009,Li3PO4,LiOP,61,train
Li3PO4-010604,Li3PO4,LiOP,31,train
ZrO2-009351,ZrO2,OZr,48,train
Li3PO4-014635,Li3PO4,LiOP,61,train
ZrO2-009157,ZrO2,OZr,48,train
ZrO2-005659,ZrO2,OZr,95,train
Li3PO4-013068,Li3PO4,LiOP,61,train
Li3PO4-002299,Li3PO4,LiOP,32,train
ZrO2-008408,ZrO2,OZr,48,train
ZrO2-004485,ZrO2,OZr,47,train
Li3PO4-012989,Li3PO4,LiOP,31,train
Li3PO4-000549,Li3PO4,LiOP,32,train
Li3PO4-003788,Li3PO4,LiOP,32,train
Li3PO4-010710,Li3PO4,LiOP,31,train
Li3PO4-005268,Li3PO4,LiOP,32,train
Li3PO4-015687,Li3PO4,LiOP,61,train
Li3PO4-013077,Li3PO4,LiOP,61,train
Li3PO4-010437,Li3PO4,LiOP,31,train
ZrO2-001274,ZrO2,OZr,96,train
Li3PO4-001051,Li3PO4,LiOP,32,train
Li3PO4-011762,Li3PO4,LiOP,31,train
ZrO2-004278,ZrO2,OZr,47,train
Li3PO4-000868,Li3PO4,LiOP,32,train
ZrO2-004771,ZrO2,OZr,47,train
ZrO2-005004,ZrO2,OZr,47,train
Li3PO4-014218,Li3PO4,LiOP,61,train
ZrO2-008982,ZrO2,OZr,48,train
perovskite-001199,perovskite,CaHfOSrTiZr,20,train
Li3PO4-015730,Li3PO4,LiOP,61,train
ZrO2-000468,ZrO2,OZr,96,train
Li3PO4-013011,Li3PO4,LiOP,61,train
ZrO2-000485,ZrO2,OZr,96,train
Li3PO4-017198,Li3PO4,LiOP,61,train
Li3PO4-005727,Li3PO4,LiOP,32,train
Li3PO4-017528,Li3PO4,LiOP,61,train
Li3PO4-017193,Li3PO4,LiOP,61,train
Li3PO4-011695,Li3PO4,LiOP,31,train
Li3PO4-003631,Li3PO4,LiOP,32,train
Li3PO4-016090,Li3PO4,LiOP,61,train
Li3PO4-010656,Li3PO4,LiOP,31,train
Li3PO4-006338,Li3PO4,LiOP,32,train
Li3PO4-006816,Li3PO4,LiOP,32,train
ZrO2-005397,ZrO2,OZr,47,train
Li3PO4-004780,Li3PO4,LiOP,32,train
ZrO2-000384,ZrO2,OZr,96,train
Li3PO4-007347,Li3PO4,LiOP,32,train
Li3PO4-000536,Li3PO4,LiOP,32,train
Li3PO4-003498,Li3PO4,LiOP,32,train
Li3PO4-016804,Li3PO4,LiOP,61,train
ZrO2-001791,ZrO2,OZr,96,train
Li3PO4-014496,Li3PO4,LiOP,61,train
ZrO2-001764,ZrO2,OZr,96,train
Li3PO4-011051,Li3PO4,LiOP,31,train
ZrO2-003366,ZrO2,OZr,95,train
Li3PO4-013545,Li3PO4,LiOP,61,train
Li3PO4-008253,Li3PO4,LiOP,31,train
Li3PO4-009640,Li3PO4,LiOP,31,train
perovskite-000114,perovskite,BaCaOPbTi,20,train
Li3PO4-017363,Li3PO4,LiOP,61,train
Li3PO4-017456,Li3PO4,LiOP,61,train
ZrO2-001256,ZrO2,OZr,96,train
Li3PO4-001900,Li3PO4,LiOP,32,train
Li3PO4-011757,Li3PO4,LiOP,31,train
Li3PO4-011831,Li3PO4,LiOP,31,train
Li3PO4-016610,Li3PO4,LiOP,61,train
Li3PO4-010475,Li3PO4,LiOP,31,train
perovskite-000686,perovskite,BaCaHfOPbTiZr,20,train
ZrO2-001773,ZrO2,OZr,96,train
Li3PO4-005332,Li3PO4,LiOP,32,train
Li3PO4-008042,Li3PO4,LiOP,31,train
Li3PO4-003292,Li3PO4,LiOP,32,train
Li3PO4-008978,Li3PO4,LiOP,31,train
Li3PO4-003133,Li3PO4,LiOP,32,train
Li3PO4-016262,Li3PO4,LiOP,61,train
Li3PO4-008199,Li3PO4,LiOP,31,train
Li3PO4-015387,Li3PO4,LiOP,61,train
Li3PO4-015728,Li3PO4,LiOP,61,train
Li3PO4-013292,Li3PO4,LiOP,61,train
Li3PO4-016059,Li3PO4,LiOP,61,train
Li3PO4-002707,Li3PO4,LiOP,32,train
Li3PO4-001631,Li3PO4,LiOP,32,train
Li3PO4-009233,Li3PO4,LiOP,31,train
ZrO2-004920,ZrO2,OZr,47,train
perovskite-000838,perovskite,BaCaHfOPbZr,20,train
Li3PO4-007273,Li3PO4,LiOP,32,train
ZrO2-005300,ZrO2,OZr,47,train
Li3PO4-001654,Li3PO4,LiOP,32,train
Li3PO4-013484,Li3PO4,LiOP,61,train
perovskite-000415,perovskite,CaHfOPbSrTiZr,20,train
Li3PO4-002203,Li3PO4,LiOP,32,train
ZrO2-005650,ZrO2,OZr,95,train
Li3PO4-006971,Li3PO4,LiOP,32,train
ZrO2-005262,ZrO2,OZr,47,train
ZrO2-009219,ZrO2,OZr,48,train
Li3PO4-004315,Li3PO4,LiOP,32,train
Li3PO4-007030,Li3PO4,LiOP,32,train
Li3PO4-000384,Li3PO4,LiOP,32,train
Li3PO4-004221,Li3PO4,LiOP,32,train
ZrO2-006431,ZrO2,OZr,95,train
Li3PO4-002170,Li3PO4,LiOP,32,train
ZrO2-000208,ZrO2,OZr,96,train
Li3PO4-007924,Li3PO4,LiOP,32,train
Li3PO4-007410,Li3PO4,LiOP,32,train
Li3PO4-002838,Li3PO4,LiOP,32,train
Li3PO4-015383,Li3PO4,LiOP,61,train
ZrO2-005286,ZrO2,OZr,47,train
perovskite-000242,perovskite,CaHfOTi,20,train
Li3PO4-006603,Li3PO4,LiOP,32,train
Li3PO4-004677,Li3PO4,LiOP,32,train
ZrO2-003348,ZrO2,OZr,95,train
Li3PO4-017434,Li3PO4,LiOP,61,train
ZrO2-009396,ZrO2,OZr,48,train
ZrO2-003152,ZrO2,OZr,95,train
ZrO2-004222,ZrO2,OZr,47,train
Li3PO4-003653,Li3PO4,LiOP,32,train
ZrO2-005450,ZrO2,OZr,47,train
ZrO2-008283,ZrO2,OZr,48,train
Li3PO4-011422,Li3PO4,LiOP,31,train
Li3PO4-008344,Li3PO4,LiOP,31,train
Li3PO4-003810,Li3PO4,LiOP,32,train
ZrO2-003047,ZrO2,OZr,95,train
ZrO2-004611,ZrO2,OZr,47,train
Li3PO4-009991,Li3PO4,LiOP,31,train
Li3PO4-011161,Li3PO4,LiOP,31,train
Li3PO4-010703,Li3PO4,LiOP,31,train
Li3PO4-005234,Li3PO4,LiOP,32,train
ZrO2-009214,ZrO2,OZr,48,train
Li3PO4-008481,Li3PO4,LiOP,31,train
ZrO2-007479,ZrO2,OZr,95,train
ZrO2-007905,ZrO2,OZr,95,train
Li3PO4-009230,Li3PO4,LiOP,31,train
Li3PO4-014012,Li3PO4,LiOP,61,train
Li3PO4-011180,Li3PO4,LiOP,31,train
Li3PO4-017165,Li3PO4,LiOP,61,train
ZrO2-006880,ZrO2,OZr,95,train
ZrO2-010083,ZrO2,OZr,48,train
Li3PO4-003925,Li3PO4,LiOP,32,train
Li3PO4-012795,Li3PO4,LiOP,31,train
Li3PO4-001536,Li3PO4,LiOP,32,train
ZrO2-006640,ZrO2,OZr,95,train
Li3PO4-012096,Li3PO4,LiOP,31,train
perovskite-001186,perovskite,CaOSrTiZr,20,train
Li3PO4-008917,Li3PO4,LiOP,31,train
Li3PO4-009463,Li3PO4,LiOP,31,train
ZrO2-006451,ZrO2,OZr,95,train
Li3PO4-000480,Li3PO4,LiOP,32,train
Li3PO4-006978,Li3PO4,LiOP,32,train
Li3PO4-001783,Li3PO4,LiOP,32,train
Li3PO4-010299,Li3PO4,LiOP,31,train
Li3PO4-013787,Li3PO4,LiOP,61,train
Li3PO4-002174,Li3PO4,LiOP,32,train
Li3PO4-010329,Li3PO4,LiOP,31,train
Li3PO4-006139,Li3PO4,LiOP,32,train
Li3PO4-015619,Li3PO4,LiOP,61,train
Li3PO4-010917,Li3PO4,LiOP,31,train
Li3PO4-015821,Li3PO4,LiOP,61,train
ZrO2-009656,ZrO2,OZr,48,train
ZrO2-002244,ZrO2,OZr,95,train
Li3PO4-009524,Li3PO4,LiOP,31,train
ZrO2-007658,ZrO2,OZr,95,train
Li3PO4-006684,Li3PO4,LiOP,32,train
Li3PO4-009231,Li3PO4,LiOP,31,train
ZrO2-010005,ZrO2,OZr,48,train
Li3PO4-011080,Li3PO4,LiOP,31,train
Li3PO4-011607,Li3PO4,LiOP,31,train
ZrO2-002613,ZrO2,OZr,95,train
Li3PO4-011896,Li3PO4,LiOP,31,train
Li3PO4-007208,Li3PO4,LiOP,32,train
perovskite-000300,perovskite,CaOSrTiZr,20,train
ZrO2-004068,ZrO2,OZr,47,train
Li3PO4-005089,Li3PO4,LiOP,32,train
Li3PO4-010925,Li3PO4,LiOP,31,train
Li3PO4-013449,Li3PO4,LiOP,61,train
Li3PO4-016700,Li3PO4,LiOP,61,train
ZrO2-005557,ZrO2,OZr,47,train
perovskite-001194,perovskite,CaOSrTiZr,20,train
Li3PO4-006371,Li3PO4,LiOP,32,train
ZrO2-000488,ZrO2,OZr,96,train
ZrO2-004638,ZrO2,OZr,47,train
Li3PO4-012132,Li3PO4,LiOP,31,train
Li3PO4-010285,Li3PO4,LiOP,31,train
ZrO2-000676,ZrO2,OZr,96,train
Li3PO4-014883,Li3PO4,LiOP,61,train
Li3PO4-008943,Li3PO4,LiOP,31,train
Li3PO4-000315,Li3PO4,LiOP,32,train
ZrO2-001854,ZrO2,OZr,96,train
Li3PO4-008301,Li3PO4,LiOP,31,train
Li3PO4-004700,Li3PO4,LiOP,32,train
ZrO2-001985,ZrO2,OZr,95,train
ZrO2-000029,ZrO2,OZr,96,train
ZrO2-006242,ZrO2,OZr,95,train
Li3PO4-002608,Li3PO4,LiOP,32,train
perovskite-001208,perovskite,CaOSrTiZr,20,train
perovskite-000439,perovskite,CaHfOPbSrZr,20,train
ZrO2-008488,ZrO2,OZr,48,train
ZrO2-004880,ZrO2,OZr,47,train
ZrO2-004369,ZrO2,OZr,47,train
ZrO2-005667,ZrO2,OZr,95,train
Li3PO4-006870,Li3PO4,LiOP,32,train
Li3PO4-014818,Li3PO4,LiOP,61,train
perovskite-000068,perovskite,BaOPbZr,20,train
Li3PO4-009647,Li3PO4,LiOP,31,train
Li3PO4-015912,Li3PO4,LiOP,61,train
Li3PO4-003190,Li3PO4,LiOP,32,train
perovskite-001066,perovskite,BaCaOPbTiZr,20,train
Li3PO4-010964,Li3PO4,LiOP,31,train
ZrO2-008904,ZrO2,OZr,48,train
Li3PO4-003120,Li3PO4,LiOP,32,train
Li3PO4-016578,Li3PO4,LiOP,61,train
perovskite-000673,perovskite,BaCaHfOPbTiZr,20,train
ZrO2-003055,ZrO2,OZr,95,train
Li3PO4-010886,Li3PO4,LiOP,31,train
Li3PO4-014411,Li3PO4,LiOP,61,train
Li3PO4-014038,Li3PO4,LiOP,61,train
ZrO2-009658,ZrO2,OZr,48,train
Li3PO4-007231,Li3PO4,LiOP,32,train
Li3PO4-006403,Li3PO4,LiOP,32,train
Li3PO4-004360,Li3PO4,LiOP,32,train
Li3PO4-002898,Li3PO4,LiOP,32,train
Li3PO4-004113,Li3PO4,LiOP,32,train
Li3PO4-014390,Li3PO4,LiOP,61,train
Li3PO4-010953,Li3PO4,LiOP,31,train
Li3PO4-013249,Li3PO4,LiOP,61,train
Li3PO4-000467,Li3PO4,LiOP,32,train
ZrO2-005574,ZrO2,OZr,95,train
Li3PO4-002515,Li3PO4,LiOP,32,train
Li3PO4-006104,Li3PO4,LiOP,32,train
Li3PO4-013294,Li3PO4,LiOP,61,train
perovskite-000977,perovskite,BaCaOPbSrTiZr,20,train
Li3PO4-011852,Li3PO4,LiOP,31,train
Li3PO4-002510,Li3PO4,LiOP,32,train
Li3PO4-014747,Li3PO4,LiOP,61,train
Li3PO4-014760,Li3PO4,LiOP,61,train
ZrO2-005511,ZrO2,OZr,47,train
ZrO2-003477,ZrO2,OZr,95,train
ZrO2-006925,ZrO2,OZr,95,train
Li3PO4-010639,Li3PO4,LiOP,31,train
Li3PO4-010489,Li3PO4,LiOP,31,train
ZrO2-005777,ZrO2,OZr,95,train
Li3PO4-014554,Li3PO4,LiOP,61,train
Li3PO4-011436,Li3PO4,LiOP,31,train
Li3PO4-004116,Li3PO4,LiOP,32,train
ZrO2-008134,ZrO2,OZr,48,train
Li3PO4-000706,Li3PO4,LiOP,32,train
Li3PO4-015714,Li3PO4,LiOP,61,train
ZrO2-006152,ZrO2,OZr,95,train
ZrO2-007056,ZrO2,OZr,95,train
ZrO2-002577,ZrO2,OZr,95,train
ZrO2-004390,ZrO2,OZr,47,train
Li3PO4-000284,Li3PO4,LiOP,32,train
Li3PO4-009075,Li3PO4,LiOP,31,train
ZrO2-009404,ZrO2,OZr,48,train
Li3PO4-003861,Li3PO4,LiOP,32,train
Li3PO4-008965,Li3PO4,LiOP,31,train
perovskite-000841,perovskite,BaCaHfOPbZr,20,train
Li3PO4-017834,Li3PO4,LiOP,61,train
Li3PO4-016221,Li3PO4,LiOP,61,train
Li3PO4-009946,Li3PO4,LiOP,31,train
Li3PO4-012715,Li3PO4,LiOP,31,train
Li3PO4-002651,Li3PO4,LiOP,32,train
ZrO2-005199,ZrO2,OZr,47,train
Li3PO4-002934,Li3PO4,LiOP,32,train
ZrO2-008618,ZrO2,OZr,48,train
ZrO2-006323,ZrO2,OZr,95,train
ZrO2-003141,ZrO2,OZr,95,train
Li3PO4-009654,Li3PO4,LiOP,31,train
Li3PO4-011859,Li3PO4,LiOP,31,train
Li3PO4-000512,Li3PO4,LiOP,32,train
ZrO2-002234,ZrO2,OZr,95,train
Li3PO4-002562,Li3PO4,LiOP,32,train
Li3PO4-003632,Li3PO4,LiOP,32,train
Li3PO4-006911,Li3PO4,LiOP,32,train
Li3PO4-014387,Li3PO4,LiOP,61,train
Li3PO4-008878,Li3PO4,LiOP,31,train
ZrO2-001081,ZrO2,OZr,96,train
Li3PO4-014126,Li3PO4,LiOP,61,train
Li3PO4-004431,Li3PO4,LiOP,32,train
Li3PO4-017473,Li3PO4,LiOP,61,train
ZrO2-004672,ZrO2,OZr,47,train
Li3PO4-008372,Li3PO4,LiOP,31,train
Li3PO4-006098,Li3PO4,LiOP,32,train
Li3PO4-017671,Li3PO4,LiOP,61,train
Li3PO4-001848,Li3PO4,LiOP,32,train
Li3PO4-008912,Li3PO4,LiOP,31,train
ZrO2-000264,ZrO2,OZr,96,train
Li3PO4-010581,Li3PO4,LiOP,31,train
Li3PO4-015793,Li3PO4,LiOP,61,train
Li3PO4-010384,Li3PO4,LiOP,31,train
ZrO2-008614,ZrO2,OZr,48,train
Li3PO4-009326,Li3PO4,LiOP,31,train
Li3PO4-008748,Li3PO4,LiOP,31,train
ZrO2-006963,ZrO2,OZr,95,train
ZrO2-003555,ZrO2,OZr,95,train
perovskite-000576,perovskite,CaHfOPbTiZr,20,train
Li3PO4-001868,Li3PO4,LiOP,32,train
Li3PO4-004517,Li3PO4,LiOP,32,train
Li3PO4-000129,Li3PO4,LiOP,32,train
Li3PO4-008589,Li3PO4,LiOP,31,train
Li3PO4-002274,Li3PO4,LiOP,32,train
Li3PO4-013684,Li3PO4,LiOP,61,train
Li3PO4-008040,Li3PO4,LiOP,31,train
Li3PO4-008053,Li3PO4,LiOP,31,train
Li3PO4-007130,Li3PO4,LiOP,32,train
Li3PO4-010527,Li3PO4,LiOP,31,train
Li3PO4-013716,Li3PO4,LiOP,61,train
ZrO2-000953,ZrO2,OZr,96,train
ZrO2-000611,ZrO2,OZr,96,train
Li3PO4-013242,Li3PO4,LiOP,61,train
Li3PO4-003900,Li3PO4,LiOP,32,train
Li3PO4-002103,Li3PO4,LiOP,32,train
ZrO2-006637,ZrO2,OZr,95,train
ZrO2-005368,ZrO2,OZr,47,train
Li3PO4-014831,Li3PO4,LiOP,61,train
Li3PO4-004915,Li3PO4,LiOP,32,train
ZrO2-008405,ZrO2,OZr,48,train
Li3PO4-002587,Li3PO4,LiOP,32,train
Li3PO4-014199,Li3PO4,LiOP,61,train
ZrO2-010066,ZrO2,OZr,48,train
Li3PO4-006679,Li3PO4,LiOP,32,train
Li3PO4-000419,Li3PO4,LiOP,32,train
Li3PO4-015323,Li3PO4,LiOP,61,train
ZrO2-004979,ZrO2,OZr,47,train
perovskite-000817,perovskite,BaCaOPbTiZr,20,train
Li3PO4-001447,Li3PO4,LiOP,32,train
ZrO2-001453,ZrO2,OZr,96,train
ZrO2-005566,ZrO2,OZr,95,train
ZrO2-005481,ZrO2,OZr,47,train
ZrO2-001168,ZrO2,OZr,96,train
ZrO2-009113,ZrO2,OZr,48,train
ZrO2-003149,ZrO2,OZr,95,train
Li3PO4-007757,Li3PO4,LiOP,32,train
ZrO2-004504,ZrO2,OZr,47,train
ZrO2-006876,ZrO2,OZr,95,train
ZrO2-002352,ZrO2,OZr,95,train
ZrO2-009703,ZrO2,OZr,48,train
Li3PO4-001987,Li3PO4,LiOP,32,train
ZrO2-003292,ZrO2,OZr,95,train
ZrO2-009421,ZrO2,OZr,48,train
ZrO2-001572,ZrO2,OZr,96,train
Li3PO4-007447,Li3PO4,LiOP,32,train
Li3PO4-016675,Li3PO4,LiOP,61,train
perovskite-000072,perovskite,BaOSrZr,20,train
Li3PO4-006614,Li3PO4,LiOP,32,train
Li3PO4-014073,Li3PO4,LiOP,61,train
ZrO2-009291,ZrO2,OZr,48,train
ZrO2-008452,ZrO2,OZr,48,train
ZrO2-009725,ZrO2,OZr,48,train
ZrO2-000101,ZrO2,OZr,96,train
Li3PO4-012872,Li3PO4,LiOP,31,train
ZrO2-003229,ZrO2,OZr,95,train
Li3PO4-006748,Li3PO4,LiOP,32,train
Li3PO4-002254,Li3PO4,LiOP,32,train
Li3PO4-014539,Li3PO4,LiOP,61,train
ZrO2-007137,ZrO2,OZr,95,train
Li3PO4-016452,Li3PO4,LiOP,61,train
Li3PO4-006812,Li3PO4,LiOP,32,train
Li3PO4-005815,Li3PO4,LiOP,32,train
Li3PO4-006520,Li3PO4,LiOP,32,train
Li3PO4-012016,Li3PO4,LiOP,31,train
Li3PO4-013970,Li3PO4,LiOP,61,train
Li3PO4-009773,Li3PO4,LiOP,31,train
Li3PO4-009154,Li3PO4,LiOP,31,train
Li3PO4-015801,Li3PO4,LiOP,61,train
Li3PO4-016731,Li3PO4,LiOP,61,train
Li3PO4-002488,Li3PO4,LiOP,32,train
Li3PO4-006339,Li3PO4,LiOP,32,train
Li3PO4-000964,Li3PO4,LiOP,32,train
Li3PO4-016387,Li3PO4,LiOP,61,train
ZrO2-000597,ZrO2,OZr,96,train
Li3PO4-011289,Li3PO4,LiOP,31,train
Li3PO4-013856,Li3PO4,LiOP,61,train
Li3PO4-004817,Li3PO4,LiOP,32,train
Li3PO4-001037,Li3PO4,LiOP,32,train
ZrO2-006950,ZrO2,OZr,95,train
ZrO2-002273,ZrO2,OZr,95,train
Li3PO4-009714,Li3PO4,LiOP,31,train
ZrO2-001501,ZrO2,OZr,96,train
ZrO2-007732,ZrO2,OZr,95,train
Li3PO4-013081,Li3PO4,LiOP,61,train
Li3PO4-003249,Li3PO4,LiOP,32,train
Li3PO4-015088,Li3PO4,LiOP,61,train
Li3PO4-008158,Li3PO4,LiOP,31,train
ZrO2-003862,ZrO2,OZr,47,train
Li3PO4-005531,Li3PO4,LiOP,32,train
ZrO2-006582,ZrO2,OZr,95,train
Li3PO4-013984,Li3PO4,LiOP,61,train
ZrO2-001385,ZrO2,OZr,96,train
ZrO2-005114,ZrO2,OZr,47,train
Li3PO4-013383,Li3PO4,LiOP,61,train
Li3PO4-011186,Li3PO4,LiOP,31,train
Li3PO4-012687,Li3PO4,LiOP,31,train
Li3PO4-005520,Li3PO4,LiOP,32,train
Li3PO4-015016,Li3PO4,LiOP,61,train
ZrO2-002348,ZrO2,OZr,95,train
Li3PO4-017420,Li3PO4,LiOP,61,train
ZrO2-009717,ZrO2,OZr,48,train
ZrO2-005523,ZrO2,OZr,47,train
Li3PO4-007546,Li3PO4,LiOP,32,train
ZrO2-003263,ZrO2,OZr,95,train
Li3PO4-004978,Li3PO4,LiOP,32,train
Li3PO4-006760,Li3PO4,LiOP,32,train
Li3PO4-014689,Li3PO4,LiOP,61,train
Li3PO4-010671,Li3PO4,LiOP,31,train
perovskite-000711,perovskite,CaHfOPbTi,20,train
perovskite-000724,perovskite,CaOPbTiZr,20,train
Li3PO4-017599,Li3PO4,LiOP,61,train
Li3PO4-016711,Li3PO4,LiOP,61,train
ZrO2-008812,ZrO2,OZr,48,train
ZrO2-002210,ZrO2,OZr,95,train
Li3PO4-000812,Li3PO4,LiOP,32,train
ZrO2-003238,ZrO2,OZr,95,train
Li3PO4-001478,Li3PO4,LiOP,32,train
perovskite-000921,perovskite,CaHfOPbSrZr,20,train
ZrO2-000170,ZrO2,OZr,96,train
ZrO2-003104,ZrO2,OZr,95,train
ZrO2-003835,ZrO2,OZr,47,train
ZrO2-005849,ZrO2,OZr,95,train
Li3PO4-001016,Li3PO4,LiOP,32,train
ZrO2-006362,ZrO2,OZr,95,train
ZrO2-009849,ZrO2,OZr,48,train
perovskite-000580,perovskite,CaOPbTiZr,20,train
Li3PO4-000135,Li3PO4,LiOP,32,train
ZrO2-008839,ZrO2,OZr,48,train
Li3PO4-002634,Li3PO4,LiOP,32,train
Li3PO4-010024,Li3PO4,LiOP,31,train
Li3PO4-017426,Li3PO4,LiOP,61,train
ZrO2-002448,ZrO2,OZr,95,train
Li3PO4-016718,Li3PO4,LiOP,61,train
Li3PO4-015368,Li3PO4,LiOP,61,train
Li3PO4-006736,Li3PO4,LiOP,32,train
Li3PO4-005168,Li3PO4,LiOP,32,train
ZrO2-002998,ZrO2,OZr,95,train
ZrO2-007512,ZrO2,OZr,95,train
Li3PO4-015928,Li3PO4,LiOP,61,train
Li3PO4-015971,Li3PO4,LiOP,61,train
Li3PO4-002863,Li3PO4,LiOP,32,train
ZrO2-000034,ZrO2,OZr,96,train
ZrO2-005291,ZrO2,OZr,47,train
Li3PO4-015301,Li3PO4,LiOP,61,train
ZrO2-002409,ZrO2,OZr,95,train
ZrO2-003839,ZrO2,OZr,47,train
Li3PO4-006211,Li3PO4,LiOP,32,train
Li3PO4-004219,Li3PO4,LiOP,32,train
ZrO2-007241,ZrO2,OZr,95,train
Li3PO4-001315,Li3PO4,LiOP,32,train
Li3PO4-013482,Li3PO4,LiOP,61,train
ZrO2-004676,ZrO2,OZr,47,train
Li3PO4-004676,Li3PO4,LiOP,32,train
ZrO2-008288,ZrO2,OZr,48,train
Li3PO4-008309,Li3PO4,LiOP,31,train
ZrO2-009447,ZrO2,OZr,48,train
Li3PO4-009320,Li3PO4,LiOP,31,train
ZrO2-001947,ZrO2,OZr,96,train
Li3PO4-004043,Li3PO4,LiOP,32,train
Li3PO4-010204,Li3PO4,LiOP,31,train
ZrO2-009144,ZrO2,OZr,48,train
Li3PO4-014803,Li3PO4,LiOP,61,train
Li3PO4-010457,Li3PO4,LiOP,31,train
Li3PO4-009777,Li3PO4,LiOP,31,train
Li3PO4-013030,Li3PO4,LiOP,61,train
ZrO2-004622,ZrO2,OZr,47,train
Li3PO4-002414,Li3PO4,LiOP,32,train
perovskite-000837,perovskite,BaCaHfOPbZr,20,train
Li3PO4-015473,Li3PO4,LiOP,61,train
ZrO2-002663,ZrO2,OZr,95,train
Li3PO4-009024,Li3PO4,LiOP,31,train
Li3PO4-008749,Li3PO4,LiOP,31,train
Li3PO4-008691,Li3PO4,LiOP,31,train
Li3PO4-007259,Li3PO4,LiOP,32,train
Li3PO4-013999,Li3PO4,LiOP,61,train
perovskite-000142,perovskite,OSrTi,20,train
ZrO2-005058,ZrO2,OZr,47,train
Li3PO4-012770,Li3PO4,LiOP,31,train
ZrO2-000470,ZrO2,OZr,96,train
Li3PO4-002719,Li3PO4,LiOP,32,train
ZrO2-007605,ZrO2,OZr,95,train
ZrO2-005320,ZrO2,OZr,47,train
ZrO2-002781,ZrO2,OZr,95,train
Li3PO4-016935,Li3PO4,LiOP,61,train
Li3PO4-006345,Li3PO4,LiOP,32,train
Li3PO4-013605,Li3PO4,LiOP,61,train
Li3PO4-009607,Li3PO4,LiOP,31,train
Li3PO4-011633,Li3PO4,LiOP,31,train
Li3PO4-009218,Li3PO4,LiOP,31,train
ZrO2-001013,ZrO2,OZr,96,train
Li3PO4-000359,Li3PO4,LiOP,32,train
ZrO2-006922,ZrO2,OZr,95,train
Li3PO4-010755,Li3PO4,LiOP,31,train
Li3PO4-009783,Li3PO4,LiOP,31,train
ZrO2-008874,ZrO2,OZr,48,train
Li3PO4-012336,Li3PO4,LiOP,31,train
Li3PO4-016104,Li3PO4,LiOP,61,train
Li3PO4-015775,Li3PO4,LiOP,61,train
Li3PO4-014879,Li3PO4,LiOP,61,train
ZrO2-007199,ZrO2,OZr,95,train
ZrO2-004497,ZrO2,OZr,47,train
Li3PO4-013747,Li3PO4,LiOP,61,train
Li3PO4-006450,Li3PO4,LiOP,32,train
Li3PO4-014872,Li3PO4,LiOP,61,train
Li3PO4-009298,Li3PO4,LiOP,31,train
Li3PO4-009304,Li3PO4,LiOP,31,train
ZrO2-009016,ZrO2,OZr,48,train
ZrO2-009000,ZrO2,OZr,48,train
ZrO2-007182,ZrO2,OZr,95,train
ZrO2-007384,ZrO2,OZr,95,train
Li3PO4-009036,Li3PO4,LiOP,31,train
ZrO2-007943,ZrO2,OZr,95,train
Li3PO4-000577,Li3PO4,LiOP,32,train
ZrO2-005266,ZrO2,OZr,47,train
ZrO2-009824,ZrO2,OZr,48,train
ZrO2-009200,ZrO2,OZr,48,train
Li3PO4-005136,Li3PO4,LiOP,32,train
ZrO2-008763,ZrO2,OZr,48,train
ZrO2-001088,ZrO2,OZr,96,train
Li3PO4-000087,Li3PO4,LiOP,32,train
Li3PO4-007055,Li3PO4,LiOP,32,train
Li3PO4-003195,Li3PO4,LiOP,32,train
Li3PO4-003727,Li3PO4,LiOP,32,train
Li3PO4-011951,Li3PO4,LiOP,31,train
Li3PO4-006852,Li3PO4,LiOP,32,train
Li3PO4-008262,Li3PO4,LiOP,31,train
Li3PO4-010496,Li3PO4,LiOP,31,train
Li3PO4-005140,Li3PO4,LiOP,32,train
Li3PO4-007014,Li3PO4,LiOP,32,train
Li3PO4-016312,Li3PO4,LiOP,61,train
ZrO2-000794,ZrO2,OZr,96,train
Li3PO4-005169,Li3PO4,LiOP,32,train
Li3PO4-013189,Li3PO4,LiOP,61,train
ZrO2-003618,ZrO2,OZr,47,train
Li3PO4-015784,Li3PO4,LiOP,61,train
Li3PO4-007711,Li3PO4,LiOP,32,train
Li3PO4-015332,Li3PO4,LiOP,61,train
ZrO2-004516,ZrO2,OZr,47,train
Li3PO4-006686,Li3PO4,LiOP,32,train
ZrO2-002870,ZrO2,OZr,95,train
Li3PO4-009750,Li3PO4,LiOP,31,train
Li3PO4-016643,Li3PO4,LiOP,61,train
ZrO2-008588,ZrO2,OZr,48,train
Li3PO4-014858,Li3PO4,LiOP,61,train
Li3PO4-005902,Li3PO4,LiOP,32,train
ZrO2-002307,ZrO2,OZr,95,train
Li3PO4-017756,Li3PO4,LiOP,61,train
Li3PO4-006536,Li3PO4,LiOP,32,train
Li3PO4-016100,Li3PO4,LiOP,61,train
Li3PO4-011912,Li3PO4,LiOP,31,train
Li3PO4-001827,Li3PO4,LiOP,32,train
Li3PO4-011408,Li3PO4,LiOP,31,train
Li3PO4-009025,Li3PO4,LiOP,31,train
Li3PO4-016374,Li3PO4,LiOP,61,train
Li3PO4-009850,Li3PO4,LiOP,31,train
Li3PO4-006034,Li3PO4,LiOP,32,train
ZrO2-006646,ZrO2,OZr,95,train
ZrO2-000508,ZrO2,OZr,96,train
ZrO2-005706,ZrO2,OZr,95,train
ZrO2-005915,ZrO2,OZr,95,train
ZrO2-005749,ZrO2,OZr,95,train
Li3PO4-006813,Li3PO4,LiOP,32,train
Li3PO4-017554,Li3PO4,LiOP,61,train
ZrO2-009719,ZrO2,OZr,48,train
ZrO2-002670,ZrO2,OZr,95,train
ZrO2-007180,ZrO2,OZr,95,train
Li3PO4-003132,Li3PO4,LiOP,32,train
Li3PO4-013356,Li3PO4,LiOP,61,train
ZrO2-003710,ZrO2,OZr,47,train
Li3PO4-002097,Li3PO4,LiOP,32,train
Li3PO4-010845,Li3PO4,LiOP,31,train
ZrO2-000234,ZrO2,OZr,96,train
Li3PO4-010891,Li3PO4,LiOP,31,train
Li3PO4-017027,Li3PO4,LiOP,61,train
Li3PO4-011648,Li3PO4,LiOP,31,train
ZrO2-006697,ZrO2,OZr,95,train
Li3PO4-010198,Li3PO4,LiOP,31,train
Li3PO4-011308,Li3PO4,LiOP,31,train
Li3PO4-014580,Li3PO4,LiOP,61,train
ZrO2-007383,ZrO2,OZr,95,train
ZrO2-004775,ZrO2,OZr,47,train
Li3PO4-011549,Li3PO4,LiOP,31,train
ZrO2-005992,ZrO2,OZr,95,train
ZrO2-007694,ZrO2,OZr,95,train
ZrO2-004568,ZrO2,OZr,47,train
Li3PO4-014638,Li3PO4,LiOP,61,train
ZrO2-001077,ZrO2,OZr,96,train
ZrO2-006061,ZrO2,OZr,95,train
ZrO2-008218,ZrO2,OZr,48,train
perovskite-000379,perovskite,CaOPbTiZr,20,train
Li3PO4-002441,Li3PO4,LiOP,32,train
ZrO2-002726,ZrO2,OZr,95,train
Li3PO4-000862,Li3PO4,LiOP,32,train
Li3PO4-004516,Li3PO4,LiOP,32,train
Li3PO4-017543,Li3PO4,LiOP,61,train
ZrO2-007387,ZrO2,OZr,95,train
Li3PO4-007715,Li3PO4,LiOP,32,train
ZrO2-004827,ZrO2,OZr,47,train
ZrO2-003285,ZrO2,OZr,95,train
ZrO2-007895,ZrO2,OZr,95,train
Li3PO4-017139,Li3PO4,LiOP,61,train
ZrO2-005961,ZrO2,OZr,95,train
Li3PO4-010327,Li3PO4,LiOP,31,train
Li3PO4-011248,Li3PO4,LiOP,31,train
Li3PO4-003459,Li3PO4,LiOP,32,train
perovskite-000399,perovskite,CaHfOPbSrTi,20,train
Li3PO4-005669,Li3PO4,LiOP,32,train
Li3PO4-006856,Li3PO4,LiOP,32,train
ZrO2-001279,ZrO2,OZr,96,train
ZrO2-006835,ZrO2,OZr,95,train
Li3PO4-009452,Li3PO4,LiOP,31,train
ZrO2-009559,ZrO2,OZr,48,train
Li3PO4-008423,Li3PO4,LiOP,31,train
Li3PO4-001090,Li3PO4,LiOP,32,train
Li3PO4-012763,Li3PO4,LiOP,31,train
Li3PO4-004513,Li3PO4,LiOP,32,train
Li3PO4-003068,Li3PO4,LiOP,32,train
ZrO2-004147,ZrO2,OZr,47,train
Li3PO4-000680,Li3PO4,LiOP,32,train
Li3PO4-001282,Li3PO4,LiOP,32,train
Li3PO4-015754,Li3PO4,LiOP,61,train
ZrO2-001198,ZrO2,OZr,96,train
ZrO2-009805,ZrO2,OZr,48,train
perovskite-000467,perovskite,BaCaHfOPbTiZr,20,train
Li3PO4-000968,Li3PO4,LiOP,32,train
Li3PO4-010340,Li3PO4,LiOP,31,train
Li3PO4-003887,Li3PO4,LiOP,32,train
Li3PO4-003402,Li3PO4,LiOP,32,train
Li3PO4-015565,Li3PO4,LiOP,61,train
Li3PO4-002790,Li3PO4,LiOP,32,train
Li3PO4-017762,Li3PO4,LiOP,61,train
Li3PO4-000866,Li3PO4,LiOP,32,train
Li3PO4-001187,Li3PO4,LiOP,32,train
ZrO2-006558,ZrO2,OZr,95,train
ZrO2-007399,ZrO2,OZr,95,train
Li3PO4-014990,Li3PO4,LiOP,61,train
Li3PO4-004338,Li3PO4,LiOP,32,train
perovskite-000407,perovskite,CaHfOPbSrTiZr,20,train
ZrO2-007201,ZrO2,OZr,95,train
ZrO2-007770,ZrO2,OZr,95,train
Li3PO4-001165,Li3PO4,LiOP,32,train
Li3PO4-009912,Li3PO4,LiOP,31,train
ZrO2-005463,ZrO2,OZr,47,train
Li3PO4-013982,Li3PO4,LiOP,61,train
Li3PO4-014158,Li3PO4,LiOP,61,train
Li3PO4-006144,Li3PO4,LiOP,32,train
ZrO2-007619,ZrO2,OZr,95,train
Li3PO4-009572,Li3PO4,LiOP,31,train
ZrO2-007713,ZrO2,OZr,95,train
perovskite-000177,perovskite,BaCaHfOPbSr,20,train
ZrO2-006971,ZrO2,OZr,95,train
Li3PO4-001062,Li3PO4,LiOP,32,train
Li3PO4-004089,Li3PO4,LiOP,32,train
Li3PO4-012163,Li3PO4,LiOP,31,train
Li3PO4-016790,Li3PO4,LiOP,61,train
perovskite-000295,perovskite,CaHfOSrTi,20,train
Li3PO4-009425,Li3PO4,LiOP,31,train
Li3PO4-005900,Li3PO4,LiOP,32,train
Li3PO4-017945,Li3PO4,LiOP,61,train
Li3PO4-007423,Li3PO4,LiOP,32,train
Li3PO4-013540,Li3PO4,LiOP,61,train
Li3PO4-011202,Li3PO4,LiOP,31,train
ZrO2-004020,ZrO2,OZr,47,train
Li3PO4-003161,Li3PO4,LiOP,32,train
Li3PO4-000444,Li3PO4,LiOP,32,train
ZrO2-007352,ZrO2,OZr,95,train
Li3PO4-012535,Li3PO4,LiOP,31,train
ZrO2-004841,ZrO2,OZr,47,train
Li3PO4-010783,Li3PO4,LiOP,31,train
Li3PO4-001774,Li3PO4,LiOP,32,train
perovskite-000042,perovskite,BaCaOPbSrZr,20,train
ZrO2-009490,ZrO2,OZr,48,train
ZrO2-002346,ZrO2,OZr,95,train
Li3PO4-009013,Li3PO4,LiOP,31,train
Li3PO4-007492,Li3PO4,LiOP,32,train
ZrO2-007065,ZrO2,OZr,95,train
ZrO2-002825,ZrO2,OZr,95,train
Li3PO4-010174,Li3PO4,LiOP,31,train
Li3PO4-016002,Li3PO4,LiOP,61,train
ZrO2-007364,ZrO2,OZr,95,train
Li3PO4-006908,Li3PO4,LiOP,32,train
Li3PO4-003662,Li3PO4,LiOP,32,train
ZrO2-004587,ZrO2,OZr,47,train
Li3PO4-010630,Li3PO4,LiOP,31,train
Li3PO4-015266,Li3PO4,LiOP,61,train
Li3PO4-016373,Li3PO4,LiOP,61,train
perovskite-000420,perovskite,CaHfOPbSrTi,20,train
Li3PO4-005699,Li3PO4,LiOP,32,train
Li3PO4-006141,Li3PO4,LiOP,32,train
ZrO2-006734,ZrO2,OZr,95,train
ZrO2-009476,ZrO2,OZr,48,train
ZrO2-001250,ZrO2,OZr,96,train
Li3PO4-017016,Li3PO4,LiOP,61,train
Li3PO4-012831,Li3PO4,LiOP,31,train
Li3PO4-012005,Li3PO4,LiOP,31,train
Li3PO4-008218,Li3PO4,LiOP,31,train
Li3PO4-007371,Li3PO4,LiOP,32,train
Li3PO4-016620,Li3PO4,LiOP,61,train
ZrO2-007973,ZrO2,OZr,95,train
ZrO2-001416,ZrO2,OZr,96,train
Li3PO4-016315,Li3PO4,LiOP,61,train
Li3PO4-008474,Li3PO4,LiOP,31,train
ZrO2-008806,ZrO2,OZr,48,train
ZrO2-007540,ZrO2,OZr,95,train
ZrO2-010011,ZrO2,OZr,48,train
perovskite-000087,perovskite,CaOPbSrTi,20,train
Li3PO4-015503,Li3PO4,LiOP,61,train
Li3PO4-010888,Li3PO4,LiOP,31,train
perovskite-000479,perovskite,BaCaHfOPbTi,20,train
ZrO2-007835,ZrO2,OZr,95,train
Li3PO4-017098,Li3PO4,LiOP,61,train
Li3PO4-002836,Li3PO4,LiOP,32,train
Li3PO4-009593,Li3PO4,LiOP,31,train
Li3PO4-010979,Li3PO4,LiOP,31,train
ZrO2-001259,ZrO2,OZr,96,train
Li3PO4-007324,Li3PO4,LiOP,32,train
ZrO2-007615,ZrO2,OZr,95,train
Li3PO4-017374,Li3PO4,LiOP,61,train
Li3PO4-016359,Li3PO4,LiOP,61,train
ZrO2-009348,ZrO2,OZr,48,train
Li3PO4-010213,Li3PO4,LiOP,31,train
ZrO2-005191,ZrO2,OZr,47,train
ZrO2-007125,ZrO2,OZr,95,train
Li3PO4-004926,Li3PO4,LiOP,32,train
ZrO2-009600,ZrO2,OZr,48,train
Li3PO4-011809,Li3PO4,LiOP,31,train
Li3PO4-013929,Li3PO4,LiOP,61,train
Li3PO4-014761,Li3PO4,LiOP,61,train
perovskite-000906,perovskite,CaHfOPbSrTi,20,train
Li3PO4-017075,Li3PO4,LiOP,61,train
ZrO2-002850,ZrO2,OZr,95,train
ZrO2-010069,ZrO2,OZr,48,train
Li3PO4-013617,Li3PO4,LiOP,61,train
Li3PO4-000786,Li3PO4,LiOP,32,train
ZrO2-003132,ZrO2,OZr,95,train
Li3PO4-003806,Li3PO4,LiOP,32,train
Li3PO4-013523,Li3PO4,LiOP,61,train
Li3PO4-007725,Li3PO4,LiOP,32,train
ZrO2-001157,ZrO2,OZr,96,train
ZrO2-005157,ZrO2,OZr,47,train
ZrO2-009175,ZrO2,OZr,48,train
ZrO2-009765,ZrO2,OZr,48,train
Li3PO4-006433,Li3PO4,LiOP,32,train
Li3PO4-000501,Li3PO4,LiOP,32,train
perovskite-000110,perovskite,BaCaOSrTi,20,train
ZrO2-004519,ZrO2,OZr,47,train
Li3PO4-001465,Li3PO4,LiOP,32,train
ZrO2-005454,ZrO2,OZr,47,train
ZrO2-007612,ZrO2,OZr,95,train
Li3PO4-009708,Li3PO4,LiOP,31,train
ZrO2-004873,ZrO2,OZr,47,train
Li3PO4-008772,Li3PO4,LiOP,31,train
ZrO2-004697,ZrO2,OZr,47,train
Li3PO4-001777,Li3PO4,LiOP,32,train
Li3PO4-006142,Li3PO4,LiOP,32,train
ZrO2-008121,ZrO2,OZr,48,train
Li3PO4-007975,Li3PO4,LiOP,32,train
Li3PO4-004172,Li3PO4,LiOP,32,train
ZrO2-004081,ZrO2,OZr,47,train
ZrO2-007825,ZrO2,OZr,95,train
Li3PO4-004335,Li3PO4,LiOP,32,train
Li3PO4-002054,Li3PO4,LiOP,32,train
ZrO2-004393,ZrO2,OZr,47,train
Li3PO4-001763,Li3PO4,LiOP,32,train
Li3PO4-001898,Li3PO4,LiOP,32,train
ZrO2-007358,ZrO2,OZr,95,train
ZrO2-010027,ZrO2,OZr,48,train
Li3PO4-006800,Li3PO4,LiOP,32,train
Li3PO4-006219,Li3PO4,LiOP,32,train
ZrO2-002688,ZrO2,OZr,95,train
ZrO2-000206,ZrO2,OZr,96,train
ZrO2-001305,ZrO2,OZr,96,train
Li3PO4-011224,Li3PO4,LiOP,31,train
ZrO2-008197,ZrO2,OZr,48,train
Li3PO4-014867,Li3PO4,LiOP,61,train
Li3PO4-004769,Li3PO4,LiOP,32,train
ZrO2-005224,ZrO2,OZr,47,train
Li3PO4-003841,Li3PO4,LiOP,32,train
Li3PO4-000519,Li3PO4,LiOP,32,train
ZrO2-006422,ZrO2,OZr,95,train
Li3PO4-013436,Li3PO4,LiOP,61,train
ZrO2-001102,ZrO2,OZr,96,train
Li3PO4-017570,Li3PO4,LiOP,61,train
ZrO2-003697,ZrO2,OZr,47,train
Li3PO4-010587,Li3PO4,LiOP,31,train
Li3PO4-014977,Li3PO4,LiOP,61,train
ZrO2-002724,ZrO2,OZr,95,train
ZrO2-007912,ZrO2,OZr,95,train
Li3PO4-013938,Li3PO4,LiOP,61,train
ZrO2-007527,ZrO2,OZr,95,train
Li3PO4-013956,Li3PO4,LiOP,61,train
perovskite-000471,perovskite,BaCaHfOPbZr,20,train
Li3PO4-000175,Li3PO4,LiOP,32,train
Li3PO4-016179,Li3PO4,LiOP,61,train
Li3PO4-011345,Li3PO4,LiOP,31,train
Li3PO4-009102,Li3PO4,LiOP,31,train
Li3PO4-009358,Li3PO4,LiOP,31,train
Li3PO4-013670,Li3PO4,LiOP,61,train
ZrO2-002099,ZrO2,OZr,95,train
ZrO2-008967,ZrO2,OZr,48,train
Li3PO4-009227,Li3PO4,LiOP,31,train
ZrO2-009370,ZrO2,OZr,48,train
Li3PO4-016759,Li3PO4,LiOP,61,train
perovskite-001162,perovskite,BaCaHfOPbTi,20,train
Li3PO4-010084,Li3PO4,LiOP,31,train
Li3PO4-005582,Li3PO4,LiOP,32,train
ZrO2-006145,ZrO2,OZr,95,train
Li3PO4-001737,Li3PO4,LiOP,32,train
ZrO2-002571,ZrO2,OZr,95,train
perovskite-001219,perovskite,CaHfOSrZr,20,train
ZrO2-003303,ZrO2,OZr,95,train
perovskite-000862,perovskite,CaHfOPbSrTiZr,20,train
Li3PO4-014668,Li3PO4,LiOP,61,train
Li3PO4-012684,Li3PO4,LiOP,31,train
ZrO2-009252,ZrO2,OZr,48,train
Li3PO4-003843,Li3PO4,LiOP,32,train
Li3PO4-009070,Li3PO4,LiOP,31,train
Li3PO4-015300,Li3PO4,LiOP,61,train
ZrO2-004128,ZrO2,OZr,47,train
Li3PO4-006385,Li3PO4,LiOP,32,train
ZrO2-004333,ZrO2,OZr,47,train
ZrO2-003187,ZrO2,OZr,95,train
Li3PO4-011450,Li3PO4,LiOP,31,train
Li3PO4-014111,Li3PO4,LiOP,61,train
Li3PO4-013800,Li3PO4,LiOP,61,train
Li3PO4-011830,Li3PO4,LiOP,31,train
Li3PO4-010883,Li3PO4,LiOP,31,train
Li3PO4-010325,Li3PO4,LiOP,31,train
ZrO2-006924,ZrO2,OZr,95,train
Li3PO4-017056,Li3PO4,LiOP,61,train
ZrO2-004650,ZrO2,OZr,47,train
Li3PO4-017655,Li3PO4,LiOP,61,train
ZrO2-004079,ZrO2,OZr,47,train
ZrO2-005362,ZrO2,OZr,47,train
ZrO2-007417,ZrO2,OZr,95,train
perovskite-000286,perovskite,CaHfOPbTiZr,20,train
ZrO2-004132,ZrO2,OZr,47,train
Li3PO4-014017,Li3PO4,LiOP,61,train
ZrO2-006360,ZrO2,OZr,95,train
ZrO2-005622,ZrO2,OZr,95,train
ZrO2-006538,ZrO2,OZr,95,train
Li3PO4-013552,Li3PO4,LiOP,61,train
Li3PO4-002024,Li3PO4,LiOP,32,train
Li3PO4-013434,Li3PO4,LiOP,61,train
perovskite-000293,perovskite,CaOSrTiZr,20,train
ZrO2-007828,ZrO2,OZr,95,train
ZrO2-002369,ZrO2,OZr,95,train
Li3PO4-006401,Li3PO4,LiOP,32,train
Li3PO4-012203,Li3PO4,LiOP,31,train
Li3PO4-010685,Li3PO4,LiOP,31,train
Li3PO4-009779,Li3PO4,LiOP,31,train
perovskite-000915,perovskite,CaHfOPbSrTiZr,20,train
ZrO2-001504,ZrO2,OZr,96,train
Li3PO4-017731,Li3PO4,LiOP,61,train
Li3PO4-008847,Li3PO4,LiOP,31,train
Li3PO4-000646,Li3PO4,LiOP,32,train
Li3PO4-000582,Li3PO4,LiOP,32,train
Li3PO4-008478,Li3PO4,LiOP,31,train
ZrO2-004576,ZrO2,OZr,47,train
ZrO2-004192,ZrO2,OZr,47,train
ZrO2-008505,ZrO2,OZr,48,train
Li3PO4-013946,Li3PO4,LiOP,61,train
ZrO2-007589,ZrO2,OZr,95,train
ZrO2-008486,ZrO2,OZr,48,train
Li3PO4-004217,Li3PO4,LiOP,32,train
Li3PO4-004990,Li3PO4,LiOP,32,train
Li3PO4-005458,Li3PO4,LiOP,32,train
Li3PO4-015223,Li3PO4,LiOP,61,train
Li3PO4-016657,Li3PO4,LiOP,61,train
Li3PO4-007680,Li3PO4,LiOP,32,train
ZrO2-005763,ZrO2,OZr,95,train
ZrO2-007602,ZrO2,OZr,95,train
Li3PO4-011694,Li3PO4,LiOP,31,train
Li3PO4-000541,Li3PO4,LiOP,32,train
Li3PO4-000937,Li3PO4,LiOP,32,train
ZrO2-009844,ZrO2,OZr,48,train
Li3PO4-013025,Li3PO4,LiOP,61,train
ZrO2-006903,ZrO2,OZr,95,train
Li3PO4-009161,Li3PO4,LiOP,31,train
Li3PO4-007457,Li3PO4,LiOP,32,train
Li3PO4-011142,Li3PO4,LiOP,31,train
ZrO2-005283,ZrO2,OZr,47,train
Li3PO4-000975,Li3PO4,LiOP,32,train
perovskite-000116,perovskite,BaCaOPbTi,20,train
Li3PO4-003423,Li3PO4,LiOP,32,train
ZrO2-006864,ZrO2,OZr,95,train
Li3PO4-010701,Li3PO4,LiOP,31,train
ZrO2-001711,ZrO2,OZr,96,train
Li3PO4-005360,Li3PO4,LiOP,32,train
Li3PO4-003377,Li3PO4,LiOP,32,train
Li3PO4-010741,Li3PO4,LiOP,31,train
Li3PO4-013103,Li3PO4,LiOP,61,train
Li3PO4-008178,Li3PO4,LiOP,31,train
Li3PO4-008239,Li3PO4,LiOP,31,train
Li3PO4-007852,Li3PO4,LiOP,32,train
ZrO2-007704,ZrO2,OZr,95,train
Li3PO4-005102,Li3PO4,LiOP,32,train
Li3PO4-004430,Li3PO4,LiOP,32,train
Li3PO4-016476,Li3PO4,LiOP,61,train
ZrO2-007418,ZrO2,OZr,95,train
Li3PO4-008957,Li3PO4,LiOP,31,train
ZrO2-000842,ZrO2,OZr,96,train
Li3PO4-006965,Li3PO4,LiOP,32,train
perovskite-001071,perovskite,BaCaHfOPbTiZr,20,train
ZrO2-005852,ZrO2,OZr,95,train
Li3PO4-010130,Li3PO4,LiOP,31,train
ZrO2-000496,ZrO2,OZr,96,train
Li3PO4-001683,Li3PO4,LiOP,32,train
ZrO2-009848,ZrO2,OZr,48,train
Li3PO4-011664,Li3PO4,LiOP,31,train
Li3PO4-016892,Li3PO4,LiOP,61,train
ZrO2-008961,ZrO2,OZr,48,train
ZrO2-008734,ZrO2,OZr,48,train
ZrO2-000013,ZrO2,OZr,96,train
Li3PO4-011658,Li3PO4,LiOP,31,train
ZrO2-010094,ZrO2,OZr,48,train
ZrO2-009638,ZrO2,OZr,48,train
Li3PO4-010110,Li3PO4,LiOP,31,train
Li3PO4-005160,Li3PO4,LiOP,32,train
Li3PO4-016154,Li3PO4,LiOP,61,train
Li3PO4-006272,Li3PO4,LiOP,32,train
ZrO2-002654,ZrO2,OZr,95,train
Li3PO4-011986,Li3PO4,LiOP,31,train
ZrO2-007009,ZrO2,OZr,95,train
Li3PO4-010180,Li3PO4,LiOP,31,train
Li3PO4-002160,Li3PO4,LiOP,32,train
Li3PO4-006484,Li3PO4,LiOP,32,train
ZrO2-001354,ZrO2,OZr,96,train
Li3PO4-002846,Li3PO4,LiOP,32,train
Li3PO4-010117,Li3PO4,LiOP,31,train
perovskite-001123,perovskite,BaCaOPbSrTiZr,20,train
ZrO2-003294,ZrO2,OZr,95,train
Li3PO4-008360,Li3PO4,LiOP,31,train
Li3PO4-003144,Li3PO4,LiOP,32,train
ZrO2-000999,ZrO2,OZr,96,train
Li3PO4-008069,Li3PO4,LiOP,31,train
Li3PO4-004307,Li3PO4,LiOP,32,train
Li3PO4-005108,Li3PO4,LiOP,32,train
Li3PO4-010282,Li3PO4,LiOP,31,train
Li3PO4-009329,Li3PO4,LiOP,31,train
Li3PO4-015222,Li3PO4,LiOP,61,train
ZrO2-000255,ZrO2,OZr,96,train
Li3PO4-014542,Li3PO4,LiOP,61,train
Li3PO4-008530,Li3PO4,LiOP,31,train
Li3PO4-012106,Li3PO4,LiOP,31,train
Li3PO4-014336,Li3PO4,LiOP,61,train
Li3PO4-003714,Li3PO4,LiOP,32,train
ZrO2-004812,ZrO2,OZr,47,train
ZrO2-002148,ZrO2,OZr,95,train
perovskite-000090,perovskite,CaOPbTi,20,train
Li3PO4-002153,Li3PO4,LiOP,32,train
perovskite-000422,perovskite,CaOPbSrTiZr,20,train
Li3PO4-003487,Li3PO4,LiOP,32,train
Li3PO4-015299,Li3PO4,LiOP,61,train
Li3PO4-017847,Li3PO4,LiOP,61,train
Li3PO4-002367,Li3PO4,LiOP,32,train
Li3PO4-009303,Li3PO4,LiOP,31,train
Li3PO4-006427,Li3PO4,LiOP,32,train
ZrO2-007673,ZrO2,OZr,95,train
Li3PO4-014897,Li3PO4,LiOP,61,train
Li3PO4-001201,Li3PO4,LiOP,32,train
Li3PO4-013975,Li3PO4,LiOP,61,train
Li3PO4-002718,Li3PO4,LiOP,32,train
Li3PO4-009952,Li3PO4,LiOP,31,train
ZrO2-004090,ZrO2,OZr,47,train
Li3PO4-013129,Li3PO4,LiOP,61,train
Li3PO4-013718,Li3PO4,LiOP,61,train
ZrO2-009711,ZrO2,OZr,48,train
Li3PO4-017078,Li3PO4,LiOP,61,train
ZrO2-009867,ZrO2,OZr,48,train
Li3PO4-011380,Li3PO4,LiOP,31,train
Li3PO4-014208,Li3PO4,LiOP,61,train
ZrO2-008054,ZrO2,OZr,95,train
ZrO2-001769,ZrO2,OZr,96,train
ZrO2-009784,ZrO2,OZr,48,train
ZrO2-002942,ZrO2,OZr,95,train
Li3PO4-014940,Li3PO4,LiOP,61,train
Li3PO4-001924,Li3PO4,LiOP,32,train
Li3PO4-016133,Li3PO4,LiOP,61,train
Li3PO4-002561,Li3PO4,LiOP,32,train
Li3PO4-000231,Li3PO4,LiOP,32,train
Li3PO4-009560,Li3PO4,LiOP,31,train
Li3PO4-014987,Li3PO4,LiOP,61,train
Li3PO4-009390,Li3PO4,LiOP,31,train
Li3PO4-003508,Li3PO4,LiOP,32,train
ZrO2-005929,ZrO2,OZr,95,train
Li3PO4-013244,Li3PO4,LiOP,61,train
Li3PO4-001867,Li3PO4,LiOP,32,train
Li3PO4-000254,Li3PO4,LiOP,32,train
Li3PO4-016156,Li3PO4,LiOP,61,train
Li3PO4-014204,Li3PO4,LiOP,61,train
Li3PO4-011283,Li3PO4,LiOP,31,train
Li3PO4-010302,Li3PO4,LiOP,31,train
Li3PO4-003617,Li3PO4,LiOP,32,train
Li3PO4-002190,Li3PO4,LiOP,32,train
Li3PO4-004211,Li3PO4,LiOP,32,train
ZrO2-007172,ZrO2,OZr,95,train
ZrO2-004919,ZrO2,OZr,47,train
Li3PO4-010942,Li3PO4,LiOP,31,train
Li3PO4-004066,Li3PO4,LiOP,32,train
ZrO2-004624,ZrO2,OZr,47,train
ZrO2-004303,ZrO2,OZr,47,train
ZrO2-002181,ZrO2,OZr,95,train
Li3PO4-014682,Li3PO4,LiOP,61,train
ZrO2-000346,ZrO2,OZr,96,train
Li3PO4-000461,Li3PO4,LiOP,32,train
Li3PO4-005790,Li3PO4,LiOP,32,train
ZrO2-009832,ZrO2,OZr,48,train
ZrO2-002889,ZrO2,OZr,95,train
ZrO2-004102,ZrO2,OZr,47,train
Li3PO4-010696,Li3PO4,LiOP,31,train
Li3PO4-013703,Li3PO4,LiOP,61,train
ZrO2-001246,ZrO2,OZr,96,train
ZrO2-005939,ZrO2,OZr,95,train
Li3PO4-013891,Li3PO4,LiOP,61,train
Li3PO4-013426,Li3PO4,LiOP,61,train
ZrO2-007916,ZrO2,OZr,95,train
ZrO2-002257,ZrO2,OZr,95,train
ZrO2-000133,ZrO2,OZr,96,train
ZrO2-006601,ZrO2,OZr,95,train
Li3PO4-003516,Li3PO4,LiOP,32,train
Li3PO4-005071,Li3PO4,LiOP,32,train
Li3PO4-010999,Li3PO4,LiOP,31,train
ZrO2-003519,ZrO2,OZr,95,train
Li3PO4-009071,Li3PO4,LiOP,31,train
ZrO2-008908,ZrO2,OZr,48,train
ZrO2-002130,ZrO2,OZr,95,train
ZrO2-000097,ZrO2,OZr,96,train
ZrO2-006490,ZrO2,OZr,95,train
Li3PO4-014169,Li3PO4,LiOP,61,train
Li3PO4-001195,Li3PO4,LiOP,32,train
ZrO2-002261,ZrO2,OZr,95,train
Li3PO4-011732,Li3PO4,LiOP,31,train
ZrO2-000681,ZrO2,OZr,96,train
ZrO2-002783,ZrO2,OZr,95,train
ZrO2-000914,ZrO2,OZr,96,train
ZrO2-009309,ZrO2,OZr,48,train
Li3PO4-006185,Li3PO4,LiOP,32,train
ZrO2-008101,ZrO2,OZr,95,train
ZrO2-007885,ZrO2,OZr,95,train
Li3PO4-004877,Li3PO4,LiOP,32,train
Li3PO4-007145,Li3PO4,LiOP,32,train
ZrO2-000447,ZrO2,OZr,96,train
ZrO2-006687,ZrO2,OZr,95,train
ZrO2-002497,ZrO2,OZr,95,train
ZrO2-006384,ZrO2,OZr,95,train
Li3PO4-011963,Li3PO4,LiOP,31,train
Li3PO4-012162,Li3PO4,LiOP,31,train
Li3PO4-005223,Li3PO4,LiOP,32,train
ZrO2-009220,ZrO2,OZr,48,train
ZrO2-005185,ZrO2,OZr,47,train
Li3PO4-017123,Li3PO4,LiOP,61,train
ZrO2-001554,ZrO2,OZr,96,train
ZrO2-002930,ZrO2,OZr,95,train
Li3PO4-009942,Li3PO4,LiOP,31,train
ZrO2-002674,ZrO2,OZr,95,train
Li3PO4-014544,Li3PO4,LiOP,61,train
ZrO2-009210,ZrO2,OZr,48,train
ZrO2-008707,ZrO2,OZr,48,train
Li3PO4-001971,Li3PO4,LiOP,32,train
Li3PO4-012477,Li3PO4,LiOP,31,train
ZrO2-006890,ZrO2,OZr,95,train
Li3PO4-007869,Li3PO4,LiOP,32,train
Li3PO4-014396,Li3PO4,LiOP,61,train
Li3PO4-005297,Li3PO4,LiOP,32,train
ZrO2-005170,ZrO2,OZr,47,train
ZrO2-000569,ZrO2,OZr,96,train
Li3PO4-017138,Li3PO4,LiOP,61,train
ZrO2-007229,ZrO2,OZr,95,train
ZrO2-009515,ZrO2,OZr,48,train
ZrO2-002968,ZrO2,OZr,95,train
ZrO2-003324,ZrO2,OZr,95,train
Li3PO4-003468,Li3PO4,LiOP,32,train
ZrO2-000081,ZrO2,OZr,96,train
Li3PO4-014755,Li3PO4,LiOP,61,train
perovskite-000891,perovskite,CaHfOPbSrTi,20,train
ZrO2-008291,ZrO2,OZr,48,train
Li3PO4-012813,Li3PO4,LiOP,31,train
ZrO2-000614,ZrO2,OZr,96,train
ZrO2-002969,ZrO2,OZr,95,train
ZrO2-008496,ZrO2,OZr,48,train
ZrO2-009256,ZrO2,OZr,48,train
perovskite-000832,perovskite,BaCaHfOPbTiZr,20,train
perovskite-000387,perovskite,CaHfOPbTi,20,train
Li3PO4-010940,Li3PO4,LiOP,31,train
Li3PO4-007633,Li3PO4,LiOP,32,train
Li3PO4-003665,Li3PO4,LiOP,32,train
ZrO2-000134,ZrO2,OZr,96,train
Li3PO4-011464,Li3PO4,LiOP,31,train
Li3PO4-015489,Li3PO4,LiOP,61,train
ZrO2-006368,ZrO2,OZr,95,train
ZrO2-001224,ZrO2,OZr,96,train
ZrO2-007809,ZrO2,OZr,95,train
Li3PO4-013020,Li3PO4,LiOP,61,train
Li3PO4-008313,Li3PO4,LiOP,31,train
Li3PO4-006868,Li3PO4,LiOP,32,train
ZrO2-006083,ZrO2,OZr,95,train
Li3PO4-010939,Li3PO4,LiOP,31,train
Li3PO4-003324,Li3PO4,LiOP,32,train
Li3PO4-015423,Li3PO4,LiOP,61,train
Li3PO4-005501,Li3PO4,LiOP,32,train
ZrO2-003222,ZrO2,OZr,95,train
ZrO2-008793,ZrO2,OZr,48,train
Li3PO4-002870,Li3PO4,LiOP,32,train
ZrO2-004140,ZrO2,OZr,47,train
Li3PO4-008884,Li3PO4,LiOP,31,train
Li3PO4-005488,Li3PO4,LiOP,32,train
Li3PO4-004749,Li3PO4,LiOP,32,train
ZrO2-003315,ZrO2,OZr,95,train
perovskite-000140,perovskite,BaOPbSrTi,20,train
Li3PO4-006980,Li3PO4,LiOP,32,train
Li3PO4-012134,Li3PO4,LiOP,31,train
Li3PO4-003409,Li3PO4,LiOP,32,train
Li3PO4-004640,Li3PO4,LiOP,32,train
Li3PO4-009600,Li3PO4,LiOP,31,train
Li3PO4-004818,Li3PO4,LiOP,32,train
Li3PO4-010693,Li3PO4,LiOP,31,train
ZrO2-002152,ZrO2,OZr,95,train
ZrO2-008412,ZrO2,OZr,48,train
ZrO2-000148,ZrO2,OZr,96,train
ZrO2-001529,ZrO2,OZr,96,train
Li3PO4-017214,Li3PO4,LiOP,61,train
Li3PO4-015576,Li3PO4,LiOP,61,train
ZrO2-002111,ZrO2,OZr,95,train
ZrO2-003232,ZrO2,OZr,95,train
ZrO2-003385,ZrO2,OZr,95,train
Li3PO4-014094,Li3PO4,LiOP,61,train
Li3PO4-008827,Li3PO4,LiOP,31,train
Li3PO4-008507,Li3PO4,LiOP,31,train
Li3PO4-004060,Li3PO4,LiOP,32,train
Li3PO4-014042,Li3PO4,LiOP,61,train
Li3PO4-001050,Li3PO4,LiOP,32,train
ZrO2-005919,ZrO2,OZr,95,train
Li3PO4-002673,Li3PO4,LiOP,32,train
Li3PO4-015839,Li3PO4,LiOP,61,train
Li3PO4-003945,Li3PO4,LiOP,32,train
Li3PO4-013867,Li3PO4,LiOP,61,train
Li3PO4-011621,Li3PO4,LiOP,31,train
ZrO2-009272,ZrO2,OZr,48,train
Li3PO4-007004,Li3PO4,LiOP,32,train
Li3PO4-003686,Li3PO4,LiOP,32,train
ZrO2-006761,ZrO2,OZr,95,train
Li3PO4-000173,Li3PO4,LiOP,32,train
Li3PO4-003164,Li3PO4,LiOP,32,train
Li3PO4-014657,Li3PO4,LiOP,61,train
Li3PO4-012714,Li3PO4,LiOP,31,train
Li3PO4-002251,Li3PO4,LiOP,32,train
Li3PO4-000194,Li3PO4,LiOP,32,train
Li3PO4-007291,Li3PO4,LiOP,32,train
Li3PO4-013110,Li3PO4,LiOP,61,train
Li3PO4-011434,Li3PO4,LiOP,31,train
Li3PO4-012074,Li3PO4,LiOP,31,train
Li3PO4-012419,Li3PO4,LiOP,31,train
ZrO2-001682,ZrO2,OZr,96,train
ZrO2-004868,ZrO2,OZr,47,train
Li3PO4-013261,Li3PO4,LiOP,61,train
ZrO2-004053,ZrO2,OZr,47,train
Li3PO4-011501,Li3PO4,LiOP,31,train
ZrO2-005769,ZrO2,OZr,95,train
ZrO2-003944,ZrO2,OZr,47,train
Li3PO4-011511,Li3PO4,LiOP,31,train
ZrO2-005273,ZrO2,OZr,47,train
Li3PO4-002980,Li3PO4,LiOP,32,train
Li3PO4-010927,Li3PO4,LiOP,31,train
Li3PO4-016912,Li3PO4,LiOP,61,train
Li3PO4-010408,Li3PO4,LiOP,31,train
ZrO2-008159,ZrO2,OZr,48,train
ZrO2-003101,ZrO2,OZr,95,train
ZrO2-001282,ZrO2,OZr,96,train
Li3PO4-015074,Li3PO4,LiOP,61,train
perovskite-000517,perovskite,BaCaOSrTiZr,20,train
ZrO2-000481,ZrO2,OZr,96,train
Li3PO4-004091,Li3PO4,LiOP,32,train
Li3PO4-002952,Li3PO4,LiOP,32,train
ZrO2-007444,ZrO2,OZr,95,train
Li3PO4-005474,Li3PO4,LiOP,32,train
ZrO2-006648,ZrO2,OZr,95,train
Li3PO4-012779,Li3PO4,LiOP,31,train
Li3PO4-015441,Li3PO4,LiOP,61,train
Li3PO4-005941,Li3PO4,LiOP,32,train
Li3PO4-016187,Li3PO4,LiOP,61,train
Li3PO4-001713,Li3PO4,LiOP,32,train
Li3PO4-016160,Li3PO4,LiOP,61,train
ZrO2-006249,ZrO2,OZr,95,train
ZrO2-007066,ZrO2,OZr,95,train
ZrO2-002269,ZrO2,OZr,95,train
ZrO2-000090,ZrO2,OZr,96,train
Li3PO4-001332,Li3PO4,LiOP,32,train
Li3PO4-003300,Li3PO4,LiOP,32,train
ZrO2-001553,ZrO2,OZr,96,train
perovskite-001112,perovskite,BaCaHfOPbSrTiZr,20,train
ZrO2-003680,ZrO2,OZr,47,train
perovskite-000553,perovskite,BaCaOTiZr,20,train
ZrO2-003888,ZrO2,OZr,47,train
Li3PO4-004826,Li3PO4,LiOP,32,train
Li3PO4-007648,Li3PO4,LiOP,32,train
Li3PO4-013753,Li3PO4,LiOP,61,train
Li3PO4-004743,Li3PO4,LiOP,32,train
Li3PO4-005225,Li3PO4,LiOP,32,train
Li3PO4-005229,Li3PO4,LiOP,32,train
Li3PO4-013159,Li3PO4,LiOP,61,train
Li3PO4-015554,Li3PO4,LiOP,61,train
Li3PO4-016545,Li3PO4,LiOP,61,train
Li3PO4-007448,Li3PO4,LiOP,32,train
ZrO2-001932,ZrO2,OZr,96,train
perovskite-000623,perovskite,CaHfOPbSrTiZr,20,train
Li3PO4-004887,Li3PO4,LiOP,32,train
ZrO2-009758,ZrO2,OZr,48,train
Li3PO4-001893,Li3PO4,LiOP,32,train
Li3PO4-005410,Li3PO4,LiOP,32,train
Li3PO4-011414,Li3PO4,LiOP,31,train
ZrO2-003605,ZrO2,OZr,47,train
Li3PO4-001153,Li3PO4,LiOP,32,train
ZrO2-008813,ZrO2,OZr,48,train
ZrO2-004070,ZrO2,OZr,47,train
ZrO2-002548,ZrO2,OZr,95,train
Li3PO4-016995,Li3PO4,LiOP,61,train
ZrO2-009246,ZrO2,OZr,48,train
ZrO2-000111,ZrO2,OZr,96,train
Li3PO4-003310,Li3PO4,LiOP,32,train
ZrO2-001648,ZrO2,OZr,96,train
Li3PO4-003391,Li3PO4,LiOP,32,train
Li3PO4-015788,Li3PO4,LiOP,61,train
Li3PO4-007469,Li3PO4,LiOP,32,train
ZrO2-005551,ZrO2,OZr,47,train
Li3PO4-004854,Li3PO4,LiOP,32,train
Li3PO4-005987,Li3PO4,LiOP,32,train
Li3PO4-000766,Li3PO4,LiOP,32,train
ZrO2-000767,ZrO2,OZr,96,train
Li3PO4-009097,Li3PO4,LiOP,31,train
Li3PO4-013699,Li3PO4,LiOP,61,train
Li3PO4-007284,Li3PO4,LiOP,32,train
Li3PO4-005389,Li3PO4,LiOP,32,train
Li3PO4-004788,Li3PO4,LiOP,32,train
Li3PO4-008050,Li3PO4,LiOP,31,train
ZrO2-007711,ZrO2,OZr,95,train
ZrO2-003946,ZrO2,OZr,47,train
Li3PO4-000075,Li3PO4,LiOP,32,train
Li3PO4-003072,Li3PO4,LiOP,32,train
ZrO2-008746,ZrO2,OZr,48,train
Li3PO4-003548,Li3PO4,LiOP,32,train
ZrO2-009357,ZrO2,OZr,48,train
ZrO2-008005,ZrO2,OZr,95,train
ZrO2-004260,ZrO2,OZr,47,train
perovskite-001101,perovskite,BaCaHfOPbSrTi,20,train
Li3PO4-015205,Li3PO4,LiOP,61,train
ZrO2-001724,ZrO2,OZr,96,train
ZrO2-003217,ZrO2,OZr,95,train
ZrO2-001456,ZrO2,OZr,96,train
Li3PO4-005491,Li3PO4,LiOP,32,train
ZrO2-000733,ZrO2,OZr,96,train
Li3PO4-003125,Li3PO4,LiOP,32,train
ZrO2-004789,ZrO2,OZr,47,train
Li3PO4-002390,Li3PO4,LiOP,32,train
ZrO2-005505,ZrO2,OZr,47,train
Li3PO4-008643,Li3PO4,LiOP,31,train
ZrO2-003958,ZrO2,OZr,47,train
ZrO2-005007,ZrO2,OZr,47,train
ZrO2-002662,ZrO2,OZr,95,train
ZrO2-002304,ZrO2,OZr,95,train
ZrO2-001801,ZrO2,OZr,96,train
Li3PO4-004492,Li3PO4,LiOP,32,train
Li3PO4-003836,Li3PO4,LiOP,32,train
ZrO2-004693,ZrO2,OZr,47,train
ZrO2-001475,ZrO2,OZr,96,train
ZrO2-002113,ZrO2,OZr,95,train
ZrO2-004692,ZrO2,OZr,47,train
ZrO2-007778,ZrO2,OZr,95,train
Li3PO4-001412,Li3PO4,LiOP,32,train
Li3PO4-007020,Li3PO4,LiOP,32,train
Li3PO4-004093,Li3PO4,LiOP,32,train
ZrO2-002902,ZrO2,OZr,95,train
ZrO2-001787,ZrO2,OZr,96,train
perovskite-000225,perovskite,CaHfOTi,20,train
Li3PO4-016211,Li3PO4,LiOP,61,train
ZrO2-001130,ZrO2,OZr,96,train
Li3PO4-005545,Li3PO4,LiOP,32,train
ZrO2-005183,ZrO2,OZr,47,train
Li3PO4-002263,Li3PO4,LiOP,32,train
Li3PO4-014278,Li3PO4,LiOP,61,train
Li3PO4-010743,Li3PO4,LiOP,31,train
Li3PO4-015501,Li3PO4,LiOP,61,train
Li3PO4-014756,Li3PO4,LiOP,61,train
Li3PO4-004417,Li3PO4,LiOP,32,train
ZrO2-002579,ZrO2,OZr,95,train
Li3PO4-015101,Li3PO4,LiOP,61,train
ZrO2-009097,ZrO2,OZr,48,train
ZrO2-001570,ZrO2,OZr,96,train
Li3PO4-011842,Li3PO4,LiOP,31,train
Li3PO4-010077,Li3PO4,LiOP,31,train
Li3PO4-014340,Li3PO4,LiOP,61,train
Li3PO4-009655,Li3PO4,LiOP,31,train
perovskite-000592,perovskite,CaHfOPbTi,20,train
Li3PO4-007013,Li3PO4,LiOP,32,train
Li3PO4-014528,Li3PO4,LiOP,61,train
perovskite-001146,perovskite,BaCaHfOPbTiZr,20,train
Li3PO4-009404,Li3PO4,LiOP,31,train
Li3PO4-005417,Li3PO4,LiOP,32,train
Li3PO4-001662,Li3PO4,LiOP,32,train
Li3PO4-016328,Li3PO4,LiOP,61,train
ZrO2-002741,ZrO2,OZr,95,train
Li3PO4-013184,Li3PO4,LiOP,61,train
Li3PO4-007303,Li3PO4,LiOP,32,train
ZrO2-005620,ZrO2,OZr,95,train
Li3PO4-016655,Li3PO4,LiOP,61,train
ZrO2-005654,ZrO2,OZr,95,train
Li3PO4-004205,Li3PO4,LiOP,32,train
ZrO2-009936,ZrO2,OZr,48,train
Li3PO4-003265,Li3PO4,LiOP,32,train
Li3PO4-001566,Li3PO4,LiOP,32,train
ZrO2-002191,ZrO2,OZr,95,train
Li3PO4-010995,Li3PO4,LiOP,31,train
perovskite-000169,perovskite,BaCaHfOPb,20,train
Li3PO4-004512,Li3PO4,LiOP,32,train
Li3PO4-004294,Li3PO4,LiOP,32,train
Li3PO4-003011,Li3PO4,LiOP,32,train
ZrO2-004761,ZrO2,OZr,47,train
Li3PO4-017371,Li3PO4,LiOP,61,train
ZrO2-004029,ZrO2,OZr,47,train
Li3PO4-005681,Li3PO4,LiOP,32,train
Li3PO4-008534,Li3PO4,LiOP,31,train
ZrO2-003425,ZrO2,OZr,95,train
Li3PO4-003399,Li3PO4,LiOP,32,train
ZrO2-007547,ZrO2,OZr,95,train
Li3PO4-015462,Li3PO4,LiOP,61,train
ZrO2-001231,ZrO2,OZr,96,train
ZrO2-003584,ZrO2,OZr,47,train
Li3PO4-004986,Li3PO4,LiOP,32,train
perovskite-000137,perovskite,BaOPbSrTi,20,train
ZrO2-003905,ZrO2,OZr,47,train
Li3PO4-006513,Li3PO4,LiOP,32,train
Li3PO4-003667,Li3PO4,LiOP,32,train
Li3PO4-005542,Li3PO4,LiOP,32,train
perovskite-001029,perovskite,BaCaHfOPbTiZr,20,train
Li3PO4-005909,Li3PO4,LiOP,32,train
ZrO2-008259,ZrO2,OZr,48,train
Li3PO4-010523,Li3PO4,LiOP,31,train
ZrO2-005824,ZrO2,OZr,95,train
Li3PO4-006863,Li3PO4,LiOP,32,train
Li3PO4-006436,Li3PO4,LiOP,32,train
ZrO2-004235,ZrO2,OZr,47,train
ZrO2-002628,ZrO2,OZr,95,train
Li3PO4-011286,Li3PO4,LiOP,31,train
Li3PO4-014479,Li3PO4,LiOP,61,train
ZrO2-010075,ZrO2,OZr,48,train
Li3PO4-009563,Li3PO4,LiOP,31,train
Li3PO4-017203,Li3PO4,LiOP,61,train
Li3PO4-007733,Li3PO4,LiOP,32,train
Li3PO4-014348,Li3PO4,LiOP,61,train
Li3PO4-009930,Li3PO4,LiOP,31,train
ZrO2-005640,ZrO2,OZr,95,train
Li3PO4-003677,Li3PO4,LiOP,32,train
Li3PO4-002392,Li3PO4,LiOP,32,train
Li3PO4-007134,Li3PO4,LiOP,32,train
Li3PO4-000200,Li3PO4,LiOP,32,train
ZrO2-008518,ZrO2,OZr,48,train
Li3PO4-017944,Li3PO4,LiOP,61,train
Li3PO4-006109,Li3PO4,LiOP,32,train
Li3PO4-008663,Li3PO4,LiOP,31,train
Li3PO4-009980,Li3PO4,LiOP,31,train
Li3PO4-004858,Li3PO4,LiOP,32,train
Li3PO4-000761,Li3PO4,LiOP,32,train
Li3PO4-007567,Li3PO4,LiOP,32,train
Li3PO4-015413,Li3PO4,LiOP,61,train
perovskite-000746,perovskite,CaOPbTiZr,20,train
Li3PO4-016033,Li3PO4,LiOP,61,train
Li3PO4-004837,Li3PO4,LiOP,32,train
ZrO2-004957,ZrO2,OZr,47,train
ZrO2-000570,ZrO2,OZr,96,train
Li3PO4-012807,Li3PO4,LiOP,31,train
ZrO2-002445,ZrO2,OZr,95,train
ZrO2-000109,ZrO2,OZr,96,train
Li3PO4-009588,Li3PO4,LiOP,31,train
Li3PO4-011851,Li3PO4,LiOP,31,train
ZrO2-006879,ZrO2,OZr,95,train
ZrO2-000552,ZrO2,OZr,96,train
Li3PO4-006465,Li3PO4,LiOP,32,train
ZrO2-003405,ZrO2,OZr,95,train
Li3PO4-013400,Li3PO4,LiOP,61,train
ZrO2-006493,ZrO2,OZr,95,train
ZrO2-007685,ZrO2,OZr,95,train
Li3PO4-014417,Li3PO4,LiOP,61,train
ZrO2-008828,ZrO2,OZr,48,train
Li3PO4-014590,Li3PO4,LiOP,61,train
Li3PO4-004396,Li3PO4,LiOP,32,train
ZrO2-010091,ZrO2,OZr,48,train
Li3PO4-002988,Li3PO4,LiOP,32,train
Li3PO4-007446,Li3PO4,LiOP,32,train
perovskite-000381,perovskite,CaOPbTiZr,20,train
Li3PO4-001577,Li3PO4,LiOP,32,train
Li3PO4-005851,Li3PO4,LiOP,32,train
ZrO2-000938,ZrO2,OZr,96,train
Li3PO4-008210,Li3PO4,LiOP,31,train
Li3PO4-005674,Li3PO4,LiOP,32,train
perovskite-000477,perovskite,BaCaHfOPbTi,20,train
Li3PO4-016893,Li3PO4,LiOP,61,train
ZrO2-008595,ZrO2,OZr,48,train
Li3PO4-011143,Li3PO4,LiOP,31,train
ZrO2-009951,ZrO2,OZr,48,train
Li3PO4-017583,Li3PO4,LiOP,61,train
ZrO2-006391,ZrO2,OZr,95,train
Li3PO4-011432,Li3PO4,LiOP,31,train
ZrO2-002600,ZrO2,OZr,95,train
Li3PO4-008890,Li3PO4,LiOP,31,train
ZrO2-000362,ZrO2,OZr,96,train
ZrO2-006974,ZrO2,OZr,95,train
ZrO2-006815,ZrO2,OZr,95,train
ZrO2-001519,ZrO2,OZr,96,train
Li3PO4-010740,Li3PO4,LiOP,31,train
Li3PO4-009323,Li3PO4,LiOP,31,train
Li3PO4-003425,Li3PO4,LiOP,32,train
Li3PO4-006534,Li3PO4,LiOP,32,train
Li3PO4-012713,Li3PO4,LiOP,31,train
Li3PO4-014408,Li3PO4,LiOP,61,train
Li3PO4-002902,Li3PO4,LiOP,32,train
Li3PO4-000195,Li3PO4,LiOP,32,train
ZrO2-002345,ZrO2,OZr,95,train
ZrO2-005313,ZrO2,OZr,47,train
Li3PO4-014854,Li3PO4,LiOP,61,train
Li3PO4-011210,Li3PO4,LiOP,31,train
Li3PO4-009245,Li3PO4,LiOP,31,train
ZrO2-005091,ZrO2,OZr,47,train
Li3PO4-004167,Li3PO4,LiOP,32,train
Li3PO4-016292,Li3PO4,LiOP,61,train
Li3PO4-017850,Li3PO4,LiOP,61,train
Li3PO4-002042,Li3PO4,LiOP,32,train
Li3PO4-008908,Li3PO4,LiOP,31,train
perovskite-000888,perovskite,CaHfOPbSrZr,20,train
ZrO2-007217,ZrO2,OZr,95,train
Li3PO4-014478,Li3PO4,LiOP,61,train
ZrO2-006425,ZrO2,OZr,95,train
ZrO2-009094,ZrO2,OZr,48,train
ZrO2-007634,ZrO2,OZr,95,train
ZrO2-005429,ZrO2,OZr,47,train
Li3PO4-003821,Li3PO4,LiOP,32,train
perovskite-001157,perovskite,BaCaHfOPbTiZr,20,train
Li3PO4-009454,Li3PO4,LiOP,31,train
ZrO2-006046,ZrO2,OZr,95,train
ZrO2-003711,ZrO2,OZr,47,train
Li3PO4-012829,Li3PO4,LiOP,31,train
Li3PO4-001322,Li3PO4,LiOP,32,train
ZrO2-006327,ZrO2,OZr,95,train
Li3PO4-011452,Li3PO4,LiOP,31,train
ZrO2-000253,ZrO2,OZr,96,train
Li3PO4-005256,Li3PO4,LiOP,32,train
Li3PO4-003098,Li3PO4,LiOP,32,train
Li3PO4-014941,Li3PO4,LiOP,61,train
Li3PO4-008420,Li3PO4,LiOP,31,train
Li3PO4-000407,Li3PO4,LiOP,32,train
ZrO2-001919,ZrO2,OZr,96,train
ZrO2-000017,ZrO2,OZr,96,train
Li3PO4-005499,Li3PO4,LiOP,32,train
ZrO2-007630,ZrO2,OZr,95,train
Li3PO4-002110,Li3PO4,LiOP,32,train
Li3PO4-007774,Li3PO4,LiOP,32,train
Li3PO4-016576,Li3PO4,LiOP,61,train
Li3PO4-008133,Li3PO4,LiOP,31,train
Li3PO4-017628,Li3PO4,LiOP,61,train
Li3PO4-009603,Li3PO4,LiOP,31,train
Li3PO4-003915,Li3PO4,LiOP,32,train
perovskite-000558,perovskite,BaCaHfOTiZr,20,train
ZrO2-006272,ZrO2,OZr,95,train
Li3PO4-007670,Li3PO4,LiOP,32,train
Li3PO4-016531,Li3PO4,LiOP,61,train
Li3PO4-007021,Li3PO4,LiOP,32,train
Li3PO4-009851,Li3PO4,LiOP,31,train
ZrO2-002458,ZrO2,OZr,95,train
ZrO2-006862,ZrO2,OZr,95,train
Li3PO4-007197,Li3PO4,LiOP,32,train
Li3PO4-003337,Li3PO4,LiOP,32,train
Li3PO4-007573,Li3PO4,LiOP,32,train
ZrO2-000961,ZrO2,OZr,96,train
ZrO2-000231,ZrO2,OZr,96,train
Li3PO4-011327,Li3PO4,LiOP,31,train
Li3PO4-004215,Li3PO4,LiOP,32,train
ZrO2-003109,ZrO2,OZr,95,train
ZrO2-003377,ZrO2,OZr,95,train
Li3PO4-014257,Li3PO4,LiOP,61,train
Li3PO4-006419,Li3PO4,LiOP,32,train
Li3PO4-013126,Li3PO4,LiOP,61,train
ZrO2-007044,ZrO2,OZr,95,train
ZrO2-000612,ZrO2,OZr,96,train
Li3PO4-016061,Li3PO4,LiOP,61,train
Li3PO4-011939,Li3PO4,LiOP,31,train
ZrO2-009050,ZrO2,OZr,48,train
Li3PO4-000038,Li3PO4,LiOP,32,train
Li3PO4-016909,Li3PO4,LiOP,61,train
perovskite-000543,perovskite,BaCaHfOSrTi,20,train
Li3PO4-012746,Li3PO4,LiOP,31,train
ZrO2-006313,ZrO2,OZr,95,train
Li3PO4-010293,Li3PO4,LiOP,31,train
perovskite-000535,perovskite,BaCaHfOSrZr,20,train
Li3PO4-013836,Li3PO4,LiOP,61,train
Li3PO4-007338,Li3PO4,LiOP,32,train
Li3PO4-017149,Li3PO4,LiOP,61,train
Li3PO4-006200,Li3PO4,LiOP,32,train
Li3PO4-004346,Li3PO4,LiOP,32,train
Li3PO4-010430,Li3PO4,LiOP,31,train
Li3PO4-003135,Li3PO4,LiOP,32,train
ZrO2-005124,ZrO2,OZr,47,train
Li3PO4-005399,Li3PO4,LiOP,32,train
Li3PO4-006797,Li3PO4,LiOP,32,train
Li3PO4-015429,Li3PO4,LiOP,61,train
Li3PO4-012440,Li3PO4,LiOP,31,train
Li3PO4-004724,Li3PO4,LiOP,32,train
ZrO2-005050,ZrO2,OZr,47,train
Li3PO4-007717,Li3PO4,LiOP,32,train
Li3PO4-011492,Li3PO4,LiOP,31,train
Li3PO4-000913,Li3PO4,LiOP,32,train
ZrO2-000053,ZrO2,OZr,96,train
Li3PO4-004142,Li3PO4,LiOP,32,train
Li3PO4-002250,Li3PO4,LiOP,32,train
Li3PO4-013367,Li3PO4,LiOP,61,train
ZrO2-000446,ZrO2,OZr,96,train
Li3PO4-000170,Li3PO4,LiOP,32,train
Li3PO4-006456,Li3PO4,LiOP,32,train
Li3PO4-004699,Li3PO4,LiOP,32,train
perovskite-000361,perovskite,BaCaHfOZr,20,train
ZrO2-007993,ZrO2,OZr,95,train
Li3PO4-004330,Li3PO4,LiOP,32,train
Li3PO4-002560,Li3PO4,LiOP,32,train
ZrO2-002646,ZrO2,OZr,95,train
Li3PO4-004450,Li3PO4,LiOP,32,train
ZrO2-005353,ZrO2,OZr,47,train
Li3PO4-000640,Li3PO4,LiOP,32,train
Li3PO4-000535,Li3PO4,LiOP,32,train
ZrO2-000040,ZrO2,OZr,96,train
ZrO2-001800,ZrO2,OZr,96,train
Li3PO4-011711,Li3PO4,LiOP,31,train
Li3PO4-003838,Li3PO4,LiOP,32,train
Li3PO4-015656,Li3PO4,LiOP,61,train
ZrO2-008125,ZrO2,OZr,48,train
Li3PO4-014986,Li3PO4,LiOP,61,train
ZrO2-001481,ZrO2,OZr,96,train
Li3PO4-001890,Li3PO4,LiOP,32,train
Li3PO4-004364,Li3PO4,LiOP,32,train
Li3PO4-016905,Li3PO4,LiOP,61,train
ZrO2-009977,ZrO2,OZr,48,train
Li3PO4-006036,Li3PO4,LiOP,32,train
perovskite-000460,perovskite,BaCaHfOPbTi,20,train
Li3PO4-012856,Li3PO4,LiOP,31,train
Li3PO4-004844,Li3PO4,LiOP,32,train
ZrO2-005735,ZrO2,OZr,95,train
Li3PO4-017849,Li3PO4,LiOP,61,train
ZrO2-005708,ZrO2,OZr,95,train
Li3PO4-008652,Li3PO4,LiOP,31,train
Li3PO4-017103,Li3PO4,LiOP,61,train
Li3PO4-009622,Li3PO4,LiOP,31,train
Li3PO4-006078,Li3PO4,LiOP,32,train
Li3PO4-008967,Li3PO4,LiOP,31,train
Li3PO4-013792,Li3PO4,LiOP,61,train
ZrO2-001402,ZrO2,OZr,96,train
ZrO2-001714,ZrO2,OZr,96,train
ZrO2-007455,ZrO2,OZr,95,train
Li3PO4-000839,Li3PO4,LiOP,32,train
Li3PO4-011130,Li3PO4,LiOP,31,train
ZrO2-004844,ZrO2,OZr,47,train
ZrO2-002021,ZrO2,OZr,95,train
Li3PO4-009537,Li3PO4,LiOP,31,train
Li3PO4-005775,Li3PO4,LiOP,32,train
Li3PO4-012595,Li3PO4,LiOP,31,train
Li3PO4-009357,Li3PO4,LiOP,31,train
perovskite-001152,perovskite,BaCaOPbTiZr,20,train
ZrO2-007868,ZrO2,OZr,95,train
ZrO2-001055,ZrO2,OZr,96,train
ZrO2-009768,ZrO2,OZr,48,train
Li3PO4-011675,Li3PO4,LiOP,31,train
ZrO2-002679,ZrO2,OZr,95,train
ZrO2-009663,ZrO2,OZr,48,train
Li3PO4-002291,Li3PO4,LiOP,32,train
ZrO2-000910,ZrO2,OZr,96,train
Li3PO4-001027,Li3PO4,LiOP,32,train
ZrO2-001880,ZrO2,OZr,96,train
ZrO2-009015,ZrO2,OZr,48,train
Li3PO4-017063,Li3PO4,LiOP,61,train
Li3PO4-017941,Li3PO4,LiOP,61,train
ZrO2-000423,ZrO2,OZr,96,train
Li3PO4-007658,Li3PO4,LiOP,32,train
Li3PO4-003991,Li3PO4,LiOP,32,train
Li3PO4-015279,Li3PO4,LiOP,61,train
Li3PO4-015555,Li3PO4,LiOP,61,train
Li3PO4-008532,Li3PO4,LiOP,31,train
Li3PO4-006206,Li3PO4,LiOP,32,train
perovskite-000128,perovskite,OPbSrTi,20,train
Li3PO4-001591,Li3PO4,LiOP,32,train
ZrO2-006798,ZrO2,OZr,95,train
Li3PO4-010670,Li3PO4,LiOP,31,train
Li3PO4-016323,Li3PO4,LiOP,61,train
Li3PO4-008017,Li3PO4,LiOP,31,train
ZrO2-001445,ZrO2,OZr,96,train
ZrO2-009629,ZrO2,OZr,48,train
Li3PO4-016736,Li3PO4,LiOP,61,train
Li3PO4-007695,Li3PO4,LiOP,32,train
Li3PO4-001560,Li3PO4,LiOP,32,train
Li3PO4-014028,Li3PO4,LiOP,61,train
Li3PO4-004014,Li3PO4,LiOP,32,train
Li3PO4-012367,Li3PO4,LiOP,31,train
Li3PO4-009511,Li3PO4,LiOP,31,train
Li3PO4-005393,Li3PO4,LiOP,32,train
Li3PO4-010385,Li3PO4,LiOP,31,train
Li3PO4-002744,Li3PO4,LiOP,32,train
Li3PO4-001134,Li3PO4,LiOP,32,train
ZrO2-003927,ZrO2,OZr,47,train
Li3PO4-015150,Li3PO4,LiOP,61,train
Li3PO4-004888,Li3PO4,LiOP,32,train
Li3PO4-008486,Li3PO4,LiOP,31,train
Li3PO4-002692,Li3PO4,LiOP,32,train
ZrO2-002320,ZrO2,OZr,95,train
Li3PO4-007870,Li3PO4,LiOP,32,train
Li3PO4-014610,Li3PO4,LiOP,61,train
ZrO2-005873,ZrO2,OZr,95,train
Li3PO4-012837,Li3PO4,LiOP,31,train
Li3PO4-009664,Li3PO4,LiOP,31,train
Li3PO4-011338,Li3PO4,LiOP,31,train
ZrO2-001963,ZrO2,OZr,96,train
ZrO2-007326,ZrO2,OZr,95,train
ZrO2-000960,ZrO2,OZr,96,train
ZrO2-002263,ZrO2,OZr,95,train
ZrO2-004721,ZrO2,OZr,47,train
Li3PO4-008895,Li3PO4,LiOP,31,train
Li3PO4-014430,Li3PO4,LiOP,61,train
ZrO2-002849,ZrO2,OZr,95,train
ZrO2-004938,ZrO2,OZr,47,train
Li3PO4-011203,Li3PO4,LiOP,31,train
ZrO2-008427,ZrO2,OZr,48,train
ZrO2-005018,ZrO2,OZr,47,train
Li3PO4-001042,Li3PO4,LiOP,32,train
ZrO2-000821,ZrO2,OZr,96,train
ZrO2-001069,ZrO2,OZr,96,train
Li3PO4-007430,Li3PO4,LiOP,32,train
Li3PO4-007673,Li3PO4,LiOP,32,train
ZrO2-004609,ZrO2,OZr,47,train
ZrO2-003546,ZrO2,OZr,95,train
Li3PO4-006022,Li3PO4,LiOP,32,train
Li3PO4-011259,Li3PO4,LiOP,31,train
ZrO2-009813,ZrO2,OZr,48,train
ZrO2-008185,ZrO2,OZr,48,train
ZrO2-006635,ZrO2,OZr,95,train
Li3PO4-017804,Li3PO4,LiOP,61,train
ZrO2-004829,ZrO2,OZr,47,train
Li3PO4-002195,Li3PO4,LiOP,32,train
Li3PO4-006325,Li3PO4,LiOP,32,train
Li3PO4-005354,Li3PO4,LiOP,32,train
Li3PO4-003683,Li3PO4,LiOP,32,train
Li3PO4-001095,Li3PO4,LiOP,32,train
Li3PO4-009001,Li3PO4,LiOP,31,train
ZrO2-001867,ZrO2,OZr,96,train
Li3PO4-010909,Li3PO4,LiOP,31,train
Li3PO4-007152,Li3PO4,LiOP,32,train
Li3PO4-006669,Li3PO4,LiOP,32,train
Li3PO4-007402,Li3PO4,LiOP,32,train
ZrO2-000954,ZrO2,OZr,96,train
ZrO2-002107,ZrO2,OZr,95,train
Li3PO4-004856,Li3PO4,LiOP,32,train
Li3PO4-012586,Li3PO4,LiOP,31,train
ZrO2-001559,ZrO2,OZr,96,train
ZrO2-004876,ZrO2,OZr,47,train
Li3PO4-004220,Li3PO4,LiOP,32,train
Li3PO4-007978,Li3PO4,LiOP,32,train
Li3PO4-002584,Li3PO4,LiOP,32,train
Li3PO4-016108,Li3PO4,LiOP,61,train
Li3PO4-015675,Li3PO4,LiOP,61,train
ZrO2-004152,ZrO2,OZr,47,train
Li3PO4-013646,Li3PO4,LiOP,61,train
ZrO2-006430,ZrO2,OZr,95,train
Li3PO4-006035,Li3PO4,LiOP,32,train
Li3PO4-014469,Li3PO4,LiOP,61,train
Li3PO4-008024,Li3PO4,LiOP,31,train
Li3PO4-003470,Li3PO4,LiOP,32,train
Li3PO4-001469,Li3PO4,LiOP,32,train
ZrO2-003685,ZrO2,OZr,47,train
Li3PO4-017639,Li3PO4,LiOP,61,train
ZrO2-004188,ZrO2,OZr,47,train
Li3PO4-017160,Li3PO4,LiOP,61,train
Li3PO4-006198,Li3PO4,LiOP,32,train
Li3PO4-013378,Li3PO4,LiOP,61,train
Li3PO4-006593,Li3PO4,LiOP,32,train
Li3PO4-004429,Li3PO4,LiOP,32,train
ZrO2-003006,ZrO2,OZr,95,train
Li3PO4-012429,Li3PO4,LiOP,31,train
ZrO2-005795,ZrO2,OZr,95,train
Li3PO4-004027,Li3PO4,LiOP,32,train
Li3PO4-013333,Li3PO4,LiOP,61,train
Li3PO4-005568,Li3PO4,LiOP,32,train
Li3PO4-010689,Li3PO4,LiOP,31,train
ZrO2-008627,ZrO2,OZr,48,train
Li3PO4-016819,Li3PO4,LiOP,61,train
Li3PO4-007157,Li3PO4,LiOP,32,train
Li3PO4-011235,Li3PO4,LiOP,31,train
ZrO2-004768,ZrO2,OZr,47,train
ZrO2-000355,ZrO2,OZr,96,train
Li3PO4-004329,Li3PO4,LiOP,32,train
ZrO2-001744,ZrO2,OZr,96,train
Li3PO4-004131,Li3PO4,LiOP,32,train
Li3PO4-010785,Li3PO4,LiOP,31,train
Li3PO4-009443,Li3PO4,LiOP,31,train
Li3PO4-010910,Li3PO4,LiOP,31,train
perovskite-000967,perovskite,CaHfOPbSrZr,20,train
ZrO2-004323,ZrO2,OZr,47,train
Li3PO4-001479,Li3PO4,LiOP,32,train
Li3PO4-006442,Li3PO4,LiOP,32,train
Li3PO4-007063,Li3PO4,LiOP,32,train
Li3PO4-000413,Li3PO4,LiOP,32,train
Li3PO4-008696,Li3PO4,LiOP,31,train
Li3PO4-005161,Li3PO4,LiOP,32,train
Li3PO4-016760,Li3PO4,LiOP,61,train
ZrO2-000467,ZrO2,OZr,96,train
ZrO2-004069,ZrO2,OZr,47,train
Li3PO4-013746,Li3PO4,LiOP,61,train
Li3PO4-001396,Li3PO4,LiOP,32,train
perovskite-000658,perovskite,BaCaOPbTiZr,20,train
Li3PO4-013848,Li3PO4,LiOP,61,train
Li3PO4-005278,Li3PO4,LiOP,32,train
Li3PO4-005441,Li3PO4,LiOP,32,train
ZrO2-003321,ZrO2,OZr,95,train
Li3PO4-002259,Li3PO4,LiOP,32,train
ZrO2-007813,ZrO2,OZr,95,train
ZrO2-009517,ZrO2,OZr,48,train
ZrO2-002788,ZrO2,OZr,95,train
Li3PO4-007665,Li3PO4,LiOP,32,train
Li3PO4-000443,Li3PO4,LiOP,32,train
perovskite-000549,perovskite,BaCaHfOTi,20,train
Li3PO4-007282,Li3PO4,LiOP,32,train
Li3PO4-014322,Li3PO4,LiOP,61,train
ZrO2-005910,ZrO2,OZr,95,train
ZrO2-001907,ZrO2,OZr,96,train
Li3PO4-012335,Li3PO4,LiOP,31,train
ZrO2-005402,ZrO2,OZr,47,train
ZrO2-006289,ZrO2,OZr,95,train
Li3PO4-002289,Li3PO4,LiOP,32,train
ZrO2-005415,ZrO2,OZr,47,train
Li3PO4-009383,Li3PO4,LiOP,31,train
Li3PO4-002766,Li3PO4,LiOP,32,train
ZrO2-010000,ZrO2,OZr,48,train
ZrO2-007679,ZrO2,OZr,95,train
Li3PO4-017191,Li3PO4,LiOP,61,train
Li3PO4-009295,Li3PO4,LiOP,31,train
Li3PO4-008969,Li3PO4,LiOP,31,train
Li3PO4-013259,Li3PO4,LiOP,61,train
Li3PO4-007734,Li3PO4,LiOP,32,train
ZrO2-005308,ZrO2,OZr,47,train
Li3PO4-014821,Li3PO4,LiOP,61,train
Li3PO4-008380,Li3PO4,LiOP,31,train
ZrO2-000943,ZrO2,OZr,96,train
ZrO2-005121,ZrO2,OZr,47,train
Li3PO4-002995,Li3PO4,LiOP,32,train
Li3PO4-013575,Li3PO4,LiOP,61,train
Li3PO4-014757,Li3PO4,LiOP,61,train
Li3PO4-001673,Li3PO4,LiOP,32,train
Li3PO4-017202,Li3PO4,LiOP,61,train
Li3PO4-017821,Li3PO4,LiOP,61,train
Li3PO4-003276,Li3PO4,LiOP,32,train
Li3PO4-014493,Li3PO4,LiOP,61,train
ZrO2-001400,ZrO2,OZr,96,train
Li3PO4-009887,Li3PO4,LiOP,31,train
Li3PO4-015670,Li3PO4,LiOP,61,train
Li3PO4-011771,Li3PO4,LiOP,31,train
Li3PO4-005662,Li3PO4,LiOP,32,train
ZrO2-007379,ZrO2,OZr,95,train
Li3PO4-012742,Li3PO4,LiOP,31,train
Li3PO4-002810,Li3PO4,LiOP,32,train
Li3PO4-010137,Li3PO4,LiOP,31,train
Li3PO4-011575,Li3PO4,LiOP,31,train
Li3PO4-003967,Li3PO4,LiOP,32,train
Li3PO4-010195,Li3PO4,LiOP,31,train
ZrO2-003983,ZrO2,OZr,47,train
Li3PO4-011431,Li3PO4,LiOP,31,train
Li3PO4-009584,Li3PO4,LiOP,31,train
ZrO2-005745,ZrO2,OZr,95,train
Li3PO4-000294,Li3PO4,LiOP,32,train
Li3PO4-008970,Li3PO4,LiOP,31,train
Li3PO4-014562,Li3PO4,LiOP,61,train
ZrO2-007430,ZrO2,OZr,95,train
Li3PO4-015630,Li3PO4,LiOP,61,train
Li3PO4-002398,Li3PO4,LiOP,32,train
Li3PO4-008092,Li3PO4,LiOP,31,train
Li3PO4-006113,Li3PO4,LiOP,32,train
Li3PO4-008220,Li3PO4,LiOP,31,train
Li3PO4-002142,Li3PO4,LiOP,32,train
ZrO2-003272,ZrO2,OZr,95,train
ZrO2-003083,ZrO2,OZr,95,train
ZrO2-002296,ZrO2,OZr,95,train
Li3PO4-014548,Li3PO4,LiOP,61,train
Li3PO4-010555,Li3PO4,LiOP,31,train
Li3PO4-003638,Li3PO4,LiOP,32,train
Li3PO4-013669,Li3PO4,LiOP,61,train
Li3PO4-003922,Li3PO4,LiOP,32,train
Li3PO4-001843,Li3PO4,LiOP,32,train
ZrO2-000854,ZrO2,OZr,96,train
ZrO2-009712,ZrO2,OZr,48,train
ZrO2-007244,ZrO2,OZr,95,train
ZrO2-000959,ZrO2,OZr,96,train
Li3PO4-005039,Li3PO4,LiOP,32,train
Li3PO4-008929,Li3PO4,LiOP,31,train
ZrO2-009567,ZrO2,OZr,48,train
ZrO2-001298,ZrO2,OZr,96,train
Li3PO4-017298,Li3PO4,LiOP,61,train
ZrO2-006252,ZrO2,OZr,95,train
Li3PO4-012459,Li3PO4,LiOP,31,train
Li3PO4-012518,Li3PO4,LiOP,31,train
ZrO2-006516,ZrO2,OZr,95,train
Li3PO4-014758,Li3PO4,LiOP,61,train
Li3PO4-005093,Li3PO4,LiOP,32,train
ZrO2-007826,ZrO2,OZr,95,train
Li3PO4-006117,Li3PO4,LiOP,32,train
Li3PO4-007066,Li3PO4,LiOP,32,train
perovskite-001222,perovskite,CaHfOSrTiZr,20,train
Li3PO4-015593,Li3PO4,LiOP,61,train
Li3PO4-003505,Li3PO4,LiOP,32,train
Li3PO4-010510,Li3PO4,LiOP,31,train
ZrO2-000930,ZrO2,OZr,96,train
ZrO2-006035,ZrO2,OZr,95,train
Li3PO4-017211,Li3PO4,LiOP,61,train
ZrO2-001074,ZrO2,OZr,96,train
ZrO2-008807,ZrO2,OZr,48,train
Li3PO4-013038,Li3PO4,LiOP,61,train
ZrO2-007753,ZrO2,OZr,95,train
ZrO2-007126,ZrO2,OZr,95,train
Li3PO4-004937,Li3PO4,LiOP,32,train
Li3PO4-017119,Li3PO4,LiOP,61,train
Li3PO4-017222,Li3PO4,LiOP,61,train
Li3PO4-011527,Li3PO4,LiOP,31,train
Li3PO4-010831,Li3PO4,LiOP,31,train
Li3PO4-003148,Li3PO4,LiOP,32,train
ZrO2-007675,ZrO2,OZr,95,train
ZrO2-005504,ZrO2,OZr,47,train
Li3PO4-009828,Li3PO4,LiOP,31,train
Li3PO4-012331,Li3PO4,LiOP,31,train
Li3PO4-002354,Li3PO4,LiOP,32,train
Li3PO4-010055,Li3PO4,LiOP,31,train
ZrO2-008500,ZrO2,OZr,48,train
Li3PO4-011107,Li3PO4,LiOP,31,train
perovskite-000205,perovskite,HfOPbSr,20,train
ZrO2-007802,ZrO2,OZr,95,train
Li3PO4-015229,Li3PO4,LiOP,61,train
ZrO2-008939,ZrO2,OZr,48,train
Li3PO4-009678,Li3PO4,LiOP,31,train
Li3PO4-017335,Li3PO4,LiOP,61,train
Li3PO4-012216,Li3PO4,LiOP,31,train
Li3PO4-011403,Li3PO4,LiOP,31,train
ZrO2-009645,ZrO2,OZr,48,train
ZrO2-002314,ZrO2,OZr,95,train
Li3PO4-008504,Li3PO4,LiOP,31,train
Li3PO4-002105,Li3PO4,LiOP,32,train
Li3PO4-004232,Li3PO4,LiOP,32,train
Li3PO4-006674,Li3PO4,LiOP,32,train
perovskite-000958,perovskite,CaHfOPbSrTiZr,20,train
ZrO2-004477,ZrO2,OZr,47,train
Li3PO4-002794,Li3PO4,LiOP,32,train
perovskite-001005,perovskite,BaCaHfOPbSrZr,20,train
Li3PO4-008926,Li3PO4,LiOP,31,train
Li3PO4-001172,Li3PO4,LiOP,32,train
Li3PO4-012997,Li3PO4,LiOP,61,train
Li3PO4-006784,Li3PO4,LiOP,32,train
ZrO2-001547,ZrO2,OZr,96,train
perovskite-000109,perovskite,BaCaOSrTi,20,train
ZrO2-005576,ZrO2,OZr,95,train
Li3PO4-010018,Li3PO4,LiOP,31,train
Li3PO4-010469,Li3PO4,LiOP,31,train
Li3PO4-000255,Li3PO4,LiOP,32,train
Li3PO4-007271,Li3PO4,LiOP,32,train
Li3PO4-003426,Li3PO4,LiOP,32,train
Li3PO4-011882,Li3PO4,LiOP,31,train
Li3PO4-014794,Li3PO4,LiOP,61,train
Li3PO4-014118,Li3PO4,LiOP,61,train
Li3PO4-012703,Li3PO4,LiOP,31,train
ZrO2-006885,ZrO2,OZr,95,train
ZrO2-001115,ZrO2,OZr,96,train
ZrO2-008284,ZrO2,OZr,48,train
Li3PO4-007094,Li3PO4,LiOP,32,train
Li3PO4-002383,Li3PO4,LiOP,32,train
Li3PO4-015661,Li3PO4,LiOP,61,train
ZrO2-008108,ZrO2,OZr,48,train
Li3PO4-003553,Li3PO4,LiOP,32,train
ZrO2-008274,ZrO2,OZr,48,train
Li3PO4-013563,Li3PO4,LiOP,61,train
ZrO2-002973,ZrO2,OZr,95,train
Li3PO4-003644,Li3PO4,LiOP,32,train
ZrO2-006893,ZrO2,OZr,95,train
Li3PO4-004921,Li3PO4,LiOP,32,train
ZrO2-009628,ZrO2,OZr,48,train
ZrO2-002821,ZrO2,OZr,95,train
Li3PO4-012657,Li3PO4,LiOP,31,train
Li3PO4-002856,Li3PO4,LiOP,32,train
ZrO2-006842,ZrO2,OZr,95,train
Li3PO4-008157,Li3PO4,LiOP,31,train
Li3PO4-013725,Li3PO4,LiOP,61,train
Li3PO4-010905,Li3PO4,LiOP,31,train
Li3PO4-014270,Li3PO4,LiOP,61,train
Li3PO4-002764,Li3PO4,LiOP,32,train
Li3PO4-016003,Li3PO4,LiOP,61,train
Li3PO4-009820,Li3PO4,LiOP,31,train
Li3PO4-003437,Li3PO4,LiOP,32,train
ZrO2-000252,ZrO2,OZr,96,train
Li3PO4-017417,Li3PO4,LiOP,61,train
ZrO2-004524,ZrO2,OZr,47,train
ZrO2-008040,ZrO2,OZr,95,train
Li3PO4-008279,Li3PO4,LiOP,31,train
ZrO2-003507,ZrO2,OZr,95,train
Li3PO4-010881,Li3PO4,LiOP,31,train
Li3PO4-010709,Li3PO4,LiOP,31,train
Li3PO4-014342,Li3PO4,LiOP,61,train
perovskite-000050,perovskite,OPbSrZr,20,train
Li3PO4-000500,Li3PO4,LiOP,32,train
Li3PO4-016784,Li3PO4,LiOP,61,train
Li3PO4-012642,Li3PO4,LiOP,31,train
ZrO2-000462,ZrO2,OZr,96,train
ZrO2-002635,ZrO2,OZr,95,train
Li3PO4-016431,Li3PO4,LiOP,61,train
ZrO2-003174,ZrO2,OZr,95,train
ZrO2-006189,ZrO2,OZr,95,train
Li3PO4-012401,Li3PO4,LiOP,31,train
Li3PO4-014900,Li3PO4,LiOP,61,train
ZrO2-006958,ZrO2,OZr,95,train
Li3PO4-005938,Li3PO4,LiOP,32,train
Li3PO4-002169,Li3PO4,LiOP,32,train
Li3PO4-012965,Li3PO4,LiOP,31,train
Li3PO4-003233,Li3PO4,LiOP,32,train
Li3PO4-011904,Li3PO4,LiOP,31,train
ZrO2-004180,ZrO2,OZr,47,train
Li3PO4-017251,Li3PO4,LiOP,61,train
Li3PO4-011351,Li3PO4,LiOP,31,train
Li3PO4-016022,Li3PO4,LiOP,61,train
Li3PO4-003582,Li3PO4,LiOP,32,train
ZrO2-001974,ZrO2,OZr,96,train
ZrO2-004030,ZrO2,OZr,47,train
ZrO2-003000,ZrO2,OZr,95,train
Li3PO4-001348,Li3PO4,LiOP,32,train
ZrO2-007491,ZrO2,OZr,95,train
Li3PO4-012072,Li3PO4,LiOP,31,train
Li3PO4-017663,Li3PO4,LiOP,61,train
Li3PO4-015931,Li3PO4,LiOP,61,train
ZrO2-007788,ZrO2,OZr,95,train
Li3PO4-004035,Li3PO4,LiOP,32,train
ZrO2-003604,ZrO2,OZr,47,train
Li3PO4-004459,Li3PO4,LiOP,32,train
ZrO2-003803,ZrO2,OZr,47,train
Li3PO4-015791,Li3PO4,LiOP,61,train
Li3PO4-014603,Li3PO4,LiOP,61,train
Li3PO4-005863,Li3PO4,LiOP,32,train
ZrO2-007359,ZrO2,OZr,95,train
Li3PO4-007705,Li3PO4,LiOP,32,train
Li3PO4-003322,Li3PO4,LiOP,32,train
Li3PO4-003746,Li3PO4,LiOP,32,train
Li3PO4-010673,Li3PO4,LiOP,31,train
Li3PO4-011359,Li3PO4,LiOP,31,train
Li3PO4-013452,Li3PO4,LiOP,61,train
Li3PO4-000448,Li3PO4,LiOP,32,train
ZrO2-007590,ZrO2,OZr,95,train
Li3PO4-012045,Li3PO4,LiOP,31,train
Li3PO4-006664,Li3PO4,LiOP,32,train
ZrO2-005886,ZrO2,OZr,95,train
Li3PO4-010276,Li3PO4,LiOP,31,train
perovskite-001223,perovskite,CaHfOSrTi,20,train
Li3PO4-016085,Li3PO4,LiOP,61,train
ZrO2-002401,ZrO2,OZr,95,train
Li3PO4-016791,Li3PO4,LiOP,61,train
Li3PO4-003506,Li3PO4,LiOP,32,train
ZrO2-008561,ZrO2,OZr,48,train
Li3PO4-015285,Li3PO4,LiOP,61,train
Li3PO4-005213,Li3PO4,LiOP,32,train
ZrO2-009509,ZrO2,OZr,48,train
Li3PO4-000392,Li3PO4,LiOP,32,train
Li3PO4-006222,Li3PO4,LiOP,32,train
ZrO2-009724,ZrO2,OZr,48,train
perovskite-000930,perovskite,CaHfOPbSrZr,20,train
Li3PO4-006389,Li3PO4,LiOP,32,train
ZrO2-009979,ZrO2,OZr,48,train
Li3PO4-014156,Li3PO4,LiOP,61,train
ZrO2-004778,ZrO2,OZr,47,train
Li3PO4-010131,Li3PO4,LiOP,31,train
Li3PO4-004816,Li3PO4,LiOP,32,train
perovskite-000982,perovskite,BaCaOPbSrTiZr,20,train
ZrO2-003799,ZrO2,OZr,47,train
ZrO2-007322,ZrO2,OZr,95,train
Li3PO4-000945,Li3PO4,LiOP,32,train
Li3PO4-014537,Li3PO4,LiOP,61,train
ZrO2-008313,ZrO2,OZr,48,train
ZrO2-002561,ZrO2,OZr,95,train
Li3PO4-007159,Li3PO4,LiOP,32,train
ZrO2-003528,ZrO2,OZr,95,train
Li3PO4-008421,Li3PO4,LiOP,31,train
Li3PO4-017318,Li3PO4,LiOP,61,train
ZrO2-007674,ZrO2,OZr,95,train
ZrO2-008620,ZrO2,OZr,48,train
ZrO2-008432,ZrO2,OZr,48,train
Li3PO4-002877,Li3PO4,LiOP,32,train
Li3PO4-015893,Li3PO4,LiOP,61,train
Li3PO4-000439,Li3PO4,LiOP,32,train
Li3PO4-003217,Li3PO4,LiOP,32,train
Li3PO4-004242,Li3PO4,LiOP,32,train
Li3PO4-007035,Li3PO4,LiOP,32,train
ZrO2-007171,ZrO2,OZr,95,train
Li3PO4-000715,Li3PO4,LiOP,32,train
ZrO2-008902,ZrO2,OZr,48,train
Li3PO4-005965,Li3PO4,LiOP,32,train
ZrO2-001192,ZrO2,OZr,96,train
Li3PO4-015881,Li3PO4,LiOP,61,train
Li3PO4-006352,Li3PO4,LiOP,32,train
Li3PO4-000426,Li3PO4,LiOP,32,train
ZrO2-009236,ZrO2,OZr,48,train
Li3PO4-006268,Li3PO4,LiOP,32,train
Li3PO4-008060,Li3PO4,LiOP,31,train
Li3PO4-016111,Li3PO4,LiOP,61,train
ZrO2-006525,ZrO2,OZr,95,train
ZrO2-003447,ZrO2,OZr,95,train
ZrO2-008805,ZrO2,OZr,48,train
ZrO2-009586,ZrO2,OZr,48,train
Li3PO4-001585,Li3PO4,LiOP,32,train
Li3PO4-016845,Li3PO4,LiOP,61,train
Li3PO4-015709,Li3PO4,LiOP,61,train
perovskite-000049,perovskite,OPbZr,20,train
Li3PO4-007029,Li3PO4,LiOP,32,train
Li3PO4-014860,Li3PO4,LiOP,61,train
Li3PO4-010253,Li3PO4,LiOP,31,train
Li3PO4-016021,Li3PO4,LiOP,61,train
Li3PO4-004164,Li3PO4,LiOP,32,train
Li3PO4-010996,Li3PO4,LiOP,31,train
Li3PO4-004491,Li3PO4,LiOP,32,train
Li3PO4-017733,Li3PO4,LiOP,61,train
ZrO2-008362,ZrO2,OZr,48,train
ZrO2-007187,ZrO2,OZr,95,train
Li3PO4-013455,Li3PO4,LiOP,61,train
Li3PO4-000032,Li3PO4,LiOP,32,train
Li3PO4-008842,Li3PO4,LiOP,31,train
Li3PO4-015933,Li3PO4,LiOP,61,train
ZrO2-003099,ZrO2,OZr,95,train
ZrO2-009536,ZrO2,OZr,48,train
Li3PO4-012981,Li3PO4,LiOP,31,train
Li3PO4-002198,Li3PO4,LiOP,32,train
Li3PO4-017506,Li3PO4,LiOP,61,train
Li3PO4-001031,Li3PO4,LiOP,32,train
Li3PO4-013920,Li3PO4,LiOP,61,train
ZrO2-010035,ZrO2,OZr,48,train
ZrO2-008525,ZrO2,OZr,48,train
ZrO2-008114,ZrO2,OZr,48,train
Li3PO4-011399,Li3PO4,LiOP,31,train
Li3PO4-007001,Li3PO4,LiOP,32,train
Li3PO4-017310,Li3PO4,LiOP,61,train
ZrO2-008637,ZrO2,OZr,48,train
ZrO2-006436,ZrO2,OZr,95,train
Li3PO4-000049,Li3PO4,LiOP,32,train
Li3PO4-007463,Li3PO4,LiOP,32,train
Li3PO4-015370,Li3PO4,LiOP,61,train
Li3PO4-017563,Li3PO4,LiOP,61,train
ZrO2-004724,ZrO2,OZr,47,train
Li3PO4-009351,Li3PO4,LiOP,31,train
Li3PO4-011878,Li3PO4,LiOP,31,train
Li3PO4-003911,Li3PO4,LiOP,32,train
ZrO2-009125,ZrO2,OZr,48,train
ZrO2-007727,ZrO2,OZr,95,train
ZrO2-008701,ZrO2,OZr,48,train
Li3PO4-013477,Li3PO4,LiOP,61,train
Li3PO4-005824,Li3PO4,LiOP,32,train
ZrO2-004661,ZrO2,OZr,47,train
Li3PO4-016480,Li3PO4,LiOP,61,train
ZrO2-009782,ZrO2,OZr,48,train
ZrO2-000473,ZrO2,OZr,96,train
Li3PO4-004321,Li3PO4,LiOP,32,train
ZrO2-004527,ZrO2,OZr,47,train
Li3PO4-002842,Li3PO4,LiOP,32,train
ZrO2-006996,ZrO2,OZr,95,train
Li3PO4-012277,Li3PO4,LiOP,31,train
Li3PO4-015315,Li3PO4,LiOP,61,train
Li3PO4-001605,Li3PO4,LiOP,32,train
ZrO2-000765,ZrO2,OZr,96,train
Li3PO4-002415,Li3PO4,LiOP,32,train
Li3PO4-010487,Li3PO4,LiOP,31,train
Li3PO4-001208,Li3PO4,LiOP,32,train
ZrO2-001215,ZrO2,OZr,96,train
Li3PO4-005942,Li3PO4,LiOP,32,train
Li3PO4-014219,Li3PO4,LiOP,61,train
ZrO2-002155,ZrO2,OZr,95,train
Li3PO4-007251,Li3PO4,LiOP,32,train
Li3PO4-017179,Li3PO4,LiOP,61,train
Li3PO4-005652,Li3PO4,LiOP,32,train
Li3PO4-006842,Li3PO4,LiOP,32,train
ZrO2-002710,ZrO2,OZr,95,train
Li3PO4-001292,Li3PO4,LiOP,32,train
ZrO2-000815,ZrO2,OZr,96,train
ZrO2-001136,ZrO2,OZr,96,train
Li3PO4-001379,Li3PO4,LiOP,32,train
Li3PO4-008131,Li3PO4,LiOP,31,train
ZrO2-008913,ZrO2,OZr,48,train
ZrO2-004343,ZrO2,OZr,47,train
ZrO2-000740,ZrO2,OZr,96,train
ZrO2-007433,ZrO2,OZr,95,train
ZrO2-003791,ZrO2,OZr,47,train
Li3PO4-009805,Li3PO4,LiOP,31,train
Li3PO4-004297,Li3PO4,LiOP,32,train
ZrO2-009640,ZrO2,OZr,48,train
ZrO2-005445,ZrO2,OZr,47,train
ZrO2-008820,ZrO2,OZr,48,train
ZrO2-007575,ZrO2,OZr,95,train
Li3PO4-015241,Li3PO4,LiOP,61,train
ZrO2-007737,ZrO2,OZr,95,train
Li3PO4-005801,Li3PO4,LiOP,32,train
Li3PO4-005081,Li3PO4,LiOP,32,train
ZrO2-004064,ZrO2,OZr,47,train
ZrO2-001228,ZrO2,OZr,96,train
Li3PO4-000726,Li3PO4,LiOP,32,train
Li3PO4-002749,Li3PO4,LiOP,32,train
ZrO2-005712,ZrO2,OZr,95,train
Li3PO4-001243,Li3PO4,LiOP,32,train
Li3PO4-011183,Li3PO4,LiOP,31,train
Li3PO4-012202,Li3PO4,LiOP,31,train
Li3PO4-010231,Li3PO4,LiOP,31,train
Li3PO4-005876,Li3PO4,LiOP,32,train
Li3PO4-006077,Li3PO4,LiOP,32,train
Li3PO4-009675,Li3PO4,LiOP,31,train
Li3PO4-016152,Li3PO4,LiOP,61,train
ZrO2-006551,ZrO2,OZr,95,train
Li3PO4-005163,Li3PO4,LiOP,32,train
Li3PO4-003293,Li3PO4,LiOP,32,train
ZrO2-003840,ZrO2,OZr,47,train
Li3PO4-003191,Li3PO4,LiOP,32,train
Li3PO4-007823,Li3PO4,LiOP,32,train
ZrO2-000822,ZrO2,OZr,96,train
Li3PO4-005010,Li3PO4,LiOP,32,train
Li3PO4-012517,Li3PO4,LiOP,31,train
ZrO2-005103,ZrO2,OZr,47,train
Li3PO4-015761,Li3PO4,LiOP,61,train
ZrO2-007232,ZrO2,OZr,95,train
Li3PO4-016641,Li3PO4,LiOP,61,train
ZrO2-010063,ZrO2,OZr,48,train
ZrO2-004899,ZrO2,OZr,47,train
ZrO2-004339,ZrO2,OZr,47,train
Li3PO4-011775,Li3PO4,LiOP,31,train
ZrO2-008399,ZrO2,OZr,48,train
Li3PO4-015807,Li3PO4,LiOP,61,train
ZrO2-002892,ZrO2,OZr,95,train
Li3PO4-000790,Li3PO4,LiOP,32,train
ZrO2-003807,ZrO2,OZr,47,train
Li3PO4-001364,Li3PO4,LiOP,32,train
Li3PO4-003215,Li3PO4,LiOP,32,train
Li3PO4-015506,Li3PO4,LiOP,61,train
Li3PO4-000505,Li3PO4,LiOP,32,train
Li3PO4-007750,Li3PO4,LiOP,32,train
Li3PO4-012575,Li3PO4,LiOP,31,train
ZrO2-006159,ZrO2,OZr,95,train
Li3PO4-010443,Li3PO4,LiOP,31,train
Li3PO4-001930,Li3PO4,LiOP,32,train
Li3PO4-013023,Li3PO4,LiOP,61,train
ZrO2-002456,ZrO2,OZr,95,train
ZrO2-007786,ZrO2,OZr,95,train
Li3PO4-001205,Li3PO4,LiOP,32,train
ZrO2-000865,ZrO2,OZr,96,train
ZrO2-006459,ZrO2,OZr,95,train
Li3PO4-004713,Li3PO4,LiOP,32,train
ZrO2-004791,ZrO2,OZr,47,train
Li3PO4-002313,Li3PO4,LiOP,32,train
ZrO2-005423,ZrO2,OZr,47,train
Li3PO4-008921,Li3PO4,LiOP,31,train
Li3PO4-006832,Li3PO4,LiOP,32,train
ZrO2-007015,ZrO2,OZr,95,train
Li3PO4-011264,Li3PO4,LiOP,31,train
ZrO2-003952,ZrO2,OZr,47,train
Li3PO4-009523,Li3PO4,LiOP,31,train
ZrO2-005366,ZrO2,OZr,47,train
Li3PO4-012433,Li3PO4,LiOP,31,train
ZrO2-003562,ZrO2,OZr,95,train
ZrO2-002431,ZrO2,OZr,95,train
ZrO2-008916,ZrO2,OZr,48,train
Li3PO4-017675,Li3PO4,LiOP,61,train
Li3PO4-011617,Li3PO4,LiOP,31,train
ZrO2-008378,ZrO2,OZr,48,train
Li3PO4-016873,Li3PO4,LiOP,61,train
ZrO2-002751,ZrO2,OZr,95,train
ZrO2-007164,ZrO2,OZr,95,train
perovskite-001119,perovskite,BaCaHfOPbSrTiZr,20,train
ZrO2-005162,ZrO2,OZr,47,train
Li3PO4-000217,Li3PO4,LiOP,32,train
Li3PO4-013104,Li3PO4,LiOP,61,train
Li3PO4-002307,Li3PO4,LiOP,32,train
ZrO2-007955,ZrO2,OZr,95,train
Li3PO4-005054,Li3PO4,LiOP,32,train
Li3PO4-017433,Li3PO4,LiOP,61,train
ZrO2-010040,ZrO2,OZr,48,train
Li3PO4-004006,Li3PO4,LiOP,32,train
Li3PO4-006953,Li3PO4,LiOP,32,train
Li3PO4-007107,Li3PO4,LiOP,32,train
Li3PO4-001442,Li3PO4,LiOP,32,train
Li3PO4-012326,Li3PO4,LiOP,31,train
Li3PO4-016138,Li3PO4,LiOP,61,train
Li3PO4-009995,Li3PO4,LiOP,31,train
Li3PO4-013498,Li3PO4,LiOP,61,train
ZrO2-009056,ZrO2,OZr,48,train
Li3PO4-011781,Li3PO4,LiOP,31,train
Li3PO4-002001,Li3PO4,LiOP,32,train
ZrO2-005943,ZrO2,OZr,95,train
Li3PO4-011880,Li3PO4,LiOP,31,train
Li3PO4-011323,Li3PO4,LiOP,31,train
ZrO2-004613,ZrO2,OZr,47,train
Li3PO4-012205,Li3PO4,LiOP,31,train
ZrO2-003240,ZrO2,OZr,95,train
Li3PO4-011634,Li3PO4,LiOP,31,train
Li3PO4-006063,Li3PO4,LiOP,32,train
perovskite-000285,perovskite,CaHfOPbTi,20,train
Li3PO4-010871,Li3PO4,LiOP,31,train
Li3PO4-009941,Li3PO4,LiOP,31,train
Li3PO4-012697,Li3PO4,LiOP,31,train
Li3PO4-007041,Li3PO4,LiOP,32,train
ZrO2-006892,ZrO2,OZr,95,train
ZrO2-005006,ZrO2,OZr,47,train
Li3PO4-011644,Li3PO4,LiOP,31,train
Li3PO4-014703,Li3PO4,LiOP,61,train
Li3PO4-006462,Li3PO4,LiOP,32,train
Li3PO4-014373,Li3PO4,LiOP,61,train
ZrO2-008530,ZrO2,OZr,48,train
Li3PO4-013627,Li3PO4,LiOP,61,train
Li3PO4-016390,Li3PO4,LiOP,61,train
ZrO2-001824,ZrO2,OZr,96,train
Li3PO4-017109,Li3PO4,LiOP,61,train
Li3PO4-011661,Li3PO4,LiOP,31,train
ZrO2-003437,ZrO2,OZr,95,train
Li3PO4-009152,Li3PO4,LiOP,31,train
ZrO2-002822,ZrO2,OZr,95,train
Li3PO4-011911,Li3PO4,LiOP,31,train
ZrO2-000694,ZrO2,OZr,96,train
ZrO2-009420,ZrO2,OZr,48,train
ZrO2-000512,ZrO2,OZr,96,train
ZrO2-000755,ZrO2,OZr,96,train
Li3PO4-007679,Li3PO4,LiOP,32,train
ZrO2-000843,ZrO2,OZr,96,train
Li3PO4-007454,Li3PO4,LiOP,32,train
Li3PO4-011974,Li3PO4,LiOP,31,train
Li3PO4-008971,Li3PO4,LiOP,31,train
ZrO2-008852,ZrO2,OZr,48,train
Li3PO4-006854,Li3PO4,LiOP,32,train
Li3PO4-014475,Li3PO4,LiOP,61,train
Li3PO4-013285,Li3PO4,LiOP,61,train
ZrO2-003221,ZrO2,OZr,95,train
ZrO2-004669,ZrO2,OZr,47,train
Li3PO4-011448,Li3PO4,LiOP,31,train
Li3PO4-002844,Li3PO4,LiOP,32,train
ZrO2-001837,ZrO2,OZr,96,train
perovskite-001156,perovskite,BaCaHfOPbTiZr,20,train
Li3PO4-016936,Li3PO4,LiOP,61,train
Li3PO4-011369,Li3PO4,LiOP,31,train
ZrO2-003467,ZrO2,OZr,95,train
Li3PO4-005305,Li3PO4,LiOP,32,train
Li3PO4-010695,Li3PO4,LiOP,31,train
Li3PO4-016606,Li3PO4,LiOP,61,train
Li3PO4-013866,Li3PO4,LiOP,61,train
ZrO2-001695,ZrO2,OZr,96,train
Li3PO4-007204,Li3PO4,LiOP,32,train
Li3PO4-003513,Li3PO4,LiOP,32,train
ZrO2-000469,ZrO2,OZr,96,train
Li3PO4-009676,Li3PO4,LiOP,31,train
Li3PO4-001251,Li3PO4,LiOP,32,train
ZrO2-001508,ZrO2,OZr,96,train
ZrO2-002400,ZrO2,OZr,95,train
Li3PO4-004471,Li3PO4,LiOP,32,train
Li3PO4-006968,Li3PO4,LiOP,32,train
ZrO2-007654,ZrO2,OZr,95,train
Li3PO4-015103,Li3PO4,LiOP,61,train
ZrO2-007317,ZrO2,OZr,95,train
Li3PO4-015535,Li3PO4,LiOP,61,train
Li3PO4-002319,Li3PO4,LiOP,32,train
ZrO2-002531,ZrO2,OZr,95,train
Li3PO4-015681,Li3PO4,LiOP,61,train
Li3PO4-013140,Li3PO4,LiOP,61,train
ZrO2-005531,ZrO2,OZr,47,train
ZrO2-006076,ZrO2,OZr,95,train
Li3PO4-017882,Li3PO4,LiOP,61,train
ZrO2-004746,ZrO2,OZr,47,train
ZrO2-004006,ZrO2,OZr,47,train
Li3PO4-000155,Li3PO4,LiOP,32,train
ZrO2-002797,ZrO2,OZr,95,train
Li3PO4-003584,Li3PO4,LiOP,32,train
Li3PO4-001821,Li3PO4,LiOP,32,train
Li3PO4-014752,Li3PO4,LiOP,61,train
ZrO2-005804,ZrO2,OZr,95,train
Li3PO4-005425,Li3PO4,LiOP,32,train
Li3PO4-001625,Li3PO4,LiOP,32,train
ZrO2-005918,ZrO2,OZr,95,train
ZrO2-005100,ZrO2,OZr,47,train
Li3PO4-003892,Li3PO4,LiOP,32,train
Li3PO4-002910,Li3PO4,LiOP,32,train
Li3PO4-014013,Li3PO4,LiOP,61,train
Li3PO4-000354,Li3PO4,LiOP,32,train
Li3PO4-009976,Li3PO4,LiOP,31,train
ZrO2-008271,ZrO2,OZr,48,train
ZrO2-006369,ZrO2,OZr,95,train
Li3PO4-016473,Li3PO4,LiOP,61,train
Li3PO4-009683,Li3PO4,LiOP,31,train
ZrO2-008669,ZrO2,OZr,48,train
Li3PO4-008068,Li3PO4,LiOP,31,train
Li3PO4-005883,Li3PO4,LiOP,32,train
ZrO2-000149,ZrO2,OZr,96,train
ZrO2-006471,ZrO2,OZr,95,train
Li3PO4-005350,Li3PO4,LiOP,32,train
ZrO2-006902,ZrO2,OZr,95,train
Li3PO4-010151,Li3PO4,LiOP,31,train
Li3PO4-006370,Li3PO4,LiOP,32,train
Li3PO4-009333,Li3PO4,LiOP,31,train
Li3PO4-008959,Li3PO4,LiOP,31,train
Li3PO4-007781,Li3PO4,LiOP,32,train
perovskite-000426,perovskite,CaHfOPbSrTiZr,20,train
Li3PO4-012885,Li3PO4,LiOP,31,train
Li3PO4-006294,Li3PO4,LiOP,32,train
Li3PO4-002802,Li3PO4,LiOP,32,train
Li3PO4-013178,Li3PO4,LiOP,61,train
perovskite-000339,perovskite,BaCaHfOTi,20,train
ZrO2-002256,ZrO2,OZr,95,train
Li3PO4-010267,Li3PO4,LiOP,31,train
Li3PO4-008631,Li3PO4,LiOP,31,train
perovskite-000723,perovskite,CaHfOPbTi,20,train
ZrO2-007609,ZrO2,OZr,95,train
ZrO2-008188,ZrO2,OZr,48,train
Li3PO4-012126,Li3PO4,LiOP,31,train
Li3PO4-002765,Li3PO4,LiOP,32,train
Li3PO4-013497,Li3PO4,LiOP,61,train
ZrO2-009754,ZrO2,OZr,48,train
ZrO2-002425,ZrO2,OZr,95,train
ZrO2-009941,ZrO2,OZr,48,train
Li3PO4-014999,Li3PO4,LiOP,61,train
ZrO2-001735,ZrO2,OZr,96,train
Li3PO4-007290,Li3PO4,LiOP,32,train
perovskite-000129,perovskite,BaOPbSrTi,20,train
ZrO2-002439,ZrO2,OZr,95,train
Li3PO4-008456,Li3PO4,LiOP,31,train
Li3PO4-002347,Li3PO4,LiOP,32,train
ZrO2-004126,ZrO2,OZr,47,train
Li3PO4-006332,Li3PO4,LiOP,32,train
Li3PO4-001549,Li3PO4,LiOP,32,train
Li3PO4-004141,Li3PO4,LiOP,32,train
ZrO2-001970,ZrO2,OZr,96,train
Li3PO4-004433,Li3PO4,LiOP,32,train
Li3PO4-002508,Li3PO4,LiOP,32,train
Li3PO4-013950,Li3PO4,LiOP,61,train
Li3PO4-001922,Li3PO4,LiOP,32,train
Li3PO4-006596,Li3PO4,LiOP,32,train
ZrO2-000011,ZrO2,OZr,96,train
ZrO2-002179,ZrO2,OZr,95,train
Li3PO4-017860,Li3PO4,LiOP,61,train
Li3PO4-015537,Li3PO4,LiOP,61,train
ZrO2-002045,ZrO2,OZr,95,train
Li3PO4-017256,Li3PO4,LiOP,61,train
Li3PO4-002005,Li3PO4,LiOP,32,train
ZrO2-000218,ZrO2,OZr,96,train
ZrO2-005261,ZrO2,OZr,47,train
ZrO2-003798,ZrO2,OZr,47,train
Li3PO4-014921,Li3PO4,LiOP,61,train
Li3PO4-013751,Li3PO4,LiOP,61,train
Li3PO4-015337,Li3PO4,LiOP,61,train
ZrO2-008594,ZrO2,OZr,48,train
Li3PO4-000429,Li3PO4,LiOP,32,train
Li3PO4-017640,Li3PO4,LiOP,61,train
ZrO2-009253,ZrO2,OZr,48,train
Li3PO4-001351,Li3PO4,LiOP,32,train
Li3PO4-002286,Li3PO4,LiOP,32,train
ZrO2-005062,ZrO2,OZr,47,train
perovskite-000608,perovskite,CaHfOPbZr,20,train
Li3PO4-006254,Li3PO4,LiOP,32,train
perovskite-000675,perovskite,BaCaHfOPbTiZr,20,train
perovskite-000019,perovskite,CaOPbSrZr,20,train
ZrO2-004210,ZrO2,OZr,47,train
Li3PO4-011297,Li3PO4,LiOP,31,train
Li3PO4-007915,Li3PO4,LiOP,32,train
Li3PO4-006873,Li3PO4,LiOP,32,train
ZrO2-000419,ZrO2,OZr,96,train
Li3PO4-015637,Li3PO4,LiOP,61,train
Li3PO4-002185,Li3PO4,LiOP,32,train
Li3PO4-012690,Li3PO4,LiOP,31,train
ZrO2-001263,ZrO2,OZr,96,train
ZrO2-008220,ZrO2,OZr,48,train
Li3PO4-014273,Li3PO4,LiOP,61,train
Li3PO4-014773,Li3PO4,LiOP,61,train
ZrO2-006163,ZrO2,OZr,95,train
Li3PO4-016553,Li3PO4,LiOP,61,train
Li3PO4-007462,Li3PO4,LiOP,32,train
ZrO2-005891,ZrO2,OZr,95,train
Li3PO4-002492,Li3PO4,LiOP,32,train
Li3PO4-016185,Li3PO4,LiOP,61,train
Li3PO4-010152,Li3PO4,LiOP,31,train
Li3PO4-013782,Li3PO4,LiOP,61,train
Li3PO4-000482,Li3PO4,LiOP,32,train
Li3PO4-005311,Li3PO4,LiOP,32,train
ZrO2-008934,ZrO2,OZr,48,train
Li3PO4-003995,Li3PO4,LiOP,32,train
Li3PO4-016802,Li3PO4,LiOP,61,train
ZrO2-002576,ZrO2,OZr,95,train
ZrO2-005676,ZrO2,OZr,95,train
Li3PO4-014007,Li3PO4,LiOP,61,train
ZrO2-006476,ZrO2,OZr,95,train
ZrO2-000425,ZrO2,OZr,96,train
Li3PO4-015487,Li3PO4,LiOP,61,train
Li3PO4-002275,Li3PO4,LiOP,32,train
Li3PO4-006786,Li3PO4,LiOP,32,train
ZrO2-006670,ZrO2,OZr,95,train
ZrO2-006424,ZrO2,OZr,95,train
Li3PO4-008990,Li3PO4,LiOP,31,train
Li3PO4-012017,Li3PO4,LiOP,31,train
ZrO2-007282,ZrO2,OZr,95,train
ZrO2-000759,ZrO2,OZr,96,train
Li3PO4-014254,Li3PO4,LiOP,61,train
Li3PO4-003749,Li3PO4,LiOP,32,train
Li3PO4-003753,Li3PO4,LiOP,32,train
ZrO2-000316,ZrO2,OZr,96,train
Li3PO4-011967,Li3PO4,LiOP,31,train
ZrO2-008048,ZrO2,OZr,95,train
Li3PO4-001828,Li3PO4,LiOP,32,train
Li3PO4-007789,Li3PO4,LiOP,32,train
ZrO2-007625,ZrO2,OZr,95,train
Li3PO4-010829,Li3PO4,LiOP,31,train
perovskite-000751,perovskite,CaHfOPbZr,20,train
Li3PO4-011628,Li3PO4,LiOP,31,train
ZrO2-008290,ZrO2,OZr,48,train
Li3PO4-012753,Li3PO4,LiOP,31,train
Li3PO4-000584,Li3PO4,LiOP,32,train
Li3PO4-015529,Li3PO4,LiOP,61,train
Li3PO4-011916,Li3PO4,LiOP,31,train
Li3PO4-000240,Li3PO4,LiOP,32,train
perovskite-001149,perovskite,BaCaHfOPbTi,20,train
Li3PO4-003328,Li3PO4,LiOP,32,train
Li3PO4-015153,Li3PO4,LiOP,61,train
Li3PO4-003679,Li3PO4,LiOP,32,train
Li3PO4-001869,Li3PO4,LiOP,32,train
ZrO2-000862,ZrO2,OZr,96,train
Li3PO4-007142,Li3PO4,LiOP,32,train
Li3PO4-012886,Li3PO4,LiOP,31,train
Li3PO4-008506,Li3PO4,LiOP,31,train
Li3PO4-009283,Li3PO4,LiOP,31,train
Li3PO4-010462,Li3PO4,LiOP,31,train
Li3PO4-009672,Li3PO4,LiOP,31,train
ZrO2-007721,ZrO2,OZr,95,train
Li3PO4-013167,Li3PO4,LiOP,61,train
Li3PO4-009606,Li3PO4,LiOP,31,train
ZrO2-009224,ZrO2,OZr,48,train
ZrO2-001140,ZrO2,OZr,96,train
perovskite-000047,perovskite,BaCaOSrZr,20,train
Li3PO4-011512,Li3PO4,LiOP,31,train
Li3PO4-005994,Li3PO4,LiOP,32,train
Li3PO4-017530,Li3PO4,LiOP,61,train
Li3PO4-015146,Li3PO4,LiOP,61,train
Li3PO4-010858,Li3PO4,LiOP,31,train
Li3PO4-013831,Li3PO4,LiOP,61,train
ZrO2-001534,ZrO2,OZr,96,train
Li3PO4-000010,Li3PO4,LiOP,32,train
Li3PO4-011316,Li3PO4,LiOP,31,train
Li3PO4-007314,Li3PO4,LiOP,32,train
ZrO2-009578,ZrO2,OZr,48,train
ZrO2-002065,ZrO2,OZr,95,train
Li3PO4-014230,Li3PO4,LiOP,61,train
Li3PO4-016114,Li3PO4,LiOP,61,train
ZrO2-003531,ZrO2,OZr,95,train
Li3PO4-007951,Li3PO4,LiOP,32,train
Li3PO4-007981,Li3PO4,LiOP,32,train
Li3PO4-007775,Li3PO4,LiOP,32,train
Li3PO4-013141,Li3PO4,LiOP,61,train
Li3PO4-010389,Li3PO4,LiOP,31,train
Li3PO4-011821,Li3PO4,LiOP,31,train
Li3PO4-004557,Li3PO4,LiOP,32,train
Li3PO4-007151,Li3PO4,LiOP,32,train
Li3PO4-001279,Li3PO4,LiOP,32,train
ZrO2-000647,ZrO2,OZr,96,train
Li3PO4-017071,Li3PO4,LiOP,61,train
Li3PO4-012883,Li3PO4,LiOP,31,train
perovskite-000418,perovskite,CaHfOPbSrTi,20,train
ZrO2-009899,ZrO2,OZr,48,train
perovskite-001213,perovskite,CaHfOSrZr,20,train
Li3PO4-000573,Li3PO4,LiOP,32,train
Li3PO4-006458,Li3PO4,LiOP,32,train
ZrO2-005936,ZrO2,OZr,95,train
ZrO2-001275,ZrO2,OZr,96,train
Li3PO4-011883,Li3PO4,LiOP,31,train
Li3PO4-017576,Li3PO4,LiOP,61,train
ZrO2-008884,ZrO2,OZr,48,train
Li3PO4-014932,Li3PO4,LiOP,61,train
Li3PO4-013712,Li3PO4,LiOP,61,train
ZrO2-009508,ZrO2,OZr,48,train
ZrO2-003616,ZrO2,OZr,47,train
ZrO2-001688,ZrO2,OZr,96,train
Li3PO4-006299,Li3PO4,LiOP,32,train
ZrO2-005145,ZrO2,OZr,47,train
perovskite-001038,perovskite,BaCaHfOPbTi,20,train
ZrO2-006707,ZrO2,OZr,95,train
Li3PO4-017480,Li3PO4,LiOP,61,train
Li3PO4-017427,Li3PO4,LiOP,61,train
Li3PO4-000683,Li3PO4,LiOP,32,train
Li3PO4-010753,Li3PO4,LiOP,31,train
Li3PO4-011245,Li3PO4,LiOP,31,train
Li3PO4-010379,Li3PO4,LiOP,31,train
Li3PO4-017565,Li3PO4,LiOP,61,train
ZrO2-004512,ZrO2,OZr,47,train
Li3PO4-008163,Li3PO4,LiOP,31,train
Li3PO4-012055,Li3PO4,LiOP,31,train
Li3PO4-012358,Li3PO4,LiOP,31,train
ZrO2-007659,ZrO2,OZr,95,train
Li3PO4-015092,Li3PO4,LiOP,61,train
Li3PO4-016329,Li3PO4,LiOP,61,train
Li3PO4-010907,Li3PO4,LiOP,31,train
Li3PO4-017684,Li3PO4,LiOP,61,train
Li3PO4-005668,Li3PO4,LiOP,32,train
Li3PO4-012678,Li3PO4,LiOP,31,train
perovskite-000241,perovskite,CaHfOTiZr,20,train
Li3PO4-000754,Li3PO4,LiOP,32,train
Li3PO4-013388,Li3PO4,LiOP,61,train
Li3PO4-003607,Li3PO4,LiOP,32,train
Li3PO4-010412,Li3PO4,LiOP,31,train
Li3PO4-007646,Li3PO4,LiOP,32,train
ZrO2-000728,ZrO2,OZr,96,train
ZrO2-009519,ZrO2,OZr,48,train
ZrO2-005033,ZrO2,OZr,47,train
ZrO2-000370,ZrO2,OZr,96,train
Li3PO4-005276,Li3PO4,LiOP,32,train
ZrO2-000760,ZrO2,OZr,96,train
Li3PO4-006827,Li3PO4,LiOP,32,train
ZrO2-009648,ZrO2,OZr,48,train
Li3PO4-011531,Li3PO4,LiOP,31,train
perovskite-001042,perovskite,BaCaHfOPbTiZr,20,train
Li3PO4-017077,Li3PO4,LiOP,61,train
Li3PO4-009079,Li3PO4,LiOP,31,train
ZrO2-000559,ZrO2,OZr,96,train
perovskite-000062,perovskite,BaOPbSrZr,20,train
perovskite-000000,perovskite,CaOZr,20,train
Li3PO4-013287,Li3PO4,LiOP,61,train
ZrO2-002238,ZrO2,OZr,95,train
Li3PO4-007984,Li3PO4,LiOP,32,train
Li3PO4-001286,Li3PO4,LiOP,32,train
Li3PO4-010977,Li3PO4,LiOP,31,train
ZrO2-000920,ZrO2,OZr,96,train
Li3PO4-012275,Li3PO4,LiOP,31,train
ZrO2-004628,ZrO2,OZr,47,train
ZrO2-002441,ZrO2,OZr,95,train
Li3PO4-017596,Li3PO4,LiOP,61,train
perovskite-000605,perovskite,CaHfOPbZr,20,train
Li3PO4-005120,Li3PO4,LiOP,32,train
Li3PO4-000545,Li3PO4,LiOP,32,train
ZrO2-001047,ZrO2,OZr,96,train
ZrO2-000654,ZrO2,OZr,96,train
Li3PO4-003004,Li3PO4,LiOP,32,train
ZrO2-001814,ZrO2,OZr,96,train
Li3PO4-002850,Li3PO4,LiOP,32,train
Li3PO4-015122,Li3PO4,LiOP,61,train
Li3PO4-012322,Li3PO4,LiOP,31,train
perovskite-001028,perovskite,BaCaHfOPbTiZr,20,train
Li3PO4-001258,Li3PO4,LiOP,32,train
Li3PO4-008336,Li3PO4,LiOP,31,train
Li3PO4-017001,Li3PO4,LiOP,61,train
Li3PO4-011170,Li3PO4,LiOP,31,train
ZrO2-005319,ZrO2,OZr,47,train
ZrO2-006300,ZrO2,OZr,95,train
Li3PO4-015862,Li3PO4,LiOP,61,train
ZrO2-008533,ZrO2,OZr,48,train
ZrO2-000717,ZrO2,OZr,96,train
Li3PO4-016955,Li3PO4,LiOP,61,train
ZrO2-007103,ZrO2,OZr,95,train
ZrO2-002225,ZrO2,OZr,95,train
Li3PO4-013549,Li3PO4,LiOP,61,train
Li3PO4-002215,Li3PO4,LiOP,32,train
Li3PO4-002494,Li3PO4,LiOP,32,train
Li3PO4-015208,Li3PO4,LiOP,61,train
Li3PO4-016771,Li3PO4,LiOP,61,train
Li3PO4-000960,Li3PO4,LiOP,32,train
Li3PO4-001641,Li3PO4,LiOP,32,train
Li3PO4-011910,Li3PO4,LiOP,31,train
Li3PO4-012150,Li3PO4,LiOP,31,train
ZrO2-003302,ZrO2,OZr,95,train
Li3PO4-010851,Li3PO4,LiOP,31,train
perovskite-000413,perovskite,CaHfOPbSrTiZr,20,train
Li3PO4-008666,Li3PO4,LiOP,31,train
ZrO2-008143,ZrO2,OZr,48,train
Li3PO4-000632,Li3PO4,LiOP,32,train
Li3PO4-012655,Li3PO4,LiOP,31,train
ZrO2-002730,ZrO2,OZr,95,train
Li3PO4-001970,Li3PO4,LiOP,32,train
Li3PO4-010467,Li3PO4,LiOP,31,train
ZrO2-007240,ZrO2,OZr,95,train
ZrO2-006161,ZrO2,OZr,95,train
Li3PO4-004709,Li3PO4,LiOP,32,train
Li3PO4-014205,Li3PO4,LiOP,61,train
Li3PO4-011763,Li3PO4,LiOP,31,train
Li3PO4-007194,Li3PO4,LiOP,32,train
Li3PO4-009197,Li3PO4,LiOP,31,train
Li3PO4-002737,Li3PO4,LiOP,32,train
Li3PO4-017059,Li3PO4,LiOP,61,train
Li3PO4-014733,Li3PO4,LiOP,61,train
Li3PO4-003407,Li3PO4,LiOP,32,train
Li3PO4-016161,Li3PO4,LiOP,61,train
Li3PO4-016788,Li3PO4,LiOP,61,train
ZrO2-004097,ZrO2,OZr,47,train
Li3PO4-017604,Li3PO4,LiOP,61,train
ZrO2-006691,ZrO2,OZr,95,train
Li3PO4-000103,Li3PO4,LiOP,32,train
Li3PO4-017483,Li3PO4,LiOP,61,train
Li3PO4-002547,Li3PO4,LiOP,32,train
ZrO2-000299,ZrO2,OZr,96,train
Li3PO4-002970,Li3PO4,LiOP,32,train
Li3PO4-009785,Li3PO4,LiOP,31,train
Li3PO4-008145,Li3PO4,LiOP,31,train
Li3PO4-003203,Li3PO4,LiOP,32,train
Li3PO4-000849,Li3PO4,LiOP,32,train
ZrO2-001410,ZrO2,OZr,96,train
Li3PO4-017962,Li3PO4,LiOP,61,train
Li3PO4-010580,Li3PO4,LiOP,31,train
Li3PO4-004643,Li3PO4,LiOP,32,train
ZrO2-008381,ZrO2,OZr,48,train
perovskite-001130,perovskite,BaCaHfOPbSrTiZr,20,train
Li3PO4-004591,Li3PO4,LiOP,32,train
Li3PO4-006642,Li3PO4,LiOP,32,train
Li3PO4-013176,Li3PO4,LiOP,61,train
ZrO2-000192,ZrO2,OZr,96,train
ZrO2-004625,ZrO2,OZr,47,train
Li3PO4-000634,Li3PO4,LiOP,32,train
ZrO2-000397,ZrO2,OZr,96,train
Li3PO4-007059,Li3PO4,LiOP,32,train
ZrO2-000616,ZrO2,OZr,96,train
Li3PO4-011546,Li3PO4,LiOP,31,train
ZrO2-005953,ZrO2,OZr,95,train
Li3PO4-002409,Li3PO4,LiOP,32,train
ZrO2-009963,ZrO2,OZr,48,train
Li3PO4-013944,Li3PO4,LiOP,61,train
Li3PO4-015498,Li3PO4,LiOP,61,train
Li3PO4-000163,Li3PO4,LiOP,32,train
Li3PO4-012376,Li3PO4,LiOP,31,train
ZrO2-000262,ZrO2,OZr,96,train
Li3PO4-013495,Li3PO4,LiOP,61,train
Li3PO4-013651,Li3PO4,LiOP,61,train
Li3PO4-012371,Li3PO4,LiOP,31,train
ZrO2-000014,ZrO2,OZr,96,train
Li3PO4-010275,Li3PO4,LiOP,31,train
ZrO2-009381,ZrO2,OZr,48,train
ZrO2-008685,ZrO2,OZr,48,train
ZrO2-004885,ZrO2,OZr,47,train
Li3PO4-002585,Li3PO4,LiOP,32,train
ZrO2-004839,ZrO2,OZr,47,train
Li3PO4-003083,Li3PO4,LiOP,32,train
Li3PO4-009778,Li3PO4,LiOP,31,train
Li3PO4-013457,Li3PO4,LiOP,61,train
Li3PO4-016724,Li3PO4,LiOP,61,train
Li3PO4-012680,Li3PO4,LiOP,31,train
Li3PO4-007137,Li3PO4,LiOP,32,train
Li3PO4-015676,Li3PO4,LiOP,61,train
ZrO2-007792,ZrO2,OZr,95,train
ZrO2-007926,ZrO2,OZr,95,train
Li3PO4-005923,Li3PO4,LiOP,32,train
Li3PO4-003106,Li3PO4,LiOP,32,train
ZrO2-007390,ZrO2,OZr,95,train
Li3PO4-017749,Li3PO4,LiOP,61,train
Li3PO4-003965,Li3PO4,LiOP,32,train
ZrO2-005743,ZrO2,OZr,95,train
Li3PO4-008288,Li3PO4,LiOP,31,train
Li3PO4-003275,Li3PO4,LiOP,32,train
Li3PO4-002147,Li3PO4,LiOP,32,train
Li3PO4-004595,Li3PO4,LiOP,32,train
Li3PO4-015036,Li3PO4,LiOP,61,train
ZrO2-007451,ZrO2,OZr,95,train
Li3PO4-006489,Li3PO4,LiOP,32,train
ZrO2-000091,ZrO2,OZr,96,train
Li3PO4-017359,Li3PO4,LiOP,61,train
Li3PO4-013665,Li3PO4,LiOP,61,train
ZrO2-004852,ZrO2,OZr,47,train
Li3PO4-016609,Li3PO4,LiOP,61,train
Li3PO4-004082,Li3PO4,LiOP,32,train
ZrO2-003717,ZrO2,OZr,47,train
ZrO2-005243,ZrO2,OZr,47,train
Li3PO4-006590,Li3PO4,LiOP,32,train
ZrO2-007106,ZrO2,OZr,95,train
ZrO2-008336,ZrO2,OZr,48,train
Li3PO4-008127,Li3PO4,LiOP,31,train
ZrO2-005019,ZrO2,OZr,47,train
ZrO2-007082,ZrO2,OZr,95,train
ZrO2-003779,ZrO2,OZr,47,train
Li3PO4-015774,Li3PO4,LiOP,61,train
ZrO2-005877,ZrO2,OZr,95,train
Li3PO4-000281,Li3PO4,LiOP,32,train
Li3PO4-007794,Li3PO4,LiOP,32,train
Li3PO4-009597,Li3PO4,LiOP,31,train
Li3PO4-009803,Li3PO4,LiOP,31,train
Li3PO4-013732,Li3PO4,LiOP,61,train
Li3PO4-001845,Li3PO4,LiOP,32,train
Li3PO4-011367,Li3PO4,LiOP,31,train
Li3PO4-016429,Li3PO4,LiOP,61,train
Li3PO4-008281,Li3PO4,LiOP,31,train
Li3PO4-007656,Li3PO4,LiOP,32,train
Li3PO4-015682,Li3PO4,LiOP,61,train
Li3PO4-007095,Li3PO4,LiOP,32,train
Li3PO4-012479,Li3PO4,LiOP,31,train
Li3PO4-013209,Li3PO4,LiOP,61,train
Li3PO4-012908,Li3PO4,LiOP,31,train
Li3PO4-016035,Li3PO4,LiOP,61,train
Li3PO4-011253,Li3PO4,LiOP,31,train
ZrO2-004881,ZrO2,OZr,47,train
Li3PO4-010535,Li3PO4,LiOP,31,train
ZrO2-009577,ZrO2,OZr,48,train
Li3PO4-007739,Li3PO4,LiOP,32,train
ZrO2-006511,ZrO2,OZr,95,train
ZrO2-001578,ZrO2,OZr,96,train
Li3PO4-015281,Li3PO4,LiOP,61,train
Li3PO4-005384,Li3PO4,LiOP,32,train
Li3PO4-010089,Li3PO4,LiOP,31,train
ZrO2-000830,ZrO2,OZr,96,train
Li3PO4-008123,Li3PO4,LiOP,31,train
Li3PO4-003538,Li3PO4,LiOP,32,train
Li3PO4-016084,Li3PO4,LiOP,61,train
Li3PO4-003165,Li3PO4,LiOP,32,train
ZrO2-008377,ZrO2,OZr,48,train
Li3PO4-002457,Li3PO4,LiOP,32,train
ZrO2-000046,ZrO2,OZr,96,train
Li3PO4-004327,Li3PO4,LiOP,32,train
ZrO2-003628,ZrO2,OZr,47,train
ZrO2-008659,ZrO2,OZr,48,train
ZrO2-008596,ZrO2,OZr,48,train
Li3PO4-016662,Li3PO4,LiOP,61,train
ZrO2-008639,ZrO2,OZr,48,train
ZrO2-006690,ZrO2,OZr,95,train
ZrO2-007524,ZrO2,OZr,95,train
ZrO2-000439,ZrO2,OZr,96,train
Li3PO4-003258,Li3PO4,LiOP,32,train
Li3PO4-014718,Li3PO4,LiOP,61,train
ZrO2-009180,ZrO2,OZr,48,train
Li3PO4-011114,Li3PO4,LiOP,31,train
Li3PO4-013196,Li3PO4,LiOP,61,train
ZrO2-002563,ZrO2,OZr,95,train
Li3PO4-011629,Li3PO4,LiOP,31,train
ZrO2-005608,ZrO2,OZr,95,train
ZrO2-003517,ZrO2,OZr,95,train
Li3PO4-002489,Li3PO4,LiOP,32,train
ZrO2-008176,ZrO2,OZr,48,train
Li3PO4-014864,Li3PO4,LiOP,61,train
Li3PO4-001233,Li3PO4,LiOP,32,train
Li3PO4-010576,Li3PO4,LiOP,31,train
Li3PO4-012370,Li3PO4,LiOP,31,train
Li3PO4-004784,Li3PO4,LiOP,32,train
ZrO2-009802,ZrO2,OZr,48,train
ZrO2-008058,ZrO2,OZr,95,train
ZrO2-001896,ZrO2,OZr,96,train
ZrO2-005212,ZrO2,OZr,47,train
Li3PO4-013120,Li3PO4,LiOP,61,train
Li3PO4-016602,Li3PO4,LiOP,61,train
Li3PO4-016552,Li3PO4,LiOP,61,train
ZrO2-008501,ZrO2,OZr,48,train
Li3PO4-003142,Li3PO4,LiOP,32,train
Li3PO4-017284,Li3PO4,LiOP,61,train
ZrO2-003775,ZrO2,OZr,47,train
Li3PO4-012844,Li3PO4,LiOP,31,train
ZrO2-009582,ZrO2,OZr,48,train
ZrO2-001390,ZrO2,OZr,96,train
ZrO2-001412,ZrO2,OZr,96,train
Li3PO4-007002,Li3PO4,LiOP,32,train
Li3PO4-002825,Li3PO4,LiOP,32,train
ZrO2-009632,ZrO2,OZr,48,train
ZrO2-006453,ZrO2,OZr,95,train
ZrO2-004214,ZrO2,OZr,47,train
ZrO2-004766,ZrO2,OZr,47,train
Li3PO4-007414,Li3PO4,LiOP,32,train
Li3PO4-006271,Li3PO4,LiOP,32,train
Li3PO4-016847,Li3PO4,LiOP,61,train
Li3PO4-000709,Li3PO4,LiOP,32,train
Li3PO4-011915,Li3PO4,LiOP,31,train
ZrO2-008749,ZrO2,OZr,48,train
ZrO2-008516,ZrO2,OZr,48,train
ZrO2-000987,ZrO2,OZr,96,train
Li3PO4-010514,Li3PO4,LiOP,31,train
Li3PO4-010500,Li3PO4,LiOP,31,train
Li3PO4-015818,Li3PO4,LiOP,61,train
ZrO2-000069,ZrO2,OZr,96,train
Li3PO4-010157,Li3PO4,LiOP,31,train
ZrO2-003672,ZrO2,OZr,47,train
Li3PO4-012115,Li3PO4,LiOP,31,train
ZrO2-006185,ZrO2,OZr,95,train
Li3PO4-010209,Li3PO4,LiOP,31,train
ZrO2-003942,ZrO2,OZr,47,train
Li3PO4-005928,Li3PO4,LiOP,32,train
Li3PO4-014461,Li3PO4,LiOP,61,train
Li3PO4-017590,Li3PO4,LiOP,61,train
Li3PO4-008807,Li3PO4,LiOP,31,train
Li3PO4-012502,Li3PO4,LiOP,31,train
Li3PO4-001486,Li3PO4,LiOP,32,train
ZrO2-000543,ZrO2,OZr,96,train
ZrO2-007549,ZrO2,OZr,95,train
ZrO2-004055,ZrO2,OZr,47,train
ZrO2-004736,ZrO2,OZr,47,train
Li3PO4-015089,Li3PO4,LiOP,61,train
Li3PO4-006244,Li3PO4,LiOP,32,train
Li3PO4-008222,Li3PO4,LiOP,31,train
Li3PO4-007484,Li3PO4,LiOP,32,train
Li3PO4-017443,Li3PO4,LiOP,61,train
Li3PO4-012214,Li3PO4,LiOP,31,train
ZrO2-004026,ZrO2,OZr,47,train
ZrO2-006392,ZrO2,OZr,95,train
Li3PO4-003592,Li3PO4,LiOP,32,train
Li3PO4-006604,Li3PO4,LiOP,32,train
Li3PO4-000506,Li3PO4,LiOP,32,train
Li3PO4-016806,Li3PO4,LiOP,61,train
Li3PO4-004068,Li3PO4,LiOP,32,train
Li3PO4-014825,Li3PO4,LiOP,61,train
Li3PO4-001472,Li3PO4,LiOP,32,train
Li3PO4-010644,Li3PO4,LiOP,31,train
ZrO2-005220,ZrO2,OZr,47,train
Li3PO4-000722,Li3PO4,LiOP,32,train
Li3PO4-003674,Li3PO4,LiOP,32,train
perovskite-001002,perovskite,BaCaHfOPbSrTiZr,20,train
Li3PO4-007542,Li3PO4,LiOP,32,train
Li3PO4-016659,Li3PO4,LiOP,61,train
Li3PO4-017919,Li3PO4,LiOP,61,train
Li3PO4-005366,Li3PO4,LiOP,32,train
Li3PO4-001221,Li3PO4,LiOP,32,train
ZrO2-005499,ZrO2,OZr,47,train
Li3PO4-017185,Li3PO4,LiOP,61,train
Li3PO4-015158,Li3PO4,LiOP,61,train
Li3PO4-008084,Li3PO4,LiOP,31,train
Li3PO4-007245,Li3PO4,LiOP,32,train
Li3PO4-015721,Li3PO4,LiOP,61,train
ZrO2-008354,ZrO2,OZr,48,train
Li3PO4-008656,Li3PO4,LiOP,31,train
Li3PO4-008812,Li3PO4,LiOP,31,train
Li3PO4-012266,Li3PO4,LiOP,31,train
Li3PO4-002788,Li3PO4,LiOP,32,train
ZrO2-009630,ZrO2,OZr,48,train
Li3PO4-010092,Li3PO4,LiOP,31,train
Li3PO4-003952,Li3PO4,LiOP,32,train
Li3PO4-006278,Li3PO4,LiOP,32,train
Li3PO4-005117,Li3PO4,LiOP,32,train
Li3PO4-003772,Li3PO4,LiOP,32,train
Li3PO4-000059,Li3PO4,LiOP,32,train
ZrO2-004709,ZrO2,OZr,47,train
ZrO2-001729,ZrO2,OZr,96,train
Li3PO4-005096,Li3PO4,LiOP,32,train
Li3PO4-005929,Li3PO4,LiOP,32,train
ZrO2-005732,ZrO2,OZr,95,train
ZrO2-001513,ZrO2,OZr,96,train
Li3PO4-005257,Li3PO4,LiOP,32,train
Li3PO4-000661,Li3PO4,LiOP,32,train
Li3PO4-003348,Li3PO4,LiOP,32,train
Li3PO4-017122,Li3PO4,LiOP,61,train
Li3PO4-001296,Li3PO4,LiOP,32,train
Li3PO4-013655,Li3PO4,LiOP,61,train
ZrO2-001633,ZrO2,OZr,96,train
ZrO2-003212,ZrO2,OZr,95,train
ZrO2-003882,ZrO2,OZr,47,train
Li3PO4-014057,Li3PO4,LiOP,61,train
ZrO2-006235,ZrO2,OZr,95,train
ZrO2-009433,ZrO2,OZr,48,train
Li3PO4-013116,Li3PO4,LiOP,61,train
Li3PO4-002255,Li3PO4,LiOP,32,train
ZrO2-008810,ZrO2,OZr,48,train
ZrO2-006905,ZrO2,OZr,95,train
ZrO2-008127,ZrO2,OZr,48,train
Li3PO4-005972,Li3PO4,LiOP,32,train
Li3PO4-010767,Li3PO4,LiOP,31,train
Li3PO4-010114,Li3PO4,LiOP,31,train
Li3PO4-012865,Li3PO4,LiOP,31,train
ZrO2-003401,ZrO2,OZr,95,train
Li3PO4-014287,Li3PO4,LiOP,61,train
Li3PO4-008518,Li3PO4,LiOP,31,train
ZrO2-002321,ZrO2,OZr,95,train
Li3PO4-011301,Li3PO4,LiOP,31,train
Li3PO4-006309,Li3PO4,LiOP,32,train
Li3PO4-015004,Li3PO4,LiOP,61,train
Li3PO4-016831,Li3PO4,LiOP,61,train
ZrO2-009212,ZrO2,OZr,48,train
Li3PO4-005957,Li3PO4,LiOP,32,train
Li3PO4-002923,Li3PO4,LiOP,32,train
Li3PO4-017836,Li3PO4,LiOP,61,train
Li3PO4-016386,Li3PO4,LiOP,61,train
ZrO2-004908,ZrO2,OZr,47,train
Li3PO4-011778,Li3PO4,LiOP,31,train
ZrO2-001597,ZrO2,OZr,96,train
ZrO2-000797,ZrO2,OZr,96,train
ZrO2-009580,ZrO2,OZr,48,train
Li3PO4-008905,Li3PO4,LiOP,31,train
Li3PO4-002614,Li3PO4,LiOP,32,train
Li3PO4-007986,Li3PO4,LiOP,32,train
Li3PO4-004237,Li3PO4,LiOP,32,train
ZrO2-004874,ZrO2,OZr,47,train
ZrO2-009107,ZrO2,OZr,48,train
ZrO2-001332,ZrO2,OZr,96,train
Li3PO4-011705,Li3PO4,LiOP,31,train
Li3PO4-000472,Li3PO4,LiOP,32,train
Li3PO4-014206,Li3PO4,LiOP,61,train
Li3PO4-003869,Li3PO4,LiOP,32,train
Li3PO4-015482,Li3PO4,LiOP,61,train
ZrO2-002120,ZrO2,OZr,95,train
Li3PO4-013843,Li3PO4,LiOP,61,train
Li3PO4-007672,Li3PO4,LiOP,32,train
perovskite-000181,perovskite,BaCaHfOSr,20,train
Li3PO4-006981,Li3PO4,LiOP,32,train
Li3PO4-004094,Li3PO4,LiOP,32,train
Li3PO4-002036,Li3PO4,LiOP,32,train
ZrO2-000629,ZrO2,OZr,96,train
Li3PO4-000893,Li3PO4,LiOP,32,train
Li3PO4-010746,Li3PO4,LiOP,31,train
Li3PO4-017005,Li3PO4,LiOP,61,train
Li3PO4-010983,Li3PO4,LiOP,31,train
ZrO2-000026,ZrO2,OZr,96,train
Li3PO4-002171,Li3PO4,LiOP,32,train
Li3PO4-006540,Li3PO4,LiOP,32,train
Li3PO4-008778,Li3PO4,LiOP,31,train
ZrO2-007594,ZrO2,OZr,95,train
ZrO2-008845,ZrO2,OZr,48,train
ZrO2-002742,ZrO2,OZr,95,train
ZrO2-006756,ZrO2,OZr,95,train
Li3PO4-013682,Li3PO4,LiOP,61,train
ZrO2-008894,ZrO2,OZr,48,train
ZrO2-005917,ZrO2,OZr,95,train
ZrO2-003759,ZrO2,OZr,47,train
Li3PO4-006955,Li3PO4,LiOP,32,train
Li3PO4-000619,Li3PO4,LiOP,32,train
ZrO2-006857,ZrO2,OZr,95,train
Li3PO4-012876,Li3PO4,LiOP,31,train
Li3PO4-015373,Li3PO4,LiOP,61,train
ZrO2-004010,ZrO2,OZr,47,train
ZrO2-002432,ZrO2,OZr,95,train
ZrO2-009434,ZrO2,OZr,48,train
Li3PO4-002039,Li3PO4,LiOP,32,train
Li3PO4-004345,Li3PO4,LiOP,32,train
Li3PO4-003167,Li3PO4,LiOP,32,train
Li3PO4-007904,Li3PO4,LiOP,32,train
perovskite-000677,perovskite,BaCaHfOPbTiZr,20,train
ZrO2-007761,ZrO2,OZr,95,train
ZrO2-003867,ZrO2,OZr,47,train
ZrO2-005272,ZrO2,OZr,47,train
Li3PO4-015097,Li3PO4,LiOP,61,train
Li3PO4-010112,Li3PO4,LiOP,31,train
Li3PO4-017448,Li3PO4,LiOP,61,train
Li3PO4-011960,Li3PO4,LiOP,31,train
Li3PO4-008603,Li3PO4,LiOP,31,train
ZrO2-005790,ZrO2,OZr,95,train
ZrO2-003706,ZrO2,OZr,47,train
Li3PO4-001071,Li3PO4,LiOP,32,train
Li3PO4-003441,Li3PO4,LiOP,32,train
Li3PO4-009163,Li3PO4,LiOP,31,train
Li3PO4-005246,Li3PO4,LiOP,32,train
ZrO2-007340,ZrO2,OZr,95,train
perovskite-000248,perovskite,CaOPbTiZr,20,train
ZrO2-007738,ZrO2,OZr,95,train
Li3PO4-013143,Li3PO4,LiOP,61,train
Li3PO4-003916,Li3PO4,LiOP,32,train
Li3PO4-014167,Li3PO4,LiOP,61,train
ZrO2-002775,ZrO2,OZr,95,train
Li3PO4-003410,Li3PO4,LiOP,32,train
Li3PO4-016321,Li3PO4,LiOP,61,train
Li3PO4-005626,Li3PO4,LiOP,32,train
Li3PO4-016180,Li3PO4,LiOP,61,train
ZrO2-003756,ZrO2,OZr,47,train
Li3PO4-004500,Li3PO4,LiOP,32,train
Li3PO4-008196,Li3PO4,LiOP,31,train
ZrO2-001017,ZrO2,OZr,96,train
ZrO2-003086,ZrO2,OZr,95,train
Li3PO4-003291,Li3PO4,LiOP,32,train
ZrO2-001365,ZrO2,OZr,96,train
Li3PO4-013217,Li3PO4,LiOP,61,train
Li3PO4-009911,Li3PO4,LiOP,31,train
Li3PO4-003851,Li3PO4,LiOP,32,train
ZrO2-003922,ZrO2,OZr,47,train
Li3PO4-006453,Li3PO4,LiOP,32,train
ZrO2-005074,ZrO2,OZr,47,train
Li3PO4-012859,Li3PO4,LiOP,31,train
Li3PO4-005591,Li3PO4,LiOP,32,train
Li3PO4-012729,Li3PO4,LiOP,31,train
Li3PO4-000833,Li3PO4,LiOP,32,train
Li3PO4-014574,Li3PO4,LiOP,61,train
Li3PO4-003697,Li3PO4,LiOP,32,train
Li3PO4-015717,Li3PO4,LiOP,61,train
Li3PO4-013135,Li3PO4,LiOP,61,train
Li3PO4-013734,Li3PO4,LiOP,61,train
Li3PO4-017051,Li3PO4,LiOP,61,train
Li3PO4-003143,Li3PO4,LiOP,32,train
Li3PO4-017459,Li3PO4,LiOP,61,train
Li3PO4-012349,Li3PO4,LiOP,31,train
Li3PO4-011782,Li3PO4,LiOP,31,train
ZrO2-008007,ZrO2,OZr,95,train
ZrO2-009865,ZrO2,OZr,48,train
ZrO2-004342,ZrO2,OZr,47,train
Li3PO4-005678,Li3PO4,LiOP,32,train
Li3PO4-004761,Li3PO4,LiOP,32,train
Li3PO4-011833,Li3PO4,LiOP,31,train
Li3PO4-013051,Li3PO4,LiOP,61,train
Li3PO4-016130,Li3PO4,LiOP,61,train
Li3PO4-004542,Li3PO4,LiOP,32,train
Li3PO4-017069,Li3PO4,LiOP,61,train
ZrO2-008896,ZrO2,OZr,48,train
ZrO2-008640,ZrO2,OZr,48,train
ZrO2-009063,ZrO2,OZr,48,train
ZrO2-002633,ZrO2,OZr,95,train
Li3PO4-010343,Li3PO4,LiOP,31,train
Li3PO4-005028,Li3PO4,LiOP,32,train
Li3PO4-009848,Li3PO4,LiOP,31,train
ZrO2-002253,ZrO2,OZr,95,train
perovskite-001010,perovskite,BaCaHfOPbSrZr,20,train
Li3PO4-004828,Li3PO4,LiOP,32,train
ZrO2-004139,ZrO2,OZr,47,train
Li3PO4-010640,Li3PO4,LiOP,31,train
Li3PO4-015621,Li3PO4,LiOP,61,train
Li3PO4-000425,Li3PO4,LiOP,32,train
ZrO2-007344,ZrO2,OZr,95,train
ZrO2-005087,ZrO2,OZr,47,train
Li3PO4-003462,Li3PO4,LiOP,32,train
Li3PO4-015376,Li3PO4,LiOP,61,train
Li3PO4-012439,Li3PO4,LiOP,31,train
Li3PO4-007241,Li3PO4,LiOP,32,train
perovskite-000934,perovskite,CaOPbSrTiZr,20,train
Li3PO4-007181,Li3PO4,LiOP,32,train
Li3PO4-011182,Li3PO4,LiOP,31,train
Li3PO4-006805,Li3PO4,LiOP,32,train
Li3PO4-017324,Li3PO4,LiOP,61,train
ZrO2-005973,ZrO2,OZr,95,train
Li3PO4-008937,Li3PO4,LiOP,31,train
Li3PO4-009661,Li3PO4,LiOP,31,train
ZrO2-000119,ZrO2,OZr,96,train
Li3PO4-017030,Li3PO4,LiOP,61,train
ZrO2-007327,ZrO2,OZr,95,train
Li3PO4-002909,Li3PO4,LiOP,32,train
Li3PO4-015962,Li3PO4,LiOP,61,train
Li3PO4-015583,Li3PO4,LiOP,61,train
Li3PO4-017574,Li3PO4,LiOP,61,train
Li3PO4-016849,Li3PO4,LiOP,61,train
perovskite-001148,perovskite,BaCaHfOPbTiZr,20,train
ZrO2-001730,ZrO2,OZr,96,train
ZrO2-009019,ZrO2,OZr,48,train
ZrO2-009022,ZrO2,OZr,48,train
ZrO2-009984,ZrO2,OZr,48,train
Li3PO4-013224,Li3PO4,LiOP,61,train
perovskite-000470,perovskite,BaCaHfOPbTiZr,20,train
Li3PO4-017337,Li3PO4,LiOP,61,train
Li3PO4-014191,Li3PO4,LiOP,61,train
Li3PO4-010375,Li3PO4,LiOP,31,train
Li3PO4-010162,Li3PO4,LiOP,31,train
Li3PO4-016818,Li3PO4,LiOP,61,train
Li3PO4-003664,Li3PO4,LiOP,32,train
ZrO2-004782,ZrO2,OZr,47,train
Li3PO4-001533,Li3PO4,LiOP,32,train
Li3PO4-016435,Li3PO4,LiOP,61,train
Li3PO4-008083,Li3PO4,LiOP,31,train
Li3PO4-005013,Li3PO4,LiOP,32,train
Li3PO4-015604,Li3PO4,LiOP,61,train
Li3PO4-016126,Li3PO4,LiOP,61,train
Li3PO4-013645,Li3PO4,LiOP,61,train
Li3PO4-005207,Li3PO4,LiOP,32,train
ZrO2-008136,ZrO2,OZr,48,train
ZrO2-007362,ZrO2,OZr,95,train
Li3PO4-006194,Li3PO4,LiOP,32,train
Li3PO4-011216,Li3PO4,LiOP,31,train
Li3PO4-000473,Li3PO4,LiOP,32,train
Li3PO4-005694,Li3PO4,LiOP,32,train
Li3PO4-006940,Li3PO4,LiOP,32,train
Li3PO4-016259,Li3PO4,LiOP,61,train
Li3PO4-008520,Li3PO4,LiOP,31,train
Li3PO4-004849,Li3PO4,LiOP,32,train
Li3PO4-003526,Li3PO4,LiOP,32,train
ZrO2-008321,ZrO2,OZr,48,train
perovskite-000176,perovskite,CaHfOPbSr,20,train
Li3PO4-010739,Li3PO4,LiOP,31,train
Li3PO4-000176,Li3PO4,LiOP,32,train
ZrO2-006051,ZrO2,OZr,95,train
Li3PO4-001511,Li3PO4,LiOP,32,train
ZrO2-000399,ZrO2,OZr,96,train
ZrO2-000012,ZrO2,OZr,96,train
ZrO2-005111,ZrO2,OZr,47,train
ZrO2-001010,ZrO2,OZr,96,train
ZrO2-003928,ZrO2,OZr,47,train
ZrO2-004494,ZrO2,OZr,47,train
Li3PO4-006367,Li3PO4,LiOP,32,train
Li3PO4-004186,Li3PO4,LiOP,32,train
Li3PO4-007186,Li3PO4,LiOP,32,train
ZrO2-001170,ZrO2,OZr,96,train
Li3PO4-017593,Li3PO4,LiOP,61,train
Li3PO4-014367,Li3PO4,LiOP,61,train
ZrO2-004694,ZrO2,OZr,47,train
Li3PO4-001610,Li3PO4,LiOP,32,train
ZrO2-004545,ZrO2,OZr,47,train
ZrO2-001212,ZrO2,OZr,96,train
Li3PO4-017168,Li3PO4,LiOP,61,train
Li3PO4-009709,Li3PO4,LiOP,31,train
Li3PO4-002589,Li3PO4,LiOP,32,train
Li3PO4-008090,Li3PO4,LiOP,31,train
ZrO2-002522,ZrO2,OZr,95,train
ZrO2-008647,ZrO2,OZr,48,train
ZrO2-009442,ZrO2,OZr,48,train
ZrO2-006548,ZrO2,OZr,95,train
ZrO2-000103,ZrO2,OZr,96,train
Li3PO4-000402,Li3PO4,LiOP,32,train
ZrO2-005389,ZrO2,OZr,47,train
ZrO2-006572,ZrO2,OZr,95,train
ZrO2-004511,ZrO2,OZr,47,train
Li3PO4-010360,Li3PO4,LiOP,31,train
ZrO2-002052,ZrO2,OZr,95,train
ZrO2-001522,ZrO2,OZr,96,train
Li3PO4-011258,Li3PO4,LiOP,31,train
ZrO2-007070,ZrO2,OZr,95,train
ZrO2-006859,ZrO2,OZr,95,train
Li3PO4-016439,Li3PO4,LiOP,61,train
ZrO2-008629,ZrO2,OZr,48,train
Li3PO4-015347,Li3PO4,LiOP,61,train
Li3PO4-006926,Li3PO4,LiOP,32,train
ZrO2-002450,ZrO2,OZr,95,train
Li3PO4-007424,Li3PO4,LiOP,32,train
ZrO2-006787,ZrO2,OZr,95,train
Li3PO4-002739,Li3PO4,LiOP,32,train
ZrO2-002641,ZrO2,OZr,95,train
Li3PO4-007388,Li3PO4,LiOP,32,train
Li3PO4-000138,Li3PO4,LiOP,32,train
ZrO2-008662,ZrO2,OZr,48,train
Li3PO4-001340,Li3PO4,LiOP,32,train
ZrO2-003937,ZrO2,OZr,47,train
Li3PO4-015377,Li3PO4,LiOP,61,train
Li3PO4-011428,Li3PO4,LiOP,31,train
ZrO2-004220,ZrO2,OZr,47,train
perovskite-000268,perovskite,CaHfOPbTi,20,train
perovskite-000518,perovskite,BaCaHfOSrTiZr,20,train
ZrO2-005935,ZrO2,OZr,95,train
Li3PO4-004257,Li3PO4,LiOP,32,train
Li3PO4-015622,Li3PO4,LiOP,61,train
ZrO2-005136,ZrO2,OZr,47,train
Li3PO4-008786,Li3PO4,LiOP,31,train
ZrO2-008975,ZrO2,OZr,48,train
ZrO2-001134,ZrO2,OZr,96,train
ZrO2-004799,ZrO2,OZr,47,train
ZrO2-006118,ZrO2,OZr,95,train
Li3PO4-005097,Li3PO4,LiOP,32,train
Li3PO4-013057,Li3PO4,LiOP,61,train
Li3PO4-009731,Li3PO4,LiOP,31,train
perovskite-000937,perovskite,CaHfOPbSrTi,20,train
Li3PO4-016575,Li3PO4,LiOP,61,train
ZrO2-009237,ZrO2,OZr,48,train
ZrO2-002235,ZrO2,OZr,95,train
Li3PO4-004617,Li3PO4,LiOP,32,train
Li3PO4-017521,Li3PO4,LiOP,61,train
ZrO2-003741,ZrO2,OZr,47,train
Li3PO4-005704,Li3PO4,LiOP,32,train
Li3PO4-012998,Li3PO4,LiOP,61,train
ZrO2-001550,ZrO2,OZr,96,train
perovskite-000267,perovskite,CaHfOPbTiZr,20,train
Li3PO4-009305,Li3PO4,LiOP,31,train
ZrO2-001895,ZrO2,OZr,96,train
ZrO2-007196,ZrO2,OZr,95,train
Li3PO4-015833,Li3PO4,LiOP,61,train
perovskite-001210,perovskite,CaHfOSrTiZr,20,train
Li3PO4-003518,Li3PO4,LiOP,32,train
perovskite-001085,perovskite,BaCaHfOPbTiZr,20,train
ZrO2-007271,ZrO2,OZr,95,train
perovskite-000740,perovskite,CaHfOPbTiZr,20,train
ZrO2-008371,ZrO2,OZr,48,train
ZrO2-004994,ZrO2,OZr,47,train
ZrO2-007628,ZrO2,OZr,95,train
ZrO2-001812,ZrO2,OZr,96,train
Li3PO4-011812,Li3PO4,LiOP,31,train
Li3PO4-000940,Li3PO4,LiOP,32,train
Li3PO4-006256,Li3PO4,LiOP,32,train
Li3PO4-017970,Li3PO4,LiOP,61,train
Li3PO4-013183,Li3PO4,LiOP,61,train
Li3PO4-000244,Li3PO4,LiOP,32,train
Li3PO4-009959,Li3PO4,LiOP,31,train
Li3PO4-008363,Li3PO4,LiOP,31,train
ZrO2-000545,ZrO2,OZr,96,train
Li3PO4-017024,Li3PO4,LiOP,61,train
ZrO2-002484,ZrO2,OZr,95,train
Li3PO4-017362,Li3PO4,LiOP,61,train
Li3PO4-003701,Li3PO4,LiOP,32,train
ZrO2-005455,ZrO2,OZr,47,train
ZrO2-006402,ZrO2,OZr,95,train
Li3PO4-008304,Li3PO4,LiOP,31,train
Li3PO4-002582,Li3PO4,LiOP,32,train
ZrO2-000275,ZrO2,OZr,96,train
ZrO2-002338,ZrO2,OZr,95,train
ZrO2-005435,ZrO2,OZr,47,train
perovskite-000130,perovskite,OPbSrTi,20,train
Li3PO4-014101,Li3PO4,LiOP,61,train
Li3PO4-000124,Li3PO4,LiOP,32,train
ZrO2-001996,ZrO2,OZr,95,train
ZrO2-003656,ZrO2,OZr,47,train
Li3PO4-000585,Li3PO4,LiOP,32,train
ZrO2-003694,ZrO2,OZr,47,train
perovskite-001176,perovskite,BaCaHfOPbTiZr,20,train
ZrO2-004358,ZrO2,OZr,47,train
Li3PO4-009395,Li3PO4,LiOP,31,train
Li3PO4-000789,Li3PO4,LiOP,32,train
ZrO2-000601,ZrO2,OZr,96,train
Li3PO4-000042,Li3PO4,LiOP,32,train
Li3PO4-006722,Li3PO4,LiOP,32,train
Li3PO4-017322,Li3PO4,LiOP,61,train
Li3PO4-004077,Li3PO4,LiOP,32,train
perovskite-000160,perovskite,BaCaHfOPb,20,train
Li3PO4-001505,Li3PO4,LiOP,32,train
Li3PO4-012606,Li3PO4,LiOP,31,train
Li3PO4-015857,Li3PO4,LiOP,61,train
ZrO2-004542,ZrO2,OZr,47,train
Li3PO4-001089,Li3PO4,LiOP,32,train
Li3PO4-005891,Li3PO4,LiOP,32,train
ZrO2-000483,ZrO2,OZr,96,train
ZrO2-000992,ZrO2,OZr,96,train
ZrO2-005105,ZrO2,OZr,47,train
ZrO2-001771,ZrO2,OZr,96,train
Li3PO4-011567,Li3PO4,LiOP,31,train
Li3PO4-002411,Li3PO4,LiOP,32,train
perovskite-000398,perovskite,CaOPbSrTiZr,20,train
Li3PO4-011999,Li3PO4,LiOP,31,train
Li3PO4-001757,Li3PO4,LiOP,32,train
Li3PO4-006420,Li3PO4,LiOP,32,train
ZrO2-009763,ZrO2,OZr,48,train
Li3PO4-004646,Li3PO4,LiOP,32,train
Li3PO4-001556,Li3PO4,LiOP,32,train
Li3PO4-014960,Li3PO4,LiOP,61,train
ZrO2-005489,ZrO2,OZr,47,train
ZrO2-002716,ZrO2,OZr,95,train
Li3PO4-007201,Li3PO4,LiOP,32,train
Li3PO4-009170,Li3PO4,LiOP,31,train
Li3PO4-013468,Li3PO4,LiOP,61,train
Li3PO4-003101,Li3PO4,LiOP,32,train
Li3PO4-008114,Li3PO4,LiOP,31,train
Li3PO4-007677,Li3PO4,LiOP,32,train
Li3PO4-013428,Li3PO4,LiOP,61,train
Li3PO4-012670,Li3PO4,LiOP,31,train
ZrO2-004719,ZrO2,OZr,47,train
Li3PO4-011560,Li3PO4,LiOP,31,train
Li3PO4-005368,Li3PO4,LiOP,32,train
Li3PO4-008539,Li3PO4,LiOP,31,train
ZrO2-007861,ZrO2,OZr,95,train
perovskite-000449,perovskite,BaCaHfOPbTiZr,20,train
Li3PO4-016586,Li3PO4,LiOP,61,train
Li3PO4-007401,Li3PO4,LiOP,32,train
Li3PO4-006140,Li3PO4,LiOP,32,train
Li3PO4-012204,Li3PO4,LiOP,31,train
Li3PO4-017538,Li3PO4,LiOP,61,train
Li3PO4-009506,Li3PO4,LiOP,31,train
Li3PO4-007877,Li3PO4,LiOP,32,train
Li3PO4-003450,Li3PO4,LiOP,32,train
ZrO2-007503,ZrO2,OZr,95,train
Li3PO4-010540,Li3PO4,LiOP,31,train
ZrO2-005382,ZrO2,OZr,47,train
Li3PO4-017469,Li3PO4,LiOP,61,train
ZrO2-005297,ZrO2,OZr,47,train
Li3PO4-014697,Li3PO4,LiOP,61,train
perovskite-000366,perovskite,BaCaHfOTiZr,20,train
ZrO2-006583,ZrO2,OZr,95,train
Li3PO4-005310,Li3PO4,LiOP,32,train
ZrO2-006335,ZrO2,OZr,95,train
Li3PO4-013592,Li3PO4,LiOP,61,train
Li3PO4-010168,Li3PO4,LiOP,31,train
Li3PO4-011238,Li3PO4,LiOP,31,train
ZrO2-000666,ZrO2,OZr,96,train
ZrO2-003910,ZrO2,OZr,47,train
ZrO2-003979,ZrO2,OZr,47,train
Li3PO4-003360,Li3PO4,LiOP,32,train
Li3PO4-016664,Li3PO4,LiOP,61,train
ZrO2-004742,ZrO2,OZr,47,train
Li3PO4-012838,Li3PO4,LiOP,31,train
Li3PO4-004746,Li3PO4,LiOP,32,train
ZrO2-006359,ZrO2,OZr,95,train
Li3PO4-004820,Li3PO4,LiOP,32,train
ZrO2-000464,ZrO2,OZr,96,train
ZrO2-005449,ZrO2,OZr,47,train
Li3PO4-005696,Li3PO4,LiOP,32,train
Li3PO4-002654,Li3PO4,LiOP,32,train
ZrO2-003068,ZrO2,OZr,95,train
ZrO2-003390,ZrO2,OZr,95,train
Li3PO4-001879,Li3PO4,LiOP,32,train
Li3PO4-009430,Li3PO4,LiOP,31,train
Li3PO4-000798,Li3PO4,LiOP,32,train
Li3PO4-015480,Li3PO4,LiOP,61,train
ZrO2-005925,ZrO2,OZr,95,train
ZrO2-009417,ZrO2,OZr,48,train
Li3PO4-009566,Li3PO4,LiOP,31,train
Li3PO4-013127,Li3PO4,LiOP,61,train
Li3PO4-014722,Li3PO4,LiOP,61,train
ZrO2-003598,ZrO2,OZr,47,train
Li3PO4-013044,Li3PO4,LiOP,61,train
Li3PO4-002776,Li3PO4,LiOP,32,train
perovskite-000454,perovskite,BaCaHfOPbTiZr,20,train
ZrO2-008991,ZrO2,OZr,48,train
Li3PO4-015349,Li3PO4,LiOP,61,train
ZrO2-005734,ZrO2,OZr,95,train
perovskite-000164,perovskite,BaCaHfOPb,20,train
Li3PO4-000717,Li3PO4,LiOP,32,train
ZrO2-005516,ZrO2,OZr,47,train
perovskite-000182,perovskite,BaCaHfOSr,20,train
Li3PO4-011265,Li3PO4,LiOP,31,train
Li3PO4-003726,Li3PO4,LiOP,32,train
Li3PO4-011230,Li3PO4,LiOP,31,train
Li3PO4-002627,Li3PO4,LiOP,32,train
ZrO2-001959,ZrO2,OZr,96,train
Li3PO4-017140,Li3PO4,LiOP,61,train
ZrO2-007067,ZrO2,OZr,95,train
Li3PO4-007370,Li3PO4,LiOP,32,train
Li3PO4-017738,Li3PO4,LiOP,61,train
ZrO2-002518,ZrO2,OZr,95,train
ZrO2-005132,ZrO2,OZr,47,train
ZrO2-009439,ZrO2,OZr,48,train
Li3PO4-005344,Li3PO4,LiOP,32,train
ZrO2-007801,ZrO2,OZr,95,train
ZrO2-006638,ZrO2,OZr,95,train
ZrO2-003563,ZrO2,OZr,95,train
ZrO2-005863,ZrO2,OZr,95,train
ZrO2-008675,ZrO2,OZr,48,train
perovskite-000254,perovskite,CaHfOPbTiZr,20,train
Li3PO4-013416,Li3PO4,LiOP,61,train
Li3PO4-003432,Li3PO4,LiOP,32,train
Li3PO4-016534,Li3PO4,LiOP,61,train
ZrO2-003250,ZrO2,OZr,95,train
Li3PO4-014267,Li3PO4,LiOP,61,train
ZrO2-009387,ZrO2,OZr,48,train
Li3PO4-014959,Li3PO4,LiOP,61,train
Li3PO4-005279,Li3PO4,LiOP,32,train
Li3PO4-000952,Li3PO4,LiOP,32,train
Li3PO4-013458,Li3PO4,LiOP,61,train
Li3PO4-002043,Li3PO4,LiOP,32,train
Li3PO4-008633,Li3PO4,LiOP,31,train
ZrO2-007542,ZrO2,OZr,95,train
perovskite-000933,perovskite,CaHfOPbSrTi,20,train
Li3PO4-006822,Li3PO4,LiOP,32,train
Li3PO4-004775,Li3PO4,LiOP,32,train
Li3PO4-014670,Li3PO4,LiOP,61,train
Li3PO4-000360,Li3PO4,LiOP,32,train
Li3PO4-004013,Li3PO4,LiOP,32,train
Li3PO4-001220,Li3PO4,LiOP,32,train
Li3PO4-007458,Li3PO4,LiOP,32,train
ZrO2-008977,ZrO2,OZr,48,train
Li3PO4-008750,Li3PO4,LiOP,31,train
Li3PO4-005785,Li3PO4,LiOP,32,train
ZrO2-004418,ZrO2,OZr,47,train
Li3PO4-007594,Li3PO4,LiOP,32,train
Li3PO4-006380,Li3PO4,LiOP,32,train
ZrO2-009842,ZrO2,OZr,48,train
ZrO2-007038,ZrO2,OZr,95,train
perovskite-001037,perovskite,BaCaHfOPbTiZr,20,train
Li3PO4-016331,Li3PO4,LiOP,61,train
Li3PO4-012944,Li3PO4,LiOP,31,train
ZrO2-003624,ZrO2,OZr,47,train
ZrO2-004772,ZrO2,OZr,47,train
Li3PO4-003178,Li3PO4,LiOP,32,train
ZrO2-002133,ZrO2,OZr,95,train
ZrO2-003191,ZrO2,OZr,95,train
Li3PO4-008051,Li3PO4,LiOP,31,train
Li3PO4-016708,Li3PO4,LiOP,61,train
Li3PO4-004519,Li3PO4,LiOP,32,train
ZrO2-001955,ZrO2,OZr,96,train
Li3PO4-006304,Li3PO4,LiOP,32,train
Li3PO4-001600,Li3PO4,LiOP,32,train
perovskite-000952,perovskite,CaHfOPbSrTi,20,train
Li3PO4-009054,Li3PO4,LiOP,31,train
ZrO2-010039,ZrO2,OZr,48,train
ZrO2-002123,ZrO2,OZr,95,train
ZrO2-006696,ZrO2,OZr,95,train
ZrO2-003776,ZrO2,OZr,47,train
Li3PO4-014665,Li3PO4,LiOP,61,train
Li3PO4-005725,Li3PO4,LiOP,32,train
Li3PO4-010971,Li3PO4,LiOP,31,train
Li3PO4-012267,Li3PO4,LiOP,31,train
Li3PO4-006210,Li3PO4,LiOP,32,train
Li3PO4-004945,Li3PO4,LiOP,32,train
Li3PO4-016629,Li3PO4,LiOP,61,train
Li3PO4-004320,Li3PO4,LiOP,32,train
Li3PO4-005708,Li3PO4,LiOP,32,train
Li3PO4-000702,Li3PO4,LiOP,32,train
Li3PO4-009558,Li3PO4,LiOP,31,train
Li3PO4-010442,Li3PO4,LiOP,31,train
Li3PO4-014280,Li3PO4,LiOP,61,train
ZrO2-007461,ZrO2,OZr,95,train
Li3PO4-015335,Li3PO4,LiOP,61,train
ZrO2-007815,ZrO2,OZr,95,train
Li3PO4-010570,Li3PO4,LiOP,31,train
Li3PO4-009002,Li3PO4,LiOP,31,train
Li3PO4-016171,Li3PO4,LiOP,61,train
ZrO2-006098,ZrO2,OZr,95,train
Li3PO4-001751,Li3PO4,LiOP,32,train
ZrO2-009946,ZrO2,OZr,48,train
Li3PO4-008526,Li3PO4,LiOP,31,train
Li3PO4-017689,Li3PO4,LiOP,61,train
Li3PO4-007246,Li3PO4,LiOP,32,train
Li3PO4-005506,Li3PO4,LiOP,32,train
ZrO2-005282,ZrO2,OZr,47,train
Li3PO4-013218,Li3PO4,LiOP,61,train
ZrO2-008384,ZrO2,OZr,48,train
Li3PO4-011472,Li3PO4,LiOP,31,train
Li3PO4-011796,Li3PO4,LiOP,31,train
ZrO2-007142,ZrO2,OZr,95,train
Li3PO4-005254,Li3PO4,LiOP,32,train
ZrO2-008301,ZrO2,OZr,48,train
Li3PO4-010867,Li3PO4,LiOP,31,train
Li3PO4-011474,Li3PO4,LiOP,31,train
ZrO2-005624,ZrO2,OZr,95,train
Li3PO4-008173,Li3PO4,LiOP,31,train
Li3PO4-016986,Li3PO4,LiOP,61,train
Li3PO4-017004,Li3PO4,LiOP,61,train
Li3PO4-009519,Li3PO4,LiOP,31,train
Li3PO4-012538,Li3PO4,LiOP,31,train
Li3PO4-008107,Li3PO4,LiOP,31,train
ZrO2-003684,ZrO2,OZr,47,train
ZrO2-006819,ZrO2,OZr,95,train
Li3PO4-007919,Li3PO4,LiOP,32,train
perovskite-000304,perovskite,CaHfOSrTiZr,20,train
Li3PO4-006920,Li3PO4,LiOP,32,train
Li3PO4-005854,Li3PO4,LiOP,32,train
ZrO2-004969,ZrO2,OZr,47,train
ZrO2-009030,ZrO2,OZr,48,train
ZrO2-006541,ZrO2,OZr,95,train
ZrO2-002696,ZrO2,OZr,95,train
Li3PO4-010878,Li3PO4,LiOP,31,train
Li3PO4-014762,Li3PO4,LiOP,61,train
ZrO2-007818,ZrO2,OZr,95,train
ZrO2-005853,ZrO2,OZr,95,train
ZrO2-004728,ZrO2,OZr,47,train
Li3PO4-001725,Li3PO4,LiOP,32,train
Li3PO4-004183,Li3PO4,LiOP,32,train
ZrO2-004851,ZrO2,OZr,47,train
Li3PO4-004099,Li3PO4,LiOP,32,train
Li3PO4-012902,Li3PO4,LiOP,31,train
Li3PO4-014736,Li3PO4,LiOP,61,train
Li3PO4-009210,Li3PO4,LiOP,31,train
Li3PO4-009424,Li3PO4,LiOP,31,train
ZrO2-007504,ZrO2,OZr,95,train
Li3PO4-008046,Li3PO4,LiOP,31,train
perovskite-001139,perovskite,BaCaHfOPbSrTi,20,train
Li3PO4-000981,Li3PO4,LiOP,32,train
Li3PO4-001144,Li3PO4,LiOP,32,train
perovskite-000468,perovskite,BaCaHfOPbTiZr,20,train
Li3PO4-008371,Li3PO4,LiOP,31,train
Li3PO4-008810,Li3PO4,LiOP,31,train
Li3PO4-009807,Li3PO4,LiOP,31,train
Li3PO4-017216,Li3PO4,LiOP,61,train
perovskite-000617,perovskite,CaOPbSrTiZr,20,train
ZrO2-000086,ZrO2,OZr,96,train
Li3PO4-017424,Li3PO4,LiOP,61,train
Li3PO4-014176,Li3PO4,LiOP,61,train
Li3PO4-008349,Li3PO4,LiOP,31,train
ZrO2-004076,ZrO2,OZr,47,train
ZrO2-004681,ZrO2,OZr,47,train
ZrO2-002027,ZrO2,OZr,95,train
ZrO2-005515,ZrO2,OZr,47,train
Li3PO4-008604,Li3PO4,LiOP,31,train
Li3PO4-014414,Li3PO4,LiOP,61,train
Li3PO4-002688,Li3PO4,LiOP,32,train
Li3PO4-016853,Li3PO4,LiOP,61,train
Li3PO4-002243,Li3PO4,LiOP,32,train
Li3PO4-004456,Li3PO4,LiOP,32,train
Li3PO4-011969,Li3PO4,LiOP,31,train
Li3PO4-017600,Li3PO4,LiOP,61,train
ZrO2-007534,ZrO2,OZr,95,train
ZrO2-008368,ZrO2,OZr,48,train
ZrO2-006040,ZrO2,OZr,95,train
Li3PO4-011947,Li3PO4,LiOP,31,train
Li3PO4-012545,Li3PO4,LiOP,31,train
Li3PO4-009599,Li3PO4,LiOP,31,train
ZrO2-001605,ZrO2,OZr,96,train
Li3PO4-012390,Li3PO4,LiOP,31,train
Li3PO4-014276,Li3PO4,LiOP,61,train
Li3PO4-010321,Li3PO4,LiOP,31,train
perovskite-000289,perovskite,CaHfOPbZr,20,train
ZrO2-008089,ZrO2,OZr,95,train
ZrO2-001432,ZrO2,OZr,96,train
ZrO2-002254,ZrO2,OZr,95,train
ZrO2-007475,ZrO2,OZr,95,train
Li3PO4-012225,Li3PO4,LiOP,31,train
ZrO2-001433,ZrO2,OZr,96,train
ZrO2-004294,ZrO2,OZr,47,train
Li3PO4-014402,Li3PO4,LiOP,61,train
Li3PO4-010762,Li3PO4,LiOP,31,train
Li3PO4-013327,Li3PO4,LiOP,61,train
ZrO2-002302,ZrO2,OZr,95,train
Li3PO4-001073,Li3PO4,LiOP,32,train
ZrO2-008803,ZrO2,OZr,48,train
ZrO2-000652,ZrO2,OZr,96,train
Li3PO4-012314,Li3PO4,LiOP,31,train
ZrO2-001314,ZrO2,OZr,96,train
ZrO2-006414,ZrO2,OZr,95,train
Li3PO4-003079,Li3PO4,LiOP,32,train
ZrO2-008010,ZrO2,OZr,95,train
ZrO2-009558,ZrO2,OZr,48,train
Li3PO4-012805,Li3PO4,LiOP,31,train
Li3PO4-009833,Li3PO4,LiOP,31,train
Li3PO4-007724,Li3PO4,LiOP,32,train
ZrO2-006607,ZrO2,OZr,95,train
Li3PO4-015362,Li3PO4,LiOP,61,train
ZrO2-004700,ZrO2,OZr,47,train
Li3PO4-010595,Li3PO4,LiOP,31,train
ZrO2-001372,ZrO2,OZr,96,train
Li3PO4-004083,Li3PO4,LiOP,32,train
ZrO2-003573,ZrO2,OZr,47,train
ZrO2-003264,ZrO2,OZr,95,train
Li3PO4-006196,Li3PO4,LiOP,32,train
perovskite-000377,perovskite,CaHfOPbTiZr,20,train
perovskite-000357,perovskite,BaCaHfOTiZr,20,train
Li3PO4-003168,Li3PO4,LiOP,32,train
Li3PO4-009689,Li3PO4,LiOP,31,train
Li3PO4-017768,Li3PO4,LiOP,61,train
ZrO2-007500,ZrO2,OZr,95,train
ZrO2-009099,ZrO2,OZr,48,train
Li3PO4-004567,Li3PO4,LiOP,32,train
Li3PO4-006183,Li3PO4,LiOP,32,train
ZrO2-004313,ZrO2,OZr,47,train
Li3PO4-014259,Li3PO4,LiOP,61,train
perovskite-000600,perovskite,CaHfOPbTiZr,20,train
ZrO2-000863,ZrO2,OZr,96,train
ZrO2-007833,ZrO2,OZr,95,train
Li3PO4-015225,Li3PO4,LiOP,61,train
ZrO2-006280,ZrO2,OZr,95,train
Li3PO4-006438,Li3PO4,LiOP,32,train
Li3PO4-009967,Li3PO4,LiOP,31,train
Li3PO4-003643,Li3PO4,LiOP,32,train
Li3PO4-003480,Li3PO4,LiOP,32,train
Li3PO4-009355,Li3PO4,LiOP,31,train
ZrO2-004585,ZrO2,OZr,47,train
ZrO2-009160,ZrO2,OZr,48,train
perovskite-000184,perovskite,BaCaHfOSr,20,train
ZrO2-003128,ZrO2,OZr,95,train
ZrO2-005920,ZrO2,OZr,95,train
ZrO2-004840,ZrO2,OZr,47,train
Li3PO4-002679,Li3PO4,LiOP,32,train
Li3PO4-010415,Li3PO4,LiOP,31,train
Li3PO4-002343,Li3PO4,LiOP,32,train
Li3PO4-017582,Li3PO4,LiOP,61,train
ZrO2-007581,ZrO2,OZr,95,train
Li3PO4-007675,Li3PO4,LiOP,32,train
Li3PO4-017347,Li3PO4,LiOP,61,train
Li3PO4-013433,Li3PO4,LiOP,61,train
ZrO2-004832,ZrO2,OZr,47,train
Li3PO4-008432,Li3PO4,LiOP,31,train
Li3PO4-014286,Li3PO4,LiOP,61,train
Li3PO4-006511,Li3PO4,LiOP,32,train
Li3PO4-015348,Li3PO4,LiOP,61,train
Li3PO4-003492,Li3PO4,LiOP,32,train
Li3PO4-009924,Li3PO4,LiOP,31,train
ZrO2-008224,ZrO2,OZr,48,train
ZrO2-004161,ZrO2,OZr,47,train
Li3PO4-010637,Li3PO4,LiOP,31,train
ZrO2-003094,ZrO2,OZr,95,train
ZrO2-001428,ZrO2,OZr,96,train
ZrO2-004793,ZrO2,OZr,47,train
Li3PO4-002734,Li3PO4,LiOP,32,train
Li3PO4-003792,Li3PO4,LiOP,32,train
Li3PO4-013335,Li3PO4,LiOP,61,train
Li3PO4-014705,Li3PO4,LiOP,61,train
Li3PO4-016020,Li3PO4,LiOP,61,train
ZrO2-005249,ZrO2,OZr,47,train
Li3PO4-007761,Li3PO4,LiOP,32,train
perovskite-000113,perovskite,BaCaOTi,20,train
Li3PO4-014019,Li3PO4,LiOP,61,train
perovskite-000472,perovskite,BaCaHfOPbZr,20,train
Li3PO4-017811,Li3PO4,LiOP,61,train
Li3PO4-006751,Li3PO4,LiOP,32,train
Li3PO4-014805,Li3PO4,LiOP,61,train
Li3PO4-002727,Li3PO4,LiOP,32,train
ZrO2-004642,ZrO2,OZr,47,train
Li3PO4-016327,Li3PO4,LiOP,61,train
Li3PO4-006334,Li3PO4,LiOP,32,train
Li3PO4-017007,Li3PO4,LiOP,61,train
ZrO2-008895,ZrO2,OZr,48,train
Li3PO4-004981,Li3PO4,LiOP,32,train
perovskite-000848,perovskite,CaOPbSrTiZr,20,train
ZrO2-003825,ZrO2,OZr,47,train
Li3PO4-001406,Li3PO4,LiOP,32,train
ZrO2-003347,ZrO2,OZr,95,train
Li3PO4-004370,Li3PO4,LiOP,32,train
Li3PO4-012505,Li3PO4,LiOP,31,train
Li3PO4-007082,Li3PO4,LiOP,32,train
ZrO2-002549,ZrO2,OZr,95,train
Li3PO4-010522,Li3PO4,LiOP,31,train
Li3PO4-012637,Li3PO4,LiOP,31,train
Li3PO4-006461,Li3PO4,LiOP,32,train
Li3PO4-016965,Li3PO4,LiOP,61,train
Li3PO4-004918,Li3PO4,LiOP,32,train
Li3PO4-001797,Li3PO4,LiOP,32,train
perovskite-000135,perovskite,BaOPbSrTi,20,train
Li3PO4-006527,Li3PO4,LiOP,32,train
Li3PO4-010212,Li3PO4,LiOP,31,train
Li3PO4-009662,Li3PO4,LiOP,31,train
Li3PO4-009244,Li3PO4,LiOP,31,train
Li3PO4-001826,Li3PO4,LiOP,32,train
Li3PO4-000919,Li3PO4,LiOP,32,train
Li3PO4-011038,Li3PO4,LiOP,31,train
Li3PO4-011750,Li3PO4,LiOP,31,train
Li3PO4-012599,Li3PO4,LiOP,31,train
ZrO2-001360,ZrO2,OZr,96,train
Li3PO4-003066,Li3PO4,LiOP,32,train
Li3PO4-014560,Li3PO4,LiOP,61,train
ZrO2-009055,ZrO2,OZr,48,train
ZrO2-007566,ZrO2,OZr,95,train
Li3PO4-003074,Li3PO4,LiOP,32,train
ZrO2-001815,ZrO2,OZr,96,train
Li3PO4-006740,Li3PO4,LiOP,32,train
Li3PO4-016903,Li3PO4,LiOP,61,train
ZrO2-002773,ZrO2,OZr,95,train
Li3PO4-009817,Li3PO4,LiOP,31,train
Li3PO4-012873,Li3PO4,LiOP,31,train
ZrO2-005342,ZrO2,OZr,47,train
Li3PO4-015522,Li3PO4,LiOP,61,train
Li3PO4-004415,Li3PO4,LiOP,32,train
ZrO2-009882,ZrO2,OZr,48,train
Li3PO4-000153,Li3PO4,LiOP,32,train
Li3PO4-006532,Li3PO4,LiOP,32,train
perovskite-000425,perovskite,CaHfOPbSrTiZr,20,train
Li3PO4-016333,Li3PO4,LiOP,61,train
Li3PO4-016973,Li3PO4,LiOP,61,train
ZrO2-004044,ZrO2,OZr,47,train
Li3PO4-002696,Li3PO4,LiOP,32,train
ZrO2-003469,ZrO2,OZr,95,train
Li3PO4-003703,Li3PO4,LiOP,32,train
Li3PO4-011797,Li3PO4,LiOP,31,train
Li3PO4-012951,Li3PO4,LiOP,31,train
ZrO2-005586,ZrO2,OZr,95,train
ZrO2-001307,ZrO2,OZr,96,train
Li3PO4-005549,Li3PO4,LiOP,32,train
Li3PO4-008570,Li3PO4,LiOP,31,train
Li3PO4-014572,Li3PO4,LiOP,61,train
Li3PO4-017127,Li3PO4,LiOP,61,train
Li3PO4-005456,Li3PO4,LiOP,32,train
ZrO2-005791,ZrO2,OZr,95,train
Li3PO4-003485,Li3PO4,LiOP,32,train
ZrO2-002887,ZrO2,OZr,95,train
Li3PO4-013087,Li3PO4,LiOP,61,train
perovskite-000325,perovskite,CaHfOSrZr,20,train
Li3PO4-000079,Li3PO4,LiOP,32,train
Li3PO4-005105,Li3PO4,LiOP,32,train
ZrO2-004136,ZrO2,OZr,47,train
ZrO2-008801,ZrO2,OZr,48,train
Li3PO4-000523,Li3PO4,LiOP,32,train
Li3PO4-013481,Li3PO4,LiOP,61,train
Li3PO4-015902,Li3PO4,LiOP,61,train
ZrO2-004011,ZrO2,OZr,47,train
Li3PO4-013994,Li3PO4,LiOP,61,train
Li3PO4-015725,Li3PO4,LiOP,61,train
ZrO2-000973,ZrO2,OZr,96,train
Li3PO4-017195,Li3PO4,LiOP,61,train
Li3PO4-008168,Li3PO4,LiOP,31,train
Li3PO4-015539,Li3PO4,LiOP,61,train
Li3PO4-000027,Li3PO4,LiOP,32,train
Li3PO4-009308,Li3PO4,LiOP,31,train
ZrO2-007476,ZrO2,OZr,95,train
Li3PO4-004318,Li3PO4,LiOP,32,train
perovskite-000653,perovskite,CaHfOPbSrTi,20,train
Li3PO4-003034,Li3PO4,LiOP,32,train
Li3PO4-010918,Li3PO4,LiOP,31,train
ZrO2-006438,ZrO2,OZr,95,train
Li3PO4-005419,Li3PO4,LiOP,32,train
ZrO2-002010,ZrO2,OZr,95,train
Li3PO4-011306,Li3PO4,LiOP,31,train
ZrO2-009366,ZrO2,OZr,48,train
ZrO2-009694,ZrO2,OZr,48,train
ZrO2-008081,ZrO2,OZr,95,train
Li3PO4-013441,Li3PO4,LiOP,61,train
Li3PO4-016027,Li3PO4,LiOP,61,train
Li3PO4-011887,Li3PO4,LiOP,31,train
ZrO2-007341,ZrO2,OZr,95,train
ZrO2-000875,ZrO2,OZr,96,train
Li3PO4-010156,Li3PO4,LiOP,31,train
Li3PO4-013429,Li3PO4,LiOP,61,train
Li3PO4-011228,Li3PO4,LiOP,31,train
Li3PO4-006524,Li3PO4,LiOP,32,train
Li3PO4-013979,Li3PO4,LiOP,61,train
ZrO2-000051,ZrO2,OZr,96,train
Li3PO4-015385,Li3PO4,LiOP,61,train
Li3PO4-006775,Li3PO4,LiOP,32,train
ZrO2-003080,ZrO2,OZr,95,train
perovskite-000710,perovskite,CaHfOPbTiZr,20,train
Li3PO4-013264,Li3PO4,LiOP,61,train
Li3PO4-009436,Li3PO4,LiOP,31,train
ZrO2-008677,ZrO2,OZr,48,train
ZrO2-000908,ZrO2,OZr,96,train
Li3PO4-005793,Li3PO4,LiOP,32,train
Li3PO4-011814,Li3PO4,LiOP,31,train
Li3PO4-013219,Li3PO4,LiOP,61,train
ZrO2-009507,ZrO2,OZr,48,train
Li3PO4-006491,Li3PO4,LiOP,32,train
Li3PO4-009552,Li3PO4,LiOP,31,train
Li3PO4-007490,Li3PO4,LiOP,32,train
Li3PO4-012497,Li3PO4,LiOP,31,train
Li3PO4-017557,Li3PO4,LiOP,61,train
Li3PO4-016932,Li3PO4,LiOP,61,train
ZrO2-007830,ZrO2,OZr,95,train
ZrO2-008817,ZrO2,OZr,48,train
Li3PO4-012649,Li3PO4,LiOP,31,train
Li3PO4-015852,Li3PO4,LiOP,61,train
Li3PO4-009732,Li3PO4,LiOP,31,train
ZrO2-008688,ZrO2,OZr,48,train
Li3PO4-017373,Li3PO4,LiOP,61,train
Li3PO4-006871,Li3PO4,LiOP,32,train
Li3PO4-011505,Li3PO4,LiOP,31,train
Li3PO4-015790,Li3PO4,LiOP,61,train
Li3PO4-012000,Li3PO4,LiOP,31,train
Li3PO4-000565,Li3PO4,LiOP,32,train
ZrO2-007606,ZrO2,OZr,95,train
Li3PO4-001138,Li3PO4,LiOP,32,train
ZrO2-002908,ZrO2,OZr,95,train
ZrO2-003398,ZrO2,OZr,95,train
perovskite-000566,perovskite,BaCaHfOTi,20,train
Li3PO4-016792,Li3PO4,LiOP,61,train
ZrO2-007749,ZrO2,OZr,95,train
Li3PO4-004365,Li3PO4,LiOP,32,train
Li3PO4-004812,Li3PO4,LiOP,32,train
Li3PO4-010436,Li3PO4,LiOP,31,train
Li3PO4-009482,Li3PO4,LiOP,31,train
Li3PO4-012019,Li3PO4,LiOP,31,train
ZrO2-004157,ZrO2,OZr,47,train
Li3PO4-002966,Li3PO4,LiOP,32,train
ZrO2-004234,ZrO2,OZr,47,train
Li3PO4-006630,Li3PO4,LiOP,32,train
Li3PO4-001168,Li3PO4,LiOP,32,train
Li3PO4-017606,Li3PO4,LiOP,61,train
Li3PO4-000820,Li3PO4,LiOP,32,train
Li3PO4-002657,Li3PO4,LiOP,32,train
Li3PO4-015701,Li3PO4,LiOP,61,train
ZrO2-009510,ZrO2,OZr,48,train
Li3PO4-011099,Li3PO4,LiOP,31,train
ZrO2-005723,ZrO2,OZr,95,train
Li3PO4-008605,Li3PO4,LiOP,31,train
ZrO2-010065,ZrO2,OZr,48,train
Li3PO4-007191,Li3PO4,LiOP,32,train
ZrO2-008207,ZrO2,OZr,48,train
Li3PO4-006881,Li3PO4,LiOP,32,train
Li3PO4-013833,Li3PO4,LiOP,61,train
Li3PO4-002632,Li3PO4,LiOP,32,train
ZrO2-000571,ZrO2,OZr,96,train
Li3PO4-015477,Li3PO4,LiOP,61,train
Li3PO4-004325,Li3PO4,LiOP,32,train
perovskite-001057,perovskite,BaCaHfOPbZr,20,train
ZrO2-008932,ZrO2,OZr,48,train
ZrO2-006463,ZrO2,OZr,95,train
ZrO2-001405,ZrO2,OZr,96,train
ZrO2-006475,ZrO2,OZr,95,train
ZrO2-001507,ZrO2,OZr,96,train
ZrO2-003592,ZrO2,OZr,47,train
Li3PO4-008665,Li3PO4,LiOP,31,train
ZrO2-008935,ZrO2,OZr,48,train
ZrO2-004422,ZrO2,OZr,47,train
Li3PO4-014489,Li3PO4,LiOP,61,train
Li3PO4-002161,Li3PO4,LiOP,32,train
Li3PO4-006942,Li3PO4,LiOP,32,train
Li3PO4-014518,Li3PO4,LiOP,61,train
perovskite-000445,perovskite,BaCaHfOPbTi,20,train
Li3PO4-013539,Li3PO4,LiOP,61,train
ZrO2-007689,ZrO2,OZr,95,train
ZrO2-003576,ZrO2,OZr,47,train
Li3PO4-005526,Li3PO4,LiOP,32,train
Li3PO4-013745,Li3PO4,LiOP,61,train
Li3PO4-001960,Li3PO4,LiOP,32,train
ZrO2-001319,ZrO2,OZr,96,train
ZrO2-003399,ZrO2,OZr,95,train
Li3PO4-015340,Li3PO4,LiOP,61,train
Li3PO4-017559,Li3PO4,LiOP,61,train
ZrO2-009243,ZrO2,OZr,48,train
Li3PO4-005839,Li3PO4,LiOP,32,train
Li3PO4-005585,Li3PO4,LiOP,32,train
ZrO2-007388,ZrO2,OZr,95,train
perovskite-000284,perovskite,CaHfOPbZr,20,train
perovskite-000998,perovskite,BaCaOPbSrTiZr,20,train
Li3PO4-006498,Li3PO4,LiOP,32,train
Li3PO4-000046,Li3PO4,LiOP,32,train
ZrO2-003796,ZrO2,OZr,47,train
Li3PO4-015078,Li3PO4,LiOP,61,train
Li3PO4-002349,Li3PO4,LiOP,32,train
ZrO2-006137,ZrO2,OZr,95,train
Li3PO4-009336,Li3PO4,LiOP,31,train
ZrO2-000494,ZrO2,OZr,96,train
Li3PO4-003296,Li3PO4,LiOP,32,train
Li3PO4-010070,Li3PO4,LiOP,31,train
Li3PO4-015437,Li3PO4,LiOP,61,train
ZrO2-003544,ZrO2,OZr,95,train
Li3PO4-009449,Li3PO4,LiOP,31,train
ZrO2-003057,ZrO2,OZr,95,train
ZrO2-005975,ZrO2,OZr,95,train
Li3PO4-015060,Li3PO4,LiOP,61,train
ZrO2-003309,ZrO2,OZr,95,train
Li3PO4-015475,Li3PO4,LiOP,61,train
Li3PO4-002157,Li3PO4,LiOP,32,train
Li3PO4-006328,Li3PO4,LiOP,32,train
ZrO2-006306,ZrO2,OZr,95,train
Li3PO4-017003,Li3PO4,LiOP,61,train
ZrO2-005816,ZrO2,OZr,95,train
ZrO2-008524,ZrO2,OZr,48,train
Li3PO4-000256,Li3PO4,LiOP,32,train
ZrO2-007245,ZrO2,OZr,95,train
ZrO2-002437,ZrO2,OZr,95,train
Li3PO4-008054,Li3PO4,LiOP,31,train
ZrO2-007128,ZrO2,OZr,95,train
ZrO2-004202,ZrO2,OZr,47,train
ZrO2-001155,ZrO2,OZr,96,train
Li3PO4-015427,Li3PO4,LiOP,61,train
Li3PO4-005510,Li3PO4,LiOP,32,train
perovskite-000682,perovskite,BaCaHfOPbTiZr,20,train
perovskite-000111,perovskite,BaCaOSrTi,20,train
Li3PO4-015510,Li3PO4,LiOP,61,train
ZrO2-007118,ZrO2,OZr,95,train
ZrO2-006100,ZrO2,OZr,95,train
Li3PO4-005714,Li3PO4,LiOP,32,train
Li3PO4-014332,Li3PO4,LiOP,61,train
ZrO2-002187,ZrO2,OZr,95,train
Li3PO4-013585,Li3PO4,LiOP,61,train
Li3PO4-001182,Li3PO4,LiOP,32,train
ZrO2-002753,ZrO2,OZr,95,train
Li3PO4-011383,Li3PO4,LiOP,31,train
ZrO2-003179,ZrO2,OZr,95,train
ZrO2-006169,ZrO2,OZr,95,train
Li3PO4-000068,Li3PO4,LiOP,32,train
ZrO2-000150,ZrO2,OZr,96,train
Li3PO4-003865,Li3PO4,LiOP,32,train
Li3PO4-008876,Li3PO4,LiOP,31,train
Li3PO4-011070,Li3PO4,LiOP,31,train
Li3PO4-008125,Li3PO4,LiOP,31,train
Li3PO4-004733,Li3PO4,LiOP,32,train
ZrO2-003091,ZrO2,OZr,95,train
ZrO2-003654,ZrO2,OZr,47,train
Li3PO4-011192,Li3PO4,LiOP,31,train
Li3PO4-013820,Li3PO4,LiOP,61,train
Li3PO4-012739,Li3PO4,LiOP,31,train
ZrO2-001437,ZrO2,OZr,96,train
Li3PO4-009829,Li3PO4,LiOP,31,train
ZrO2-004478,ZrO2,OZr,47,train
Li3PO4-003752,Li3PO4,LiOP,32,train
ZrO2-005796,ZrO2,OZr,95,train
ZrO2-009775,ZrO2,OZr,48,train
Li3PO4-010713,Li3PO4,LiOP,31,train
Li3PO4-017378,Li3PO4,LiOP,61,train
ZrO2-002564,ZrO2,OZr,95,train
Li3PO4-017010,Li3PO4,LiOP,61,train
Li3PO4-014248,Li3PO4,LiOP,61,train
ZrO2-008244,ZrO2,OZr,48,train
Li3PO4-009871,Li3PO4,LiOP,31,train
ZrO2-005035,ZrO2,OZr,47,train
Li3PO4-002211,Li3PO4,LiOP,32,train
ZrO2-006375,ZrO2,OZr,95,train
Li3PO4-006296,Li3PO4,LiOP,32,train
Li3PO4-002525,Li3PO4,LiOP,32,train
Li3PO4-010179,Li3PO4,LiOP,31,train
ZrO2-004718,ZrO2,OZr,47,train
Li3PO4-006055,Li3PO4,LiOP,32,train
Li3PO4-005857,Li3PO4,LiOP,32,train
Li3PO4-017486,Li3PO4,LiOP,61,train
Li3PO4-009450,Li3PO4,LiOP,31,train
Li3PO4-007528,Li3PO4,LiOP,32,train
perovskite-000648,perovskite,CaHfOPbSrTiZr,20,train
Li3PO4-007128,Li3PO4,LiOP,32,train
Li3PO4-007372,Li3PO4,LiOP,32,train
ZrO2-006110,ZrO2,OZr,95,train
Li3PO4-006874,Li3PO4,LiOP,32,train
Li3PO4-000929,Li3PO4,LiOP,32,train
Li3PO4-005590,Li3PO4,LiOP,32,train
ZrO2-004996,ZrO2,OZr,47,train
Li3PO4-009531,Li3PO4,LiOP,31,train
Li3PO4-016861,Li3PO4,LiOP,61,train
Li3PO4-014623,Li3PO4,LiOP,61,train
Li3PO4-009393,Li3PO4,LiOP,31,train
Li3PO4-016540,Li3PO4,LiOP,61,train
ZrO2-009207,ZrO2,OZr,48,train
ZrO2-002427,ZrO2,OZr,95,train
ZrO2-009925,ZrO2,OZr,48,train
Li3PO4-006752,Li3PO4,LiOP,32,train
ZrO2-006187,ZrO2,OZr,95,train
ZrO2-002460,ZrO2,OZr,95,train
ZrO2-009408,ZrO2,OZr,48,train
Li3PO4-015056,Li3PO4,LiOP,61,train
Li3PO4-012334,Li3PO4,LiOP,31,train
Li3PO4-010569,Li3PO4,LiOP,31,train
ZrO2-001257,ZrO2,OZr,96,train
Li3PO4-008243,Li3PO4,LiOP,31,train
ZrO2-000634,ZrO2,OZr,96,train
ZrO2-005679,ZrO2,OZr,95,train
Li3PO4-007516,Li3PO4,LiOP,32,train
Li3PO4-005277,Li3PO4,LiOP,32,train
ZrO2-006308,ZrO2,OZr,95,train
Li3PO4-005084,Li3PO4,LiOP,32,train
ZrO2-007823,ZrO2,OZr,95,train
Li3PO4-011627,Li3PO4,LiOP,31,train
Li3PO4-012534,Li3PO4,LiOP,31,train
ZrO2-000378,ZrO2,OZr,96,train
Li3PO4-008422,Li3PO4,LiOP,31,train
Li3PO4-005750,Li3PO4,LiOP,32,train
ZrO2-010026,ZrO2,OZr,48,train
Li3PO4-008882,Li3PO4,LiOP,31,train
ZrO2-002251,ZrO2,OZr,95,train
perovskite-000318,perovskite,CaHfOSrTiZr,20,train
Li3PO4-007404,Li3PO4,LiOP,32,train
Li3PO4-015938,Li3PO4,LiOP,61,train
Li3PO4-015375,Li3PO4,LiOP,61,train
Li3PO4-006487,Li3PO4,LiOP,32,train
Li3PO4-017188,Li3PO4,LiOP,61,train
Li3PO4-014497,Li3PO4,LiOP,61,train
ZrO2-005897,ZrO2,OZr,95,train
Li3PO4-009408,Li3PO4,LiOP,31,train
Li3PO4-012581,Li3PO4,LiOP,31,train
Li3PO4-010667,Li3PO4,LiOP,31,train
Li3PO4-005309,Li3PO4,LiOP,32,train
ZrO2-004597,ZrO2,OZr,47,train
Li3PO4-017735,Li3PO4,LiOP,61,train
ZrO2-005844,ZrO2,OZr,95,train
Li3PO4-010800,Li3PO4,LiOP,31,train
Li3PO4-014327,Li3PO4,LiOP,61,train
Li3PO4-007977,Li3PO4,LiOP,32,train
Li3PO4-010161,Li3PO4,LiOP,31,train
ZrO2-003551,ZrO2,OZr,95,train
ZrO2-007598,ZrO2,OZr,95,train
ZrO2-008889,ZrO2,OZr,48,train
Li3PO4-001222,Li3PO4,LiOP,32,train
ZrO2-007275,ZrO2,OZr,95,train
Li3PO4-000750,Li3PO4,LiOP,32,train
Li3PO4-008580,Li3PO4,LiOP,31,train
perovskite-000084,perovskite,BaCaOSrTi,20,train
ZrO2-009274,ZrO2,OZr,48,train
Li3PO4-008221,Li3PO4,LiOP,31,train
ZrO2-002627,ZrO2,OZr,95,train
Li3PO4-014333,Li3PO4,LiOP,61,train
Li3PO4-006040,Li3PO4,LiOP,32,train
Li3PO4-001633,Li3PO4,LiOP,32,train
Li3PO4-017094,Li3PO4,LiOP,61,train
Li3PO4-011441,Li3PO4,LiOP,31,train
Li3PO4-008224,Li3PO4,LiOP,31,train
ZrO2-009208,ZrO2,OZr,48,train
Li3PO4-013840,Li3PO4,LiOP,61,train
Li3PO4-009472,Li3PO4,LiOP,31,train
ZrO2-002383,ZrO2,OZr,95,train
ZrO2-009851,ZrO2,OZr,48,train
Li3PO4-011984,Li3PO4,LiOP,31,train
ZrO2-004929,ZrO2,OZr,47,train
Li3PO4-015198,Li3PO4,LiOP,61,train
ZrO2-000096,ZrO2,OZr,96,train
Li3PO4-009796,Li3PO4,LiOP,31,train
Li3PO4-016719,Li3PO4,LiOP,61,train
Li3PO4-010056,Li3PO4,LiOP,31,train
Li3PO4-003382,Li3PO4,LiOP,32,train
ZrO2-004156,ZrO2,OZr,47,train
ZrO2-004593,ZrO2,OZr,47,train
Li3PO4-002976,Li3PO4,LiOP,32,train
Li3PO4-007806,Li3PO4,LiOP,32,train
ZrO2-004891,ZrO2,OZr,47,train
Li3PO4-011752,Li3PO4,LiOP,31,train
ZrO2-007136,ZrO2,OZr,95,train
Li3PO4-010652,Li3PO4,LiOP,31,train
Li3PO4-007669,Li3PO4,LiOP,32,train
perovskite-001143,perovskite,BaCaHfOPbTi,20,train
ZrO2-007262,ZrO2,OZr,95,train
perovskite-000551,perovskite,BaCaHfOTiZr,20,train
Li3PO4-013986,Li3PO4,LiOP,61,train
Li3PO4-010882,Li3PO4,LiOP,31,train
ZrO2-007366,ZrO2,OZr,95,train
Li3PO4-017225,Li3PO4,LiOP,61,train
ZrO2-001579,ZrO2,OZr,96,train
perovskite-001046,perovskite,BaCaHfOPbTiZr,20,train
perovskite-000149,perovskite,CaHfOPb,20,train
ZrO2-001845,ZrO2,OZr,96,train
ZrO2-007460,ZrO2,OZr,95,train
perovskite-000094,perovskite,CaOPbSrTi,20,train
ZrO2-006401,ZrO2,OZr,95,train
Li3PO4-006713,Li3PO4,LiOP,32,train
Li3PO4-015703,Li3PO4,LiOP,61,train
perovskite-000914,perovskite,CaOPbSrTiZr,20,train
ZrO2-008569,ZrO2,OZr,48,train
Li3PO4-013456,Li3PO4,LiOP,61,train
Li3PO4-013783,Li3PO4,LiOP,61,train
Li3PO4-009885,Li3PO4,LiOP,31,train
Li3PO4-014173,Li3PO4,LiOP,61,train
ZrO2-000272,ZrO2,OZr,96,train
Li3PO4-016614,Li3PO4,LiOP,61,train
Li3PO4-011922,Li3PO4,LiOP,31,train
Li3PO4-003847,Li3PO4,LiOP,32,train
Li3PO4-004739,Li3PO4,LiOP,32,train
ZrO2-003661,ZrO2,OZr,47,train
ZrO2-009409,ZrO2,OZr,48,train
Li3PO4-014377,Li3PO4,LiOP,61,train
ZrO2-005874,ZrO2,OZr,95,train
Li3PO4-005436,Li3PO4,LiOP,32,train
ZrO2-006649,ZrO2,OZr,95,train
Li3PO4-011195,Li3PO4,LiOP,31,train
Li3PO4-017515,Li3PO4,LiOP,61,train
Li3PO4-017792,Li3PO4,LiOP,61,train
Li3PO4-000221,Li3PO4,LiOP,32,train
Li3PO4-015648,Li3PO4,LiOP,61,train
Li3PO4-001006,Li3PO4,LiOP,32,train
Li3PO4-006998,Li3PO4,LiOP,32,train
Li3PO4-006528,Li3PO4,LiOP,32,train
Li3PO4-008945,Li3PO4,LiOP,31,train
Li3PO4-010677,Li3PO4,LiOP,31,train
Li3PO4-008011,Li3PO4,LiOP,31,train
ZrO2-008897,ZrO2,OZr,48,train
ZrO2-003677,ZrO2,OZr,47,train
Li3PO4-005453,Li3PO4,LiOP,32,train
Li3PO4-003242,Li3PO4,LiOP,32,train
Li3PO4-004065,Li3PO4,LiOP,32,train
ZrO2-003921,ZrO2,OZr,47,train
Li3PO4-011231,Li3PO4,LiOP,31,train
ZrO2-006060,ZrO2,OZr,95,train
ZrO2-004344,ZrO2,OZr,47,train
ZrO2-000743,ZrO2,OZr,96,train
Li3PO4-014068,Li3PO4,LiOP,61,train
ZrO2-008152,ZrO2,OZr,48,train
Li3PO4-005820,Li3PO4,LiOP,32,train
Li3PO4-017833,Li3PO4,LiOP,61,train
ZrO2-000410,ZrO2,OZr,96,train
Li3PO4-015697,Li3PO4,LiOP,61,train
ZrO2-006178,ZrO2,OZr,95,train
Li3PO4-011262,Li3PO4,LiOP,31,train
Li3PO4-008057,Li3PO4,LiOP,31,train
ZrO2-008585,ZrO2,OZr,48,train
Li3PO4-006755,Li3PO4,LiOP,32,train
Li3PO4-017818,Li3PO4,LiOP,61,train
Li3PO4-017910,Li3PO4,LiOP,61,train
ZrO2-001813,ZrO2,OZr,96,train
ZrO2-008447,ZrO2,OZr,48,train
perovskite-000622,perovskite,CaOPbSrTiZr,20,train
ZrO2-005022,ZrO2,OZr,47,train
perovskite-000926,perovskite,CaHfOPbSrZr,20,train
ZrO2-008466,ZrO2,OZr,48,train
Li3PO4-004088,Li3PO4,LiOP,32,train
Li3PO4-005469,Li3PO4,LiOP,32,train
Li3PO4-009053,Li3PO4,LiOP,31,train
Li3PO4-014131,Li3PO4,LiOP,61,train
Li3PO4-003330,Li3PO4,LiOP,32,train
Li3PO4-011680,Li3PO4,LiOP,31,train
Li3PO4-002461,Li3PO4,LiOP,32,train
Li3PO4-008973,Li3PO4,LiOP,31,train
Li3PO4-002225,Li3PO4,LiOP,32,train
ZrO2-000108,ZrO2,OZr,96,train
ZrO2-008000,ZrO2,OZr,95,train
ZrO2-003925,ZrO2,OZr,47,train
Li3PO4-016922,Li3PO4,LiOP,61,train
ZrO2-009298,ZrO2,OZr,48,train
ZrO2-001464,ZrO2,OZr,96,train
ZrO2-000490,ZrO2,OZr,96,train
Li3PO4-008936,Li3PO4,LiOP,31,train
Li3PO4-004622,Li3PO4,LiOP,32,train
ZrO2-000835,ZrO2,OZr,96,train
Li3PO4-014926,Li3PO4,LiOP,61,train
ZrO2-004813,ZrO2,OZr,47,train
ZrO2-007299,ZrO2,OZr,95,train
Li3PO4-002575,Li3PO4,LiOP,32,train
Li3PO4-009881,Li3PO4,LiOP,31,train
ZrO2-002631,ZrO2,OZr,95,train
perovskite-001178,perovskite,BaCaHfOPbZr,20,train
ZrO2-006898,ZrO2,OZr,95,train
ZrO2-006294,ZrO2,OZr,95,train
Li3PO4-013083,Li3PO4,LiOP,61,train
Li3PO4-000763,Li3PO4,LiOP,32,train
Li3PO4-007225,Li3PO4,LiOP,32,train
Li3PO4-003775,Li3PO4,LiOP,32,train
ZrO2-009683,ZrO2,OZr,48,train
Li3PO4-013977,Li3PO4,LiOP,61,train
ZrO2-008856,ZrO2,OZr,48,train
ZrO2-007284,ZrO2,OZr,95,train
Li3PO4-012993,Li3PO4,LiOP,61,train
ZrO2-006356,ZrO2,OZr,95,train
Li3PO4-015247,Li3PO4,LiOP,61,train
Li3PO4-011281,Li3PO4,LiOP,31,train
Li3PO4-008549,Li3PO4,LiOP,31,train
ZrO2-006621,ZrO2,OZr,95,train
Li3PO4-008187,Li3PO4,LiOP,31,train
Li3PO4-002060,Li3PO4,LiOP,32,train
Li3PO4-016513,Li3PO4,LiOP,61,train
ZrO2-001594,ZrO2,OZr,96,train
Li3PO4-004161,Li3PO4,LiOP,32,train
perovskite-000950,perovskite,CaHfOPbSrTiZr,20,train
ZrO2-004138,ZrO2,OZr,47,train
Li3PO4-002485,Li3PO4,LiOP,32,train
Li3PO4-008566,Li3PO4,LiOP,31,train
Li3PO4-010684,Li3PO4,LiOP,31,train
Li3PO4-001908,Li3PO4,LiOP,32,train
Li3PO4-006486,Li3PO4,LiOP,32,train
Li3PO4-010464,Li3PO4,LiOP,31,train
Li3PO4-013316,Li3PO4,LiOP,61,train
ZrO2-005161,ZrO2,OZr,47,train
Li3PO4-004859,Li3PO4,LiOP,32,train
ZrO2-000415,ZrO2,OZr,96,train
ZrO2-003976,ZrO2,OZr,47,train
Li3PO4-006133,Li3PO4,LiOP,32,train
Li3PO4-005500,Li3PO4,LiOP,32,train
ZrO2-005227,ZrO2,OZr,47,train
Li3PO4-007432,Li3PO4,LiOP,32,train
Li3PO4-017753,Li3PO4,LiOP,61,train
Li3PO4-000594,Li3PO4,LiOP,32,train
Li3PO4-001321,Li3PO4,LiOP,32,train
Li3PO4-009017,Li3PO4,LiOP,31,train
Li3PO4-010818,Li3PO4,LiOP,31,train
Li3PO4-005665,Li3PO4,LiOP,32,train
Li3PO4-015616,Li3PO4,LiOP,61,train
Li3PO4-006324,Li3PO4,LiOP,32,train
Li3PO4-008741,Li3PO4,LiOP,31,train
ZrO2-006092,ZrO2,OZr,95,train
ZrO2-000741,ZrO2,OZr,96,train
Li3PO4-009956,Li3PO4,LiOP,31,train
Li3PO4-014123,Li3PO4,LiOP,61,train
Li3PO4-014187,Li3PO4,LiOP,61,train
Li3PO4-007385,Li3PO4,LiOP,32,train
ZrO2-000801,ZrO2,OZr,96,train
Li3PO4-011305,Li3PO4,LiOP,31,train
Li3PO4-002434,Li3PO4,LiOP,32,train
Li3PO4-017967,Li3PO4,LiOP,61,train
Li3PO4-000434,Li3PO4,LiOP,32,train
ZrO2-009913,ZrO2,OZr,48,train
ZrO2-003739,ZrO2,OZr,47,train
ZrO2-002903,ZrO2,OZr,95,train
ZrO2-009349,ZrO2,OZr,48,train
Li3PO4-014764,Li3PO4,LiOP,61,train
ZrO2-006457,ZrO2,OZr,95,train
Li3PO4-007369,Li3PO4,LiOP,32,train
ZrO2-001704,ZrO2,OZr,96,train
Li3PO4-008278,Li3PO4,LiOP,31,train
ZrO2-000566,ZrO2,OZr,96,train
ZrO2-005730,ZrO2,OZr,95,train
Li3PO4-003687,Li3PO4,LiOP,32,train
Li3PO4-005757,Li3PO4,LiOP,32,train
Li3PO4-004176,Li3PO4,LiOP,32,train
Li3PO4-017927,Li3PO4,LiOP,61,train
ZrO2-005802,ZrO2,OZr,95,train
Li3PO4-004389,Li3PO4,LiOP,32,train
ZrO2-005483,ZrO2,OZr,47,train
Li3PO4-006719,Li3PO4,LiOP,32,train
Li3PO4-004515,Li3PO4,LiOP,32,train
Li3PO4-001963,Li3PO4,LiOP,32,train
Li3PO4-000852,Li3PO4,LiOP,32,train
ZrO2-000369,ZrO2,OZr,96,train
ZrO2-009169,ZrO2,OZr,48,train
ZrO2-003159,ZrO2,OZr,95,train
ZrO2-006303,ZrO2,OZr,95,train
perovskite-000700,perovskite,CaOPbTiZr,20,train
Li3PO4-010533,Li3PO4,LiOP,31,train
Li3PO4-013442,Li3PO4,LiOP,61,train
Li3PO4-014797,Li3PO4,LiOP,61,train
Li3PO4-016032,Li3PO4,LiOP,61,train
Li3PO4-000050,Li3PO4,LiOP,32,train
Li3PO4-008082,Li3PO4,LiOP,31,train
ZrO2-002805,ZrO2,OZr,95,train
Li3PO4-000860,Li3PO4,LiOP,32,train
Li3PO4-001167,Li3PO4,LiOP,32,train
Li3PO4-011102,Li3PO4,LiOP,31,train
ZrO2-009390,ZrO2,OZr,48,train
perovskite-000764,perovskite,CaOPbSrTiZr,20,train
ZrO2-001892,ZrO2,OZr,96,train
Li3PO4-015499,Li3PO4,LiOP,61,train
ZrO2-003118,ZrO2,OZr,95,train
perovskite-000758,perovskite,CaHfOPbZr,20,train
Li3PO4-006714,Li3PO4,LiOP,32,train
ZrO2-005374,ZrO2,OZr,47,train
ZrO2-009699,ZrO2,OZr,48,train
Li3PO4-001104,Li3PO4,LiOP,32,train
Li3PO4-017982,Li3PO4,LiOP,61,train
Li3PO4-010821,Li3PO4,LiOP,31,train
perovskite-000038,perovskite,BaCaOZr,20,train
ZrO2-002389,ZrO2,OZr,95,train
ZrO2-008423,ZrO2,OZr,48,train
Li3PO4-008803,Li3PO4,LiOP,31,train
Li3PO4-000526,Li3PO4,LiOP,32,train
Li3PO4-005573,Li3PO4,LiOP,32,train
ZrO2-004050,ZrO2,OZr,47,train
ZrO2-006254,ZrO2,OZr,95,train
ZrO2-005979,ZrO2,OZr,95,train
ZrO2-001670,ZrO2,OZr,96,train
ZrO2-003822,ZrO2,OZr,47,train
Li3PO4-007890,Li3PO4,LiOP,32,train
ZrO2-003363,ZrO2,OZr,95,train
Li3PO4-001235,Li3PO4,LiOP,32,train
Li3PO4-007334,Li3PO4,LiOP,32,train
Li3PO4-003037,Li3PO4,LiOP,32,train
Li3PO4-017319,Li3PO4,LiOP,61,train
ZrO2-008021,ZrO2,OZr,95,train
ZrO2-005500,ZrO2,OZr,47,train
Li3PO4-003211,Li3PO4,LiOP,32,train
Li3PO4-012862,Li3PO4,LiOP,31,train
ZrO2-007474,ZrO2,OZr,95,train
Li3PO4-017542,Li3PO4,LiOP,61,train
Li3PO4-014911,Li3PO4,LiOP,61,train
Li3PO4-004243,Li3PO4,LiOP,32,train
ZrO2-006348,ZrO2,OZr,95,train
ZrO2-005077,ZrO2,OZr,47,train
Li3PO4-010766,Li3PO4,LiOP,31,train
Li3PO4-003730,Li3PO4,LiOP,32,train
ZrO2-001583,ZrO2,OZr,96,train
Li3PO4-010956,Li3PO4,LiOP,31,train
Li3PO4-011025,Li3PO4,LiOP,31,train
Li3PO4-016381,Li3PO4,LiOP,61,train
Li3PO4-002549,Li3PO4,LiOP,32,train
ZrO2-007272,ZrO2,OZr,95,train
Li3PO4-007557,Li3PO4,LiOP,32,train
Li3PO4-005484,Li3PO4,LiOP,32,train
Li3PO4-015165,Li3PO4,LiOP,61,train
ZrO2-007954,ZrO2,OZr,95,train
Li3PO4-016546,Li3PO4,LiOP,61,train
Li3PO4-016191,Li3PO4,LiOP,61,train
Li3PO4-014844,Li3PO4,LiOP,61,train
perovskite-000252,perovskite,CaHfOPbTiZr,20,train
ZrO2-005636,ZrO2,OZr,95,train
ZrO2-003858,ZrO2,OZr,47,train
perovskite-000511,perovskite,BaCaHfOSrTi,20,train
Li3PO4-011291,Li3PO4,LiOP,31,train
ZrO2-004544,ZrO2,OZr,47,train
Li3PO4-002358,Li3PO4,LiOP,32,train
Li3PO4-007232,Li3PO4,LiOP,32,train
ZrO2-002109,ZrO2,OZr,95,train
Li3PO4-015111,Li3PO4,LiOP,61,train
Li3PO4-003531,Li3PO4,LiOP,32,train
ZrO2-007181,ZrO2,OZr,95,train
Li3PO4-010686,Li3PO4,LiOP,31,train
Li3PO4-009156,Li3PO4,LiOP,31,train
ZrO2-002838,ZrO2,OZr,95,train
ZrO2-007836,ZrO2,OZr,95,train
perovskite-000750,perovskite,CaHfOPbTiZr,20,train
Li3PO4-011426,Li3PO4,LiOP,31,train
Li3PO4-006267,Li3PO4,LiOP,32,train
ZrO2-001124,ZrO2,OZr,96,train
ZrO2-004850,ZrO2,OZr,47,train
Li3PO4-005911,Li3PO4,LiOP,32,train
ZrO2-007710,ZrO2,OZr,95,train
Li3PO4-017019,Li3PO4,LiOP,61,train
Li3PO4-010102,Li3PO4,LiOP,31,train
ZrO2-009618,ZrO2,OZr,48,train
Li3PO4-014351,Li3PO4,LiOP,61,train
Li3PO4-006902,Li3PO4,LiOP,32,train
Li3PO4-006676,Li3PO4,LiOP,32,train
ZrO2-005716,ZrO2,OZr,95,train
Li3PO4-012803,Li3PO4,LiOP,31,train
Li3PO4-014993,Li3PO4,LiOP,61,train
Li3PO4-011355,Li3PO4,LiOP,31,train
Li3PO4-016237,Li3PO4,LiOP,61,train
ZrO2-000241,ZrO2,OZr,96,train
Li3PO4-007579,Li3PO4,LiOP,32,train
Li3PO4-013906,Li3PO4,LiOP,61,train
Li3PO4-016589,Li3PO4,LiOP,61,train
Li3PO4-016494,Li3PO4,LiOP,61,train
ZrO2-001166,ZrO2,OZr,96,train
Li3PO4-014164,Li3PO4,LiOP,61,train
Li3PO4-002895,Li3PO4,LiOP,32,train
Li3PO4-012693,Li3PO4,LiOP,31,train
Li3PO4-003251,Li3PO4,LiOP,32,train
ZrO2-007349,ZrO2,OZr,95,train
Li3PO4-014365,Li3PO4,LiOP,61,train
ZrO2-004073,ZrO2,OZr,47,train
Li3PO4-006232,Li3PO4,LiOP,32,train
Li3PO4-007386,Li3PO4,LiOP,32,train
Li3PO4-008237,Li3PO4,LiOP,31,train
Li3PO4-009455,Li3PO4,LiOP,31,train
Li3PO4-005395,Li3PO4,LiOP,32,train
perovskite-000662,perovskite,BaCaHfOPbTiZr,20,train
Li3PO4-008116,Li3PO4,LiOP,31,train
ZrO2-005593,ZrO2,OZr,95,train
Li3PO4-002439,Li3PO4,LiOP,32,train
ZrO2-002243,ZrO2,OZr,95,train
Li3PO4-011642,Li3PO4,LiOP,31,train
Li3PO4-007745,Li3PO4,LiOP,32,train
perovskite-000527,perovskite,BaCaHfOSrTiZr,20,train
Li3PO4-001968,Li3PO4,LiOP,32,train
Li3PO4-002212,Li3PO4,LiOP,32,train
ZrO2-004244,ZrO2,OZr,47,train
ZrO2-007952,ZrO2,OZr,95,train
ZrO2-007407,ZrO2,OZr,95,train
ZrO2-007570,ZrO2,OZr,95,train
ZrO2-002557,ZrO2,OZr,95,train
Li3PO4-002429,Li3PO4,LiOP,32,train
Li3PO4-014222,Li3PO4,LiOP,61,train
perovskite-000429,perovskite,CaHfOPbSrZr,20,train
Li3PO4-001810,Li3PO4,LiOP,32,train
Li3PO4-013080,Li3PO4,LiOP,61,train
ZrO2-006456,ZrO2,OZr,95,train
Li3PO4-003010,Li3PO4,LiOP,32,train
Li3PO4-008055,Li3PO4,LiOP,31,train
Li3PO4-002380,Li3PO4,LiOP,32,train
Li3PO4-001300,Li3PO4,LiOP,32,train
ZrO2-003657,ZrO2,OZr,47,train
Li3PO4-008700,Li3PO4,LiOP,31,train
ZrO2-003919,ZrO2,OZr,47,train
Li3PO4-012516,Li3PO4,LiOP,31,train
Li3PO4-006950,Li3PO4,LiOP,32,train
ZrO2-000002,ZrO2,OZr,96,train
ZrO2-001580,ZrO2,OZr,96,train
Li3PO4-007443,Li3PO4,LiOP,32,train
Li3PO4-017129,Li3PO4,LiOP,61,train
ZrO2-008189,ZrO2,OZr,48,train
Li3PO4-008544,Li3PO4,LiOP,31,train
Li3PO4-000321,Li3PO4,LiOP,32,train
perovskite-000903,perovskite,CaHfOPbSrTiZr,20,train
ZrO2-006364,ZrO2,OZr,95,train
ZrO2-007099,ZrO2,OZr,95,train
Li3PO4-010270,Li3PO4,LiOP,31,train
Li3PO4-003484,Li3PO4,LiOP,32,train
ZrO2-001269,ZrO2,OZr,96,train
perovskite-000085,perovskite,BaCaOTi,20,train
Li3PO4-015955,Li3PO4,LiOP,61,train
ZrO2-001767,ZrO2,OZr,96,train
Li3PO4-011790,Li3PO4,LiOP,31,train
ZrO2-001034,ZrO2,OZr,96,train
Li3PO4-015309,Li3PO4,LiOP,61,train
ZrO2-001855,ZrO2,OZr,96,train
Li3PO4-005212,Li3PO4,LiOP,32,train
ZrO2-005165,ZrO2,OZr,47,train
Li3PO4-012469,Li3PO4,LiOP,31,train
ZrO2-008428,ZrO2,OZr,48,train
ZrO2-001792,ZrO2,OZr,96,train
Li3PO4-008944,Li3PO4,LiOP,31,train
Li3PO4-009618,Li3PO4,LiOP,31,train
Li3PO4-014570,Li3PO4,LiOP,61,train
Li3PO4-010620,Li3PO4,LiOP,31,train
ZrO2-003764,ZrO2,OZr,47,train
ZrO2-000429,ZrO2,OZr,96,train
ZrO2-003138,ZrO2,OZr,95,train
Li3PO4-000287,Li3PO4,LiOP,32,train
ZrO2-000308,ZrO2,OZr,96,train
Li3PO4-014531,Li3PO4,LiOP,61,train
ZrO2-008225,ZrO2,OZr,48,train
Li3PO4-010572,Li3PO4,LiOP,31,train
Li3PO4-014800,Li3PO4,LiOP,61,train
ZrO2-008174,ZrO2,OZr,48,train
perovskite-000343,perovskite,BaCaOTiZr,20,train
ZrO2-007238,ZrO2,OZr,95,train
Li3PO4-017242,Li3PO4,LiOP,61,train
ZrO2-006967,ZrO2,OZr,95,train
ZrO2-008454,ZrO2,OZr,48,train
Li3PO4-007934,Li3PO4,LiOP,32,train
Li3PO4-008409,Li3PO4,LiOP,31,train
ZrO2-000758,ZrO2,OZr,96,train
Li3PO4-013679,Li3PO4,LiOP,61,train
Li3PO4-013361,Li3PO4,LiOP,61,train
ZrO2-002461,ZrO2,OZr,95,train
ZrO2-007135,ZrO2,OZr,95,train
Li3PO4-014769,Li3PO4,LiOP,61,train
Li3PO4-003246,Li3PO4,LiOP,32,train
ZrO2-009978,ZrO2,OZr,48,train
Li3PO4-006570,Li3PO4,LiOP,32,train
ZrO2-005702,ZrO2,OZr,95,train
Li3PO4-017511,Li3PO4,LiOP,61,train
Li3PO4-002379,Li3PO4,LiOP,32,train
Li3PO4-017287,Li3PO4,LiOP,61,train
Li3PO4-017642,Li3PO4,LiOP,61,train
Li3PO4-000237,Li3PO4,LiOP,32,train
perovskite-000753,perovskite,CaHfOPbZr,20,train
Li3PO4-014741,Li3PO4,LiOP,61,train
ZrO2-008386,ZrO2,OZr,48,train
ZrO2-007420,ZrO2,OZr,95,train
ZrO2-009222,ZrO2,OZr,48,train
ZrO2-002839,ZrO2,OZr,95,train
ZrO2-006759,ZrO2,OZr,95,train
Li3PO4-008796,Li3PO4,LiOP,31,train
perovskite-000625,perovskite,CaOPbSrTiZr,20,train
Li3PO4-017450,Li3PO4,LiOP,61,train
Li3PO4-002498,Li3PO4,LiOP,32,train
Li3PO4-014967,Li3PO4,LiOP,61,train
Li3PO4-004568,Li3PO4,LiOP,32,train
ZrO2-003020,ZrO2,OZr,95,train
Li3PO4-017057,Li3PO4,LiOP,61,train
ZrO2-001214,ZrO2,OZr,96,train
Li3PO4-002558,Li3PO4,LiOP,32,train
ZrO2-000845,ZrO2,OZr,96,train
Li3PO4-007666,Li3PO4,LiOP,32,train
ZrO2-004000,ZrO2,OZr,47,train
Li3PO4-010448,Li3PO4,LiOP,31,train
ZrO2-009320,ZrO2,OZr,48,train
Li3PO4-000416,Li3PO4,LiOP,32,train
ZrO2-008046,ZrO2,OZr,95,train
Li3PO4-000014,Li3PO4,LiOP,32,train
ZrO2-000951,ZrO2,OZr,96,train
Li3PO4-011730,Li3PO4,LiOP,31,train
ZrO2-007592,ZrO2,OZr,95,train
ZrO2-003859,ZrO2,OZr,47,train
Li3PO4-015601,Li3PO4,LiOP,61,train
Li3PO4-015961,Li3PO4,LiOP,61,train
Li3PO4-014196,Li3PO4,LiOP,61,train
ZrO2-002881,ZrO2,OZr,95,train
Li3PO4-012189,Li3PO4,LiOP,31,train
Li3PO4-001784,Li3PO4,LiOP,32,train
ZrO2-002326,ZrO2,OZr,95,train
ZrO2-003129,ZrO2,OZr,95,train
Li3PO4-001365,Li3PO4,LiOP,32,train
Li3PO4-011615,Li3PO4,LiOP,31,train
Li3PO4-002292,Li3PO4,LiOP,32,train
Li3PO4-003415,Li3PO4,LiOP,32,train
Li3PO4-009842,Li3PO4,LiOP,31,train
Li3PO4-008001,Li3PO4,LiOP,31,train
ZrO2-005178,ZrO2,OZr,47,train
ZrO2-000130,ZrO2,OZr,96,train
Li3PO4-005227,Li3PO4,LiOP,32,train
ZrO2-006233,ZrO2,OZr,95,train
Li3PO4-003905,Li3PO4,LiOP,32,train
ZrO2-006520,ZrO2,OZr,95,train
Li3PO4-006351,Li3PO4,LiOP,32,train
Li3PO4-010004,Li3PO4,LiOP,31,train
Li3PO4-009185,Li3PO4,LiOP,31,train
perovskite-001099,perovskite,BaCaHfOPbZr,20,train
Li3PO4-006081,Li3PO4,LiOP,32,train
ZrO2-008893,ZrO2,OZr,48,train
ZrO2-009890,ZrO2,OZr,48,train
Li3PO4-015515,Li3PO4,LiOP,61,train
ZrO2-007402,ZrO2,OZr,95,train
perovskite-001083,perovskite,BaCaHfOPbTiZr,20,train
ZrO2-002380,ZrO2,OZr,95,train
Li3PO4-006763,Li3PO4,LiOP,32,train
Li3PO4-003483,Li3PO4,LiOP,32,train
Li3PO4-000824,Li3PO4,LiOP,32,train
Li3PO4-012590,Li3PO4,LiOP,31,train
Li3PO4-004900,Li3PO4,LiOP,32,train
perovskite-000991,perovskite,BaCaHfOPbSrTiZr,20,train
Li3PO4-007088,Li3PO4,LiOP,32,train
ZrO2-000663,ZrO2,OZr,96,train
Li3PO4-010388,Li3PO4,LiOP,31,train
Li3PO4-015922,Li3PO4,LiOP,61,train
ZrO2-003535,ZrO2,OZr,95,train
Li3PO4-013597,Li3PO4,LiOP,61,train
ZrO2-005219,ZrO2,OZr,47,train
Li3PO4-016379,Li3PO4,LiOP,61,train
Li3PO4-006285,Li3PO4,LiOP,32,train
Li3PO4-007270,Li3PO4,LiOP,32,train
Li3PO4-010345,Li3PO4,LiOP,31,train
Li3PO4-007901,Li3PO4,LiOP,32,train
Li3PO4-009568,Li3PO4,LiOP,31,train
ZrO2-007873,ZrO2,OZr,95,train
Li3PO4-015322,Li3PO4,LiOP,61,train
Li3PO4-015553,Li3PO4,LiOP,61,train
ZrO2-004265,ZrO2,OZr,47,train
Li3PO4-014401,Li3PO4,LiOP,61,train
Li3PO4-001372,Li3PO4,LiOP,32,train
Li3PO4-010273,Li3PO4,LiOP,31,train
ZrO2-006914,ZrO2,OZr,95,train
Li3PO4-002287,Li3PO4,LiOP,32,train
ZrO2-009684,ZrO2,OZr,48,train
Li3PO4-014781,Li3PO4,LiOP,61,train
Li3PO4-013411,Li3PO4,LiOP,61,train
Li3PO4-011749,Li3PO4,LiOP,31,train
Li3PO4-015575,Li3PO4,LiOP,61,train
ZrO2-007485,ZrO2,OZr,95,train
ZrO2-006351,ZrO2,OZr,95,train
ZrO2-002827,ZrO2,OZr,95,train
ZrO2-003783,ZrO2,OZr,47,train
Li3PO4-003941,Li3PO4,LiOP,32,train
ZrO2-001915,ZrO2,OZr,96,train
Li3PO4-001535,Li3PO4,LiOP,32,train
Li3PO4-000638,Li3PO4,LiOP,32,train
Li3PO4-013373,Li3PO4,LiOP,61,train
ZrO2-006565,ZrO2,OZr,95,train
Li3PO4-009313,Li3PO4,LiOP,31,train
Li3PO4-002310,Li3PO4,LiOP,32,train
Li3PO4-013338,Li3PO4,LiOP,61,train
ZrO2-003526,ZrO2,OZr,95,train
perovskite-000813,perovskite,BaCaHfOPbTi,20,train
Li3PO4-006138,Li3PO4,LiOP,32,train
Li3PO4-004251,Li3PO4,LiOP,32,train
ZrO2-006659,ZrO2,OZr,95,train
Li3PO4-004398,Li3PO4,LiOP,32,train
Li3PO4-010257,Li3PO4,LiOP,31,train
ZrO2-007208,ZrO2,OZr,95,train
Li3PO4-004331,Li3PO4,LiOP,32,train
Li3PO4-000983,Li3PO4,LiOP,32,train
Li3PO4-011349,Li3PO4,LiOP,31,train
Li3PO4-009819,Li3PO4,LiOP,31,train
ZrO2-010009,ZrO2,OZr,48,train
Li3PO4-004807,Li3PO4,LiOP,32,train
ZrO2-003244,ZrO2,OZr,95,train
ZrO2-001883,ZrO2,OZr,96,train
ZrO2-006701,ZrO2,OZr,95,train
ZrO2-000782,ZrO2,OZr,96,train
Li3PO4-000941,Li3PO4,LiOP,32,train
Li3PO4-017584,Li3PO4,LiOP,61,train
ZrO2-009701,ZrO2,OZr,48,train
Li3PO4-004054,Li3PO4,LiOP,32,train
Li3PO4-004015,Li3PO4,LiOP,32,train
ZrO2-006947,ZrO2,OZr,95,train
Li3PO4-001919,Li3PO4,LiOP,32,train
Li3PO4-007488,Li3PO4,LiOP,32,train
ZrO2-004740,ZrO2,OZr,47,train
Li3PO4-014249,Li3PO4,LiOP,61,train
Li3PO4-008721,Li3PO4,LiOP,31,train
Li3PO4-009489,Li3PO4,LiOP,31,train
Li3PO4-002747,Li3PO4,LiOP,32,train
ZrO2-003161,ZrO2,OZr,95,train
Li3PO4-013322,Li3PO4,LiOP,61,train
ZrO2-005446,ZrO2,OZr,47,train
Li3PO4-014437,Li3PO4,LiOP,61,train
Li3PO4-010376,Li3PO4,LiOP,31,train
Li3PO4-000154,Li3PO4,LiOP,32,train
Li3PO4-012064,Li3PO4,LiOP,31,train
Li3PO4-015508,Li3PO4,LiOP,61,train
Li3PO4-010498,Li3PO4,LiOP,31,train
Li3PO4-015318,Li3PO4,LiOP,61,train
Li3PO4-007047,Li3PO4,LiOP,32,train
Li3PO4-001179,Li3PO4,LiOP,32,train
Li3PO4-015232,Li3PO4,LiOP,61,train
Li3PO4-005504,Li3PO4,LiOP,32,train
ZrO2-007470,ZrO2,OZr,95,train
Li3PO4-007532,Li3PO4,LiOP,32,train
Li3PO4-013697,Li3PO4,LiOP,61,train
ZrO2-004048,ZrO2,OZr,47,train
Li3PO4-014653,Li3PO4,LiOP,61,train
Li3PO4-013853,Li3PO4,LiOP,61,train
ZrO2-001350,ZrO2,OZr,96,train
ZrO2-005276,ZrO2,OZr,47,train
Li3PO4-004939,Li3PO4,LiOP,32,train
ZrO2-008781,ZrO2,OZr,48,train
Li3PO4-001085,Li3PO4,LiOP,32,train
ZrO2-004637,ZrO2,OZr,47,train
Li3PO4-006214,Li3PO4,LiOP,32,train
Li3PO4-015744,Li3PO4,LiOP,61,train
Li3PO4-002774,Li3PO4,LiOP,32,train
ZrO2-001174,ZrO2,OZr,96,train
Li3PO4-009863,Li3PO4,LiOP,31,train
Li3PO4-017909,Li3PO4,LiOP,61,train
perovskite-000004,perovskite,CaOPbZr,20,train
Li3PO4-004802,Li3PO4,LiOP,32,train
Li3PO4-017573,Li3PO4,LiOP,61,train
ZrO2-009691,ZrO2,OZr,48,train
Li3PO4-004971,Li3PO4,LiOP,32,train
ZrO2-000641,ZrO2,OZr,96,train
ZrO2-002865,ZrO2,OZr,95,train
Li3PO4-003795,Li3PO4,LiOP,32,train
ZrO2-008487,ZrO2,OZr,48,train
ZrO2-002057,ZrO2,OZr,95,train
Li3PO4-015654,Li3PO4,LiOP,61,train
ZrO2-000344,ZrO2,OZr,96,train
Li3PO4-008541,Li3PO4,LiOP,31,train
Li3PO4-000466,Li3PO4,LiOP,32,train
Li3PO4-002754,Li3PO4,LiOP,32,train
Li3PO4-015428,Li3PO4,LiOP,61,train
Li3PO4-006159,Li3PO4,LiOP,32,train
Li3PO4-012652,Li3PO4,LiOP,31,train
Li3PO4-005689,Li3PO4,LiOP,32,train
Li3PO4-016721,Li3PO4,LiOP,61,train
Li3PO4-005486,Li3PO4,LiOP,32,train
Li3PO4-008399,Li3PO4,LiOP,31,train
ZrO2-007856,ZrO2,OZr,95,train
perovskite-001064,perovskite,BaCaHfOPbTiZr,20,train
Li3PO4-003888,Li3PO4,LiOP,32,train
Li3PO4-012201,Li3PO4,LiOP,31,train
ZrO2-002976,ZrO2,OZr,95,train
Li3PO4-002104,Li3PO4,LiOP,32,train
ZrO2-004084,ZrO2,OZr,47,train
Li3PO4-011741,Li3PO4,LiOP,31,train
ZrO2-006109,ZrO2,OZr,95,train
ZrO2-004882,ZrO2,OZr,47,train
ZrO2-008739,ZrO2,OZr,48,train
Li3PO4-009460,Li3PO4,LiOP,31,train
perovskite-000332,perovskite,BaCaOTiZr,20,train
ZrO2-002765,ZrO2,OZr,95,train
Li3PO4-006543,Li3PO4,LiOP,32,train
Li3PO4-005648,Li3PO4,LiOP,32,train
Li3PO4-010126,Li3PO4,LiOP,31,train
ZrO2-002468,ZrO2,OZr,95,train
ZrO2-005642,ZrO2,OZr,95,train
ZrO2-006238,ZrO2,OZr,95,train
Li3PO4-017666,Li3PO4,LiOP,61,train
Li3PO4-004620,Li3PO4,LiOP,32,train
Li3PO4-017452,Li3PO4,LiOP,61,train
Li3PO4-004611,Li3PO4,LiOP,32,train
ZrO2-006590,ZrO2,OZr,95,train
Li3PO4-017705,Li3PO4,LiOP,61,train
Li3PO4-009515,Li3PO4,LiOP,31,train
Li3PO4-014495,Li3PO4,LiOP,61,train
ZrO2-005510,ZrO2,OZr,47,train
Li3PO4-002778,Li3PO4,LiOP,32,train
Li3PO4-013240,Li3PO4,LiOP,61,train
Li3PO4-002114,Li3PO4,LiOP,32,train
Li3PO4-004781,Li3PO4,LiOP,32,train
Li3PO4-017402,Li3PO4,LiOP,61,train
ZrO2-009267,ZrO2,OZr,48,train
Li3PO4-012434,Li3PO4,LiOP,31,train
ZrO2-003243,ZrO2,OZr,95,train
ZrO2-005563,ZrO2,OZr,47,train
Li3PO4-009935,Li3PO4,LiOP,31,train
ZrO2-008206,ZrO2,OZr,48,train
ZrO2-003945,ZrO2,OZr,47,train
Li3PO4-001111,Li3PO4,LiOP,32,train
ZrO2-006502,ZrO2,OZr,95,train
Li3PO4-017547,Li3PO4,LiOP,61,train
ZrO2-006721,ZrO2,OZr,95,train
ZrO2-004407,ZrO2,OZr,47,train
ZrO2-007508,ZrO2,OZr,95,train
Li3PO4-014738,Li3PO4,LiOP,61,train
Li3PO4-014504,Li3PO4,LiOP,61,train
ZrO2-006190,ZrO2,OZr,95,train
Li3PO4-000597,Li3PO4,LiOP,32,train
ZrO2-007454,ZrO2,OZr,95,train
ZrO2-006832,ZrO2,OZr,95,train
Li3PO4-004654,Li3PO4,LiOP,32,train
ZrO2-000459,ZrO2,OZr,96,train
Li3PO4-013649,Li3PO4,LiOP,61,train
Li3PO4-017621,Li3PO4,LiOP,61,train
ZrO2-008137,ZrO2,OZr,48,train
Li3PO4-007036,Li3PO4,LiOP,32,train
Li3PO4-010074,Li3PO4,LiOP,31,train
perovskite-000578,perovskite,CaHfOPbTiZr,20,train
perovskite-001110,perovskite,BaCaOPbSrTiZr,20,train
Li3PO4-008818,Li3PO4,LiOP,31,train
Li3PO4-008657,Li3PO4,LiOP,31,train
Li3PO4-009501,Li3PO4,LiOP,31,train
Li3PO4-003260,Li3PO4,LiOP,32,train
Li3PO4-017872,Li3PO4,LiOP,61,train
Li3PO4-001450,Li3PO4,LiOP,32,train
Li3PO4-014250,Li3PO4,LiOP,61,train
ZrO2-004499,ZrO2,OZr,47,train
Li3PO4-002297,Li3PO4,LiOP,32,train
Li3PO4-001171,Li3PO4,LiOP,32,train
Li3PO4-006991,Li3PO4,LiOP,32,train
Li3PO4-004178,Li3PO4,LiOP,32,train
ZrO2-008798,ZrO2,OZr,48,train
ZrO2-006026,ZrO2,OZr,95,train
perovskite-000676,perovskite,BaCaHfOPbTi,20,train
Li3PO4-015569,Li3PO4,LiOP,61,train
ZrO2-006314,ZrO2,OZr,95,train
Li3PO4-001967,Li3PO4,LiOP,32,train
Li3PO4-017729,Li3PO4,LiOP,61,train
Li3PO4-001735,Li3PO4,LiOP,32,train
Li3PO4-005314,Li3PO4,LiOP,32,train
perovskite-000782,perovskite,CaHfOPbSrTiZr,20,train
Li3PO4-004498,Li3PO4,LiOP,32,train
Li3PO4-007183,Li3PO4,LiOP,32,train
Li3PO4-015995,Li3PO4,LiOP,61,train
ZrO2-008764,ZrO2,OZr,48,train
Li3PO4-009957,Li3PO4,LiOP,31,train
Li3PO4-002676,Li3PO4,LiOP,32,train
Li3PO4-008302,Li3PO4,LiOP,31,train
ZrO2-009201,ZrO2,OZr,48,train
Li3PO4-004150,Li3PO4,LiOP,32,train
Li3PO4-007244,Li3PO4,LiOP,32,train
perovskite-000183,perovskite,BaCaHfOPbSr,20,train
ZrO2-008287,ZrO2,OZr,48,train
ZrO2-001942,ZrO2,OZr,96,train
ZrO2-002837,ZrO2,OZr,95,train
ZrO2-001073,ZrO2,OZr,96,train
Li3PO4-011166,Li3PO4,LiOP,31,train
Li3PO4-008639,Li3PO4,LiOP,31,train
Li3PO4-005287,Li3PO4,LiOP,32,train
ZrO2-001612,ZrO2,OZr,96,train
Li3PO4-013633,Li3PO4,LiOP,61,train
Li3PO4-003619,Li3PO4,LiOP,32,train
Li3PO4-006954,Li3PO4,LiOP,32,train
Li3PO4-006542,Li3PO4,LiOP,32,train
Li3PO4-003153,Li3PO4,LiOP,32,train
ZrO2-000731,ZrO2,OZr,96,train
ZrO2-001131,ZrO2,OZr,96,train
Li3PO4-011158,Li3PO4,LiOP,31,train
Li3PO4-001966,Li3PO4,LiOP,32,train
Li3PO4-011396,Li3PO4,LiOP,31,train
Li3PO4-003691,Li3PO4,LiOP,32,train
ZrO2-006065,ZrO2,OZr,95,train
Li3PO4-015328,Li3PO4,LiOP,61,train
Li3PO4-015645,Li3PO4,LiOP,61,train
Li3PO4-000920,Li3PO4,LiOP,32,train
ZrO2-005896,ZrO2,OZr,95,train
ZrO2-003338,ZrO2,OZr,95,train
perovskite-000533,perovskite,BaCaHfOSrTiZr,20,train
Li3PO4-012123,Li3PO4,LiOP,31,train
Li3PO4-014355,Li3PO4,LiOP,61,train
ZrO2-007437,ZrO2,OZr,95,train
Li3PO4-016396,Li3PO4,LiOP,61,train
ZrO2-003411,ZrO2,OZr,95,train
ZrO2-001518,ZrO2,OZr,96,train
ZrO2-004917,ZrO2,OZr,47,train
ZrO2-002537,ZrO2,OZr,95,train
Li3PO4-003017,Li3PO4,LiOP,32,train
Li3PO4-003436,Li3PO4,LiOP,32,train
Li3PO4-017789,Li3PO4,LiOP,61,train
ZrO2-003510,ZrO2,OZr,95,train
Li3PO4-003059,Li3PO4,LiOP,32,train
ZrO2-006219,ZrO2,OZr,95,train
ZrO2-008234,ZrO2,OZr,48,train
Li3PO4-007221,Li3PO4,LiOP,32,train
Li3PO4-015628,Li3PO4,LiOP,61,train
Li3PO4-004334,Li3PO4,LiOP,32,train
Li3PO4-004168,Li3PO4,LiOP,32,train
Li3PO4-003357,Li3PO4,LiOP,32,train
ZrO2-006821,ZrO2,OZr,95,train
Li3PO4-015257,Li3PO4,LiOP,61,train
Li3PO4-000645,Li3PO4,LiOP,32,train
Li3PO4-017474,Li3PO4,LiOP,61,train
ZrO2-004536,ZrO2,OZr,47,train
Li3PO4-007481,Li3PO4,LiOP,32,train
ZrO2-007298,ZrO2,OZr,95,train
ZrO2-002768,ZrO2,OZr,95,train
Li3PO4-010546,Li3PO4,LiOP,31,train
Li3PO4-002196,Li3PO4,LiOP,32,train
Li3PO4-010916,Li3PO4,LiOP,31,train
Li3PO4-016054,Li3PO4,LiOP,61,train
Li3PO4-014966,Li3PO4,LiOP,61,train
Li3PO4-017948,Li3PO4,LiOP,61,train
Li3PO4-014209,Li3PO4,LiOP,61,train
ZrO2-000342,ZrO2,OZr,96,train
Li3PO4-011700,Li3PO4,LiOP,31,train
Li3PO4-006757,Li3PO4,LiOP,32,train
ZrO2-007878,ZrO2,OZr,95,train
perovskite-001145,perovskite,BaCaOPbTiZr,20,train
ZrO2-003290,ZrO2,OZr,95,train
Li3PO4-015851,Li3PO4,LiOP,61,train
Li3PO4-012990,Li3PO4,LiOP,31,train
ZrO2-009026,ZrO2,OZr,48,train
Li3PO4-005997,Li3PO4,LiOP,32,train
Li3PO4-011826,Li3PO4,LiOP,31,train
Li3PO4-007043,Li3PO4,LiOP,32,train
ZrO2-009614,ZrO2,OZr,48,train
Li3PO4-015864,Li3PO4,LiOP,61,train
ZrO2-000320,ZrO2,OZr,96,train
Li3PO4-008673,Li3PO4,LiOP,31,train
Li3PO4-010287,Li3PO4,LiOP,31,train
ZrO2-009572,ZrO2,OZr,48,train
ZrO2-003287,ZrO2,OZr,95,train
ZrO2-004443,ZrO2,OZr,47,train
ZrO2-001953,ZrO2,OZr,96,train
ZrO2-009767,ZrO2,OZr,48,train
Li3PO4-004038,Li3PO4,LiOP,32,train
Li3PO4-007317,Li3PO4,LiOP,32,train
ZrO2-000057,ZrO2,OZr,96,train
Li3PO4-013082,Li3PO4,LiOP,61,train
ZrO2-007060,ZrO2,OZr,95,train
ZrO2-004951,ZrO2,OZr,47,train
Li3PO4-016917,Li3PO4,LiOP,61,train
ZrO2-001247,ZrO2,OZr,96,train
Li3PO4-000131,Li3PO4,LiOP,32,train
ZrO2-009070,ZrO2,OZr,48,train
ZrO2-004363,ZrO2,OZr,47,train
ZrO2-008436,ZrO2,OZr,48,train
Li3PO4-015729,Li3PO4,LiOP,61,train
ZrO2-003242,ZrO2,OZr,95,train
ZrO2-009242,ZrO2,OZr,48,train
ZrO2-005149,ZrO2,OZr,47,train
Li3PO4-002655,Li3PO4,LiOP,32,train
Li3PO4-003912,Li3PO4,LiOP,32,train
Li3PO4-017567,Li3PO4,LiOP,61,train
Li3PO4-012036,Li3PO4,LiOP,31,train
ZrO2-005096,ZrO2,OZr,47,train
perovskite-000659,perovskite,BaCaOPbTiZr,20,train
Li3PO4-006961,Li3PO4,LiOP,32,train
Li3PO4-004101,Li3PO4,LiOP,32,train
Li3PO4-000991,Li3PO4,LiOP,32,train
Li3PO4-008141,Li3PO4,LiOP,31,train
ZrO2-009685,ZrO2,OZr,48,train
ZrO2-002375,ZrO2,OZr,95,train
ZrO2-004678,ZrO2,OZr,47,train
Li3PO4-003057,Li3PO4,LiOP,32,train
Li3PO4-011897,Li3PO4,LiOP,31,train
Li3PO4-004632,Li3PO4,LiOP,32,train
ZrO2-003070,ZrO2,OZr,95,train
Li3PO4-012911,Li3PO4,LiOP,31,train
Li3PO4-005086,Li3PO4,LiOP,32,train
Li3PO4-003616,Li3PO4,LiOP,32,train
Li3PO4-005633,Li3PO4,LiOP,32,train
Li3PO4-009162,Li3PO4,LiOP,31,train
Li3PO4-000958,Li3PO4,LiOP,32,train
Li3PO4-002520,Li3PO4,LiOP,32,train
Li3PO4-016347,Li3PO4,LiOP,61,train
ZrO2-002815,ZrO2,OZr,95,train
Li3PO4-002172,Li3PO4,LiOP,32,train
ZrO2-008645,ZrO2,OZr,48,train
Li3PO4-016833,Li3PO4,LiOP,61,train
Li3PO4-010935,Li3PO4,LiOP,31,train
ZrO2-009454,ZrO2,OZr,48,train
ZrO2-002690,ZrO2,OZr,95,train
Li3PO4-016230,Li3PO4,LiOP,61,train
Li3PO4-001317,Li3PO4,LiOP,32,train
Li3PO4-010040,Li3PO4,LiOP,31,train
ZrO2-001183,ZrO2,OZr,96,train
Li3PO4-012448,Li3PO4,LiOP,31,train
Li3PO4-005493,Li3PO4,LiOP,32,train
ZrO2-001120,ZrO2,OZr,96,train
ZrO2-001852,ZrO2,OZr,96,train
Li3PO4-014750,Li3PO4,LiOP,61,train
ZrO2-004381,ZrO2,OZr,47,train
ZrO2-009275,ZrO2,OZr,48,train
Li3PO4-005795,Li3PO4,LiOP,32,train
ZrO2-005099,ZrO2,OZr,47,train
Li3PO4-005018,Li3PO4,LiOP,32,train
Li3PO4-012340,Li3PO4,LiOP,31,train
Li3PO4-003372,Li3PO4,LiOP,32,train
Li3PO4-007731,Li3PO4,LiOP,32,train
ZrO2-006671,ZrO2,OZr,95,train
Li3PO4-008621,Li3PO4,LiOP,31,train
Li3PO4-008725,Li3PO4,LiOP,31,train
Li3PO4-004391,Li3PO4,LiOP,32,train
Li3PO4-011630,Li3PO4,LiOP,31,train
ZrO2-007817,ZrO2,OZr,95,train
Li3PO4-009111,Li3PO4,LiOP,31,train
Li3PO4-000689,Li3PO4,LiOP,32,train
ZrO2-006304,ZrO2,OZr,95,train
ZrO2-005976,ZrO2,OZr,95,train
Li3PO4-010825,Li3PO4,LiOP,31,train
Li3PO4-008736,Li3PO4,LiOP,31,train
Li3PO4-016604,Li3PO4,LiOP,61,train
ZrO2-008938,ZrO2,OZr,48,train
Li3PO4-016468,Li3PO4,LiOP,61,train
Li3PO4-010532,Li3PO4,LiOP,31,train
perovskite-000157,perovskite,BaCaHfO,20,train
ZrO2-002852,ZrO2,OZr,95,train
ZrO2-007156,ZrO2,OZr,95,train
ZrO2-002353,ZrO2,OZr,95,train
Li3PO4-013392,Li3PO4,LiOP,61,train
Li3PO4-004323,Li3PO4,LiOP,32,train
ZrO2-004985,ZrO2,OZr,47,train
ZrO2-004632,ZrO2,OZr,47,train
Li3PO4-006782,Li3PO4,LiOP,32,train
Li3PO4-014213,Li3PO4,LiOP,61,train
Li3PO4-002726,Li3PO4,LiOP,32,train
Li3PO4-009092,Li3PO4,LiOP,31,train
perovskite-000171,perovskite,BaCaHfOPbSr,20,train
ZrO2-004890,ZrO2,OZr,47,train
Li3PO4-014599,Li3PO4,LiOP,61,train
ZrO2-006919,ZrO2,OZr,95,train
Li3PO4-017710,Li3PO4,LiOP,61,train
Li3PO4-003903,Li3PO4,LiOP,32,train
ZrO2-002842,ZrO2,OZr,95,train
Li3PO4-001565,Li3PO4,LiOP,32,train
Li3PO4-008370,Li3PO4,LiOP,31,train
Li3PO4-010170,Li3PO4,LiOP,31,train
ZrO2-008635,ZrO2,OZr,48,train
ZrO2-001789,ZrO2,OZr,96,train
Li3PO4-007728,Li3PO4,LiOP,32,train
Li3PO4-012139,Li3PO4,LiOP,31,train
Li3PO4-006635,Li3PO4,LiOP,32,train
Li3PO4-002067,Li3PO4,LiOP,32,train
Li3PO4-005566,Li3PO4,LiOP,32,train
Li3PO4-003131,Li3PO4,LiOP,32,train
Li3PO4-005448,Li3PO4,LiOP,32,train
ZrO2-001345,ZrO2,OZr,96,train
Li3PO4-015102,Li3PO4,LiOP,61,train
ZrO2-001982,ZrO2,OZr,95,train
ZrO2-004406,ZrO2,OZr,47,train
Li3PO4-015879,Li3PO4,LiOP,61,train
Li3PO4-014441,Li3PO4,LiOP,61,train
Li3PO4-008670,Li3PO4,LiOP,31,train
Li3PO4-002290,Li3PO4,LiOP,32,train
Li3PO4-007293,Li3PO4,LiOP,32,train
Li3PO4-009997,Li3PO4,LiOP,31,train
ZrO2-006021,ZrO2,OZr,95,train
ZrO2-007396,ZrO2,OZr,95,train
Li3PO4-010586,Li3PO4,LiOP,31,train
Li3PO4-008448,Li3PO4,LiOP,31,train
Li3PO4-015800,Li3PO4,LiOP,61,train
Li3PO4-003094,Li3PO4,LiOP,32,train
Li3PO4-014397,Li3PO4,LiOP,61,train
ZrO2-006657,ZrO2,OZr,95,train
Li3PO4-014375,Li3PO4,LiOP,61,train
Li3PO4-015233,Li3PO4,LiOP,61,train
Li3PO4-010531,Li3PO4,LiOP,31,train
Li3PO4-013197,Li3PO4,LiOP,61,train
ZrO2-006472,ZrO2,OZr,95,train
ZrO2-009327,ZrO2,OZr,48,train
ZrO2-007641,ZrO2,OZr,95,train
Li3PO4-003630,Li3PO4,LiOP,32,train
Li3PO4-009159,Li3PO4,LiOP,31,train
Li3PO4-001039,Li3PO4,LiOP,32,train
Li3PO4-014759,Li3PO4,LiOP,61,train
Li3PO4-010948,Li3PO4,LiOP,31,train
Li3PO4-017121,Li3PO4,LiOP,61,train
ZrO2-001596,ZrO2,OZr,96,train
ZrO2-004610,ZrO2,OZr,47,train
perovskite-000703,perovskite,CaOPbTiZr,20,train
Li3PO4-010870,Li3PO4,LiOP,31,train
ZrO2-001567,ZrO2,OZr,96,train
perovskite-000388,perovskite,CaHfOPbTiZr,20,train
Li3PO4-008064,Li3PO4,LiOP,31,train
Li3PO4-013945,Li3PO4,LiOP,61,train
Li3PO4-017409,Li3PO4,LiOP,61,train
Li3PO4-017912,Li3PO4,LiOP,61,train
Li3PO4-012030,Li3PO4,LiOP,31,train
Li3PO4-006882,Li3PO4,LiOP,32,train
ZrO2-000102,ZrO2,OZr,96,train
Li3PO4-009225,Li3PO4,LiOP,31,train
ZrO2-005673,ZrO2,OZr,95,train
Li3PO4-003733,Li3PO4,LiOP,32,train
Li3PO4-006135,Li3PO4,LiOP,32,train
ZrO2-004670,ZrO2,OZr,47,train
Li3PO4-016467,Li3PO4,LiOP,61,train
Li3PO4-006039,Li3PO4,LiOP,32,train
Li3PO4-008070,Li3PO4,LiOP,31,train
ZrO2-008213,ZrO2,OZr,48,train
Li3PO4-002945,Li3PO4,LiOP,32,train
ZrO2-000426,ZrO2,OZr,96,train
ZrO2-009649,ZrO2,OZr,48,train
ZrO2-003735,ZrO2,OZr,47,train
ZrO2-004024,ZrO2,OZr,47,train
Li3PO4-016928,Li3PO4,LiOP,61,train
Li3PO4-002681,Li3PO4,LiOP,32,train
Li3PO4-005685,Li3PO4,LiOP,32,train
perovskite-000435,perovskite,CaHfOPbSrTi,20,train
Li3PO4-002511,Li3PO4,LiOP,32,train
Li3PO4-003147,Li3PO4,LiOP,32,train
Li3PO4-006230,Li3PO4,LiOP,32,train
ZrO2-006206,ZrO2,OZr,95,train
ZrO2-008742,ZrO2,OZr,48,train
ZrO2-005317,ZrO2,OZr,47,train
Li3PO4-001488,Li3PO4,LiOP,32,train
Li3PO4-011332,Li3PO4,LiOP,31,train
ZrO2-005417,ZrO2,OZr,47,train
Li3PO4-015282,Li3PO4,LiOP,61,train
ZrO2-001338,ZrO2,OZr,96,train
Li3PO4-014621,Li3PO4,LiOP,61,train
Li3PO4-000341,Li3PO4,LiOP,32,train
Li3PO4-013776,Li3PO4,LiOP,61,train
Li3PO4-006270,Li3PO4,LiOP,32,train
Li3PO4-013887,Li3PO4,LiOP,61,train
Li3PO4-003027,Li3PO4,LiOP,32,train
Li3PO4-008795,Li3PO4,LiOP,31,train
Li3PO4-003723,Li3PO4,LiOP,32,train
Li3PO4-013650,Li3PO4,LiOP,61,train
Li3PO4-003447,Li3PO4,LiOP,32,train
ZrO2-005789,ZrO2,OZr,95,train
ZrO2-006097,ZrO2,OZr,95,train
ZrO2-003463,ZrO2,OZr,95,train
Li3PO4-004660,Li3PO4,LiOP,32,train
Li3PO4-006274,Li3PO4,LiOP,32,train
ZrO2-007499,ZrO2,OZr,95,train
Li3PO4-006247,Li3PO4,LiOP,32,train
Li3PO4-006708,Li3PO4,LiOP,32,train
Li3PO4-014745,Li3PO4,LiOP,61,train
ZrO2-004889,ZrO2,OZr,47,train
Li3PO4-015206,Li3PO4,LiOP,61,train
Li3PO4-008425,Li3PO4,LiOP,31,train
ZrO2-007159,ZrO2,OZr,95,train
Li3PO4-015211,Li3PO4,LiOP,61,train
Li3PO4-009601,Li3PO4,LiOP,31,train
Li3PO4-013293,Li3PO4,LiOP,61,train
Li3PO4-007358,Li3PO4,LiOP,32,train
Li3PO4-001443,Li3PO4,LiOP,32,train
Li3PO4-017782,Li3PO4,LiOP,61,train
Li3PO4-016758,Li3PO4,LiOP,61,train
ZrO2-003804,ZrO2,OZr,47,train
ZrO2-005594,ZrO2,OZr,95,train
Li3PO4-003758,Li3PO4,LiOP,32,train
Li3PO4-014307,Li3PO4,LiOP,61,train
Li3PO4-007034,Li3PO4,LiOP,32,train
Li3PO4-006573,Li3PO4,LiOP,32,train
Li3PO4-003601,Li3PO4,LiOP,32,train
Li3PO4-005423,Li3PO4,LiOP,32,train
Li3PO4-013773,Li3PO4,LiOP,61,train
Li3PO4-009366,Li3PO4,LiOP,31,train
ZrO2-004317,ZrO2,OZr,47,train
Li3PO4-014438,Li3PO4,LiOP,61,train
ZrO2-008611,ZrO2,OZr,48,train
Li3PO4-016169,Li3PO4,LiOP,61,train
Li3PO4-009052,Li3PO4,LiOP,31,train
Li3PO4-014036,Li3PO4,LiOP,61,train
Li3PO4-012052,Li3PO4,LiOP,31,train
Li3PO4-009739,Li3PO4,LiOP,31,train
Li3PO4-016679,Li3PO4,LiOP,61,train
Li3PO4-000074,Li3PO4,LiOP,32,train
Li3PO4-000459,Li3PO4,LiOP,32,train
Li3PO4-007512,Li3PO4,LiOP,32,train
ZrO2-006103,ZrO2,OZr,95,train
Li3PO4-010893,Li3PO4,LiOP,31,train
ZrO2-001772,ZrO2,OZr,96,train
Li3PO4-009179,Li3PO4,LiOP,31,train
Li3PO4-014725,Li3PO4,LiOP,61,train
Li3PO4-013318,Li3PO4,LiOP,61,train
Li3PO4-017854,Li3PO4,LiOP,61,train
ZrO2-006757,ZrO2,OZr,95,train
ZrO2-004510,ZrO2,OZr,47,train
Li3PO4-017178,Li3PO4,LiOP,61,train
ZrO2-007285,ZrO2,OZr,95,train
Li3PO4-000058,Li3PO4,LiOP,32,train
Li3PO4-013536,Li3PO4,LiOP,61,train
Li3PO4-008189,Li3PO4,LiOP,31,train
Li3PO4-004387,Li3PO4,LiOP,32,train
Li3PO4-015432,Li3PO4,LiOP,61,train
Li3PO4-001163,Li3PO4,LiOP,32,train
Li3PO4-004897,Li3PO4,LiOP,32,train
Li3PO4-003578,Li3PO4,LiOP,32,train
Li3PO4-013992,Li3PO4,LiOP,61,train
Li3PO4-005635,Li3PO4,LiOP,32,train
ZrO2-000128,ZrO2,OZr,96,train
ZrO2-002678,ZrO2,OZr,95,train
Li3PO4-013488,Li3PO4,LiOP,61,train
ZrO2-005837,ZrO2,OZr,95,train
Li3PO4-011966,Li3PO4,LiOP,31,train
ZrO2-008012,ZrO2,OZr,95,train
Li3PO4-001019,Li3PO4,LiOP,32,train
Li3PO4-001044,Li3PO4,LiOP,32,train
perovskite-001096,perovskite,BaCaHfOPbTiZr,20,train
ZrO2-004581,ZrO2,OZr,47,train
Li3PO4-009274,Li3PO4,LiOP,31,train
Li3PO4-010335,Li3PO4,LiOP,31,train
Li3PO4-005158,Li3PO4,LiOP,32,train
Li3PO4-006700,Li3PO4,LiOP,32,train
ZrO2-003330,ZrO2,OZr,95,train
ZrO2-010048,ZrO2,OZr,48,train
ZrO2-006586,ZrO2,OZr,95,train
ZrO2-005332,ZrO2,OZr,47,train
Li3PO4-007171,Li3PO4,LiOP,32,train
Li3PO4-006257,Li3PO4,LiOP,32,train
Li3PO4-005908,Li3PO4,LiOP,32,train
ZrO2-009441,ZrO2,OZr,48,train
ZrO2-002147,ZrO2,OZr,95,train
Li3PO4-010222,Li3PO4,LiOP,31,train
ZrO2-003143,ZrO2,OZr,95,train
Li3PO4-006771,Li3PO4,LiOP,32,train
ZrO2-003014,ZrO2,OZr,95,train
ZrO2-008774,ZrO2,OZr,48,train
Li3PO4-015732,Li3PO4,LiOP,61,train
ZrO2-005607,ZrO2,OZr,95,train
ZrO2-006293,ZrO2,OZr,95,train
Li3PO4-008995,Li3PO4,LiOP,31,train
Li3PO4-000140,Li3PO4,LiOP,32,train
Li3PO4-008276,Li3PO4,LiOP,31,train
Li3PO4-010792,Li3PO4,LiOP,31,train
Li3PO4-008267,Li3PO4,LiOP,31,train
ZrO2-009389,ZrO2,OZr,48,train
ZrO2-009255,ZrO2,OZr,48,train
Li3PO4-011037,Li3PO4,LiOP,31,train
Li3PO4-014185,Li3PO4,LiOP,61,train
ZrO2-007538,ZrO2,OZr,95,train
ZrO2-004537,ZrO2,OZr,47,train
Li3PO4-001114,Li3PO4,LiOP,32,train
Li3PO4-014645,Li3PO4,LiOP,61,train
Li3PO4-000313,Li3PO4,LiOP,32,train
perovskite-000548,perovskite,BaCaOTiZr,20,train
Li3PO4-011024,Li3PO4,LiOP,31,train
Li3PO4-013169,Li3PO4,LiOP,61,train
Li3PO4-010669,Li3PO4,LiOP,31,train
Li3PO4-007641,Li3PO4,LiOP,32,train
Li3PO4-017368,Li3PO4,LiOP,61,train
Li3PO4-000625,Li3PO4,LiOP,32,train
Li3PO4-005477,Li3PO4,LiOP,32,train
Li3PO4-008537,Li3PO4,LiOP,31,train
ZrO2-008095,ZrO2,OZr,95,train
ZrO2-002720,ZrO2,OZr,95,train
perovskite-000948,perovskite,CaHfOPbSrTi,20,train
ZrO2-003084,ZrO2,OZr,95,train
Li3PO4-016592,Li3PO4,LiOP,61,train
Li3PO4-000366,Li3PO4,LiOP,32,train
Li3PO4-004263,Li3PO4,LiOP,32,train
Li3PO4-003642,Li3PO4,LiOP,32,train
Li3PO4-012116,Li3PO4,LiOP,31,train
Li3PO4-007903,Li3PO4,LiOP,32,train
ZrO2-004645,ZrO2,OZr,47,train
Li3PO4-015365,Li3PO4,LiOP,61,train
Li3PO4-013720,Li3PO4,LiOP,61,train
Li3PO4-014347,Li3PO4,LiOP,61,train
Li3PO4-009990,Li3PO4,LiOP,31,train
ZrO2-003784,ZrO2,OZr,47,train
perovskite-000448,perovskite,BaCaOPbTiZr,20,train
Li3PO4-013071,Li3PO4,LiOP,61,train
Li3PO4-002653,Li3PO4,LiOP,32,train
ZrO2-009985,ZrO2,OZr,48,train
Li3PO4-004189,Li3PO4,LiOP,32,train
Li3PO4-005193,Li3PO4,LiOP,32,train
Li3PO4-005890,Li3PO4,LiOP,32,train
Li3PO4-002949,Li3PO4,LiOP,32,train
Li3PO4-008094,Li3PO4,LiOP,31,train
ZrO2-008140,ZrO2,OZr,48,train
ZrO2-006311,ZrO2,OZr,95,train
Li3PO4-007504,Li3PO4,LiOP,32,train
Li3PO4-014003,Li3PO4,LiOP,61,train
ZrO2-006141,ZrO2,OZr,95,train
Li3PO4-014269,Li3PO4,LiOP,61,train
perovskite-001127,perovskite,BaCaHfOPbSrTiZr,20,train
Li3PO4-016637,Li3PO4,LiOP,61,train
ZrO2-003183,ZrO2,OZr,95,train
ZrO2-000575,ZrO2,OZr,96,train
Li3PO4-009800,Li3PO4,LiOP,31,train
ZrO2-008865,ZrO2,OZr,48,train
Li3PO4-004252,Li3PO4,LiOP,32,train
ZrO2-001163,ZrO2,OZr,96,train
ZrO2-001810,ZrO2,OZr,96,train
Li3PO4-002686,Li3PO4,LiOP,32,train
Li3PO4-005320,Li3PO4,LiOP,32,train
Li3PO4-002661,Li3PO4,LiOP,32,train
ZrO2-004424,ZrO2,OZr,47,train
Li3PO4-007974,Li3PO4,LiOP,32,train
Li3PO4-001880,Li3PO4,LiOP,32,train
Li3PO4-014379,Li3PO4,LiOP,61,train
ZrO2-004842,ZrO2,OZr,47,train
ZrO2-002288,ZrO2,OZr,95,train
ZrO2-005776,ZrO2,OZr,95,train
Li3PO4-000306,Li3PO4,LiOP,32,train
Li3PO4-009931,Li3PO4,LiOP,31,train
Li3PO4-017896,Li3PO4,LiOP,61,train
Li3PO4-015848,Li3PO4,LiOP,61,train
Li3PO4-016233,Li3PO4,LiOP,61,train
Li3PO4-012699,Li3PO4,LiOP,31,train
ZrO2-006592,ZrO2,OZr,95,train
Li3PO4-010434,Li3PO4,LiOP,31,train
ZrO2-006907,ZrO2,OZr,95,train
Li3PO4-014370,Li3PO4,LiOP,61,train
ZrO2-004534,ZrO2,OZr,47,train
ZrO2-003064,ZrO2,OZr,95,train
ZrO2-005471,ZrO2,OZr,47,train
Li3PO4-006587,Li3PO4,LiOP,32,train
Li3PO4-013355,Li3PO4,LiOP,61,train
Li3PO4-015336,Li3PO4,LiOP,61,train
Li3PO4-005482,Li3PO4,LiOP,32,train
Li3PO4-008938,Li3PO4,LiOP,31,train
ZrO2-006578,ZrO2,OZr,95,train
Li3PO4-009271,Li3PO4,LiOP,31,train
ZrO2-002036,ZrO2,OZr,95,train
Li3PO4-017087,Li3PO4,LiOP,61,train
Li3PO4-003455,Li3PO4,LiOP,32,train
Li3PO4-006172,Li3PO4,LiOP,32,train
Li3PO4-009638,Li3PO4,LiOP,31,train
ZrO2-007049,ZrO2,OZr,95,train
Li3PO4-012103,Li3PO4,LiOP,31,train
Li3PO4-010929,Li3PO4,LiOP,31,train
Li3PO4-014100,Li3PO4,LiOP,61,train
Li3PO4-006215,Li3PO4,LiOP,32,train
Li3PO4-015391,Li3PO4,LiOP,61,train
ZrO2-001616,ZrO2,OZr,96,train
Li3PO4-007538,Li3PO4,LiOP,32,train
ZrO2-001391,ZrO2,OZr,96,train
Li3PO4-004067,Li3PO4,LiOP,32,train
Li3PO4-007751,Li3PO4,LiOP,32,train
ZrO2-007145,ZrO2,OZr,95,train
ZrO2-009385,ZrO2,OZr,48,train
ZrO2-007197,ZrO2,OZr,95,train
ZrO2-002336,ZrO2,OZr,95,train
Li3PO4-008875,Li3PO4,LiOP,31,train
Li3PO4-004170,Li3PO4,LiOP,32,train
Li3PO4-013625,Li3PO4,LiOP,61,train
ZrO2-002857,ZrO2,OZr,95,train
ZrO2-000287,ZrO2,OZr,96,train
Li3PO4-005206,Li3PO4,LiOP,32,train
ZrO2-004634,ZrO2,OZr,47,train
ZrO2-004057,ZrO2,OZr,47,train
Li3PO4-000807,Li3PO4,LiOP,32,train
Li3PO4-011632,Li3PO4,LiOP,31,train
ZrO2-006005,ZrO2,OZr,95,train
ZrO2-005991,ZrO2,OZr,95,train
Li3PO4-004279,Li3PO4,LiOP,32,train
Li3PO4-012992,Li3PO4,LiOP,61,train
Li3PO4-016549,Li3PO4,LiOP,61,train
Li3PO4-002371,Li3PO4,LiOP,32,train
Li3PO4-006983,Li3PO4,LiOP,32,train
Li3PO4-008632,Li3PO4,LiOP,31,train
perovskite-000473,perovskite,BaCaHfOPbZr,20,train
Li3PO4-015655,Li3PO4,LiOP,61,train
Li3PO4-005964,Li3PO4,LiOP,32,train
ZrO2-005797,ZrO2,OZr,95,train
Li3PO4-002396,Li3PO4,LiOP,32,train
ZrO2-000622,ZrO2,OZr,96,train
Li3PO4-010138,Li3PO4,LiOP,31,train
Li3PO4-006168,Li3PO4,LiOP,32,train
Li3PO4-006225,Li3PO4,LiOP,32,train
ZrO2-007791,ZrO2,OZr,95,train
ZrO2-007724,ZrO2,OZr,95,train
Li3PO4-004072,Li3PO4,LiOP,32,train
Li3PO4-014634,Li3PO4,LiOP,61,train
Li3PO4-015464,Li3PO4,LiOP,61,train
Li3PO4-017233,Li3PO4,LiOP,61,train
Li3PO4-000283,Li3PO4,LiOP,32,train
ZrO2-004601,ZrO2,OZr,47,train
ZrO2-000673,ZrO2,OZr,96,train
ZrO2-000627,ZrO2,OZr,96,train
ZrO2-005933,ZrO2,OZr,95,train
Li3PO4-008376,Li3PO4,LiOP,31,train
Li3PO4-017841,Li3PO4,LiOP,61,train
ZrO2-000457,ZrO2,OZr,96,train
ZrO2-000228,ZrO2,OZr,96,train
Li3PO4-010647,Li3PO4,LiOP,31,train
ZrO2-007743,ZrO2,OZr,95,train
ZrO2-009077,ZrO2,OZr,48,train
Li3PO4-017680,Li3PO4,LiOP,61,train
Li3PO4-000401,Li3PO4,LiOP,32,train
Li3PO4-010076,Li3PO4,LiOP,31,train
Li3PO4-014629,Li3PO4,LiOP,61,train
Li3PO4-005409,Li3PO4,LiOP,32,train
Li3PO4-003317,Li3PO4,LiOP,32,train
ZrO2-009924,ZrO2,OZr,48,train
Li3PO4-005856,Li3PO4,LiOP,32,train
Li3PO4-004367,Li3PO4,LiOP,32,train
Li3PO4-004340,Li3PO4,LiOP,32,train
ZrO2-008445,ZrO2,OZr,48,train
Li3PO4-016673,Li3PO4,LiOP,61,train
Li3PO4-016318,Li3PO4,LiOP,61,train
perovskite-000299,perovskite,CaHfOSrTiZr,20,train
perovskite-001107,perovskite,BaCaHfOPbSrTi,20,train
perovskite-000850,perovskite,CaOPbSrTiZr,20,train
Li3PO4-002975,Li3PO4,LiOP,32,train
Li3PO4-006361,Li3PO4,LiOP,32,train
Li3PO4-000936,Li3PO4,LiOP,32,train
Li3PO4-005233,Li3PO4,LiOP,32,train
ZrO2-001022,ZrO2,OZr,96,train
Li3PO4-006699,Li3PO4,LiOP,32,train
Li3PO4-014067,Li3PO4,LiOP,61,train
ZrO2-009999,ZrO2,OZr,48,train
ZrO2-008576,ZrO2,OZr,48,train
ZrO2-005159,ZrO2,OZr,47,train
ZrO2-004862,ZrO2,OZr,47,train
ZrO2-002894,ZrO2,OZr,95,train
Li3PO4-010946,Li3PO4,LiOP,31,train
perovskite-000008,perovskite,BaCaOSrZr,20,train
Li3PO4-015171,Li3PO4,LiOP,61,train
ZrO2-004143,ZrO2,OZr,47,train
Li3PO4-011773,Li3PO4,LiOP,31,train
Li3PO4-014806,Li3PO4,LiOP,61,train
ZrO2-002816,ZrO2,OZr,95,train
Li3PO4-002523,Li3PO4,LiOP,32,train
perovskite-000716,perovskite,CaHfOPbTi,20,train
ZrO2-006567,ZrO2,OZr,95,train
Li3PO4-009630,Li3PO4,LiOP,31,train
Li3PO4-008755,Li3PO4,LiOP,31,train
Li3PO4-016764,Li3PO4,LiOP,61,train
Li3PO4-009696,Li3PO4,LiOP,31,train
Li3PO4-010210,Li3PO4,LiOP,31,train
Li3PO4-006837,Li3PO4,LiOP,32,train
ZrO2-000145,ZrO2,OZr,96,train
ZrO2-003877,ZrO2,OZr,47,train
Li3PO4-000666,Li3PO4,LiOP,32,train
Li3PO4-011654,Li3PO4,LiOP,31,train
ZrO2-001873,ZrO2,OZr,96,train
ZrO2-004943,ZrO2,OZr,47,train
Li3PO4-006019,Li3PO4,LiOP,32,train
Li3PO4-012621,Li3PO4,LiOP,31,train
Li3PO4-010607,Li3PO4,LiOP,31,train
Li3PO4-016427,Li3PO4,LiOP,61,train
Li3PO4-013899,Li3PO4,LiOP,61,train
ZrO2-008348,ZrO2,OZr,48,train
Li3PO4-017690,Li3PO4,LiOP,61,train
perovskite-000774,perovskite,CaOPbSrTiZr,20,train
ZrO2-001072,ZrO2,OZr,96,train
Li3PO4-011613,Li3PO4,LiOP,31,train
ZrO2-002433,ZrO2,OZr,95,train
Li3PO4-000571,Li3PO4,LiOP,32,train
ZrO2-008158,ZrO2,OZr,48,train
Li3PO4-007327,Li3PO4,LiOP,32,train
Li3PO4-017311,Li3PO4,LiOP,61,train
Li3PO4-009674,Li3PO4,LiOP,31,train
Li3PO4-012878,Li3PO4,LiOP,31,train
ZrO2-007626,ZrO2,OZr,95,train
Li3PO4-011934,Li3PO4,LiOP,31,train
Li3PO4-014152,Li3PO4,LiOP,61,train
ZrO2-007757,ZrO2,OZr,95,train
Li3PO4-010830,Li3PO4,LiOP,31,train
ZrO2-004749,ZrO2,OZr,47,train
Li3PO4-015037,Li3PO4,LiOP,61,train
Li3PO4-006848,Li3PO4,LiOP,32,train
Li3PO4-011956,Li3PO4,LiOP,31,train
ZrO2-004408,ZrO2,OZr,47,train
Li3PO4-006613,Li3PO4,LiOP,32,train
Li3PO4-006375,Li3PO4,LiOP,32,train
Li3PO4-009754,Li3PO4,LiOP,31,train
Li3PO4-002027,Li3PO4,LiOP,32,train
Li3PO4-005457,Li3PO4,LiOP,32,train
Li3PO4-009918,Li3PO4,LiOP,31,train
Li3PO4-000105,Li3PO4,LiOP,32,train
Li3PO4-008172,Li3PO4,LiOP,31,train
ZrO2-004562,ZrO2,OZr,47,train
Li3PO4-009830,Li3PO4,LiOP,31,train
ZrO2-007072,ZrO2,OZr,95,train
Li3PO4-000185,Li3PO4,LiOP,32,train
ZrO2-004243,ZrO2,OZr,47,train
Li3PO4-003340,Li3PO4,LiOP,32,train
Li3PO4-009150,Li3PO4,LiOP,31,train
Li3PO4-017379,Li3PO4,LiOP,61,train
Li3PO4-015546,Li3PO4,LiOP,61,train
ZrO2-001863,ZrO2,OZr,96,train
perovskite-000100,perovskite,BaCaOPbTi,20,train
Li3PO4-008841,Li3PO4,LiOP,31,train
Li3PO4-003885,Li3PO4,LiOP,32,train
ZrO2-001254,ZrO2,OZr,96,train
ZrO2-008165,ZrO2,OZr,48,train
ZrO2-004207,ZrO2,OZr,47,train
ZrO2-009591,ZrO2,OZr,48,train
ZrO2-008877,ZrO2,OZr,48,train
Li3PO4-013349,Li3PO4,LiOP,61,train
Li3PO4-003962,Li3PO4,LiOP,32,train
Li3PO4-011479,Li3PO4,LiOP,31,train
Li3PO4-013012,Li3PO4,LiOP,61,train
Li3PO4-014427,Li3PO4,LiOP,61,train
Li3PO4-015346,Li3PO4,LiOP,61,train
Li3PO4-003932,Li3PO4,LiOP,32,train
Li3PO4-002456,Li3PO4,LiOP,32,train
ZrO2-007231,ZrO2,OZr,95,train
Li3PO4-009147,Li3PO4,LiOP,31,train
ZrO2-009093,ZrO2,OZr,48,train
Li3PO4-009695,Li3PO4,LiOP,31,train
ZrO2-004314,ZrO2,OZr,47,train
Li3PO4-010912,Li3PO4,LiOP,31,train
perovskite-000831,perovskite,BaCaHfOPbTiZr,20,train
Li3PO4-008008,Li3PO4,LiOP,31,train
Li3PO4-002012,Li3PO4,LiOP,32,train
Li3PO4-006727,Li3PO4,LiOP,32,train
Li3PO4-004288,Li3PO4,LiOP,32,train
Li3PO4-006490,Li3PO4,LiOP,32,train
ZrO2-007059,ZrO2,OZr,95,train
ZrO2-004956,ZrO2,OZr,47,train
Li3PO4-017741,Li3PO4,LiOP,61,train
ZrO2-000704,ZrO2,OZr,96,train
ZrO2-000146,ZrO2,OZr,96,train
ZrO2-001866,ZrO2,OZr,96,train
Li3PO4-017601,Li3PO4,LiOP,61,train
Li3PO4-017000,Li3PO4,LiOP,61,train
Li3PO4-011513,Li3PO4,LiOP,31,train
ZrO2-006766,ZrO2,OZr,95,train
Li3PO4-007990,Li3PO4,LiOP,32,train
ZrO2-005189,ZrO2,OZr,47,train
Li3PO4-005035,Li3PO4,LiOP,32,train
Li3PO4-007344,Li3PO4,LiOP,32,train
Li3PO4-004695,Li3PO4,LiOP,32,train
ZrO2-008342,ZrO2,OZr,48,train
ZrO2-000692,ZrO2,OZr,96,train
Li3PO4-012928,Li3PO4,LiOP,31,train
Li3PO4-012192,Li3PO4,LiOP,31,train
Li3PO4-004287,Li3PO4,LiOP,32,train
Li3PO4-012254,Li3PO4,LiOP,31,train
Li3PO4-001522,Li3PO4,LiOP,32,train
Li3PO4-005761,Li3PO4,LiOP,32,train
perovskite-000704,perovskite,CaHfOPbTiZr,20,train
Li3PO4-002878,Li3PO4,LiOP,32,train
Li3PO4-004301,Li3PO4,LiOP,32,train
ZrO2-007465,ZrO2,OZr,95,train
Li3PO4-010890,Li3PO4,LiOP,31,train
Li3PO4-005434,Li3PO4,LiOP,32,train
ZrO2-009855,ZrO2,OZr,48,train
ZrO2-002395,ZrO2,OZr,95,train
Li3PO4-015849,Li3PO4,LiOP,61,train
ZrO2-006201,ZrO2,OZr,95,train
ZrO2-004763,ZrO2,OZr,47,train
Li3PO4-000692,Li3PO4,LiOP,32,train
Li3PO4-009859,Li3PO4,LiOP,31,train
Li3PO4-000668,Li3PO4,LiOP,32,train
ZrO2-007693,ZrO2,OZr,95,train
Li3PO4-013826,Li3PO4,LiOP,61,train
ZrO2-005956,ZrO2,OZr,95,train
Li3PO4-003672,Li3PO4,LiOP,32,train
ZrO2-000752,ZrO2,OZr,96,train
Li3PO4-001658,Li3PO4,LiOP,32,train
ZrO2-008410,ZrO2,OZr,48,train
Li3PO4-003198,Li3PO4,LiOP,32,train
Li3PO4-013396,Li3PO4,LiOP,61,train
ZrO2-001085,ZrO2,OZr,96,train
ZrO2-002325,ZrO2,OZr,95,train
ZrO2-000542,ZrO2,OZr,96,train
ZrO2-005926,ZrO2,OZr,95,train
Li3PO4-015683,Li3PO4,LiOP,61,train
ZrO2-003738,ZrO2,OZr,47,train
Li3PO4-012063,Li3PO4,LiOP,31,train
Li3PO4-009398,Li3PO4,LiOP,31,train
ZrO2-008456,ZrO2,OZr,48,train
ZrO2-003683,ZrO2,OZr,47,train
Li3PO4-012765,Li3PO4,LiOP,31,train
Li3PO4-016940,Li3PO4,LiOP,61,train
ZrO2-003940,ZrO2,OZr,47,train
Li3PO4-009287,Li3PO4,LiOP,31,train
Li3PO4-004659,Li3PO4,LiOP,32,train
Li3PO4-006012,Li3PO4,LiOP,32,train
Li3PO4-005191,Li3PO4,LiOP,32,train
Li3PO4-011243,Li3PO4,LiOP,31,train
Li3PO4-007380,Li3PO4,LiOP,32,train
Li3PO4-000097,Li3PO4,LiOP,32,train
ZrO2-003414,ZrO2,OZr,95,train
Li3PO4-005603,Li3PO4,LiOP,32,train
Li3PO4-009410,Li3PO4,LiOP,31,train
ZrO2-008227,ZrO2,OZr,48,train
ZrO2-007013,ZrO2,OZr,95,train
Li3PO4-010296,Li3PO4,LiOP,31,train
ZrO2-000431,ZrO2,OZr,96,train
Li3PO4-001515,Li3PO4,LiOP,32,train
ZrO2-001637,ZrO2,OZr,96,train
Li3PO4-016864,Li3PO4,LiOP,61,train
Li3PO4-002773,Li3PO4,LiOP,32,train
ZrO2-009499,ZrO2,OZr,48,train
ZrO2-009151,ZrO2,OZr,48,train
ZrO2-007577,ZrO2,OZr,95,train
Li3PO4-017416,Li3PO4,LiOP,61,train
ZrO2-002098,ZrO2,OZr,95,train
ZrO2-008133,ZrO2,OZr,48,train
Li3PO4-007464,Li3PO4,LiOP,32,train
ZrO2-008441,ZrO2,OZr,48,train
Li3PO4-012811,Li3PO4,LiOP,31,train
ZrO2-004679,ZrO2,OZr,47,train
ZrO2-002637,ZrO2,OZr,95,train
ZrO2-006839,ZrO2,OZr,95,train
ZrO2-003588,ZrO2,OZr,47,train
ZrO2-000902,ZrO2,OZr,96,train
Li3PO4-009496,Li3PO4,LiOP,31,train
Li3PO4-008095,Li3PO4,LiOP,31,train
Li3PO4-013698,Li3PO4,LiOP,61,train
ZrO2-001728,ZrO2,OZr,96,train
ZrO2-000864,ZrO2,OZr,96,train
ZrO2-009444,ZrO2,OZr,48,train
perovskite-000981,perovskite,BaCaHfOPbSrTi,20,train
Li3PO4-003440,Li3PO4,LiOP,32,train
ZrO2-005334,ZrO2,OZr,47,train
Li3PO4-011272,Li3PO4,LiOP,31,train
Li3PO4-007628,Li3PO4,LiOP,32,train
Li3PO4-008190,Li3PO4,LiOP,31,train
Li3PO4-006088,Li3PO4,LiOP,32,train
ZrO2-004043,ZrO2,OZr,47,train
Li3PO4-009890,Li3PO4,LiOP,31,train
Li3PO4-001824,Li3PO4,LiOP,32,train
ZrO2-008214,ZrO2,OZr,48,train
perovskite-000800,perovskite,CaHfOPbSrZr,20,train
ZrO2-009042,ZrO2,OZr,48,train
Li3PO4-005788,Li3PO4,LiOP,32,train
Li3PO4-010011,Li3PO4,LiOP,31,train
Li3PO4-004943,Li3PO4,LiOP,32,train
Li3PO4-011392,Li3PO4,LiOP,31,train
Li3PO4-016646,Li3PO4,LiOP,61,train
ZrO2-002066,ZrO2,OZr,95,train
Li3PO4-017429,Li3PO4,LiOP,61,train
Li3PO4-017247,Li3PO4,LiOP,61,train
Li3PO4-009827,Li3PO4,LiOP,31,train
Li3PO4-003547,Li3PO4,LiOP,32,train
ZrO2-009838,ZrO2,OZr,48,train
ZrO2-000292,ZrO2,OZr,96,train
ZrO2-007306,ZrO2,OZr,95,train
ZrO2-000557,ZrO2,OZr,96,train
Li3PO4-015066,Li3PO4,LiOP,61,train
ZrO2-000846,ZrO2,OZr,96,train
Li3PO4-010347,Li3PO4,LiOP,31,train
Li3PO4-014089,Li3PO4,LiOP,61,train
Li3PO4-002239,Li3PO4,LiOP,32,train
Li3PO4-015356,Li3PO4,LiOP,61,train
Li3PO4-003473,Li3PO4,LiOP,32,train
ZrO2-001208,ZrO2,OZr,96,train
ZrO2-005632,ZrO2,OZr,95,train
Li3PO4-004007,Li3PO4,LiOP,32,train
Li3PO4-013607,Li3PO4,LiOP,61,train
Li3PO4-007296,Li3PO4,LiOP,32,train
Li3PO4-002636,Li3PO4,LiOP,32,train
Li3PO4-009564,Li3PO4,LiOP,31,train
Li3PO4-000252,Li3PO4,LiOP,32,train
ZrO2-009436,ZrO2,OZr,48,train
Li3PO4-009246,Li3PO4,LiOP,31,train
ZrO2-005360,ZrO2,OZr,47,train
ZrO2-001993,ZrO2,OZr,95,train
ZrO2-006442,ZrO2,OZr,95,train
Li3PO4-012486,Li3PO4,LiOP,31,train
Li3PO4-017091,Li3PO4,LiOP,61,train
ZrO2-005964,ZrO2,OZr,95,train
Li3PO4-002428,Li3PO4,LiOP,32,train
Li3PO4-000678,Li3PO4,LiOP,32,train
Li3PO4-011971,Li3PO4,LiOP,31,train
perovskite-000796,perovskite,CaHfOPbSrZr,20,train
Li3PO4-007571,Li3PO4,LiOP,32,train
Li3PO4-014520,Li3PO4,LiOP,61,train
Li3PO4-002344,Li3PO4,LiOP,32,train
Li3PO4-003421,Li3PO4,LiOP,32,train
ZrO2-009587,ZrO2,OZr,48,train
Li3PO4-003741,Li3PO4,LiOP,32,train
ZrO2-010077,ZrO2,OZr,48,train
Li3PO4-012087,Li3PO4,LiOP,31,train
Li3PO4-001973,Li3PO4,LiOP,32,train
ZrO2-006546,ZrO2,OZr,95,train
Li3PO4-012090,Li3PO4,LiOP,31,train
ZrO2-004085,ZrO2,OZr,47,train
ZrO2-008090,ZrO2,OZr,95,train
ZrO2-005385,ZrO2,OZr,47,train
ZrO2-001877,ZrO2,OZr,96,train
Li3PO4-017755,Li3PO4,LiOP,61,train
ZrO2-007052,ZrO2,OZr,95,train
Li3PO4-017649,Li3PO4,LiOP,61,train
Li3PO4-000132,Li3PO4,LiOP,32,train
ZrO2-005469,ZrO2,OZr,47,train
perovskite-000026,perovskite,BaCaOSrZr,20,train
ZrO2-004541,ZrO2,OZr,47,train
ZrO2-004806,ZrO2,OZr,47,train
ZrO2-009823,ZrO2,OZr,48,train
ZrO2-001875,ZrO2,OZr,96,train
Li3PO4-016599,Li3PO4,LiOP,61,train
ZrO2-009700,ZrO2,OZr,48,train
Li3PO4-015388,Li3PO4,LiOP,61,train
Li3PO4-009685,Li3PO4,LiOP,31,train
Li3PO4-001196,Li3PO4,LiOP,32,train
Li3PO4-003530,Li3PO4,LiOP,32,train
ZrO2-004847,ZrO2,OZr,47,train
ZrO2-004476,ZrO2,OZr,47,train
Li3PO4-015120,Li3PO4,LiOP,61,train
Li3PO4-002209,Li3PO4,LiOP,32,train
Li3PO4-004075,Li3PO4,LiOP,32,train
Li3PO4-010093,Li3PO4,LiOP,31,train
Li3PO4-003255,Li3PO4,LiOP,32,train
ZrO2-006372,ZrO2,OZr,95,train
Li3PO4-004404,Li3PO4,LiOP,32,train
Li3PO4-014556,Li3PO4,LiOP,61,train
Li3PO4-004628,Li3PO4,LiOP,32,train
Li3PO4-006455,Li3PO4,LiOP,32,train
ZrO2-005230,ZrO2,OZr,47,train
ZrO2-003894,ZrO2,OZr,47,train
ZrO2-001007,ZrO2,OZr,96,train
Li3PO4-014288,Li3PO4,LiOP,61,train
Li3PO4-009562,Li3PO4,LiOP,31,train
ZrO2-000366,ZrO2,OZr,96,train
Li3PO4-008740,Li3PO4,LiOP,31,train
Li3PO4-000681,Li3PO4,LiOP,32,train
Li3PO4-012329,Li3PO4,LiOP,31,train
ZrO2-005248,ZrO2,OZr,47,train
Li3PO4-004625,Li3PO4,LiOP,32,train
Li3PO4-005503,Li3PO4,LiOP,32,train
Li3PO4-005575,Li3PO4,LiOP,32,train
ZrO2-000368,ZrO2,OZr,96,train
Li3PO4-002806,Li3PO4,LiOP,32,train
Li3PO4-001715,Li3PO4,LiOP,32,train
Li3PO4-003339,Li3PO4,LiOP,32,train
Li3PO4-011742,Li3PO4,LiOP,31,train
ZrO2-007413,ZrO2,OZr,95,train
perovskite-001082,perovskite,BaCaOPbTiZr,20,train
ZrO2-003150,ZrO2,OZr,95,train
Li3PO4-017255,Li3PO4,LiOP,61,train
ZrO2-001997,ZrO2,OZr,95,train
ZrO2-006628,ZrO2,OZr,95,train
Li3PO4-009975,Li3PO4,LiOP,31,train
ZrO2-001079,ZrO2,OZr,96,train
Li3PO4-007248,Li3PO4,LiOP,32,train
ZrO2-002322,ZrO2,OZr,95,train
Li3PO4-008833,Li3PO4,LiOP,31,train
ZrO2-009372,ZrO2,OZr,48,train
Li3PO4-008447,Li3PO4,LiOP,31,train
ZrO2-005643,ZrO2,OZr,95,train
ZrO2-005288,ZrO2,OZr,47,train
Li3PO4-001460,Li3PO4,LiOP,32,train
ZrO2-004970,ZrO2,OZr,47,train
Li3PO4-015620,Li3PO4,LiOP,61,train
Li3PO4-005518,Li3PO4,LiOP,32,train
ZrO2-001489,ZrO2,OZr,96,train
ZrO2-004932,ZrO2,OZr,47,train
Li3PO4-001514,Li3PO4,LiOP,32,train
ZrO2-005123,ZrO2,OZr,47,train
Li3PO4-009149,Li3PO4,LiOP,31,train
ZrO2-009919,ZrO2,OZr,48,train
Li3PO4-003194,Li3PO4,LiOP,32,train
Li3PO4-014591,Li3PO4,LiOP,61,train
ZrO2-005794,ZrO2,OZr,95,train
ZrO2-000680,ZrO2,OZr,96,train
ZrO2-004501,ZrO2,OZr,47,train
ZrO2-007036,ZrO2,OZr,95,train
Li3PO4-010614,Li3PO4,LiOP,31,train
Li3PO4-013279,Li3PO4,LiOP,61,train
Li3PO4-009666,Li3PO4,LiOP,31,train
perovskite-000434,perovskite,CaHfOPbSrZr,20,train
Li3PO4-007900,Li3PO4,LiOP,32,train
Li3PO4-003970,Li3PO4,LiOP,32,train
ZrO2-003632,ZrO2,OZr,47,train
Li3PO4-015173,Li3PO4,LiOP,61,train
Li3PO4-017382,Li3PO4,LiOP,61,train
ZrO2-007762,ZrO2,OZr,95,train
ZrO2-001610,ZrO2,OZr,96,train
ZrO2-000979,ZrO2,OZr,96,train
ZrO2-002221,ZrO2,OZr,95,train
Li3PO4-005055,Li3PO4,LiOP,32,train
Li3PO4-002330,Li3PO4,LiOP,32,train
Li3PO4-016073,Li3PO4,LiOP,61,train
ZrO2-005738,ZrO2,OZr,95,train
ZrO2-007477,ZrO2,OZr,95,train
ZrO2-006282,ZrO2,OZr,95,train
ZrO2-003056,ZrO2,OZr,95,train
ZrO2-002543,ZrO2,OZr,95,train
Li3PO4-014857,Li3PO4,LiOP,61,train
Li3PO4-013634,Li3PO4,LiOP,61,train
Li3PO4-017603,Li3PO4,LiOP,61,train
ZrO2-007529,ZrO2,OZr,95,train
Li3PO4-003939,Li3PO4,LiOP,32,train
Li3PO4-004873,Li3PO4,LiOP,32,train
Li3PO4-004979,Li3PO4,LiOP,32,train
ZrO2-009879,ZrO2,OZr,48,train
Li3PO4-006924,Li3PO4,LiOP,32,train
perovskite-000743,perovskite,CaHfOPbTiZr,20,train
ZrO2-008102,ZrO2,OZr,95,train
Li3PO4-012377,Li3PO4,LiOP,31,train
ZrO2-004154,ZrO2,OZr,47,train
Li3PO4-007093,Li3PO4,LiOP,32,train
ZrO2-009183,ZrO2,OZr,48,train
ZrO2-002014,ZrO2,OZr,95,train
ZrO2-006016,ZrO2,OZr,95,train
Li3PO4-002853,Li3PO4,LiOP,32,train
Li3PO4-008850,Li3PO4,LiOP,31,train
perovskite-000932,perovskite,CaOPbSrTiZr,20,train
Li3PO4-002957,Li3PO4,LiOP,32,train
ZrO2-007158,ZrO2,OZr,95,train
ZrO2-009664,ZrO2,OZr,48,train
Li3PO4-009471,Li3PO4,LiOP,31,train
Li3PO4-016525,Li3PO4,LiOP,61,train
Li3PO4-005807,Li3PO4,LiOP,32,train
ZrO2-002260,ZrO2,OZr,95,train
Li3PO4-012079,Li3PO4,LiOP,31,train
Li3PO4-007180,Li3PO4,LiOP,32,train
ZrO2-008485,ZrO2,OZr,48,train
Li3PO4-004267,Li3PO4,LiOP,32,train
Li3PO4-006327,Li3PO4,LiOP,32,train
Li3PO4-009928,Li3PO4,LiOP,31,train
ZrO2-000144,ZrO2,OZr,96,train
ZrO2-006366,ZrO2,OZr,95,train
ZrO2-002980,ZrO2,OZr,95,train
Li3PO4-000883,Li3PO4,LiOP,32,train
Li3PO4-016437,Li3PO4,LiOP,61,train
ZrO2-000323,ZrO2,OZr,96,train
Li3PO4-006840,Li3PO4,LiOP,32,train
Li3PO4-009399,Li3PO4,LiOP,31,train
Li3PO4-007250,Li3PO4,LiOP,32,train
Li3PO4-000873,Li3PO4,LiOP,32,train
ZrO2-009488,ZrO2,OZr,48,train
Li3PO4-004179,Li3PO4,LiOP,32,train
Li3PO4-008312,Li3PO4,LiOP,31,train
ZrO2-008786,ZrO2,OZr,48,train
Li3PO4-017042,Li3PO4,LiOP,61,train
Li3PO4-006538,Li3PO4,LiOP,32,train
ZrO2-006255,ZrO2,OZr,95,train
ZrO2-007321,ZrO2,OZr,95,train
ZrO2-000061,ZrO2,OZr,96,train
Li3PO4-012287,Li3PO4,LiOP,31,train
ZrO2-008050,ZrO2,OZr,95,train
ZrO2-008221,ZrO2,OZr,48,train
ZrO2-007601,ZrO2,OZr,95,train
ZrO2-000711,ZrO2,OZr,96,train
Li3PO4-008332,Li3PO4,LiOP,31,train
ZrO2-003675,ZrO2,OZr,47,train
Li3PO4-010646,Li3PO4,LiOP,31,train
Li3PO4-016203,Li3PO4,LiOP,61,train
ZrO2-009438,ZrO2,OZr,48,train
Li3PO4-002427,Li3PO4,LiOP,32,train
ZrO2-002767,ZrO2,OZr,95,train
ZrO2-002223,ZrO2,OZr,95,train
Li3PO4-002894,Li3PO4,LiOP,32,train
Li3PO4-009412,Li3PO4,LiOP,31,train
perovskite-001185,perovskite,CaHfOSrTi,20,train
Li3PO4-004439,Li3PO4,LiOP,32,train
ZrO2-007746,ZrO2,OZr,95,train
ZrO2-001797,ZrO2,OZr,96,train
ZrO2-008144,ZrO2,OZr,48,train
Li3PO4-011881,Li3PO4,LiOP,31,train
Li3PO4-002669,Li3PO4,LiOP,32,train
Li3PO4-007970,Li3PO4,LiOP,32,train
ZrO2-008731,ZrO2,OZr,48,train
ZrO2-004987,ZrO2,OZr,47,train
Li3PO4-007045,Li3PO4,LiOP,32,train
Li3PO4-009286,Li3PO4,LiOP,31,train
Li3PO4-012512,Li3PO4,LiOP,31,train
ZrO2-003371,ZrO2,OZr,95,train
Li3PO4-002022,Li3PO4,LiOP,32,train
Li3PO4-013779,Li3PO4,LiOP,61,train
Li3PO4-000757,Li3PO4,LiOP,32,train
Li3PO4-002334,Li3PO4,LiOP,32,train
Li3PO4-002186,Li3PO4,LiOP,32,train
Li3PO4-013863,Li3PO4,LiOP,61,train
Li3PO4-017423,Li3PO4,LiOP,61,train
Li3PO4-010203,Li3PO4,LiOP,31,train
Li3PO4-000867,Li3PO4,LiOP,32,train
Li3PO4-014085,Li3PO4,LiOP,61,train
ZrO2-009106,ZrO2,OZr,48,train
ZrO2-007899,ZrO2,OZr,95,train
Li3PO4-013850,Li3PO4,LiOP,61,train
ZrO2-003918,ZrO2,OZr,47,train
Li3PO4-011013,Li3PO4,LiOP,31,train
ZrO2-003769,ZrO2,OZr,47,train
Li3PO4-002020,Li3PO4,LiOP,32,train
ZrO2-002587,ZrO2,OZr,95,train
Li3PO4-003288,Li3PO4,LiOP,32,train
Li3PO4-001796,Li3PO4,LiOP,32,train
ZrO2-001067,ZrO2,OZr,96,train
perovskite-001216,perovskite,CaHfOSrZr,20,train
Li3PO4-005556,Li3PO4,LiOP,32,train
Li3PO4-011784,Li3PO4,LiOP,31,train
ZrO2-002379,ZrO2,OZr,95,train
Li3PO4-001959,Li3PO4,LiOP,32,train
Li3PO4-012522,Li3PO4,LiOP,31,train
Li3PO4-015856,Li3PO4,LiOP,61,train
Li3PO4-012641,Li3PO4,LiOP,31,train
ZrO2-009481,ZrO2,OZr,48,train
Li3PO4-012398,Li3PO4,LiOP,31,train
Li3PO4-008487,Li3PO4,LiOP,31,train
ZrO2-000435,ZrO2,OZr,96,train
ZrO2-009038,ZrO2,OZr,48,train
Li3PO4-008714,Li3PO4,LiOP,31,train
Li3PO4-007569,Li3PO4,LiOP,32,train
perovskite-000842,perovskite,BaCaHfOPbZr,20,train
ZrO2-001753,ZrO2,OZr,96,train
ZrO2-006184,ZrO2,OZr,95,train
Li3PO4-000891,Li3PO4,LiOP,32,train
Li3PO4-000947,Li3PO4,LiOP,32,train
Li3PO4-005224,Li3PO4,LiOP,32,train
ZrO2-000867,ZrO2,OZr,96,train
Li3PO4-006320,Li3PO4,LiOP,32,train
Li3PO4-005610,Li3PO4,LiOP,32,train
Li3PO4-007325,Li3PO4,LiOP,32,train
ZrO2-005143,ZrO2,OZr,47,train
ZrO2-001839,ZrO2,OZr,96,train
Li3PO4-012013,Li3PO4,LiOP,31,train
ZrO2-007967,ZrO2,OZr,95,train
perovskite-000791,perovskite,CaHfOPbSrTiZr,20,train
ZrO2-009776,ZrO2,OZr,48,train
Li3PO4-001129,Li3PO4,LiOP,32,train
Li3PO4-017940,Li3PO4,LiOP,61,train
ZrO2-001409,ZrO2,OZr,96,train
ZrO2-002073,ZrO2,OZr,95,train
ZrO2-005931,ZrO2,OZr,95,train
Li3PO4-013368,Li3PO4,LiOP,61,train
Li3PO4-009466,Li3PO4,LiOP,31,train
Li3PO4-012596,Li3PO4,LiOP,31,train
ZrO2-004297,ZrO2,OZr,47,train
ZrO2-004780,ZrO2,OZr,47,train
Li3PO4-003719,Li3PO4,LiOP,32,train
ZrO2-002876,ZrO2,OZr,95,train
ZrO2-006702,ZrO2,OZr,95,train
Li3PO4-009153,Li3PO4,LiOP,31,train
Li3PO4-014058,Li3PO4,LiOP,61,train
ZrO2-009868,ZrO2,OZr,48,train
Li3PO4-010719,Li3PO4,LiOP,31,train
Li3PO4-009716,Li3PO4,LiOP,31,train
perovskite-000014,perovskite,CaOPbZr,20,train
Li3PO4-006712,Li3PO4,LiOP,32,train
ZrO2-003554,ZrO2,OZr,95,train
ZrO2-001568,ZrO2,OZr,96,train
Li3PO4-014142,Li3PO4,LiOP,61,train
ZrO2-009895,ZrO2,OZr,48,train
Li3PO4-007998,Li3PO4,LiOP,32,train
Li3PO4-004368,Li3PO4,LiOP,32,train
ZrO2-004698,ZrO2,OZr,47,train
Li3PO4-011171,Li3PO4,LiOP,31,train
Li3PO4-007875,Li3PO4,LiOP,32,train
Li3PO4-008668,Li3PO4,LiOP,31,train
ZrO2-008657,ZrO2,OZr,48,train
ZrO2-006843,ZrO2,OZr,95,train
Li3PO4-003704,Li3PO4,LiOP,32,train
Li3PO4-013806,Li3PO4,LiOP,61,train
Li3PO4-015618,Li3PO4,LiOP,61,train
perovskite-000098,perovskite,BaCaOPbTi,20,train
ZrO2-001382,ZrO2,OZr,96,train
ZrO2-009826,ZrO2,OZr,48,train
Li3PO4-006600,Li3PO4,LiOP,32,train
Li3PO4-014335,Li3PO4,LiOP,61,train
Li3PO4-010692,Li3PO4,LiOP,31,train
ZrO2-005814,ZrO2,OZr,95,train
Li3PO4-013233,Li3PO4,LiOP,61,train
perovskite-000005,perovskite,CaOPbSrZr,20,train
Li3PO4-004034,Li3PO4,LiOP,32,train
Li3PO4-016683,Li3PO4,LiOP,61,train
ZrO2-003788,ZrO2,OZr,47,train
Li3PO4-009913,Li3PO4,LiOP,31,train
Li3PO4-007716,Li3PO4,LiOP,32,train
ZrO2-004189,ZrO2,OZr,47,train
ZrO2-007579,ZrO2,OZr,95,train
perovskite-000461,perovskite,BaCaHfOPbTiZr,20,train
Li3PO4-006417,Li3PO4,LiOP,32,train
perovskite-000440,perovskite,BaCaOPbTiZr,20,train
Li3PO4-005463,Li3PO4,LiOP,32,train
Li3PO4-010759,Li3PO4,LiOP,31,train
Li3PO4-012663,Li3PO4,LiOP,31,train
Li3PO4-008586,Li3PO4,LiOP,31,train
Li3PO4-017017,Li3PO4,LiOP,61,train
Li3PO4-000227,Li3PO4,LiOP,32,train
Li3PO4-004064,Li3PO4,LiOP,32,train
ZrO2-000714,ZrO2,OZr,96,train
ZrO2-002991,ZrO2,OZr,95,train
ZrO2-007893,ZrO2,OZr,95,train
Li3PO4-010067,Li3PO4,LiOP,31,train
ZrO2-003646,ZrO2,OZr,47,train
Li3PO4-012027,Li3PO4,LiOP,31,train
Li3PO4-016667,Li3PO4,LiOP,61,train
Li3PO4-000742,Li3PO4,LiOP,32,train
ZrO2-006751,ZrO2,OZr,95,train
Li3PO4-012894,Li3PO4,LiOP,31,train
Li3PO4-009194,Li3PO4,LiOP,31,train
Li3PO4-014428,Li3PO4,LiOP,61,train
ZrO2-009852,ZrO2,OZr,48,train
Li3PO4-007233,Li3PO4,LiOP,32,train
ZrO2-006480,ZrO2,OZr,95,train
Li3PO4-017201,Li3PO4,LiOP,61,train
Li3PO4-009106,Li3PO4,LiOP,31,train
Li3PO4-005507,Li3PO4,LiOP,32,train
ZrO2-003845,ZrO2,OZr,47,train
Li3PO4-002363,Li3PO4,LiOP,32,train
Li3PO4-013588,Li3PO4,LiOP,61,train
ZrO2-005998,ZrO2,OZr,95,train
ZrO2-008184,ZrO2,OZr,48,train
Li3PO4-014263,Li3PO4,LiOP,61,train
perovskite-000879,perovskite,CaHfOPbSrZr,20,train
Li3PO4-009818,Li3PO4,LiOP,31,train
Li3PO4-007499,Li3PO4,LiOP,32,train
Li3PO4-001230,Li3PO4,LiOP,32,train
Li3PO4-012193,Li3PO4,LiOP,31,train
ZrO2-004241,ZrO2,OZr,47,train
ZrO2-006287,ZrO2,OZr,95,train
Li3PO4-003623,Li3PO4,LiOP,32,train
Li3PO4-001570,Li3PO4,LiOP,32,train
ZrO2-006440,ZrO2,OZr,95,train
Li3PO4-001792,Li3PO4,LiOP,32,train
Li3PO4-004295,Li3PO4,LiOP,32,train
perovskite-000568,perovskite,BaCaHfOZr,20,train
Li3PO4-013320,Li3PO4,LiOP,61,train
Li3PO4-009365,Li3PO4,LiOP,31,train
Li3PO4-009058,Li3PO4,LiOP,31,train
ZrO2-005233,ZrO2,OZr,47,train
Li3PO4-015853,Li3PO4,LiOP,61,train
ZrO2-008277,ZrO2,OZr,48,train
Li3PO4-007753,Li3PO4,LiOP,32,train
ZrO2-009611,ZrO2,OZr,48,train
Li3PO4-016325,Li3PO4,LiOP,61,train
Li3PO4-002118,Li3PO4,LiOP,32,train
ZrO2-005957,ZrO2,OZr,95,train
Li3PO4-009112,Li3PO4,LiOP,31,train
Li3PO4-015121,Li3PO4,LiOP,61,train
ZrO2-006822,ZrO2,OZr,95,train
Li3PO4-001580,Li3PO4,LiOP,32,train
ZrO2-007078,ZrO2,OZr,95,train
Li3PO4-013125,Li3PO4,LiOP,61,train
Li3PO4-011543,Li3PO4,LiOP,31,train
ZrO2-001109,ZrO2,OZr,96,train
Li3PO4-017503,Li3PO4,LiOP,61,train
Li3PO4-017169,Li3PO4,LiOP,61,train
ZrO2-007857,ZrO2,OZr,95,train
Li3PO4-016573,Li3PO4,LiOP,61,train
ZrO2-001301,ZrO2,OZr,96,train
ZrO2-008652,ZrO2,OZr,48,train
Li3PO4-010136,Li3PO4,LiOP,31,train
Li3PO4-007605,Li3PO4,LiOP,32,train
Li3PO4-002361,Li3PO4,LiOP,32,train
Li3PO4-002400,Li3PO4,LiOP,32,train
Li3PO4-015448,Li3PO4,LiOP,61,train
ZrO2-005265,ZrO2,OZr,47,train
Li3PO4-010758,Li3PO4,LiOP,31,train
ZrO2-003230,ZrO2,OZr,95,train
Li3PO4-017887,Li3PO4,LiOP,61,train
Li3PO4-017105,Li3PO4,LiOP,61,train
Li3PO4-009874,Li3PO4,LiOP,31,train
Li3PO4-012168,Li3PO4,LiOP,31,train
Li3PO4-015379,Li3PO4,LiOP,61,train
ZrO2-005509,ZrO2,OZr,47,train
ZrO2-007429,ZrO2,OZr,95,train
Li3PO4-008356,Li3PO4,LiOP,31,train
ZrO2-002668,ZrO2,OZr,95,train
ZrO2-001389,ZrO2,OZr,96,train
Li3PO4-006753,Li3PO4,LiOP,32,train
ZrO2-008014,ZrO2,OZr,95,train
ZrO2-004952,ZrO2,OZr,47,train
Li3PO4-000191,Li3PO4,LiOP,32,train
Li3PO4-006609,Li3PO4,LiOP,32,train
Li3PO4-015344,Li3PO4,LiOP,61,train
Li3PO4-014502,Li3PO4,LiOP,61,train
ZrO2-008729,ZrO2,OZr,48,train
ZrO2-005711,ZrO2,OZr,95,train
Li3PO4-000811,Li3PO4,LiOP,32,train
ZrO2-000351,ZrO2,OZr,96,train
Li3PO4-003844,Li3PO4,LiOP,32,train
ZrO2-006764,ZrO2,OZr,95,train
Li3PO4-006988,Li3PO4,LiOP,32,train
ZrO2-000359,ZrO2,OZr,96,train
Li3PO4-009866,Li3PO4,LiOP,31,train
ZrO2-000296,ZrO2,OZr,96,train
Li3PO4-017646,Li3PO4,LiOP,61,train
ZrO2-000393,ZrO2,OZr,96,train
Li3PO4-002892,Li3PO4,LiOP,32,train
Li3PO4-010515,Li3PO4,LiOP,31,train
Li3PO4-000794,Li3PO4,LiOP,32,train
ZrO2-009540,ZrO2,OZr,48,train
Li3PO4-017048,Li3PO4,LiOP,61,train
Li3PO4-007572,Li3PO4,LiOP,32,train
ZrO2-008298,ZrO2,OZr,48,train
Li3PO4-003346,Li3PO4,LiOP,32,train
Li3PO4-002281,Li3PO4,LiOP,32,train
Li3PO4-001277,Li3PO4,LiOP,32,train
Li3PO4-003790,Li3PO4,LiOP,32,train
Li3PO4-000698,Li3PO4,LiOP,32,train
ZrO2-006397,ZrO2,OZr,95,train
Li3PO4-008140,Li3PO4,LiOP,31,train
ZrO2-003834,ZrO2,OZr,47,train
Li3PO4-017702,Li3PO4,LiOP,61,train
Li3PO4-015021,Li3PO4,LiOP,61,train
Li3PO4-014938,Li3PO4,LiOP,61,train
Li3PO4-008831,Li3PO4,LiOP,31,train
ZrO2-001094,ZrO2,OZr,96,train
Li3PO4-008910,Li3PO4,LiOP,31,train
ZrO2-008605,ZrO2,OZr,48,train
perovskite-000405,perovskite,CaHfOPbSrTi,20,train
perovskite-000219,perovskite,BaHfOSr,20,train
ZrO2-002899,ZrO2,OZr,95,train
Li3PO4-013062,Li3PO4,LiOP,61,train
Li3PO4-004757,Li3PO4,LiOP,32,train
Li3PO4-012882,Li3PO4,LiOP,31,train
Li3PO4-013319,Li3PO4,LiOP,61,train
ZrO2-007532,ZrO2,OZr,95,train
Li3PO4-010697,Li3PO4,LiOP,31,train
ZrO2-000813,ZrO2,OZr,96,train
ZrO2-006723,ZrO2,OZr,95,train
perovskite-001022,perovskite,BaCaHfOPbTiZr,20,train
Li3PO4-012427,Li3PO4,LiOP,31,train
ZrO2-006210,ZrO2,OZr,95,train
ZrO2-009661,ZrO2,OZr,48,train
Li3PO4-005776,Li3PO4,LiOP,32,train
perovskite-000266,perovskite,CaHfOPbTiZr,20,train
Li3PO4-014033,Li3PO4,LiOP,61,train
Li3PO4-010660,Li3PO4,LiOP,31,train
Li3PO4-001678,Li3PO4,LiOP,32,train
ZrO2-007637,ZrO2,OZr,95,train
ZrO2-002603,ZrO2,OZr,95,train
Li3PO4-013711,Li3PO4,LiOP,61,train
ZrO2-009789,ZrO2,OZr,48,train
Li3PO4-013980,Li3PO4,LiOP,61,train
ZrO2-000127,ZrO2,OZr,96,train
Li3PO4-017277,Li3PO4,LiOP,61,train
Li3PO4-002913,Li3PO4,LiOP,32,train
Li3PO4-007816,Li3PO4,LiOP,32,train
Li3PO4-010349,Li3PO4,LiOP,31,train
ZrO2-009710,ZrO2,OZr,48,train
ZrO2-006790,ZrO2,OZr,95,train
ZrO2-003441,ZrO2,OZr,95,train
Li3PO4-004861,Li3PO4,LiOP,32,train
ZrO2-000039,ZrO2,OZr,96,train
Li3PO4-010973,Li3PO4,LiOP,31,train
Li3PO4-014136,Li3PO4,LiOP,61,train
ZrO2-002360,ZrO2,OZr,95,train
ZrO2-004300,ZrO2,OZr,47,train
ZrO2-006689,ZrO2,OZr,95,train
ZrO2-006248,ZrO2,OZr,95,train
ZrO2-003499,ZrO2,OZr,95,train
Li3PO4-004975,Li3PO4,LiOP,32,train
Li3PO4-010987,Li3PO4,LiOP,31,train
Li3PO4-012065,Li3PO4,LiOP,31,train
ZrO2-003538,ZrO2,OZr,95,train
ZrO2-003744,ZrO2,OZr,47,train
Li3PO4-017612,Li3PO4,LiOP,61,train
Li3PO4-013346,Li3PO4,LiOP,61,train
ZrO2-008956,ZrO2,OZr,48,train
Li3PO4-001811,Li3PO4,LiOP,32,train
Li3PO4-000746,Li3PO4,LiOP,32,train
Li3PO4-015504,Li3PO4,LiOP,61,train
Li3PO4-008339,Li3PO4,LiOP,31,train
ZrO2-009621,ZrO2,OZr,48,train
ZrO2-002293,ZrO2,OZr,95,train
perovskite-000395,perovskite,CaHfOPbZr,20,train
ZrO2-002609,ZrO2,OZr,95,train
Li3PO4-013133,Li3PO4,LiOP,61,train
Li3PO4-007614,Li3PO4,LiOP,32,train
ZrO2-003484,ZrO2,OZr,95,train
Li3PO4-009795,Li3PO4,LiOP,31,train
ZrO2-002083,ZrO2,OZr,95,train
Li3PO4-013245,Li3PO4,LiOP,61,train
ZrO2-005067,ZrO2,OZr,47,train
Li3PO4-011390,Li3PO4,LiOP,31,train
ZrO2-004216,ZrO2,OZr,47,train
ZrO2-008036,ZrO2,OZr,95,train
Li3PO4-003641,Li3PO4,LiOP,32,train
Li3PO4-000976,Li3PO4,LiOP,32,train
ZrO2-009854,ZrO2,OZr,48,train
Li3PO4-006381,Li3PO4,LiOP,32,train
Li3PO4-005238,Li3PO4,LiOP,32,train
Li3PO4-014339,Li3PO4,LiOP,61,train
ZrO2-007726,ZrO2,OZr,95,train
Li3PO4-010401,Li3PO4,LiOP,31,train
Li3PO4-010528,Li3PO4,LiOP,31,train
Li3PO4-012790,Li3PO4,LiOP,31,train
Li3PO4-000248,Li3PO4,LiOP,32,train
Li3PO4-016428,Li3PO4,LiOP,61,train
Li3PO4-012094,Li3PO4,LiOP,31,train
Li3PO4-000457,Li3PO4,LiOP,32,train
Li3PO4-005620,Li3PO4,LiOP,32,train
Li3PO4-004928,Li3PO4,LiOP,32,train
Li3PO4-009220,Li3PO4,LiOP,31,train
ZrO2-009260,ZrO2,OZr,48,train
Li3PO4-010435,Li3PO4,LiOP,31,train
ZrO2-003864,ZrO2,OZr,47,train
Li3PO4-008025,Li3PO4,LiOP,31,train
Li3PO4-008923,Li3PO4,LiOP,31,train
Li3PO4-000770,Li3PO4,LiOP,32,train
perovskite-000895,perovskite,CaHfOPbSrTi,20,train
Li3PO4-009051,Li3PO4,LiOP,31,train
Li3PO4-006114,Li3PO4,LiOP,32,train
Li3PO4-000869,Li3PO4,LiOP,32,train
ZrO2-000001,ZrO2,OZr,96,train
Li3PO4-016149,Li3PO4,LiOP,61,train
ZrO2-005184,ZrO2,OZr,47,train
Li3PO4-004096,Li3PO4,LiOP,32,train
Li3PO4-000857,Li3PO4,LiOP,32,train
Li3PO4-006967,Li3PO4,LiOP,32,train
ZrO2-003530,ZrO2,OZr,95,train
Li3PO4-000484,Li3PO4,LiOP,32,train
Li3PO4-004353,Li3PO4,LiOP,32,train
ZrO2-005731,ZrO2,OZr,95,train
ZrO2-004886,ZrO2,OZr,47,train
Li3PO4-012720,Li3PO4,LiOP,31,train
ZrO2-005537,ZrO2,OZr,47,train
ZrO2-007395,ZrO2,OZr,95,train
Li3PO4-004681,Li3PO4,LiOP,32,train
Li3PO4-004727,Li3PO4,LiOP,32,train
Li3PO4-002265,Li3PO4,LiOP,32,train
Li3PO4-003073,Li3PO4,LiOP,32,train
Li3PO4-003640,Li3PO4,LiOP,32,train
Li3PO4-012185,Li3PO4,LiOP,31,train
ZrO2-003636,ZrO2,OZr,47,train
ZrO2-009443,ZrO2,OZr,48,train
Li3PO4-008579,Li3PO4,LiOP,31,train
Li3PO4-000838,Li3PO4,LiOP,32,train
Li3PO4-014344,Li3PO4,LiOP,61,train
ZrO2-005042,ZrO2,OZr,47,train
ZrO2-009190,ZrO2,OZr,48,train
Li3PO4-014132,Li3PO4,LiOP,61,train
perovskite-000292,perovskite,CaOSrTiZr,20,train
ZrO2-002572,ZrO2,OZr,95,train
ZrO2-009195,ZrO2,OZr,48,train
ZrO2-002680,ZrO2,OZr,95,train
Li3PO4-016855,Li3PO4,LiOP,61,train
Li3PO4-009089,Li3PO4,LiOP,31,train
ZrO2-008242,ZrO2,OZr,48,train
Li3PO4-001329,Li3PO4,LiOP,32,train
Li3PO4-003241,Li3PO4,LiOP,32,train
Li3PO4-005023,Li3PO4,LiOP,32,train
Li3PO4-016705,Li3PO4,LiOP,61,train
Li3PO4-005241,Li3PO4,LiOP,32,train
ZrO2-009791,ZrO2,OZr,48,train
Li3PO4-015324,Li3PO4,LiOP,61,train
Li3PO4-014547,Li3PO4,LiOP,61,train
Li3PO4-009673,Li3PO4,LiOP,31,train
Li3PO4-014399,Li3PO4,LiOP,61,train
Li3PO4-012541,Li3PO4,LiOP,31,train
ZrO2-006478,ZrO2,OZr,95,train
Li3PO4-012521,Li3PO4,LiOP,31,train
Li3PO4-004481,Li3PO4,LiOP,32,train
ZrO2-003412,ZrO2,OZr,95,train
Li3PO4-010611,Li3PO4,LiOP,31,train
Li3PO4-007987,Li3PO4,LiOP,32,train
ZrO2-001564,ZrO2,OZr,96,train
ZrO2-005044,ZrO2,OZr,47,train
Li3PO4-001766,Li3PO4,LiOP,32,train
perovskite-001180,perovskite,BaCaHfOPbTiZr,20,train
Li3PO4-006670,Li3PO4,LiOP,32,train
perovskite-000061,perovskite,BaOPbSrZr,20,train
Li3PO4-004304,Li3PO4,LiOP,32,train
Li3PO4-003230,Li3PO4,LiOP,32,train
Li3PO4-004762,Li3PO4,LiOP,32,train
Li3PO4-011679,Li3PO4,LiOP,31,train
ZrO2-004198,ZrO2,OZr,47,train
Li3PO4-000358,Li3PO4,LiOP,32,train
Li3PO4-003917,Li3PO4,LiOP,32,train
Li3PO4-007031,Li3PO4,LiOP,32,train
ZrO2-000235,ZrO2,OZr,96,train
Li3PO4-004255,Li3PO4,LiOP,32,train
Li3PO4-010737,Li3PO4,LiOP,31,train
ZrO2-004134,ZrO2,OZr,47,train
Li3PO4-017803,Li3PO4,LiOP,61,train
Li3PO4-013847,Li3PO4,LiOP,61,train
ZrO2-000962,ZrO2,OZr,96,train
Li3PO4-008963,Li3PO4,LiOP,31,train
ZrO2-006112,ZrO2,OZr,95,train
ZrO2-009771,ZrO2,OZr,48,train
perovskite-000452,perovskite,BaCaHfOPbTiZr,20,train
Li3PO4-006815,Li3PO4,LiOP,32,train
Li3PO4-016406,Li3PO4,LiOP,61,train
ZrO2-008554,ZrO2,OZr,48,train
ZrO2-000171,ZrO2,OZr,96,train
Li3PO4-003624,Li3PO4,LiOP,32,train
ZrO2-008802,ZrO2,OZr,48,train
Li3PO4-017398,Li3PO4,LiOP,61,train
ZrO2-002665,ZrO2,OZr,95,train
ZrO2-009642,ZrO2,OZr,48,train
Li3PO4-012818,Li3PO4,LiOP,31,train
perovskite-000596,perovskite,CaOPbTiZr,20,train
ZrO2-004396,ZrO2,OZr,47,train
Li3PO4-015796,Li3PO4,LiOP,61,train
Li3PO4-001716,Li3PO4,LiOP,32,train
Li3PO4-012540,Li3PO4,LiOP,31,train
Li3PO4-011593,Li3PO4,LiOP,31,train
ZrO2-009831,ZrO2,OZr,48,train
Li3PO4-014393,Li3PO4,LiOP,61,train
ZrO2-004415,ZrO2,OZr,47,train
ZrO2-003625,ZrO2,OZr,47,train
ZrO2-002075,ZrO2,OZr,95,train
perovskite-000064,perovskite,BaOPbSrZr,20,train
Li3PO4-005216,Li3PO4,LiOP,32,train
Li3PO4-012704,Li3PO4,LiOP,31,train
Li3PO4-002130,Li3PO4,LiOP,32,train
Li3PO4-010175,Li3PO4,LiOP,31,train
Li3PO4-002345,Li3PO4,LiOP,32,train
ZrO2-001808,ZrO2,OZr,96,train
Li3PO4-016934,Li3PO4,LiOP,61,train
Li3PO4-000768,Li3PO4,LiOP,32,train
Li3PO4-003044,Li3PO4,LiOP,32,train
ZrO2-000870,ZrO2,OZr,96,train
Li3PO4-016413,Li3PO4,LiOP,61,train
Li3PO4-015551,Li3PO4,LiOP,61,train
ZrO2-004958,ZrO2,OZr,47,train
Li3PO4-011029,Li3PO4,LiOP,31,train
Li3PO4-012040,Li3PO4,LiOP,31,train
ZrO2-002632,ZrO2,OZr,95,train
ZrO2-003235,ZrO2,OZr,95,train
ZrO2-005377,ZrO2,OZr,47,train
ZrO2-008999,ZrO2,OZr,48,train
Li3PO4-001587,Li3PO4,LiOP,32,train
ZrO2-004857,ZrO2,OZr,47,train
Li3PO4-006675,Li3PO4,LiOP,32,train
ZrO2-000605,ZrO2,OZr,96,train
Li3PO4-006921,Li3PO4,LiOP,32,train
Li3PO4-005007,Li3PO4,LiOP,32,train
Li3PO4-006441,Li3PO4,LiOP,32,train
Li3PO4-015900,Li3PO4,LiOP,61,train
Li3PO4-012939,Li3PO4,LiOP,31,train
Li3PO4-006695,Li3PO4,LiOP,32,train
Li3PO4-008609,Li3PO4,LiOP,31,train
Li3PO4-002931,Li3PO4,LiOP,32,train
ZrO2-004614,ZrO2,OZr,47,train
Li3PO4-007433,Li3PO4,LiOP,32,train
ZrO2-000260,ZrO2,OZr,96,train
ZrO2-004864,ZrO2,OZr,47,train
Li3PO4-003763,Li3PO4,LiOP,32,train
ZrO2-005687,ZrO2,OZr,95,train
Li3PO4-016293,Li3PO4,LiOP,61,train
Li3PO4-008305,Li3PO4,LiOP,31,train
Li3PO4-012022,Li3PO4,LiOP,31,train
Li3PO4-006409,Li3PO4,LiOP,32,train
ZrO2-002423,ZrO2,OZr,95,train
ZrO2-003705,ZrO2,OZr,47,train
Li3PO4-002369,Li3PO4,LiOP,32,train
Li3PO4-009083,Li3PO4,LiOP,31,train
Li3PO4-009659,Li3PO4,LiOP,31,train
ZrO2-006120,ZrO2,OZr,95,train
ZrO2-008886,ZrO2,OZr,48,train
ZrO2-002607,ZrO2,OZr,95,train
Li3PO4-009009,Li3PO4,LiOP,31,train
Li3PO4-008953,Li3PO4,LiOP,31,train
Li3PO4-005858,Li3PO4,LiOP,32,train
Li3PO4-013593,Li3PO4,LiOP,61,train
Li3PO4-008644,Li3PO4,LiOP,31,train
Li3PO4-013070,Li3PO4,LiOP,61,train
Li3PO4-000925,Li3PO4,LiOP,32,train
Li3PO4-015908,Li3PO4,LiOP,61,train
Li3PO4-009629,Li3PO4,LiOP,31,train
ZrO2-009216,ZrO2,OZr,48,train
ZrO2-008392,ZrO2,OZr,48,train
ZrO2-005466,ZrO2,OZr,47,train
ZrO2-005831,ZrO2,OZr,95,train
Li3PO4-005592,Li3PO4,LiOP,32,train
Li3PO4-017677,Li3PO4,LiOP,61,train
ZrO2-007436,ZrO2,OZr,95,train
perovskite-000027,perovskite,CaOPbSrZr,20,train
Li3PO4-003984,Li3PO4,LiOP,32,train
ZrO2-009743,ZrO2,OZr,48,train
ZrO2-002923,ZrO2,OZr,95,train
Li3PO4-010960,Li3PO4,LiOP,31,train
perovskite-000805,perovskite,CaHfOPbSrZr,20,train
Li3PO4-008558,Li3PO4,LiOP,31,train
Li3PO4-011363,Li3PO4,LiOP,31,train
Li3PO4-004765,Li3PO4,LiOP,32,train
Li3PO4-004613,Li3PO4,LiOP,32,train
Li3PO4-005275,Li3PO4,LiOP,32,train
Li3PO4-009910,Li3PO4,LiOP,31,train
Li3PO4-015726,Li3PO4,LiOP,61,train
ZrO2-008111,ZrO2,OZr,48,train
Li3PO4-014822,Li3PO4,LiOP,61,train
Li3PO4-008922,Li3PO4,LiOP,31,train
Li3PO4-015238,Li3PO4,LiOP,61,train
Li3PO4-002912,Li3PO4,LiOP,32,train
Li3PO4-005005,Li3PO4,LiOP,32,train
Li3PO4-012373,Li3PO4,LiOP,31,train
ZrO2-009876,ZrO2,OZr,48,train
Li3PO4-017981,Li3PO4,LiOP,61,train
Li3PO4-006162,Li3PO4,LiOP,32,train
Li3PO4-002693,Li3PO4,LiOP,32,train
Li3PO4-017074,Li3PO4,LiOP,61,train
Li3PO4-015752,Li3PO4,LiOP,61,train
Li3PO4-002829,Li3PO4,LiOP,32,train
perovskite-000985,perovskite,BaCaOPbSrTiZr,20,train
ZrO2-008510,ZrO2,OZr,48,train
Li3PO4-013674,Li3PO4,LiOP,61,train
Li3PO4-016298,Li3PO4,LiOP,61,train
ZrO2-005359,ZrO2,OZr,47,train
Li3PO4-003054,Li3PO4,LiOP,32,train
Li3PO4-013271,Li3PO4,LiOP,61,train
Li3PO4-001816,Li3PO4,LiOP,32,train
perovskite-000925,perovskite,CaHfOPbSrZr,20,train
Li3PO4-003449,Li3PO4,LiOP,32,train
Li3PO4-006976,Li3PO4,LiOP,32,train
perovskite-001003,perovskite,BaCaHfOPbSrZr,20,train
Li3PO4-011864,Li3PO4,LiOP,31,train
Li3PO4-014091,Li3PO4,LiOP,61,train
ZrO2-006811,ZrO2,OZr,95,train
Li3PO4-017852,Li3PO4,LiOP,61,train
ZrO2-008416,ZrO2,OZr,48,train
Li3PO4-007072,Li3PO4,LiOP,32,train
Li3PO4-012299,Li3PO4,LiOP,31,train
Li3PO4-011923,Li3PO4,LiOP,31,train
ZrO2-006526,ZrO2,OZr,95,train
Li3PO4-007236,Li3PO4,LiOP,32,train
Li3PO4-007629,Li3PO4,LiOP,32,train
Li3PO4-013168,Li3PO4,LiOP,61,train
ZrO2-004125,ZrO2,OZr,47,train
Li3PO4-013088,Li3PO4,LiOP,61,train
Li3PO4-006092,Li3PO4,LiOP,32,train
Li3PO4-008627,Li3PO4,LiOP,31,train
Li3PO4-012389,Li3PO4,LiOP,31,train
Li3PO4-015860,Li3PO4,LiOP,61,train
Li3PO4-013768,Li3PO4,LiOP,61,train
ZrO2-001574,ZrO2,OZr,96,train
ZrO2-002230,ZrO2,OZr,95,train
Li3PO4-015976,Li3PO4,LiOP,61,train
ZrO2-009839,ZrO2,OZr,48,train
Li3PO4-003815,Li3PO4,LiOP,32,train
Li3PO4-007872,Li3PO4,LiOP,32,train
Li3PO4-016666,Li3PO4,LiOP,61,train
ZrO2-009529,ZrO2,OZr,48,train
Li3PO4-004510,Li3PO4,LiOP,32,train
ZrO2-004371,ZrO2,OZr,47,train
ZrO2-008415,ZrO2,OZr,48,train
ZrO2-001100,ZrO2,OZr,96,train
ZrO2-009943,ZrO2,OZr,48,train
ZrO2-007421,ZrO2,OZr,95,train
Li3PO4-006990,Li3PO4,LiOP,32,train
Li3PO4-010139,Li3PO4,LiOP,31,train
ZrO2-002088,ZrO2,OZr,95,train
Li3PO4-005099,Li3PO4,LiOP,32,train
ZrO2-004217,ZrO2,OZr,47,train
Li3PO4-013121,Li3PO4,LiOP,61,train
Li3PO4-004010,Li3PO4,LiOP,32,train
Li3PO4-017388,Li3PO4,LiOP,61,train
ZrO2-005958,ZrO2,OZr,95,train
Li3PO4-017313,Li3PO4,LiOP,61,train
ZrO2-004117,ZrO2,OZr,47,train
ZrO2-002506,ZrO2,OZr,95,train
Li3PO4-001901,Li3PO4,LiOP,32,train
ZrO2-008584,ZrO2,OZr,48,train
Li3PO4-014622,Li3PO4,LiOP,61,train
Li3PO4-013332,Li3PO4,LiOP,61,train
Li3PO4-010609,Li3PO4,LiOP,31,train
perovskite-000022,perovskite,BaCaOPbZr,20,train
Li3PO4-005533,Li3PO4,LiOP,32,train
Li3PO4-004683,Li3PO4,LiOP,32,train
ZrO2-002189,ZrO2,OZr,95,train
ZrO2-007661,ZrO2,OZr,95,train
Li3PO4-007687,Li3PO4,LiOP,32,train
Li3PO4-000249,Li3PO4,LiOP,32,train
ZrO2-003278,ZrO2,OZr,95,train
ZrO2-002756,ZrO2,OZr,95,train
ZrO2-008319,ZrO2,OZr,48,train
ZrO2-009550,ZrO2,OZr,48,train
ZrO2-000939,ZrO2,OZr,96,train
Li3PO4-010339,Li3PO4,LiOP,31,train
ZrO2-001672,ZrO2,OZr,96,train
ZrO2-005403,ZrO2,OZr,47,train
Li3PO4-012629,Li3PO4,LiOP,31,train
Li3PO4-008124,Li3PO4,LiOP,31,train
ZrO2-009800,ZrO2,OZr,48,train
Li3PO4-007597,Li3PO4,LiOP,32,train
Li3PO4-013173,Li3PO4,LiOP,61,train
Li3PO4-016631,Li3PO4,LiOP,61,train
Li3PO4-003188,Li3PO4,LiOP,32,train
Li3PO4-010623,Li3PO4,LiOP,31,train
Li3PO4-008737,Li3PO4,LiOP,31,train
ZrO2-000768,ZrO2,OZr,96,train
Li3PO4-014631,Li3PO4,LiOP,61,train
ZrO2-001971,ZrO2,OZr,96,train
Li3PO4-011589,Li3PO4,LiOP,31,train
ZrO2-006891,ZrO2,OZr,95,train
Li3PO4-016800,Li3PO4,LiOP,61,train
ZrO2-004103,ZrO2,OZr,47,train
perovskite-000464,perovskite,BaCaOPbTiZr,20,train
Li3PO4-004950,Li3PO4,LiOP,32,train
Li3PO4-006803,Li3PO4,LiOP,32,train
Li3PO4-003284,Li3PO4,LiOP,32,train
ZrO2-003145,ZrO2,OZr,95,train
ZrO2-006024,ZrO2,OZr,95,train
ZrO2-009989,ZrO2,OZr,48,train
Li3PO4-001862,Li3PO4,LiOP,32,train
Li3PO4-000654,Li3PO4,LiOP,32,train
ZrO2-003013,ZrO2,OZr,95,train
Li3PO4-006502,Li3PO4,LiOP,32,train
Li3PO4-001231,Li3PO4,LiOP,32,train
ZrO2-008015,ZrO2,OZr,95,train
Li3PO4-014093,Li3PO4,LiOP,61,train
Li3PO4-004744,Li3PO4,LiOP,32,train
ZrO2-009424,ZrO2,OZr,48,train
Li3PO4-006599,Li3PO4,LiOP,32,train
ZrO2-004129,ZrO2,OZr,47,train
Li3PO4-001218,Li3PO4,LiOP,32,train
Li3PO4-017728,Li3PO4,LiOP,61,train
Li3PO4-017525,Li3PO4,LiOP,61,train
Li3PO4-014381,Li3PO4,LiOP,61,train
Li3PO4-003271,Li3PO4,LiOP,32,train
perovskite-000794,perovskite,CaHfOPbSrTiZr,20,train
Li3PO4-000610,Li3PO4,LiOP,32,train
Li3PO4-017096,Li3PO4,LiOP,61,train
ZrO2-005662,ZrO2,OZr,95,train
Li3PO4-007883,Li3PO4,LiOP,32,train
ZrO2-009770,ZrO2,OZr,48,train
ZrO2-000653,ZrO2,OZr,96,train
ZrO2-003003,ZrO2,OZr,95,train
Li3PO4-017932,Li3PO4,LiOP,61,train
ZrO2-005437,ZrO2,OZr,47,train
Li3PO4-005154,Li3PO4,LiOP,32,train
Li3PO4-007226,Li3PO4,LiOP,32,train
Li3PO4-014567,Li3PO4,LiOP,61,train
Li3PO4-009012,Li3PO4,LiOP,31,train
Li3PO4-012359,Li3PO4,LiOP,31,train
Li3PO4-005721,Li3PO4,LiOP,32,train
Li3PO4-016587,Li3PO4,LiOP,61,train
ZrO2-001818,ZrO2,OZr,96,train
Li3PO4-015641,Li3PO4,LiOP,61,train
perovskite-001043,perovskite,BaCaHfOPbTiZr,20,train
Li3PO4-003277,Li3PO4,LiOP,32,train
ZrO2-006411,ZrO2,OZr,95,train
Li3PO4-009000,Li3PO4,LiOP,31,train
Li3PO4-015179,Li3PO4,LiOP,61,train
ZrO2-008644,ZrO2,OZr,48,train
Li3PO4-015098,Li3PO4,LiOP,61,train
Li3PO4-009157,Li3PO4,LiOP,31,train
ZrO2-006162,ZrO2,OZr,95,train
Li3PO4-009619,Li3PO4,LiOP,31,train
Li3PO4-011257,Li3PO4,LiOP,31,train
ZrO2-000620,ZrO2,OZr,96,train
ZrO2-003054,ZrO2,OZr,95,train
ZrO2-002611,ZrO2,OZr,95,train
ZrO2-008848,ZrO2,OZr,48,train
ZrO2-002236,ZrO2,OZr,95,train
Li3PO4-005794,Li3PO4,LiOP,32,train
Li3PO4-004573,Li3PO4,LiOP,32,train
ZrO2-003801,ZrO2,OZr,47,train
Li3PO4-000246,Li3PO4,LiOP,32,train
Li3PO4-009753,Li3PO4,LiOP,31,train
Li3PO4-001598,Li3PO4,LiOP,32,train
Li3PO4-003629,Li3PO4,LiOP,32,train
ZrO2-008369,ZrO2,OZr,48,train
Li3PO4-000226,Li3PO4,LiOP,32,train
ZrO2-006107,ZrO2,OZr,95,train
ZrO2-004047,ZrO2,OZr,47,train
perovskite-000275,perovskite,CaHfOPbTiZr,20,train
Li3PO4-008502,Li3PO4,LiOP,31,train
Li3PO4-002807,Li3PO4,LiOP,32,train
ZrO2-001468,ZrO2,OZr,96,train
ZrO2-005098,ZrO2,OZr,47,train
ZrO2-005387,ZrO2,OZr,47,train
Li3PO4-008310,Li3PO4,LiOP,31,train
Li3PO4-002832,Li3PO4,LiOP,32,train
ZrO2-000432,ZrO2,OZr,96,train
ZrO2-001851,ZrO2,OZr,96,train
Li3PO4-014095,Li3PO4,LiOP,61,train
ZrO2-006675,ZrO2,OZr,95,train
Li3PO4-008984,Li3PO4,LiOP,31,train
Li3PO4-013123,Li3PO4,LiOP,61,train
Li3PO4-004875,Li3PO4,LiOP,32,train
Li3PO4-012768,Li3PO4,LiOP,31,train
Li3PO4-001262,Li3PO4,LiOP,32,train
Li3PO4-004940,Li3PO4,LiOP,32,train
ZrO2-007522,ZrO2,OZr,95,train
Li3PO4-015403,Li3PO4,LiOP,61,train
ZrO2-000662,ZrO2,OZr,96,train
ZrO2-007313,ZrO2,OZr,95,train
ZrO2-005605,ZrO2,OZr,95,train
Li3PO4-012024,Li3PO4,LiOP,31,train
ZrO2-008312,ZrO2,OZr,48,train
Li3PO4-010501,Li3PO4,LiOP,31,train
ZrO2-002952,ZrO2,OZr,95,train
ZrO2-001012,ZrO2,OZr,96,train
ZrO2-001629,ZrO2,OZr,96,train
Li3PO4-011900,Li3PO4,LiOP,31,train
ZrO2-006229,ZrO2,OZr,95,train
Li3PO4-002708,Li3PO4,LiOP,32,train
Li3PO4-009849,Li3PO4,LiOP,31,train
Li3PO4-017616,Li3PO4,LiOP,61,train
ZrO2-009122,ZrO2,OZr,48,train
Li3PO4-010558,Li3PO4,LiOP,31,train
Li3PO4-002204,Li3PO4,LiOP,32,train
Li3PO4-013439,Li3PO4,LiOP,61,train
Li3PO4-005834,Li3PO4,LiOP,32,train
Li3PO4-000557,Li3PO4,LiOP,32,train
ZrO2-008761,ZrO2,OZr,48,train
ZrO2-007799,ZrO2,OZr,95,train
Li3PO4-007713,Li3PO4,LiOP,32,train
Li3PO4-013174,Li3PO4,LiOP,61,train
ZrO2-009012,ZrO2,OZr,48,train
Li3PO4-010884,Li3PO4,LiOP,31,train
Li3PO4-006796,Li3PO4,LiOP,32,train
ZrO2-001229,ZrO2,OZr,96,train
Li3PO4-000959,Li3PO4,LiOP,32,train
ZrO2-003090,ZrO2,OZr,95,train
Li3PO4-008642,Li3PO4,LiOP,31,train
Li3PO4-016324,Li3PO4,LiOP,61,train
ZrO2-006852,ZrO2,OZr,95,train
ZrO2-007328,ZrO2,OZr,95,train
Li3PO4-001872,Li3PO4,LiOP,32,train
Li3PO4-009415,Li3PO4,LiOP,31,train
Li3PO4-010565,Li3PO4,LiOP,31,train
ZrO2-007257,ZrO2,OZr,95,train
Li3PO4-010526,Li3PO4,LiOP,31,train
Li3PO4-005966,Li3PO4,LiOP,32,train
ZrO2-002291,ZrO2,OZr,95,train
Li3PO4-014392,Li3PO4,LiOP,61,train
Li3PO4-007599,Li3PO4,LiOP,32,train
ZrO2-004543,ZrO2,OZr,47,train
Li3PO4-001947,Li3PO4,LiOP,32,train
Li3PO4-005555,Li3PO4,LiOP,32,train
ZrO2-007361,ZrO2,OZr,95,train
Li3PO4-017081,Li3PO4,LiOP,61,train
Li3PO4-002094,Li3PO4,LiOP,32,train
perovskite-000020,perovskite,BaCaOPbSrZr,20,train
Li3PO4-007815,Li3PO4,LiOP,32,train
Li3PO4-000998,Li3PO4,LiOP,32,train
ZrO2-007535,ZrO2,OZr,95,train
Li3PO4-003254,Li3PO4,LiOP,32,train
Li3PO4-015907,Li3PO4,LiOP,61,train
Li3PO4-005253,Li3PO4,LiOP,32,train
Li3PO4-007968,Li3PO4,LiOP,32,train
ZrO2-004162,ZrO2,OZr,47,train
Li3PO4-017846,Li3PO4,LiOP,61,train
Li3PO4-007342,Li3PO4,LiOP,32,train
Li3PO4-009435,Li3PO4,LiOP,31,train
Li3PO4-006551,Li3PO4,LiOP,32,train
Li3PO4-001425,Li3PO4,LiOP,32,train
Li3PO4-005107,Li3PO4,LiOP,32,train
Li3PO4-014943,Li3PO4,LiOP,61,train
Li3PO4-013063,Li3PO4,LiOP,61,train
Li3PO4-005951,Li3PO4,LiOP,32,train
Li3PO4-015099,Li3PO4,LiOP,61,train
ZrO2-006499,ZrO2,OZr,95,train
Li3PO4-000019,Li3PO4,LiOP,32,train
ZrO2-000648,ZrO2,OZr,96,train
perovskite-000613,perovskite,CaHfOPbZr,20,train
Li3PO4-007468,Li3PO4,LiOP,32,train
Li3PO4-002478,Li3PO4,LiOP,32,train
ZrO2-004054,ZrO2,OZr,47,train
Li3PO4-001555,Li3PO4,LiOP,32,train
Li3PO4-010028,Li3PO4,LiOP,31,train
Li3PO4-009477,Li3PO4,LiOP,31,train
ZrO2-003909,ZrO2,OZr,47,train
ZrO2-001831,ZrO2,OZr,96,train
ZrO2-010076,ZrO2,OZr,48,train
Li3PO4-004171,Li3PO4,LiOP,32,train
Li3PO4-003556,Li3PO4,LiOP,32,train
perovskite-000863,perovskite,CaHfOPbSrTiZr,20,train
Li3PO4-017561,Li3PO4,LiOP,61,train
Li3PO4-015636,Li3PO4,LiOP,61,train
perovskite-000871,perovskite,CaOPbSrTiZr,20,train
ZrO2-008180,ZrO2,OZr,48,train
ZrO2-000284,ZrO2,OZr,96,train
Li3PO4-012659,Li3PO4,LiOP,31,train
Li3PO4-001778,Li3PO4,LiOP,32,train
Li3PO4-010808,Li3PO4,LiOP,31,train
Li3PO4-014172,Li3PO4,LiOP,61,train
ZrO2-004933,ZrO2,OZr,47,train
ZrO2-004872,ZrO2,OZr,47,train
Li3PO4-011862,Li3PO4,LiOP,31,train
Li3PO4-014451,Li3PO4,LiOP,61,train
Li3PO4-015028,Li3PO4,LiOP,61,train
ZrO2-002900,ZrO2,OZr,95,train
Li3PO4-008634,Li3PO4,LiOP,31,train
Li3PO4-015144,Li3PO4,LiOP,61,train
ZrO2-006600,ZrO2,OZr,95,train
Li3PO4-011788,Li3PO4,LiOP,31,train
ZrO2-001242,ZrO2,OZr,96,train
ZrO2-002992,ZrO2,OZr,95,train
Li3PO4-009349,Li3PO4,LiOP,31,train
ZrO2-007653,ZrO2,OZr,95,train
ZrO2-005879,ZrO2,OZr,95,train
ZrO2-004151,ZrO2,OZr,47,train
Li3PO4-014913,Li3PO4,LiOP,61,train
ZrO2-004389,ZrO2,OZr,47,train
ZrO2-009702,ZrO2,OZr,48,train
Li3PO4-008106,Li3PO4,LiOP,31,train
ZrO2-007642,ZrO2,OZr,95,train
ZrO2-000487,ZrO2,OZr,96,train
ZrO2-006317,ZrO2,OZr,95,train
Li3PO4-007328,Li3PO4,LiOP,32,train
perovskite-000912,perovskite,CaHfOPbSrTi,20,train
Li3PO4-001895,Li3PO4,LiOP,32,train
ZrO2-003565,ZrO2,OZr,47,train
Li3PO4-007752,Li3PO4,LiOP,32,train
Li3PO4-016283,Li3PO4,LiOP,61,train
ZrO2-001675,ZrO2,OZr,96,train
Li3PO4-003800,Li3PO4,LiOP,32,train
ZrO2-002811,ZrO2,OZr,95,train
Li3PO4-005530,Li3PO4,LiOP,32,train
Li3PO4-011970,Li3PO4,LiOP,31,train
Li3PO4-001855,Li3PO4,LiOP,32,train
ZrO2-001622,ZrO2,OZr,96,train
Li3PO4-006404,Li3PO4,LiOP,32,train
ZrO2-003033,ZrO2,OZr,95,train
Li3PO4-004786,Li3PO4,LiOP,32,train
Li3PO4-006454,Li3PO4,LiOP,32,train
Li3PO4-014595,Li3PO4,LiOP,61,train
Li3PO4-011608,Li3PO4,LiOP,31,train
Li3PO4-006143,Li3PO4,LiOP,32,train
ZrO2-000030,ZrO2,OZr,96,train
Li3PO4-011098,Li3PO4,LiOP,31,train
Li3PO4-012984,Li3PO4,LiOP,31,train
Li3PO4-006354,Li3PO4,LiOP,32,train
Li3PO4-009970,Li3PO4,LiOP,31,train
Li3PO4-000650,Li3PO4,LiOP,32,train
ZrO2-000898,ZrO2,OZr,96,train
ZrO2-001449,ZrO2,OZr,96,train
Li3PO4-017704,Li3PO4,LiOP,61,train
Li3PO4-001902,Li3PO4,LiOP,32,train
Li3PO4-003325,Li3PO4,LiOP,32,train
Li3PO4-008308,Li3PO4,LiOP,31,train
ZrO2-004894,ZrO2,OZr,47,train
Li3PO4-013702,Li3PO4,LiOP,61,train
ZrO2-008484,ZrO2,OZr,48,train
Li3PO4-012702,Li3PO4,LiOP,31,train
ZrO2-002387,ZrO2,OZr,95,train
Li3PO4-007374,Li3PO4,LiOP,32,train
Li3PO4-004970,Li3PO4,LiOP,32,train
Li3PO4-008013,Li3PO4,LiOP,31,train
Li3PO4-013615,Li3PO4,LiOP,61,train
ZrO2-005842,ZrO2,OZr,95,train
Li3PO4-016914,Li3PO4,LiOP,61,train
perovskite-000337,perovskite,BaCaHfOTi,20,train
Li3PO4-010823,Li3PO4,LiOP,31,train
ZrO2-006666,ZrO2,OZr,95,train
ZrO2-000107,ZrO2,OZr,96,train
ZrO2-009312,ZrO2,OZr,48,train
ZrO2-002780,ZrO2,OZr,95,train
Li3PO4-012318,Li3PO4,LiOP,31,train
ZrO2-009460,ZrO2,OZr,48,train
Li3PO4-017897,Li3PO4,LiOP,61,train
Li3PO4-013296,Li3PO4,LiOP,61,train
Li3PO4-002571,Li3PO4,LiOP,32,train
ZrO2-007691,ZrO2,OZr,95,train
Li3PO4-017550,Li3PO4,LiOP,61,train
ZrO2-006547,ZrO2,OZr,95,train
ZrO2-005793,ZrO2,OZr,95,train
Li3PO4-001812,Li3PO4,LiOP,32,train
Li3PO4-016294,Li3PO4,LiOP,61,train
Li3PO4-016908,Li3PO4,LiOP,61,train
Li3PO4-007913,Li3PO4,LiOP,32,train
Li3PO4-009781,Li3PO4,LiOP,31,train
ZrO2-006037,ZrO2,OZr,95,train
Li3PO4-012146,Li3PO4,LiOP,31,train
ZrO2-007216,ZrO2,OZr,95,train
Li3PO4-015031,Li3PO4,LiOP,61,train
ZrO2-000617,ZrO2,OZr,96,train
perovskite-000033,perovskite,BaCaOSrZr,20,train
Li3PO4-016383,Li3PO4,LiOP,61,train
Li3PO4-011061,Li3PO4,LiOP,31,train
perovskite-001076,perovskite,BaCaHfOPbTiZr,20,train
ZrO2-007279,ZrO2,OZr,95,train
Li3PO4-001295,Li3PO4,LiOP,32,train
Li3PO4-002900,Li3PO4,LiOP,32,train
ZrO2-009284,ZrO2,OZr,48,train
Li3PO4-002100,Li3PO4,LiOP,32,train
ZrO2-004175,ZrO2,OZr,47,train
Li3PO4-002936,Li3PO4,LiOP,32,train
ZrO2-000660,ZrO2,OZr,96,train
Li3PO4-004876,Li3PO4,LiOP,32,train
Li3PO4-011891,Li3PO4,LiOP,31,train
Li3PO4-001517,Li3PO4,LiOP,32,train
ZrO2-007207,ZrO2,OZr,95,train
ZrO2-003934,ZrO2,OZr,47,train
ZrO2-007047,ZrO2,OZr,95,train
Li3PO4-016952,Li3PO4,LiOP,61,train
Li3PO4-006568,Li3PO4,LiOP,32,train
Li3PO4-013961,Li3PO4,LiOP,61,train
Li3PO4-004770,Li3PO4,LiOP,32,train
Li3PO4-001423,Li3PO4,LiOP,32,train
Li3PO4-015272,Li3PO4,LiOP,61,train
ZrO2-004662,ZrO2,OZr,47,train
Li3PO4-011535,Li3PO4,LiOP,31,train
ZrO2-004046,ZrO2,OZr,47,train
ZrO2-000521,ZrO2,OZr,96,train
Li3PO4-014598,Li3PO4,LiOP,61,train
Li3PO4-013535,Li3PO4,LiOP,61,train
Li3PO4-014696,Li3PO4,LiOP,61,train
ZrO2-004056,ZrO2,OZr,47,train
Li3PO4-017785,Li3PO4,LiOP,61,train
Li3PO4-008828,Li3PO4,LiOP,31,train
Li3PO4-003935,Li3PO4,LiOP,32,train
Li3PO4-004317,Li3PO4,LiOP,32,train
Li3PO4-007176,Li3PO4,LiOP,32,train
perovskite-001024,perovskite,BaCaOPbTiZr,20,train
ZrO2-003494,ZrO2,OZr,95,train
Li3PO4-007989,Li3PO4,LiOP,32,train
Li3PO4-009902,Li3PO4,LiOP,31,train
Li3PO4-012756,Li3PO4,LiOP,31,train
ZrO2-009874,ZrO2,OZr,48,train
ZrO2-002033,ZrO2,OZr,95,train
ZrO2-007408,ZrO2,OZr,95,train
ZrO2-002100,ZrO2,OZr,95,train
Li3PO4-015404,Li3PO4,LiOP,61,train
Li3PO4-017334,Li3PO4,LiOP,61,train
Li3PO4-012010,Li3PO4,LiOP,31,train
Li3PO4-005143,Li3PO4,LiOP,32,train
Li3PO4-003213,Li3PO4,LiOP,32,train
ZrO2-002519,ZrO2,OZr,95,train
ZrO2-006247,ZrO2,OZr,95,train
ZrO2-007337,ZrO2,OZr,95,train
Li3PO4-011576,Li3PO4,LiOP,31,train
Li3PO4-016232,Li3PO4,LiOP,61,train
Li3PO4-013521,Li3PO4,LiOP,61,train
Li3PO4-007121,Li3PO4,LiOP,32,train
Li3PO4-001068,Li3PO4,LiOP,32,train
Li3PO4-014847,Li3PO4,LiOP,61,train
Li3PO4-001038,Li3PO4,LiOP,32,train
Li3PO4-012444,Li3PO4,LiOP,31,train
Li3PO4-004656,Li3PO4,LiOP,32,train
ZrO2-005589,ZrO2,OZr,95,train
Li3PO4-004803,Li3PO4,LiOP,32,train
Li3PO4-012264,Li3PO4,LiOP,31,train
ZrO2-005597,ZrO2,OZr,95,train
Li3PO4-012011,Li3PO4,LiOP,31,train
ZrO2-006216,ZrO2,OZr,95,train
Li3PO4-009140,Li3PO4,LiOP,31,train
Li3PO4-002040,Li3PO4,LiOP,32,train
ZrO2-010007,ZrO2,OZr,48,train
ZrO2-004491,ZrO2,OZr,47,train
Li3PO4-016043,Li3PO4,LiOP,61,train
Li3PO4-016653,Li3PO4,LiOP,61,train
Li3PO4-009310,Li3PO4,LiOP,31,train
ZrO2-001133,ZrO2,OZr,96,train
ZrO2-003440,ZrO2,OZr,95,train
Li3PO4-017350,Li3PO4,LiOP,61,train
Li3PO4-011961,Li3PO4,LiOP,31,train
Li3PO4-009810,Li3PO4,LiOP,31,train
Li3PO4-000992,Li3PO4,LiOP,32,train
ZrO2-007152,ZrO2,OZr,95,train
Li3PO4-001082,Li3PO4,LiOP,32,train
Li3PO4-013548,Li3PO4,LiOP,61,train
ZrO2-004483,ZrO2,OZr,47,train
Li3PO4-009994,Li3PO4,LiOP,31,train
ZrO2-008166,ZrO2,OZr,48,train
ZrO2-005952,ZrO2,OZr,95,train
Li3PO4-006867,Li3PO4,LiOP,32,train
Li3PO4-013909,Li3PO4,LiOP,61,train
ZrO2-000900,ZrO2,OZr,96,train
Li3PO4-006576,Li3PO4,LiOP,32,train
ZrO2-004435,ZrO2,OZr,47,train
ZrO2-008785,ZrO2,OZr,48,train
ZrO2-002752,ZrO2,OZr,95,train
perovskite-000732,perovskite,CaOPbTiZr,20,train
ZrO2-008945,ZrO2,OZr,48,train
ZrO2-003972,ZrO2,OZr,47,train
Li3PO4-013532,Li3PO4,LiOP,61,train
ZrO2-002539,ZrO2,OZr,95,train
perovskite-000079,perovskite,BaCaOTi,20,train
ZrO2-003337,ZrO2,OZr,95,train
ZrO2-001107,ZrO2,OZr,96,train
ZrO2-003282,ZrO2,OZr,95,train
ZrO2-009801,ZrO2,OZr,48,train
perovskite-000333,perovskite,BaCaHfOTi,20,train
Li3PO4-001356,Li3PO4,LiOP,32,train
Li3PO4-002045,Li3PO4,LiOP,32,train
Li3PO4-005270,Li3PO4,LiOP,32,train
Li3PO4-009321,Li3PO4,LiOP,31,train
Li3PO4-017499,Li3PO4,LiOP,61,train
Li3PO4-017058,Li3PO4,LiOP,61,train
Li3PO4-009948,Li3PO4,LiOP,31,train
ZrO2-007851,ZrO2,OZr,95,train
ZrO2-003926,ZrO2,OZr,47,train
Li3PO4-016291,Li3PO4,LiOP,61,train
Li3PO4-008391,Li3PO4,LiOP,31,train
Li3PO4-015768,Li3PO4,LiOP,61,train
ZrO2-005610,ZrO2,OZr,95,train
ZrO2-001148,ZrO2,OZr,96,train
Li3PO4-010810,Li3PO4,LiOP,31,train
Li3PO4-003647,Li3PO4,LiOP,32,train
Li3PO4-011371,Li3PO4,LiOP,31,train
ZrO2-004953,ZrO2,OZr,47,train
ZrO2-005023,ZrO2,OZr,47,train
Li3PO4-006470,Li3PO4,LiOP,32,train
ZrO2-003029,ZrO2,OZr,95,train
ZrO2-003065,ZrO2,OZr,95,train
Li3PO4-001304,Li3PO4,LiOP,32,train
Li3PO4-002785,Li3PO4,LiOP,32,train
Li3PO4-002443,Li3PO4,LiOP,32,train
Li3PO4-002938,Li3PO4,LiOP,32,train
Li3PO4-010426,Li3PO4,LiOP,31,train
ZrO2-004176,ZrO2,OZr,47,train
perovskite-000214,perovskite,BaHfOPb,20,train
Li3PO4-009925,Li3PO4,LiOP,31,train
Li3PO4-013949,Li3PO4,LiOP,61,train
ZrO2-003577,ZrO2,OZr,47,train
Li3PO4-007593,Li3PO4,LiOP,32,train
Li3PO4-001248,Li3PO4,LiOP,32,train
Li3PO4-016371,Li3PO4,LiOP,61,train
ZrO2-001930,ZrO2,OZr,96,train
Li3PO4-002809,Li3PO4,LiOP,32,train
ZrO2-009545,ZrO2,OZr,48,train
Li3PO4-001914,Li3PO4,LiOP,32,train
Li3PO4-012832,Li3PO4,LiOP,31,train
perovskite-000106,perovskite,CaOSrTi,20,train
Li3PO4-016255,Li3PO4,LiOP,61,train
Li3PO4-009191,Li3PO4,LiOP,31,train
ZrO2-002180,ZrO2,OZr,95,train
Li3PO4-002504,Li3PO4,LiOP,32,train
ZrO2-006492,ZrO2,OZr,95,train
Li3PO4-013520,Li3PO4,LiOP,61,train
Li3PO4-002021,Li3PO4,LiOP,32,train
ZrO2-005408,ZrO2,OZr,47,train
Li3PO4-004428,Li3PO4,LiOP,32,train
ZrO2-005301,ZrO2,OZr,47,train
Li3PO4-010567,Li3PO4,LiOP,31,train
ZrO2-005163,ZrO2,OZr,47,train
Li3PO4-011044,Li3PO4,LiOP,31,train
Li3PO4-016162,Li3PO4,LiOP,61,train
Li3PO4-009015,Li3PO4,LiOP,31,train
ZrO2-001752,ZrO2,OZr,96,train
ZrO2-000304,ZrO2,OZr,96,train
Li3PO4-017097,Li3PO4,LiOP,61,train
Li3PO4-016382,Li3PO4,LiOP,61,train
perovskite-000965,perovskite,CaHfOPbSrZr,20,train
Li3PO4-010456,Li3PO4,LiOP,31,train
ZrO2-001700,ZrO2,OZr,96,train
ZrO2-008630,ZrO2,OZr,48,train
perovskite-000455,perovskite,BaCaHfOPbTiZr,20,train
Li3PO4-004731,Li3PO4,LiOP,32,train
ZrO2-005829,ZrO2,OZr,95,train
ZrO2-009164,ZrO2,OZr,48,train
Li3PO4-010625,Li3PO4,LiOP,31,train
Li3PO4-015026,Li3PO4,LiOP,61,train
Li3PO4-016514,Li3PO4,LiOP,61,train
Li3PO4-011000,Li3PO4,LiOP,31,train
ZrO2-008062,ZrO2,OZr,95,train
Li3PO4-006319,Li3PO4,LiOP,32,train
Li3PO4-000693,Li3PO4,LiOP,32,train
Li3PO4-011339,Li3PO4,LiOP,31,train
Li3PO4-009915,Li3PO4,LiOP,31,train
Li3PO4-003977,Li3PO4,LiOP,32,train
Li3PO4-009962,Li3PO4,LiOP,31,train
Li3PO4-001692,Li3PO4,LiOP,32,train
Li3PO4-008183,Li3PO4,LiOP,31,train
Li3PO4-016128,Li3PO4,LiOP,61,train
Li3PO4-014774,Li3PO4,LiOP,61,train
Li3PO4-016841,Li3PO4,LiOP,61,train
Li3PO4-017676,Li3PO4,LiOP,61,train
Li3PO4-004587,Li3PO4,LiOP,32,train
Li3PO4-016217,Li3PO4,LiOP,61,train
Li3PO4-005564,Li3PO4,LiOP,32,train
Li3PO4-016403,Li3PO4,LiOP,61,train
Li3PO4-017065,Li3PO4,LiOP,61,train
Li3PO4-012792,Li3PO4,LiOP,31,train
ZrO2-002422,ZrO2,OZr,95,train
perovskite-000500,perovskite,CaHfOSrTi,20,train
Li3PO4-014619,Li3PO4,LiOP,61,train
Li3PO4-000884,Li3PO4,LiOP,32,train
perovskite-000173,perovskite,CaHfOSr,20,train
Li3PO4-009908,Li3PO4,LiOP,31,train
Li3PO4-008197,Li3PO4,LiOP,31,train
ZrO2-000874,ZrO2,OZr,96,train
ZrO2-007303,ZrO2,OZr,95,train
Li3PO4-002016,Li3PO4,LiOP,32,train
ZrO2-007287,ZrO2,OZr,95,train
Li3PO4-009186,Li3PO4,LiOP,31,train
ZrO2-008992,ZrO2,OZr,48,train
ZrO2-000302,ZrO2,OZr,96,train
ZrO2-007367,ZrO2,OZr,95,train
Li3PO4-014063,Li3PO4,LiOP,61,train
Li3PO4-002253,Li3PO4,LiOP,32,train
perovskite-000749,perovskite,CaHfOPbTiZr,20,train
perovskite-000611,perovskite,CaHfOPbTi,20,train
ZrO2-006828,ZrO2,OZr,95,train
Li3PO4-016001,Li3PO4,LiOP,61,train
Li3PO4-005771,Li3PO4,LiOP,32,train
Li3PO4-004969,Li3PO4,LiOP,32,train
Li3PO4-010012,Li3PO4,LiOP,31,train
Li3PO4-009684,Li3PO4,LiOP,31,train
ZrO2-008582,ZrO2,OZr,48,train
ZrO2-003951,ZrO2,OZr,47,train
Li3PO4-006889,Li3PO4,LiOP,32,train
Li3PO4-016942,Li3PO4,LiOP,61,train
ZrO2-009976,ZrO2,OZr,48,train
Li3PO4-014125,Li3PO4,LiOP,61,train
ZrO2-008163,ZrO2,OZr,48,train
ZrO2-008433,ZrO2,OZr,48,train
Li3PO4-005729,Li3PO4,LiOP,32,train
Li3PO4-000052,Li3PO4,LiOP,32,train
ZrO2-006612,ZrO2,OZr,95,train
Li3PO4-001363,Li3PO4,LiOP,32,train
ZrO2-000806,ZrO2,OZr,96,train
Li3PO4-007749,Li3PO4,LiOP,32,train
Li3PO4-006384,Li3PO4,LiOP,32,train
Li3PO4-013479,Li3PO4,LiOP,61,train
ZrO2-002828,ZrO2,OZr,95,train
Li3PO4-000778,Li3PO4,LiOP,32,train
perovskite-000348,perovskite,BaCaHfOTi,20,train
Li3PO4-015646,Li3PO4,LiOP,61,train
ZrO2-008070,ZrO2,OZr,95,train
Li3PO4-012053,Li3PO4,LiOP,31,train
Li3PO4-010602,Li3PO4,LiOP,31,train
Li3PO4-016288,Li3PO4,LiOP,61,train
Li3PO4-015747,Li3PO4,LiOP,61,train
Li3PO4-009598,Li3PO4,LiOP,31,train
ZrO2-002512,ZrO2,OZr,95,train
Li3PO4-000652,Li3PO4,LiOP,32,train
Li3PO4-010557,Li3PO4,LiOP,31,train
Li3PO4-014061,Li3PO4,LiOP,61,train
ZrO2-003036,ZrO2,OZr,95,train
Li3PO4-003114,Li3PO4,LiOP,32,train
Li3PO4-009608,Li3PO4,LiOP,31,train
ZrO2-000338,ZrO2,OZr,96,train
Li3PO4-002720,Li3PO4,LiOP,32,train
Li3PO4-007584,Li3PO4,LiOP,32,train
Li3PO4-012136,Li3PO4,LiOP,31,train
Li3PO4-004174,Li3PO4,LiOP,32,train
ZrO2-004399,ZrO2,OZr,47,train
Li3PO4-014749,Li3PO4,LiOP,61,train
Li3PO4-013314,Li3PO4,LiOP,61,train
Li3PO4-010404,Li3PO4,LiOP,31,train
ZrO2-001531,ZrO2,OZr,96,train
ZrO2-001988,ZrO2,OZr,95,train
ZrO2-006177,ZrO2,OZr,95,train
Li3PO4-013791,Li3PO4,LiOP,61,train
Li3PO4-014772,Li3PO4,LiOP,61,train
Li3PO4-004003,Li3PO4,LiOP,32,train
Li3PO4-016645,Li3PO4,LiOP,61,train
Li3PO4-000729,Li3PO4,LiOP,32,train
Li3PO4-012823,Li3PO4,LiOP,31,train
ZrO2-007184,ZrO2,OZr,95,train
ZrO2-003497,ZrO2,OZr,95,train
ZrO2-007611,ZrO2,OZr,95,train
Li3PO4-001112,Li3PO4,LiOP,32,train
ZrO2-001045,ZrO2,OZr,96,train
Li3PO4-000137,Li3PO4,LiOP,32,train
ZrO2-004741,ZrO2,OZr,47,train
Li3PO4-000257,Li3PO4,LiOP,32,train
ZrO2-009498,ZrO2,OZr,48,train
ZrO2-007030,ZrO2,OZr,95,train
Li3PO4-007735,Li3PO4,LiOP,32,train
Li3PO4-013374,Li3PO4,LiOP,61,train
Li3PO4-007643,Li3PO4,LiOP,32,train
ZrO2-002872,ZrO2,OZr,95,train
ZrO2-005235,ZrO2,OZr,47,train
ZrO2-009181,ZrO2,OZr,48,train
Li3PO4-013364,Li3PO4,LiOP,61,train
ZrO2-000341,ZrO2,OZr,96,train
Li3PO4-006507,Li3PO4,LiOP,32,train
ZrO2-002404,ZrO2,OZr,95,train
ZrO2-006487,ZrO2,OZr,95,train
Li3PO4-013185,Li3PO4,LiOP,61,train
ZrO2-009316,ZrO2,OZr,48,train
ZrO2-008331,ZrO2,OZr,48,train
Li3PO4-011603,Li3PO4,LiOP,31,train
ZrO2-010032,ZrO2,OZr,48,train
Li3PO4-016266,Li3PO4,LiOP,61,train
Li3PO4-014197,Li3PO4,LiOP,61,train
Li3PO4-016443,Li3PO4,LiOP,61,train
ZrO2-005887,ZrO2,OZr,95,train
Li3PO4-002011,Li3PO4,LiOP,32,train
Li3PO4-015918,Li3PO4,LiOP,61,train
Li3PO4-004452,Li3PO4,LiOP,32,train
Li3PO4-009996,Li3PO4,LiOP,31,train
Li3PO4-015921,Li3PO4,LiOP,61,train
Li3PO4-012330,Li3PO4,LiOP,31,train
Li3PO4-011123,Li3PO4,LiOP,31,train
Li3PO4-002873,Li3PO4,LiOP,32,train
ZrO2-006052,ZrO2,OZr,95,train
ZrO2-009931,ZrO2,OZr,48,train
Li3PO4-009757,Li3PO4,LiOP,31,train
Li3PO4-004561,Li3PO4,LiOP,32,train
Li3PO4-008743,Li3PO4,LiOP,31,train
ZrO2-008924,ZrO2,OZr,48,train
Li3PO4-011905,Li3PO4,LiOP,31,train
Li3PO4-004624,Li3PO4,LiOP,32,train
Li3PO4-015987,Li3PO4,LiOP,61,train
ZrO2-008499,ZrO2,OZr,48,train
ZrO2-000556,ZrO2,OZr,96,train
Li3PO4-010182,Li3PO4,LiOP,31,train
Li3PO4-005756,Li3PO4,LiOP,32,train
ZrO2-008389,ZrO2,OZr,48,train
ZrO2-006239,ZrO2,OZr,95,train
Li3PO4-003218,Li3PO4,LiOP,32,train
Li3PO4-009657,Li3PO4,LiOP,31,train
ZrO2-003198,ZrO2,OZr,95,train
Li3PO4-010039,Li3PO4,LiOP,31,train
ZrO2-001455,ZrO2,OZr,96,train
Li3PO4-010356,Li3PO4,LiOP,31,train
Li3PO4-013321,Li3PO4,LiOP,61,train
Li3PO4-012789,Li3PO4,LiOP,31,train
Li3PO4-005489,Li3PO4,LiOP,32,train
Li3PO4-000043,Li3PO4,LiOP,32,train
Li3PO4-012850,Li3PO4,LiOP,31,train
ZrO2-000297,ZrO2,OZr,96,train
Li3PO4-005265,Li3PO4,LiOP,32,train
Li3PO4-015169,Li3PO4,LiOP,61,train
ZrO2-003806,ZrO2,OZr,47,train
ZrO2-003787,ZrO2,OZr,47,train
Li3PO4-016852,Li3PO4,LiOP,61,train
Li3PO4-014505,Li3PO4,LiOP,61,train
ZrO2-009495,ZrO2,OZr,48,train
Li3PO4-000631,Li3PO4,LiOP,32,train
ZrO2-002367,ZrO2,OZr,95,train
Li3PO4-007207,Li3PO4,LiOP,32,train
Li3PO4-006494,Li3PO4,LiOP,32,train
ZrO2-002681,ZrO2,OZr,95,train
ZrO2-001222,ZrO2,OZr,96,train
ZrO2-006496,ZrO2,OZr,95,train
Li3PO4-012062,Li3PO4,LiOP,31,train
Li3PO4-009095,Li3PO4,LiOP,31,train
ZrO2-007360,ZrO2,OZr,95,train
Li3PO4-011572,Li3PO4,LiOP,31,train
Li3PO4-007267,Li3PO4,LiOP,32,train
ZrO2-008192,ZrO2,OZr,48,train
ZrO2-005868,ZrO2,OZr,95,train
Li3PO4-016938,Li3PO4,LiOP,61,train
ZrO2-000832,ZrO2,OZr,96,train
Li3PO4-017410,Li3PO4,LiOP,61,train
Li3PO4-000465,Li3PO4,LiOP,32,train
ZrO2-001080,ZrO2,OZr,96,train
Li3PO4-006716,Li3PO4,LiOP,32,train
ZrO2-003329,ZrO2,OZr,95,train
Li3PO4-011153,Li3PO4,LiOP,31,train
Li3PO4-015395,Li3PO4,LiOP,61,train
ZrO2-008861,ZrO2,OZr,48,train
ZrO2-007163,ZrO2,OZr,95,train
ZrO2-005370,ZrO2,OZr,47,train
Li3PO4-017143,Li3PO4,LiOP,61,train
Li3PO4-017228,Li3PO4,LiOP,61,train
ZrO2-004122,ZrO2,OZr,47,train
perovskite-000641,perovskite,CaHfOPbSrTiZr,20,train
ZrO2-007867,ZrO2,OZr,95,train
ZrO2-004137,ZrO2,OZr,47,train
Li3PO4-005849,Li3PO4,LiOP,32,train
ZrO2-003203,ZrO2,OZr,95,train
Li3PO4-015932,Li3PO4,LiOP,61,train
ZrO2-000672,ZrO2,OZr,96,train
Li3PO4-012457,Li3PO4,LiOP,31,train
Li3PO4-008595,Li3PO4,LiOP,31,train
ZrO2-003205,ZrO2,OZr,95,train
Li3PO4-001142,Li3PO4,LiOP,32,train
Li3PO4-012721,Li3PO4,LiOP,31,train
Li3PO4-010724,Li3PO4,LiOP,31,train
ZrO2-002550,ZrO2,OZr,95,train
Li3PO4-007329,Li3PO4,LiOP,32,train
Li3PO4-000181,Li3PO4,LiOP,32,train
perovskite-000216,perovskite,BaHfOPb,20,train
ZrO2-004630,ZrO2,OZr,47,train
ZrO2-004067,ZrO2,OZr,47,train
Li3PO4-014139,Li3PO4,LiOP,61,train
Li3PO4-000260,Li3PO4,LiOP,32,train
Li3PO4-011619,Li3PO4,LiOP,31,train
Li3PO4-000520,Li3PO4,LiOP,32,train
Li3PO4-001727,Li3PO4,LiOP,32,train
ZrO2-002997,ZrO2,OZr,95,train
Li3PO4-013851,Li3PO4,LiOP,61,train
ZrO2-009270,ZrO2,OZr,48,train
Li3PO4-017095,Li3PO4,LiOP,61,train
Li3PO4-008263,Li3PO4,LiOP,31,train
Li3PO4-014830,Li3PO4,LiOP,61,train
Li3PO4-003223,Li3PO4,LiOP,32,train
ZrO2-000391,ZrO2,OZr,96,train
Li3PO4-004911,Li3PO4,LiOP,32,train
Li3PO4-008246,Li3PO4,LiOP,31,train
ZrO2-002749,ZrO2,OZr,95,train
ZrO2-004636,ZrO2,OZr,47,train
Li3PO4-013096,Li3PO4,LiOP,61,train
Li3PO4-002432,Li3PO4,LiOP,32,train
Li3PO4-004948,Li3PO4,LiOP,32,train
ZrO2-008566,ZrO2,OZr,48,train
Li3PO4-016113,Li3PO4,LiOP,61,train
Li3PO4-010930,Li3PO4,LiOP,31,train
ZrO2-000579,ZrO2,OZr,96,train
Li3PO4-003876,Li3PO4,LiOP,32,train
Li3PO4-015081,Li3PO4,LiOP,61,train
Li3PO4-016463,Li3PO4,LiOP,61,train
Li3PO4-010190,Li3PO4,LiOP,31,train
ZrO2-000337,ZrO2,OZr,96,train
Li3PO4-012112,Li3PO4,LiOP,31,train
Li3PO4-013628,Li3PO4,LiOP,61,train
Li3PO4-010981,Li3PO4,LiOP,31,train
ZrO2-000563,ZrO2,OZr,96,train
Li3PO4-010233,Li3PO4,LiOP,31,train
ZrO2-008700,ZrO2,OZr,48,train
Li3PO4-010655,Li3PO4,LiOP,31,train
ZrO2-006911,ZrO2,OZr,95,train
perovskite-000772,perovskite,CaOPbSrTiZr,20,train
Li3PO4-002992,Li3PO4,LiOP,32,train
ZrO2-009065,ZrO2,OZr,48,train
Li3PO4-005960,Li3PO4,LiOP,32,train
Li3PO4-017923,Li3PO4,LiOP,61,train
Li3PO4-005184,Li3PO4,LiOP,32,train
ZrO2-002373,ZrO2,OZr,95,train
Li3PO4-007253,Li3PO4,LiOP,32,train
perovskite-000394,perovskite,CaHfOPbZr,20,train
Li3PO4-007689,Li3PO4,LiOP,32,train
ZrO2-002203,ZrO2,OZr,95,train
Li3PO4-003335,Li3PO4,LiOP,32,train
Li3PO4-016777,Li3PO4,LiOP,61,train
ZrO2-003178,ZrO2,OZr,95,train
ZrO2-003724,ZrO2,OZr,47,train
ZrO2-003901,ZrO2,OZr,47,train
Li3PO4-006402,Li3PO4,LiOP,32,train
Li3PO4-004801,Li3PO4,LiOP,32,train
Li3PO4-013911,Li3PO4,LiOP,61,train
Li3PO4-013527,Li3PO4,LiOP,61,train
Li3PO4-010075,Li3PO4,LiOP,31,train
ZrO2-007607,ZrO2,OZr,95,train
Li3PO4-013616,Li3PO4,LiOP,61,train
Li3PO4-014922,Li3PO4,LiOP,61,train
ZrO2-004493,ZrO2,OZr,47,train
Li3PO4-011485,Li3PO4,LiOP,31,train
ZrO2-000805,ZrO2,OZr,96,train
Li3PO4-011953,Li3PO4,LiOP,31,train
Li3PO4-017758,Li3PO4,LiOP,61,train
ZrO2-000833,ZrO2,OZr,96,train
Li3PO4-004270,Li3PO4,LiOP,32,train
ZrO2-010024,ZrO2,OZr,48,train
Li3PO4-011704,Li3PO4,LiOP,31,train
Li3PO4-014584,Li3PO4,LiOP,61,train
Li3PO4-002448,Li3PO4,LiOP,32,train
Li3PO4-017396,Li3PO4,LiOP,61,train
Li3PO4-001102,Li3PO4,LiOP,32,train
Li3PO4-004029,Li3PO4,LiOP,32,train
ZrO2-002770,ZrO2,OZr,95,train
ZrO2-006338,ZrO2,OZr,95,train
Li3PO4-017305,Li3PO4,LiOP,61,train
ZrO2-008043,ZrO2,OZr,95,train
Li3PO4-001588,Li3PO4,LiOP,32,train
Li3PO4-017558,Li3PO4,LiOP,61,train
Li3PO4-014934,Li3PO4,LiOP,61,train
Li3PO4-005944,Li3PO4,LiOP,32,train
perovskite-000494,perovskite,CaHfOSrTiZr,20,train
Li3PO4-008378,Li3PO4,LiOP,31,train
ZrO2-001592,ZrO2,OZr,96,train
ZrO2-007714,ZrO2,OZr,95,train
Li3PO4-014084,Li3PO4,LiOP,61,train
Li3PO4-008355,Li3PO4,LiOP,31,train
Li3PO4-009923,Li3PO4,LiOP,31,train
Li3PO4-004901,Li3PO4,LiOP,32,train
Li3PO4-009855,Li3PO4,LiOP,31,train
ZrO2-002874,ZrO2,OZr,95,train
Li3PO4-011570,Li3PO4,LiOP,31,train
Li3PO4-014403,Li3PO4,LiOP,61,train
ZrO2-006277,ZrO2,OZr,95,train
Li3PO4-016887,Li3PO4,LiOP,61,train
ZrO2-008422,ZrO2,OZr,48,train
Li3PO4-006825,Li3PO4,LiOP,32,train
Li3PO4-017598,Li3PO4,LiOP,61,train
Li3PO4-003022,Li3PO4,LiOP,32,train
Li3PO4-010220,Li3PO4,LiOP,31,train
ZrO2-001064,ZrO2,OZr,96,train
Li3PO4-014018,Li3PO4,LiOP,61,train
Li3PO4-013480,Li3PO4,LiOP,61,train
ZrO2-000184,ZrO2,OZr,96,train
Li3PO4-000835,Li3PO4,LiOP,32,train
Li3PO4-011042,Li3PO4,LiOP,31,train
perovskite-000973,perovskite,CaHfOPbSrZr,20,train
Li3PO4-004256,Li3PO4,LiOP,32,train
ZrO2-009993,ZrO2,OZr,48,train
Li3PO4-017517,Li3PO4,LiOP,61,train
ZrO2-006929,ZrO2,OZr,95,train
Li3PO4-017529,Li3PO4,LiOP,61,train
ZrO2-006980,ZrO2,OZr,95,train
Li3PO4-013600,Li3PO4,LiOP,61,train
Li3PO4-012167,Li3PO4,LiOP,31,train
Li3PO4-010932,Li3PO4,LiOP,31,train
Li3PO4-000441,Li3PO4,LiOP,32,train
Li3PO4-015442,Li3PO4,LiOP,61,train
Li3PO4-012165,Li3PO4,LiOP,31,train
Li3PO4-010200,Li3PO4,LiOP,31,train
Li3PO4-005968,Li3PO4,LiOP,32,train
ZrO2-002454,ZrO2,OZr,95,train
ZrO2-004457,ZrO2,OZr,47,train
Li3PO4-002388,Li3PO4,LiOP,32,train
Li3PO4-008030,Li3PO4,LiOP,31,train
ZrO2-006738,ZrO2,OZr,95,train
ZrO2-009429,ZrO2,OZr,48,train
Li3PO4-011785,Li3PO4,LiOP,31,train
ZrO2-006630,ZrO2,OZr,95,train
Li3PO4-010381,Li3PO4,LiOP,31,train
ZrO2-000175,ZrO2,OZr,96,train
Li3PO4-014939,Li3PO4,LiOP,61,train
ZrO2-006988,ZrO2,OZr,95,train
Li3PO4-013566,Li3PO4,LiOP,61,train
Li3PO4-015735,Li3PO4,LiOP,61,train
perovskite-000506,perovskite,BaCaOSrTiZr,20,train
Li3PO4-012467,Li3PO4,LiOP,31,train
perovskite-000594,perovskite,CaHfOPbTi,20,train
ZrO2-003325,ZrO2,OZr,95,train
Li3PO4-016270,Li3PO4,LiOP,61,train
Li3PO4-015188,Li3PO4,LiOP,61,train
Li3PO4-000406,Li3PO4,LiOP,32,train
ZrO2-008819,ZrO2,OZr,48,train
Li3PO4-017514,Li3PO4,LiOP,61,train
Li3PO4-010666,Li3PO4,LiOP,31,train
Li3PO4-001004,Li3PO4,LiOP,32,train
ZrO2-006884,ZrO2,OZr,95,train
ZrO2-001249,ZrO2,OZr,96,train
ZrO2-005125,ZrO2,OZr,47,train
ZrO2-003368,ZrO2,OZr,95,train
ZrO2-004877,ZrO2,OZr,47,train
Li3PO4-009929,Li3PO4,LiOP,31,train
Li3PO4-013722,Li3PO4,LiOP,61,train
ZrO2-000698,ZrO2,OZr,96,train
Li3PO4-004539,Li3PO4,LiOP,32,train
Li3PO4-017798,Li3PO4,LiOP,61,train
ZrO2-009857,ZrO2,OZr,48,train
Li3PO4-002057,Li3PO4,LiOP,32,train
Li3PO4-004053,Li3PO4,LiOP,32,train
Li3PO4-009169,Li3PO4,LiOP,31,train
ZrO2-008825,ZrO2,OZr,48,train
ZrO2-008442,ZrO2,OZr,48,train
ZrO2-005937,ZrO2,OZr,95,train
ZrO2-009310,ZrO2,OZr,48,train
Li3PO4-017135,Li3PO4,LiOP,61,train
Li3PO4-011251,Li3PO4,LiOP,31,train
Li3PO4-016380,Li3PO4,LiOP,61,train
Li3PO4-016190,Li3PO4,LiOP,61,train
ZrO2-006673,ZrO2,OZr,95,train
ZrO2-007247,ZrO2,OZr,95,train
ZrO2-005036,ZrO2,OZr,47,train
ZrO2-006918,ZrO2,OZr,95,train
Li3PO4-011643,Li3PO4,LiOP,31,train
Li3PO4-002672,Li3PO4,LiOP,32,train
ZrO2-003365,ZrO2,OZr,95,train
Li3PO4-015829,Li3PO4,LiOP,61,train
Li3PO4-016949,Li3PO4,LiOP,61,train
Li3PO4-010754,Li3PO4,LiOP,31,train
Li3PO4-017408,Li3PO4,LiOP,61,train
ZrO2-004972,ZrO2,OZr,47,train
Li3PO4-005483,Li3PO4,LiOP,32,train
ZrO2-007742,ZrO2,OZr,95,train
Li3PO4-011388,Li3PO4,LiOP,31,train
Li3PO4-009114,Li3PO4,LiOP,31,train
ZrO2-002906,ZrO2,OZr,95,train
ZrO2-004783,ZrO2,OZr,47,train
Li3PO4-012400,Li3PO4,LiOP,31,train
Li3PO4-000085,Li3PO4,LiOP,32,train
perovskite-001217,perovskite,CaHfOSrZr,20,train
Li3PO4-000710,Li3PO4,LiOP,32,train
Li3PO4-002903,Li3PO4,LiOP,32,train
ZrO2-005603,ZrO2,OZr,95,train
perovskite-000961,perovskite,CaHfOPbSrZr,20,train
Li3PO4-014751,Li3PO4,LiOP,61,train
Li3PO4-014069,Li3PO4,LiOP,61,train
ZrO2-008008,ZrO2,OZr,95,train
ZrO2-001167,ZrO2,OZr,96,train
perovskite-000279,perovskite,CaHfOPbZr,20,train
ZrO2-000730,ZrO2,OZr,96,train
ZrO2-005097,ZrO2,OZr,47,train
ZrO2-004831,ZrO2,OZr,47,train
ZrO2-009994,ZrO2,OZr,48,train
Li3PO4-010803,Li3PO4,LiOP,31,train
ZrO2-000516,ZrO2,OZr,96,train
Li3PO4-008151,Li3PO4,LiOP,31,train
Li3PO4-017120,Li3PO4,LiOP,61,train
ZrO2-005372,ZrO2,OZr,47,train
Li3PO4-009669,Li3PO4,LiOP,31,train
ZrO2-007425,ZrO2,OZr,95,train
Li3PO4-015949,Li3PO4,LiOP,61,train
Li3PO4-000493,Li3PO4,LiOP,32,train
ZrO2-004738,ZrO2,OZr,47,train
Li3PO4-009508,Li3PO4,LiOP,31,train
Li3PO4-016013,Li3PO4,LiOP,61,train
ZrO2-000121,ZrO2,OZr,96,train
Li3PO4-004133,Li3PO4,LiOP,32,train
perovskite-000063,perovskite,BaOPbZr,20,train
Li3PO4-017436,Li3PO4,LiOP,61,train
Li3PO4-014510,Li3PO4,LiOP,61,train
Li3PO4-001133,Li3PO4,LiOP,32,train
Li3PO4-004356,Li3PO4,LiOP,32,train
Li3PO4-008715,Li3PO4,LiOP,31,train
Li3PO4-009042,Li3PO4,LiOP,31,train
ZrO2-001805,ZrO2,OZr,96,train
Li3PO4-010101,Li3PO4,LiOP,31,train
Li3PO4-003918,Li3PO4,LiOP,32,train
Li3PO4-014282,Li3PO4,LiOP,61,train
ZrO2-009178,ZrO2,OZr,48,train
Li3PO4-008108,Li3PO4,LiOP,31,train
Li3PO4-009006,Li3PO4,LiOP,31,train
Li3PO4-015558,Li3PO4,LiOP,61,train
Li3PO4-005373,Li3PO4,LiOP,32,train
ZrO2-001968,ZrO2,OZr,96,train
ZrO2-004583,ZrO2,OZr,47,train
perovskite-001138,perovskite,BaCaHfOPbSrTiZr,20,train
ZrO2-000230,ZrO2,OZr,96,train
ZrO2-001429,ZrO2,OZr,96,train
ZrO2-008268,ZrO2,OZr,48,train
Li3PO4-000316,Li3PO4,LiOP,32,train
ZrO2-001374,ZrO2,OZr,96,train
Li3PO4-011815,Li3PO4,LiOP,31,train
ZrO2-007600,ZrO2,OZr,95,train
ZrO2-000593,ZrO2,OZr,96,train
Li3PO4-009115,Li3PO4,LiOP,31,train
ZrO2-003957,ZrO2,OZr,47,train
ZrO2-007029,ZrO2,OZr,95,train
Li3PO4-011187,Li3PO4,LiOP,31,train
Li3PO4-016075,Li3PO4,LiOP,61,train
ZrO2-006873,ZrO2,OZr,95,train
Li3PO4-002177,Li3PO4,LiOP,32,train
ZrO2-001874,ZrO2,OZr,96,train
Li3PO4-009128,Li3PO4,LiOP,31,train
ZrO2-002222,ZrO2,OZr,95,train
Li3PO4-003804,Li3PO4,LiOP,32,train
Li3PO4-002741,Li3PO4,LiOP,32,train
Li3PO4-006082,Li3PO4,LiOP,32,train
Li3PO4-002029,Li3PO4,LiOP,32,train
ZrO2-008360,ZrO2,OZr,48,train
Li3PO4-011389,Li3PO4,LiOP,31,train
Li3PO4-008866,Li3PO4,LiOP,31,train
ZrO2-005598,ZrO2,OZr,95,train
perovskite-000633,perovskite,CaHfOPbSrTiZr,20,train
Li3PO4-016078,Li3PO4,LiOP,61,train
Li3PO4-005543,Li3PO4,LiOP,32,train
ZrO2-008891,ZrO2,OZr,48,train
ZrO2-005737,ZrO2,OZr,95,train
Li3PO4-011435,Li3PO4,LiOP,31,train
Li3PO4-006234,Li3PO4,LiOP,32,train
ZrO2-005856,ZrO2,OZr,95,train
ZrO2-001908,ZrO2,OZr,96,train
Li3PO4-000935,Li3PO4,LiOP,32,train
Li3PO4-014952,Li3PO4,LiOP,61,train
Li3PO4-000566,Li3PO4,LiOP,32,train
ZrO2-001716,ZrO2,OZr,96,train
Li3PO4-004824,Li3PO4,LiOP,32,train
Li3PO4-016284,Li3PO4,LiOP,61,train
Li3PO4-010757,Li3PO4,LiOP,31,train
perovskite-001032,perovskite,BaCaHfOPbTi,20,train
Li3PO4-000012,Li3PO4,LiOP,32,train
Li3PO4-010924,Li3PO4,LiOP,31,train
Li3PO4-001579,Li3PO4,LiOP,32,train
ZrO2-001199,ZrO2,OZr,96,train
Li3PO4-012328,Li3PO4,LiOP,31,train
Li3PO4-013578,Li3PO4,LiOP,61,train
ZrO2-005580,ZrO2,OZr,95,train
Li3PO4-006091,Li3PO4,LiOP,32,train
Li3PO4-010286,Li3PO4,LiOP,31,train
Li3PO4-000302,Li3PO4,LiOP,32,train
Li3PO4-012597,Li3PO4,LiOP,31,train
Li3PO4-015194,Li3PO4,LiOP,61,train
Li3PO4-011944,Li3PO4,LiOP,31,train
Li3PO4-010836,Li3PO4,LiOP,31,train
Li3PO4-003794,Li3PO4,LiOP,32,train
Li3PO4-005430,Li3PO4,LiOP,32,train
Li3PO4-014194,Li3PO4,LiOP,61,train
perovskite-000679,perovskite,BaCaOPbTiZr,20,train
Li3PO4-015130,Li3PO4,LiOP,61,train
ZrO2-002945,ZrO2,OZr,95,train
ZrO2-004004,ZrO2,OZr,47,train
Li3PO4-004584,Li3PO4,LiOP,32,train
ZrO2-007375,ZrO2,OZr,95,train
Li3PO4-007200,Li3PO4,LiOP,32,train
Li3PO4-012960,Li3PO4,LiOP,31,train
Li3PO4-015798,Li3PO4,LiOP,61,train
ZrO2-002898,ZrO2,OZr,95,train
ZrO2-008591,ZrO2,OZr,48,train
ZrO2-008563,ZrO2,OZr,48,train
Li3PO4-004930,Li3PO4,LiOP,32,train
Li3PO4-006263,Li3PO4,LiOP,32,train
ZrO2-008521,ZrO2,OZr,48,train
ZrO2-006916,ZrO2,OZr,95,train
Li3PO4-003221,Li3PO4,LiOP,32,train
perovskite-000170,perovskite,BaCaHfOPb,20,train
Li3PO4-001769,Li3PO4,LiOP,32,train
ZrO2-001658,ZrO2,OZr,96,train
ZrO2-001981,ZrO2,OZr,95,train
Li3PO4-005525,Li3PO4,LiOP,32,train
Li3PO4-009294,Li3PO4,LiOP,31,train
Li3PO4-013420,Li3PO4,LiOP,61,train
Li3PO4-008901,Li3PO4,LiOP,31,train
Li3PO4-010144,Li3PO4,LiOP,31,train
perovskite-001033,perovskite,BaCaHfOPbTiZr,20,train
Li3PO4-002270,Li3PO4,LiOP,32,train
Li3PO4-011698,Li3PO4,LiOP,31,train
Li3PO4-010095,Li3PO4,LiOP,31,train
Li3PO4-012271,Li3PO4,LiOP,31,train
ZrO2-000161,ZrO2,OZr,96,train
Li3PO4-002646,Li3PO4,LiOP,32,train
Li3PO4-010698,Li3PO4,LiOP,31,train
ZrO2-000071,ZrO2,OZr,96,train
ZrO2-007651,ZrO2,OZr,95,train
ZrO2-004984,ZrO2,OZr,47,train
Li3PO4-014090,Li3PO4,LiOP,61,train
ZrO2-001902,ZrO2,OZr,96,train
Li3PO4-017742,Li3PO4,LiOP,61,train
Li3PO4-010519,Li3PO4,LiOP,31,train
Li3PO4-003122,Li3PO4,LiOP,32,train
Li3PO4-017723,Li3PO4,LiOP,61,train
Li3PO4-007173,Li3PO4,LiOP,32,train
ZrO2-006136,ZrO2,OZr,95,train
ZrO2-007647,ZrO2,OZr,95,train
Li3PO4-007697,Li3PO4,LiOP,32,train
ZrO2-000273,ZrO2,OZr,96,train
Li3PO4-013879,Li3PO4,LiOP,61,train
ZrO2-007768,ZrO2,OZr,95,train
Li3PO4-006729,Li3PO4,LiOP,32,train
perovskite-000747,perovskite,CaHfOPbTiZr,20,train
Li3PO4-013342,Li3PO4,LiOP,61,train
Li3PO4-000894,Li3PO4,LiOP,32,train
ZrO2-004757,ZrO2,OZr,47,train
Li3PO4-007060,Li3PO4,LiOP,32,train
Li3PO4-014128,Li3PO4,LiOP,61,train
ZrO2-000982,ZrO2,OZr,96,train
ZrO2-001832,ZrO2,OZr,96,train
Li3PO4-007508,Li3PO4,LiOP,32,train
ZrO2-006155,ZrO2,OZr,95,train
perovskite-000590,perovskite,CaHfOPbTiZr,20,train
Li3PO4-008175,Li3PO4,LiOP,31,train
ZrO2-006284,ZrO2,OZr,95,train
Li3PO4-004466,Li3PO4,LiOP,32,train
ZrO2-003004,ZrO2,OZr,95,train
Li3PO4-000554,Li3PO4,LiOP,32,train
Li3PO4-012956,Li3PO4,LiOP,31,train
ZrO2-000267,ZrO2,OZr,96,train
ZrO2-005345,ZrO2,OZr,47,train
Li3PO4-002849,Li3PO4,LiOP,32,train
Li3PO4-000029,Li3PO4,LiOP,32,train
Li3PO4-006923,Li3PO4,LiOP,32,train
Li3PO4-014793,Li3PO4,LiOP,61,train
Li3PO4-007812,Li3PO4,LiOP,32,train
Li3PO4-009322,Li3PO4,LiOP,31,train
ZrO2-005865,ZrO2,OZr,95,train
ZrO2-004041,ZrO2,OZr,47,train
Li3PO4-014692,Li3PO4,LiOP,61,train
ZrO2-007930,ZrO2,OZr,95,train
ZrO2-001912,ZrO2,OZr,96,train
ZrO2-008038,ZrO2,OZr,95,train
ZrO2-007498,ZrO2,OZr,95,train
Li3PO4-000744,Li3PO4,LiOP,32,train
Li3PO4-013216,Li3PO4,LiOP,61,train
Li3PO4-004650,Li3PO4,LiOP,32,train
Li3PO4-012963,Li3PO4,LiOP,31,train
ZrO2-008077,ZrO2,OZr,95,train
Li3PO4-000311,Li3PO4,LiOP,32,train
Li3PO4-000151,Li3PO4,LiOP,32,train
ZrO2-006332,ZrO2,OZr,95,train
Li3PO4-015846,Li3PO4,LiOP,61,train
ZrO2-007155,ZrO2,OZr,95,train
Li3PO4-009249,Li3PO4,LiOP,31,train
ZrO2-002101,ZrO2,OZr,95,train
ZrO2-004579,ZrO2,OZr,47,train
Li3PO4-014924,Li3PO4,LiOP,61,train
Li3PO4-003383,Li3PO4,LiOP,32,train
Li3PO4-004487,Li3PO4,LiOP,32,train
ZrO2-008471,ZrO2,OZr,48,train
Li3PO4-007266,Li3PO4,LiOP,32,train
Li3PO4-003987,Li3PO4,LiOP,32,train
ZrO2-003092,ZrO2,OZr,95,train
ZrO2-003450,ZrO2,OZr,95,train
Li3PO4-003312,Li3PO4,LiOP,32,train
Li3PO4-009687,Li3PO4,LiOP,31,train
ZrO2-007744,ZrO2,OZr,95,train
ZrO2-008758,ZrO2,OZr,48,train
Li3PO4-005829,Li3PO4,LiOP,32,train
Li3PO4-009064,Li3PO4,LiOP,31,train
ZrO2-003458,ZrO2,OZr,95,train
Li3PO4-006189,Li3PO4,LiOP,32,train
ZrO2-002136,ZrO2,OZr,95,train
ZrO2-009959,ZrO2,OZr,48,train
Li3PO4-008773,Li3PO4,LiOP,31,train
ZrO2-005978,ZrO2,OZr,95,train
ZrO2-003540,ZrO2,OZr,95,train
Li3PO4-014974,Li3PO4,LiOP,61,train
Li3PO4-015159,Li3PO4,LiOP,61,train
Li3PO4-000190,Li3PO4,LiOP,32,train
Li3PO4-009402,Li3PO4,LiOP,31,train
Li3PO4-017632,Li3PO4,LiOP,61,train
ZrO2-009817,ZrO2,OZr,48,train
Li3PO4-006546,Li3PO4,LiOP,32,train
perovskite-000824,perovskite,BaCaHfOPbTiZr,20,train
Li3PO4-010659,Li3PO4,LiOP,31,train
Li3PO4-017654,Li3PO4,LiOP,61,train
Li3PO4-001116,Li3PO4,LiOP,32,train
Li3PO4-010283,Li3PO4,LiOP,31,train
ZrO2-002051,ZrO2,OZr,95,train
ZrO2-000388,ZrO2,OZr,96,train
Li3PO4-007537,Li3PO4,LiOP,32,train
Li3PO4-014583,Li3PO4,LiOP,61,train
Li3PO4-011134,Li3PO4,LiOP,31,train
Li3PO4-013969,Li3PO4,LiOP,61,train
Li3PO4-003099,Li3PO4,LiOP,32,train
Li3PO4-016117,Li3PO4,LiOP,61,train
Li3PO4-000295,Li3PO4,LiOP,32,train
Li3PO4-010354,Li3PO4,LiOP,31,train
ZrO2-000227,ZrO2,OZr,96,train
ZrO2-003652,ZrO2,OZr,47,train
ZrO2-000289,ZrO2,OZr,96,train
ZrO2-001451,ZrO2,OZr,96,train
Li3PO4-005408,Li3PO4,LiOP,32,train
ZrO2-008493,ZrO2,OZr,48,train
ZrO2-005384,ZrO2,OZr,47,train
ZrO2-003865,ZrO2,OZr,47,train
Li3PO4-005418,Li3PO4,LiOP,32,train
Li3PO4-016555,Li3PO4,LiOP,61,train
ZrO2-007489,ZrO2,OZr,95,train
Li3PO4-008607,Li3PO4,LiOP,31,train
Li3PO4-016941,Li3PO4,LiOP,61,train
Li3PO4-007921,Li3PO4,LiOP,32,train
ZrO2-001032,ZrO2,OZr,96,train
ZrO2-000520,ZrO2,OZr,96,train
Li3PO4-004927,Li3PO4,LiOP,32,train
Li3PO4-012656,Li3PO4,LiOP,31,train
ZrO2-003638,ZrO2,OZr,47,train
Li3PO4-008080,Li3PO4,LiOP,31,train
Li3PO4-004109,Li3PO4,LiOP,32,train
Li3PO4-004715,Li3PO4,LiOP,32,train
perovskite-000868,perovskite,CaHfOPbSrTi,20,train
Li3PO4-005739,Li3PO4,LiOP,32,train
Li3PO4-004609,Li3PO4,LiOP,32,train
Li3PO4-014476,Li3PO4,LiOP,61,train
Li3PO4-003886,Li3PO4,LiOP,32,train
Li3PO4-010721,Li3PO4,LiOP,31,train
ZrO2-002056,ZrO2,OZr,95,train
Li3PO4-016880,Li3PO4,LiOP,61,train
ZrO2-007561,ZrO2,OZr,95,train
ZrO2-005916,ZrO2,OZr,95,train
Li3PO4-004712,Li3PO4,LiOP,32,train
Li3PO4-008264,Li3PO4,LiOP,31,train
Li3PO4-002279,Li3PO4,LiOP,32,train
Li3PO4-002370,Li3PO4,LiOP,32,train
Li3PO4-008598,Li3PO4,LiOP,31,train
ZrO2-002300,ZrO2,OZr,95,train
ZrO2-008757,ZrO2,OZr,48,train
Li3PO4-003014,Li3PO4,LiOP,32,train
ZrO2-003855,ZrO2,OZr,47,train
ZrO2-001334,ZrO2,OZr,96,train
Li3PO4-016448,Li3PO4,LiOP,61,train
ZrO2-000549,ZrO2,OZr,96,train
Li3PO4-006412,Li3PO4,LiOP,32,train
ZrO2-007296,ZrO2,OZr,95,train
Li3PO4-017707,Li3PO4,LiOP,61,train
ZrO2-007443,ZrO2,OZr,95,train
ZrO2-006095,ZrO2,OZr,95,train
ZrO2-003249,ZrO2,OZr,95,train
Li3PO4-015131,Li3PO4,LiOP,61,train
Li3PO4-009670,Li3PO4,LiOP,31,train
Li3PO4-005236,Li3PO4,LiOP,32,train
Li3PO4-012809,Li3PO4,LiOP,31,train
ZrO2-008711,ZrO2,OZr,48,train
Li3PO4-016068,Li3PO4,LiOP,61,train
Li3PO4-007888,Li3PO4,LiOP,32,train
Li3PO4-006841,Li3PO4,LiOP,32,train
ZrO2-000792,ZrO2,OZr,96,train
Li3PO4-000382,Li3PO4,LiOP,32,train
Li3PO4-015832,Li3PO4,LiOP,61,train
Li3PO4-017397,Li3PO4,LiOP,61,train
ZrO2-002381,ZrO2,OZr,95,train
Li3PO4-005072,Li3PO4,LiOP,32,train
ZrO2-008228,ZrO2,OZr,48,train
ZrO2-003380,ZrO2,OZr,95,train
Li3PO4-000261,Li3PO4,LiOP,32,train
ZrO2-004923,ZrO2,OZr,47,train
Li3PO4-004333,Li3PO4,LiOP,32,train
Li3PO4-007582,Li3PO4,LiOP,32,train
Li3PO4-013188,Li3PO4,LiOP,61,train
Li3PO4-002116,Li3PO4,LiOP,32,train
Li3PO4-014105,Li3PO4,LiOP,61,train
perovskite-000131,perovskite,OPbSrTi,20,train
Li3PO4-017835,Li3PO4,LiOP,61,train
ZrO2-003419,ZrO2,OZr,95,train
Li3PO4-016344,Li3PO4,LiOP,61,train
perovskite-000497,perovskite,CaHfOSrTiZr,20,train
ZrO2-009304,ZrO2,OZr,48,train
Li3PO4-013155,Li3PO4,LiOP,61,train
ZrO2-003602,ZrO2,OZr,47,train
Li3PO4-006577,Li3PO4,LiOP,32,train
Li3PO4-007613,Li3PO4,LiOP,32,train
Li3PO4-002075,Li3PO4,LiOP,32,train
Li3PO4-002134,Li3PO4,LiOP,32,train
Li3PO4-013107,Li3PO4,LiOP,61,train
Li3PO4-009816,Li3PO4,LiOP,31,train
ZrO2-008171,ZrO2,OZr,48,train
Li3PO4-008692,Li3PO4,LiOP,31,train
Li3PO4-001120,Li3PO4,LiOP,32,train
ZrO2-009028,ZrO2,OZr,48,train
Li3PO4-017770,Li3PO4,LiOP,61,train
ZrO2-005949,ZrO2,OZr,95,train
Li3PO4-006460,Li3PO4,LiOP,32,train
perovskite-000763,perovskite,CaHfOPbZr,20,train
Li3PO4-013620,Li3PO4,LiOP,61,train
Li3PO4-007075,Li3PO4,LiOP,32,train
Li3PO4-011727,Li3PO4,LiOP,31,train
ZrO2-003842,ZrO2,OZr,47,train
ZrO2-005616,ZrO2,OZr,95,train
Li3PO4-001404,Li3PO4,LiOP,32,train
ZrO2-000729,ZrO2,OZr,96,train
Li3PO4-002260,Li3PO4,LiOP,32,train
Li3PO4-016970,Li3PO4,LiOP,61,train
Li3PO4-014014,Li3PO4,LiOP,61,train
Li3PO4-012179,Li3PO4,LiOP,31,train
ZrO2-007283,ZrO2,OZr,95,train
Li3PO4-013093,Li3PO4,LiOP,61,train
ZrO2-005188,ZrO2,OZr,47,train
Li3PO4-004337,Li3PO4,LiOP,32,train
ZrO2-008535,ZrO2,OZr,48,train
Li3PO4-003490,Li3PO4,LiOP,32,train
Li3PO4-002951,Li3PO4,LiOP,32,train
Li3PO4-009658,Li3PO4,LiOP,31,train
perovskite-000015,perovskite,CaOPbSrZr,20,train
Li3PO4-016465,Li3PO4,LiOP,61,train
Li3PO4-002544,Li3PO4,LiOP,32,train
ZrO2-002728,ZrO2,OZr,95,train
perovskite-000309,perovskite,CaHfOSrTiZr,20,train
ZrO2-008451,ZrO2,OZr,48,train
Li3PO4-006251,Li3PO4,LiOP,32,train
Li3PO4-002901,Li3PO4,LiOP,32,train
ZrO2-001293,ZrO2,OZr,96,train
Li3PO4-009934,Li3PO4,LiOP,31,train
ZrO2-000904,ZrO2,OZr,96,train
Li3PO4-008115,Li3PO4,LiOP,31,train
ZrO2-003642,ZrO2,OZr,47,train
perovskite-000722,perovskite,CaOPbTiZr,20,train
Li3PO4-012946,Li3PO4,LiOP,31,train
perovskite-001111,perovskite,BaCaOPbSrTiZr,20,train
Li3PO4-013072,Li3PO4,LiOP,61,train
Li3PO4-014308,Li3PO4,LiOP,61,train
perovskite-000637,perovskite,CaOPbSrTiZr,20,train
Li3PO4-016729,Li3PO4,LiOP,61,train
Li3PO4-007168,Li3PO4,LiOP,32,train
ZrO2-007664,ZrO2,OZr,95,train
ZrO2-008590,ZrO2,OZr,48,train
ZrO2-001004,ZrO2,OZr,96,train
ZrO2-006156,ZrO2,OZr,95,train
Li3PO4-010606,Li3PO4,LiOP,31,train
ZrO2-006655,ZrO2,OZr,95,train
Li3PO4-004020,Li3PO4,LiOP,32,train
Li3PO4-005127,Li3PO4,LiOP,32,train
ZrO2-006654,ZrO2,OZr,95,train
Li3PO4-004711,Li3PO4,LiOP,32,train
Li3PO4-006749,Li3PO4,LiOP,32,train
ZrO2-002986,ZrO2,OZr,95,train
Li3PO4-009480,Li3PO4,LiOP,31,train
Li3PO4-012076,Li3PO4,LiOP,31,train
ZrO2-006153,ZrO2,OZr,95,train
ZrO2-000786,ZrO2,OZr,96,train
Li3PO4-005313,Li3PO4,LiOP,32,train
Li3PO4-011386,Li3PO4,LiOP,31,train
Li3PO4-010020,Li3PO4,LiOP,31,train
ZrO2-008966,ZrO2,OZr,48,train
Li3PO4-010185,Li3PO4,LiOP,31,train
ZrO2-000678,ZrO2,OZr,96,train
ZrO2-009057,ZrO2,OZr,48,train
Li3PO4-017572,Li3PO4,LiOP,61,train
ZrO2-002535,ZrO2,OZr,95,train
Li3PO4-017356,Li3PO4,LiOP,61,train
ZrO2-005025,ZrO2,OZr,47,train
ZrO2-004823,ZrO2,OZr,47,train
ZrO2-001733,ZrO2,OZr,96,train
ZrO2-005683,ZrO2,OZr,95,train
ZrO2-008527,ZrO2,OZr,48,train
Li3PO4-015771,Li3PO4,LiOP,61,train
Li3PO4-016247,Li3PO4,LiOP,61,train
ZrO2-005854,ZrO2,OZr,95,train
ZrO2-007890,ZrO2,OZr,95,train
perovskite-000944,perovskite,CaHfOPbSrTiZr,20,train
Li3PO4-005845,Li3PO4,LiOP,32,train
Li3PO4-010186,Li3PO4,LiOP,31,train
Li3PO4-010313,Li3PO4,LiOP,31,train
ZrO2-008556,ZrO2,OZr,48,train
Li3PO4-005899,Li3PO4,LiOP,32,train
ZrO2-004753,ZrO2,OZr,47,train
Li3PO4-000193,Li3PO4,LiOP,32,train
ZrO2-006838,ZrO2,OZr,95,train
Li3PO4-009175,Li3PO4,LiOP,31,train
ZrO2-007335,ZrO2,OZr,95,train
Li3PO4-016418,Li3PO4,LiOP,61,train
Li3PO4-010314,Li3PO4,LiOP,31,train
Li3PO4-017512,Li3PO4,LiOP,61,train
Li3PO4-005540,Li3PO4,LiOP,32,train
Li3PO4-002459,Li3PO4,LiOP,32,train
ZrO2-000994,ZrO2,OZr,96,train
ZrO2-003089,ZrO2,OZr,95,train
Li3PO4-015607,Li3PO4,LiOP,61,train
ZrO2-008128,ZrO2,OZr,48,train
ZrO2-008980,ZrO2,OZr,48,train
ZrO2-009583,ZrO2,OZr,48,train
ZrO2-005541,ZrO2,OZr,47,train
ZrO2-001721,ZrO2,OZr,96,train
ZrO2-001964,ZrO2,OZr,96,train
ZrO2-006807,ZrO2,OZr,95,train
ZrO2-008850,ZrO2,OZr,48,train
Li3PO4-009846,Li3PO4,LiOP,31,train
Li3PO4-008162,Li3PO4,LiOP,31,train
Li3PO4-016798,Li3PO4,LiOP,61,train
Li3PO4-015062,Li3PO4,LiOP,61,train
Li3PO4-013398,Li3PO4,LiOP,61,train
ZrO2-007560,ZrO2,OZr,95,train
Li3PO4-008592,Li3PO4,LiOP,31,train
ZrO2-007239,ZrO2,OZr,95,train
ZrO2-002701,ZrO2,OZr,95,train
ZrO2-007506,ZrO2,OZr,95,train
Li3PO4-015018,Li3PO4,LiOP,61,train
Li3PO4-010177,Li3PO4,LiOP,31,train
ZrO2-000136,ZrO2,OZr,96,train
ZrO2-004726,ZrO2,OZr,47,train
ZrO2-007919,ZrO2,OZr,95,train
Li3PO4-015817,Li3PO4,LiOP,61,train
Li3PO4-003928,Li3PO4,LiOP,32,train
Li3PO4-004212,Li3PO4,LiOP,32,train
ZrO2-003681,ZrO2,OZr,47,train
Li3PO4-003929,Li3PO4,LiOP,32,train
Li3PO4-009580,Li3PO4,LiOP,31,train
Li3PO4-017376,Li3PO4,LiOP,61,train
ZrO2-001117,ZrO2,OZr,96,train
Li3PO4-011340,Li3PO4,LiOP,31,train
ZrO2-009278,ZrO2,OZr,48,train
perovskite-000528,perovskite,BaCaHfOSrTi,20,train
Li3PO4-000332,Li3PO4,LiOP,32,train
ZrO2-001145,ZrO2,OZr,96,train
Li3PO4-010061,Li3PO4,LiOP,31,train
Li3PO4-000320,Li3PO4,LiOP,32,train
Li3PO4-015278,Li3PO4,LiOP,61,train
Li3PO4-002085,Li3PO4,LiOP,32,train
ZrO2-001407,ZrO2,OZr,96,train
ZrO2-010002,ZrO2,OZr,48,train
Li3PO4-016273,Li3PO4,LiOP,61,train
Li3PO4-008649,Li3PO4,LiOP,31,train
Li3PO4-016024,Li3PO4,LiOP,61,train
perovskite-000303,perovskite,CaHfOSrTiZr,20,train
ZrO2-002938,ZrO2,OZr,95,train
Li3PO4-008684,Li3PO4,LiOP,31,train
ZrO2-003312,ZrO2,OZr,95,train
ZrO2-003373,ZrO2,OZr,95,train
Li3PO4-000213,Li3PO4,LiOP,32,train
ZrO2-008246,ZrO2,OZr,48,train
Li3PO4-016813,Li3PO4,LiOP,61,train
Li3PO4-003576,Li3PO4,LiOP,32,train
Li3PO4-007196,Li3PO4,LiOP,32,train
Li3PO4-009148,Li3PO4,LiOP,31,train
Li3PO4-012305,Li3PO4,LiOP,31,train
Li3PO4-012560,Li3PO4,LiOP,31,train
Li3PO4-003558,Li3PO4,LiOP,32,train
Li3PO4-013817,Li3PO4,LiOP,61,train
Li3PO4-007064,Li3PO4,LiOP,32,train
ZrO2-002685,ZrO2,OZr,95,train
Li3PO4-004592,Li3PO4,LiOP,32,train
ZrO2-000795,ZrO2,OZr,96,train
Li3PO4-013274,Li3PO4,LiOP,61,train
perovskite-000567,perovskite,BaCaHfOZr,20,train
Li3PO4-013208,Li3PO4,LiOP,61,train
Li3PO4-015719,Li3PO4,LiOP,61,train
ZrO2-003262,ZrO2,OZr,95,train
Li3PO4-003077,Li3PO4,LiOP,32,train
Li3PO4-017126,Li3PO4,LiOP,61,train
Li3PO4-008034,Li3PO4,LiOP,31,train
Li3PO4-008948,Li3PO4,LiOP,31,train
ZrO2-001346,ZrO2,OZr,96,train
Li3PO4-001915,Li3PO4,LiOP,32,train
ZrO2-010054,ZrO2,OZr,48,train
Li3PO4-002199,Li3PO4,LiOP,32,train
Li3PO4-017432,Li3PO4,LiOP,61,train
Li3PO4-000475,Li3PO4,LiOP,32,train
Li3PO4-004582,Li3PO4,LiOP,32,train
ZrO2-002059,ZrO2,OZr,95,train
Li3PO4-010951,Li3PO4,LiOP,31,train
Li3PO4-009166,Li3PO4,LiOP,31,train
ZrO2-005350,ZrO2,OZr,47,train
ZrO2-006579,ZrO2,OZr,95,train
Li3PO4-009858,Li3PO4,LiOP,31,train
Li3PO4-001239,Li3PO4,LiOP,32,train
ZrO2-006732,ZrO2,OZr,95,train
Li3PO4-013336,Li3PO4,LiOP,61,train
Li3PO4-013913,Li3PO4,LiOP,61,train
perovskite-000158,perovskite,CaHfOPb,20,train
Li3PO4-004526,Li3PO4,LiOP,32,train
Li3PO4-013903,Li3PO4,LiOP,61,train
ZrO2-005478,ZrO2,OZr,47,train
Li3PO4-015548,Li3PO4,LiOP,61,train
ZrO2-000836,ZrO2,OZr,96,train
perovskite-000881,perovskite,CaHfOPbSrZr,20,train
Li3PO4-002736,Li3PO4,LiOP,32,train
Li3PO4-013809,Li3PO4,LiOP,61,train
Li3PO4-010417,Li3PO4,LiOP,31,train
Li3PO4-004412,Li3PO4,LiOP,32,train
ZrO2-003659,ZrO2,OZr,47,train
Li3PO4-005864,Li3PO4,LiOP,32,train
ZrO2-005538,ZrO2,OZr,47,train
ZrO2-005391,ZrO2,OZr,47,train
ZrO2-003578,ZrO2,OZr,47,train
Li3PO4-014380,Li3PO4,LiOP,61,train
Li3PO4-008893,Li3PO4,LiOP,31,train
ZrO2-005075,ZrO2,OZr,47,train
ZrO2-002955,ZrO2,OZr,95,train
Li3PO4-009520,Li3PO4,LiOP,31,train
Li3PO4-004291,Li3PO4,LiOP,32,train
ZrO2-007376,ZrO2,OZr,95,train
Li3PO4-007409,Li3PO4,LiOP,32,train
Li3PO4-005541,Li3PO4,LiOP,32,train
Li3PO4-000192,Li3PO4,LiOP,32,train
ZrO2-000834,ZrO2,OZr,96,train
Li3PO4-012436,Li3PO4,LiOP,31,train
Li3PO4-013040,Li3PO4,LiOP,61,train
Li3PO4-011931,Li3PO4,LiOP,31,train
ZrO2-005115,ZrO2,OZr,47,train
Li3PO4-003363,Li3PO4,LiOP,32,train
Li3PO4-008352,Li3PO4,LiOP,31,train
ZrO2-008615,ZrO2,OZr,48,train
Li3PO4-003405,Li3PO4,LiOP,32,train
Li3PO4-005892,Li3PO4,LiOP,32,train
Li3PO4-002444,Li3PO4,LiOP,32,train
Li3PO4-003747,Li3PO4,LiOP,32,train
Li3PO4-011364,Li3PO4,LiOP,31,train
Li3PO4-011791,Li3PO4,LiOP,31,train
Li3PO4-007486,Li3PO4,LiOP,32,train
perovskite-000642,perovskite,CaHfOPbSrTiZr,20,train
Li3PO4-007052,Li3PO4,LiOP,32,train
ZrO2-009819,ZrO2,OZr,48,train
Li3PO4-015831,Li3PO4,LiOP,61,train
Li3PO4-009699,Li3PO4,LiOP,31,train
ZrO2-003557,ZrO2,OZr,95,train
ZrO2-005355,ZrO2,OZr,47,train
ZrO2-002499,ZrO2,OZr,95,train
Li3PO4-000603,Li3PO4,LiOP,32,train
ZrO2-000176,ZrO2,OZr,96,train
perovskite-000521,perovskite,BaCaHfOSrTiZr,20,train
ZrO2-002806,ZrO2,OZr,95,train
Li3PO4-001700,Li3PO4,LiOP,32,train
Li3PO4-017492,Li3PO4,LiOP,61,train
Li3PO4-001729,Li3PO4,LiOP,32,train
Li3PO4-015212,Li3PO4,LiOP,61,train
Li3PO4-006659,Li3PO4,LiOP,32,train
Li3PO4-013099,Li3PO4,LiOP,61,train
Li3PO4-011610,Li3PO4,LiOP,31,train
Li3PO4-003128,Li3PO4,LiOP,32,train
Li3PO4-001609,Li3PO4,LiOP,32,train
ZrO2-008025,ZrO2,OZr,95,train
Li3PO4-017239,Li3PO4,LiOP,61,train
Li3PO4-009763,Li3PO4,LiOP,31,train
Li3PO4-011047,Li3PO4,LiOP,31,train
ZrO2-008406,ZrO2,OZr,48,train
Li3PO4-002569,Li3PO4,LiOP,32,train
Li3PO4-012412,Li3PO4,LiOP,31,train
ZrO2-005434,ZrO2,OZr,47,train
Li3PO4-012726,Li3PO4,LiOP,31,train
ZrO2-004804,ZrO2,OZr,47,train
ZrO2-003007,ZrO2,OZr,95,train
perovskite-000306,perovskite,CaHfOSrTi,20,train
ZrO2-008721,ZrO2,OZr,48,train
Li3PO4-011347,Li3PO4,LiOP,31,train
Li3PO4-006150,Li3PO4,LiOP,32,train
ZrO2-000700,ZrO2,OZr,96,train
Li3PO4-015886,Li3PO4,LiOP,61,train
Li3PO4-006636,Li3PO4,LiOP,32,train
Li3PO4-013933,Li3PO4,LiOP,61,train
Li3PO4-006567,Li3PO4,LiOP,32,train
Li3PO4-005606,Li3PO4,LiOP,32,train
ZrO2-003077,ZrO2,OZr,95,train
Li3PO4-004486,Li3PO4,LiOP,32,train
ZrO2-008153,ZrO2,OZr,48,train
Li3PO4-013210,Li3PO4,LiOP,61,train
ZrO2-009232,ZrO2,OZr,48,train
perovskite-000260,perovskite,CaHfOPbTiZr,20,train
Li3PO4-009213,Li3PO4,LiOP,31,train
perovskite-001091,perovskite,BaCaHfOPbZr,20,train
ZrO2-005707,ZrO2,OZr,95,train
Li3PO4-008198,Li3PO4,LiOP,31,train
Li3PO4-012405,Li3PO4,LiOP,31,train
Li3PO4-009979,Li3PO4,LiOP,31,train
Li3PO4-002136,Li3PO4,LiOP,32,train
ZrO2-001193,ZrO2,OZr,96,train
ZrO2-003452,ZrO2,OZr,95,train
ZrO2-001697,ZrO2,OZr,96,train
Li3PO4-010585,Li3PO4,LiOP,31,train
ZrO2-001025,ZrO2,OZr,96,train
Li3PO4-004092,Li3PO4,LiOP,32,train
ZrO2-004255,ZrO2,OZr,47,train
Li3PO4-008622,Li3PO4,LiOP,31,train
ZrO2-008233,ZrO2,OZr,48,train
ZrO2-004049,ZrO2,OZr,47,train
ZrO2-001235,ZrO2,OZr,96,train
Li3PO4-002158,Li3PO4,LiOP,32,train
ZrO2-009323,ZrO2,OZr,48,train
ZrO2-007397,ZrO2,OZr,95,train
ZrO2-009934,ZrO2,OZr,48,train
Li3PO4-013446,Li3PO4,LiOP,61,train
Li3PO4-006083,Li3PO4,LiOP,32,train
Li3PO4-014946,Li3PO4,LiOP,61,train
Li3PO4-015124,Li3PO4,LiOP,61,train
ZrO2-004263,ZrO2,OZr,47,train
ZrO2-002114,ZrO2,OZr,95,train
Li3PO4-016945,Li3PO4,LiOP,61,train
Li3PO4-015749,Li3PO4,LiOP,61,train
ZrO2-004836,ZrO2,OZr,47,train
ZrO2-003124,ZrO2,OZr,95,train
Li3PO4-013554,Li3PO4,LiOP,61,train
ZrO2-006246,ZrO2,OZr,95,train
ZrO2-002467,ZrO2,OZr,95,train
Li3PO4-003963,Li3PO4,LiOP,32,train
ZrO2-003171,ZrO2,OZr,95,train
ZrO2-004981,ZrO2,OZr,47,train
ZrO2-000615,ZrO2,OZr,96,train
Li3PO4-000859,Li3PO4,LiOP,32,train
Li3PO4-016904,Li3PO4,LiOP,61,train
ZrO2-002115,ZrO2,OZr,95,train
ZrO2-003988,ZrO2,OZr,47,train
Li3PO4-015064,Li3PO4,LiOP,61,train
ZrO2-001404,ZrO2,OZr,96,train
Li3PO4-013229,Li3PO4,LiOP,61,train
Li3PO4-003373,Li3PO4,LiOP,32,train
ZrO2-009679,ZrO2,OZr,48,train
Li3PO4-017266,Li3PO4,LiOP,61,train
ZrO2-000775,ZrO2,OZr,96,train
ZrO2-002657,ZrO2,OZr,95,train
Li3PO4-007720,Li3PO4,LiOP,32,train
Li3PO4-017556,Li3PO4,LiOP,61,train
Li3PO4-015345,Li3PO4,LiOP,61,train
Li3PO4-005559,Li3PO4,LiOP,32,train
Li3PO4-002146,Li3PO4,LiOP,32,train
Li3PO4-005711,Li3PO4,LiOP,32,train
ZrO2-004523,ZrO2,OZr,47,train
Li3PO4-014947,Li3PO4,LiOP,61,train
ZrO2-002241,ZrO2,OZr,95,train
Li3PO4-006061,Li3PO4,LiOP,32,train
ZrO2-009673,ZrO2,OZr,48,train
ZrO2-009139,ZrO2,OZr,48,train
Li3PO4-005840,Li3PO4,LiOP,32,train
perovskite-000754,perovskite,CaHfOPbZr,20,train
perovskite-000443,perovskite,BaCaOPbTiZr,20,train
Li3PO4-006276,Li3PO4,LiOP,32,train
perovskite-000972,perovskite,CaHfOPbSrZr,20,train
Li3PO4-005433,Li3PO4,LiOP,32,train
Li3PO4-000325,Li3PO4,LiOP,32,train
Li3PO4-008528,Li3PO4,LiOP,31,train
perovskite-000825,perovskite,BaCaHfOPbTiZr,20,train
Li3PO4-010029,Li3PO4,LiOP,31,train
Li3PO4-000877,Li3PO4,LiOP,32,train
Li3PO4-001815,Li3PO4,LiOP,32,train
Li3PO4-015085,Li3PO4,LiOP,61,train
Li3PO4-002703,Li3PO4,LiOP,32,train
Li3PO4-010482,Li3PO4,LiOP,31,train
ZrO2-009305,ZrO2,OZr,48,train
Li3PO4-004999,Li3PO4,LiOP,32,train
Li3PO4-004864,Li3PO4,LiOP,32,train
ZrO2-002218,ZrO2,OZr,95,train
ZrO2-005596,ZrO2,OZr,95,train
Li3PO4-007393,Li3PO4,LiOP,32,train
Li3PO4-006147,Li3PO4,LiOP,32,train
ZrO2-001113,ZrO2,OZr,96,train
ZrO2-007414,ZrO2,OZr,95,train
ZrO2-001842,ZrO2,OZr,96,train
ZrO2-006758,ZrO2,OZr,95,train
Li3PO4-013385,Li3PO4,LiOP,61,train
Li3PO4-008763,Li3PO4,LiOP,31,train
Li3PO4-002486,Li3PO4,LiOP,32,train
Li3PO4-001666,Li3PO4,LiOP,32,train
Li3PO4-004392,Li3PO4,LiOP,32,train
Li3PO4-010058,Li3PO4,LiOP,31,train
Li3PO4-004991,Li3PO4,LiOP,32,train
ZrO2-000710,ZrO2,OZr,96,train
ZrO2-003470,ZrO2,OZr,95,train
ZrO2-006517,ZrO2,OZr,95,train
ZrO2-004302,ZrO2,OZr,47,train
Li3PO4-012889,Li3PO4,LiOP,31,train
ZrO2-007048,ZrO2,OZr,95,train
Li3PO4-007343,Li3PO4,LiOP,32,train
Li3PO4-016408,Li3PO4,LiOP,61,train
ZrO2-002542,ZrO2,OZr,95,train
Li3PO4-006591,Li3PO4,LiOP,32,train
Li3PO4-017727,Li3PO4,LiOP,61,train
Li3PO4-015559,Li3PO4,LiOP,61,train
perovskite-001049,perovskite,BaCaHfOPbZr,20,train
Li3PO4-007845,Li3PO4,LiOP,32,train
Li3PO4-002010,Li3PO4,LiOP,32,train
Li3PO4-001225,Li3PO4,LiOP,32,train
Li3PO4-011167,Li3PO4,LiOP,31,train
Li3PO4-010035,Li3PO4,LiOP,31,train
Li3PO4-002258,Li3PO4,LiOP,32,train
Li3PO4-004693,Li3PO4,LiOP,32,train
Li3PO4-017333,Li3PO4,LiOP,61,train
ZrO2-008824,ZrO2,OZr,48,train
ZrO2-003393,ZrO2,OZr,95,train
perovskite-000908,perovskite,CaHfOPbSrTiZr,20,train
Li3PO4-014092,Li3PO4,LiOP,61,train
Li3PO4-017380,Li3PO4,LiOP,61,train
ZrO2-008809,ZrO2,OZr,48,train
ZrO2-006049,ZrO2,OZr,95,train
ZrO2-004427,ZrO2,OZr,47,train
Li3PO4-009575,Li3PO4,LiOP,31,train
Li3PO4-003539,Li3PO4,LiOP,32,train
perovskite-000757,perovskite,CaHfOPbZr,20,train
Li3PO4-006627,Li3PO4,LiOP,32,train
Li3PO4-013818,Li3PO4,LiOP,61,train
ZrO2-008169,ZrO2,OZr,48,train
Li3PO4-001671,Li3PO4,LiOP,32,train
Li3PO4-003773,Li3PO4,LiOP,32,train
ZrO2-007079,ZrO2,OZr,95,train
ZrO2-000477,ZrO2,OZr,96,train
Li3PO4-016626,Li3PO4,LiOP,61,train
perovskite-000056,perovskite,BaOPbSrZr,20,train
perovskite-000730,perovskite,CaOPbTiZr,20,train
perovskite-000978,perovskite,BaCaHfOPbSrTiZr,20,train
ZrO2-006506,ZrO2,OZr,95,train
Li3PO4-012572,Li3PO4,LiOP,31,train
ZrO2-007077,ZrO2,OZr,95,train
ZrO2-003736,ZrO2,OZr,47,train
Li3PO4-002502,Li3PO4,LiOP,32,train
Li3PO4-000942,Li3PO4,LiOP,32,train
ZrO2-003140,ZrO2,OZr,95,train
Li3PO4-007390,Li3PO4,LiOP,32,train
ZrO2-004509,ZrO2,OZr,47,train
Li3PO4-003069,Li3PO4,LiOP,32,train
ZrO2-000390,ZrO2,OZr,96,train
Li3PO4-004965,Li3PO4,LiOP,32,train
Li3PO4-004200,Li3PO4,LiOP,32,train
Li3PO4-015255,Li3PO4,LiOP,61,train
Li3PO4-002837,Li3PO4,LiOP,32,train
ZrO2-001142,ZrO2,OZr,96,train
Li3PO4-002908,Li3PO4,LiOP,32,train
Li3PO4-011706,Li3PO4,LiOP,31,train
ZrO2-002772,ZrO2,OZr,95,train
ZrO2-005850,ZrO2,OZr,95,train
Li3PO4-010782,Li3PO4,LiOP,31,train
ZrO2-006316,ZrO2,OZr,95,train
ZrO2-002455,ZrO2,OZr,95,train
Li3PO4-006393,Li3PO4,LiOP,32,train
Li3PO4-006269,Li3PO4,LiOP,32,train
Li3PO4-005432,Li3PO4,LiOP,32,train
Li3PO4-013948,Li3PO4,LiOP,61,train
Li3PO4-014290,Li3PO4,LiOP,61,train
ZrO2-004307,ZrO2,OZr,47,train
ZrO2-008638,ZrO2,OZr,48,train
ZrO2-008068,ZrO2,OZr,95,train
Li3PO4-001572,Li3PO4,LiOP,32,train
ZrO2-004384,ZrO2,OZr,47,train
Li3PO4-000225,Li3PO4,LiOP,32,train
Li3PO4-007619,Li3PO4,LiOP,32,train
ZrO2-006869,ZrO2,OZr,95,train
Li3PO4-003830,Li3PO4,LiOP,32,train
Li3PO4-013723,Li3PO4,LiOP,61,train
ZrO2-002580,ZrO2,OZr,95,train
Li3PO4-007587,Li3PO4,LiOP,32,train
Li3PO4-009100,Li3PO4,LiOP,31,train
Li3PO4-001941,Li3PO4,LiOP,32,train
Li3PO4-005979,Li3PO4,LiOP,32,train
Li3PO4-010616,Li3PO4,LiOP,31,train
Li3PO4-012619,Li3PO4,LiOP,31,train
ZrO2-009265,ZrO2,OZr,48,train
Li3PO4-007278,Li3PO4,LiOP,32,train
Li3PO4-007560,Li3PO4,LiOP,32,train
ZrO2-006470,ZrO2,OZr,95,train
ZrO2-007731,ZrO2,OZr,95,train
Li3PO4-008545,Li3PO4,LiOP,31,train
Li3PO4-006709,Li3PO4,LiOP,32,train
Li3PO4-003698,Li3PO4,LiOP,32,train
Li3PO4-008242,Li3PO4,LiOP,31,train
Li3PO4-006184,Li3PO4,LiOP,32,train
ZrO2-001116,ZrO2,OZr,96,train
ZrO2-001689,ZrO2,OZr,96,train
Li3PO4-013930,Li3PO4,LiOP,61,train
Li3PO4-009547,Li3PO4,LiOP,31,train
Li3PO4-007091,Li3PO4,LiOP,32,train
ZrO2-005003,ZrO2,OZr,47,train
Li3PO4-003514,Li3PO4,LiOP,32,train
ZrO2-008170,ZrO2,OZr,48,train
ZrO2-005983,ZrO2,OZr,95,train
Li3PO4-017237,Li3PO4,LiOP,61,train
ZrO2-001253,ZrO2,OZr,96,train
Li3PO4-009468,Li3PO4,LiOP,31,train
ZrO2-006680,ZrO2,OZr,95,train
Li3PO4-017537,Li3PO4,LiOP,61,train
Li3PO4-017985,Li3PO4,LiOP,61,train
Li3PO4-008613,Li3PO4,LiOP,31,train
Li3PO4-014458,Li3PO4,LiOP,61,train
ZrO2-005815,ZrO2,OZr,95,train
ZrO2-005213,ZrO2,OZr,47,train
ZrO2-004797,ZrO2,OZr,47,train
perovskite-001126,perovskite,BaCaHfOPbSrTiZr,20,train
ZrO2-006084,ZrO2,OZr,95,train
Li3PO4-013637,Li3PO4,LiOP,61,train
Li3PO4-014881,Li3PO4,LiOP,61,train
ZrO2-000445,ZrO2,OZr,96,train
Li3PO4-016743,Li3PO4,LiOP,61,train
Li3PO4-005766,Li3PO4,LiOP,32,train
ZrO2-006952,ZrO2,OZr,95,train
perovskite-000938,perovskite,CaHfOPbSrTiZr,20,train
Li3PO4-014050,Li3PO4,LiOP,61,train
Li3PO4-008867,Li3PO4,LiOP,31,train
Li3PO4-017751,Li3PO4,LiOP,61,train
Li3PO4-003301,Li3PO4,LiOP,32,train
ZrO2-009110,ZrO2,OZr,48,train
ZrO2-006695,ZrO2,OZr,95,train
ZrO2-008931,ZrO2,OZr,48,train
Li3PO4-005536,Li3PO4,LiOP,32,train
ZrO2-000372,ZrO2,OZr,96,train
Li3PO4-006607,Li3PO4,LiOP,32,train
Li3PO4-012073,Li3PO4,LiOP,31,train
Li3PO4-015500,Li3PO4,LiOP,61,train
Li3PO4-008260,Li3PO4,LiOP,31,train
ZrO2-009455,ZrO2,OZr,48,train
ZrO2-007249,ZrO2,OZr,95,train
Li3PO4-007452,Li3PO4,LiOP,32,train
Li3PO4-009222,Li3PO4,LiOP,31,train
ZrO2-009155,ZrO2,OZr,48,train
Li3PO4-000478,Li3PO4,LiOP,32,train
Li3PO4-010262,Li3PO4,LiOP,31,train
Li3PO4-013981,Li3PO4,LiOP,61,train
Li3PO4-004932,Li3PO4,LiOP,32,train
Li3PO4-000574,Li3PO4,LiOP,32,train
ZrO2-006596,ZrO2,OZr,95,train
Li3PO4-017669,Li3PO4,LiOP,61,train
Li3PO4-014918,Li3PO4,LiOP,61,train
Li3PO4-007129,Li3PO4,LiOP,32,train
ZrO2-008191,ZrO2,OZr,48,train
perovskite-000883,perovskite,CaHfOPbSrZr,20,train
Li3PO4-015947,Li3PO4,LiOP,61,train
Li3PO4-005600,Li3PO4,LiOP,32,train
ZrO2-007574,ZrO2,OZr,95,train
Li3PO4-000414,Li3PO4,LiOP,32,train
ZrO2-003695,ZrO2,OZr,47,train
Li3PO4-004292,Li3PO4,LiOP,32,train
Li3PO4-012864,Li3PO4,LiOP,31,train
Li3PO4-016704,Li3PO4,LiOP,61,train
ZrO2-009571,ZrO2,OZr,48,train
Li3PO4-009361,Li3PO4,LiOP,31,train
Li3PO4-004879,Li3PO4,LiOP,32,train
Li3PO4-016106,Li3PO4,LiOP,61,train
ZrO2-009112,ZrO2,OZr,48,train
Li3PO4-003809,Li3PO4,LiOP,32,train
ZrO2-000936,ZrO2,OZr,96,train
perovskite-000990,perovskite,BaCaHfOPbSrTi,20,train
Li3PO4-011568,Li3PO4,LiOP,31,train
Li3PO4-016890,Li3PO4,LiOP,61,train
Li3PO4-014968,Li3PO4,LiOP,61,train
Li3PO4-014810,Li3PO4,LiOP,61,train
Li3PO4-002373,Li3PO4,LiOP,32,train
Li3PO4-013819,Li3PO4,LiOP,61,train
Li3PO4-001647,Li3PO4,LiOP,32,train
Li3PO4-000269,Li3PO4,LiOP,32,train
perovskite-000510,perovskite,BaCaHfOSrTiZr,20,train
ZrO2-008905,ZrO2,OZr,48,train
Li3PO4-016547,Li3PO4,LiOP,61,train
Li3PO4-006823,Li3PO4,LiOP,32,train
ZrO2-008019,ZrO2,OZr,95,train
perovskite-000839,perovskite,BaCaHfOPbZr,20,train
Li3PO4-003605,Li3PO4,LiOP,32,train
Li3PO4-011860,Li3PO4,LiOP,31,train
Li3PO4-013874,Li3PO4,LiOP,61,train
ZrO2-002733,ZrO2,OZr,95,train
ZrO2-003615,ZrO2,OZr,47,train
ZrO2-003665,ZrO2,OZr,47,train
Li3PO4-014903,Li3PO4,LiOP,61,train
Li3PO4-002926,Li3PO4,LiOP,32,train
Li3PO4-011756,Li3PO4,LiOP,31,train
perovskite-001142,perovskite,BaCaOPbTiZr,20,train
ZrO2-004965,ZrO2,OZr,47,train
Li3PO4-000876,Li3PO4,LiOP,32,train
Li3PO4-007435,Li3PO4,LiOP,32,train
Li3PO4-000593,Li3PO4,LiOP,32,train
Li3PO4-009168,Li3PO4,LiOP,31,train
ZrO2-003932,ZrO2,OZr,47,train
ZrO2-010071,ZrO2,OZr,48,train
Li3PO4-011955,Li3PO4,LiOP,31,train
ZrO2-003125,ZrO2,OZr,95,train
Li3PO4-006336,Li3PO4,LiOP,32,train
Li3PO4-007861,Li3PO4,LiOP,32,train
perovskite-000530,perovskite,BaCaOSrTiZr,20,train
Li3PO4-012520,Li3PO4,LiOP,31,train
Li3PO4-006801,Li3PO4,LiOP,32,train
ZrO2-008603,ZrO2,OZr,48,train
ZrO2-000695,ZrO2,OZr,96,train
ZrO2-009721,ZrO2,OZr,48,train
Li3PO4-001497,Li3PO4,LiOP,32,train
Li3PO4-013207,Li3PO4,LiOP,61,train
Li3PO4-010255,Li3PO4,LiOP,31,train
ZrO2-008808,ZrO2,OZr,48,train
Li3PO4-005301,Li3PO4,LiOP,32,train
ZrO2-000725,ZrO2,OZr,96,train
Li3PO4-016580,Li3PO4,LiOP,61,train
Li3PO4-005429,Li3PO4,LiOP,32,train
Li3PO4-013375,Li3PO4,LiOP,61,train
Li3PO4-014527,Li3PO4,LiOP,61,train
Li3PO4-000039,Li3PO4,LiOP,32,train
ZrO2-009380,ZrO2,OZr,48,train
Li3PO4-015611,Li3PO4,LiOP,61,train
Li3PO4-000102,Li3PO4,LiOP,32,train
Li3PO4-000987,Li3PO4,LiOP,32,train
ZrO2-009347,ZrO2,OZr,48,train
Li3PO4-000371,Li3PO4,LiOP,32,train
Li3PO4-003904,Li3PO4,LiOP,32,train
Li3PO4-009972,Li3PO4,LiOP,31,train
Li3PO4-010478,Li3PO4,LiOP,31,train
perovskite-000847,perovskite,BaCaHfOPbZr,20,train
ZrO2-001153,ZrO2,OZr,96,train
Li3PO4-003814,Li3PO4,LiOP,32,train
Li3PO4-016042,Li3PO4,LiOP,61,train
ZrO2-000679,ZrO2,OZr,96,train
Li3PO4-005021,Li3PO4,LiOP,32,train
Li3PO4-005819,Li3PO4,LiOP,32,train
Li3PO4-000967,Li3PO4,LiOP,32,train
Li3PO4-005808,Li3PO4,LiOP,32,train
ZrO2-001836,ZrO2,OZr,96,train
Li3PO4-015228,Li3PO4,LiOP,61,train
Li3PO4-005345,Li3PO4,LiOP,32,train
Li3PO4-004204,Li3PO4,LiOP,32,train
Li3PO4-013341,Li3PO4,LiOP,61,train
perovskite-000582,perovskite,CaOPbTiZr,20,train
Li3PO4-011626,Li3PO4,LiOP,31,train
ZrO2-005811,ZrO2,OZr,95,train
Li3PO4-006378,Li3PO4,LiOP,32,train
Li3PO4-013875,Li3PO4,LiOP,61,train
ZrO2-000956,ZrO2,OZr,96,train
Li3PO4-007758,Li3PO4,LiOP,32,train
ZrO2-009103,ZrO2,OZr,48,train
ZrO2-006399,ZrO2,OZr,95,train
Li3PO4-005618,Li3PO4,LiOP,32,train
Li3PO4-006946,Li3PO4,LiOP,32,train
Li3PO4-006569,Li3PO4,LiOP,32,train
ZrO2-004977,ZrO2,OZr,47,train
Li3PO4-000559,Li3PO4,LiOP,32,train
Li3PO4-004738,Li3PO4,LiOP,32,train
Li3PO4-012180,Li3PO4,LiOP,31,train
Li3PO4-011429,Li3PO4,LiOP,31,train
Li3PO4-012630,Li3PO4,LiOP,31,train
Li3PO4-001184,Li3PO4,LiOP,32,train
perovskite-000761,perovskite,CaHfOPbTi,20,train
Li3PO4-017273,Li3PO4,LiOP,61,train
Li3PO4-010634,Li3PO4,LiOP,31,train
Li3PO4-005242,Li3PO4,LiOP,32,train
Li3PO4-016135,Li3PO4,LiOP,61,train
ZrO2-009633,ZrO2,OZr,48,train
Li3PO4-011311,Li3PO4,LiOP,31,train
Li3PO4-013273,Li3PO4,LiOP,61,train
ZrO2-000191,ZrO2,OZr,96,train
Li3PO4-006100,Li3PO4,LiOP,32,train
Li3PO4-004909,Li3PO4,LiOP,32,train
Li3PO4-013064,Li3PO4,LiOP,61,train
Li3PO4-006691,Li3PO4,LiOP,32,train
Li3PO4-011302,Li3PO4,LiOP,31,train
Li3PO4-010571,Li3PO4,LiOP,31,train
Li3PO4-007591,Li3PO4,LiOP,32,train
ZrO2-006390,ZrO2,OZr,95,train
Li3PO4-013661,Li3PO4,LiOP,61,train
ZrO2-003103,ZrO2,OZr,95,train
Li3PO4-003694,Li3PO4,LiOP,32,train
ZrO2-007552,ZrO2,OZr,95,train
Li3PO4-007502,Li3PO4,LiOP,32,train
ZrO2-006446,ZrO2,OZr,95,train
Li3PO4-011493,Li3PO4,LiOP,31,train
Li3PO4-008557,Li3PO4,LiOP,31,train
Li3PO4-006791,Li3PO4,LiOP,32,train
ZrO2-005406,ZrO2,OZr,47,train
ZrO2-001894,ZrO2,OZr,96,train
Li3PO4-007321,Li3PO4,LiOP,32,train
Li3PO4-011176,Li3PO4,LiOP,31,train
ZrO2-005581,ZrO2,OZr,95,train
Li3PO4-008811,Li3PO4,LiOP,31,train
ZrO2-007889,ZrO2,OZr,95,train
Li3PO4-001849,Li3PO4,LiOP,32,train
Li3PO4-002143,Li3PO4,LiOP,32,train
Li3PO4-001308,Li3PO4,LiOP,32,train
Li3PO4-008872,Li3PO4,LiOP,31,train
Li3PO4-001519,Li3PO4,LiOP,32,train
Li3PO4-011405,Li3PO4,LiOP,31,train
Li3PO4-017653,Li3PO4,LiOP,61,train
ZrO2-001232,ZrO2,OZr,96,train
Li3PO4-008311,Li3PO4,LiOP,31,train
Li3PO4-016878,Li3PO4,LiOP,61,train
Li3PO4-007349,Li3PO4,LiOP,32,train
Li3PO4-001435,Li3PO4,LiOP,32,train
ZrO2-009299,ZrO2,OZr,48,train
Li3PO4-003342,Li3PO4,LiOP,32,train
Li3PO4-008822,Li3PO4,LiOP,31,train
Li3PO4-003968,Li3PO4,LiOP,32,train
Li3PO4-016089,Li3PO4,LiOP,61,train
ZrO2-009866,ZrO2,OZr,48,train
Li3PO4-013855,Li3PO4,LiOP,61,train
Li3PO4-007427,Li3PO4,LiOP,32,train
Li3PO4-007868,Li3PO4,LiOP,32,train
Li3PO4-001892,Li3PO4,LiOP,32,train
ZrO2-001328,ZrO2,OZr,96,train
ZrO2-005751,ZrO2,OZr,95,train
Li3PO4-006293,Li3PO4,LiOP,32,train
ZrO2-000441,ZrO2,OZr,96,train
Li3PO4-013045,Li3PO4,LiOP,61,train
ZrO2-007692,ZrO2,OZr,95,train
Li3PO4-003897,Li3PO4,LiOP,32,train
ZrO2-006739,ZrO2,OZr,95,train
Li3PO4-001550,Li3PO4,LiOP,32,train
Li3PO4-014614,Li3PO4,LiOP,61,train
Li3PO4-007011,Li3PO4,LiOP,32,train
ZrO2-000587,ZrO2,OZr,96,train
ZrO2-002303,ZrO2,OZr,95,train
ZrO2-008759,ZrO2,OZr,48,train
ZrO2-003071,ZrO2,OZr,95,train
perovskite-000602,perovskite,CaHfOPbTiZr,20,train
Li3PO4-000973,Li3PO4,LiOP,32,train
Li3PO4-014970,Li3PO4,LiOP,61,train
Li3PO4-015789,Li3PO4,LiOP,61,train
Li3PO4-017974,Li3PO4,LiOP,61,train
Li3PO4-017234,Li3PO4,LiOP,61,train
ZrO2-009136,ZrO2,OZr,48,train
Li3PO4-008004,Li3PO4,LiOP,31,train
Li3PO4-013873,Li3PO4,LiOP,61,train
Li3PO4-016509,Li3PO4,LiOP,61,train
Li3PO4-002840,Li3PO4,LiOP,32,train
Li3PO4-011893,Li3PO4,LiOP,31,train
Li3PO4-013421,Li3PO4,LiOP,61,train
Li3PO4-002149,Li3PO4,LiOP,32,train
ZrO2-004883,ZrO2,OZr,47,train
Li3PO4-014582,Li3PO4,LiOP,61,train
Li3PO4-005100,Li3PO4,LiOP,32,train
Li3PO4-002529,Li3PO4,LiOP,32,train
Li3PO4-006101,Li3PO4,LiOP,32,train
Li3PO4-012039,Li3PO4,LiOP,31,train
Li3PO4-003923,Li3PO4,LiOP,32,train
Li3PO4-017430,Li3PO4,LiOP,61,train
Li3PO4-011451,Li3PO4,LiOP,31,train
Li3PO4-015270,Li3PO4,LiOP,61,train
Li3PO4-015884,Li3PO4,LiOP,61,train
Li3PO4-007467,Li3PO4,LiOP,32,train
ZrO2-009379,ZrO2,OZr,48,train
Li3PO4-011509,Li3PO4,LiOP,31,train
Li3PO4-011515,Li3PO4,LiOP,31,train
perovskite-000874,perovskite,CaHfOPbSrTiZr,20,train
ZrO2-005653,ZrO2,OZr,95,train
Li3PO4-016839,Li3PO4,LiOP,61,train
ZrO2-000402,ZrO2,OZr,96,train
Li3PO4-007453,Li3PO4,LiOP,32,train
perovskite-000107,perovskite,CaOPbSrTi,20,train
Li3PO4-001913,Li3PO4,LiOP,32,train
Li3PO4-004032,Li3PO4,LiOP,32,train
Li3PO4-004630,Li3PO4,LiOP,32,train
Li3PO4-006514,Li3PO4,LiOP,32,train
perovskite-000976,perovskite,BaCaOPbSrTiZr,20,train
ZrO2-002595,ZrO2,OZr,95,train
Li3PO4-000515,Li3PO4,LiOP,32,train
Li3PO4-015968,Li3PO4,LiOP,61,train
Li3PO4-013852,Li3PO4,LiOP,61,train
Li3PO4-004374,Li3PO4,LiOP,32,train
ZrO2-003969,ZrO2,OZr,47,train
perovskite-001018,perovskite,BaCaOPbTiZr,20,train
Li3PO4-010463,Li3PO4,LiOP,31,train
Li3PO4-017750,Li3PO4,LiOP,61,train
Li3PO4-011605,Li3PO4,LiOP,31,train
ZrO2-001176,ZrO2,OZr,96,train
ZrO2-005721,ZrO2,OZr,95,train
ZrO2-003422,ZrO2,OZr,95,train
Li3PO4-011348,Li3PO4,LiOP,31,train
Li3PO4-010066,Li3PO4,LiOP,31,train
Li3PO4-010617,Li3PO4,LiOP,31,train
perovskite-000949,perovskite,CaHfOPbSrTiZr,20,train
Li3PO4-012160,Li3PO4,LiOP,31,train
Li3PO4-013506,Li3PO4,LiOP,61,train
ZrO2-004450,ZrO2,OZr,47,train
ZrO2-009035,ZrO2,OZr,48,train
Li3PO4-003676,Li3PO4,LiOP,32,train
Li3PO4-011263,Li3PO4,LiOP,31,train
Li3PO4-000092,Li3PO4,LiOP,32,train
Li3PO4-008152,Li3PO4,LiOP,31,train
Li3PO4-007295,Li3PO4,LiOP,32,train
Li3PO4-000912,Li3PO4,LiOP,32,train
Li3PO4-016446,Li3PO4,LiOP,61,train
Li3PO4-005378,Li3PO4,LiOP,32,train
Li3PO4-005231,Li3PO4,LiOP,32,train
ZrO2-006993,ZrO2,OZr,95,train
Li3PO4-011353,Li3PO4,LiOP,31,train
Li3PO4-017886,Li3PO4,LiOP,61,train
Li3PO4-001495,Li3PO4,LiOP,32,train
ZrO2-006030,ZrO2,OZr,95,train
Li3PO4-007999,Li3PO4,LiOP,32,train
Li3PO4-008813,Li3PO4,LiOP,31,train
ZrO2-003135,ZrO2,OZr,95,train
Li3PO4-000403,Li3PO4,LiOP,32,train
Li3PO4-015534,Li3PO4,LiOP,61,train
Li3PO4-008052,Li3PO4,LiOP,31,train
Li3PO4-007813,Li3PO4,LiOP,32,train
Li3PO4-009624,Li3PO4,LiOP,31,train
Li3PO4-017535,Li3PO4,LiOP,61,train
Li3PO4-003170,Li3PO4,LiOP,32,train
Li3PO4-004110,Li3PO4,LiOP,32,train
Li3PO4-000556,Li3PO4,LiOP,32,train
Li3PO4-009030,Li3PO4,LiOP,31,train
Li3PO4-006730,Li3PO4,LiOP,32,train
Li3PO4-008143,Li3PO4,LiOP,31,train
ZrO2-005169,ZrO2,OZr,47,train
ZrO2-003896,ZrO2,OZr,47,train
Li3PO4-008354,Li3PO4,LiOP,31,train
ZrO2-004015,ZrO2,OZr,47,train
ZrO2-001280,ZrO2,OZr,96,train
ZrO2-009147,ZrO2,OZr,48,train
Li3PO4-000037,Li3PO4,LiOP,32,train
ZrO2-006167,ZrO2,OZr,95,train
Li3PO4-007529,Li3PO4,LiOP,32,train
ZrO2-007730,ZrO2,OZr,95,train
Li3PO4-005167,Li3PO4,LiOP,32,train
ZrO2-000193,ZrO2,OZr,96,train
Li3PO4-003859,Li3PO4,LiOP,32,train
ZrO2-009722,ZrO2,OZr,48,train
Li3PO4-000064,Li3PO4,LiOP,32,train
Li3PO4-013156,Li3PO4,LiOP,61,train
ZrO2-002853,ZrO2,OZr,95,train
Li3PO4-007907,Li3PO4,LiOP,32,train
ZrO2-005336,ZrO2,OZr,47,train
Li3PO4-001194,Li3PO4,LiOP,32,train
Li3PO4-011914,Li3PO4,LiOP,31,train
ZrO2-007213,ZrO2,OZr,95,train
Li3PO4-003283,Li3PO4,LiOP,32,train
Li3PO4-006439,Li3PO4,LiOP,32,train
Li3PO4-011126,Li3PO4,LiOP,31,train
Li3PO4-005152,Li3PO4,LiOP,32,train
ZrO2-001387,ZrO2,OZr,96,train
ZrO2-002931,ZrO2,OZr,95,train
Li3PO4-001345,Li3PO4,LiOP,32,train
ZrO2-009425,ZrO2,OZr,48,train
ZrO2-004479,ZrO2,OZr,47,train
Li3PO4-017354,Li3PO4,LiOP,61,train
Li3PO4-017390,Li3PO4,LiOP,61,train
ZrO2-007627,ZrO2,OZr,95,train
Li3PO4-006937,Li3PO4,LiOP,32,train
ZrO2-003567,ZrO2,OZr,47,train
Li3PO4-017285,Li3PO4,LiOP,61,train
perovskite-000319,perovskite,CaHfOSrZr,20,train
ZrO2-008208,ZrO2,OZr,48,train
Li3PO4-007693,Li3PO4,LiOP,32,train
ZrO2-009343,ZrO2,OZr,48,train
Li3PO4-004062,Li3PO4,LiOP,32,train
Li3PO4-002775,Li3PO4,LiOP,32,train
ZrO2-004689,ZrO2,OZr,47,train
Li3PO4-009485,Li3PO4,LiOP,31,train
Li3PO4-015014,Li3PO4,LiOP,61,train
Li3PO4-007099,Li3PO4,LiOP,32,train
ZrO2-006008,ZrO2,OZr,95,train
Li3PO4-005387,Li3PO4,LiOP,32,train
ZrO2-008754,ZrO2,OZr,48,train
ZrO2-007780,ZrO2,OZr,95,train
ZrO2-008946,ZrO2,OZr,48,train
ZrO2-004566,ZrO2,OZr,47,train
Li3PO4-005670,Li3PO4,LiOP,32,train
Li3PO4-017766,Li3PO4,LiOP,61,train
Li3PO4-009768,Li3PO4,LiOP,31,train
ZrO2-004582,ZrO2,OZr,47,train
ZrO2-004934,ZrO2,OZr,47,train
ZrO2-000636,ZrO2,OZr,96,train
Li3PO4-004649,Li3PO4,LiOP,32,train
ZrO2-007374,ZrO2,OZr,95,train
ZrO2-004206,ZrO2,OZr,47,train
ZrO2-009078,ZrO2,OZr,48,train
Li3PO4-012432,Li3PO4,LiOP,31,train
Li3PO4-007175,Li3PO4,LiOP,32,train
Li3PO4-006226,Li3PO4,LiOP,32,train
Li3PO4-012827,Li3PO4,LiOP,31,train
ZrO2-002240,ZrO2,OZr,95,train
Li3PO4-009532,Li3PO4,LiOP,31,train
Li3PO4-012773,Li3PO4,LiOP,31,train
Li3PO4-001202,Li3PO4,LiOP,32,train
ZrO2-006650,ZrO2,OZr,95,train
ZrO2-004901,ZrO2,OZr,47,train
Li3PO4-008155,Li3PO4,LiOP,31,train
Li3PO4-016959,Li3PO4,LiOP,61,train
Li3PO4-010849,Li3PO4,LiOP,31,train
Li3PO4-006549,Li3PO4,LiOP,32,train
Li3PO4-002537,Li3PO4,LiOP,32,train
Li3PO4-003263,Li3PO4,LiOP,32,train
ZrO2-009986,ZrO2,OZr,48,train
ZrO2-004833,ZrO2,OZr,47,train
Li3PO4-012548,Li3PO4,LiOP,31,train
Li3PO4-001607,Li3PO4,LiOP,32,train
Li3PO4-009499,Li3PO4,LiOP,31,train
Li3PO4-010277,Li3PO4,LiOP,31,train
Li3PO4-017551,Li3PO4,LiOP,61,train
ZrO2-008960,ZrO2,OZr,48,train
Li3PO4-009352,Li3PO4,LiOP,31,train
perovskite-000051,perovskite,BaOPbZr,20,train
Li3PO4-005149,Li3PO4,LiOP,32,train
Li3PO4-016688,Li3PO4,LiOP,61,train
ZrO2-008699,ZrO2,OZr,48,train
Li3PO4-013280,Li3PO4,LiOP,61,train
ZrO2-003105,ZrO2,OZr,95,train
Li3PO4-006058,Li3PO4,LiOP,32,train
Li3PO4-006076,Li3PO4,LiOP,32,train
Li3PO4-016570,Li3PO4,LiOP,61,train
ZrO2-009313,ZrO2,OZr,48,train
ZrO2-010053,ZrO2,OZr,48,train
ZrO2-009286,ZrO2,OZr,48,train
ZrO2-006220,ZrO2,OZr,95,train
Li3PO4-009936,Li3PO4,LiOP,31,train
ZrO2-007330,ZrO2,OZr,95,train
ZrO2-008996,ZrO2,OZr,48,train
Li3PO4-009259,Li3PO4,LiOP,31,train
Li3PO4-002127,Li3PO4,LiOP,32,train
Li3PO4-010041,Li3PO4,LiOP,31,train
Li3PO4-011027,Li3PO4,LiOP,31,train
ZrO2-004116,ZrO2,OZr,47,train
Li3PO4-008602,Li3PO4,LiOP,31,train
ZrO2-006747,ZrO2,OZr,95,train
Li3PO4-004120,Li3PO4,LiOP,32,train
ZrO2-002645,ZrO2,OZr,95,train
Li3PO4-012515,Li3PO4,LiOP,31,train
Li3PO4-014165,Li3PO4,LiOP,61,train
Li3PO4-006788,Li3PO4,LiOP,32,train
ZrO2-001369,ZrO2,OZr,96,train
ZrO2-007260,ZrO2,OZr,95,train
Li3PO4-001385,Li3PO4,LiOP,32,train
ZrO2-009960,ZrO2,OZr,48,train
ZrO2-004826,ZrO2,OZr,47,train
Li3PO4-011003,Li3PO4,LiOP,31,train
ZrO2-006942,ZrO2,OZr,95,train
Li3PO4-002009,Li3PO4,LiOP,32,train
ZrO2-008479,ZrO2,OZr,48,train
Li3PO4-002971,Li3PO4,LiOP,32,train
ZrO2-008481,ZrO2,OZr,48,train
ZrO2-009041,ZrO2,OZr,48,train
ZrO2-006412,ZrO2,OZr,95,train
Li3PO4-005630,Li3PO4,LiOP,32,train
Li3PO4-011647,Li3PO4,LiOP,31,train
ZrO2-009340,ZrO2,OZr,48,train
Li3PO4-008733,Li3PO4,LiOP,31,train
Li3PO4-001876,Li3PO4,LiOP,32,train
Li3PO4-002083,Li3PO4,LiOP,32,train
ZrO2-004172,ZrO2,OZr,47,train
Li3PO4-014525,Li3PO4,LiOP,61,train
Li3PO4-004268,Li3PO4,LiOP,32,train
Li3PO4-005125,Li3PO4,LiOP,32,train
Li3PO4-016651,Li3PO4,LiOP,61,train
ZrO2-001775,ZrO2,OZr,96,train
ZrO2-003522,ZrO2,OZr,95,train
Li3PO4-005619,Li3PO4,LiOP,32,train
ZrO2-007308,ZrO2,OZr,95,train
Li3PO4-008071,Li3PO4,LiOP,31,train
Li3PO4-008072,Li3PO4,LiOP,31,train
Li3PO4-004438,Li3PO4,LiOP,32,train
ZrO2-004467,ZrO2,OZr,47,train
Li3PO4-017516,Li3PO4,LiOP,61,train
ZrO2-001793,ZrO2,OZr,96,train
Li3PO4-007787,Li3PO4,LiOP,32,train
Li3PO4-003958,Li3PO4,LiOP,32,train
ZrO2-002851,ZrO2,OZr,95,train
Li3PO4-005315,Li3PO4,LiOP,32,train
Li3PO4-005033,Li3PO4,LiOP,32,train
ZrO2-008440,ZrO2,OZr,48,train
Li3PO4-010919,Li3PO4,LiOP,31,train
ZrO2-009083,ZrO2,OZr,48,train
Li3PO4-001634,Li3PO4,LiOP,32,train
Li3PO4-001115,Li3PO4,LiOP,32,train
Li3PO4-017560,Li3PO4,LiOP,61,train
Li3PO4-011712,Li3PO4,LiOP,31,train
ZrO2-002271,ZrO2,OZr,95,train
Li3PO4-003985,Li3PO4,LiOP,32,train
Li3PO4-009516,Li3PO4,LiOP,31,train
Li3PO4-003386,Li3PO4,LiOP,32,train
ZrO2-000261,ZrO2,OZr,96,train
Li3PO4-013489,Li3PO4,LiOP,61,train
Li3PO4-008645,Li3PO4,LiOP,31,train
ZrO2-003043,ZrO2,OZr,95,train
Li3PO4-005732,Li3PO4,LiOP,32,train
Li3PO4-005080,Li3PO4,LiOP,32,train
Li3PO4-004553,Li3PO4,LiOP,32,train
perovskite-000076,perovskite,CaOTi,20,train
Li3PO4-009276,Li3PO4,LiOP,31,train
ZrO2-001822,ZrO2,OZr,96,train
ZrO2-000812,ZrO2,OZr,96,train
ZrO2-001841,ZrO2,OZr,96,train
Li3PO4-009667,Li3PO4,LiOP,31,train
Li3PO4-011508,Li3PO4,LiOP,31,train
ZrO2-005151,ZrO2,OZr,47,train
ZrO2-006647,ZrO2,OZr,95,train
Li3PO4-016889,Li3PO4,LiOP,61,train
ZrO2-005703,ZrO2,OZr,95,train
perovskite-001041,perovskite,BaCaHfOPbTiZr,20,train
Li3PO4-015154,Li3PO4,LiOP,61,train
Li3PO4-005171,Li3PO4,LiOP,32,train
ZrO2-005767,ZrO2,OZr,95,train
ZrO2-003026,ZrO2,OZr,95,train
ZrO2-006326,ZrO2,OZr,95,train
ZrO2-007198,ZrO2,OZr,95,train
ZrO2-000277,ZrO2,OZr,96,train
ZrO2-002629,ZrO2,OZr,95,train
ZrO2-004589,ZrO2,OZr,47,train
Li3PO4-016350,Li3PO4,LiOP,61,train
Li3PO4-013756,Li3PO4,LiOP,61,train
ZrO2-006420,ZrO2,OZr,95,train
Li3PO4-006171,Li3PO4,LiOP,32,train
ZrO2-009671,ZrO2,OZr,48,train
Li3PO4-015022,Li3PO4,LiOP,61,train
Li3PO4-009860,Li3PO4,LiOP,31,train
ZrO2-002374,ZrO2,OZr,95,train
Li3PO4-015592,Li3PO4,LiOP,61,train
ZrO2-000256,ZrO2,OZr,96,train
Li3PO4-004173,Li3PO4,LiOP,32,train
Li3PO4-006849,Li3PO4,LiOP,32,train
ZrO2-006186,ZrO2,OZr,95,train
Li3PO4-004209,Li3PO4,LiOP,32,train
Li3PO4-004751,Li3PO4,LiOP,32,train
ZrO2-005054,ZrO2,OZr,47,train
perovskite-000081,perovskite,CaOPbSrTi,20,train
Li3PO4-012734,Li3PO4,LiOP,31,train
Li3PO4-002126,Li3PO4,LiOP,32,train
Li3PO4-011218,Li3PO4,LiOP,31,train
Li3PO4-015297,Li3PO4,LiOP,61,train
Li3PO4-001753,Li3PO4,LiOP,32,train
Li3PO4-013717,Li3PO4,LiOP,61,train
Li3PO4-014389,Li3PO4,LiOP,61,train
Li3PO4-013808,Li3PO4,LiOP,61,train
Li3PO4-015723,Li3PO4,LiOP,61,train
ZrO2-002598,ZrO2,OZr,95,train
Li3PO4-011382,Li3PO4,LiOP,31,train
Li3PO4-016512,Li3PO4,LiOP,61,train
ZrO2-010020,ZrO2,OZr,48,train
Li3PO4-013222,Li3PO4,LiOP,61,train
Li3PO4-009272,Li3PO4,LiOP,31,train
Li3PO4-007521,Li3PO4,LiOP,32,train
ZrO2-009023,ZrO2,OZr,48,train
ZrO2-003820,ZrO2,OZr,47,train
Li3PO4-003019,Li3PO4,LiOP,32,train
Li3PO4-006362,Li3PO4,LiOP,32,train
ZrO2-002614,ZrO2,OZr,95,train
ZrO2-005127,ZrO2,OZr,47,train
ZrO2-002007,ZrO2,OZr,95,train
perovskite-000588,perovskite,CaHfOPbTi,20,train
Li3PO4-003013,Li3PO4,LiOP,32,train
Li3PO4-009495,Li3PO4,LiOP,31,train
Li3PO4-015919,Li3PO4,LiOP,61,train
Li3PO4-006435,Li3PO4,LiOP,32,train
Li3PO4-011776,Li3PO4,LiOP,31,train
Li3PO4-004796,Li3PO4,LiOP,32,train
Li3PO4-014268,Li3PO4,LiOP,61,train
Li3PO4-013942,Li3PO4,LiOP,61,train
ZrO2-002055,ZrO2,OZr,95,train
ZrO2-007842,ZrO2,OZr,95,train
Li3PO4-004040,Li3PO4,LiOP,32,train
Li3PO4-004284,Li3PO4,LiOP,32,train
ZrO2-003699,ZrO2,OZr,47,train
Li3PO4-005783,Li3PO4,LiOP,32,train
Li3PO4-003555,Li3PO4,LiOP,32,train
ZrO2-001123,ZrO2,OZr,96,train
Li3PO4-013582,Li3PO4,LiOP,61,train
Li3PO4-007709,Li3PO4,LiOP,32,train
Li3PO4-002967,Li3PO4,LiOP,32,train
Li3PO4-014154,Li3PO4,LiOP,61,train
Li3PO4-010896,Li3PO4,LiOP,31,train
ZrO2-007636,ZrO2,OZr,95,train
ZrO2-001809,ZrO2,OZr,96,train
ZrO2-004065,ZrO2,OZr,47,train
Li3PO4-000639,Li3PO4,LiOP,32,train
ZrO2-008671,ZrO2,OZr,48,train
Li3PO4-015249,Li3PO4,LiOP,61,train
Li3PO4-000699,Li3PO4,LiOP,32,train
ZrO2-007338,ZrO2,OZr,95,train
Li3PO4-012900,Li3PO4,LiOP,31,train
ZrO2-000394,ZrO2,OZr,96,train
ZrO2-005821,ZrO2,OZr,95,train
Li3PO4-014474,Li3PO4,LiOP,61,train
ZrO2-003050,ZrO2,OZr,95,train
Li3PO4-002061,Li3PO4,LiOP,32,train
ZrO2-009187,ZrO2,OZr,48,train
ZrO2-000726,ZrO2,OZr,96,train
ZrO2-009704,ZrO2,OZr,48,train
Li3PO4-017274,Li3PO4,LiOP,61,train
Li3PO4-008739,Li3PO4,LiOP,31,train
perovskite-001068,perovskite,BaCaOPbTiZr,20,train
Li3PO4-006572,Li3PO4,LiOP,32,train
ZrO2-001050,ZrO2,OZr,96,train
ZrO2-009935,ZrO2,OZr,48,train
Li3PO4-001611,Li3PO4,LiOP,32,train
Li3PO4-001118,Li3PO4,LiOP,32,train
ZrO2-000041,ZrO2,OZr,96,train
Li3PO4-001059,Li3PO4,LiOP,32,train
ZrO2-001621,ZrO2,OZr,96,train
Li3PO4-011021,Li3PO4,LiOP,31,train
ZrO2-007550,ZrO2,OZr,95,train
Li3PO4-011760,Li3PO4,LiOP,31,train
Li3PO4-015192,Li3PO4,LiOP,61,train
perovskite-000347,perovskite,BaCaHfOTiZr,20,train
Li3PO4-007994,Li3PO4,LiOP,32,train
ZrO2-001036,ZrO2,OZr,96,train
ZrO2-005053,ZrO2,OZr,47,train
Li3PO4-006858,Li3PO4,LiOP,32,train
Li3PO4-008825,Li3PO4,LiOP,31,train
ZrO2-008695,ZrO2,OZr,48,train
ZrO2-007520,ZrO2,OZr,95,train
Li3PO4-014064,Li3PO4,LiOP,61,train
ZrO2-007805,ZrO2,OZr,95,train
Li3PO4-004160,Li3PO4,LiOP,32,train
ZrO2-009795,ZrO2,OZr,48,train
perovskite-000255,perovskite,CaHfOPbTi,20,train
Li3PO4-015343,Li3PO4,LiOP,61,train
ZrO2-006059,ZrO2,OZr,95,train
Li3PO4-001643,Li3PO4,LiOP,32,train
ZrO2-000197,ZrO2,OZr,96,train
Li3PO4-014349,Li3PO4,LiOP,61,train
Li3PO4-005164,Li3PO4,LiOP,32,train
Li3PO4-002015,Li3PO4,LiOP,32,train
Li3PO4-005473,Li3PO4,LiOP,32,train
ZrO2-005292,ZrO2,OZr,47,train
perovskite-000246,perovskite,CaHfOZr,20,train
Li3PO4-003739,Li3PO4,LiOP,32,train
Li3PO4-014713,Li3PO4,LiOP,61,train
Li3PO4-016482,Li3PO4,LiOP,61,train
Li3PO4-016582,Li3PO4,LiOP,61,train
Li3PO4-003349,Li3PO4,LiOP,32,train
Li3PO4-002866,Li3PO4,LiOP,32,train
Li3PO4-003537,Li3PO4,LiOP,32,train
ZrO2-007551,ZrO2,OZr,95,train
ZrO2-003382,ZrO2,OZr,95,train
Li3PO4-013117,Li3PO4,LiOP,61,train
Li3PO4-004722,Li3PO4,LiOP,32,train
Li3PO4-004789,Li3PO4,LiOP,32,train
Li3PO4-016036,Li3PO4,LiOP,61,train
perovskite-000039,perovskite,BaCaOPbZr,20,train
Li3PO4-002852,Li3PO4,LiOP,32,train
ZrO2-008327,ZrO2,OZr,48,train
Li3PO4-011885,Li3PO4,LiOP,31,train
Li3PO4-007555,Li3PO4,LiOP,32,train
Li3PO4-017110,Li3PO4,LiOP,61,train
Li3PO4-001307,Li3PO4,LiOP,32,train
Li3PO4-015455,Li3PO4,LiOP,61,train
Li3PO4-010798,Li3PO4,LiOP,31,train
ZrO2-003346,ZrO2,OZr,95,train
Li3PO4-013692,Li3PO4,LiOP,61,train
Li3PO4-002236,Li3PO4,LiOP,32,train
Li3PO4-013957,Li3PO4,LiOP,61,train
ZrO2-002673,ZrO2,OZr,95,train
Li3PO4-003661,Li3PO4,LiOP,32,train
Li3PO4-014593,Li3PO4,LiOP,61,train
ZrO2-001505,ZrO2,OZr,96,train
ZrO2-005626,ZrO2,OZr,95,train
perovskite-000414,perovskite,CaHfOPbSrTi,20,train
ZrO2-006663,ZrO2,OZr,95,train
Li3PO4-008373,Li3PO4,LiOP,31,train
Li3PO4-007150,Li3PO4,LiOP,32,train
Li3PO4-005718,Li3PO4,LiOP,32,train
Li3PO4-015214,Li3PO4,LiOP,61,train
Li3PO4-004289,Li3PO4,LiOP,32,train
ZrO2-003843,ZrO2,OZr,47,train
Li3PO4-017913,Li3PO4,LiOP,61,train
Li3PO4-002543,Li3PO4,LiOP,32,train
ZrO2-005109,ZrO2,OZr,47,train
Li3PO4-016930,Li3PO4,LiOP,61,train
ZrO2-004708,ZrO2,OZr,47,train
Li3PO4-009590,Li3PO4,LiOP,31,train
ZrO2-006841,ZrO2,OZr,95,train
Li3PO4-009578,Li3PO4,LiOP,31,train
Li3PO4-017449,Li3PO4,LiOP,61,train
Li3PO4-016746,Li3PO4,LiOP,61,train
perovskite-000036,perovskite,BaCaOSrZr,20,train
ZrO2-002963,ZrO2,OZr,95,train
Li3PO4-000498,Li3PO4,LiOP,32,train
Li3PO4-000394,Li3PO4,LiOP,32,train
ZrO2-006028,ZrO2,OZr,95,train
ZrO2-005174,ZrO2,OZr,47,train
Li3PO4-012251,Li3PO4,LiOP,31,train
Li3PO4-004605,Li3PO4,LiOP,32,train
Li3PO4-004531,Li3PO4,LiOP,32,train
Li3PO4-012002,Li3PO4,LiOP,31,train
Li3PO4-015263,Li3PO4,LiOP,61,train
Li3PO4-008891,Li3PO4,LiOP,31,train
Li3PO4-017125,Li3PO4,LiOP,61,train
Li3PO4-014589,Li3PO4,LiOP,61,train
Li3PO4-014748,Li3PO4,LiOP,61,train
Li3PO4-010396,Li3PO4,LiOP,31,train
Li3PO4-000685,Li3PO4,LiOP,32,train
Li3PO4-012111,Li3PO4,LiOP,31,train
Li3PO4-005841,Li3PO4,LiOP,32,train
Li3PO4-006264,Li3PO4,LiOP,32,train
ZrO2-000522,ZrO2,OZr,96,train
Li3PO4-010192,Li3PO4,LiOP,31,train
ZrO2-009856,ZrO2,OZr,48,train
Li3PO4-007420,Li3PO4,LiOP,32,train
Li3PO4-009266,Li3PO4,LiOP,31,train
Li3PO4-012430,Li3PO4,LiOP,31,train
ZrO2-002731,ZrO2,OZr,95,train
Li3PO4-017189,Li3PO4,LiOP,61,train
ZrO2-002204,ZrO2,OZr,95,train
ZrO2-003457,ZrO2,OZr,95,train
Li3PO4-009589,Li3PO4,LiOP,31,train
ZrO2-007178,ZrO2,OZr,95,train
Li3PO4-002911,Li3PO4,LiOP,32,train
ZrO2-003523,ZrO2,OZr,95,train
Li3PO4-004602,Li3PO4,LiOP,32,train
ZrO2-005078,ZrO2,OZr,47,train
ZrO2-004268,ZrO2,OZr,47,train
Li3PO4-006208,Li3PO4,LiOP,32,train
Li3PO4-001480,Li3PO4,LiOP,32,train
Li3PO4-004968,Li3PO4,LiOP,32,train
ZrO2-009975,ZrO2,OZr,48,train
Li3PO4-013413,Li3PO4,LiOP,61,train
ZrO2-008883,ZrO2,OZr,48,train
Li3PO4-016872,Li3PO4,LiOP,61,train
Li3PO4-015393,Li3PO4,LiOP,61,train
ZrO2-004604,ZrO2,OZr,47,train
ZrO2-009414,ZrO2,OZr,48,train
Li3PO4-016101,Li3PO4,LiOP,61,train
ZrO2-006127,ZrO2,OZr,95,train
Li3PO4-006307,Li3PO4,LiOP,32,train
ZrO2-005705,ZrO2,OZr,95,train
Li3PO4-014425,Li3PO4,LiOP,61,train
Li3PO4-009947,Li3PO4,LiOP,31,train
ZrO2-006012,ZrO2,OZr,95,train
Li3PO4-010613,Li3PO4,LiOP,31,train
Li3PO4-016913,Li3PO4,LiOP,61,train
ZrO2-007767,ZrO2,OZr,95,train
Li3PO4-009955,Li3PO4,LiOP,31,train
ZrO2-003637,ZrO2,OZr,47,train
ZrO2-009620,ZrO2,OZr,48,train
ZrO2-005684,ZrO2,OZr,95,train
Li3PO4-005177,Li3PO4,LiOP,32,train
Li3PO4-001543,Li3PO4,LiOP,32,train
Li3PO4-001109,Li3PO4,LiOP,32,train
Li3PO4-002164,Li3PO4,LiOP,32,train
ZrO2-007357,ZrO2,OZr,95,train
Li3PO4-016998,Li3PO4,LiOP,61,train
Li3PO4-015521,Li3PO4,LiOP,61,train
ZrO2-007026,ZrO2,OZr,95,train
ZrO2-000033,ZrO2,OZr,96,train
ZrO2-005456,ZrO2,OZr,47,train
ZrO2-007706,ZrO2,OZr,95,train
Li3PO4-014869,Li3PO4,LiOP,61,train
Li3PO4-004993,Li3PO4,LiOP,32,train
perovskite-000270,perovskite,CaHfOPbTi,20,train
ZrO2-001598,ZrO2,OZr,96,train
ZrO2-000749,ZrO2,OZr,96,train
Li3PO4-017532,Li3PO4,LiOP,61,train
Li3PO4-002301,Li3PO4,LiOP,32,train
Li3PO4-003306,Li3PO4,LiOP,32,train
Li3PO4-004949,Li3PO4,LiOP,32,train
Li3PO4-005324,Li3PO4,LiOP,32,train
Li3PO4-013556,Li3PO4,LiOP,61,train
ZrO2-001546,ZrO2,OZr,96,train
Li3PO4-010178,Li3PO4,LiOP,31,train
ZrO2-001105,ZrO2,OZr,96,train
Li3PO4-014698,Li3PO4,LiOP,61,train
ZrO2-004711,ZrO2,OZr,47,train
ZrO2-008243,ZrO2,OZr,48,train
Li3PO4-004112,Li3PO4,LiOP,32,train
ZrO2-006767,ZrO2,OZr,95,train
ZrO2-000670,ZrO2,OZr,96,train
Li3PO4-008413,Li3PO4,LiOP,31,train
Li3PO4-005375,Li3PO4,LiOP,32,train
Li3PO4-005797,Li3PO4,LiOP,32,train
Li3PO4-017279,Li3PO4,LiOP,61,train
Li3PO4-006245,Li3PO4,LiOP,32,train
Li3PO4-002531,Li3PO4,LiOP,32,train
Li3PO4-011930,Li3PO4,LiOP,31,train
Li3PO4-003088,Li3PO4,LiOP,32,train
ZrO2-004820,ZrO2,OZr,47,train
Li3PO4-003725,Li3PO4,LiOP,32,train
Li3PO4-009585,Li3PO4,LiOP,31,train
Li3PO4-006290,Li3PO4,LiOP,32,train
Li3PO4-012428,Li3PO4,LiOP,31,train
ZrO2-004168,ZrO2,OZr,47,train
Li3PO4-008188,Li3PO4,LiOP,31,train
Li3PO4-014283,Li3PO4,LiOP,61,train
Li3PO4-011482,Li3PO4,LiOP,31,train
Li3PO4-009204,Li3PO4,LiOP,31,train
Li3PO4-009697,Li3PO4,LiOP,31,train
ZrO2-008948,ZrO2,OZr,48,train
Li3PO4-009766,Li3PO4,LiOP,31,train
Li3PO4-017746,Li3PO4,LiOP,61,train
ZrO2-008385,ZrO2,OZr,48,train
ZrO2-008084,ZrO2,OZr,95,train
Li3PO4-005291,Li3PO4,LiOP,32,train
Li3PO4-012004,Li3PO4,LiOP,31,train
Li3PO4-011537,Li3PO4,LiOP,31,train
Li3PO4-014163,Li3PO4,LiOP,61,train
ZrO2-009506,ZrO2,OZr,48,train
perovskite-000562,perovskite,BaCaHfOTiZr,20,train
ZrO2-008984,ZrO2,OZr,48,train
perovskite-001031,perovskite,BaCaHfOPbTiZr,20,train
Li3PO4-009745,Li3PO4,LiOP,31,train
Li3PO4-015689,Li3PO4,LiOP,61,train
Li3PO4-005879,Li3PO4,LiOP,32,train
ZrO2-005834,ZrO2,OZr,95,train
ZrO2-009375,ZrO2,OZr,48,train
ZrO2-003153,ZrO2,OZr,95,train
Li3PO4-007044,Li3PO4,LiOP,32,train
Li3PO4-012309,Li3PO4,LiOP,31,train
Li3PO4-011159,Li3PO4,LiOP,31,train
ZrO2-005752,ZrO2,OZr,95,train
Li3PO4-013976,Li3PO4,LiOP,61,train
Li3PO4-007730,Li3PO4,LiOP,32,train
Li3PO4-007084,Li3PO4,LiOP,32,train
ZrO2-009878,ZrO2,OZr,48,train
Li3PO4-017300,Li3PO4,LiOP,61,train
Li3PO4-006302,Li3PO4,LiOP,32,train
ZrO2-000025,ZrO2,OZr,96,train
Li3PO4-011856,Li3PO4,LiOP,31,train
Li3PO4-013235,Li3PO4,LiOP,61,train
ZrO2-010098,ZrO2,OZr,48,train
Li3PO4-001744,Li3PO4,LiOP,32,train
Li3PO4-016070,Li3PO4,LiOP,61,train
Li3PO4-016600,Li3PO4,LiOP,61,train
Li3PO4-002018,Li3PO4,LiOP,32,train
ZrO2-008833,ZrO2,OZr,48,train
Li3PO4-012648,Li3PO4,LiOP,31,train
Li3PO4-016630,Li3PO4,LiOP,61,train
ZrO2-009834,ZrO2,OZr,48,train
Li3PO4-010413,Li3PO4,LiOP,31,train
Li3PO4-007685,Li3PO4,LiOP,32,train
Li3PO4-002424,Li3PO4,LiOP,32,train
Li3PO4-009843,Li3PO4,LiOP,31,train
ZrO2-005820,ZrO2,OZr,95,train
Li3PO4-008408,Li3PO4,LiOP,31,train
Li3PO4-012735,Li3PO4,LiOP,31,train
ZrO2-008653,ZrO2,OZr,48,train
Li3PO4-012407,Li3PO4,LiOP,31,train
Li3PO4-014272,Li3PO4,LiOP,61,train
Li3PO4-009228,Li3PO4,LiOP,31,train
Li3PO4-001984,Li3PO4,LiOP,32,train
Li3PO4-011050,Li3PO4,LiOP,31,train
ZrO2-003317,ZrO2,OZr,95,train
Li3PO4-015077,Li3PO4,LiOP,61,train
Li3PO4-015516,Li3PO4,LiOP,61,train
Li3PO4-002338,Li3PO4,LiOP,32,train
ZrO2-006736,ZrO2,OZr,95,train
Li3PO4-003113,Li3PO4,LiOP,32,train
Li3PO4-014909,Li3PO4,LiOP,61,train
Li3PO4-003659,Li3PO4,LiOP,32,train
ZrO2-006217,ZrO2,OZr,95,train
ZrO2-005031,ZrO2,OZr,47,train
Li3PO4-001369,Li3PO4,LiOP,32,train
Li3PO4-016407,Li3PO4,LiOP,61,train
ZrO2-007370,ZrO2,OZr,95,train
Li3PO4-004028,Li3PO4,LiOP,32,train
Li3PO4-015454,Li3PO4,LiOP,61,train
Li3PO4-015733,Li3PO4,LiOP,61,train
perovskite-000065,perovskite,BaOPbSrZr,20,train
Li3PO4-010254,Li3PO4,LiOP,31,train
Li3PO4-012445,Li3PO4,LiOP,31,train
Li3PO4-015008,Li3PO4,LiOP,61,train
ZrO2-004961,ZrO2,OZr,47,train
Li3PO4-006956,Li3PO4,LiOP,32,train
Li3PO4-011398,Li3PO4,LiOP,31,train
Li3PO4-002229,Li3PO4,LiOP,32,train
Li3PO4-012592,Li3PO4,LiOP,31,train
Li3PO4-010928,Li3PO4,LiOP,31,train
Li3PO4-012608,Li3PO4,LiOP,31,train
ZrO2-003889,ZrO2,OZr,47,train
Li3PO4-002099,Li3PO4,LiOP,32,train
Li3PO4-012509,Li3PO4,LiOP,31,train
Li3PO4-006633,Li3PO4,LiOP,32,train
ZrO2-006288,ZrO2,OZr,95,train
Li3PO4-006478,Li3PO4,LiOP,32,train
Li3PO4-009241,Li3PO4,LiOP,31,train
Li3PO4-010184,Li3PO4,LiOP,31,train
Li3PO4-015896,Li3PO4,LiOP,61,train
ZrO2-006776,ZrO2,OZr,95,train
Li3PO4-004732,Li3PO4,LiOP,32,train
perovskite-000073,perovskite,BaOSrZr,20,train
ZrO2-000619,ZrO2,OZr,96,train
perovskite-000770,perovskite,CaHfOPbSrTiZr,20,train
ZrO2-010004,ZrO2,OZr,48,train
Li3PO4-003352,Li3PO4,LiOP,32,train
Li3PO4-013404,Li3PO4,LiOP,61,train
Li3PO4-006342,Li3PO4,LiOP,32,train
ZrO2-008212,ZrO2,OZr,48,train
Li3PO4-010109,Li3PO4,LiOP,31,train
Li3PO4-004916,Li3PO4,LiOP,32,train
Li3PO4-006949,Li3PO4,LiOP,32,train
Li3PO4-016278,Li3PO4,LiOP,61,train
Li3PO4-006416,Li3PO4,LiOP,32,train
Li3PO4-002079,Li3PO4,LiOP,32,train
Li3PO4-006682,Li3PO4,LiOP,32,train
ZrO2-004714,ZrO2,OZr,47,train
ZrO2-008455,ZrO2,OZr,48,train
Li3PO4-017309,Li3PO4,LiOP,61,train
Li3PO4-011012,Li3PO4,LiOP,31,train
ZrO2-002803,ZrO2,OZr,95,train
Li3PO4-014302,Li3PO4,LiOP,61,train
Li3PO4-004729,Li3PO4,LiOP,32,train
Li3PO4-006173,Li3PO4,LiOP,32,train
Li3PO4-003050,Li3PO4,LiOP,32,train
ZrO2-007750,ZrO2,OZr,95,train
ZrO2-004673,ZrO2,OZr,47,train
ZrO2-002739,ZrO2,OZr,95,train
ZrO2-002713,ZrO2,OZr,95,train
Li3PO4-006167,Li3PO4,LiOP,32,train
ZrO2-003190,ZrO2,OZr,95,train
Li3PO4-007547,Li3PO4,LiOP,32,train
Li3PO4-005850,Li3PO4,LiOP,32,train
ZrO2-001922,ZrO2,OZr,96,train
Li3PO4-014323,Li3PO4,LiOP,61,train
Li3PO4-009907,Li3PO4,LiOP,31,train
Li3PO4-017299,Li3PO4,LiOP,61,train
ZrO2-006283,ZrO2,OZr,95,train
Li3PO4-005201,Li3PO4,LiOP,32,train
ZrO2-009543,ZrO2,OZr,48,train
ZrO2-004968,ZrO2,OZr,47,train
ZrO2-008766,ZrO2,OZr,48,train
ZrO2-002290,ZrO2,OZr,95,train
ZrO2-006048,ZrO2,OZr,95,train
Li3PO4-010054,Li3PO4,LiOP,31,train
perovskite-001203,perovskite,CaHfOSrTiZr,20,train
Li3PO4-009639,Li3PO4,LiOP,31,train
ZrO2-008467,ZrO2,OZr,48,train
Li3PO4-008404,Li3PO4,LiOP,31,train
ZrO2-008187,ZrO2,OZr,48,train
ZrO2-004031,ZrO2,OZr,47,train
ZrO2-004733,ZrO2,OZr,47,train
Li3PO4-016240,Li3PO4,LiOP,61,train
Li3PO4-000781,Li3PO4,LiOP,32,train
Li3PO4-004351,Li3PO4,LiOP,32,train
Li3PO4-016528,Li3PO4,LiOP,61,train
Li3PO4-011041,Li3PO4,LiOP,31,train
perovskite-001055,perovskite,BaCaHfOPbTi,20,train
Li3PO4-002553,Li3PO4,LiOP,32,train
Li3PO4-005651,Li3PO4,LiOP,32,train
Li3PO4-012881,Li3PO4,LiOP,31,train
ZrO2-000301,ZrO2,OZr,96,train
Li3PO4-012968,Li3PO4,LiOP,31,train
Li3PO4-013494,Li3PO4,LiOP,61,train
ZrO2-003930,ZrO2,OZr,47,train
Li3PO4-001567,Li3PO4,LiOP,32,train
Li3PO4-002799,Li3PO4,LiOP,32,train
ZrO2-004440,ZrO2,OZr,47,train
Li3PO4-015109,Li3PO4,LiOP,61,train
Li3PO4-005082,Li3PO4,LiOP,32,train
Li3PO4-012904,Li3PO4,LiOP,31,train
Li3PO4-005818,Li3PO4,LiOP,32,train
Li3PO4-004224,Li3PO4,LiOP,32,train
Li3PO4-015397,Li3PO4,LiOP,61,train
ZrO2-001746,ZrO2,OZr,96,train
Li3PO4-009875,Li3PO4,LiOP,31,train
ZrO2-005775,ZrO2,OZr,95,train
Li3PO4-005138,Li3PO4,LiOP,32,train
perovskite-000493,perovskite,CaHfOSrTiZr,20,train
Li3PO4-006015,Li3PO4,LiOP,32,train
ZrO2-007440,ZrO2,OZr,95,train
Li3PO4-004253,Li3PO4,LiOP,32,train
Li3PO4-004793,Li3PO4,LiOP,32,train
Li3PO4-002474,Li3PO4,LiOP,32,train
ZrO2-009258,ZrO2,OZr,48,train
ZrO2-004802,ZrO2,OZr,47,train
ZrO2-006014,ZrO2,OZr,95,train
Li3PO4-012909,Li3PO4,LiOP,31,train
Li3PO4-011529,Li3PO4,LiOP,31,train
Li3PO4-017984,Li3PO4,LiOP,61,train
ZrO2-009917,ZrO2,OZr,48,train
ZrO2-001326,ZrO2,OZr,96,train
Li3PO4-001974,Li3PO4,LiOP,32,train
Li3PO4-013602,Li3PO4,LiOP,61,train
Li3PO4-008597,Li3PO4,LiOP,31,train
ZrO2-009755,ZrO2,OZr,48,train
Li3PO4-006321,Li3PO4,LiOP,32,train
Li3PO4-003598,Li3PO4,LiOP,32,train
Li3PO4-001602,Li3PO4,LiOP,32,train
Li3PO4-009538,Li3PO4,LiOP,31,train
Li3PO4-007289,Li3PO4,LiOP,32,train
Li3PO4-001965,Li3PO4,LiOP,32,train
Li3PO4-001236,Li3PO4,LiOP,32,train
perovskite-000815,perovskite,BaCaHfOPbTiZr,20,train
Li3PO4-007154,Li3PO4,LiOP,32,train
ZrO2-006383,ZrO2,OZr,95,train
ZrO2-002863,ZrO2,OZr,95,train
Li3PO4-010228,Li3PO4,LiOP,31,train
Li3PO4-009392,Li3PO4,LiOP,31,train
Li3PO4-011379,Li3PO4,LiOP,31,train
Li3PO4-014354,Li3PO4,LiOP,61,train
Li3PO4-013500,Li3PO4,LiOP,61,train
Li3PO4-015878,Li3PO4,LiOP,61,train
Li3PO4-008861,Li3PO4,LiOP,31,train
ZrO2-005698,ZrO2,OZr,95,train
ZrO2-007683,ZrO2,OZr,95,train
perovskite-000660,perovskite,BaCaHfOPbTiZr,20,train
Li3PO4-010281,Li3PO4,LiOP,31,train
Li3PO4-006175,Li3PO4,LiOP,32,train
Li3PO4-006344,Li3PO4,LiOP,32,train
ZrO2-006134,ZrO2,OZr,95,train
Li3PO4-006474,Li3PO4,LiOP,32,train
Li3PO4-014487,Li3PO4,LiOP,61,train
Li3PO4-017533,Li3PO4,LiOP,61,train
Li3PO4-006051,Li3PO4,LiOP,32,train
Li3PO4-008430,Li3PO4,LiOP,31,train
ZrO2-000237,ZrO2,OZr,96,train
ZrO2-001185,ZrO2,OZr,96,train
perovskite-000296,perovskite,CaHfOSrTiZr,20,train
Li3PO4-005617,Li3PO4,LiOP,32,train
ZrO2-006324,ZrO2,OZr,95,train
ZrO2-006718,ZrO2,OZr,95,train
Li3PO4-006202,Li3PO4,LiOP,32,train
Li3PO4-011225,Li3PO4,LiOP,31,train
ZrO2-004565,ZrO2,OZr,47,train
Li3PO4-016353,Li3PO4,LiOP,61,train
Li3PO4-011370,Li3PO4,LiOP,31,train
Li3PO4-016206,Li3PO4,LiOP,61,train
Li3PO4-007530,Li3PO4,LiOP,32,train
Li3PO4-011558,Li3PO4,LiOP,31,train
Li3PO4-011991,Li3PO4,LiOP,31,train
Li3PO4-008578,Li3PO4,LiOP,31,train
Li3PO4-001093,Li3PO4,LiOP,32,train
Li3PO4-009822,Li3PO4,LiOP,31,train
ZrO2-008631,ZrO2,OZr,48,train
Li3PO4-017717,Li3PO4,LiOP,61,train
Li3PO4-008317,Li3PO4,LiOP,31,train
Li3PO4-005812,Li3PO4,LiOP,32,train
Li3PO4-002468,Li3PO4,LiOP,32,train
ZrO2-007157,ZrO2,OZr,95,train
Li3PO4-006843,Li3PO4,LiOP,32,train
Li3PO4-005534,Li3PO4,LiOP,32,train
Li3PO4-012775,Li3PO4,LiOP,31,train
Li3PO4-006809,Li3PO4,LiOP,32,train
ZrO2-002966,ZrO2,OZr,95,train
Li3PO4-015207,Li3PO4,LiOP,61,train
ZrO2-003126,ZrO2,OZr,95,train
ZrO2-007517,ZrO2,OZr,95,train
Li3PO4-005048,Li3PO4,LiOP,32,train
ZrO2-006406,ZrO2,OZr,95,train
Li3PO4-013870,Li3PO4,LiOP,61,train
Li3PO4-012682,Li3PO4,LiOP,31,train
ZrO2-001499,ZrO2,OZr,96,train
Li3PO4-015360,Li3PO4,LiOP,61,train
Li3PO4-007640,Li3PO4,LiOP,32,train
Li3PO4-005550,Li3PO4,LiOP,32,train
Li3PO4-001132,Li3PO4,LiOP,32,train
ZrO2-000239,ZrO2,OZr,96,train
perovskite-000496,perovskite,CaHfOSrTiZr,20,train
Li3PO4-012135,Li3PO4,LiOP,31,train
Li3PO4-000369,Li3PO4,LiOP,32,train
ZrO2-002784,ZrO2,OZr,95,train
Li3PO4-010013,Li3PO4,LiOP,31,train
ZrO2-001063,ZrO2,OZr,96,train
ZrO2-007431,ZrO2,OZr,95,train
Li3PO4-000655,Li3PO4,LiOP,32,train
ZrO2-007933,ZrO2,OZr,95,train
perovskite-000444,perovskite,BaCaHfOPbTiZr,20,train
ZrO2-009044,ZrO2,OZr,48,train
ZrO2-007406,ZrO2,OZr,95,train
perovskite-000672,perovskite,BaCaHfOPbTi,20,train
Li3PO4-010479,Li3PO4,LiOP,31,train
ZrO2-000270,ZrO2,OZr,96,train
Li3PO4-008616,Li3PO4,LiOP,31,train
Li3PO4-012324,Li3PO4,LiOP,31,train
ZrO2-004037,ZrO2,OZr,47,train
Li3PO4-000417,Li3PO4,LiOP,32,train
ZrO2-002527,ZrO2,OZr,95,train
ZrO2-001446,ZrO2,OZr,96,train
Li3PO4-005813,Li3PO4,LiOP,32,train
Li3PO4-003890,Li3PO4,LiOP,32,train
Li3PO4-002051,Li3PO4,LiOP,32,train
ZrO2-000859,ZrO2,OZr,96,train
perovskite-000080,perovskite,CaOPbTi,20,train
Li3PO4-014440,Li3PO4,LiOP,61,train
Li3PO4-008418,Li3PO4,LiOP,31,train
Li3PO4-006431,Li3PO4,LiOP,32,train
Li3PO4-002823,Li3PO4,LiOP,32,train
ZrO2-008472,ZrO2,OZr,48,train
Li3PO4-002740,Li3PO4,LiOP,32,train
Li3PO4-013568,Li3PO4,LiOP,61,train
ZrO2-005348,ZrO2,OZr,47,train
Li3PO4-011407,Li3PO4,LiOP,31,train
perovskite-000537,perovskite,BaCaHfOSrZr,20,train
Li3PO4-001373,Li3PO4,LiOP,32,train
Li3PO4-017419,Li3PO4,LiOP,61,train
perovskite-000646,perovskite,CaHfOPbSrZr,20,train
Li3PO4-008919,Li3PO4,LiOP,31,train
Li3PO4-001155,Li3PO4,LiOP,32,train
ZrO2-001885,ZrO2,OZr,96,train
Li3PO4-016613,Li3PO4,LiOP,61,train
Li3PO4-009922,Li3PO4,LiOP,31,train
ZrO2-008400,ZrO2,OZr,48,train
Li3PO4-003608,Li3PO4,LiOP,32,train
Li3PO4-011374,Li3PO4,LiOP,31,train
Li3PO4-010524,Li3PO4,LiOP,31,train
ZrO2-007300,ZrO2,OZr,95,train
ZrO2-001806,ZrO2,OZr,96,train
ZrO2-000878,ZrO2,OZr,96,train
ZrO2-008330,ZrO2,OZr,48,train
Li3PO4-009772,Li3PO4,LiOP,31,train
ZrO2-005921,ZrO2,OZr,95,train
Li3PO4-015843,Li3PO4,LiOP,61,train
ZrO2-002667,ZrO2,OZr,95,train
Li3PO4-007256,Li3PO4,LiOP,32,train
ZrO2-000771,ZrO2,OZr,96,train
Li3PO4-015114,Li3PO4,LiOP,61,train
ZrO2-009562,ZrO2,OZr,48,train
ZrO2-003701,ZrO2,OZr,47,train
ZrO2-003751,ZrO2,OZr,47,train
Li3PO4-012636,Li3PO4,LiOP,31,train
ZrO2-008198,ZrO2,OZr,48,train
ZrO2-009415,ZrO2,OZr,48,train
ZrO2-001754,ZrO2,OZr,96,train
ZrO2-002349,ZrO2,OZr,95,train
ZrO2-006148,ZrO2,OZr,95,train
Li3PO4-016780,Li3PO4,LiOP,61,train
Li3PO4-014366,Li3PO4,LiOP,61,train
perovskite-001115,perovskite,BaCaHfOPbSrTiZr,20,train
Li3PO4-001688,Li3PO4,LiOP,32,train
ZrO2-001864,ZrO2,OZr,96,train
Li3PO4-002458,Li3PO4,LiOP,32,train
ZrO2-002242,ZrO2,OZr,95,train
Li3PO4-007076,Li3PO4,LiOP,32,train
Li3PO4-002420,Li3PO4,LiOP,32,train
Li3PO4-011427,Li3PO4,LiOP,31,train
Li3PO4-001935,Li3PO4,LiOP,32,train
Li3PO4-014917,Li3PO4,LiOP,61,train
ZrO2-007008,ZrO2,OZr,95,train
Li3PO4-003634,Li3PO4,LiOP,32,train
ZrO2-006400,ZrO2,OZr,95,train
Li3PO4-003154,Li3PO4,LiOP,32,train
ZrO2-005801,ZrO2,OZr,95,train
perovskite-000799,perovskite,CaHfOPbSrZr,20,train
Li3PO4-010819,Li3PO4,LiOP,31,train
perovskite-000427,perovskite,CaHfOPbSrZr,20,train
Li3PO4-016926,Li3PO4,LiOP,61,train
Li3PO4-005802,Li3PO4,LiOP,32,train
Li3PO4-007983,Li3PO4,LiOP,32,train
Li3PO4-006779,Li3PO4,LiOP,32,train
Li3PO4-008548,Li3PO4,LiOP,31,train
Li3PO4-003511,Li3PO4,LiOP,32,train
Li3PO4-008640,Li3PO4,LiOP,31,train
Li3PO4-002857,Li3PO4,LiOP,32,train
Li3PO4-014890,Li3PO4,LiOP,61,train
Li3PO4-012210,Li3PO4,LiOP,31,train
Li3PO4-010707,Li3PO4,LiOP,31,train
Li3PO4-008350,Li3PO4,LiOP,31,train
Li3PO4-017033,Li3PO4,LiOP,61,train
Li3PO4-000171,Li3PO4,LiOP,32,train
ZrO2-006410,ZrO2,OZr,95,train
perovskite-000232,perovskite,CaOTiZr,20,train
Li3PO4-011260,Li3PO4,LiOP,31,train
Li3PO4-009121,Li3PO4,LiOP,31,train
Li3PO4-009178,Li3PO4,LiOP,31,train
Li3PO4-014386,Li3PO4,LiOP,61,train
ZrO2-006199,ZrO2,OZr,95,train
Li3PO4-014798,Li3PO4,LiOP,61,train
Li3PO4-008265,Li3PO4,LiOP,31,train
Li3PO4-004655,Li3PO4,LiOP,32,train
ZrO2-002799,ZrO2,OZr,95,train
Li3PO4-017348,Li3PO4,LiOP,61,train
ZrO2-004145,ZrO2,OZr,47,train
Li3PO4-013007,Li3PO4,LiOP,61,train
Li3PO4-007699,Li3PO4,LiOP,32,train
Li3PO4-007069,Li3PO4,LiOP,32,train
ZrO2-005660,ZrO2,OZr,95,train
Li3PO4-015248,Li3PO4,LiOP,61,train
Li3PO4-000961,Li3PO4,LiOP,32,train
Li3PO4-009576,Li3PO4,LiOP,31,train
Li3PO4-001860,Li3PO4,LiOP,32,train
ZrO2-006678,ZrO2,OZr,95,train
Li3PO4-010718,Li3PO4,LiOP,31,train
ZrO2-006992,ZrO2,OZr,95,train
ZrO2-008827,ZrO2,OZr,48,train
Li3PO4-014235,Li3PO4,LiOP,61,train
ZrO2-002659,ZrO2,OZr,95,train
ZrO2-003188,ZrO2,OZr,95,train
ZrO2-001090,ZrO2,OZr,96,train
Li3PO4-001507,Li3PO4,LiOP,32,train
ZrO2-009091,ZrO2,OZr,48,train
Li3PO4-014674,Li3PO4,LiOP,61,train
ZrO2-006188,ZrO2,OZr,95,train
Li3PO4-007272,Li3PO4,LiOP,32,train
Li3PO4-008531,Li3PO4,LiOP,31,train
Li3PO4-004615,Li3PO4,LiOP,32,train
Li3PO4-008490,Li3PO4,LiOP,31,train
ZrO2-003609,ZrO2,OZr,47,train
Li3PO4-008785,Li3PO4,LiOP,31,train
Li3PO4-002091,Li3PO4,LiOP,32,train
ZrO2-008226,ZrO2,OZr,48,train
ZrO2-002200,ZrO2,OZr,95,train
Li3PO4-012615,Li3PO4,LiOP,31,train
ZrO2-008393,ZrO2,OZr,48,train
ZrO2-004723,ZrO2,OZr,47,train
Li3PO4-017591,Li3PO4,LiOP,61,train
Li3PO4-003930,Li3PO4,LiOP,32,train
Li3PO4-017520,Li3PO4,LiOP,61,train
Li3PO4-012607,Li3PO4,LiOP,31,train
ZrO2-006985,ZrO2,OZr,95,train
perovskite-000797,perovskite,CaHfOPbSrZr,20,train
ZrO2-000659,ZrO2,OZr,96,train
perovskite-001198,perovskite,CaHfOSrTiZr,20,train
Li3PO4-015595,Li3PO4,LiOP,61,train
ZrO2-001569,ZrO2,OZr,96,train
Li3PO4-011075,Li3PO4,LiOP,31,train
Li3PO4-014256,Li3PO4,LiOP,61,train
Li3PO4-005537,Li3PO4,LiOP,32,train
ZrO2-005902,ZrO2,OZr,95,train
Li3PO4-012579,Li3PO4,LiOP,31,train
Li3PO4-002438,Li3PO4,LiOP,32,train
ZrO2-007037,ZrO2,OZr,95,train
Li3PO4-016971,Li3PO4,LiOP,61,train
Li3PO4-006595,Li3PO4,LiOP,32,train
ZrO2-003131,ZrO2,OZr,95,train
Li3PO4-017308,Li3PO4,LiOP,61,train
Li3PO4-005825,Li3PO4,LiOP,32,train
ZrO2-000196,ZrO2,OZr,96,train
ZrO2-003981,ZrO2,OZr,47,train
ZrO2-000010,ZrO2,OZr,96,train
Li3PO4-009091,Li3PO4,LiOP,31,train
Li3PO4-015746,Li3PO4,LiOP,61,train
ZrO2-008031,ZrO2,OZr,95,train
Li3PO4-005487,Li3PO4,LiOP,32,train
Li3PO4-009040,Li3PO4,LiOP,31,train
ZrO2-001104,ZrO2,OZr,96,train
Li3PO4-005284,Li3PO4,LiOP,32,train
Li3PO4-007079,Li3PO4,LiOP,32,train
Li3PO4-011455,Li3PO4,LiOP,31,train
Li3PO4-005634,Li3PO4,LiOP,32,train
ZrO2-003009,ZrO2,OZr,95,train
perovskite-000684,perovskite,BaCaHfOPbTiZr,20,train
Li3PO4-009743,Li3PO4,LiOP,31,train
Li3PO4-007144,Li3PO4,LiOP,32,train
ZrO2-004570,ZrO2,OZr,47,train
ZrO2-007729,ZrO2,OZr,95,train
ZrO2-007764,ZrO2,OZr,95,train
Li3PO4-008045,Li3PO4,LiOP,31,train
ZrO2-009556,ZrO2,OZr,48,train
perovskite-000437,perovskite,CaHfOPbSrTi,20,train
Li3PO4-013465,Li3PO4,LiOP,61,train
Li3PO4-004599,Li3PO4,LiOP,32,train
ZrO2-005207,ZrO2,OZr,47,train
ZrO2-007401,ZrO2,OZr,95,train
Li3PO4-005244,Li3PO4,LiOP,32,train
Li3PO4-006711,Li3PO4,LiOP,32,train
ZrO2-000068,ZrO2,OZr,96,train
Li3PO4-013344,Li3PO4,LiOP,61,train
ZrO2-006631,ZrO2,OZr,95,train
Li3PO4-015810,Li3PO4,LiOP,61,train
perovskite-000591,perovskite,CaHfOPbTiZr,20,train
Li3PO4-006418,Li3PO4,LiOP,32,train
ZrO2-003913,ZrO2,OZr,47,train
Li3PO4-003453,Li3PO4,LiOP,32,train
ZrO2-009360,ZrO2,OZr,48,train
Li3PO4-003478,Li3PO4,LiOP,32,train
ZrO2-000116,ZrO2,OZr,96,train
Li3PO4-013828,Li3PO4,LiOP,61,train
ZrO2-009491,ZrO2,OZr,48,train
Li3PO4-012897,Li3PO4,LiOP,31,train
Li3PO4-016197,Li3PO4,LiOP,61,train
Li3PO4-004281,Li3PO4,LiOP,32,train
Li3PO4-015048,Li3PO4,LiOP,61,train
Li3PO4-001921,Li3PO4,LiOP,32,train
ZrO2-007777,ZrO2,OZr,95,train
Li3PO4-010320,Li3PO4,LiOP,31,train
ZrO2-003755,ZrO2,OZr,47,train
ZrO2-003664,ZrO2,OZr,47,train
ZrO2-000249,ZrO2,OZr,96,train
Li3PO4-006915,Li3PO4,LiOP,32,train
Li3PO4-011950,Li3PO4,LiOP,31,train
Li3PO4-002796,Li3PO4,LiOP,32,train
Li3PO4-015524,Li3PO4,LiOP,61,train
ZrO2-006991,ZrO2,OZr,95,train
Li3PO4-008658,Li3PO4,LiOP,31,train
perovskite-001095,perovskite,BaCaHfOPbTi,20,train
Li3PO4-003411,Li3PO4,LiOP,32,train
Li3PO4-002555,Li3PO4,LiOP,32,train
Li3PO4-014684,Li3PO4,LiOP,61,train
ZrO2-004652,ZrO2,OZr,47,train
Li3PO4-013348,Li3PO4,LiOP,61,train
Li3PO4-016725,Li3PO4,LiOP,61,train
perovskite-001160,perovskite,BaCaHfOPbTiZr,20,train
Li3PO4-004488,Li3PO4,LiOP,32,train
Li3PO4-004118,Li3PO4,LiOP,32,train
Li3PO4-014740,Li3PO4,LiOP,61,train
Li3PO4-013122,Li3PO4,LiOP,61,train
ZrO2-004078,ZrO2,OZr,47,train
ZrO2-001544,ZrO2,OZr,96,train
Li3PO4-002032,Li3PO4,LiOP,32,train
ZrO2-000349,ZrO2,OZr,96,train
Li3PO4-003560,Li3PO4,LiOP,32,train
ZrO2-002727,ZrO2,OZr,95,train
Li3PO4-008200,Li3PO4,LiOP,31,train
Li3PO4-011848,Li3PO4,LiOP,31,train
ZrO2-002143,ZrO2,OZr,95,train
Li3PO4-016883,Li3PO4,LiOP,61,train
Li3PO4-015440,Li3PO4,LiOP,61,train
Li3PO4-002108,Li3PO4,LiOP,32,train
Li3PO4-006386,Li3PO4,LiOP,32,train
Li3PO4-015823,Li3PO4,LiOP,61,train
Li3PO4-000215,Li3PO4,LiOP,32,train
Li3PO4-005680,Li3PO4,LiOP,32,train
ZrO2-006785,ZrO2,OZr,95,train
ZrO2-008307,ZrO2,OZr,48,train
Li3PO4-017827,Li3PO4,LiOP,61,train
Li3PO4-007838,Li3PO4,LiOP,32,train
Li3PO4-001183,Li3PO4,LiOP,32,train
Li3PO4-000659,Li3PO4,LiOP,32,train
Li3PO4-006558,Li3PO4,LiOP,32,train
ZrO2-003771,ZrO2,OZr,47,train
ZrO2-008557,ZrO2,OZr,48,train
Li3PO4-000423,Li3PO4,LiOP,32,train
Li3PO4-014295,Li3PO4,LiOP,61,train
Li3PO4-005838,Li3PO4,LiOP,32,train
ZrO2-007484,ZrO2,OZr,95,train
Li3PO4-013214,Li3PO4,LiOP,61,train
perovskite-001100,perovskite,BaCaOPbSrTiZr,20,train
Li3PO4-010904,Li3PO4,LiOP,31,train
ZrO2-002011,ZrO2,OZr,95,train
Li3PO4-010420,Li3PO4,LiOP,31,train
Li3PO4-010006,Li3PO4,LiOP,31,train
ZrO2-003498,ZrO2,OZr,95,train
Li3PO4-010959,Li3PO4,LiOP,31,train
Li3PO4-017650,Li3PO4,LiOP,61,train
ZrO2-004042,ZrO2,OZr,47,train
Li3PO4-003999,Li3PO4,LiOP,32,train
ZrO2-005808,ZrO2,OZr,95,train
Li3PO4-009741,Li3PO4,LiOP,31,train
perovskite-000329,perovskite,CaHfOSrTi,20,train
Li3PO4-010171,Li3PO4,LiOP,31,train
Li3PO4-006529,Li3PO4,LiOP,32,train
Li3PO4-006888,Li3PO4,LiOP,32,train
Li3PO4-012284,Li3PO4,LiOP,31,train
ZrO2-003298,ZrO2,OZr,95,train
Li3PO4-011553,Li3PO4,LiOP,31,train
perovskite-000849,perovskite,CaHfOPbSrTi,20,train
Li3PO4-013918,Li3PO4,LiOP,61,train
Li3PO4-009029,Li3PO4,LiOP,31,train
ZrO2-004383,ZrO2,OZr,47,train
Li3PO4-016460,Li3PO4,LiOP,61,train
ZrO2-001924,ZrO2,OZr,96,train
ZrO2-000060,ZrO2,OZr,96,train
Li3PO4-000289,Li3PO4,LiOP,32,train
ZrO2-007382,ZrO2,OZr,95,train
Li3PO4-005210,Li3PO4,LiOP,32,train
Li3PO4-017631,Li3PO4,LiOP,61,train
perovskite-000209,perovskite,BaHfOPbSr,20,train
Li3PO4-001387,Li3PO4,LiOP,32,train
ZrO2-002047,ZrO2,OZr,95,train
ZrO2-003493,ZrO2,OZr,95,train
ZrO2-009062,ZrO2,OZr,48,train
perovskite-001004,perovskite,BaCaHfOPbSrTiZr,20,train
Li3PO4-012654,Li3PO4,LiOP,31,train
Li3PO4-015666,Li3PO4,LiOP,61,train
ZrO2-009308,ZrO2,OZr,48,train
Li3PO4-003920,Li3PO4,LiOP,32,train
Li3PO4-007211,Li3PO4,LiOP,32,train
Li3PO4-000144,Li3PO4,LiOP,32,train
Li3PO4-000198,Li3PO4,LiOP,32,train
Li3PO4-012675,Li3PO4,LiOP,31,train
ZrO2-004988,ZrO2,OZr,47,train
ZrO2-002318,ZrO2,OZr,95,train
Li3PO4-007305,Li3PO4,LiOP,32,train
perovskite-000253,perovskite,CaHfOPbTi,20,train
Li3PO4-017851,Li3PO4,LiOP,61,train
ZrO2-008116,ZrO2,OZr,48,train
Li3PO4-010249,Li3PO4,LiOP,31,train
ZrO2-005179,ZrO2,OZr,47,train
Li3PO4-017282,Li3PO4,LiOP,61,train
ZrO2-006408,ZrO2,OZr,95,train
ZrO2-000504,ZrO2,OZr,96,train
Li3PO4-006728,Li3PO4,LiOP,32,train
Li3PO4-016082,Li3PO4,LiOP,61,train
Li3PO4-003350,Li3PO4,LiOP,32,train
Li3PO4-000114,Li3PO4,LiOP,32,train
Li3PO4-010355,Li3PO4,LiOP,31,train
Li3PO4-003266,Li3PO4,LiOP,32,train
ZrO2-000747,ZrO2,OZr,96,train
Li3PO4-016025,Li3PO4,LiOP,61,train
Li3PO4-013149,Li3PO4,LiOP,61,train
Li3PO4-004753,Li3PO4,LiOP,32,train
Li3PO4-001728,Li3PO4,LiOP,32,train
Li3PO4-014009,Li3PO4,LiOP,61,train
perovskite-000694,perovskite,BaCaHfOPbTiZr,20,train
Li3PO4-000720,Li3PO4,LiOP,32,train
Li3PO4-006646,Li3PO4,LiOP,32,train
Li3PO4-017344,Li3PO4,LiOP,61,train
ZrO2-001060,ZrO2,OZr,96,train
ZrO2-001870,ZrO2,OZr,96,train
ZrO2-000453,ZrO2,OZr,96,train
ZrO2-000890,ZrO2,OZr,96,train
Li3PO4-016303,Li3PO4,LiOP,61,train
Li3PO4-015915,Li3PO4,LiOP,61,train
Li3PO4-009301,Li3PO4,LiOP,31,train
Li3PO4-012634,Li3PO4,LiOP,31,train
ZrO2-010068,ZrO2,OZr,48,train
ZrO2-003817,ZrO2,OZr,47,train
ZrO2-002339,ZrO2,OZr,95,train
Li3PO4-008160,Li3PO4,LiOP,31,train
ZrO2-008730,ZrO2,OZr,48,train
Li3PO4-009376,Li3PO4,LiOP,31,train
ZrO2-005088,ZrO2,OZr,47,train
Li3PO4-000776,Li3PO4,LiOP,32,train
Li3PO4-000677,Li3PO4,LiOP,32,train
Li3PO4-005713,Li3PO4,LiOP,32,train
ZrO2-009159,ZrO2,OZr,48,train
ZrO2-005460,ZrO2,OZr,47,train
Li3PO4-014775,Li3PO4,LiOP,61,train
ZrO2-006962,ZrO2,OZr,95,train
Li3PO4-012855,Li3PO4,LiOP,31,train
Li3PO4-009725,Li3PO4,LiOP,31,train
Li3PO4-000304,Li3PO4,LiOP,32,train
Li3PO4-014529,Li3PO4,LiOP,61,train
ZrO2-001260,ZrO2,OZr,96,train
Li3PO4-001707,Li3PO4,LiOP,32,train
Li3PO4-014311,Li3PO4,LiOP,61,train
Li3PO4-008406,Li3PO4,LiOP,31,train
ZrO2-005981,ZrO2,OZr,95,train
ZrO2-004743,ZrO2,OZr,47,train
Li3PO4-013845,Li3PO4,LiOP,61,train
Li3PO4-006009,Li3PO4,LiOP,32,train
Li3PO4-014477,Li3PO4,LiOP,61,train
Li3PO4-014605,Li3PO4,LiOP,61,train
ZrO2-002185,ZrO2,OZr,95,train
ZrO2-008686,ZrO2,OZr,48,train
Li3PO4-016063,Li3PO4,LiOP,61,train
ZrO2-005968,ZrO2,OZr,95,train
Li3PO4-014071,Li3PO4,LiOP,61,train
perovskite-001159,perovskite,BaCaHfOPbTiZr,20,train
Li3PO4-011884,Li3PO4,LiOP,31,train
Li3PO4-013572,Li3PO4,LiOP,61,train
Li3PO4-003347,Li3PO4,LiOP,32,train
ZrO2-007800,ZrO2,OZr,95,train
Li3PO4-003858,Li3PO4,LiOP,32,train
Li3PO4-007682,Li3PO4,LiOP,32,train
ZrO2-006729,ZrO2,OZr,95,train
Li3PO4-015237,Li3PO4,LiOP,61,train
ZrO2-006894,ZrO2,OZr,95,train
Li3PO4-002793,Li3PO4,LiOP,32,train
Li3PO4-007620,Li3PO4,LiOP,32,train
Li3PO4-007985,Li3PO4,LiOP,32,train
Li3PO4-006203,Li3PO4,LiOP,32,train
Li3PO4-002621,Li3PO4,LiOP,32,train
Li3PO4-006994,Li3PO4,LiOP,32,train
Li3PO4-000749,Li3PO4,LiOP,32,train
ZrO2-009955,ZrO2,OZr,48,train
Li3PO4-010333,Li3PO4,LiOP,31,train
ZrO2-004690,ZrO2,OZr,47,train
Li3PO4-005513,Li3PO4,LiOP,32,train
Li3PO4-013770,Li3PO4,LiOP,61,train
ZrO2-004173,ZrO2,OZr,47,train
Li3PO4-010374,Li3PO4,LiOP,31,train
Li3PO4-009043,Li3PO4,LiOP,31,train
Li3PO4-005153,Li3PO4,LiOP,32,train
ZrO2-001906,ZrO2,OZr,96,train
ZrO2-006791,ZrO2,OZr,95,train
ZrO2-005556,ZrO2,OZr,47,train
Li3PO4-000796,Li3PO4,LiOP,32,train
ZrO2-005394,ZrO2,OZr,47,train
ZrO2-001403,ZrO2,OZr,96,train
ZrO2-009335,ZrO2,OZr,48,train
ZrO2-001015,ZrO2,OZr,96,train
perovskite-000544,perovskite,BaCaHfOSrTiZr,20,train
ZrO2-008175,ZrO2,OZr,48,train
ZrO2-009995,ZrO2,OZr,48,train
Li3PO4-002612,Li3PO4,LiOP,32,train
ZrO2-001165,ZrO2,OZr,96,train
ZrO2-003037,ZrO2,OZr,95,train
Li3PO4-013445,Li3PO4,LiOP,61,train
Li3PO4-004576,Li3PO4,LiOP,32,train
Li3PO4-012620,Li3PO4,LiOP,31,train
ZrO2-009359,ZrO2,OZr,48,train
Li3PO4-002252,Li3PO4,LiOP,32,train
Li3PO4-008067,Li3PO4,LiOP,31,train
perovskite-001054,perovskite,BaCaHfOPbTiZr,20,train
Li3PO4-011326,Li3PO4,LiOP,31,train
ZrO2-004367,ZrO2,OZr,47,train
Li3PO4-013755,Li3PO4,LiOP,61,train
Li3PO4-007505,Li3PO4,LiOP,32,train
Li3PO4-017779,Li3PO4,LiOP,61,train
ZrO2-003044,ZrO2,OZr,95,train
Li3PO4-007631,Li3PO4,LiOP,32,train
Li3PO4-011456,Li3PO4,LiOP,31,train
Li3PO4-015203,Li3PO4,LiOP,61,train
Li3PO4-010828,Li3PO4,LiOP,31,train
Li3PO4-013187,Li3PO4,LiOP,61,train
Li3PO4-017462,Li3PO4,LiOP,61,train
ZrO2-003311,ZrO2,OZr,95,train
ZrO2-009322,ZrO2,OZr,48,train
Li3PO4-015700,Li3PO4,LiOP,61,train
Li3PO4-001347,Li3PO4,LiOP,32,train
ZrO2-001173,ZrO2,OZr,96,train
ZrO2-002960,ZrO2,OZr,95,train
ZrO2-001352,ZrO2,OZr,96,train
ZrO2-001149,ZrO2,OZr,96,train
Li3PO4-012130,Li3PO4,LiOP,31,train
Li3PO4-012686,Li3PO4,LiOP,31,train
Li3PO4-011278,Li3PO4,LiOP,31,train
Li3PO4-012898,Li3PO4,LiOP,31,train
Li3PO4-013109,Li3PO4,LiOP,61,train
Li3PO4-017668,Li3PO4,LiOP,61,train
Li3PO4-002777,Li3PO4,LiOP,32,train
ZrO2-010012,ZrO2,OZr,48,train
ZrO2-001291,ZrO2,OZr,96,train
ZrO2-003038,ZrO2,OZr,95,train
Li3PO4-010988,Li3PO4,LiOP,31,train
Li3PO4-009438,Li3PO4,LiOP,31,train
Li3PO4-005472,Li3PO4,LiOP,32,train
Li3PO4-003823,Li3PO4,LiOP,32,train
ZrO2-004554,ZrO2,OZr,47,train
Li3PO4-012353,Li3PO4,LiOP,31,train
ZrO2-002471,ZrO2,OZr,95,train
Li3PO4-005767,Li3PO4,LiOP,32,train
Li3PO4-017108,Li3PO4,LiOP,61,train
Li3PO4-017209,Li3PO4,LiOP,61,train
Li3PO4-000393,Li3PO4,LiOP,32,train
ZrO2-003279,ZrO2,OZr,95,train
ZrO2-004649,ZrO2,OZr,47,train
Li3PO4-014709,Li3PO4,LiOP,61,train
Li3PO4-007807,Li3PO4,LiOP,32,train
Li3PO4-011487,Li3PO4,LiOP,31,train
ZrO2-000271,ZrO2,OZr,96,train
Li3PO4-016076,Li3PO4,LiOP,61,train
Li3PO4-002633,Li3PO4,LiOP,32,train
ZrO2-002867,ZrO2,OZr,95,train
Li3PO4-012391,Li3PO4,LiOP,31,train
ZrO2-001664,ZrO2,OZr,96,train
Li3PO4-007478,Li3PO4,LiOP,32,train
ZrO2-003704,ZrO2,OZr,47,train
Li3PO4-006580,Li3PO4,LiOP,32,train
Li3PO4-005855,Li3PO4,LiOP,32,train
ZrO2-003982,ZrO2,OZr,47,train
Li3PO4-015259,Li3PO4,LiOP,61,train
Li3PO4-006463,Li3PO4,LiOP,32,train
ZrO2-002095,ZrO2,OZr,95,train
ZrO2-002350,ZrO2,OZr,95,train
perovskite-000916,perovskite,CaHfOPbSrTiZr,20,train
Li3PO4-005584,Li3PO4,LiOP,32,train
Li3PO4-011174,Li3PO4,LiOP,31,train
ZrO2-009912,ZrO2,OZr,48,train
ZrO2-008473,ZrO2,OZr,48,train
Li3PO4-016519,Li3PO4,LiOP,61,train
ZrO2-005040,ZrO2,OZr,47,train
Li3PO4-017431,Li3PO4,LiOP,61,train
Li3PO4-001092,Li3PO4,LiOP,32,train
ZrO2-002795,ZrO2,OZr,95,train
Li3PO4-004129,Li3PO4,LiOP,32,train
Li3PO4-005831,Li3PO4,LiOP,32,train
Li3PO4-008707,Li3PO4,LiOP,31,train
Li3PO4-006688,Li3PO4,LiOP,32,train
Li3PO4-015988,Li3PO4,LiOP,61,train
ZrO2-005205,ZrO2,OZr,47,train
Li3PO4-007216,Li3PO4,LiOP,32,train
Li3PO4-010679,Li3PO4,LiOP,31,train
ZrO2-001526,ZrO2,OZr,96,train
Li3PO4-012157,Li3PO4,LiOP,31,train
Li3PO4-013793,Li3PO4,LiOP,61,train
Li3PO4-012493,Li3PO4,LiOP,31,train
Li3PO4-005123,Li3PO4,LiOP,32,train
Li3PO4-010579,Li3PO4,LiOP,31,train
Li3PO4-008964,Li3PO4,LiOP,31,train
perovskite-000598,perovskite,CaHfOPbTiZr,20,train
ZrO2-002777,ZrO2,OZr,95,train
ZrO2-008873,ZrO2,OZr,48,train
Li3PO4-007540,Li3PO4,LiOP,32,train
Li3PO4-010234,Li3PO4,LiOP,31,train
Li3PO4-009737,Li3PO4,LiOP,31,train
ZrO2-004448,ZrO2,OZr,47,train
ZrO2-004993,ZrO2,OZr,47,train
Li3PO4-014532,Li3PO4,LiOP,61,train
Li3PO4-005921,Li3PO4,LiOP,32,train
Li3PO4-007756,Li3PO4,LiOP,32,train
Li3PO4-004144,Li3PO4,LiOP,32,train
ZrO2-003856,ZrO2,OZr,47,train
Li3PO4-004063,Li3PO4,LiOP,32,train
Li3PO4-009834,Li3PO4,LiOP,31,train
Li3PO4-009824,Li3PO4,LiOP,31,train
Li3PO4-009883,Li3PO4,LiOP,31,train
ZrO2-009812,ZrO2,OZr,48,train
Li3PO4-000609,Li3PO4,LiOP,32,train
ZrO2-000222,ZrO2,OZr,96,train
Li3PO4-012273,Li3PO4,LiOP,31,train
Li3PO4-010284,Li3PO4,LiOP,31,train
ZrO2-008387,ZrO2,OZr,48,train
Li3PO4-004529,Li3PO4,LiOP,32,train
Li3PO4-000801,Li3PO4,LiOP,32,train
Li3PO4-010804,Li3PO4,LiOP,31,train
Li3PO4-003052,Li3PO4,LiOP,32,train
ZrO2-006085,ZrO2,OZr,95,train
ZrO2-005810,ZrO2,OZr,95,train
Li3PO4-017788,Li3PO4,LiOP,61,train
ZrO2-001613,ZrO2,OZr,96,train
Li3PO4-009255,Li3PO4,LiOP,31,train
ZrO2-001994,ZrO2,OZr,95,train
ZrO2-010100,ZrO2,OZr,48,train
Li3PO4-006839,Li3PO4,LiOP,32,train
Li3PO4-011108,Li3PO4,LiOP,31,train
Li3PO4-011295,Li3PO4,LiOP,31,train
Li3PO4-015412,Li3PO4,LiOP,61,train
ZrO2-003471,ZrO2,OZr,95,train
ZrO2-004017,ZrO2,OZr,47,train
Li3PO4-000218,Li3PO4,LiOP,32,train
Li3PO4-014842,Li3PO4,LiOP,61,train
ZrO2-008726,ZrO2,OZr,48,train
ZrO2-006114,ZrO2,OZr,95,train
Li3PO4-009277,Li3PO4,LiOP,31,train
Li3PO4-014047,Li3PO4,LiOP,61,train
ZrO2-005582,ZrO2,OZr,95,train
Li3PO4-017260,Li3PO4,LiOP,61,train
Li3PO4-015218,Li3PO4,LiOP,61,train
ZrO2-003258,ZrO2,OZr,95,train
ZrO2-009191,ZrO2,OZr,48,train
Li3PO4-011446,Li3PO4,LiOP,31,train
Li3PO4-016799,Li3PO4,LiOP,61,train
Li3PO4-015118,Li3PO4,LiOP,61,train
ZrO2-003259,ZrO2,OZr,95,train
Li3PO4-011200,Li3PO4,LiOP,31,train
Li3PO4-003898,Li3PO4,LiOP,32,train
ZrO2-007956,ZrO2,OZr,95,train
Li3PO4-013595,Li3PO4,LiOP,61,train
Li3PO4-009088,Li3PO4,LiOP,31,train
ZrO2-009300,ZrO2,OZr,48,train
Li3PO4-015080,Li3PO4,LiOP,61,train
ZrO2-006010,ZrO2,OZr,95,train
Li3PO4-007397,Li3PO4,LiOP,32,train
ZrO2-003384,ZrO2,OZr,95,train
Li3PO4-005557,Li3PO4,LiOP,32,train
Li3PO4-014804,Li3PO4,LiOP,61,train
Li3PO4-011574,Li3PO4,LiOP,31,train
Li3PO4-006103,Li3PO4,LiOP,32,train
ZrO2-007969,ZrO2,OZr,95,train
Li3PO4-013003,Li3PO4,LiOP,61,train
Li3PO4-011959,Li3PO4,LiOP,31,train
Li3PO4-003793,Li3PO4,LiOP,32,train
Li3PO4-001551,Li3PO4,LiOP,32,train
Li3PO4-008762,Li3PO4,LiOP,31,train
Li3PO4-014898,Li3PO4,LiOP,61,train
perovskite-001074,perovskite,BaCaHfOPbTi,20,train
Li3PO4-010517,Li3PO4,LiOP,31,train
Li3PO4-002490,Li3PO4,LiOP,32,train
Li3PO4-009769,Li3PO4,LiOP,31,train
Li3PO4-009131,Li3PO4,LiOP,31,train
perovskite-000777,perovskite,CaHfOPbSrTiZr,20,train
Li3PO4-007400,Li3PO4,LiOP,32,train
Li3PO4-010021,Li3PO4,LiOP,31,train
ZrO2-008162,ZrO2,OZr,48,train
ZrO2-008329,ZrO2,OZr,48,train
Li3PO4-009836,Li3PO4,LiOP,31,train
Li3PO4-010952,Li3PO4,LiOP,31,train
Li3PO4-016541,Li3PO4,LiOP,61,train
Li3PO4-001271,Li3PO4,LiOP,32,train
ZrO2-004859,ZrO2,OZr,47,train
Li3PO4-011895,Li3PO4,LiOP,31,train
Li3PO4-000119,Li3PO4,LiOP,32,train
Li3PO4-008211,Li3PO4,LiOP,31,train
Li3PO4-001786,Li3PO4,LiOP,32,train
ZrO2-004666,ZrO2,OZr,47,train
ZrO2-008155,ZrO2,OZr,48,train
Li3PO4-007786,Li3PO4,LiOP,32,train
ZrO2-007963,ZrO2,OZr,95,train
ZrO2-009250,ZrO2,OZr,48,train
ZrO2-007932,ZrO2,OZr,95,train
ZrO2-004781,ZrO2,OZr,47,train
perovskite-000565,perovskite,BaCaHfOTiZr,20,train
ZrO2-004675,ZrO2,OZr,47,train
Li3PO4-014130,Li3PO4,LiOP,61,train
Li3PO4-002546,Li3PO4,LiOP,32,train
perovskite-000840,perovskite,BaCaHfOPbTiZr,20,train
ZrO2-002664,ZrO2,OZr,95,train
ZrO2-008610,ZrO2,OZr,48,train
Li3PO4-010772,Li3PO4,LiOP,31,train
ZrO2-006417,ZrO2,OZr,95,train
Li3PO4-011391,Li3PO4,LiOP,31,train
ZrO2-001442,ZrO2,OZr,96,train
Li3PO4-015614,Li3PO4,LiOP,61,train
Li3PO4-015950,Li3PO4,LiOP,61,train
Li3PO4-001007,Li3PO4,LiOP,32,train
ZrO2-008117,ZrO2,OZr,48,train
Li3PO4-015451,Li3PO4,LiOP,61,train
ZrO2-002868,ZrO2,OZr,95,train
Li3PO4-004831,Li3PO4,LiOP,32,train
Li3PO4-001344,Li3PO4,LiOP,32,train
perovskite-000765,perovskite,CaHfOPbSrTi,20,train
Li3PO4-015417,Li3PO4,LiOP,61,train
Li3PO4-000016,Li3PO4,LiOP,32,train
Li3PO4-013813,Li3PO4,LiOP,61,train
Li3PO4-010538,Li3PO4,LiOP,31,train
Li3PO4-011516,Li3PO4,LiOP,31,train
Li3PO4-015523,Li3PO4,LiOP,61,train
ZrO2-003641,ZrO2,OZr,47,train
Li3PO4-011199,Li3PO4,LiOP,31,train
ZrO2-001396,ZrO2,OZr,96,train
Li3PO4-010700,Li3PO4,LiOP,31,train
ZrO2-005485,ZrO2,OZr,47,train
ZrO2-001802,ZrO2,OZr,96,train
Li3PO4-005961,Li3PO4,LiOP,32,train
ZrO2-002878,ZrO2,OZr,95,train
Li3PO4-006355,Li3PO4,LiOP,32,train
Li3PO4-010842,Li3PO4,LiOP,31,train
Li3PO4-004504,Li3PO4,LiOP,32,train
ZrO2-000798,ZrO2,OZr,96,train
Li3PO4-013713,Li3PO4,LiOP,61,train
Li3PO4-006905,Li3PO4,LiOP,32,train
ZrO2-008161,ZrO2,OZr,48,train
ZrO2-001461,ZrO2,OZr,96,train
Li3PO4-014491,Li3PO4,LiOP,61,train
perovskite-000071,perovskite,BaOSrZr,20,train
perovskite-001025,perovskite,BaCaHfOPbTiZr,20,train
Li3PO4-003387,Li3PO4,LiOP,32,train
Li3PO4-001424,Li3PO4,LiOP,32,train
Li3PO4-002581,Li3PO4,LiOP,32,train
perovskite-001189,perovskite,CaHfOSrTi,20,train
Li3PO4-012258,Li3PO4,LiOP,31,train
Li3PO4-000363,Li3PO4,LiOP,32,train
ZrO2-002275,ZrO2,OZr,95,train
Li3PO4-005724,Li3PO4,LiOP,32,train
Li3PO4-001464,Li3PO4,LiOP,32,train
ZrO2-001485,ZrO2,OZr,96,train
Li3PO4-005137,Li3PO4,LiOP,32,train
ZrO2-003018,ZrO2,OZr,95,train
ZrO2-000135,ZrO2,OZr,96,train
Li3PO4-001604,Li3PO4,LiOP,32,train
ZrO2-008616,ZrO2,OZr,48,train
Li3PO4-002779,Li3PO4,LiOP,32,train
Li3PO4-015993,Li3PO4,LiOP,61,train
Li3PO4-005936,Li3PO4,LiOP,32,train
ZrO2-000354,ZrO2,OZr,96,train
Li3PO4-011800,Li3PO4,LiOP,31,train
ZrO2-000285,ZrO2,OZr,96,train
Li3PO4-014221,Li3PO4,LiOP,61,train
Li3PO4-008419,Li3PO4,LiOP,31,train
Li3PO4-001453,Li3PO4,LiOP,32,train
ZrO2-002888,ZrO2,OZr,95,train
Li3PO4-011232,Li3PO4,LiOP,31,train
Li3PO4-002615,Li3PO4,LiOP,32,train
ZrO2-000621,ZrO2,OZr,96,train
Li3PO4-000916,Li3PO4,LiOP,32,train
Li3PO4-001072,Li3PO4,LiOP,32,train
ZrO2-006614,ZrO2,OZr,95,train
ZrO2-005739,ZrO2,OZr,95,train
Li3PO4-002442,Li3PO4,LiOP,32,train
Li3PO4-004373,Li3PO4,LiOP,32,train
Li3PO4-000675,Li3PO4,LiOP,32,train
ZrO2-003108,ZrO2,OZr,95,train
Li3PO4-013191,Li3PO4,LiOP,61,train
Li3PO4-000351,Li3PO4,LiOP,32,train
Li3PO4-013131,Li3PO4,LiOP,61,train
ZrO2-002390,ZrO2,OZr,95,train
ZrO2-000884,ZrO2,OZr,96,train
Li3PO4-003082,Li3PO4,LiOP,32,train
Li3PO4-008915,Li3PO4,LiOP,31,train
ZrO2-009554,ZrO2,OZr,48,train
ZrO2-006549,ZrO2,OZr,95,train
Li3PO4-008039,Li3PO4,LiOP,31,train
Li3PO4-012848,Li3PO4,LiOP,31,train
Li3PO4-001561,Li3PO4,LiOP,32,train
ZrO2-004099,ZrO2,OZr,47,train
Li3PO4-005769,Li3PO4,LiOP,32,train
Li3PO4-000024,Li3PO4,LiOP,32,train
ZrO2-002959,ZrO2,OZr,95,train
Li3PO4-008148,Li3PO4,LiOP,31,train
Li3PO4-015882,Li3PO4,LiOP,61,train
Li3PO4-016214,Li3PO4,LiOP,61,train
Li3PO4-010665,Li3PO4,LiOP,31,train
perovskite-000636,perovskite,CaHfOPbSrTi,20,train
ZrO2-007759,ZrO2,OZr,95,train
Li3PO4-009937,Li3PO4,LiOP,31,train
ZrO2-003288,ZrO2,OZr,95,train
perovskite-001193,perovskite,CaHfOSrTiZr,20,train
perovskite-000045,perovskite,BaCaOZr,20,train
Li3PO4-014573,Li3PO4,LiOP,61,train
Li3PO4-006033,Li3PO4,LiOP,32,train
Li3PO4-010122,Li3PO4,LiOP,31,train
Li3PO4-002539,Li3PO4,LiOP,32,train
ZrO2-005562,ZrO2,OZr,47,train
ZrO2-001739,ZrO2,OZr,96,train
ZrO2-008552,ZrO2,OZr,48,train
Li3PO4-012929,Li3PO4,LiOP,31,train
ZrO2-003291,ZrO2,OZr,95,train
ZrO2-008357,ZrO2,OZr,48,train
Li3PO4-002940,Li3PO4,LiOP,32,train
Li3PO4-015600,Li3PO4,LiOP,61,train
ZrO2-000751,ZrO2,OZr,96,train
Li3PO4-012403,Li3PO4,LiOP,31,train
Li3PO4-016172,Li3PO4,LiOP,61,train
Li3PO4-001276,Li3PO4,LiOP,32,train
Li3PO4-006739,Li3PO4,LiOP,32,train
Li3PO4-007153,Li3PO4,LiOP,32,train
Li3PO4-000579,Li3PO4,LiOP,32,train
ZrO2-005665,ZrO2,OZr,95,train
Li3PO4-012591,Li3PO4,LiOP,31,train
Li3PO4-015010,Li3PO4,LiOP,61,train
Li3PO4-015339,Li3PO4,LiOP,61,train
Li3PO4-013581,Li3PO4,LiOP,61,train
Li3PO4-011209,Li3PO4,LiOP,31,train
Li3PO4-003585,Li3PO4,LiOP,32,train
Li3PO4-008555,Li3PO4,LiOP,31,train
perovskite-000432,perovskite,CaHfOPbSrTiZr,20,train
ZrO2-003943,ZrO2,OZr,47,train
Li3PO4-016361,Li3PO4,LiOP,61,train
ZrO2-000608,ZrO2,OZr,96,train
Li3PO4-004603,Li3PO4,LiOP,32,train
Li3PO4-013459,Li3PO4,LiOP,61,train
Li3PO4-010164,Li3PO4,LiOP,31,train
ZrO2-009040,ZrO2,OZr,48,train
perovskite-000037,perovskite,BaCaOSrZr,20,train
Li3PO4-003247,Li3PO4,LiOP,32,train
Li3PO4-007671,Li3PO4,LiOP,32,train
Li3PO4-014633,Li3PO4,LiOP,61,train
Li3PO4-008101,Li3PO4,LiOP,31,train
ZrO2-003369,ZrO2,OZr,95,train
perovskite-000713,perovskite,CaHfOPbTiZr,20,train
perovskite-000559,perovskite,BaCaHfOTiZr,20,train
Li3PO4-001927,Li3PO4,LiOP,32,train
Li3PO4-010432,Li3PO4,LiOP,31,train
ZrO2-001111,ZrO2,OZr,96,train
Li3PO4-001764,Li3PO4,LiOP,32,train
ZrO2-003313,ZrO2,OZr,95,train
Li3PO4-001285,Li3PO4,LiOP,32,train
Li3PO4-012842,Li3PO4,LiOP,31,train
ZrO2-004907,ZrO2,OZr,47,train
ZrO2-005778,ZrO2,OZr,95,train
Li3PO4-001765,Li3PO4,LiOP,32,train
Li3PO4-011875,Li3PO4,LiOP,31,train
ZrO2-009213,ZrO2,OZr,48,train
Li3PO4-007676,Li3PO4,LiOP,32,train
ZrO2-006208,ZrO2,OZr,95,train
Li3PO4-001690,Li3PO4,LiOP,32,train
Li3PO4-002552,Li3PO4,LiOP,32,train
ZrO2-002523,ZrO2,OZr,95,train
Li3PO4-000273,Li3PO4,LiOP,32,train
ZrO2-000373,ZrO2,OZr,96,train
Li3PO4-011696,Li3PO4,LiOP,31,train
Li3PO4-017636,Li3PO4,LiOP,61,train
Li3PO4-003314,Li3PO4,LiOP,32,train
Li3PO4-007580,Li3PO4,LiOP,32,train
Li3PO4-002753,Li3PO4,LiOP,32,train
ZrO2-008148,ZrO2,OZr,48,train
Li3PO4-017361,Li3PO4,LiOP,61,train
Li3PO4-006145,Li3PO4,LiOP,32,train
ZrO2-003078,ZrO2,OZr,95,train
ZrO2-001782,ZrO2,OZr,96,train
Li3PO4-012574,Li3PO4,LiOP,31,train
Li3PO4-001958,Li3PO4,LiOP,32,train
Li3PO4-016685,Li3PO4,LiOP,61,train
Li3PO4-012097,Li3PO4,LiOP,31,train
Li3PO4-005682,Li3PO4,LiOP,32,train
ZrO2-006299,ZrO2,OZr,95,train
ZrO2-004606,ZrO2,OZr,47,train
Li3PO4-016568,Li3PO4,LiOP,61,train
Li3PO4-009444,Li3PO4,LiOP,31,train
Li3PO4-006798,Li3PO4,LiOP,32,train
ZrO2-000335,ZrO2,OZr,96,train
Li3PO4-001986,Li3PO4,LiOP,32,train
Li3PO4-002201,Li3PO4,LiOP,32,train
Li3PO4-004983,Li3PO4,LiOP,32,train
Li3PO4-007510,Li3PO4,LiOP,32,train
Li3PO4-011185,Li3PO4,LiOP,31,train
ZrO2-000883,ZrO2,OZr,96,train
Li3PO4-015065,Li3PO4,LiOP,61,train
Li3PO4-015047,Li3PO4,LiOP,61,train
Li3PO4-000551,Li3PO4,LiOP,32,train
Li3PO4-017620,Li3PO4,LiOP,61,train
ZrO2-009223,ZrO2,OZr,48,train
Li3PO4-001234,Li3PO4,LiOP,32,train
Li3PO4-004536,Li3PO4,LiOP,32,train
Li3PO4-017174,Li3PO4,LiOP,61,train
Li3PO4-002609,Li3PO4,LiOP,32,train
ZrO2-006715,ZrO2,OZr,95,train
Li3PO4-004778,Li3PO4,LiOP,32,train
Li3PO4-007755,Li3PO4,LiOP,32,train
Li3PO4-002205,Li3PO4,LiOP,32,train
ZrO2-006803,ZrO2,OZr,95,train
Li3PO4-007578,Li3PO4,LiOP,32,train
Li3PO4-010269,Li3PO4,LiOP,31,train
Li3PO4-005963,Li3PO4,LiOP,32,train
ZrO2-008004,ZrO2,OZr,95,train
Li3PO4-000558,Li3PO4,LiOP,32,train
perovskite-000760,perovskite,CaHfOPbTiZr,20,train
perovskite-000986,perovskite,BaCaHfOPbSrTiZr,20,train
Li3PO4-001287,Li3PO4,LiOP,32,train
Li3PO4-007754,Li3PO4,LiOP,32,train
perovskite-000324,perovskite,CaHfOSrTiZr,20,train
Li3PO4-011799,Li3PO4,LiOP,31,train
Li3PO4-014320,Li3PO4,LiOP,61,train
ZrO2-009021,ZrO2,OZr,48,train
Li3PO4-005352,Li3PO4,LiOP,32,train
Li3PO4-000408,Li3PO4,LiOP,32,train
Li3PO4-001703,Li3PO4,LiOP,32,train
ZrO2-000561,ZrO2,OZr,96,train
ZrO2-003158,ZrO2,OZr,95,train
Li3PO4-017772,Li3PO4,LiOP,61,train
Li3PO4-012587,Li3PO4,LiOP,31,train
ZrO2-008252,ZrO2,OZr,48,train
Li3PO4-009765,Li3PO4,LiOP,31,train
Li3PO4-001319,Li3PO4,LiOP,32,train
Li3PO4-003994,Li3PO4,LiOP,32,train
Li3PO4-004371,Li3PO4,LiOP,32,train
Li3PO4-002098,Li3PO4,LiOP,32,train
Li3PO4-013812,Li3PO4,LiOP,61,train
Li3PO4-003685,Li3PO4,LiOP,32,train
Li3PO4-003907,Li3PO4,LiOP,32,train
Li3PO4-005927,Li3PO4,LiOP,32,train
ZrO2-006183,ZrO2,OZr,95,train
Li3PO4-001217,Li3PO4,LiOP,32,train
Li3PO4-006774,Li3PO4,LiOP,32,train
ZrO2-006089,ZrO2,OZr,95,train
ZrO2-001424,ZrO2,OZr,96,train
ZrO2-001362,ZrO2,OZr,96,train
Li3PO4-003001,Li3PO4,LiOP,32,train
ZrO2-009785,ZrO2,OZr,48,train
ZrO2-001958,ZrO2,OZr,96,train
Li3PO4-000345,Li3PO4,LiOP,32,train
Li3PO4-007434,Li3PO4,LiOP,32,train
ZrO2-003579,ZrO2,OZr,47,train
ZrO2-002994,ZrO2,OZr,95,train
ZrO2-004468,ZrO2,OZr,47,train
Li3PO4-016830,Li3PO4,LiOP,61,train
Li3PO4-001452,Li3PO4,LiOP,32,train
ZrO2-008147,ZrO2,OZr,48,train
Li3PO4-002264,Li3PO4,LiOP,32,train
ZrO2-006154,ZrO2,OZr,95,train
ZrO2-000530,ZrO2,OZr,96,train
Li3PO4-015184,Li3PO4,LiOP,61,train
ZrO2-009314,ZrO2,OZr,48,train
ZrO2-004148,ZrO2,OZr,47,train
Li3PO4-012296,Li3PO4,LiOP,31,train
Li3PO4-004218,Li3PO4,LiOP,32,train
Li3PO4-015624,Li3PO4,LiOP,61,train
ZrO2-000389,ZrO2,OZr,96,train
ZrO2-004605,ZrO2,OZr,47,train
Li3PO4-014920,Li3PO4,LiOP,61,train
Li3PO4-015826,Li3PO4,LiOP,61,train
Li3PO4-008415,Li3PO4,LiOP,31,train
ZrO2-000791,ZrO2,OZr,96,train
Li3PO4-009292,Li3PO4,LiOP,31,train
Li3PO4-016652,Li3PO4,LiOP,61,train
Li3PO4-013076,Li3PO4,LiOP,61,train
ZrO2-004532,ZrO2,OZr,47,train
perovskite-000603,perovskite,CaHfOPbZr,20,train
ZrO2-004105,ZrO2,OZr,47,train
Li3PO4-012841,Li3PO4,LiOP,31,train
perovskite-000865,perovskite,CaHfOPbSrTiZr,20,train
Li3PO4-011062,Li3PO4,LiOP,31,train
Li3PO4-005300,Li3PO4,LiOP,32,train
Li3PO4-009262,Li3PO4,LiOP,31,train
Li3PO4-007880,Li3PO4,LiOP,32,train
Li3PO4-013137,Li3PO4,LiOP,61,train
Li3PO4-005538,Li3PO4,LiOP,32,train
Li3PO4-016767,Li3PO4,LiOP,61,train
ZrO2-009996,ZrO2,OZr,48,train
ZrO2-003606,ZrO2,OZr,47,train
Li3PO4-009422,Li3PO4,LiOP,31,train
ZrO2-004120,ZrO2,OZr,47,train
Li3PO4-015665,Li3PO4,LiOP,61,train
Li3PO4-003989,Li3PO4,LiOP,32,train
Li3PO4-012491,Li3PO4,LiOP,31,train
Li3PO4-001470,Li3PO4,LiOP,32,train
Li3PO4-005830,Li3PO4,LiOP,32,train
Li3PO4-004128,Li3PO4,LiOP,32,train
Li3PO4-012008,Li3PO4,LiOP,31,train
ZrO2-002649,ZrO2,OZr,95,train
perovskite-000179,perovskite,CaHfOPbSr,20,train
Li3PO4-009039,Li3PO4,LiOP,31,train
ZrO2-006212,ZrO2,OZr,95,train
Li3PO4-010216,Li3PO4,LiOP,31,train
ZrO2-004734,ZrO2,OZr,47,train
Li3PO4-002783,Li3PO4,LiOP,32,train
ZrO2-000576,ZrO2,OZr,96,train
Li3PO4-009888,Li3PO4,LiOP,31,train
Li3PO4-003321,Li3PO4,LiOP,32,train
Li3PO4-003755,Li3PO4,LiOP,32,train
ZrO2-004814,ZrO2,OZr,47,train
ZrO2-006997,ZrO2,OZr,95,train
Li3PO4-016906,Li3PO4,LiOP,61,train
Li3PO4-002568,Li3PO4,LiOP,32,train
ZrO2-001577,ZrO2,OZr,96,train
Li3PO4-010787,Li3PO4,LiOP,31,train
ZrO2-001698,ZrO2,OZr,96,train
Li3PO4-014650,Li3PO4,LiOP,61,train
Li3PO4-001529,Li3PO4,LiOP,32,train
Li3PO4-013509,Li3PO4,LiOP,61,train
ZrO2-000021,ZrO2,OZr,96,train
Li3PO4-011503,Li3PO4,LiOP,31,train
ZrO2-002829,ZrO2,OZr,95,train
ZrO2-004707,ZrO2,OZr,47,train
ZrO2-002015,ZrO2,OZr,95,train
perovskite-000108,perovskite,CaOSrTi,20,train
Li3PO4-010708,Li3PO4,LiOP,31,train
Li3PO4-004823,Li3PO4,LiOP,32,train
Li3PO4-015899,Li3PO4,LiOP,61,train
Li3PO4-003401,Li3PO4,LiOP,32,train
Li3PO4-006831,Li3PO4,LiOP,32,train
Li3PO4-008955,Li3PO4,LiOP,31,train
ZrO2-010095,ZrO2,OZr,48,train
Li3PO4-008761,Li3PO4,LiOP,31,train
ZrO2-002310,ZrO2,OZr,95,train
ZrO2-003170,ZrO2,OZr,95,train
Li3PO4-000003,Li3PO4,LiOP,32,train
Li3PO4-003639,Li3PO4,LiOP,32,train
Li3PO4-015678,Li3PO4,LiOP,61,train
Li3PO4-006238,Li3PO4,LiOP,32,train
ZrO2-002343,ZrO2,OZr,95,train
Li3PO4-007698,Li3PO4,LiOP,32,train
ZrO2-006209,ZrO2,OZr,95,train
Li3PO4-008086,Li3PO4,LiOP,31,train
Li3PO4-012462,Li3PO4,LiOP,31,train
ZrO2-010093,ZrO2,OZr,48,train
ZrO2-004270,ZrO2,OZr,47,train
Li3PO4-014956,Li3PO4,LiOP,61,train
Li3PO4-006030,Li3PO4,LiOP,32,train
ZrO2-003075,ZrO2,OZr,95,train
Li3PO4-007909,Li3PO4,LiOP,32,train
ZrO2-004648,ZrO2,OZr,47,train
ZrO2-003614,ZrO2,OZr,47,train
ZrO2-006374,ZrO2,OZr,95,train
ZrO2-000565,ZrO2,OZr,96,train
Li3PO4-015513,Li3PO4,LiOP,61,train
Li3PO4-002412,Li3PO4,LiOP,32,train
Li3PO4-002335,Li3PO4,LiOP,32,train
ZrO2-005971,ZrO2,OZr,95,train
Li3PO4-008134,Li3PO4,LiOP,31,train
Li3PO4-003419,Li3PO4,LiOP,32,train
ZrO2-006240,ZrO2,OZr,95,train
ZrO2-008006,ZrO2,OZr,95,train
Li3PO4-013714,Li3PO4,LiOP,61,train
ZrO2-005106,ZrO2,OZr,47,train
perovskite-000010,perovskite,CaOPbZr,20,train
ZrO2-009615,ZrO2,OZr,48,train
ZrO2-004644,ZrO2,OZr,47,train
ZrO2-007631,ZrO2,OZr,95,train
Li3PO4-006483,Li3PO4,LiOP,32,train
Li3PO4-015052,Li3PO4,LiOP,61,train
Li3PO4-000130,Li3PO4,LiOP,32,train
Li3PO4-014699,Li3PO4,LiOP,61,train
Li3PO4-005837,Li3PO4,LiOP,32,train
Li3PO4-016902,Li3PO4,LiOP,61,train
Li3PO4-012209,Li3PO4,LiOP,31,train
Li3PO4-004135,Li3PO4,LiOP,32,train
ZrO2-009361,ZrO2,OZr,48,train
Li3PO4-009300,Li3PO4,LiOP,31,train
ZrO2-007291,ZrO2,OZr,95,train
ZrO2-000120,ZrO2,OZr,96,train
perovskite-000372,perovskite,BaCaHfOZr,20,train
Li3PO4-004479,Li3PO4,LiOP,32,train
perovskite-000909,perovskite,CaHfOPbSrTiZr,20,train
Li3PO4-003588,Li3PO4,LiOP,32,train
Li3PO4-009105,Li3PO4,LiOP,31,train
Li3PO4-005553,Li3PO4,LiOP,32,train
Li3PO4-011838,Li3PO4,LiOP,31,train
Li3PO4-010428,Li3PO4,LiOP,31,train
Li3PO4-006363,Li3PO4,LiOP,32,train
Li3PO4-004883,Li3PO4,LiOP,32,train
Li3PO4-000335,Li3PO4,LiOP,32,train
Li3PO4-015023,Li3PO4,LiOP,61,train
Li3PO4-000088,Li3PO4,LiOP,32,train
ZrO2-000020,ZrO2,OZr,96,train
perovskite-001195,perovskite,CaOSrTiZr,20,train
ZrO2-001766,ZrO2,OZr,96,train
Li3PO4-006480,Li3PO4,LiOP,32,train
Li3PO4-004377,Li3PO4,LiOP,32,train
Li3PO4-008576,Li3PO4,LiOP,31,train
perovskite-000256,perovskite,CaOPbTiZr,20,train
Li3PO4-005038,Li3PO4,LiOP,32,train
ZrO2-006981,ZrO2,OZr,95,train
Li3PO4-016378,Li3PO4,LiOP,61,train
Li3PO4-003442,Li3PO4,LiOP,32,train
Li3PO4-010359,Li3PO4,LiOP,31,train
Li3PO4-013635,Li3PO4,LiOP,61,train
Li3PO4-016116,Li3PO4,LiOP,61,train
Li3PO4-015472,Li3PO4,LiOP,61,train
Li3PO4-006289,Li3PO4,LiOP,32,train
Li3PO4-012215,Li3PO4,LiOP,31,train
ZrO2-003560,ZrO2,OZr,95,train
Li3PO4-002336,Li3PO4,LiOP,32,train
ZrO2-006298,ZrO2,OZr,95,train
ZrO2-008080,ZrO2,OZr,95,train
Li3PO4-004543,Li3PO4,LiOP,32,train
Li3PO4-007763,Li3PO4,LiOP,32,train
Li3PO4-011519,Li3PO4,LiOP,31,train
ZrO2-004688,ZrO2,OZr,47,train
Li3PO4-015132,Li3PO4,LiOP,61,train
Li3PO4-002559,Li3PO4,LiOP,32,train
Li3PO4-009145,Li3PO4,LiOP,31,train
Li3PO4-009370,Li3PO4,LiOP,31,train
Li3PO4-005003,Li3PO4,LiOP,32,train
Li3PO4-011924,Li3PO4,LiOP,31,train
Li3PO4-017724,Li3PO4,LiOP,61,train
ZrO2-000155,ZrO2,OZr,96,train
ZrO2-006465,ZrO2,OZr,95,train
ZrO2-002464,ZrO2,OZr,95,train
Li3PO4-008320,Li3PO4,LiOP,31,train
Li3PO4-016544,Li3PO4,LiOP,61,train
Li3PO4-004332,Li3PO4,LiOP,32,train
ZrO2-002566,ZrO2,OZr,95,train
ZrO2-007588,ZrO2,OZr,95,train
Li3PO4-004855,Li3PO4,LiOP,32,train
perovskite-000652,perovskite,CaHfOPbSrTiZr,20,train
Li3PO4-016916,Li3PO4,LiOP,61,train
Li3PO4-000338,Li3PO4,LiOP,32,train
Li3PO4-013844,Li3PO4,LiOP,61,train
ZrO2-004104,ZrO2,OZr,47,train
ZrO2-005995,ZrO2,OZr,95,train
Li3PO4-014662,Li3PO4,LiOP,61,train
ZrO2-009938,ZrO2,OZr,48,train
perovskite-000012,perovskite,BaCaOPbZr,20,train
ZrO2-004928,ZrO2,OZr,47,train
Li3PO4-000336,Li3PO4,LiOP,32,train
ZrO2-001586,ZrO2,OZr,96,train
ZrO2-001465,ZrO2,OZr,96,train
ZrO2-009937,ZrO2,OZr,48,train
Li3PO4-002151,Li3PO4,LiOP,32,train
Li3PO4-010394,Li3PO4,LiOP,31,train
Li3PO4-001289,Li3PO4,LiOP,32,train
ZrO2-008634,ZrO2,OZr,48,train
Li3PO4-011868,Li3PO4,LiOP,31,train
Li3PO4-001036,Li3PO4,LiOP,32,train
Li3PO4-015320,Li3PO4,LiOP,61,train
Li3PO4-011361,Li3PO4,LiOP,31,train
ZrO2-000282,ZrO2,OZr,96,train
ZrO2-003142,ZrO2,OZr,95,train
ZrO2-009364,ZrO2,OZr,48,train
Li3PO4-003065,Li3PO4,LiOP,32,train
ZrO2-000906,ZrO2,OZr,96,train
ZrO2-000424,ZrO2,OZr,96,train
Li3PO4-004601,Li3PO4,LiOP,32,train
Li3PO4-005787,Li3PO4,LiOP,32,train
ZrO2-005542,ZrO2,OZr,47,train
Li3PO4-011169,Li3PO4,LiOP,31,train
ZrO2-002920,ZrO2,OZr,95,train
ZrO2-006977,ZrO2,OZr,95,train
Li3PO4-016419,Li3PO4,LiOP,61,train
Li3PO4-003503,Li3PO4,LiOP,32,train
ZrO2-008713,ZrO2,OZr,48,train
Li3PO4-002276,Li3PO4,LiOP,32,train
Li3PO4-016193,Li3PO4,LiOP,61,train
Li3PO4-001270,Li3PO4,LiOP,32,train
Li3PO4-011317,Li3PO4,LiOP,31,train
Li3PO4-003636,Li3PO4,LiOP,32,train
Li3PO4-016008,Li3PO4,LiOP,61,train
Li3PO4-016127,Li3PO4,LiOP,61,train
ZrO2-000319,ZrO2,OZr,96,train
Li3PO4-000793,Li3PO4,LiOP,32,train
Li3PO4-006213,Li3PO4,LiOP,32,train
Li3PO4-012421,Li3PO4,LiOP,31,train
Li3PO4-012934,Li3PO4,LiOP,31,train
Li3PO4-003081,Li3PO4,LiOP,32,train
Li3PO4-003566,Li3PO4,LiOP,32,train
perovskite-000032,perovskite,CaOSrZr,20,train
ZrO2-005963,ZrO2,OZr,95,train
Li3PO4-016638,Li3PO4,LiOP,61,train
Li3PO4-012646,Li3PO4,LiOP,31,train
Li3PO4-014343,Li3PO4,LiOP,61,train
Li3PO4-000886,Li3PO4,LiOP,32,train
Li3PO4-011173,Li3PO4,LiOP,31,train
Li3PO4-006667,Li3PO4,LiOP,32,train
Li3PO4-005996,Li3PO4,LiOP,32,train
Li3PO4-016345,Li3PO4,LiOP,61,train
Li3PO4-005998,Li3PO4,LiOP,32,train
ZrO2-007525,ZrO2,OZr,95,train
perovskite-000745,perovskite,CaOPbTiZr,20,train
ZrO2-002859,ZrO2,OZr,95,train
ZrO2-001653,ZrO2,OZr,96,train
Li3PO4-010949,Li3PO4,LiOP,31,train
ZrO2-008709,ZrO2,OZr,48,train
Li3PO4-013715,Li3PO4,LiOP,61,train
ZrO2-001427,ZrO2,OZr,96,train
Li3PO4-014255,Li3PO4,LiOP,61,train
Li3PO4-014133,Li3PO4,LiOP,61,train
Li3PO4-006878,Li3PO4,LiOP,32,train
Li3PO4-016046,Li3PO4,LiOP,61,train
Li3PO4-015145,Li3PO4,LiOP,61,train
ZrO2-005922,ZrO2,OZr,95,train
perovskite-000957,perovskite,CaHfOPbSrTiZr,20,train
ZrO2-000886,ZrO2,OZr,96,train
Li3PO4-008387,Li3PO4,LiOP,31,train
ZrO2-003884,ZrO2,OZr,47,train
Li3PO4-012399,Li3PO4,LiOP,31,train
ZrO2-006407,ZrO2,OZr,95,train
Li3PO4-017340,Li3PO4,LiOP,61,train
Li3PO4-015310,Li3PO4,LiOP,61,train
Li3PO4-016862,Li3PO4,LiOP,61,train
Li3PO4-013796,Li3PO4,LiOP,61,train
Li3PO4-007944,Li3PO4,LiOP,32,train
Li3PO4-002208,Li3PO4,LiOP,32,train
ZrO2-009736,ZrO2,OZr,48,train
Li3PO4-010336,Li3PO4,LiOP,31,train
ZrO2-007623,ZrO2,OZr,95,train
Li3PO4-001584,Li3PO4,LiOP,32,train
Li3PO4-015209,Li3PO4,LiOP,61,train
Li3PO4-013153,Li3PO4,LiOP,61,train
Li3PO4-010206,Li3PO4,LiOP,31,train
Li3PO4-008337,Li3PO4,LiOP,31,train
Li3PO4-006526,Li3PO4,LiOP,32,train
ZrO2-009167,ZrO2,OZr,48,train
ZrO2-003416,ZrO2,OZr,95,train
ZrO2-001175,ZrO2,OZr,96,train
ZrO2-006086,ZrO2,OZr,95,train
Li3PO4-005949,Li3PO4,LiOP,32,train
Li3PO4-014179,Li3PO4,LiOP,61,train
Li3PO4-000673,Li3PO4,LiOP,32,train
Li3PO4-002697,Li3PO4,LiOP,32,train
Li3PO4-013017,Li3PO4,LiOP,61,train
ZrO2-008373,ZrO2,OZr,48,train
Li3PO4-012987,Li3PO4,LiOP,31,train
ZrO2-001401,ZrO2,OZr,96,train
Li3PO4-011577,Li3PO4,LiOP,31,train
Li3PO4-000013,Li3PO4,LiOP,32,train
ZrO2-002122,ZrO2,OZr,95,train
Li3PO4-004508,Li3PO4,LiOP,32,train
Li3PO4-009119,Li3PO4,LiOP,31,train
ZrO2-007073,ZrO2,OZr,95,train
ZrO2-007735,ZrO2,OZr,95,train
Li3PO4-005133,Li3PO4,LiOP,32,train
Li3PO4-012490,Li3PO4,LiOP,31,train
ZrO2-005427,ZrO2,OZr,47,train
ZrO2-003723,ZrO2,OZr,47,train
Li3PO4-010103,Li3PO4,LiOP,31,train
ZrO2-009228,ZrO2,OZr,48,train
Li3PO4-004891,Li3PO4,LiOP,32,train
ZrO2-008743,ZrO2,OZr,48,train
Li3PO4-007956,Li3PO4,LiOP,32,train
Li3PO4-010967,Li3PO4,LiOP,31,train
perovskite-000093,perovskite,CaOPbSrTi,20,train
Li3PO4-005926,Li3PO4,LiOP,32,train
Li3PO4-017839,Li3PO4,LiOP,61,train
ZrO2-005947,ZrO2,OZr,95,train
ZrO2-005567,ZrO2,OZr,95,train
ZrO2-007915,ZrO2,OZr,95,train
Li3PO4-017881,Li3PO4,LiOP,61,train
Li3PO4-007395,Li3PO4,LiOP,32,train
Li3PO4-008571,Li3PO4,LiOP,31,train
Li3PO4-012853,Li3PO4,LiOP,31,train
ZrO2-006620,ZrO2,OZr,95,train
Li3PO4-005004,Li3PO4,LiOP,32,train
Li3PO4-009900,Li3PO4,LiOP,31,train
ZrO2-000661,ZrO2,OZr,96,train
Li3PO4-014315,Li3PO4,LiOP,61,train
Li3PO4-010566,Li3PO4,LiOP,31,train
Li3PO4-001459,Li3PO4,LiOP,32,train
ZrO2-004549,ZrO2,OZr,47,train
Li3PO4-007873,Li3PO4,LiOP,32,train
ZrO2-006966,ZrO2,OZr,95,train
Li3PO4-011103,Li3PO4,LiOP,31,train
perovskite-000002,perovskite,CaOSrZr,20,train
Li3PO4-004764,Li3PO4,LiOP,32,train
ZrO2-001535,ZrO2,OZr,96,train
Li3PO4-009889,Li3PO4,LiOP,31,train
Li3PO4-008192,Li3PO4,LiOP,31,train
Li3PO4-000895,Li3PO4,LiOP,32,train
ZrO2-008201,ZrO2,OZr,48,train
Li3PO4-015633,Li3PO4,LiOP,61,train
ZrO2-006625,ZrO2,OZr,95,train
ZrO2-001951,ZrO2,OZr,96,train
Li3PO4-016588,Li3PO4,LiOP,61,train
Li3PO4-004342,Li3PO4,LiOP,32,train
Li3PO4-004977,Li3PO4,LiOP,32,train
ZrO2-001241,ZrO2,OZr,96,train
Li3PO4-013119,Li3PO4,LiOP,61,train
Li3PO4-002947,Li3PO4,LiOP,32,train
Li3PO4-015453,Li3PO4,LiOP,61,train
Li3PO4-004285,Li3PO4,LiOP,32,train
Li3PO4-009374,Li3PO4,LiOP,31,train
ZrO2-001287,ZrO2,OZr,96,train
Li3PO4-003921,Li3PO4,LiOP,32,train
Li3PO4-012171,Li3PO4,LiOP,31,train
Li3PO4-008459,Li3PO4,LiOP,31,train
ZrO2-002397,ZrO2,OZr,95,train
ZrO2-001093,ZrO2,OZr,96,train
ZrO2-005862,ZrO2,OZr,95,train
Li3PO4-007242,Li3PO4,LiOP,32,train
ZrO2-003253,ZrO2,OZr,95,train
ZrO2-008858,ZrO2,OZr,48,train
perovskite-001155,perovskite,BaCaHfOPbTiZr,20,train
ZrO2-001262,ZrO2,OZr,96,train
Li3PO4-016228,Li3PO4,LiOP,61,train
Li3PO4-009037,Li3PO4,LiOP,31,train
ZrO2-002003,ZrO2,OZr,95,train
Li3PO4-003688,Li3PO4,LiOP,32,train
Li3PO4-002214,Li3PO4,LiOP,32,train
ZrO2-003168,ZrO2,OZr,95,train
Li3PO4-010752,Li3PO4,LiOP,31,train
Li3PO4-007520,Li3PO4,LiOP,32,train
ZrO2-007648,ZrO2,OZr,95,train
Li3PO4-013658,Li3PO4,LiOP,61,train
ZrO2-000967,ZrO2,OZr,96,train
ZrO2-008697,ZrO2,OZr,48,train
ZrO2-006777,ZrO2,OZr,95,train
Li3PO4-010344,Li3PO4,LiOP,31,train
ZrO2-005444,ZrO2,OZr,47,train
Li3PO4-002031,Li3PO4,LiOP,32,train
Li3PO4-014027,Li3PO4,LiOP,61,train
ZrO2-006939,ZrO2,OZr,95,train
Li3PO4-005737,Li3PO4,LiOP,32,train
Li3PO4-001491,Li3PO4,LiOP,32,train
ZrO2-004685,ZrO2,OZr,47,train
Li3PO4-016096,Li3PO4,LiOP,61,train
Li3PO4-017681,Li3PO4,LiOP,61,train
Li3PO4-011484,Li3PO4,LiOP,31,train
Li3PO4-015533,Li3PO4,LiOP,61,train
Li3PO4-009401,Li3PO4,LiOP,31,train
ZrO2-006096,ZrO2,OZr,95,train
Li3PO4-002815,Li3PO4,LiOP,32,train
Li3PO4-010488,Li3PO4,LiOP,31,train
ZrO2-004074,ZrO2,OZr,47,train
Li3PO4-009799,Li3PO4,LiOP,31,train
Li3PO4-016235,Li3PO4,LiOP,61,train
ZrO2-003016,ZrO2,OZr,95,train
Li3PO4-009744,Li3PO4,LiOP,31,train
Li3PO4-002607,Li3PO4,LiOP,32,train
Li3PO4-004878,Li3PO4,LiOP,32,train
Li3PO4-007549,Li3PO4,LiOP,32,train
ZrO2-006388,ZrO2,OZr,95,train
ZrO2-008545,ZrO2,OZr,48,train
Li3PO4-008325,Li3PO4,LiOP,31,train
ZrO2-008917,ZrO2,OZr,48,train
Li3PO4-013927,Li3PO4,LiOP,61,train
ZrO2-001665,ZrO2,OZr,96,train
Li3PO4-015578,Li3PO4,LiOP,61,train
perovskite-000788,perovskite,CaOPbSrTiZr,20,train
Li3PO4-008436,Li3PO4,LiOP,31,train
Li3PO4-010943,Li3PO4,LiOP,31,train
Li3PO4-017080,Li3PO4,LiOP,61,train
Li3PO4-002309,Li3PO4,LiOP,32,train
ZrO2-002177,ZrO2,OZr,95,train
Li3PO4-007963,Li3PO4,LiOP,32,train
ZrO2-002153,ZrO2,OZr,95,train
Li3PO4-013951,Li3PO4,LiOP,61,train
perovskite-000583,perovskite,CaOPbTiZr,20,train
ZrO2-008748,ZrO2,OZr,48,train
Li3PO4-005406,Li3PO4,LiOP,32,train
Li3PO4-008102,Li3PO4,LiOP,31,train
Li3PO4-009124,Li3PO4,LiOP,31,train
Li3PO4-003870,Li3PO4,LiOP,32,train
Li3PO4-002570,Li3PO4,LiOP,32,train
Li3PO4-015389,Li3PO4,LiOP,61,train
perovskite-000801,perovskite,CaHfOPbSrTi,20,train
Li3PO4-010406,Li3PO4,LiOP,31,train
ZrO2-007949,ZrO2,OZr,95,train
Li3PO4-000323,Li3PO4,LiOP,32,train
Li3PO4-008345,Li3PO4,LiOP,31,train
ZrO2-003949,ZrO2,OZr,47,train
ZrO2-005275,ZrO2,OZr,47,train
Li3PO4-010197,Li3PO4,LiOP,31,train
Li3PO4-004929,Li3PO4,LiOP,32,train
Li3PO4-016648,Li3PO4,LiOP,61,train
Li3PO4-006025,Li3PO4,LiOP,32,train
Li3PO4-001520,Li3PO4,LiOP,32,train
Li3PO4-006993,Li3PO4,LiOP,32,train
ZrO2-006485,ZrO2,OZr,95,train
ZrO2-005629,ZrO2,OZr,95,train
ZrO2-001532,ZrO2,OZr,96,train
ZrO2-005234,ZrO2,OZr,47,train
Li3PO4-015421,Li3PO4,LiOP,61,train
Li3PO4-003528,Li3PO4,LiOP,32,train
Li3PO4-001482,Li3PO4,LiOP,32,train
Li3PO4-003465,Li3PO4,LiOP,32,train
Li3PO4-002479,Li3PO4,LiOP,32,train
Li3PO4-006673,Li3PO4,LiOP,32,train
ZrO2-005718,ZrO2,OZr,95,train
Li3PO4-016696,Li3PO4,LiOP,61,train
ZrO2-000946,ZrO2,OZr,96,train
Li3PO4-011715,Li3PO4,LiOP,31,train
ZrO2-003863,ZrO2,OZr,47,train
Li3PO4-000732,Li3PO4,LiOP,32,train
Li3PO4-013561,Li3PO4,LiOP,61,train
ZrO2-006853,ZrO2,OZr,95,train
Li3PO4-008323,Li3PO4,LiOP,31,train
Li3PO4-011890,Li3PO4,LiOP,31,train
ZrO2-004391,ZrO2,OZr,47,train
Li3PO4-002519,Li3PO4,LiOP,32,train
ZrO2-009750,ZrO2,OZr,48,train
Li3PO4-017099,Li3PO4,LiOP,61,train
Li3PO4-004785,Li3PO4,LiOP,32,train
Li3PO4-008869,Li3PO4,LiOP,31,train
Li3PO4-002117,Li3PO4,LiOP,32,train
Li3PO4-002497,Li3PO4,LiOP,32,train
Li3PO4-002049,Li3PO4,LiOP,32,train
ZrO2-008843,ZrO2,OZr,48,train
ZrO2-008257,ZrO2,OZr,48,train
ZrO2-001177,ZrO2,OZr,96,train
ZrO2-006887,ZrO2,OZr,95,train
Li3PO4-001070,Li3PO4,LiOP,32,train
Li3PO4-009701,Li3PO4,LiOP,31,train
Li3PO4-004375,Li3PO4,LiOP,32,train
ZrO2-009915,ZrO2,OZr,48,train
Li3PO4-008688,Li3PO4,LiOP,31,train
ZrO2-000478,ZrO2,OZr,96,train
Li3PO4-009206,Li3PO4,LiOP,31,train
ZrO2-004417,ZrO2,OZr,47,train
Li3PO4-012458,Li3PO4,LiOP,31,train
perovskite-001124,perovskite,BaCaOPbSrTiZr,20,train
ZrO2-003297,ZrO2,OZr,95,train
Li3PO4-003750,Li3PO4,LiOP,32,train
Li3PO4-003112,Li3PO4,LiOP,32,train
Li3PO4-008962,Li3PO4,LiOP,31,train
Li3PO4-001676,Li3PO4,LiOP,32,train
ZrO2-006540,ZrO2,OZr,95,train
Li3PO4-010573,Li3PO4,LiOP,31,train
ZrO2-008539,ZrO2,OZr,48,train
Li3PO4-016558,Li3PO4,LiOP,61,train
ZrO2-008511,ZrO2,OZr,48,train
Li3PO4-002831,Li3PO4,LiOP,32,train
Li3PO4-007268,Li3PO4,LiOP,32,train
Li3PO4-010411,Li3PO4,LiOP,31,train
Li3PO4-000285,Li3PO4,LiOP,32,train
ZrO2-001909,ZrO2,OZr,96,train
ZrO2-003040,ZrO2,OZr,95,train
Li3PO4-004002,Li3PO4,LiOP,32,train
ZrO2-006748,ZrO2,OZr,95,train
ZrO2-003453,ZrO2,OZr,95,train
Li3PO4-007804,Li3PO4,LiOP,32,train
Li3PO4-010920,Li3PO4,LiOP,31,train
Li3PO4-007164,Li3PO4,LiOP,32,train
Li3PO4-001993,Li3PO4,LiOP,32,train
Li3PO4-012206,Li3PO4,LiOP,31,train
Li3PO4-004919,Li3PO4,LiOP,32,train
Li3PO4-000553,Li3PO4,LiOP,32,train
Li3PO4-012320,Li3PO4,LiOP,31,train
ZrO2-005838,ZrO2,OZr,95,train
ZrO2-003439,ZrO2,OZr,95,train
Li3PO4-014771,Li3PO4,LiOP,61,train
Li3PO4-013266,Li3PO4,LiOP,61,train
ZrO2-001143,ZrO2,OZr,96,train
Li3PO4-016695,Li3PO4,LiOP,61,train
ZrO2-008497,ZrO2,OZr,48,train
Li3PO4-002601,Li3PO4,LiOP,32,train
Li3PO4-016209,Li3PO4,LiOP,61,train
Li3PO4-005497,Li3PO4,LiOP,32,train
Li3PO4-002979,Li3PO4,LiOP,32,train
Li3PO4-004815,Li3PO4,LiOP,32,train
Li3PO4-015609,Li3PO4,LiOP,61,train
Li3PO4-015005,Li3PO4,LiOP,61,train
Li3PO4-007497,Li3PO4,LiOP,32,train
Li3PO4-001557,Li3PO4,LiOP,32,train
Li3PO4-004074,Li3PO4,LiOP,32,train
Li3PO4-016430,Li3PO4,LiOP,61,train
Li3PO4-002983,Li3PO4,LiOP,32,train
Li3PO4-017828,Li3PO4,LiOP,61,train
Li3PO4-006281,Li3PO4,LiOP,32,train
ZrO2-000266,ZrO2,OZr,96,train
Li3PO4-007649,Li3PO4,LiOP,32,train
ZrO2-002023,ZrO2,OZr,95,train
ZrO2-005625,ZrO2,OZr,95,train
Li3PO4-012616,Li3PO4,LiOP,31,train
ZrO2-000201,ZrO2,OZr,96,train
Li3PO4-010256,Li3PO4,LiOP,31,train
Li3PO4-011518,Li3PO4,LiOP,31,train
ZrO2-001467,ZrO2,OZr,96,train
Li3PO4-010251,Li3PO4,LiOP,31,train
Li3PO4-009032,Li3PO4,LiOP,31,train
ZrO2-009217,ZrO2,OZr,48,train
Li3PO4-016299,Li3PO4,LiOP,61,train
Li3PO4-013307,Li3PO4,LiOP,61,train
ZrO2-005619,ZrO2,OZr,95,train
Li3PO4-005295,Li3PO4,LiOP,32,train
Li3PO4-001758,Li3PO4,LiOP,32,train
Li3PO4-003681,Li3PO4,LiOP,32,train
ZrO2-007348,ZrO2,OZr,95,train
ZrO2-007924,ZrO2,OZr,95,train
ZrO2-009589,ZrO2,OZr,48,train
Li3PO4-014193,Li3PO4,LiOP,61,train
ZrO2-008328,ZrO2,OZr,48,train
ZrO2-001972,ZrO2,OZr,96,train
Li3PO4-003173,Li3PO4,LiOP,32,train
perovskite-000486,perovskite,CaHfOSrTi,20,train
Li3PO4-004581,Li3PO4,LiOP,32,train
perovskite-000370,perovskite,BaCaHfOTiZr,20,train
perovskite-000783,perovskite,CaHfOPbSrTiZr,20,train
Li3PO4-013389,Li3PO4,LiOP,61,train
ZrO2-005158,ZrO2,OZr,47,train
Li3PO4-012450,Li3PO4,LiOP,31,train
Li3PO4-012774,Li3PO4,LiOP,31,train
Li3PO4-005355,Li3PO4,LiOP,32,train
Li3PO4-005930,Li3PO4,LiOP,32,train
Li3PO4-005202,Li3PO4,LiOP,32,train
ZrO2-000823,ZrO2,OZr,96,train
perovskite-000104,perovskite,CaOPbSrTi,20,train
Li3PO4-012784,Li3PO4,LiOP,31,train
Li3PO4-006972,Li3PO4,LiOP,32,train
Li3PO4-001939,Li3PO4,LiOP,32,train
ZrO2-004460,ZrO2,OZr,47,train
ZrO2-002408,ZrO2,OZr,95,train
Li3PO4-005166,Li3PO4,LiOP,32,train
Li3PO4-001762,Li3PO4,LiOP,32,train
Li3PO4-004566,Li3PO4,LiOP,32,train
Li3PO4-000329,Li3PO4,LiOP,32,train
Li3PO4-007195,Li3PO4,LiOP,32,train
Li3PO4-016927,Li3PO4,LiOP,61,train
Li3PO4-012012,Li3PO4,LiOP,31,train
Li3PO4-001336,Li3PO4,LiOP,32,train
perovskite-000669,perovskite,BaCaHfOPbTiZr,20,train
Li3PO4-014710,Li3PO4,LiOP,61,train
Li3PO4-014115,Li3PO4,LiOP,61,train
Li3PO4-009110,Li3PO4,LiOP,31,train
Li3PO4-016875,Li3PO4,LiOP,61,train
Li3PO4-000307,Li3PO4,LiOP,32,train
ZrO2-000215,ZrO2,OZr,96,train
ZrO2-009815,ZrO2,OZr,48,train
Li3PO4-017938,Li3PO4,LiOP,61,train
Li3PO4-009407,Li3PO4,LiOP,31,train
ZrO2-003587,ZrO2,OZr,47,train
ZrO2-002034,ZrO2,OZr,95,train
Li3PO4-009476,Li3PO4,LiOP,31,train
Li3PO4-008043,Li3PO4,LiOP,31,train
Li3PO4-009296,Li3PO4,LiOP,31,train
Li3PO4-010495,Li3PO4,LiOP,31,train
Li3PO4-017732,Li3PO4,LiOP,61,train
Li3PO4-004730,Li3PO4,LiOP,32,train
Li3PO4-016489,Li3PO4,LiOP,61,train
ZrO2-006108,ZrO2,OZr,95,train
ZrO2-000340,ZrO2,OZr,96,train
Li3PO4-006891,Li3PO4,LiOP,32,train
Li3PO4-011271,Li3PO4,LiOP,31,train
Li3PO4-003595,Li3PO4,LiOP,32,train
Li3PO4-000433,Li3PO4,LiOP,32,train
ZrO2-008741,ZrO2,OZr,48,train
Li3PO4-005478,Li3PO4,LiOP,32,train
Li3PO4-014225,Li3PO4,LiOP,61,train
Li3PO4-008524,Li3PO4,LiOP,31,train
Li3PO4-013518,Li3PO4,LiOP,61,train
Li3PO4-009541,Li3PO4,LiOP,31,train
Li3PO4-008471,Li3PO4,LiOP,31,train
Li3PO4-017053,Li3PO4,LiOP,61,train
Li3PO4-002847,Li3PO4,LiOP,32,train
ZrO2-001779,ZrO2,OZr,96,train
Li3PO4-000651,Li3PO4,LiOP,32,train
Li3PO4-000389,Li3PO4,LiOP,32,train
ZrO2-004165,ZrO2,OZr,47,train
Li3PO4-000728,Li3PO4,LiOP,32,train
Li3PO4-014157,Li3PO4,LiOP,61,train
ZrO2-000085,ZrO2,OZr,96,train
Li3PO4-000018,Li3PO4,LiOP,32,train
Li3PO4-005846,Li3PO4,LiOP,32,train
Li3PO4-014861,Li3PO4,LiOP,61,train
Li3PO4-016377,Li3PO4,LiOP,61,train
Li3PO4-011638,Li3PO4,LiOP,31,train
ZrO2-001290,ZrO2,OZr,96,train
Li3PO4-001250,Li3PO4,LiOP,32,train
Li3PO4-012977,Li3PO4,LiOP,31,train
Li3PO4-004427,Li3PO4,LiOP,32,train
Li3PO4-014811,Li3PO4,LiOP,61,train
Li3PO4-002918,Li3PO4,LiOP,32,train
Li3PO4-007943,Li3PO4,LiOP,32,train
Li3PO4-011315,Li3PO4,LiOP,31,train
ZrO2-008034,ZrO2,OZr,95,train
Li3PO4-017064,Li3PO4,LiOP,61,train
ZrO2-007567,ZrO2,OZr,95,train
Li3PO4-014412,Li3PO4,LiOP,61,train
Li3PO4-001554,Li3PO4,LiOP,32,train
ZrO2-010025,ZrO2,OZr,48,train
ZrO2-008553,ZrO2,OZr,48,train
Li3PO4-009823,Li3PO4,LiOP,31,train
Li3PO4-010163,Li3PO4,LiOP,31,train
ZrO2-004033,ZrO2,OZr,47,train
Li3PO4-002605,Li3PO4,LiOP,32,train
Li3PO4-009512,Li3PO4,LiOP,31,train
Li3PO4-008259,Li3PO4,LiOP,31,train
Li3PO4-009813,Li3PO4,LiOP,31,train
Li3PO4-012009,Li3PO4,LiOP,31,train
ZrO2-002077,ZrO2,OZr,95,train
Li3PO4-017327,Li3PO4,LiOP,61,train
Li3PO4-000714,Li3PO4,LiOP,32,train
ZrO2-004182,ZrO2,OZr,47,train
perovskite-000712,perovskite,CaHfOPbTiZr,20,train
ZrO2-004559,ZrO2,OZr,47,train
ZrO2-003185,ZrO2,OZr,95,train
Li3PO4-000361,Li3PO4,LiOP,32,train
ZrO2-004696,ZrO2,OZr,47,train
Li3PO4-013193,Li3PO4,LiOP,61,train
Li3PO4-011919,Li3PO4,LiOP,31,train
ZrO2-004187,ZrO2,OZr,47,train
Li3PO4-013599,Li3PO4,LiOP,61,train
Li3PO4-005607,Li3PO4,LiOP,32,train
Li3PO4-012819,Li3PO4,LiOP,31,train
ZrO2-002017,ZrO2,OZr,95,train
Li3PO4-012664,Li3PO4,LiOP,31,train
Li3PO4-010776,Li3PO4,LiOP,31,train
ZrO2-007269,ZrO2,OZr,95,train
Li3PO4-015148,Li3PO4,LiOP,61,train
ZrO2-008097,ZrO2,OZr,95,train
Li3PO4-011965,Li3PO4,LiOP,31,train
Li3PO4-011557,Li3PO4,LiOP,31,train
ZrO2-007220,ZrO2,OZr,95,train
ZrO2-009885,ZrO2,OZr,48,train
Li3PO4-003184,Li3PO4,LiOP,32,train
Li3PO4-007155,Li3PO4,LiOP,32,train
Li3PO4-000904,Li3PO4,LiOP,32,train
Li3PO4-012972,Li3PO4,LiOP,31,train
ZrO2-006068,ZrO2,OZr,95,train
ZrO2-002447,ZrO2,OZr,95,train
Li3PO4-008647,Li3PO4,LiOP,31,train
ZrO2-009405,ZrO2,OZr,48,train
Li3PO4-015137,Li3PO4,LiOP,61,train
Li3PO4-005861,Li3PO4,LiOP,32,train
ZrO2-007716,ZrO2,OZr,95,train
Li3PO4-006266,Li3PO4,LiOP,32,train
Li3PO4-009453,Li3PO4,LiOP,31,train
Li3PO4-017011,Li3PO4,LiOP,61,train
ZrO2-001710,ZrO2,OZr,96,train
ZrO2-009570,ZrO2,OZr,48,train
Li3PO4-003980,Li3PO4,LiOP,32,train
ZrO2-003087,ZrO2,OZr,95,train
Li3PO4-003364,Li3PO4,LiOP,32,train
ZrO2-005373,ZrO2,OZr,47,train
Li3PO4-017114,Li3PO4,LiOP,61,train
Li3PO4-001162,Li3PO4,LiOP,32,train
Li3PO4-015311,Li3PO4,LiOP,61,train
Li3PO4-010550,Li3PO4,LiOP,31,train
Li3PO4-011954,Li3PO4,LiOP,31,train
Li3PO4-014109,Li3PO4,LiOP,61,train
Li3PO4-005113,Li3PO4,LiOP,32,train
ZrO2-002188,ZrO2,OZr,95,train
ZrO2-009192,ZrO2,OZr,48,train
Li3PO4-007912,Li3PO4,LiOP,32,train
perovskite-000400,perovskite,CaOPbSrTiZr,20,train
ZrO2-001762,ZrO2,OZr,96,train
Li3PO4-001437,Li3PO4,LiOP,32,train
Li3PO4-004716,Li3PO4,LiOP,32,train
ZrO2-009027,ZrO2,OZr,48,train
ZrO2-005381,ZrO2,OZr,47,train
Li3PO4-017220,Li3PO4,LiOP,61,train
Li3PO4-010769,Li3PO4,LiOP,31,train
Li3PO4-010553,Li3PO4,LiOP,31,train
Li3PO4-001337,Li3PO4,LiOP,32,train
ZrO2-005330,ZrO2,OZr,47,train
ZrO2-007556,ZrO2,OZr,95,train
Li3PO4-014691,Li3PO4,LiOP,61,train
Li3PO4-010594,Li3PO4,LiOP,31,train
ZrO2-009573,ZrO2,OZr,48,train
ZrO2-004557,ZrO2,OZr,47,train
Li3PO4-000914,Li3PO4,LiOP,32,train
Li3PO4-014285,Li3PO4,LiOP,61,train
Li3PO4-008270,Li3PO4,LiOP,31,train
Li3PO4-013485,Li3PO4,LiOP,61,train
ZrO2-006009,ZrO2,OZr,95,train
Li3PO4-016572,Li3PO4,LiOP,61,train
Li3PO4-014328,Li3PO4,LiOP,61,train
Li3PO4-000409,Li3PO4,LiOP,32,train
perovskite-000519,perovskite,BaCaHfOSrTiZr,20,train
ZrO2-000531,ZrO2,OZr,96,train
ZrO2-003284,ZrO2,OZr,95,train
Li3PO4-013147,Li3PO4,LiOP,61,train
Li3PO4-001592,Li3PO4,LiOP,32,train
Li3PO4-010651,Li3PO4,LiOP,31,train
Li3PO4-004782,Li3PO4,LiOP,32,train
ZrO2-004039,ZrO2,OZr,47,train
perovskite-001069,perovskite,BaCaOPbTiZr,20,train
Li3PO4-003857,Li3PO4,LiOP,32,train
ZrO2-007195,ZrO2,OZr,95,train
Li3PO4-006136,Li3PO4,LiOP,32,train
Li3PO4-010795,Li3PO4,LiOP,31,train
perovskite-000665,perovskite,BaCaHfOPbTiZr,20,train
Li3PO4-010990,Li3PO4,LiOP,31,train
Li3PO4-002469,Li3PO4,LiOP,32,train
Li3PO4-016619,Li3PO4,LiOP,61,train
Li3PO4-017022,Li3PO4,LiOP,61,train
ZrO2-000475,ZrO2,OZr,96,train
Li3PO4-000837,Li3PO4,LiOP,32,train
Li3PO4-006934,Li3PO4,LiOP,32,train
Li3PO4-012048,Li3PO4,LiOP,31,train
Li3PO4-014568,Li3PO4,LiOP,61,train
ZrO2-003692,ZrO2,OZr,47,train
ZrO2-005841,ZrO2,OZr,95,train
ZrO2-001755,ZrO2,OZr,96,train
Li3PO4-009432,Li3PO4,LiOP,31,train
Li3PO4-002423,Li3PO4,LiOP,32,train
ZrO2-007766,ZrO2,OZr,95,train
ZrO2-005637,ZrO2,OZr,95,train
ZrO2-006944,ZrO2,OZr,95,train
Li3PO4-007570,Li3PO4,LiOP,32,train
Li3PO4-008485,Li3PO4,LiOP,31,train
ZrO2-006904,ZrO2,OZr,95,train
Li3PO4-013175,Li3PO4,LiOP,61,train
Li3PO4-002317,Li3PO4,LiOP,32,train
Li3PO4-005148,Li3PO4,LiOP,32,train
Li3PO4-013707,Li3PO4,LiOP,61,train
Li3PO4-007634,Li3PO4,LiOP,32,train
ZrO2-007160,ZrO2,OZr,95,train
ZrO2-004022,ZrO2,OZr,47,train
Li3PO4-002137,Li3PO4,LiOP,32,train
Li3PO4-016976,Li3PO4,LiOP,61,train
ZrO2-002672,ZrO2,OZr,95,train
Li3PO4-006406,Li3PO4,LiOP,32,train
ZrO2-000497,ZrO2,OZr,96,train
Li3PO4-014006,Li3PO4,LiOP,61,train
ZrO2-002553,ZrO2,OZr,95,train
Li3PO4-005415,Li3PO4,LiOP,32,train
Li3PO4-003883,Li3PO4,LiOP,32,train
Li3PO4-004395,Li3PO4,LiOP,32,train
Li3PO4-013024,Li3PO4,LiOP,61,train
ZrO2-002826,ZrO2,OZr,95,train
Li3PO4-016173,Li3PO4,LiOP,61,train
Li3PO4-000953,Li3PO4,LiOP,32,train
Li3PO4-002567,Li3PO4,LiOP,32,train
ZrO2-006481,ZrO2,OZr,95,train
Li3PO4-013932,Li3PO4,LiOP,61,train
Li3PO4-000902,Li3PO4,LiOP,32,train
Li3PO4-007819,Li3PO4,LiOP,32,train
ZrO2-005881,ZrO2,OZr,95,train
ZrO2-005148,ZrO2,OZr,47,train
ZrO2-006020,ZrO2,OZr,95,train
Li3PO4-000550,Li3PO4,LiOP,32,train
ZrO2-003838,ZrO2,OZr,47,train
ZrO2-002378,ZrO2,OZr,95,train
Li3PO4-004437,Li3PO4,LiOP,32,train
Li3PO4-000529,Li3PO4,LiOP,32,train
ZrO2-006532,ZrO2,OZr,95,train
ZrO2-008414,ZrO2,OZr,48,train
Li3PO4-008865,Li3PO4,LiOP,31,train
Li3PO4-005085,Li3PO4,LiOP,32,train
ZrO2-009211,ZrO2,OZr,48,train
ZrO2-008862,ZrO2,OZr,48,train
ZrO2-009542,ZrO2,OZr,48,train
ZrO2-001732,ZrO2,OZr,96,train
ZrO2-006645,ZrO2,OZr,95,train
Li3PO4-000607,Li3PO4,LiOP,32,train
Li3PO4-000779,Li3PO4,LiOP,32,train
ZrO2-008446,ZrO2,OZr,48,train
ZrO2-004185,ZrO2,OZr,47,train
ZrO2-006296,ZrO2,OZr,95,train
Li3PO4-006160,Li3PO4,LiOP,32,train
ZrO2-003215,ZrO2,OZr,95,train
Li3PO4-000871,Li3PO4,LiOP,32,train
Li3PO4-010113,Li3PO4,LiOP,31,train
Li3PO4-012808,Li3PO4,LiOP,31,train
ZrO2-003466,ZrO2,OZr,95,train
ZrO2-000334,ZrO2,OZr,96,train
ZrO2-009668,ZrO2,OZr,48,train
ZrO2-001264,ZrO2,OZr,96,train
Li3PO4-015460,Li3PO4,LiOP,61,train
Li3PO4-006820,Li3PO4,LiOP,32,train
ZrO2-002299,ZrO2,OZr,95,train
ZrO2-003318,ZrO2,OZr,95,train
Li3PO4-004044,Li3PO4,LiOP,32,train
ZrO2-002176,ZrO2,OZr,95,train
Li3PO4-005946,Li3PO4,LiOP,32,train
Li3PO4-016490,Li3PO4,LiOP,61,train
ZrO2-001048,ZrO2,OZr,96,train
Li3PO4-007431,Li3PO4,LiOP,32,train
Li3PO4-003102,Li3PO4,LiOP,32,train
perovskite-000233,perovskite,CaHfOTiZr,20,train
Li3PO4-017403,Li3PO4,LiOP,61,train
Li3PO4-001496,Li3PO4,LiOP,32,train
ZrO2-008619,ZrO2,OZr,48,train
Li3PO4-005349,Li3PO4,LiOP,32,train
Li3PO4-012058,Li3PO4,LiOP,31,train
Li3PO4-014056,Li3PO4,LiOP,61,train
Li3PO4-000065,Li3PO4,LiOP,32,train
Li3PO4-007927,Li3PO4,LiOP,32,train
Li3PO4-005934,Li3PO4,LiOP,32,train
ZrO2-008740,ZrO2,OZr,48,train
Li3PO4-011454,Li3PO4,LiOP,31,train
ZrO2-008503,ZrO2,OZr,48,train
Li3PO4-016671,Li3PO4,LiOP,61,train
Li3PO4-001904,Li3PO4,LiOP,32,train
Li3PO4-014671,Li3PO4,LiOP,61,train
Li3PO4-001874,Li3PO4,LiOP,32,train
Li3PO4-013098,Li3PO4,LiOP,61,train
Li3PO4-013148,Li3PO4,LiOP,61,train
ZrO2-009318,ZrO2,OZr,48,train
Li3PO4-013854,Li3PO4,LiOP,61,train
ZrO2-009196,ZrO2,OZr,48,train
Li3PO4-016208,Li3PO4,LiOP,61,train
ZrO2-008778,ZrO2,OZr,48,train
ZrO2-003423,ZrO2,OZr,95,train
Li3PO4-004245,Li3PO4,LiOP,32,train
Li3PO4-003212,Li3PO4,LiOP,32,train
Li3PO4-015449,Li3PO4,LiOP,61,train
Li3PO4-013357,Li3PO4,LiOP,61,train
Li3PO4-005413,Li3PO4,LiOP,32,train
Li3PO4-015901,Li3PO4,LiOP,61,train
Li3PO4-004411,Li3PO4,LiOP,32,train
Li3PO4-005894,Li3PO4,LiOP,32,train
ZrO2-007234,ZrO2,OZr,95,train
Li3PO4-015770,Li3PO4,LiOP,61,train
ZrO2-000502,ZrO2,OZr,96,train
Li3PO4-016615,Li3PO4,LiOP,61,train
Li3PO4-007281,Li3PO4,LiOP,32,train
Li3PO4-007419,Li3PO4,LiOP,32,train
Li3PO4-013190,Li3PO4,LiOP,61,train
Li3PO4-003227,Li3PO4,LiOP,32,train
Li3PO4-015599,Li3PO4,LiOP,61,train
ZrO2-009060,ZrO2,OZr,48,train
Li3PO4-009981,Li3PO4,LiOP,31,train
ZrO2-003383,ZrO2,OZr,95,train
Li3PO4-010812,Li3PO4,LiOP,31,train
Li3PO4-016881,Li3PO4,LiOP,61,train
Li3PO4-004426,Li3PO4,LiOP,32,train
Li3PO4-012375,Li3PO4,LiOP,31,train
ZrO2-009891,ZrO2,OZr,48,train
perovskite-001067,perovskite,BaCaHfOPbTiZr,20,train
ZrO2-006056,ZrO2,OZr,95,train
ZrO2-010034,ZrO2,OZr,48,train
ZrO2-009716,ZrO2,OZr,48,train
Li3PO4-010636,Li3PO4,LiOP,31,train
Li3PO4-014079,Li3PO4,LiOP,61,train
Li3PO4-004679,Li3PO4,LiOP,32,train
ZrO2-004942,ZrO2,OZr,47,train
ZrO2-005237,ZrO2,OZr,47,train
Li3PO4-008118,Li3PO4,LiOP,31,train
perovskite-000889,perovskite,CaHfOPbSrZr,20,train
perovskite-000966,perovskite,CaHfOPbSrTiZr,20,train
ZrO2-009257,ZrO2,OZr,48,train
Li3PO4-009076,Li3PO4,LiOP,31,train
ZrO2-000739,ZrO2,OZr,96,train
ZrO2-008626,ZrO2,OZr,48,train
Li3PO4-000735,Li3PO4,LiOP,32,train
Li3PO4-003169,Li3PO4,LiOP,32,train
ZrO2-000685,ZrO2,OZr,96,train
Li3PO4-004363,Li3PO4,LiOP,32,train
ZrO2-007129,ZrO2,OZr,95,train
Li3PO4-017349,Li3PO4,LiOP,61,train
Li3PO4-012310,Li3PO4,LiOP,31,train
Li3PO4-010303,Li3PO4,LiOP,31,train
Li3PO4-017343,Li3PO4,LiOP,61,train
ZrO2-001611,ZrO2,OZr,96,train
Li3PO4-000128,Li3PO4,LiOP,32,train
ZrO2-005989,ZrO2,OZr,95,train
ZrO2-006381,ZrO2,OZr,95,train
perovskite-000975,perovskite,BaCaHfOPbSrTi,20,train
ZrO2-001044,ZrO2,OZr,96,train
ZrO2-002546,ZrO2,OZr,95,train
Li3PO4-015643,Li3PO4,LiOP,61,train
Li3PO4-003657,Li3PO4,LiOP,32,train
Li3PO4-012260,Li3PO4,LiOP,31,train
perovskite-000132,perovskite,BaOPbSrTi,20,train
ZrO2-008907,ZrO2,OZr,48,train
Li3PO4-012047,Li3PO4,LiOP,31,train
perovskite-000581,perovskite,CaHfOPbTiZr,20,train
Li3PO4-016560,Li3PO4,LiOP,61,train
ZrO2-008492,ZrO2,OZr,48,train
ZrO2-007811,ZrO2,OZr,95,train
Li3PO4-004665,Li3PO4,LiOP,32,train
perovskite-000393,perovskite,CaHfOPbZr,20,train
ZrO2-008994,ZrO2,OZr,48,train
Li3PO4-010090,Li3PO4,LiOP,31,train
Li3PO4-013990,Li3PO4,LiOP,61,train
Li3PO4-009461,Li3PO4,LiOP,31,train
ZrO2-007177,ZrO2,OZr,95,train
Li3PO4-006398,Li3PO4,LiOP,32,train
ZrO2-006959,ZrO2,OZr,95,train
Li3PO4-017578,Li3PO4,LiOP,61,train
Li3PO4-000099,Li3PO4,LiOP,32,train
ZrO2-003389,ZrO2,OZr,95,train
Li3PO4-005280,Li3PO4,LiOP,32,train
Li3PO4-011975,Li3PO4,LiOP,31,train
ZrO2-007369,ZrO2,OZr,95,train
Li3PO4-002841,Li3PO4,LiOP,32,train
Li3PO4-016136,Li3PO4,LiOP,61,train
Li3PO4-017740,Li3PO4,LiOP,61,train
Li3PO4-007792,Li3PO4,LiOP,32,train
Li3PO4-017159,Li3PO4,LiOP,61,train
Li3PO4-008460,Li3PO4,LiOP,31,train
Li3PO4-000863,Li3PO4,LiOP,32,train
Li3PO4-010856,Li3PO4,LiOP,31,train
ZrO2-001684,ZrO2,OZr,96,train
Li3PO4-011268,Li3PO4,LiOP,31,train
ZrO2-006847,ZrO2,OZr,95,train
Li3PO4-012511,Li3PO4,LiOP,31,train
Li3PO4-007480,Li3PO4,LiOP,32,train
Li3PO4-004563,Li3PO4,LiOP,32,train
Li3PO4-011089,Li3PO4,LiOP,31,train
ZrO2-004040,ZrO2,OZr,47,train
ZrO2-004939,ZrO2,OZr,47,train
Li3PO4-017721,Li3PO4,LiOP,61,train
ZrO2-004257,ZrO2,OZr,47,train
Li3PO4-016856,Li3PO4,LiOP,61,train
Li3PO4-014168,Li3PO4,LiOP,61,train
ZrO2-005671,ZrO2,OZr,95,train
Li3PO4-015557,Li3PO4,LiOP,61,train
Li3PO4-005866,Li3PO4,LiOP,32,train
Li3PO4-007441,Li3PO4,LiOP,32,train
Li3PO4-002990,Li3PO4,LiOP,32,train
Li3PO4-002273,Li3PO4,LiOP,32,train
ZrO2-001426,ZrO2,OZr,96,train
Li3PO4-009242,Li3PO4,LiOP,31,train
Li3PO4-017858,Li3PO4,LiOP,61,train
ZrO2-007565,ZrO2,OZr,95,train
Li3PO4-004018,Li3PO4,LiOP,32,train
ZrO2-001966,ZrO2,OZr,96,train
ZrO2-008670,ZrO2,OZr,48,train
Li3PO4-001022,Li3PO4,LiOP,32,train
ZrO2-002426,ZrO2,OZr,95,train
Li3PO4-008746,Li3PO4,LiOP,31,train
Li3PO4-010001,Li3PO4,LiOP,31,train
Li3PO4-015634,Li3PO4,LiOP,61,train
ZrO2-004752,ZrO2,OZr,47,train
ZrO2-002146,ZrO2,OZr,95,train
Li3PO4-017107,Li3PO4,LiOP,61,train
Li3PO4-015969,Li3PO4,LiOP,61,train
ZrO2-008380,ZrO2,OZr,48,train
Li3PO4-011777,Li3PO4,LiOP,31,train
ZrO2-000540,ZrO2,OZr,96,train
Li3PO4-013985,Li3PO4,LiOP,61,train
Li3PO4-010468,Li3PO4,LiOP,31,train
Li3PO4-012888,Li3PO4,LiOP,31,train
Li3PO4-009328,Li3PO4,LiOP,31,train
Li3PO4-004302,Li3PO4,LiOP,32,train
ZrO2-006679,ZrO2,OZr,95,train
Li3PO4-002007,Li3PO4,LiOP,32,train
Li3PO4-006793,Li3PO4,LiOP,32,train
Li3PO4-003365,Li3PO4,LiOP,32,train
Li3PO4-002124,Li3PO4,LiOP,32,train
Li3PO4-002666,Li3PO4,LiOP,32,train
Li3PO4-000212,Li3PO4,LiOP,32,train
Li3PO4-006625,Li3PO4,LiOP,32,train
Li3PO4-005519,Li3PO4,LiOP,32,train
Li3PO4-005800,Li3PO4,LiOP,32,train
ZrO2-007190,ZrO2,OZr,95,train
Li3PO4-012411,Li3PO4,LiOP,31,train
ZrO2-007593,ZrO2,OZr,95,train
ZrO2-005060,ZrO2,OZr,47,train
Li3PO4-010268,Li3PO4,LiOP,31,train
Li3PO4-001617,Li3PO4,LiOP,32,train
Li3PO4-007768,Li3PO4,LiOP,32,train
ZrO2-007312,ZrO2,OZr,95,train
Li3PO4-004324,Li3PO4,LiOP,32,train
Li3PO4-001399,Li3PO4,LiOP,32,train
Li3PO4-013827,Li3PO4,LiOP,61,train
Li3PO4-014714,Li3PO4,LiOP,61,train
ZrO2-009247,ZrO2,OZr,48,train
Li3PO4-010176,Li3PO4,LiOP,31,train
ZrO2-003102,ZrO2,OZr,95,train
Li3PO4-016536,Li3PO4,LiOP,61,train
ZrO2-007363,ZrO2,OZr,95,train
Li3PO4-012710,Li3PO4,LiOP,31,train
Li3PO4-001979,Li3PO4,LiOP,32,train
Li3PO4-012080,Li3PO4,LiOP,31,train
ZrO2-002417,ZrO2,OZr,95,train
Li3PO4-004472,Li3PO4,LiOP,32,train
ZrO2-007810,ZrO2,OZr,95,train
Li3PO4-016183,Li3PO4,LiOP,61,train
perovskite-000021,perovskite,BaCaOPbZr,20,train
ZrO2-002494,ZrO2,OZr,95,train
Li3PO4-002064,Li3PO4,LiOP,32,train
ZrO2-001678,ZrO2,OZr,96,train
Li3PO4-017150,Li3PO4,LiOP,61,train
ZrO2-004310,ZrO2,OZr,47,train
Li3PO4-007949,Li3PO4,LiOP,32,train
ZrO2-009818,ZrO2,OZr,48,train
Li3PO4-004024,Li3PO4,LiOP,32,train
perovskite-000779,perovskite,CaHfOPbSrTiZr,20,train
Li3PO4-009122,Li3PO4,LiOP,31,train
Li3PO4-012035,Li3PO4,LiOP,31,train
Li3PO4-013564,Li3PO4,LiOP,61,train
Li3PO4-010421,Li3PO4,LiOP,31,train
ZrO2-002207,ZrO2,OZr,95,train
Li3PO4-005880,Li3PO4,LiOP,32,train
Li3PO4-017240,Li3PO4,LiOP,61,train
ZrO2-002398,ZrO2,OZr,95,train
ZrO2-003035,ZrO2,OZr,95,train
ZrO2-003501,ZrO2,OZr,95,train
ZrO2-000245,ZrO2,OZr,96,train
Li3PO4-001995,Li3PO4,LiOP,32,train
Li3PO4-016391,Li3PO4,LiOP,61,train
Li3PO4-012738,Li3PO4,LiOP,31,train
ZrO2-007200,ZrO2,OZr,95,train
perovskite-000368,perovskite,BaCaHfOZr,20,train
Li3PO4-015541,Li3PO4,LiOP,61,train
Li3PO4-000458,Li3PO4,LiOP,32,train
Li3PO4-001785,Li3PO4,LiOP,32,train
ZrO2-008267,ZrO2,OZr,48,train
Li3PO4-017870,Li3PO4,LiOP,61,train
Li3PO4-000057,Li3PO4,LiOP,32,train
Li3PO4-017124,Li3PO4,LiOP,61,train
Li3PO4-014029,Li3PO4,LiOP,61,train
Li3PO4-006778,Li3PO4,LiOP,32,train
Li3PO4-017046,Li3PO4,LiOP,61,train
ZrO2-002836,ZrO2,OZr,95,train
ZrO2-009459,ZrO2,OZr,48,train
ZrO2-000600,ZrO2,OZr,96,train
Li3PO4-017218,Li3PO4,LiOP,61,train
ZrO2-009748,ZrO2,OZr,48,train
Li3PO4-015001,Li3PO4,LiOP,61,train
Li3PO4-017921,Li3PO4,LiOP,61,train
ZrO2-002534,ZrO2,OZr,95,train
ZrO2-002008,ZrO2,OZr,95,train
Li3PO4-006975,Li3PO4,LiOP,32,train
ZrO2-006022,ZrO2,OZr,95,train
Li3PO4-006626,Li3PO4,LiOP,32,train
ZrO2-000607,ZrO2,OZr,96,train
ZrO2-007315,ZrO2,OZr,95,train
ZrO2-000018,ZrO2,OZr,96,train
Li3PO4-007926,Li3PO4,LiOP,32,train
Li3PO4-008974,Li3PO4,LiOP,31,train
Li3PO4-008600,Li3PO4,LiOP,31,train
ZrO2-003432,ZrO2,OZr,95,train
Li3PO4-009219,Li3PO4,LiOP,31,train
ZrO2-007774,ZrO2,OZr,95,train
Li3PO4-000587,Li3PO4,LiOP,32,train
Li3PO4-014170,Li3PO4,LiOP,61,train
ZrO2-007119,ZrO2,OZr,95,train
Li3PO4-016824,Li3PO4,LiOP,61,train
ZrO2-007669,ZrO2,OZr,95,train
ZrO2-006266,ZrO2,OZr,95,train
Li3PO4-016699,Li3PO4,LiOP,61,train
Li3PO4-006834,Li3PO4,LiOP,32,train
Li3PO4-000532,Li3PO4,LiOP,32,train
Li3PO4-015767,Li3PO4,LiOP,61,train
Li3PO4-003445,Li3PO4,LiOP,32,train
Li3PO4-006279,Li3PO4,LiOP,32,train
ZrO2-000553,ZrO2,OZr,96,train
Li3PO4-011770,Li3PO4,LiOP,31,train
Li3PO4-003784,Li3PO4,LiOP,32,train
ZrO2-009909,ZrO2,OZr,48,train
Li3PO4-001745,Li3PO4,LiOP,32,train
Li3PO4-010631,Li3PO4,LiOP,31,train
Li3PO4-014035,Li3PO4,LiOP,61,train
Li3PO4-002536,Li3PO4,LiOP,32,train
Li3PO4-003163,Li3PO4,LiOP,32,train
Li3PO4-008608,Li3PO4,LiOP,31,train
Li3PO4-015420,Li3PO4,LiOP,61,train
Li3PO4-005805,Li3PO4,LiOP,32,train
ZrO2-006047,ZrO2,OZr,95,train
Li3PO4-006316,Li3PO4,LiOP,32,train
Li3PO4-006945,Li3PO4,LiOP,32,train
Li3PO4-003452,Li3PO4,LiOP,32,train
Li3PO4-009949,Li3PO4,LiOP,31,train
Li3PO4-005768,Li3PO4,LiOP,32,train
Li3PO4-001143,Li3PO4,LiOP,32,train
Li3PO4-005292,Li3PO4,LiOP,32,train
Li3PO4-010123,Li3PO4,LiOP,31,train
Li3PO4-011743,Li3PO4,LiOP,31,train
Li3PO4-002333,Li3PO4,LiOP,32,train
Li3PO4-012144,Li3PO4,LiOP,31,train
Li3PO4-008386,Li3PO4,LiOP,31,train
ZrO2-002069,ZrO2,OZr,95,train
perovskite-000378,perovskite,CaHfOPbTi,20,train
Li3PO4-000157,Li3PO4,LiOP,32,train
Li3PO4-002920,Li3PO4,LiOP,32,train
Li3PO4-000555,Li3PO4,LiOP,32,train
ZrO2-002621,ZrO2,OZr,95,train
Li3PO4-003724,Li3PO4,LiOP,32,train
Li3PO4-011714,Li3PO4,LiOP,31,train
Li3PO4-002450,Li3PO4,LiOP,32,train
Li3PO4-017297,Li3PO4,LiOP,61,train
Li3PO4-006851,Li3PO4,LiOP,32,train
Li3PO4-013199,Li3PO4,LiOP,61,train
Li3PO4-001712,Li3PO4,LiOP,32,train
ZrO2-003800,ZrO2,OZr,47,train
Li3PO4-002702,Li3PO4,LiOP,32,train
Li3PO4-000943,Li3PO4,LiOP,32,train
ZrO2-000434,ZrO2,OZr,96,train
perovskite-000212,perovskite,BaHfOPbSr,20,train
Li3PO4-013142,Li3PO4,LiOP,61,train
Li3PO4-017153,Li3PO4,LiOP,61,train
Li3PO4-004571,Li3PO4,LiOP,32,train
ZrO2-007302,ZrO2,OZr,95,train
Li3PO4-007223,Li3PO4,LiOP,32,train
Li3PO4-008167,Li3PO4,LiOP,31,train
Li3PO4-004435,Li3PO4,LiOP,32,train
Li3PO4-002574,Li3PO4,LiOP,32,train
Li3PO4-002868,Li3PO4,LiOP,32,train
perovskite-000792,perovskite,CaHfOPbSrTiZr,20,train
Li3PO4-005290,Li3PO4,LiOP,32,train
Li3PO4-010781,Li3PO4,LiOP,31,train
Li3PO4-009713,Li3PO4,LiOP,31,train
Li3PO4-005266,Li3PO4,LiOP,32,train
ZrO2-008106,ZrO2,OZr,48,train
Li3PO4-017867,Li3PO4,LiOP,61,train
Li3PO4-017144,Li3PO4,LiOP,61,train
ZrO2-003274,ZrO2,OZr,95,train
ZrO2-008281,ZrO2,OZr,48,train
ZrO2-001189,ZrO2,OZr,96,train
Li3PO4-014829,Li3PO4,LiOP,61,train
perovskite-000834,perovskite,BaCaHfOPbTiZr,20,train
ZrO2-007839,ZrO2,OZr,95,train
ZrO2-008231,ZrO2,OZr,48,train
ZrO2-008586,ZrO2,OZr,48,train
Li3PO4-001210,Li3PO4,LiOP,32,train
Li3PO4-001962,Li3PO4,LiOP,32,train
Li3PO4-001836,Li3PO4,LiOP,32,train
perovskite-001220,perovskite,CaHfOSrZr,20,train
Li3PO4-001628,Li3PO4,LiOP,32,train
ZrO2-008733,ZrO2,OZr,48,train
Li3PO4-006087,Li3PO4,LiOP,32,train
Li3PO4-000048,Li3PO4,LiOP,32,train
Li3PO4-016364,Li3PO4,LiOP,61,train
Li3PO4-007058,Li3PO4,LiOP,32,train
ZrO2-004385,ZrO2,OZr,47,train
Li3PO4-000580,Li3PO4,LiOP,32,train
ZrO2-003357,ZrO2,OZr,95,train
Li3PO4-015382,Li3PO4,LiOP,61,train
ZrO2-009068,ZrO2,OZr,48,train
ZrO2-008453,ZrO2,OZr,48,train
ZrO2-001299,ZrO2,OZr,96,train
Li3PO4-002855,Li3PO4,LiOP,32,train
Li3PO4-016163,Li3PO4,LiOP,61,train
Li3PO4-008135,Li3PO4,LiOP,31,train
ZrO2-006236,ZrO2,OZr,95,train
ZrO2-003558,ZrO2,OZr,95,train
Li3PO4-015751,Li3PO4,LiOP,61,train
ZrO2-003157,ZrO2,OZr,95,train
Li3PO4-011129,Li3PO4,LiOP,31,train
Li3PO4-013487,Li3PO4,LiOP,61,train
Li3PO4-003108,Li3PO4,LiOP,32,train
ZrO2-006418,ZrO2,OZr,95,train
ZrO2-005228,ZrO2,OZr,47,train
Li3PO4-012100,Li3PO4,LiOP,31,train
Li3PO4-007222,Li3PO4,LiOP,32,train
ZrO2-007585,ZrO2,OZr,95,train
Li3PO4-017709,Li3PO4,LiOP,61,train
Li3PO4-008894,Li3PO4,LiOP,31,train
Li3PO4-015126,Li3PO4,LiOP,61,train
Li3PO4-010786,Li3PO4,LiOP,31,train
ZrO2-009394,ZrO2,OZr,48,train
Li3PO4-003613,Li3PO4,LiOP,32,train
Li3PO4-001635,Li3PO4,LiOP,32,train
ZrO2-006413,ZrO2,OZr,95,train
Li3PO4-004706,Li3PO4,LiOP,32,train
ZrO2-008972,ZrO2,OZr,48,train
ZrO2-005630,ZrO2,OZr,95,train
ZrO2-009395,ZrO2,OZr,48,train
ZrO2-010015,ZrO2,OZr,48,train
ZrO2-000162,ZrO2,OZr,96,train
Li3PO4-014588,Li3PO4,LiOP,61,train
perovskite-000555,perovskite,BaCaOTiZr,20,train
Li3PO4-007378,Li3PO4,LiOP,32,train
Li3PO4-005377,Li3PO4,LiOP,32,train
ZrO2-001871,ZrO2,OZr,96,train
ZrO2-002061,ZrO2,OZr,95,train
ZrO2-008706,ZrO2,OZr,48,train
ZrO2-007942,ZrO2,OZr,95,train
Li3PO4-006127,Li3PO4,LiOP,32,train
ZrO2-006623,ZrO2,OZr,95,train
ZrO2-000089,ZrO2,OZr,96,train
ZrO2-009871,ZrO2,OZr,48,train
ZrO2-006226,ZrO2,OZr,95,train
Li3PO4-015890,Li3PO4,LiOP,61,train
Li3PO4-003379,Li3PO4,LiOP,32,train
ZrO2-010021,ZrO2,OZr,48,train
ZrO2-008407,ZrO2,OZr,48,train
ZrO2-003848,ZrO2,OZr,47,train
Li3PO4-009886,Li3PO4,LiOP,31,train
ZrO2-004051,ZrO2,OZr,47,train
Li3PO4-007326,Li3PO4,LiOP,32,train
Li3PO4-010338,Li3PO4,LiOP,31,train
Li3PO4-009632,Li3PO4,LiOP,31,train
Li3PO4-012600,Li3PO4,LiOP,31,train
Li3PO4-016811,Li3PO4,LiOP,61,train
Li3PO4-015269,Li3PO4,LiOP,61,train
ZrO2-000633,ZrO2,OZr,96,train
Li3PO4-016229,Li3PO4,LiOP,61,train
Li3PO4-017245,Li3PO4,LiOP,61,train
ZrO2-009082,ZrO2,OZr,48,train
ZrO2-001541,ZrO2,OZr,96,train
ZrO2-000317,ZrO2,OZr,96,train
ZrO2-006038,ZrO2,OZr,95,train
Li3PO4-007857,Li3PO4,LiOP,32,train
ZrO2-007210,ZrO2,OZr,95,train
Li3PO4-014107,Li3PO4,LiOP,61,train
Li3PO4-015514,Li3PO4,LiOP,61,train
ZrO2-008251,ZrO2,OZr,48,train
Li3PO4-009637,Li3PO4,LiOP,31,train
Li3PO4-010833,Li3PO4,LiOP,31,train
ZrO2-007339,ZrO2,OZr,95,train
ZrO2-002547,ZrO2,OZr,95,train
Li3PO4-002133,Li3PO4,LiOP,32,train
Li3PO4-006166,Li3PO4,LiOP,32,train
ZrO2-003431,ZrO2,OZr,95,train
Li3PO4-014935,Li3PO4,LiOP,61,train
Li3PO4-000107,Li3PO4,LiOP,32,train
Li3PO4-015946,Li3PO4,LiOP,61,train
ZrO2-007042,ZrO2,OZr,95,train
Li3PO4-002062,Li3PO4,LiOP,32,train
ZrO2-007902,ZrO2,OZr,95,train
Li3PO4-000771,Li3PO4,LiOP,32,train
Li3PO4-000396,Li3PO4,LiOP,32,train
Li3PO4-017928,Li3PO4,LiOP,61,train
Li3PO4-008611,Li3PO4,LiOP,31,train
ZrO2-007872,ZrO2,OZr,95,train
ZrO2-000513,ZrO2,OZr,96,train
Li3PO4-013055,Li3PO4,LiOP,61,train
perovskite-000561,perovskite,BaCaHfOTi,20,train
Li3PO4-004030,Li3PO4,LiOP,32,train
Li3PO4-009621,Li3PO4,LiOP,31,train
ZrO2-002121,ZrO2,OZr,95,train
Li3PO4-000165,Li3PO4,LiOP,32,train
ZrO2-008130,ZrO2,OZr,48,train
ZrO2-008404,ZrO2,OZr,48,train
ZrO2-007090,ZrO2,OZr,95,train
Li3PO4-009884,Li3PO4,LiOP,31,train
ZrO2-008495,ZrO2,OZr,48,train
Li3PO4-011729,Li3PO4,LiOP,31,train
Li3PO4-016188,Li3PO4,LiOP,61,train
perovskite-000058,perovskite,OPbSrZr,20,train
Li3PO4-010395,Li3PO4,LiOP,31,train
Li3PO4-003826,Li3PO4,LiOP,32,train
ZrO2-001977,ZrO2,OZr,96,train
Li3PO4-012118,Li3PO4,LiOP,31,train
Li3PO4-014449,Li3PO4,LiOP,61,train
Li3PO4-006706,Li3PO4,LiOP,32,train
ZrO2-001286,ZrO2,OZr,96,train
ZrO2-008604,ZrO2,OZr,48,train
Li3PO4-005995,Li3PO4,LiOP,32,train
Li3PO4-017261,Li3PO4,LiOP,61,train
Li3PO4-016809,Li3PO4,LiOP,61,train
Li3PO4-014579,Li3PO4,LiOP,61,train
Li3PO4-000432,Li3PO4,LiOP,32,train
Li3PO4-004811,Li3PO4,LiOP,32,train
ZrO2-008950,ZrO2,OZr,48,train
Li3PO4-002219,Li3PO4,LiOP,32,train
Li3PO4-007971,Li3PO4,LiOP,32,train
Li3PO4-007964,Li3PO4,LiOP,32,train
Li3PO4-012374,Li3PO4,LiOP,31,train
ZrO2-004769,ZrO2,OZr,47,train
Li3PO4-012018,Li3PO4,LiOP,31,train
Li3PO4-016564,Li3PO4,LiOP,61,train
Li3PO4-012980,Li3PO4,LiOP,31,train
Li3PO4-017883,Li3PO4,LiOP,61,train
ZrO2-000848,ZrO2,OZr,96,train
Li3PO4-000795,Li3PO4,LiOP,32,train
Li3PO4-017093,Li3PO4,LiOP,61,train
ZrO2-004598,ZrO2,OZr,47,train
Li3PO4-016338,Li3PO4,LiOP,61,train
Li3PO4-002008,Li3PO4,LiOP,32,train
Li3PO4-005552,Li3PO4,LiOP,32,train
ZrO2-002289,ZrO2,OZr,95,train
Li3PO4-012952,Li3PO4,LiOP,31,train
Li3PO4-014217,Li3PO4,LiOP,61,train
Li3PO4-004942,Li3PO4,LiOP,32,train
Li3PO4-010438,Li3PO4,LiOP,31,train
Li3PO4-010007,Li3PO4,LiOP,31,train
Li3PO4-005016,Li3PO4,LiOP,32,train
Li3PO4-017775,Li3PO4,LiOP,61,train
Li3PO4-005823,Li3PO4,LiOP,32,train
ZrO2-002558,ZrO2,OZr,95,train
Li3PO4-013543,Li3PO4,LiOP,61,train
ZrO2-008112,ZrO2,OZr,48,train
Li3PO4-009467,Li3PO4,LiOP,31,train
Li3PO4-016348,Li3PO4,LiOP,61,train
ZrO2-009478,ZrO2,OZr,48,train
ZrO2-001636,ZrO2,OZr,96,train
perovskite-001221,perovskite,CaHfOSrTi,20,train
Li3PO4-011191,Li3PO4,LiOP,31,train
ZrO2-003640,ZrO2,OZr,47,train
Li3PO4-001953,Li3PO4,LiOP,32,train
Li3PO4-009746,Li3PO4,LiOP,31,train
ZrO2-004861,ZrO2,OZr,47,train
Li3PO4-001219,Li3PO4,LiOP,32,train
Li3PO4-003942,Li3PO4,LiOP,32,train
ZrO2-003700,ZrO2,OZr,47,train
ZrO2-003308,ZrO2,OZr,95,train
ZrO2-000448,ZrO2,OZr,96,train
Li3PO4-011045,Li3PO4,LiOP,31,train
Li3PO4-011233,Li3PO4,LiOP,31,train
ZrO2-002831,ZrO2,OZr,95,train
Li3PO4-013519,Li3PO4,LiOP,61,train
Li3PO4-014894,Li3PO4,LiOP,61,train
ZrO2-008776,ZrO2,OZr,48,train
Li3PO4-011313,Li3PO4,LiOP,31,train
Li3PO4-000626,Li3PO4,LiOP,32,train
Li3PO4-017183,Li3PO4,LiOP,61,train
ZrO2-009013,ZrO2,OZr,48,train
Li3PO4-012282,Li3PO4,LiOP,31,train
ZrO2-009031,ZrO2,OZr,48,train
Li3PO4-001978,Li3PO4,LiOP,32,train
ZrO2-008263,ZrO2,OZr,48,train
Li3PO4-010779,Li3PO4,LiOP,31,train
Li3PO4-001552,Li3PO4,LiOP,32,train
Li3PO4-015474,Li3PO4,LiOP,61,train
Li3PO4-009865,Li3PO4,LiOP,31,train
ZrO2-003093,ZrO2,OZr,95,train
ZrO2-008756,ZrO2,OZr,48,train
ZrO2-004295,ZrO2,OZr,47,train
perovskite-000858,perovskite,CaOPbSrTiZr,20,train
Li3PO4-011160,Li3PO4,LiOP,31,train
ZrO2-004748,ZrO2,OZr,47,train
ZrO2-006651,ZrO2,OZr,95,train
perovskite-000595,perovskite,CaOPbTiZr,20,train
ZrO2-007580,ZrO2,OZr,95,train
ZrO2-007962,ZrO2,OZr,95,train
ZrO2-009746,ZrO2,OZr,48,train
ZrO2-008522,ZrO2,OZr,48,train
Li3PO4-003025,Li3PO4,LiOP,32,train
Li3PO4-012164,Li3PO4,LiOP,31,train
ZrO2-000727,ZrO2,OZr,96,train
ZrO2-007896,ZrO2,OZr,95,train
Li3PO4-013868,Li3PO4,LiOP,61,train
Li3PO4-011074,Li3PO4,LiOP,31,train
Li3PO4-009160,Li3PO4,LiOP,31,train
ZrO2-006686,ZrO2,OZr,95,train
Li3PO4-003454,Li3PO4,LiOP,32,train
ZrO2-006606,ZrO2,OZr,95,train
ZrO2-001289,ZrO2,OZr,96,train
ZrO2-005508,ZrO2,OZr,47,train
ZrO2-004335,ZrO2,OZr,47,train
Li3PO4-017765,Li3PO4,LiOP,61,train
ZrO2-006636,ZrO2,OZr,95,train
ZrO2-009803,ZrO2,OZr,48,train
ZrO2-003476,ZrO2,OZr,95,train
ZrO2-001009,ZrO2,OZr,96,train
Li3PO4-015436,Li3PO4,LiOP,61,train
Li3PO4-006233,Li3PO4,LiOP,32,train
Li3PO4-004833,Li3PO4,LiOP,32,train
Li3PO4-003765,Li3PO4,LiOP,32,train
Li3PO4-000599,Li3PO4,LiOP,32,train
Li3PO4-009927,Li3PO4,LiOP,31,train
ZrO2-007991,ZrO2,OZr,95,train
Li3PO4-010433,Li3PO4,LiOP,31,train
Li3PO4-010324,Li3PO4,LiOP,31,train
ZrO2-004200,ZrO2,OZr,47,train
Li3PO4-001938,Li3PO4,LiOP,32,train
Li3PO4-008458,Li3PO4,LiOP,31,train
Li3PO4-004240,Li3PO4,LiOP,32,train
Li3PO4-001174,Li3PO4,LiOP,32,train
ZrO2-006268,ZrO2,OZr,95,train
Li3PO4-016245,Li3PO4,LiOP,61,train
ZrO2-007771,ZrO2,OZr,95,train
ZrO2-000326,ZrO2,OZr,96,train
Li3PO4-006066,Li3PO4,LiOP,32,train
Li3PO4-003515,Li3PO4,LiOP,32,train
ZrO2-009705,ZrO2,OZr,48,train
Li3PO4-008935,Li3PO4,LiOP,31,train
ZrO2-003871,ZrO2,OZr,47,train
Li3PO4-005705,Li3PO4,LiOP,32,train
ZrO2-002019,ZrO2,OZr,95,train
ZrO2-009830,ZrO2,OZr,48,train
perovskite-000727,perovskite,CaHfOPbTi,20,train
Li3PO4-004798,Li3PO4,LiOP,32,train
Li3PO4-003264,Li3PO4,LiOP,32,train
ZrO2-007909,ZrO2,OZr,95,train
ZrO2-006945,ZrO2,OZr,95,train
perovskite-000331,perovskite,CaHfOSrZr,20,train
ZrO2-005803,ZrO2,OZr,95,train
Li3PO4-002482,Li3PO4,LiOP,32,train
perovskite-000211,perovskite,BaHfOPb,20,train
Li3PO4-016706,Li3PO4,LiOP,61,train
ZrO2-001039,ZrO2,OZr,96,train
ZrO2-005119,ZrO2,OZr,47,train
Li3PO4-016150,Li3PO4,LiOP,61,train
Li3PO4-006838,Li3PO4,LiOP,32,train
Li3PO4-000040,Li3PO4,LiOP,32,train
ZrO2-002319,ZrO2,OZr,95,train
ZrO2-000214,ZrO2,OZr,96,train
ZrO2-009483,ZrO2,OZr,48,train
Li3PO4-007925,Li3PO4,LiOP,32,train
Li3PO4-004924,Li3PO4,LiOP,32,train
Li3PO4-007491,Li3PO4,LiOP,32,train
Li3PO4-013973,Li3PO4,LiOP,61,train
ZrO2-003568,ZrO2,OZr,47,train
ZrO2-008196,ZrO2,OZr,48,train
Li3PO4-014686,Li3PO4,LiOP,61,train
Li3PO4-012542,Li3PO4,LiOP,31,train
Li3PO4-011728,Li3PO4,LiOP,31,train
ZrO2-005251,ZrO2,OZr,47,train
ZrO2-008282,ZrO2,OZr,48,train
Li3PO4-007475,Li3PO4,LiOP,32,train
perovskite-000920,perovskite,CaHfOPbSrTiZr,20,train
Li3PO4-000844,Li3PO4,LiOP,32,train
Li3PO4-005069,Li3PO4,LiOP,32,train
ZrO2-003644,ZrO2,OZr,47,train
perovskite-000818,perovskite,BaCaHfOPbTiZr,20,train
Li3PO4-004545,Li3PO4,LiOP,32,train
ZrO2-009752,ZrO2,OZr,48,train
ZrO2-008672,ZrO2,OZr,48,train
perovskite-000453,perovskite,BaCaHfOPbTiZr,20,train
ZrO2-008017,ZrO2,OZr,95,train
Li3PO4-008032,Li3PO4,LiOP,31,train
ZrO2-008624,ZrO2,OZr,48,train
ZrO2-002233,ZrO2,OZr,95,train
Li3PO4-014422,Li3PO4,LiOP,61,train
Li3PO4-015496,Li3PO4,LiOP,61,train
Li3PO4-014693,Li3PO4,LiOP,61,train
Li3PO4-016012,Li3PO4,LiOP,61,train
Li3PO4-013923,Li3PO4,LiOP,61,train
perovskite-000940,perovskite,CaOPbSrTiZr,20,train
ZrO2-001515,ZrO2,OZr,96,train
Li3PO4-000469,Li3PO4,LiOP,32,train
ZrO2-002972,ZrO2,OZr,95,train
Li3PO4-012133,Li3PO4,LiOP,31,train
Li3PO4-012107,Li3PO4,LiOP,31,train
Li3PO4-017314,Li3PO4,LiOP,61,train
ZrO2-002847,ZrO2,OZr,95,train
Li3PO4-006457,Li3PO4,LiOP,32,train
Li3PO4-014116,Li3PO4,LiOP,61,train
ZrO2-006998,ZrO2,OZr,95,train
ZrO2-006899,ZrO2,OZr,95,train
ZrO2-005139,ZrO2,OZr,47,train
Li3PO4-003123,Li3PO4,LiOP,32,train
ZrO2-004572,ZrO2,OZr,47,train
ZrO2-002453,ZrO2,OZr,95,train
ZrO2-007640,ZrO2,OZr,95,train
Li3PO4-015953,Li3PO4,LiOP,61,train
Li3PO4-013337,Li3PO4,LiOP,61,train
Li3PO4-010711,Li3PO4,LiOP,31,train
ZrO2-003964,ZrO2,OZr,47,train
Li3PO4-006165,Li3PO4,LiOP,32,train
Li3PO4-005449,Li3PO4,LiOP,32,train
ZrO2-009084,ZrO2,OZr,48,train
Li3PO4-008286,Li3PO4,LiOP,31,train
ZrO2-001038,ZrO2,OZr,96,train
Li3PO4-012788,Li3PO4,LiOP,31,train
Li3PO4-010322,Li3PO4,LiOP,31,train
Li3PO4-012681,Li3PO4,LiOP,31,train
Li3PO4-011687,Li3PO4,LiOP,31,train
Li3PO4-001859,Li3PO4,LiOP,32,train
ZrO2-000555,ZrO2,OZr,96,train
ZrO2-001329,ZrO2,OZr,96,train
Li3PO4-017855,Li3PO4,LiOP,61,train
ZrO2-001462,ZrO2,OZr,96,train
perovskite-001040,perovskite,BaCaOPbTiZr,20,train
Li3PO4-016112,Li3PO4,LiOP,61,train
Li3PO4-006620,Li3PO4,LiOP,32,train
Li3PO4-005612,Li3PO4,LiOP,32,train
ZrO2-001847,ZrO2,OZr,96,train
ZrO2-006305,ZrO2,OZr,95,train
Li3PO4-009790,Li3PO4,LiOP,31,train
Li3PO4-006485,Li3PO4,LiOP,32,train
ZrO2-006542,ZrO2,OZr,95,train
ZrO2-009821,ZrO2,OZr,48,train
Li3PO4-006473,Li3PO4,LiOP,32,train
Li3PO4-011822,Li3PO4,LiOP,31,train
Li3PO4-004355,Li3PO4,LiOP,32,train
Li3PO4-014277,Li3PO4,LiOP,61,train
Li3PO4-004336,Li3PO4,LiOP,32,train
Li3PO4-003801,Li3PO4,LiOP,32,train
Li3PO4-012501,Li3PO4,LiOP,31,train
ZrO2-006737,ZrO2,OZr,95,train
ZrO2-006175,ZrO2,OZr,95,train
Li3PO4-016850,Li3PO4,LiOP,61,train
Li3PO4-013731,Li3PO4,LiOP,61,train
Li3PO4-013804,Li3PO4,LiOP,61,train
Li3PO4-016356,Li3PO4,LiOP,61,train
ZrO2-009079,ZrO2,OZr,48,train
Li3PO4-016848,Li3PO4,LiOP,61,train
ZrO2-004615,ZrO2,OZr,47,train
ZrO2-000800,ZrO2,OZr,96,train
Li3PO4-014471,Li3PO4,LiOP,61,train
Li3PO4-012488,Li3PO4,LiOP,31,train
ZrO2-007795,ZrO2,OZr,95,train
ZrO2-009670,ZrO2,OZr,48,train
Li3PO4-006070,Li3PO4,LiOP,32,train
Li3PO4-003504,Li3PO4,LiOP,32,train
perovskite-000028,perovskite,CaOPbSrZr,20,train
ZrO2-008494,ZrO2,OZr,48,train
perovskite-000355,perovskite,BaCaOTiZr,20,train
ZrO2-001946,ZrO2,OZr,96,train
Li3PO4-004056,Li3PO4,LiOP,32,train
Li3PO4-006253,Li3PO4,LiOP,32,train
Li3PO4-006373,Li3PO4,LiOP,32,train
Li3PO4-013815,Li3PO4,LiOP,61,train
ZrO2-004419,ZrO2,OZr,47,train
Li3PO4-007133,Li3PO4,LiOP,32,train
ZrO2-002451,ZrO2,OZr,95,train
Li3PO4-004123,Li3PO4,LiOP,32,train
Li3PO4-006021,Li3PO4,LiOP,32,train
Li3PO4-002436,Li3PO4,LiOP,32,train
ZrO2-005525,ZrO2,OZr,47,train
perovskite-000120,perovskite,BaCaOTi,20,train
ZrO2-005570,ZrO2,OZr,95,train
Li3PO4-011767,Li3PO4,LiOP,31,train
ZrO2-004355,ZrO2,OZr,47,train
Li3PO4-002356,Li3PO4,LiOP,32,train
perovskite-000328,perovskite,CaHfOSrTiZr,20,train
ZrO2-003486,ZrO2,OZr,95,train
Li3PO4-008338,Li3PO4,LiOP,31,train
ZrO2-001146,ZrO2,OZr,96,train
ZrO2-004298,ZrO2,OZr,47,train
ZrO2-001320,ZrO2,OZr,96,train
Li3PO4-004464,Li3PO4,LiOP,32,train
ZrO2-009853,ZrO2,OZr,48,train
Li3PO4-012896,Li3PO4,LiOP,31,train
ZrO2-009647,ZrO2,OZr,48,train
Li3PO4-007235,Li3PO4,LiOP,32,train
ZrO2-003674,ZrO2,OZr,47,train
ZrO2-003929,ZrO2,OZr,47,train
perovskite-001209,perovskite,CaHfOSrTiZr,20,train
Li3PO4-002035,Li3PO4,LiOP,32,train
Li3PO4-015470,Li3PO4,LiOP,61,train
Li3PO4-001741,Li3PO4,LiOP,32,train
Li3PO4-017840,Li3PO4,LiOP,61,train
ZrO2-001899,ZrO2,OZr,96,train
perovskite-000078,perovskite,CaOSrTi,20,train
Li3PO4-009953,Li3PO4,LiOP,31,train
Li3PO4-017280,Li3PO4,LiOP,61,train
Li3PO4-016258,Li3PO4,LiOP,61,train
Li3PO4-001685,Li3PO4,LiOP,32,train
Li3PO4-016678,Li3PO4,LiOP,61,train
ZrO2-007913,ZrO2,OZr,95,train
Li3PO4-016399,Li3PO4,LiOP,61,train
Li3PO4-015168,Li3PO4,LiOP,61,train
Li3PO4-010149,Li3PO4,LiOP,31,train
Li3PO4-013940,Li3PO4,LiOP,61,train
Li3PO4-011486,Li3PO4,LiOP,31,train
Li3PO4-012498,Li3PO4,LiOP,31,train
Li3PO4-009063,Li3PO4,LiOP,31,train
Li3PO4-006618,Li3PO4,LiOP,32,train
ZrO2-003645,ZrO2,OZr,47,train
Li3PO4-004278,Li3PO4,LiOP,32,train
Li3PO4-003158,Li3PO4,LiOP,32,train
ZrO2-004989,ZrO2,OZr,47,train
Li3PO4-010099,Li3PO4,LiOP,31,train
ZrO2-000558,ZrO2,OZr,96,train
ZrO2-005761,ZrO2,OZr,95,train
Li3PO4-001948,Li3PO4,LiOP,32,train
Li3PO4-006152,Li3PO4,LiOP,32,train
ZrO2-004320,ZrO2,OZr,47,train
ZrO2-000722,ZrO2,OZr,96,train
Li3PO4-016870,Li3PO4,LiOP,61,train
Li3PO4-015742,Li3PO4,LiOP,61,train
Li3PO4-005734,Li3PO4,LiOP,32,train
Li3PO4-013403,Li3PO4,LiOP,61,train
ZrO2-005565,ZrO2,OZr,95,train
ZrO2-000168,ZrO2,OZr,96,train
ZrO2-009437,ZrO2,OZr,48,train
Li3PO4-005809,Li3PO4,LiOP,32,train
Li3PO4-008794,Li3PO4,LiOP,31,train
Li3PO4-017678,Li3PO4,LiOP,61,train
ZrO2-005470,ZrO2,OZr,47,train
Li3PO4-000653,Li3PO4,LiOP,32,train
ZrO2-001991,ZrO2,OZr,95,train
ZrO2-007765,ZrO2,OZr,95,train
Li3PO4-001077,Li3PO4,LiOP,32,train
ZrO2-008745,ZrO2,OZr,48,train
Li3PO4-000978,Li3PO4,LiOP,32,train
ZrO2-000546,ZrO2,OZr,96,train
Li3PO4-010272,Li3PO4,LiOP,31,train
Li3PO4-012860,Li3PO4,LiOP,31,train
ZrO2-009688,ZrO2,OZr,48,train
Li3PO4-000348,Li3PO4,LiOP,32,train
ZrO2-001798,ZrO2,OZr,96,train
ZrO2-004177,ZrO2,OZr,47,train
ZrO2-006632,ZrO2,OZr,95,train
ZrO2-008876,ZrO2,OZr,48,train
ZrO2-005651,ZrO2,OZr,95,train
Li3PO4-010610,Li3PO4,LiOP,31,train
Li3PO4-002629,Li3PO4,LiOP,32,train
ZrO2-003395,ZrO2,OZr,95,train
Li3PO4-008992,Li3PO4,LiOP,31,train
Li3PO4-012562,Li3PO4,LiOP,31,train
ZrO2-007495,ZrO2,OZr,95,train
ZrO2-007334,ZrO2,OZr,95,train
Li3PO4-010460,Li3PO4,LiOP,31,train
Li3PO4-002963,Li3PO4,LiOP,32,train
Li3PO4-001189,Li3PO4,LiOP,32,train
ZrO2-006744,ZrO2,OZr,95,train
Li3PO4-001127,Li3PO4,LiOP,32,train
ZrO2-009428,ZrO2,OZr,48,train
ZrO2-005601,ZrO2,OZr,95,train
ZrO2-008887,ZrO2,OZr,48,train
Li3PO4-005758,Li3PO4,LiOP,32,train
Li3PO4-009189,Li3PO4,LiOP,31,train
ZrO2-006935,ZrO2,OZr,95,train
Li3PO4-011358,Li3PO4,LiOP,31,train
ZrO2-003199,ZrO2,OZr,95,train
Li3PO4-000832,Li3PO4,LiOP,32,train
ZrO2-005638,ZrO2,OZr,95,train
ZrO2-005762,ZrO2,OZr,95,train
ZrO2-008266,ZrO2,OZr,48,train
Li3PO4-004520,Li3PO4,LiOP,32,train
Li3PO4-015572,Li3PO4,LiOP,61,train
ZrO2-006058,ZrO2,OZr,95,train
ZrO2-001702,ZrO2,OZr,96,train
ZrO2-008601,ZrO2,OZr,48,train
ZrO2-008255,ZrO2,OZr,48,train
ZrO2-007509,ZrO2,OZr,95,train
Li3PO4-015913,Li3PO4,LiOP,61,train
Li3PO4-007485,Li3PO4,LiOP,32,train
Li3PO4-005547,Li3PO4,LiOP,32,train
Li3PO4-008754,Li3PO4,LiOP,31,train
ZrO2-000789,ZrO2,OZr,96,train
Li3PO4-013394,Li3PO4,LiOP,61,train
ZrO2-004453,ZrO2,OZr,47,train
perovskite-000947,perovskite,CaHfOPbSrTiZr,20,train
Li3PO4-010734,Li3PO4,LiOP,31,train
ZrO2-000923,ZrO2,OZr,96,train
ZrO2-007564,ZrO2,OZr,95,train
Li3PO4-007762,Li3PO4,LiOP,32,train
ZrO2-005905,ZrO2,OZr,95,train
Li3PO4-012635,Li3PO4,LiOP,31,train
Li3PO4-013738,Li3PO4,LiOP,61,train
ZrO2-008475,ZrO2,OZr,48,train
Li3PO4-014453,Li3PO4,LiOP,61,train
ZrO2-009731,ZrO2,OZr,48,train
ZrO2-005617,ZrO2,OZr,95,train
Li3PO4-005867,Li3PO4,LiOP,32,train
Li3PO4-016944,Li3PO4,LiOP,61,train
Li3PO4-005369,Li3PO4,LiOP,32,train
ZrO2-000849,ZrO2,OZr,96,train
ZrO2-008506,ZrO2,OZr,48,train
Li3PO4-017355,Li3PO4,LiOP,61,train
Li3PO4-013814,Li3PO4,LiOP,61,train
ZrO2-006510,ZrO2,OZr,95,train
perovskite-000885,perovskite,CaHfOPbSrTi,20,train
Li3PO4-006847,Li3PO4,LiOP,32,train
Li3PO4-000007,Li3PO4,LiOP,32,train
Li3PO4-003294,Li3PO4,LiOP,32,train
Li3PO4-004005,Li3PO4,LiOP,32,train
ZrO2-006105,ZrO2,OZr,95,train
ZrO2-008976,ZrO2,OZr,48,train
Li3PO4-008511,Li3PO4,LiOP,31,train
ZrO2-002671,ZrO2,OZr,95,train
Li3PO4-015039,Li3PO4,LiOP,61,train
Li3PO4-011131,Li3PO4,LiOP,31,train
Li3PO4-016836,Li3PO4,LiOP,61,train
Li3PO4-009273,Li3PO4,LiOP,31,train
ZrO2-007025,ZrO2,OZr,95,train
Li3PO4-015854,Li3PO4,LiOP,61,train
Li3PO4-006702,Li3PO4,LiOP,32,train
ZrO2-006788,ZrO2,OZr,95,train
Li3PO4-017288,Li3PO4,LiOP,61,train
ZrO2-009367,ZrO2,OZr,48,train
Li3PO4-013576,Li3PO4,LiOP,61,train
Li3PO4-011267,Li3PO4,LiOP,31,train
Li3PO4-011759,Li3PO4,LiOP,31,train
ZrO2-000244,ZrO2,OZr,96,train
Li3PO4-005527,Li3PO4,LiOP,32,train
ZrO2-009326,ZrO2,OZr,48,train
ZrO2-001498,ZrO2,OZr,96,train
ZrO2-004195,ZrO2,OZr,47,train
Li3PO4-014652,Li3PO4,LiOP,61,train
Li3PO4-006221,Li3PO4,LiOP,32,train
Li3PO4-016669,Li3PO4,LiOP,61,train
Li3PO4-016674,Li3PO4,LiOP,61,train
Li3PO4-001346,Li3PO4,LiOP,32,train
ZrO2-004817,ZrO2,OZr,47,train
Li3PO4-000734,Li3PO4,LiOP,32,train
Li3PO4-003261,Li3PO4,LiOP,32,train
Li3PO4-017395,Li3PO4,LiOP,61,train
Li3PO4-007308,Li3PO4,LiOP,32,train
ZrO2-000937,ZrO2,OZr,96,train
Li3PO4-005598,Li3PO4,LiOP,32,train
ZrO2-008023,ZrO2,OZr,95,train
Li3PO4-014787,Li3PO4,LiOP,61,train
Li3PO4-013974,Li3PO4,LiOP,61,train
Li3PO4-002565,Li3PO4,LiOP,32,train
Li3PO4-004406,Li3PO4,LiOP,32,train
ZrO2-008892,ZrO2,OZr,48,train
ZrO2-006041,ZrO2,OZr,95,train
Li3PO4-014120,Li3PO4,LiOP,61,train
Li3PO4-016565,Li3PO4,LiOP,61,train
Li3PO4-006132,Li3PO4,LiOP,32,train
ZrO2-008083,ZrO2,OZr,95,train
ZrO2-002712,ZrO2,OZr,95,train
Li3PO4-000398,Li3PO4,LiOP,32,train
Li3PO4-015741,Li3PO4,LiOP,61,train
Li3PO4-003716,Li3PO4,LiOP,32,train
ZrO2-002983,ZrO2,OZr,95,train
Li3PO4-002706,Li3PO4,LiOP,32,train
ZrO2-000925,ZrO2,OZr,96,train
Li3PO4-010022,Li3PO4,LiOP,31,train
Li3PO4-009893,Li3PO4,LiOP,31,train
perovskite-000074,perovskite,BaOSrZr,20,train
Li3PO4-017035,Li3PO4,LiOP,61,train
ZrO2-002792,ZrO2,OZr,95,train
Li3PO4-011069,Li3PO4,LiOP,31,train
Li3PO4-001714,Li3PO4,LiOP,32,train
Li3PO4-003268,Li3PO4,LiOP,32,train
ZrO2-002708,ZrO2,OZr,95,train
Li3PO4-003343,Li3PO4,LiOP,32,train
Li3PO4-010963,Li3PO4,LiOP,31,train
Li3PO4-011197,Li3PO4,LiOP,31,train
Li3PO4-004175,Li3PO4,LiOP,32,train
ZrO2-001285,ZrO2,OZr,96,train
ZrO2-006057,ZrO2,OZr,95,train
ZrO2-008020,ZrO2,OZr,95,train
Li3PO4-012982,Li3PO4,LiOP,31,train
ZrO2-002843,ZrO2,OZr,95,train
Li3PO4-008777,Li3PO4,LiOP,31,train
Li3PO4-001773,Li3PO4,LiOP,32,train
ZrO2-001921,ZrO2,OZr,96,train
Li3PO4-014526,Li3PO4,LiOP,61,train
Li3PO4-006186,Li3PO4,LiOP,32,train
ZrO2-007473,ZrO2,OZr,95,train
ZrO2-003907,ZrO2,OZr,47,train
Li3PO4-005597,Li3PO4,LiOP,32,train
ZrO2-006172,ZrO2,OZr,95,train
Li3PO4-010726,Li3PO4,LiOP,31,train
Li3PO4-000233,Li3PO4,LiOP,32,train
Li3PO4-005811,Li3PO4,LiOP,32,train
Li3PO4-011387,Li3PO4,LiOP,31,train
Li3PO4-013310,Li3PO4,LiOP,61,train
Li3PO4-014296,Li3PO4,LiOP,61,train
ZrO2-001318,ZrO2,OZr,96,train
ZrO2-004849,ZrO2,OZr,47,train
Li3PO4-010820,Li3PO4,LiOP,31,train
Li3PO4-009082,Li3PO4,LiOP,31,train
perovskite-000237,perovskite,CaHfOTi,20,train
Li3PO4-005157,Li3PO4,LiOP,32,train
Li3PO4-013604,Li3PO4,LiOP,61,train
Li3PO4-012117,Li3PO4,LiOP,31,train
ZrO2-003968,ZrO2,OZr,47,train
ZrO2-003542,ZrO2,OZr,95,train
ZrO2-000396,ZrO2,OZr,96,train
ZrO2-007569,ZrO2,OZr,95,train
ZrO2-000084,ZrO2,OZr,96,train
Li3PO4-003047,Li3PO4,LiOP,32,train
ZrO2-000358,ZrO2,OZr,96,train
Li3PO4-013225,Li3PO4,LiOP,61,train
ZrO2-001207,ZrO2,OZr,96,train
Li3PO4-017262,Li3PO4,LiOP,61,train
perovskite-001044,perovskite,BaCaHfOPbTiZr,20,train
Li3PO4-014507,Li3PO4,LiOP,61,train
ZrO2-003785,ZrO2,OZr,47,train
Li3PO4-006544,Li3PO4,LiOP,32,train
ZrO2-006409,ZrO2,OZr,95,train
ZrO2-009707,ZrO2,OZr,48,train
Li3PO4-012661,Li3PO4,LiOP,31,train
ZrO2-004571,ZrO2,OZr,47,train
ZrO2-004267,ZrO2,OZr,47,train
Li3PO4-013283,Li3PO4,LiOP,61,train
Li3PO4-005675,Li3PO4,LiOP,32,train
Li3PO4-008856,Li3PO4,LiOP,31,train
Li3PO4-000470,Li3PO4,LiOP,32,train
Li3PO4-002624,Li3PO4,LiOP,32,train
ZrO2-000376,ZrO2,OZr,96,train
Li3PO4-012976,Li3PO4,LiOP,31,train
ZrO2-000625,ZrO2,OZr,96,train
ZrO2-000528,ZrO2,OZr,96,train
ZrO2-000816,ZrO2,OZr,96,train
Li3PO4-007140,Li3PO4,LiOP,32,train
ZrO2-006741,ZrO2,OZr,95,train
ZrO2-004007,ZrO2,OZr,47,train
perovskite-000546,perovskite,BaCaHfOSrZr,20,train
ZrO2-004975,ZrO2,OZr,47,train
Li3PO4-013538,Li3PO4,LiOP,61,train
Li3PO4-012109,Li3PO4,LiOP,31,train
Li3PO4-014138,Li3PO4,LiOP,61,train
ZrO2-003923,ZrO2,OZr,47,train
Li3PO4-015869,Li3PO4,LiOP,61,train
ZrO2-009513,ZrO2,OZr,48,train
Li3PO4-006724,Li3PO4,LiOP,32,train
Li3PO4-000864,Li3PO4,LiOP,32,train
ZrO2-009470,ZrO2,OZr,48,train
Li3PO4-012417,Li3PO4,LiOP,31,train
ZrO2-005945,ZrO2,OZr,95,train
Li3PO4-005232,Li3PO4,LiOP,32,train
Li3PO4-007265,Li3PO4,LiOP,32,train
Li3PO4-015885,Li3PO4,LiOP,61,train
Li3PO4-014659,Li3PO4,LiOP,61,train
Li3PO4-008844,Li3PO4,LiOP,31,train
Li3PO4-016246,Li3PO4,LiOP,61,train
Li3PO4-003323,Li3PO4,LiOP,32,train
Li3PO4-003975,Li3PO4,LiOP,32,train
Li3PO4-004247,Li3PO4,LiOP,32,train
ZrO2-009193,ZrO2,OZr,48,train
Li3PO4-012021,Li3PO4,LiOP,31,train
Li3PO4-010937,Li3PO4,LiOP,31,train
ZrO2-008094,ZrO2,OZr,95,train
Li3PO4-015871,Li3PO4,LiOP,61,train
Li3PO4-007498,Li3PO4,LiOP,32,train
Li3PO4-006379,Li3PO4,LiOP,32,train
Li3PO4-006660,Li3PO4,LiOP,32,train
Li3PO4-002763,Li3PO4,LiOP,32,train
ZrO2-002841,ZrO2,OZr,95,train
Li3PO4-015162,Li3PO4,LiOP,61,train
ZrO2-000070,ZrO2,OZr,96,train
Li3PO4-004239,Li3PO4,LiOP,32,train
ZrO2-000776,ZrO2,OZr,96,train
Li3PO4-008699,Li3PO4,LiOP,31,train
ZrO2-000839,ZrO2,OZr,96,train
Li3PO4-015855,Li3PO4,LiOP,61,train
ZrO2-000283,ZrO2,OZr,96,train
ZrO2-005459,ZrO2,OZr,47,train
Li3PO4-006616,Li3PO4,LiOP,32,train
Li3PO4-008675,Li3PO4,LiOP,31,train
ZrO2-004353,ZrO2,OZr,47,train
Li3PO4-010049,Li3PO4,LiOP,31,train
ZrO2-006865,ZrO2,OZr,95,train
ZrO2-004387,ZrO2,OZr,47,train
Li3PO4-009921,Li3PO4,LiOP,31,train
Li3PO4-010551,Li3PO4,LiOP,31,train
ZrO2-004111,ZrO2,OZr,47,train
ZrO2-008322,ZrO2,OZr,48,train
ZrO2-002917,ZrO2,OZr,95,train
ZrO2-006714,ZrO2,OZr,95,train
Li3PO4-012007,Li3PO4,LiOP,31,train
Li3PO4-016239,Li3PO4,LiOP,61,train
Li3PO4-001709,Li3PO4,LiOP,32,train
ZrO2-004792,ZrO2,OZr,47,train
Li3PO4-000897,Li3PO4,LiOP,32,train
Li3PO4-006292,Li3PO4,LiOP,32,train
Li3PO4-013265,Li3PO4,LiOP,61,train
Li3PO4-016372,Li3PO4,LiOP,61,train
Li3PO4-001622,Li3PO4,LiOP,32,train
ZrO2-001027,ZrO2,OZr,96,train
ZrO2-002446,ZrO2,OZr,95,train
Li3PO4-010363,Li3PO4,LiOP,31,train
Li3PO4-012175,Li3PO4,LiOP,31,train
Li3PO4-010855,Li3PO4,LiOP,31,train
Li3PO4-002109,Li3PO4,LiOP,32,train
Li3PO4-015398,Li3PO4,LiOP,61,train
Li3PO4-006004,Li3PO4,LiOP,32,train
Li3PO4-000362,Li3PO4,LiOP,32,train
Li3PO4-009802,Li3PO4,LiOP,31,train
Li3PO4-010318,Li3PO4,LiOP,31,train
Li3PO4-008027,Li3PO4,LiOP,31,train
Li3PO4-002869,Li3PO4,LiOP,32,train
Li3PO4-017413,Li3PO4,LiOP,61,train
Li3PO4-007938,Li3PO4,LiOP,32,train
Li3PO4-008942,Li3PO4,LiOP,31,train
Li3PO4-017422,Li3PO4,LiOP,61,train
Li3PO4-005339,Li3PO4,LiOP,32,train
Li3PO4-001636,Li3PO4,LiOP,32,train
Li3PO4-010002,Li3PO4,LiOP,31,train
Li3PO4-000583,Li3PO4,LiOP,32,train
ZrO2-005473,ZrO2,OZr,47,train
Li3PO4-014112,Li3PO4,LiOP,61,train
ZrO2-004834,ZrO2,OZr,47,train
Li3PO4-006897,Li3PO4,LiOP,32,train
Li3PO4-006621,Li3PO4,LiOP,32,train
Li3PO4-008730,Li3PO4,LiOP,31,train
Li3PO4-017594,Li3PO4,LiOP,61,train
ZrO2-003474,ZrO2,OZr,95,train
ZrO2-009526,ZrO2,OZr,48,train
ZrO2-002096,ZrO2,OZr,95,train
Li3PO4-004537,Li3PO4,LiOP,32,train
ZrO2-009240,ZrO2,OZr,48,train
Li3PO4-001119,Li3PO4,LiOP,32,train
ZrO2-003549,ZrO2,OZr,95,train
ZrO2-005351,ZrO2,OZr,47,train
Li3PO4-012748,Li3PO4,LiOP,31,train
ZrO2-003485,ZrO2,OZr,95,train
Li3PO4-005904,Li3PO4,LiOP,32,train
Li3PO4-009938,Li3PO4,LiOP,31,train
Li3PO4-005895,Li3PO4,LiOP,32,train
Li3PO4-002326,Li3PO4,LiOP,32,train
ZrO2-007516,ZrO2,OZr,95,train
Li3PO4-013170,Li3PO4,LiOP,61,train
ZrO2-004561,ZrO2,OZr,47,train
Li3PO4-004638,Li3PO4,LiOP,32,train
Li3PO4-005661,Li3PO4,LiOP,32,train
Li3PO4-002233,Li3PO4,LiOP,32,train
ZrO2-009046,ZrO2,OZr,48,train
Li3PO4-014341,Li3PO4,LiOP,61,train
ZrO2-006001,ZrO2,OZr,95,train
ZrO2-001087,ZrO2,OZr,96,train
Li3PO4-011334,Li3PO4,LiOP,31,train
Li3PO4-007039,Li3PO4,LiOP,32,train
Li3PO4-001331,Li3PO4,LiOP,32,train
ZrO2-007167,ZrO2,OZr,95,train
Li3PO4-014216,Li3PO4,LiOP,61,train
ZrO2-007453,ZrO2,OZr,95,train
Li3PO4-003840,Li3PO4,LiOP,32,train
Li3PO4-001589,Li3PO4,LiOP,32,train
ZrO2-001599,ZrO2,OZr,96,train
ZrO2-003327,ZrO2,OZr,95,train
ZrO2-004112,ZrO2,OZr,47,train
Li3PO4-000110,Li3PO4,LiOP,32,train
Li3PO4-002682,Li3PO4,LiOP,32,train
Li3PO4-000026,Li3PO4,LiOP,32,train
ZrO2-002525,ZrO2,OZr,95,train
ZrO2-009170,ZrO2,OZr,48,train
Li3PO4-010483,Li3PO4,LiOP,31,train
Li3PO4-005205,Li3PO4,LiOP,32,train
Li3PO4-013006,Li3PO4,LiOP,61,train
ZrO2-007855,ZrO2,OZr,95,train
perovskite-000524,perovskite,BaCaHfOSrTiZr,20,train
Li3PO4-013236,Li3PO4,LiOP,61,train
Li3PO4-002405,Li3PO4,LiOP,32,train
Li3PO4-014813,Li3PO4,LiOP,61,train
Li3PO4-015574,Li3PO4,LiOP,61,train
perovskite-000122,perovskite,BaCaOSrTi,20,train
Li3PO4-009423,Li3PO4,LiOP,31,train
Li3PO4-004293,Li3PO4,LiOP,32,train
ZrO2-008575,ZrO2,OZr,48,train
Li3PO4-016756,Li3PO4,LiOP,61,train
ZrO2-001059,ZrO2,OZr,96,train
ZrO2-001078,ZrO2,OZr,96,train
Li3PO4-000282,Li3PO4,LiOP,32,train
Li3PO4-014114,Li3PO4,LiOP,61,train
Li3PO4-002965,Li3PO4,LiOP,32,train
ZrO2-004596,ZrO2,OZr,47,train
Li3PO4-003226,Li3PO4,LiOP,32,train
Li3PO4-009491,Li3PO4,LiOP,31,train
Li3PO4-005443,Li3PO4,LiOP,32,train
Li3PO4-008112,Li3PO4,LiOP,31,train
Li3PO4-003846,Li3PO4,LiOP,32,train
Li3PO4-008623,Li3PO4,LiOP,31,train
perovskite-000048,perovskite,BaCaOZr,20,train
Li3PO4-005558,Li3PO4,LiOP,32,train
Li3PO4-003684,Li3PO4,LiOP,32,train
ZrO2-001961,ZrO2,OZr,96,train
Li3PO4-003018,Li3PO4,LiOP,32,train
Li3PO4-004447,Li3PO4,LiOP,32,train
Li3PO4-009341,Li3PO4,LiOP,31,train
perovskite-000229,perovskite,CaOTiZr,20,train
Li3PO4-011250,Li3PO4,LiOP,31,train
ZrO2-001600,ZrO2,OZr,96,train
ZrO2-007548,ZrO2,OZr,95,train
perovskite-000969,perovskite,CaHfOPbSrTi,20,train
ZrO2-001783,ZrO2,OZr,96,train
Li3PO4-009362,Li3PO4,LiOP,31,train
Li3PO4-017328,Li3PO4,LiOP,61,train
Li3PO4-006131,Li3PO4,LiOP,32,train
ZrO2-009718,ZrO2,OZr,48,train
Li3PO4-011395,Li3PO4,LiOP,31,train
Li3PO4-014309,Li3PO4,LiOP,61,train
ZrO2-005986,ZrO2,OZr,95,train
ZrO2-001720,ZrO2,OZr,96,train
Li3PO4-009719,Li3PO4,LiOP,31,train
ZrO2-009686,ZrO2,OZr,48,train
Li3PO4-014043,Li3PO4,LiOP,61,train
Li3PO4-002689,Li3PO4,LiOP,32,train
ZrO2-003209,ZrO2,OZr,95,train
Li3PO4-011401,Li3PO4,LiOP,31,train
Li3PO4-011284,Li3PO4,LiOP,31,train
ZrO2-002937,ZrO2,OZr,95,train
ZrO2-001893,ZrO2,OZr,96,train
Li3PO4-006182,Li3PO4,LiOP,32,train
ZrO2-010008,ZrO2,OZr,48,train
ZrO2-004098,ZrO2,OZr,47,train
Li3PO4-002426,Li3PO4,LiOP,32,train
Li3PO4-015167,Li3PO4,LiOP,61,train
Li3PO4-010621,Li3PO4,LiOP,31,train
ZrO2-001195,ZrO2,OZr,96,train
Li3PO4-016131,Li3PO4,LiOP,61,train
Li3PO4-013889,Li3PO4,LiOP,61,train
Li3PO4-001976,Li3PO4,LiOP,32,train
ZrO2-005946,ZrO2,OZr,95,train
Li3PO4-016146,Li3PO4,LiOP,61,train
Li3PO4-011437,Li3PO4,LiOP,31,train
perovskite-001017,perovskite,BaCaHfOPbTi,20,train
Li3PO4-010189,Li3PO4,LiOP,31,train
Li3PO4-006985,Li3PO4,LiOP,32,train
perovskite-000350,perovskite,BaCaHfOTiZr,20,train
Li3PO4-003568,Li3PO4,LiOP,32,train
Li3PO4-010875,Li3PO4,LiOP,31,train
perovskite-000223,perovskite,BaHfO,20,train
Li3PO4-017034,Li3PO4,LiOP,61,train
Li3PO4-016981,Li3PO4,LiOP,61,train
ZrO2-001276,ZrO2,OZr,96,train
Li3PO4-016591,Li3PO4,LiOP,61,train
Li3PO4-012208,Li3PO4,LiOP,31,train
perovskite-000564,perovskite,BaCaHfOTi,20,train
Li3PO4-016148,Li3PO4,LiOP,61,train
ZrO2-009143,ZrO2,OZr,48,train
Li3PO4-012544,Li3PO4,LiOP,31,train
ZrO2-002161,ZrO2,OZr,95,train
ZrO2-002709,ZrO2,OZr,95,train
ZrO2-006735,ZrO2,OZr,95,train
Li3PO4-007764,Li3PO4,LiOP,32,train
Li3PO4-017812,Li3PO4,LiOP,61,train
Li3PO4-003189,Li3PO4,LiOP,32,train
Li3PO4-017484,Li3PO4,LiOP,61,train
Li3PO4-017589,Li3PO4,LiOP,61,train
ZrO2-002311,ZrO2,OZr,95,train
Li3PO4-006989,Li3PO4,LiOP,32,train
Li3PO4-014261,Li3PO4,LiOP,61,train
Li3PO4-017706,Li3PO4,LiOP,61,train
Li3PO4-014626,Li3PO4,LiOP,61,train
Li3PO4-005878,Li3PO4,LiOP,32,train
Li3PO4-015759,Li3PO4,LiOP,61,train
Li3PO4-002284,Li3PO4,LiOP,32,train
Li3PO4-012499,Li3PO4,LiOP,31,train
Li3PO4-004667,Li3PO4,LiOP,32,train
Li3PO4-016910,Li3PO4,LiOP,61,train
ZrO2-009665,ZrO2,OZr,48,train
Li3PO4-000691,Li3PO4,LiOP,32,train
ZrO2-006421,ZrO2,OZr,95,train
Li3PO4-002789,Li3PO4,LiOP,32,train
Li3PO4-003381,Li3PO4,LiOP,32,train
ZrO2-008365,ZrO2,OZr,48,train
Li3PO4-013405,Li3PO4,LiOP,61,train
ZrO2-001609,ZrO2,OZr,96,train
Li3PO4-014460,Li3PO4,LiOP,61,train
Li3PO4-013035,Li3PO4,LiOP,61,train
Li3PO4-016639,Li3PO4,LiOP,61,train
Li3PO4-011943,Li3PO4,LiOP,31,train
ZrO2-008755,ZrO2,OZr,48,train
Li3PO4-009762,Li3PO4,LiOP,31,train
Li3PO4-015804,Li3PO4,LiOP,61,train
Li3PO4-003222,Li3PO4,LiOP,32,train
ZrO2-002871,ZrO2,OZr,95,train
Li3PO4-007746,Li3PO4,LiOP,32,train
Li3PO4-006246,Li3PO4,LiOP,32,train
ZrO2-002766,ZrO2,OZr,95,train
ZrO2-006836,ZrO2,OZr,95,train
ZrO2-009341,ZrO2,OZr,48,train
Li3PO4-013995,Li3PO4,LiOP,61,train
Li3PO4-004689,Li3PO4,LiOP,32,train
Li3PO4-012213,Li3PO4,LiOP,31,train
Li3PO4-012565,Li3PO4,LiOP,31,train
Li3PO4-014506,Li3PO4,LiOP,61,train
Li3PO4-003472,Li3PO4,LiOP,32,train
ZrO2-001561,ZrO2,OZr,96,train
Li3PO4-011594,Li3PO4,LiOP,31,train
ZrO2-009547,ZrO2,OZr,48,train
ZrO2-009462,ZrO2,OZr,48,train
ZrO2-002656,ZrO2,OZr,95,train
Li3PO4-013461,Li3PO4,LiOP,61,train
Li3PO4-014680,Li3PO4,LiOP,61,train
Li3PO4-017439,Li3PO4,LiOP,61,train
Li3PO4-012950,Li3PO4,LiOP,31,train
Li3PO4-011406,Li3PO4,LiOP,31,train
Li3PO4-007647,Li3PO4,LiOP,32,train
Li3PO4-000648,Li3PO4,LiOP,32,train
ZrO2-006522,ZrO2,OZr,95,train
Li3PO4-011521,Li3PO4,LiOP,31,train
ZrO2-002721,ZrO2,OZr,95,train
ZrO2-000940,ZrO2,OZr,96,train
ZrO2-001662,ZrO2,OZr,96,train
ZrO2-008885,ZrO2,OZr,48,train
Li3PO4-009016,Li3PO4,LiOP,31,train
ZrO2-003130,ZrO2,OZr,95,train
ZrO2-004442,ZrO2,OZr,47,train
perovskite-000172,perovskite,BaCaHfOPb,20,train
perovskite-000639,perovskite,CaHfOPbSrTiZr,20,train
Li3PO4-009960,Li3PO4,LiOP,31,train
Li3PO4-011847,Li3PO4,LiOP,31,train
ZrO2-003841,ZrO2,OZr,47,train
ZrO2-000324,ZrO2,OZr,96,train
ZrO2-006211,ZrO2,OZr,95,train
ZrO2-009708,ZrO2,OZr,48,train
ZrO2-008800,ZrO2,OZr,48,train
perovskite-001036,perovskite,BaCaHfOPbTi,20,train
Li3PO4-013200,Li3PO4,LiOP,61,train
Li3PO4-003092,Li3PO4,LiOP,32,train
Li3PO4-007500,Li3PO4,LiOP,32,train
ZrO2-007194,ZrO2,OZr,95,train
Li3PO4-007543,Li3PO4,LiOP,32,train
ZrO2-008358,ZrO2,OZr,48,train
Li3PO4-011624,Li3PO4,LiOP,31,train
ZrO2-009489,ZrO2,OZr,48,train
Li3PO4-011813,Li3PO4,LiOP,31,train
Li3PO4-017637,Li3PO4,LiOP,61,train
ZrO2-007033,ZrO2,OZr,95,train
Li3PO4-001140,Li3PO4,LiOP,32,train
Li3PO4-014536,Li3PO4,LiOP,61,train
Li3PO4-012868,Li3PO4,LiOP,31,train
Li3PO4-007081,Li3PO4,LiOP,32,train
Li3PO4-006929,Li3PO4,LiOP,32,train
perovskite-000354,perovskite,BaCaHfOTi,20,train
Li3PO4-011478,Li3PO4,LiOP,31,train
ZrO2-004680,ZrO2,OZr,47,train
Li3PO4-001627,Li3PO4,LiOP,32,train
perovskite-001164,perovskite,BaCaHfOPbTi,20,train
Li3PO4-015091,Li3PO4,LiOP,61,train
ZrO2-002171,ZrO2,OZr,95,train
Li3PO4-003469,Li3PO4,LiOP,32,train
Li3PO4-011556,Li3PO4,LiOP,31,train
Li3PO4-001433,Li3PO4,LiOP,32,train
ZrO2-001903,ZrO2,OZr,96,train
ZrO2-008470,ZrO2,OZr,48,train
Li3PO4-003811,Li3PO4,LiOP,32,train
ZrO2-007277,ZrO2,OZr,95,train
Li3PO4-012262,Li3PO4,LiOP,31,train
Li3PO4-009411,Li3PO4,LiOP,31,train
Li3PO4-013095,Li3PO4,LiOP,61,train
Li3PO4-012577,Li3PO4,LiOP,31,train
Li3PO4-005208,Li3PO4,LiOP,32,train
ZrO2-002363,ZrO2,OZr,95,train
ZrO2-002333,ZrO2,OZr,95,train
Li3PO4-013248,Li3PO4,LiOP,61,train
ZrO2-009738,ZrO2,OZr,48,train
Li3PO4-001677,Li3PO4,LiOP,32,train
Li3PO4-005381,Li3PO4,LiOP,32,train
Li3PO4-004678,Li3PO4,LiOP,32,train
ZrO2-003947,ZrO2,OZr,47,train
ZrO2-005519,ZrO2,OZr,47,train
ZrO2-006174,ZrO2,OZr,95,train
Li3PO4-008266,Li3PO4,LiOP,31,train
ZrO2-010043,ZrO2,OZr,48,train
Li3PO4-016339,Li3PO4,LiOP,61,train
ZrO2-008260,ZrO2,OZr,48,train
Li3PO4-002503,Li3PO4,LiOP,32,train
Li3PO4-007436,Li3PO4,LiOP,32,train
Li3PO4-005565,Li3PO4,LiOP,32,train
Li3PO4-002563,Li3PO4,LiOP,32,train
Li3PO4-011312,Li3PO4,LiOP,31,train
Li3PO4-010989,Li3PO4,LiOP,31,train
ZrO2-006953,ZrO2,OZr,95,train
Li3PO4-000293,Li3PO4,LiOP,32,train
ZrO2-006633,ZrO2,OZr,95,train
Li3PO4-009478,Li3PO4,LiOP,31,train
Li3PO4-006158,Li3PO4,LiOP,32,train
Li3PO4-013132,Li3PO4,LiOP,61,train
ZrO2-001379,ZrO2,OZr,96,train
ZrO2-007385,ZrO2,OZr,95,train
ZrO2-006837,ZrO2,OZr,95,train
ZrO2-002026,ZrO2,OZr,95,train
Li3PO4-001274,Li3PO4,LiOP,32,train
Li3PO4-008614,Li3PO4,LiOP,31,train
Li3PO4-004530,Li3PO4,LiOP,32,train
perovskite-000709,perovskite,CaHfOPbTiZr,20,train
perovskite-000118,perovskite,BaCaOSrTi,20,train
ZrO2-008990,ZrO2,OZr,48,train
ZrO2-003374,ZrO2,OZr,95,train
ZrO2-000818,ZrO2,OZr,96,train
ZrO2-006195,ZrO2,OZr,95,train
ZrO2-004906,ZrO2,OZr,47,train
Li3PO4-006559,Li3PO4,LiOP,32,train
perovskite-000317,perovskite,CaHfOSrTiZr,20,train
ZrO2-009342,ZrO2,OZr,48,train
ZrO2-004091,ZrO2,OZr,47,train
Li3PO4-013544,Li3PO4,LiOP,61,train
Li3PO4-003130,Li3PO4,LiOP,32,train
Li3PO4-002092,Li3PO4,LiOP,32,train
Li3PO4-001546,Li3PO4,LiOP,32,train
Li3PO4-003666,Li3PO4,LiOP,32,train
ZrO2-005299,ZrO2,OZr,47,train
Li3PO4-009330,Li3PO4,LiOP,31,train
ZrO2-004515,ZrO2,OZr,47,train
Li3PO4-016796,Li3PO4,LiOP,61,train
Li3PO4-003626,Li3PO4,LiOP,32,train
ZrO2-004246,ZrO2,OZr,47,train
Li3PO4-003009,Li3PO4,LiOP,32,train
Li3PO4-005144,Li3PO4,LiOP,32,train
ZrO2-002939,ZrO2,OZr,95,train
Li3PO4-008439,Li3PO4,LiOP,31,train
Li3PO4-001853,Li3PO4,LiOP,32,train
perovskite-000403,perovskite,CaHfOPbSrTi,20,train
ZrO2-003687,ZrO2,OZr,47,train
Li3PO4-000095,Li3PO4,LiOP,32,train
ZrO2-008141,ZrO2,OZr,48,train
Li3PO4-013315,Li3PO4,LiOP,61,train
ZrO2-005154,ZrO2,OZr,47,train
Li3PO4-007298,Li3PO4,LiOP,32,train
Li3PO4-013453,Li3PO4,LiOP,61,train
Li3PO4-003417,Li3PO4,LiOP,32,train
ZrO2-002315,ZrO2,OZr,95,train
ZrO2-005086,ZrO2,OZr,47,train
ZrO2-007995,ZrO2,OZr,95,train
ZrO2-004293,ZrO2,OZr,47,train
Li3PO4-007493,Li3PO4,LiOP,32,train
ZrO2-001370,ZrO2,OZr,96,train
Li3PO4-016508,Li3PO4,LiOP,61,train
Li3PO4-012618,Li3PO4,LiOP,31,train
Li3PO4-012069,Li3PO4,LiOP,31,train
Li3PO4-012248,Li3PO4,LiOP,31,train
ZrO2-005430,ZrO2,OZr,47,train
Li3PO4-002939,Li3PO4,LiOP,32,train
Li3PO4-004540,Li3PO4,LiOP,32,train
Li3PO4-006482,Li3PO4,LiOP,32,train
Li3PO4-017796,Li3PO4,LiOP,61,train
Li3PO4-012029,Li3PO4,LiOP,31,train
ZrO2-000278,ZrO2,OZr,96,train
Li3PO4-015858,Li3PO4,LiOP,61,train
perovskite-000678,perovskite,BaCaHfOPbTi,20,train
Li3PO4-014022,Li3PO4,LiOP,61,train
ZrO2-004627,ZrO2,OZr,47,train
ZrO2-005970,ZrO2,OZr,95,train
Li3PO4-004974,Li3PO4,LiOP,32,train
ZrO2-008871,ZrO2,OZr,48,train
ZrO2-001715,ZrO2,OZr,96,train
Li3PO4-001063,Li3PO4,LiOP,32,train
ZrO2-000626,ZrO2,OZr,96,train
perovskite-001070,perovskite,BaCaHfOPbTiZr,20,train
Li3PO4-006602,Li3PO4,LiOP,32,train
ZrO2-005560,ZrO2,OZr,47,train
Li3PO4-003117,Li3PO4,LiOP,32,train
ZrO2-009448,ZrO2,OZr,48,train
Li3PO4-015426,Li3PO4,LiOP,61,train
ZrO2-002168,ZrO2,OZr,95,train
Li3PO4-006156,Li3PO4,LiOP,32,train
Li3PO4-014517,Li3PO4,LiOP,61,train
Li3PO4-005475,Li3PO4,LiOP,32,train
Li3PO4-011983,Li3PO4,LiOP,31,train
Li3PO4-011240,Li3PO4,LiOP,31,train
ZrO2-008915,ZrO2,OZr,48,train
Li3PO4-003279,Li3PO4,LiOP,32,train
Li3PO4-012660,Li3PO4,LiOP,31,train
ZrO2-007176,ZrO2,OZr,95,train
Li3PO4-010393,Li3PO4,LiOP,31,train
ZrO2-003669,ZrO2,OZr,47,train
ZrO2-007496,ZrO2,OZr,95,train
Li3PO4-013073,Li3PO4,LiOP,61,train
Li3PO4-005779,Li3PO4,LiOP,32,train
Li3PO4-006917,Li3PO4,LiOP,32,train
Li3PO4-015705,Li3PO4,LiOP,61,train
Li3PO4-017351,Li3PO4,LiOP,61,train
ZrO2-007274,ZrO2,OZr,95,train
Li3PO4-007300,Li3PO4,LiOP,32,train
Li3PO4-007049,Li3PO4,LiOP,32,train
Li3PO4-007832,Li3PO4,LiOP,32,train
Li3PO4-014606,Li3PO4,LiOP,61,train
Li3PO4-005260,Li3PO4,LiOP,32,train
Li3PO4-011214,Li3PO4,LiOP,31,train
Li3PO4-010775,Li3PO4,LiOP,31,train
ZrO2-004893,ZrO2,OZr,47,train
Li3PO4-008516,Li3PO4,LiOP,31,train
Li3PO4-001389,Li3PO4,LiOP,32,train
ZrO2-005343,ZrO2,OZr,47,train
ZrO2-004446,ZrO2,OZr,47,train
Li3PO4-014704,Li3PO4,LiOP,61,train
ZrO2-007725,ZrO2,OZr,95,train
Li3PO4-002003,Li3PO4,LiOP,32,train
perovskite-000574,perovskite,CaOPbTiZr,20,train
Li3PO4-014863,Li3PO4,LiOP,61,train
Li3PO4-014188,Li3PO4,LiOP,61,train
Li3PO4-014919,Li3PO4,LiOP,61,train
Li3PO4-003796,Li3PO4,LiOP,32,train
Li3PO4-005371,Li3PO4,LiOP,32,train
Li3PO4-008682,Li3PO4,LiOP,31,train
Li3PO4-015265,Li3PO4,LiOP,61,train
Li3PO4-016517,Li3PO4,LiOP,61,train
ZrO2-007471,ZrO2,OZr,95,train
ZrO2-009290,ZrO2,OZr,48,train
Li3PO4-012880,Li3PO4,LiOP,31,train
Li3PO4-005905,Li3PO4,LiOP,32,train
ZrO2-001024,ZrO2,OZr,96,train
Li3PO4-004631,Li3PO4,LiOP,32,train
ZrO2-004392,ZrO2,OZr,47,train
Li3PO4-016459,Li3PO4,LiOP,61,train
Li3PO4-002182,Li3PO4,LiOP,32,train
Li3PO4-009109,Li3PO4,LiOP,31,train
Li3PO4-015564,Li3PO4,LiOP,61,train
Li3PO4-003063,Li3PO4,LiOP,32,train
Li3PO4-009133,Li3PO4,LiOP,31,train
perovskite-000997,perovskite,BaCaOPbSrTiZr,20,train
Li3PO4-009389,Li3PO4,LiOP,31,train
Li3PO4-001599,Li3PO4,LiOP,32,train
Li3PO4-000259,Li3PO4,LiOP,32,train
Li3PO4-005608,Li3PO4,LiOP,32,train
Li3PO4-014992,Li3PO4,LiOP,61,train
Li3PO4-009429,Li3PO4,LiOP,31,train
Li3PO4-008554,Li3PO4,LiOP,31,train
Li3PO4-006467,Li3PO4,LiOP,32,train
Li3PO4-003245,Li3PO4,LiOP,32,train
ZrO2-006808,ZrO2,OZr,95,train
ZrO2-000183,ZrO2,OZr,96,train
Li3PO4-015579,Li3PO4,LiOP,61,train
Li3PO4-014545,Li3PO4,LiOP,61,train
Li3PO4-002694,Li3PO4,LiOP,32,train
Li3PO4-002927,Li3PO4,LiOP,32,train
Li3PO4-002514,Li3PO4,LiOP,32,train
Li3PO4-013797,Li3PO4,LiOP,61,train
Li3PO4-000453,Li3PO4,LiOP,32,train
Li3PO4-012142,Li3PO4,LiOP,31,train
perovskite-000693,perovskite,BaCaHfOPbTi,20,train
ZrO2-009501,ZrO2,OZr,48,train
ZrO2-002219,ZrO2,OZr,95,train
ZrO2-007950,ZrO2,OZr,95,train
ZrO2-002951,ZrO2,OZr,95,train
Li3PO4-009279,Li3PO4,LiOP,31,train
Li3PO4-002517,Li3PO4,LiOP,32,train
ZrO2-009234,ZrO2,OZr,48,train
Li3PO4-013514,Li3PO4,LiOP,61,train
Li3PO4-002055,Li3PO4,LiOP,32,train
Li3PO4-005318,Li3PO4,LiOP,32,train
Li3PO4-000202,Li3PO4,LiOP,32,train
Li3PO4-017458,Li3PO4,LiOP,61,train
ZrO2-004273,ZrO2,OZr,47,train
ZrO2-002651,ZrO2,OZr,95,train
Li3PO4-009073,Li3PO4,LiOP,31,train
ZrO2-002402,ZrO2,OZr,95,train
Li3PO4-011625,Li3PO4,LiOP,31,train
Li3PO4-005502,Li3PO4,LiOP,32,train
ZrO2-005528,ZrO2,OZr,47,train
ZrO2-003887,ZrO2,OZr,47,train
Li3PO4-002830,Li3PO4,LiOP,32,train
Li3PO4-004685,Li3PO4,LiOP,32,train
ZrO2-002331,ZrO2,OZr,95,train
ZrO2-009162,ZrO2,OZr,48,train
Li3PO4-008424,Li3PO4,LiOP,31,train
Li3PO4-012585,Li3PO4,LiOP,31,train
ZrO2-009835,ZrO2,OZr,48,train
ZrO2-001302,ZrO2,OZr,96,train
Li3PO4-012588,Li3PO4,LiOP,31,train
Li3PO4-003705,Li3PO4,LiOP,32,train
Li3PO4-013613,Li3PO4,LiOP,61,train
Li3PO4-012824,Li3PO4,LiOP,31,train
perovskite-001168,perovskite,BaCaHfOPbTiZr,20,train
Li3PO4-004809,Li3PO4,LiOP,32,train
Li3PO4-009201,Li3PO4,LiOP,31,train
ZrO2-006668,ZrO2,OZr,95,train
ZrO2-001925,ZrO2,OZr,96,train
Li3PO4-000679,Li3PO4,LiOP,32,train
Li3PO4-005937,Li3PO4,LiOP,32,train
Li3PO4-007795,Li3PO4,LiOP,32,train
Li3PO4-002112,Li3PO4,LiOP,32,train
ZrO2-000243,ZrO2,OZr,96,train
ZrO2-006930,ZrO2,OZr,95,train
Li3PO4-013763,Li3PO4,LiOP,61,train
Li3PO4-002506,Li3PO4,LiOP,32,train
Li3PO4-000826,Li3PO4,LiOP,32,train
Li3PO4-005509,Li3PO4,LiOP,32,train
Li3PO4-017086,Li3PO4,LiOP,61,train
ZrO2-002913,ZrO2,OZr,95,train
Li3PO4-008096,Li3PO4,LiOP,31,train
Li3PO4-013009,Li3PO4,LiOP,61,train
ZrO2-002926,ZrO2,OZr,95,train
ZrO2-005244,ZrO2,OZr,47,train
Li3PO4-002690,Li3PO4,LiOP,32,train
Li3PO4-005636,Li3PO4,LiOP,32,train
ZrO2-005347,ZrO2,OZr,47,train
Li3PO4-004039,Li3PO4,LiOP,32,train
Li3PO4-015143,Li3PO4,LiOP,61,train
Li3PO4-012456,Li3PO4,LiOP,31,train
Li3PO4-003828,Li3PO4,LiOP,32,train
Li3PO4-002452,Li3PO4,LiOP,32,train
perovskite-000867,perovskite,CaHfOPbSrTiZr,20,train
Li3PO4-009214,Li3PO4,LiOP,31,train
Li3PO4-017130,Li3PO4,LiOP,61,train
Li3PO4-013765,Li3PO4,LiOP,61,train
perovskite-000402,perovskite,CaHfOPbSrTiZr,20,train
ZrO2-003204,ZrO2,OZr,95,train
ZrO2-001833,ZrO2,OZr,96,train
Li3PO4-015478,Li3PO4,LiOP,61,train
ZrO2-005836,ZrO2,OZr,95,train
Li3PO4-005221,Li3PO4,LiOP,32,train
Li3PO4-003536,Li3PO4,LiOP,32,train
ZrO2-009166,ZrO2,OZr,48,train
Li3PO4-000020,Li3PO4,LiOP,32,train
Li3PO4-000885,Li3PO4,LiOP,32,train
ZrO2-002093,ZrO2,OZr,95,train
Li3PO4-000791,Li3PO4,LiOP,32,train
ZrO2-006641,ZrO2,OZr,95,train
Li3PO4-000799,Li3PO4,LiOP,32,train
ZrO2-005627,ZrO2,OZr,95,train
Li3PO4-006904,Li3PO4,LiOP,32,train
Li3PO4-006391,Li3PO4,LiOP,32,train
Li3PO4-013004,Li3PO4,LiOP,61,train
Li3PO4-015998,Li3PO4,LiOP,61,train
ZrO2-005773,ZrO2,OZr,95,train
Li3PO4-016816,Li3PO4,LiOP,61,train
perovskite-000706,perovskite,CaOPbTiZr,20,train
ZrO2-002267,ZrO2,OZr,95,train
Li3PO4-004012,Li3PO4,LiOP,32,train
ZrO2-003349,ZrO2,OZr,95,train
Li3PO4-001920,Li3PO4,LiOP,32,train
Li3PO4-004496,Li3PO4,LiOP,32,train
Li3PO4-012978,Li3PO4,LiOP,31,train
ZrO2-005830,ZrO2,OZr,95,train
ZrO2-004356,ZrO2,OZr,47,train
ZrO2-001927,ZrO2,OZr,96,train
ZrO2-005393,ZrO2,OZr,47,train
Li3PO4-017054,Li3PO4,LiOP,61,train
Li3PO4-000664,Li3PO4,LiOP,32,train
ZrO2-002798,ZrO2,OZr,95,train
Li3PO4-011234,Li3PO4,LiOP,31,train
ZrO2-001383,ZrO2,OZr,96,train
Li3PO4-000303,Li3PO4,LiOP,32,train
ZrO2-007894,ZrO2,OZr,95,train
ZrO2-007958,ZrO2,OZr,95,train
ZrO2-001205,ZrO2,OZr,96,train
Li3PO4-005303,Li3PO4,LiOP,32,train
ZrO2-002591,ZrO2,OZr,95,train
Li3PO4-010601,Li3PO4,LiOP,31,train
Li3PO4-014916,Li3PO4,LiOP,61,train
Li3PO4-007319,Li3PO4,LiOP,32,train
perovskite-000835,perovskite,BaCaHfOPbZr,20,train
Li3PO4-001929,Li3PO4,LiOP,32,train
Li3PO4-012640,Li3PO4,LiOP,31,train
ZrO2-007400,ZrO2,OZr,95,train
perovskite-001173,perovskite,BaCaHfOPbZr,20,train
Li3PO4-010712,Li3PO4,LiOP,31,train
ZrO2-006878,ZrO2,OZr,95,train
Li3PO4-004790,Li3PO4,LiOP,32,train
ZrO2-006874,ZrO2,OZr,95,train
ZrO2-003727,ZrO2,OZr,47,train
Li3PO4-003867,Li3PO4,LiOP,32,train
Li3PO4-005307,Li3PO4,LiOP,32,train
Li3PO4-010005,Li3PO4,LiOP,31,train
Li3PO4-017682,Li3PO4,LiOP,61,train
Li3PO4-007850,Li3PO4,LiOP,32,train
Li3PO4-010238,Li3PO4,LiOP,31,train
ZrO2-006571,ZrO2,OZr,95,train
Li3PO4-015772,Li3PO4,LiOP,61,train
ZrO2-002183,ZrO2,OZr,95,train
Li3PO4-011139,Li3PO4,LiOP,31,train
Li3PO4-004457,Li3PO4,LiOP,32,train
ZrO2-007739,ZrO2,OZr,95,train
ZrO2-000773,ZrO2,OZr,96,train
Li3PO4-013298,Li3PO4,LiOP,61,train
Li3PO4-012265,Li3PO4,LiOP,31,train
Li3PO4-013194,Li3PO4,LiOP,61,train
ZrO2-004405,ZrO2,OZr,47,train
ZrO2-002778,ZrO2,OZr,95,train
Li3PO4-017627,Li3PO4,LiOP,61,train
ZrO2-003529,ZrO2,OZr,95,train
Li3PO4-016530,Li3PO4,LiOP,61,train
Li3PO4-005629,Li3PO4,LiOP,32,train
Li3PO4-009253,Li3PO4,LiOP,31,train
ZrO2-002457,ZrO2,OZr,95,train
Li3PO4-008076,Li3PO4,LiOP,31,train
Li3PO4-009367,Li3PO4,LiOP,31,train
ZrO2-006224,ZrO2,OZr,95,train
Li3PO4-010247,Li3PO4,LiOP,31,train
Li3PO4-001808,Li3PO4,LiOP,32,train
ZrO2-002761,ZrO2,OZr,95,train
Li3PO4-017817,Li3PO4,LiOP,61,train
ZrO2-007981,ZrO2,OZr,95,train
Li3PO4-011119,Li3PO4,LiOP,31,train
Li3PO4-007626,Li3PO4,LiOP,32,train
Li3PO4-013501,Li3PO4,LiOP,61,train
ZrO2-003053,ZrO2,OZr,95,train
ZrO2-002442,ZrO2,OZr,95,train
ZrO2-007188,ZrO2,OZr,95,train
Li3PO4-007503,Li3PO4,LiOP,32,train
Li3PO4-010047,Li3PO4,LiOP,31,train
ZrO2-005296,ZrO2,OZr,47,train
Li3PO4-015570,Li3PO4,LiOP,61,train
Li3PO4-008229,Li3PO4,LiOP,31,train
Li3PO4-006280,Li3PO4,LiOP,32,train
Li3PO4-004137,Li3PO4,LiOP,32,train
Li3PO4-000504,Li3PO4,LiOP,32,train
Li3PO4-005601,Li3PO4,LiOP,32,train
perovskite-001204,perovskite,CaHfOSrTi,20,train
ZrO2-001659,ZrO2,OZr,96,train
ZrO2-007389,ZrO2,OZr,95,train
ZrO2-008033,ZrO2,OZr,95,train
ZrO2-006018,ZrO2,OZr,95,train
ZrO2-001413,ZrO2,OZr,96,train
Li3PO4-010378,Li3PO4,LiOP,31,train
Li3PO4-015434,Li3PO4,LiOP,61,train
Li3PO4-007722,Li3PO4,LiOP,32,train
Li3PO4-006925,Li3PO4,LiOP,32,train
Li3PO4-016016,Li3PO4,LiOP,61,train
perovskite-000877,perovskite,CaHfOPbSrZr,20,train
Li3PO4-017622,Li3PO4,LiOP,61,train
ZrO2-003155,ZrO2,OZr,95,train
Li3PO4-000630,Li3PO4,LiOP,32,train
Li3PO4-013512,Li3PO4,LiOP,61,train
ZrO2-002684,ZrO2,OZr,95,train
ZrO2-009539,ZrO2,OZr,48,train
ZrO2-006464,ZrO2,OZr,95,train
Li3PO4-015937,Li3PO4,LiOP,61,train
Li3PO4-009509,Li3PO4,LiOP,31,train
ZrO2-006851,ZrO2,OZr,95,train
Li3PO4-003308,Li3PO4,LiOP,32,train
Li3PO4-001834,Li3PO4,LiOP,32,train
ZrO2-005255,ZrO2,OZr,47,train
ZrO2-003487,ZrO2,OZr,95,train
Li3PO4-010042,Li3PO4,LiOP,31,train
Li3PO4-001149,Li3PO4,LiOP,32,train
perovskite-000989,perovskite,BaCaHfOPbSrTiZr,20,train
ZrO2-001458,ZrO2,OZr,96,train
Li3PO4-009815,Li3PO4,LiOP,31,train
Li3PO4-007565,Li3PO4,LiOP,32,train
ZrO2-008478,ZrO2,OZr,48,train
Li3PO4-009371,Li3PO4,LiOP,31,train
Li3PO4-006065,Li3PO4,LiOP,32,train
Li3PO4-010735,Li3PO4,LiOP,31,train
Li3PO4-008791,Li3PO4,LiOP,31,train
Li3PO4-011222,Li3PO4,LiOP,31,train
ZrO2-009972,ZrO2,OZr,48,train
ZrO2-006563,ZrO2,OZr,95,train
Li3PO4-006933,Li3PO4,LiOP,32,train
Li3PO4-004772,Li3PO4,LiOP,32,train
ZrO2-002599,ZrO2,OZr,95,train
ZrO2-007222,ZrO2,OZr,95,train
Li3PO4-011227,Li3PO4,LiOP,31,train
ZrO2-003935,ZrO2,OZr,47,train
Li3PO4-015329,Li3PO4,LiOP,61,train
Li3PO4-005816,Li3PO4,LiOP,32,train
perovskite-000654,perovskite,CaHfOPbSrZr,20,train
ZrO2-004588,ZrO2,OZr,47,train
ZrO2-001668,ZrO2,OZr,96,train
Li3PO4-004852,Li3PO4,LiOP,32,train
Li3PO4-016069,Li3PO4,LiOP,61,train
ZrO2-004412,ZrO2,OZr,47,train
ZrO2-008388,ZrO2,OZr,48,train
ZrO2-001820,ZrO2,OZr,96,train
Li3PO4-015390,Li3PO4,LiOP,61,train
ZrO2-007221,ZrO2,OZr,95,train
Li3PO4-012259,Li3PO4,LiOP,31,train
ZrO2-004935,ZrO2,OZr,47,train
Li3PO4-002188,Li3PO4,LiOP,32,train
Li3PO4-008216,Li3PO4,LiOP,31,train
Li3PO4-001242,Li3PO4,LiOP,32,train
ZrO2-004798,ZrO2,OZr,47,train
ZrO2-003868,ZrO2,OZr,47,train
Li3PO4-002242,Li3PO4,LiOP,32,train
ZrO2-009987,ZrO2,OZr,48,train
ZrO2-009997,ZrO2,OZr,48,train
Li3PO4-014721,Li3PO4,LiOP,61,train
Li3PO4-015351,Li3PO4,LiOP,61,train
Li3PO4-012070,Li3PO4,LiOP,31,train
Li3PO4-006188,Li3PO4,LiOP,32,train
ZrO2-002435,ZrO2,OZr,95,train
ZrO2-002102,ZrO2,OZr,95,train
ZrO2-008241,ZrO2,OZr,48,train
Li3PO4-003706,Li3PO4,LiOP,32,train
ZrO2-001439,ZrO2,OZr,96,train
Li3PO4-013630,Li3PO4,LiOP,61,train
Li3PO4-000346,Li3PO4,LiOP,32,train
Li3PO4-017457,Li3PO4,LiOP,61,train
Li3PO4-013801,Li3PO4,LiOP,61,train
ZrO2-000703,ZrO2,OZr,96,train
Li3PO4-012099,Li3PO4,LiOP,31,train
Li3PO4-002805,Li3PO4,LiOP,32,train
Li3PO4-016141,Li3PO4,LiOP,61,train
Li3PO4-017880,Li3PO4,LiOP,61,train
ZrO2-001656,ZrO2,OZr,96,train
Li3PO4-008438,Li3PO4,LiOP,31,train
Li3PO4-002235,Li3PO4,LiOP,32,train
ZrO2-008270,ZrO2,OZr,48,train
Li3PO4-011140,Li3PO4,LiOP,31,train
Li3PO4-010014,Li3PO4,LiOP,31,train
Li3PO4-013417,Li3PO4,LiOP,61,train
Li3PO4-014730,Li3PO4,LiOP,61,train
Li3PO4-004868,Li3PO4,LiOP,32,train
ZrO2-003396,ZrO2,OZr,95,train
perovskite-000942,perovskite,CaOPbSrTiZr,20,train
Li3PO4-016499,Li3PO4,LiOP,61,train
Li3PO4-008292,Li3PO4,LiOP,31,train
Li3PO4-015481,Li3PO4,LiOP,61,train
Li3PO4-008314,Li3PO4,LiOP,31,train
Li3PO4-005250,Li3PO4,LiOP,32,train
Li3PO4-005195,Li3PO4,LiOP,32,train
ZrO2-007144,ZrO2,OZr,95,train
ZrO2-007403,ZrO2,OZr,95,train
Li3PO4-005365,Li3PO4,LiOP,32,train
Li3PO4-006622,Li3PO4,LiOP,32,train
Li3PO4-000829,Li3PO4,LiOP,32,train
ZrO2-005503,ZrO2,OZr,47,train
Li3PO4-007192,Li3PO4,LiOP,32,train
Li3PO4-011188,Li3PO4,LiOP,31,train
Li3PO4-016176,Li3PO4,LiOP,61,train
Li3PO4-017477,Li3PO4,LiOP,61,train
Li3PO4-015219,Li3PO4,LiOP,61,train
Li3PO4-007333,Li3PO4,LiOP,32,train
Li3PO4-001490,Li3PO4,LiOP,32,train
Li3PO4-016843,Li3PO4,LiOP,61,train
Li3PO4-016311,Li3PO4,LiOP,61,train
ZrO2-001399,ZrO2,OZr,96,train
ZrO2-007310,ZrO2,OZr,95,train
Li3PO4-006974,Li3PO4,LiOP,32,train
Li3PO4-005288,Li3PO4,LiOP,32,train
ZrO2-007147,ZrO2,OZr,95,train
Li3PO4-013672,Li3PO4,LiOP,61,train
perovskite-000737,perovskite,CaHfOPbTiZr,20,train
Li3PO4-017428,Li3PO4,LiOP,61,train
Li3PO4-013784,Li3PO4,LiOP,61,train
Li3PO4-012303,Li3PO4,LiOP,31,train
Li3PO4-002730,Li3PO4,LiOP,32,train
Li3PO4-003552,Li3PO4,LiOP,32,train
Li3PO4-002922,Li3PO4,LiOP,32,train
Li3PO4-012730,Li3PO4,LiOP,31,train
Li3PO4-011100,Li3PO4,LiOP,31,train
Li3PO4-010733,Li3PO4,LiOP,31,train
ZrO2-008289,ZrO2,OZr,48,train
ZrO2-008963,ZrO2,OZr,48,train
ZrO2-005271,ZrO2,OZr,47,train
perovskite-000755,perovskite,CaHfOPbZr,20,train
Li3PO4-009977,Li3PO4,LiOP,31,train
Li3PO4-017085,Li3PO4,LiOP,61,train
Li3PO4-011310,Li3PO4,LiOP,31,train
Li3PO4-004475,Li3PO4,LiOP,32,train
Li3PO4-014201,Li3PO4,LiOP,61,train
Li3PO4-012923,Li3PO4,LiOP,31,train
ZrO2-004976,ZrO2,OZr,47,train
Li3PO4-008981,Li3PO4,LiOP,31,train
Li3PO4-005126,Li3PO4,LiOP,32,train
ZrO2-006860,ZrO2,OZr,95,train
Li3PO4-003720,Li3PO4,LiOP,32,train
Li3PO4-010391,Li3PO4,LiOP,31,train
ZrO2-004458,ZrO2,OZr,47,train
Li3PO4-016776,Li3PO4,LiOP,61,train
Li3PO4-004326,Li3PO4,LiOP,32,train
Li3PO4-017931,Li3PO4,LiOP,61,train
Li3PO4-006737,Li3PO4,LiOP,32,train
ZrO2-006333,ZrO2,OZr,95,train
ZrO2-007345,ZrO2,OZr,95,train
ZrO2-008437,ZrO2,OZr,48,train
Li3PO4-004407,Li3PO4,LiOP,32,train
ZrO2-004737,ZrO2,OZr,47,train
Li3PO4-007660,Li3PO4,LiOP,32,train
Li3PO4-017773,Li3PO4,LiOP,61,train
ZrO2-006644,ZrO2,OZr,95,train
ZrO2-000045,ZrO2,OZr,96,train
Li3PO4-002406,Li3PO4,LiOP,32,train
Li3PO4-001370,Li3PO4,LiOP,32,train
Li3PO4-012550,Li3PO4,LiOP,31,train
ZrO2-005774,ZrO2,OZr,95,train
ZrO2-010059,ZrO2,OZr,48,train
ZrO2-007445,ZrO2,OZr,95,train
Li3PO4-016979,Li3PO4,LiOP,61,train
Li3PO4-007340,Li3PO4,LiOP,32,train
Li3PO4-008789,Li3PO4,LiOP,31,train
ZrO2-007821,ZrO2,OZr,95,train
Li3PO4-017070,Li3PO4,LiOP,61,train
Li3PO4-017544,Li3PO4,LiOP,61,train
Li3PO4-015591,Li3PO4,LiOP,61,train
Li3PO4-013272,Li3PO4,LiOP,61,train
ZrO2-003903,ZrO2,OZr,47,train
ZrO2-008103,ZrO2,OZr,95,train
ZrO2-000321,ZrO2,OZr,96,train
perovskite-000739,perovskite,CaHfOPbTiZr,20,train
Li3PO4-000245,Li3PO4,LiOP,32,train
ZrO2-009651,ZrO2,OZr,48,train
ZrO2-000450,ZrO2,OZr,96,train
Li3PO4-004794,Li3PO4,LiOP,32,train
ZrO2-001343,ZrO2,OZr,96,train
ZrO2-005760,ZrO2,OZr,95,train
ZrO2-005571,ZrO2,OZr,95,train
Li3PO4-008575,Li3PO4,LiOP,31,train
ZrO2-003508,ZrO2,OZr,95,train
perovskite-000773,perovskite,CaHfOPbSrTiZr,20,train
Li3PO4-005922,Li3PO4,LiOP,32,train
ZrO2-007297,ZrO2,OZr,95,train
Li3PO4-014783,Li3PO4,LiOP,61,train
Li3PO4-005698,Li3PO4,LiOP,32,train
perovskite-000018,perovskite,CaOPbSrZr,20,train
ZrO2-001020,ZrO2,OZr,96,train
ZrO2-001979,ZrO2,OZr,95,train
ZrO2-006064,ZrO2,OZr,95,train
ZrO2-003980,ZrO2,OZr,47,train
Li3PO4-002381,Li3PO4,LiOP,32,train
Li3PO4-009668,Li3PO4,LiOP,31,train
ZrO2-005699,ZrO2,OZr,95,train
Li3PO4-017830,Li3PO4,LiOP,61,train
Li3PO4-013384,Li3PO4,LiOP,61,train
Li3PO4-000671,Li3PO4,LiOP,32,train
ZrO2-009973,ZrO2,OZr,48,train
Li3PO4-002641,Li3PO4,LiOP,32,train
Li3PO4-013943,Li3PO4,LiOP,61,train
Li3PO4-001594,Li3PO4,LiOP,32,train
ZrO2-005441,ZrO2,OZr,47,train
ZrO2-002016,ZrO2,OZr,95,train
Li3PO4-005602,Li3PO4,LiOP,32,train
ZrO2-002085,ZrO2,OZr,95,train
ZrO2-009134,ZrO2,OZr,48,train
perovskite-000363,perovskite,BaCaHfOZr,20,train
Li3PO4-008780,Li3PO4,LiOP,31,train
ZrO2-009793,ZrO2,OZr,48,train
Li3PO4-000462,Li3PO4,LiOP,32,train
ZrO2-003502,ZrO2,OZr,95,train
ZrO2-007514,ZrO2,OZr,95,train
Li3PO4-007997,Li3PO4,LiOP,32,train
Li3PO4-005528,Li3PO4,LiOP,32,train
ZrO2-000417,ZrO2,OZr,96,train
Li3PO4-016186,Li3PO4,LiOP,61,train
Li3PO4-009574,Li3PO4,LiOP,31,train
perovskite-001172,perovskite,BaCaHfOPbTiZr,20,train
ZrO2-003276,ZrO2,OZr,95,train
Li3PO4-002138,Li3PO4,LiOP,32,train
Li3PO4-016647,Li3PO4,LiOP,61,train
Li3PO4-011614,Li3PO4,LiOP,31,train
ZrO2-002140,ZrO2,OZr,95,train
Li3PO4-010505,Li3PO4,LiOP,31,train
Li3PO4-001338,Li3PO4,LiOP,32,train
ZrO2-000186,ZrO2,OZr,96,train
Li3PO4-001152,Li3PO4,LiOP,32,train
Li3PO4-012120,Li3PO4,LiOP,31,train
ZrO2-005442,ZrO2,OZr,47,train
Li3PO4-000005,Li3PO4,LiOP,32,train
Li3PO4-005872,Li3PO4,LiOP,32,train
Li3PO4-003573,Li3PO4,LiOP,32,train
ZrO2-000907,ZrO2,OZr,96,train
ZrO2-000573,ZrO2,OZr,96,train
Li3PO4-004051,Li3PO4,LiOP,32,train
ZrO2-006503,ZrO2,OZr,95,train
ZrO2-003351,ZrO2,OZr,95,train
ZrO2-003966,ZrO2,OZr,47,train
ZrO2-006943,ZrO2,OZr,95,train
Li3PO4-008179,Li3PO4,LiOP,31,train
Li3PO4-004405,Li3PO4,LiOP,32,train
Li3PO4-001083,Li3PO4,LiOP,32,train
Li3PO4-009332,Li3PO4,LiOP,31,train
perovskite-000523,perovskite,BaCaHfOSrTiZr,20,train
ZrO2-001865,ZrO2,OZr,96,train
Li3PO4-013472,Li3PO4,LiOP,61,train
Li3PO4-000292,Li3PO4,LiOP,32,train
ZrO2-000772,ZrO2,OZr,96,train
Li3PO4-006589,Li3PO4,LiOP,32,train
Li3PO4-000492,Li3PO4,LiOP,32,train
Li3PO4-007778,Li3PO4,LiOP,32,train
Li3PO4-000275,Li3PO4,LiOP,32,train
ZrO2-001607,ZrO2,OZr,96,train
ZrO2-007045,ZrO2,OZr,95,train
ZrO2-006265,ZrO2,OZr,95,train
Li3PO4-012344,Li3PO4,LiOP,31,train
Li3PO4-012679,Li3PO4,LiOP,31,train
Li3PO4-014321,Li3PO4,LiOP,61,train
ZrO2-000075,ZrO2,OZr,96,train
ZrO2-005049,ZrO2,OZr,47,train
ZrO2-004275,ZrO2,OZr,47,train
ZrO2-005223,ZrO2,OZr,47,train
Li3PO4-004286,Li3PO4,LiOP,32,train
Li3PO4-003799,Li3PO4,LiOP,32,train
Li3PO4-013486,Li3PO4,LiOP,61,train
Li3PO4-006537,Li3PO4,LiOP,32,train
Li3PO4-006658,Li3PO4,LiOP,32,train
ZrO2-008927,ZrO2,OZr,48,train
Li3PO4-010148,Li3PO4,LiOP,31,train
ZrO2-005843,ZrO2,OZr,95,train
Li3PO4-014551,Li3PO4,LiOP,61,train
Li3PO4-011707,Li3PO4,LiOP,31,train
Li3PO4-008718,Li3PO4,LiOP,31,train
Li3PO4-003789,Li3PO4,LiOP,32,train
ZrO2-007523,ZrO2,OZr,95,train
Li3PO4-009882,Li3PO4,LiOP,31,train
ZrO2-004456,ZrO2,OZr,47,train
Li3PO4-000222,Li3PO4,LiOP,32,train
Li3PO4-005454,Li3PO4,LiOP,32,train
ZrO2-000313,ZrO2,OZr,96,train
Li3PO4-007563,Li3PO4,LiOP,32,train
Li3PO4-017879,Li3PO4,LiOP,61,train
Li3PO4-012460,Li3PO4,LiOP,31,train
ZrO2-004331,ZrO2,OZr,47,train
ZrO2-001786,ZrO2,OZr,96,train
Li3PO4-005780,Li3PO4,LiOP,32,train
Li3PO4-005357,Li3PO4,LiOP,32,train
Li3PO4-015562,Li3PO4,LiOP,61,train
Li3PO4-009690,Li3PO4,LiOP,31,train
ZrO2-006104,ZrO2,OZr,95,train
Li3PO4-001159,Li3PO4,LiOP,32,train
ZrO2-002961,ZrO2,OZr,95,train
Li3PO4-016495,Li3PO4,LiOP,61,train
Li3PO4-003819,Li3PO4,LiOP,32,train
ZrO2-008325,ZrO2,OZr,48,train
Li3PO4-000169,Li3PO4,LiOP,32,train
Li3PO4-002320,Li3PO4,LiOP,32,train
Li3PO4-017200,Li3PO4,LiOP,61,train
Li3PO4-014070,Li3PO4,LiOP,61,train
Li3PO4-016590,Li3PO4,LiOP,61,train
Li3PO4-001820,Li3PO4,LiOP,32,train
ZrO2-003358,ZrO2,OZr,95,train
Li3PO4-016612,Li3PO4,LiOP,61,train
ZrO2-006143,ZrO2,OZr,95,train
ZrO2-009457,ZrO2,OZr,48,train
perovskite-000143,perovskite,BaOSrTi,20,train
Li3PO4-017694,Li3PO4,LiOP,61,train
Li3PO4-011049,Li3PO4,LiOP,31,train
Li3PO4-015240,Li3PO4,LiOP,61,train
ZrO2-008120,ZrO2,OZr,48,train
Li3PO4-002814,Li3PO4,LiOP,32,train
perovskite-001212,perovskite,CaHfOSrTiZr,20,train
Li3PO4-010326,Li3PO4,LiOP,31,train
Li3PO4-015948,Li3PO4,LiOP,61,train
ZrO2-008037,ZrO2,OZr,95,train
Li3PO4-002759,Li3PO4,LiOP,32,train
Li3PO4-016484,Li3PO4,LiOP,61,train
Li3PO4-013551,Li3PO4,LiOP,61,train
Li3PO4-008840,Li3PO4,LiOP,31,train
Li3PO4-013761,Li3PO4,LiOP,61,train
ZrO2-004770,ZrO2,OZr,47,train
Li3PO4-008824,Li3PO4,LiOP,31,train
ZrO2-003048,ZrO2,OZr,95,train
Li3PO4-003596,Li3PO4,LiOP,32,train
Li3PO4-010534,Li3PO4,LiOP,31,train
perovskite-000786,perovskite,CaHfOPbSrTi,20,train
ZrO2-009825,ZrO2,OZr,48,train
Li3PO4-003458,Li3PO4,LiOP,32,train
Li3PO4-006773,Li3PO4,LiOP,32,train
Li3PO4-013286,Li3PO4,LiOP,61,train
Li3PO4-004465,Li3PO4,LiOP,32,train
Li3PO4-001052,Li3PO4,LiOP,32,train
ZrO2-006629,ZrO2,OZr,95,train
Li3PO4-016260,Li3PO4,LiOP,61,train
Li3PO4-012975,Li3PO4,LiOP,31,train
Li3PO4-001689,Li3PO4,LiOP,32,train
Li3PO4-003546,Li3PO4,LiOP,32,train
Li3PO4-002932,Li3PO4,LiOP,32,train
Li3PO4-007962,Li3PO4,LiOP,32,train
ZrO2-003402,ZrO2,OZr,95,train
Li3PO4-006053,Li3PO4,LiOP,32,train
Li3PO4-010511,Li3PO4,LiOP,31,train
Li3PO4-014372,Li3PO4,LiOP,61,train
perovskite-000154,perovskite,BaCaHfOPb,20,train
Li3PO4-000141,Li3PO4,LiOP,32,train
Li3PO4-015957,Li3PO4,LiOP,61,train
ZrO2-006831,ZrO2,OZr,95,train
Li3PO4-013010,Li3PO4,LiOP,61,train
ZrO2-007702,ZrO2,OZr,95,train
perovskite-000156,perovskite,BaCaHfOSr,20,train
Li3PO4-012470,Li3PO4,LiOP,31,train
ZrO2-001861,ZrO2,OZr,96,train
Li3PO4-013150,Li3PO4,LiOP,61,train
ZrO2-000328,ZrO2,OZr,96,train
Li3PO4-002066,Li3PO4,LiOP,32,train
perovskite-000556,perovskite,BaCaOTiZr,20,train
ZrO2-000924,ZrO2,OZr,96,train
Li3PO4-000660,Li3PO4,LiOP,32,train
perovskite-000495,perovskite,CaHfOSrTi,20,train
Li3PO4-013928,Li3PO4,LiOP,61,train
ZrO2-001097,ZrO2,OZr,96,train
Li3PO4-005969,Li3PO4,LiOP,32,train
perovskite-000151,perovskite,BaCaHfO,20,train
Li3PO4-017084,Li3PO4,LiOP,61,train
Li3PO4-013865,Li3PO4,LiOP,61,train
Li3PO4-013198,Li3PO4,LiOP,61,train
ZrO2-000140,ZrO2,OZr,96,train
Li3PO4-006795,Li3PO4,LiOP,32,train
Li3PO4-008058,Li3PO4,LiOP,31,train
Li3PO4-007472,Li3PO4,LiOP,32,train
Li3PO4-009269,Li3PO4,LiOP,31,train
Li3PO4-004369,Li3PO4,LiOP,32,train
Li3PO4-007940,Li3PO4,LiOP,32,train
ZrO2-002496,ZrO2,OZr,95,train
ZrO2-005903,ZrO2,OZr,95,train
ZrO2-008309,ZrO2,OZr,48,train
Li3PO4-005945,Li3PO4,LiOP,32,train
ZrO2-004247,ZrO2,OZr,47,train
Li3PO4-008258,Li3PO4,LiOP,31,train
Li3PO4-012365,Li3PO4,LiOP,31,train
ZrO2-003599,ZrO2,OZr,47,train
Li3PO4-009761,Li3PO4,LiOP,31,train
Li3PO4-004152,Li3PO4,LiOP,32,train
Li3PO4-001326,Li3PO4,LiOP,32,train
Li3PO4-005400,Li3PO4,LiOP,32,train
ZrO2-002912,ZrO2,OZr,95,train
Li3PO4-013591,Li3PO4,LiOP,61,train
Li3PO4-008245,Li3PO4,LiOP,31,train
Li3PO4-009579,Li3PO4,LiOP,31,train
Li3PO4-007280,Li3PO4,LiOP,32,train
Li3PO4-001061,Li3PO4,LiOP,32,train
ZrO2-000897,ZrO2,OZr,96,train
ZrO2-005634,ZrO2,OZr,95,train
perovskite-000992,perovskite,BaCaHfOPbSrTiZr,20,train
Li3PO4-001946,Li3PO4,LiOP,32,train
Li3PO4-004544,Li3PO4,LiOP,32,train
Li3PO4-004822,Li3PO4,LiOP,32,train
Li3PO4-011294,Li3PO4,LiOP,31,train
Li3PO4-011992,Li3PO4,LiOP,31,train
Li3PO4-004303,Li3PO4,LiOP,32,train
ZrO2-006142,ZrO2,OZr,95,train
Li3PO4-009791,Li3PO4,LiOP,31,train
Li3PO4-006522,Li3PO4,LiOP,32,train
Li3PO4-009650,Li3PO4,LiOP,31,train
Li3PO4-016093,Li3PO4,LiOP,61,train
ZrO2-002341,ZrO2,OZr,95,train
ZrO2-004616,ZrO2,OZr,47,train
Li3PO4-005340,Li3PO4,LiOP,32,train
Li3PO4-016921,Li3PO4,LiOP,61,train
Li3PO4-001534,Li3PO4,LiOP,32,train
Li3PO4-007657,Li3PO4,LiOP,32,train
ZrO2-007687,ZrO2,OZr,95,train
ZrO2-002927,ZrO2,OZr,95,train
Li3PO4-004748,Li3PO4,LiOP,32,train
Li3PO4-002944,Li3PO4,LiOP,32,train
Li3PO4-002803,Li3PO4,LiOP,32,train
Li3PO4-017508,Li3PO4,LiOP,61,train
Li3PO4-009135,Li3PO4,LiOP,31,train
Li3PO4-002175,Li3PO4,LiOP,32,train
ZrO2-009089,ZrO2,OZr,48,train
Li3PO4-015783,Li3PO4,LiOP,61,train
Li3PO4-010809,Li3PO4,LiOP,31,train
Li3PO4-001877,Li3PO4,LiOP,32,train
ZrO2-003097,ZrO2,OZr,95,train
ZrO2-001937,ZrO2,OZr,96,train
ZrO2-001406,ZrO2,OZr,96,train
Li3PO4-015585,Li3PO4,LiOP,61,train
ZrO2-001950,ZrO2,OZr,96,train
ZrO2-001341,ZrO2,OZr,96,train
Li3PO4-014852,Li3PO4,LiOP,61,train
Li3PO4-006260,Li3PO4,LiOP,32,train
Li3PO4-016885,Li3PO4,LiOP,61,train
Li3PO4-015536,Li3PO4,LiOP,61,train
Li3PO4-005673,Li3PO4,LiOP,32,train
ZrO2-001890,ZrO2,OZr,96,train
ZrO2-009609,ZrO2,OZr,48,train
Li3PO4-015197,Li3PO4,LiOP,61,train
Li3PO4-007785,Li3PO4,LiOP,32,train
Li3PO4-002593,Li3PO4,LiOP,32,train
Li3PO4-010674,Li3PO4,LiOP,31,train
ZrO2-001236,ZrO2,OZr,96,train
Li3PO4-003587,Li3PO4,LiOP,32,train
Li3PO4-000483,Li3PO4,LiOP,32,train
Li3PO4-015306,Li3PO4,LiOP,61,train
ZrO2-006868,ZrO2,OZr,95,train
Li3PO4-006414,Li3PO4,LiOP,32,train
Li3PO4-008848,Li3PO4,LiOP,31,train
ZrO2-006574,ZrO2,OZr,95,train
ZrO2-007773,ZrO2,OZr,95,train
Li3PO4-001559,Li3PO4,LiOP,32,train
Li3PO4-014465,Li3PO4,LiOP,61,train
ZrO2-006552,ZrO2,OZr,95,train
Li3PO4-002874,Li3PO4,LiOP,32,train
Li3PO4-006647,Li3PO4,LiOP,32,train
Li3PO4-004162,Li3PO4,LiOP,32,train
Li3PO4-017571,Li3PO4,LiOP,61,train
ZrO2-001916,ZrO2,OZr,96,train
Li3PO4-001145,Li3PO4,LiOP,32,train
ZrO2-004114,ZrO2,OZr,47,train
Li3PO4-010877,Li3PO4,LiOP,31,train
Li3PO4-005604,Li3PO4,LiOP,32,train
ZrO2-005894,ZrO2,OZr,95,train
ZrO2-005713,ZrO2,OZr,95,train
Li3PO4-005083,Li3PO4,LiOP,32,train
Li3PO4-006124,Li3PO4,LiOP,32,train
ZrO2-002694,ZrO2,OZr,95,train
ZrO2-004305,ZrO2,OZr,47,train
ZrO2-004174,ZrO2,OZr,47,train
Li3PO4-000033,Li3PO4,LiOP,32,train
Li3PO4-003053,Li3PO4,LiOP,32,train
Li3PO4-005958,Li3PO4,LiOP,32,train
Li3PO4-015799,Li3PO4,LiOP,61,train
ZrO2-009516,ZrO2,OZr,48,train
Li3PO4-009903,Li3PO4,LiOP,31,train
Li3PO4-005494,Li3PO4,LiOP,32,train
ZrO2-007096,ZrO2,OZr,95,train
Li3PO4-004372,Li3PO4,LiOP,32,train
ZrO2-009888,ZrO2,OZr,48,train
ZrO2-004045,ZrO2,OZr,47,train
ZrO2-000637,ZrO2,OZr,96,train
ZrO2-009667,ZrO2,OZr,48,train
Li3PO4-017805,Li3PO4,LiOP,61,train
Li3PO4-006161,Li3PO4,LiOP,32,train
ZrO2-008001,ZrO2,OZr,95,train
perovskite-000001,perovskite,CaOPbZr,20,train
ZrO2-001482,ZrO2,OZr,96,train
Li3PO4-009760,Li3PO4,LiOP,31,train
Li3PO4-002000,Li3PO4,LiOP,32,train
Li3PO4-010382,Li3PO4,LiOP,31,train
ZrO2-009467,ZrO2,OZr,48,train
ZrO2-007972,ZrO2,OZr,95,train
ZrO2-005733,ZrO2,OZr,95,train
ZrO2-000931,ZrO2,OZr,96,train
Li3PO4-011571,Li3PO4,LiOP,31,train
ZrO2-002787,ZrO2,OZr,95,train
Li3PO4-016433,Li3PO4,LiOP,61,train
perovskite-000534,perovskite,BaCaHfOSrTiZr,20,train
Li3PO4-000635,Li3PO4,LiOP,32,train
ZrO2-004599,ZrO2,OZr,47,train
Li3PO4-005642,Li3PO4,LiOP,32,train
Li3PO4-000548,Li3PO4,LiOP,32,train
Li3PO4-001025,Li3PO4,LiOP,32,train
Li3PO4-003996,Li3PO4,LiOP,32,train
Li3PO4-013380,Li3PO4,LiOP,61,train
Li3PO4-014955,Li3PO4,LiOP,61,train
Li3PO4-012817,Li3PO4,LiOP,31,train
ZrO2-007459,ZrO2,OZr,95,train
ZrO2-008519,ZrO2,OZr,48,train
Li3PO4-002933,Li3PO4,LiOP,32,train
Li3PO4-003797,Li3PO4,LiOP,32,train
ZrO2-007864,ZrO2,OZr,95,train
Li3PO4-005235,Li3PO4,LiOP,32,train
ZrO2-005240,ZrO2,OZr,47,train
Li3PO4-014672,Li3PO4,LiOP,61,train
Li3PO4-006973,Li3PO4,LiOP,32,train
ZrO2-006883,ZrO2,OZr,95,train
Li3PO4-003577,Li3PO4,LiOP,32,train
ZrO2-000686,ZrO2,OZr,96,train
Li3PO4-013644,Li3PO4,LiOP,61,train
Li3PO4-011213,Li3PO4,LiOP,31,train
Li3PO4-006190,Li3PO4,LiOP,32,train
Li3PO4-012350,Li3PO4,LiOP,31,train
Li3PO4-011989,Li3PO4,LiOP,31,train
Li3PO4-017605,Li3PO4,LiOP,61,train
ZrO2-000093,ZrO2,OZr,96,train
ZrO2-003144,ZrO2,OZr,95,train
ZrO2-007089,ZrO2,OZr,95,train
Li3PO4-008887,Li3PO4,LiOP,31,train
Li3PO4-010950,Li3PO4,LiOP,31,train
Li3PO4-002527,Li3PO4,LiOP,32,train
ZrO2-004856,ZrO2,OZr,47,train
Li3PO4-014870,Li3PO4,LiOP,61,train
ZrO2-001377,ZrO2,OZr,96,train
ZrO2-005344,ZrO2,OZr,47,train
Li3PO4-007230,Li3PO4,LiOP,32,train
Li3PO4-016832,Li3PO4,LiOP,61,train
Li3PO4-001419,Li3PO4,LiOP,32,train
Li3PO4-008662,Li3PO4,LiOP,31,train
Li3PO4-001949,Li3PO4,LiOP,32,train
ZrO2-006771,ZrO2,OZr,95,train
ZrO2-007918,ZrO2,OZr,95,train
ZrO2-002544,ZrO2,OZr,95,train
ZrO2-003853,ZrO2,OZr,47,train
Li3PO4-016532,Li3PO4,LiOP,61,train
ZrO2-008375,ZrO2,OZr,48,train
ZrO2-003407,ZrO2,OZr,95,train
Li3PO4-017837,Li3PO4,LiOP,61,train
perovskite-000240,perovskite,CaHfOTi,20,train
Li3PO4-004726,Li3PO4,LiOP,32,train
Li3PO4-004097,Li3PO4,LiOP,32,train
Li3PO4-015613,Li3PO4,LiOP,61,train
Li3PO4-011155,Li3PO4,LiOP,31,train
Li3PO4-012281,Li3PO4,LiOP,31,train
Li3PO4-000134,Li3PO4,LiOP,32,train
ZrO2-006241,ZrO2,OZr,95,train
ZrO2-000643,ZrO2,OZr,96,train
Li3PO4-013526,Li3PO4,LiOP,61,train
Li3PO4-007625,Li3PO4,LiOP,32,train
ZrO2-001297,ZrO2,OZr,96,train
Li3PO4-012482,Li3PO4,LiOP,31,train
ZrO2-000596,ZrO2,OZr,96,train
ZrO2-001186,ZrO2,OZr,96,train
ZrO2-007019,ZrO2,OZr,95,train
ZrO2-005413,ZrO2,OZr,47,train
Li3PO4-010244,Li3PO4,LiOP,31,train
Li3PO4-005249,Li3PO4,LiOP,32,train
ZrO2-003341,ZrO2,OZr,95,train
Li3PO4-003590,Li3PO4,LiOP,32,train
Li3PO4-002602,Li3PO4,LiOP,32,train
Li3PO4-015296,Li3PO4,LiOP,61,train
ZrO2-005167,ZrO2,OZr,47,train
ZrO2-000894,ZrO2,OZr,96,train
ZrO2-008826,ZrO2,OZr,48,train
ZrO2-002555,ZrO2,OZr,95,train
Li3PO4-015965,Li3PO4,LiOP,61,train
ZrO2-003737,ZrO2,OZr,47,train
ZrO2-001585,ZrO2,OZr,96,train
perovskite-000498,perovskite,CaHfOSrTi,20,train
Li3PO4-000118,Li3PO4,LiOP,32,train
perovskite-000918,perovskite,CaHfOPbSrTiZr,20,train
Li3PO4-002063,Li3PO4,LiOP,32,train
Li3PO4-001937,Li3PO4,LiOP,32,train
ZrO2-003060,ZrO2,OZr,95,train
Li3PO4-012877,Li3PO4,LiOP,31,train
perovskite-000228,perovskite,CaHfOTi,20,train
Li3PO4-014711,Li3PO4,LiOP,61,train
Li3PO4-014431,Li3PO4,LiOP,61,train
ZrO2-001517,ZrO2,OZr,96,train
Li3PO4-002002,Li3PO4,LiOP,32,train
Li3PO4-000376,Li3PO4,LiOP,32,train
Li3PO4-003021,Li3PO4,LiOP,32,train
ZrO2-008047,ZrO2,OZr,95,train
Li3PO4-016334,Li3PO4,LiOP,61,train
ZrO2-009889,ZrO2,OZr,48,train
ZrO2-004777,ZrO2,OZr,47,train
ZrO2-003673,ZrO2,OZr,47,train
ZrO2-004359,ZrO2,OZr,47,train
Li3PO4-007422,Li3PO4,LiOP,32,train
ZrO2-006643,ZrO2,OZr,95,train
Li3PO4-011036,Li3PO4,LiOP,31,train
perovskite-001128,perovskite,BaCaHfOPbSrTiZr,20,train
Li3PO4-012268,Li3PO4,LiOP,31,train
ZrO2-009176,ZrO2,OZr,48,train
ZrO2-000343,ZrO2,OZr,96,train
ZrO2-009074,ZrO2,OZr,48,train
ZrO2-000482,ZrO2,OZr,96,train
ZrO2-001929,ZrO2,OZr,96,train
ZrO2-009140,ZrO2,OZr,48,train
Li3PO4-000196,Li3PO4,LiOP,32,train
ZrO2-006075,ZrO2,OZr,95,train
Li3PO4-013448,Li3PO4,LiOP,61,train
Li3PO4-017421,Li3PO4,LiOP,61,train
ZrO2-005016,ZrO2,OZr,47,train
ZrO2-008600,ZrO2,OZr,48,train
ZrO2-001701,ZrO2,OZr,96,train
ZrO2-009266,ZrO2,OZr,48,train
Li3PO4-017630,Li3PO4,LiOP,61,train
Li3PO4-001117,Li3PO4,LiOP,32,train
ZrO2-001497,ZrO2,OZr,96,train
ZrO2-006285,ZrO2,OZr,95,train
Li3PO4-014318,Li3PO4,LiOP,61,train
Li3PO4-011908,Li3PO4,LiOP,31,train
Li3PO4-014490,Li3PO4,LiOP,61,train
Li3PO4-002472,Li3PO4,LiOP,32,train
Li3PO4-003827,Li3PO4,LiOP,32,train
Li3PO4-012903,Li3PO4,LiOP,31,train
Li3PO4-003456,Li3PO4,LiOP,32,train
Li3PO4-005017,Li3PO4,LiOP,32,train
ZrO2-009608,ZrO2,OZr,48,train
Li3PO4-004422,Li3PO4,LiOP,32,train
ZrO2-007829,ZrO2,OZr,95,train
ZrO2-000281,ZrO2,OZr,96,train
ZrO2-004830,ZrO2,OZr,47,train
Li3PO4-012776,Li3PO4,LiOP,31,train
ZrO2-003001,ZrO2,OZr,95,train
Li3PO4-007607,Li3PO4,LiOP,32,train
Li3PO4-016340,Li3PO4,LiOP,61,train
Li3PO4-016088,Li3PO4,LiOP,61,train
ZrO2-005544,ZrO2,OZr,47,train
ZrO2-001975,ZrO2,OZr,96,train
Li3PO4-016304,Li3PO4,LiOP,61,train
ZrO2-005225,ZrO2,OZr,47,train
ZrO2-006727,ZrO2,OZr,95,train
Li3PO4-003299,Li3PO4,LiOP,32,train
Li3PO4-017588,Li3PO4,LiOP,61,train
Li3PO4-004477,Li3PO4,LiOP,32,train
Li3PO4-007701,Li3PO4,LiOP,32,train
ZrO2-003211,ZrO2,OZr,95,train
Li3PO4-000030,Li3PO4,LiOP,32,train
Li3PO4-017435,Li3PO4,LiOP,61,train
Li3PO4-002341,Li3PO4,LiOP,32,train
Li3PO4-003318,Li3PO4,LiOP,32,train
Li3PO4-004379,Li3PO4,LiOP,32,train
Li3PO4-009544,Li3PO4,LiOP,31,train
Li3PO4-007118,Li3PO4,LiOP,32,train
Li3PO4-009702,Li3PO4,LiOP,31,train
ZrO2-002551,ZrO2,OZr,95,train
Li3PO4-009055,Li3PO4,LiOP,31,train
Li3PO4-005047,Li3PO4,LiOP,32,train
ZrO2-004372,ZrO2,OZr,47,train
Li3PO4-016504,Li3PO4,LiOP,61,train
ZrO2-008073,ZrO2,OZr,95,train
Li3PO4-017625,Li3PO4,LiOP,61,train
ZrO2-002950,ZrO2,OZr,95,train
Li3PO4-012276,Li3PO4,LiOP,31,train
ZrO2-007513,ZrO2,OZr,95,train
ZrO2-007992,ZrO2,OZr,95,train
Li3PO4-014421,Li3PO4,LiOP,61,train
Li3PO4-004254,Li3PO4,LiOP,32,train
ZrO2-008919,ZrO2,OZr,48,train
Li3PO4-016481,Li3PO4,LiOP,61,train
ZrO2-007319,ZrO2,OZr,95,train
Li3PO4-014901,Li3PO4,LiOP,61,train
perovskite-000983,perovskite,BaCaHfOPbSrTiZr,20,train
ZrO2-006809,ZrO2,OZr,95,train
ZrO2-004256,ZrO2,OZr,47,train
Li3PO4-014676,Li3PO4,LiOP,61,train
Li3PO4-003567,Li3PO4,LiOP,32,train
Li3PO4-009854,Li3PO4,LiOP,31,train
Li3PO4-012190,Li3PO4,LiOP,31,train
Li3PO4-008719,Li3PO4,LiOP,31,train
ZrO2-009262,ZrO2,OZr,48,train
ZrO2-003433,ZrO2,OZr,95,train
ZrO2-005190,ZrO2,OZr,47,train
Li3PO4-004059,Li3PO4,LiOP,32,train
ZrO2-001926,ZrO2,OZr,96,train
Li3PO4-011906,Li3PO4,LiOP,31,train
Li3PO4-017924,Li3PO4,LiOP,61,train
Li3PO4-009870,Li3PO4,LiOP,31,train
Li3PO4-004534,Li3PO4,LiOP,32,train
ZrO2-008041,ZrO2,OZr,95,train
ZrO2-004745,ZrO2,OZr,47,train
Li3PO4-003671,Li3PO4,LiOP,32,train
Li3PO4-000564,Li3PO4,LiOP,32,train
Li3PO4-007996,Li3PO4,LiOP,32,train
Li3PO4-004127,Li3PO4,LiOP,32,train
Li3PO4-006397,Li3PO4,LiOP,32,train
Li3PO4-017213,Li3PO4,LiOP,61,train
ZrO2-000167,ZrO2,OZr,96,train
Li3PO4-012241,Li3PO4,LiOP,31,train
ZrO2-006213,ZrO2,OZr,95,train
Li3PO4-011718,Li3PO4,LiOP,31,train
ZrO2-007578,ZrO2,OZr,95,train
Li3PO4-014832,Li3PO4,LiOP,61,train
perovskite-000371,perovskite,BaCaHfOTi,20,train
ZrO2-004922,ZrO2,OZr,47,train
Li3PO4-012228,Li3PO4,LiOP,31,train
ZrO2-008551,ZrO2,OZr,48,train
Li3PO4-006469,Li3PO4,LiOP,32,train
Li3PO4-011053,Li3PO4,LiOP,31,train
Li3PO4-007313,Li3PO4,LiOP,32,train
Li3PO4-013921,Li3PO4,LiOP,61,train
ZrO2-000988,ZrO2,OZr,96,train
ZrO2-004379,ZrO2,OZr,47,train
ZrO2-007657,ZrO2,OZr,95,train
ZrO2-004193,ZrO2,OZr,47,train
ZrO2-003714,ZrO2,OZr,47,train
Li3PO4-002107,Li3PO4,LiOP,32,train
Li3PO4-008681,Li3PO4,LiOP,31,train
ZrO2-001934,ZrO2,OZr,96,train
Li3PO4-009324,Li3PO4,LiOP,31,train
ZrO2-007934,ZrO2,OZr,95,train
perovskite-000463,perovskite,BaCaOPbTiZr,20,train
Li3PO4-006811,Li3PO4,LiOP,32,train
Li3PO4-011681,Li3PO4,LiOP,31,train
perovskite-000615,perovskite,CaHfOPbSrTi,20,train
ZrO2-005156,ZrO2,OZr,47,train
Li3PO4-008886,Li3PO4,LiOP,31,train
Li3PO4-005435,Li3PO4,LiOP,32,train
ZrO2-010074,ZrO2,OZr,48,train
Li3PO4-001668,Li3PO4,LiOP,32,train
ZrO2-006957,ZrO2,OZr,95,train
Li3PO4-006392,Li3PO4,LiOP,32,train
Li3PO4-002184,Li3PO4,LiOP,32,train
Li3PO4-005247,Li3PO4,LiOP,32,train
ZrO2-001492,ZrO2,OZr,96,train
Li3PO4-012161,Li3PO4,LiOP,31,train
Li3PO4-012628,Li3PO4,LiOP,31,train
Li3PO4-015531,Li3PO4,LiOP,61,train
Li3PO4-008854,Li3PO4,LiOP,31,train
Li3PO4-016422,Li3PO4,LiOP,61,train
ZrO2-008779,ZrO2,OZr,48,train
Li3PO4-002312,Li3PO4,LiOP,32,train
Li3PO4-011682,Li3PO4,LiOP,31,train
ZrO2-006165,ZrO2,OZr,95,train
Li3PO4-006951,Li3PO4,LiOP,32,train
Li3PO4-009718,Li3PO4,LiOP,31,train
Li3PO4-003029,Li3PO4,LiOP,32,train
Li3PO4-014450,Li3PO4,LiOP,61,train
ZrO2-006545,ZrO2,OZr,95,train
ZrO2-004997,ZrO2,OZr,47,train
Li3PO4-011592,Li3PO4,LiOP,31,train
Li3PO4-013678,Li3PO4,LiOP,61,train
Li3PO4-010051,Li3PO4,LiOP,31,train
Li3PO4-015563,Li3PO4,LiOP,61,train
ZrO2-005813,ZrO2,OZr,95,train
Li3PO4-004147,Li3PO4,LiOP,32,train
Li3PO4-000319,Li3PO4,LiOP,32,train
Li3PO4-004570,Li3PO4,LiOP,32,train
ZrO2-009346,ZrO2,OZr,48,train
Li3PO4-004184,Li3PO4,LiOP,32,train
Li3PO4-010901,Li3PO4,LiOP,31,train
Li3PO4-012173,Li3PO4,LiOP,31,train
Li3PO4-011152,Li3PO4,LiOP,31,train
ZrO2-005134,ZrO2,OZr,47,train
Li3PO4-017326,Li3PO4,LiOP,61,train
Li3PO4-009049,Li3PO4,LiOP,31,train
ZrO2-005467,ZrO2,OZr,47,train
Li3PO4-017546,Li3PO4,LiOP,61,train
Li3PO4-004554,Li3PO4,LiOP,32,train
perovskite-001030,perovskite,BaCaHfOPbTiZr,20,train
ZrO2-007940,ZrO2,OZr,95,train
Li3PO4-007277,Li3PO4,LiOP,32,train
ZrO2-008264,ZrO2,OZr,48,train
ZrO2-000353,ZrO2,OZr,96,train
Li3PO4-004532,Li3PO4,LiOP,32,train
ZrO2-008723,ZrO2,OZr,48,train
ZrO2-002569,ZrO2,OZr,95,train
Li3PO4-013760,Li3PO4,LiOP,61,train
Li3PO4-009384,Li3PO4,LiOP,31,train
Li3PO4-016557,Li3PO4,LiOP,61,train
Li3PO4-006224,Li3PO4,LiOP,32,train
Li3PO4-015195,Li3PO4,LiOP,61,train
Li3PO4-010788,Li3PO4,LiOP,31,train
ZrO2-001693,ZrO2,OZr,96,train
ZrO2-004362,ZrO2,OZr,47,train
Li3PO4-003278,Li3PO4,LiOP,32,train
ZrO2-005102,ZrO2,OZr,47,train
Li3PO4-013803,Li3PO4,LiOP,61,train
ZrO2-000291,ZrO2,OZr,96,train
Li3PO4-009369,Li3PO4,LiOP,31,train
ZrO2-001147,ZrO2,OZr,96,train
ZrO2-002208,ZrO2,OZr,95,train
Li3PO4-007320,Li3PO4,LiOP,32,train
Li3PO4-009536,Li3PO4,LiOP,31,train
ZrO2-003015,ZrO2,OZr,95,train
Li3PO4-008446,Li3PO4,LiOP,31,train
ZrO2-000166,ZrO2,OZr,96,train
perovskite-000893,perovskite,CaOPbSrTiZr,20,train
Li3PO4-006547,Li3PO4,LiOP,32,train
Li3PO4-014961,Li3PO4,LiOP,61,train
Li3PO4-002710,Li3PO4,LiOP,32,train
Li3PO4-017301,Li3PO4,LiOP,61,train
Li3PO4-003860,Li3PO4,LiOP,32,train
ZrO2-001709,ZrO2,OZr,96,train
Li3PO4-016052,Li3PO4,LiOP,61,train
ZrO2-009713,ZrO2,OZr,48,train
Li3PO4-015686,Li3PO4,LiOP,61,train
Li3PO4-016794,Li3PO4,LiOP,61,train
perovskite-001129,perovskite,BaCaHfOPbSrZr,20,train
perovskite-000731,perovskite,CaHfOPbTiZr,20,train
ZrO2-009886,ZrO2,OZr,48,train
ZrO2-001860,ZrO2,OZr,96,train
ZrO2-006073,ZrO2,OZr,95,train
ZrO2-003364,ZrO2,OZr,95,train
Li3PO4-001169,Li3PO4,LiOP,32,train
ZrO2-001571,ZrO2,OZr,96,train
ZrO2-006377,ZrO2,OZr,95,train
perovskite-000798,perovskite,CaHfOPbSrTiZr,20,train
Li3PO4-005791,Li3PO4,LiOP,32,train
Li3PO4-012381,Li3PO4,LiOP,31,train
Li3PO4-007301,Li3PO4,LiOP,32,train
perovskite-000178,perovskite,CaHfOSr,20,train
Li3PO4-000142,Li3PO4,LiOP,32,train
Li3PO4-006231,Li3PO4,LiOP,32,train
Li3PO4-002471,Li3PO4,LiOP,32,train
ZrO2-008606,ZrO2,OZr,48,train
Li3PO4-005847,Li3PO4,LiOP,32,train
Li3PO4-014979,Li3PO4,LiOP,61,train
perovskite-000198,perovskite,HfOPbSr,20,train
Li3PO4-003316,Li3PO4,LiOP,32,train
Li3PO4-005605,Li3PO4,LiOP,32,train
Li3PO4-008396,Li3PO4,LiOP,31,train
Li3PO4-001613,Li3PO4,LiOP,32,train
Li3PO4-011668,Li3PO4,LiOP,31,train
Li3PO4-004941,Li3PO4,LiOP,32,train
Li3PO4-000445,Li3PO4,LiOP,32,train
Li3PO4-015532,Li3PO4,LiOP,61,train
Li3PO4-011007,Li3PO4,LiOP,31,train
Li3PO4-006197,Li3PO4,LiOP,32,train
Li3PO4-001950,Li3PO4,LiOP,32,train
Li3PO4-017536,Li3PO4,LiOP,61,train
Li3PO4-003776,Li3PO4,LiOP,32,train
ZrO2-006309,ZrO2,OZr,95,train
Li3PO4-010879,Li3PO4,LiOP,31,train
Li3PO4-004528,Li3PO4,LiOP,32,train
perovskite-000066,perovskite,BaOPbZr,20,train
ZrO2-003488,ZrO2,OZr,95,train
Li3PO4-010271,Li3PO4,LiOP,31,train
Li3PO4-000125,Li3PO4,LiOP,32,train
Li3PO4-004362,Li3PO4,LiOP,32,train
Li3PO4-014950,Li3PO4,LiOP,61,train
ZrO2-003809,ZrO2,OZr,47,train
ZrO2-005691,ZrO2,OZr,95,train
ZrO2-001348,ZrO2,OZr,96,train
Li3PO4-012933,Li3PO4,LiOP,31,train
Li3PO4-008898,Li3PO4,LiOP,31,train
Li3PO4-005679,Li3PO4,LiOP,32,train
Li3PO4-015354,Li3PO4,LiOP,61,train
ZrO2-004998,ZrO2,OZr,47,train
perovskite-000787,perovskite,CaOPbSrTiZr,20,train
ZrO2-002108,ZrO2,OZr,95,train
Li3PO4-017446,Li3PO4,LiOP,61,train
ZrO2-004784,ZrO2,OZr,47,train
ZrO2-007110,ZrO2,OZr,95,train
Li3PO4-005328,Li3PO4,LiOP,32,train
Li3PO4-013278,Li3PO4,LiOP,61,train
Li3PO4-002121,Li3PO4,LiOP,32,train
Li3PO4-013587,Li3PO4,LiOP,61,train
perovskite-001191,perovskite,CaHfOSrTi,20,train
Li3PO4-001151,Li3PO4,LiOP,32,train
perovskite-000515,perovskite,BaCaHfOSrTiZr,20,train
Li3PO4-005535,Li3PO4,LiOP,32,train
ZrO2-003252,ZrO2,OZr,95,train
Li3PO4-010108,Li3PO4,LiOP,31,train
ZrO2-009008,ZrO2,OZr,48,train
Li3PO4-011215,Li3PO4,LiOP,31,train
Li3PO4-006090,Li3PO4,LiOP,32,train
Li3PO4-011803,Li3PO4,LiOP,31,train
Li3PO4-003295,Li3PO4,LiOP,32,train
Li3PO4-007655,Li3PO4,LiOP,32,train
Li3PO4-006571,Li3PO4,LiOP,32,train
ZrO2-004967,ZrO2,OZr,47,train
Li3PO4-002848,Li3PO4,LiOP,32,train
ZrO2-006013,ZrO2,OZr,95,train
ZrO2-004529,ZrO2,OZr,47,train
ZrO2-000844,ZrO2,OZr,96,train
Li3PO4-015888,Li3PO4,LiOP,61,train
ZrO2-007012,ZrO2,OZr,95,train
Li3PO4-004925,Li3PO4,LiOP,32,train
Li3PO4-004578,Li3PO4,LiOP,32,train
Li3PO4-010578,Li3PO4,LiOP,31,train
ZrO2-000238,ZrO2,OZr,96,train
Li3PO4-003880,Li3PO4,LiOP,32,train
Li3PO4-006928,Li3PO4,LiOP,32,train
ZrO2-003352,ZrO2,OZr,95,train
ZrO2-008632,ZrO2,OZr,48,train
Li3PO4-012732,Li3PO4,LiOP,31,train
ZrO2-006125,ZrO2,OZr,95,train
Li3PO4-009680,Li3PO4,LiOP,31,train
ZrO2-003594,ZrO2,OZr,47,train
Li3PO4-014044,Li3PO4,LiOP,61,train
perovskite-000220,perovskite,BaHfOSr,20,train
Li3PO4-001305,Li3PO4,LiOP,32,train
Li3PO4-008610,Li3PO4,LiOP,31,train
Li3PO4-014726,Li3PO4,LiOP,61,train
Li3PO4-007533,Li3PO4,LiOP,32,train
ZrO2-003024,ZrO2,OZr,95,train
Li3PO4-007105,Li3PO4,LiOP,32,train
Li3PO4-006115,Li3PO4,LiOP,32,train
ZrO2-005263,ZrO2,OZr,47,train
ZrO2-005812,ZrO2,OZr,95,train
ZrO2-008232,ZrO2,OZr,48,train
Li3PO4-001106,Li3PO4,LiOP,32,train
ZrO2-004426,ZrO2,OZr,47,train
Li3PO4-006305,Li3PO4,LiOP,32,train
Li3PO4-013609,Li3PO4,LiOP,61,train
Li3PO4-016793,Li3PO4,LiOP,61,train
Li3PO4-011817,Li3PO4,LiOP,31,train
ZrO2-001657,ZrO2,OZr,96,train
Li3PO4-006734,Li3PO4,LiOP,32,train
Li3PO4-011300,Li3PO4,LiOP,31,train
perovskite-000901,perovskite,CaOPbSrTiZr,20,train
Li3PO4-007654,Li3PO4,LiOP,32,train
ZrO2-005940,ZrO2,OZr,95,train
Li3PO4-007353,Li3PO4,LiOP,32,train
Li3PO4-000267,Li3PO4,LiOP,32,train
ZrO2-000957,ZrO2,OZr,96,train
ZrO2-007264,ZrO2,OZr,95,train
ZrO2-008489,ZrO2,OZr,48,train
Li3PO4-007042,Li3PO4,LiOP,32,train
ZrO2-006995,ZrO2,OZr,95,train
Li3PO4-017386,Li3PO4,LiOP,61,train
Li3PO4-013914,Li3PO4,LiOP,61,train
ZrO2-005548,ZrO2,OZr,47,train
Li3PO4-013881,Li3PO4,LiOP,61,train
Li3PO4-003109,Li3PO4,LiOP,32,train
Li3PO4-003351,Li3PO4,LiOP,32,train
Li3PO4-000113,Li3PO4,LiOP,32,train
Li3PO4-012220,Li3PO4,LiOP,31,train
Li3PO4-004845,Li3PO4,LiOP,32,train
Li3PO4-014792,Li3PO4,LiOP,61,train
ZrO2-006033,ZrO2,OZr,95,train
ZrO2-001356,ZrO2,OZr,96,train
ZrO2-006742,ZrO2,OZr,95,train
Li3PO4-014700,Li3PO4,LiOP,61,train
ZrO2-000932,ZrO2,OZr,96,train
ZrO2-003116,ZrO2,OZr,95,train
ZrO2-008338,ZrO2,OZr,48,train
Li3PO4-017786,Li3PO4,LiOP,61,train
Li3PO4-012372,Li3PO4,LiOP,31,train
Li3PO4-002416,Li3PO4,LiOP,32,train
perovskite-001073,perovskite,BaCaHfOPbTiZr,20,train
Li3PO4-010311,Li3PO4,LiOP,31,train
Li3PO4-005738,Li3PO4,LiOP,32,train
ZrO2-003306,ZrO2,OZr,95,train
ZrO2-001935,ZrO2,OZr,96,train
Li3PO4-013687,Li3PO4,LiOP,61,train
ZrO2-001763,ZrO2,OZr,96,train
Li3PO4-009965,Li3PO4,LiOP,31,train
ZrO2-000658,ZrO2,OZr,96,train
Li3PO4-010071,Li3PO4,LiOP,31,train
Li3PO4-006997,Li3PO4,LiOP,32,train
Li3PO4-008353,Li3PO4,LiOP,31,train
Li3PO4-008591,Li3PO4,LiOP,31,train
ZrO2-004750,ZrO2,OZr,47,train
ZrO2-002505,ZrO2,OZr,95,train
perovskite-000490,perovskite,CaOSrTiZr,20,train
Li3PO4-010765,Li3PO4,LiOP,31,train
perovskite-001181,perovskite,BaCaHfOPbTi,20,train
ZrO2-000151,ZrO2,OZr,96,train
ZrO2-003790,ZrO2,OZr,47,train
Li3PO4-004907,Li3PO4,LiOP,32,train
Li3PO4-005683,Li3PO4,LiOP,32,train
ZrO2-003534,ZrO2,OZr,95,train
ZrO2-009080,ZrO2,OZr,48,train
Li3PO4-013050,Li3PO4,LiOP,61,train
ZrO2-004816,ZrO2,OZr,47,train
ZrO2-001617,ZrO2,OZr,96,train
ZrO2-002956,ZrO2,OZr,95,train
Li3PO4-007318,Li3PO4,LiOP,32,train
ZrO2-002862,ZrO2,OZr,95,train
Li3PO4-015292,Li3PO4,LiOP,61,train
ZrO2-001663,ZrO2,OZr,96,train
ZrO2-007652,ZrO2,OZr,95,train
Li3PO4-009596,Li3PO4,LiOP,31,train
Li3PO4-000944,Li3PO4,LiOP,32,train
ZrO2-005447,ZrO2,OZr,47,train
Li3PO4-003670,Li3PO4,LiOP,32,train
ZrO2-007987,ZrO2,OZr,95,train
Li3PO4-006423,Li3PO4,LiOP,32,train
Li3PO4-014859,Li3PO4,LiOP,61,train
Li3PO4-001254,Li3PO4,LiOP,32,train
Li3PO4-007696,Li3PO4,LiOP,32,train
Li3PO4-017208,Li3PO4,LiOP,61,train
ZrO2-004378,ZrO2,OZr,47,train
Li3PO4-017794,Li3PO4,LiOP,61,train
Li3PO4-002594,Li3PO4,LiOP,32,train
ZrO2-004506,ZrO2,OZr,47,train
Li3PO4-003418,Li3PO4,LiOP,32,train
ZrO2-004072,ZrO2,OZr,47,train
Li3PO4-013065,Li3PO4,LiOP,61,train
Li3PO4-001652,Li3PO4,LiOP,32,train
Li3PO4-007995,Li3PO4,LiOP,32,train
Li3PO4-014076,Li3PO4,LiOP,61,train
Li3PO4-012931,Li3PO4,LiOP,31,train
Li3PO4-006369,Li3PO4,LiOP,32,train
ZrO2-008947,ZrO2,OZr,48,train
Li3PO4-009591,Li3PO4,LiOP,31,train
ZrO2-008841,ZrO2,OZr,48,train
Li3PO4-000211,Li3PO4,LiOP,32,train
ZrO2-006445,ZrO2,OZr,95,train
ZrO2-005645,ZrO2,OZr,95,train
Li3PO4-012672,Li3PO4,LiOP,31,train
Li3PO4-017947,Li3PO4,LiOP,61,train
Li3PO4-001665,Li3PO4,LiOP,32,train
ZrO2-009248,ZrO2,OZr,48,train
ZrO2-008719,ZrO2,OZr,48,train
ZrO2-008419,ZrO2,OZr,48,train
Li3PO4-003565,Li3PO4,LiOP,32,train
Li3PO4-001334,Li3PO4,LiOP,32,train
Li3PO4-017587,Li3PO4,LiOP,61,train
ZrO2-005457,ZrO2,OZr,47,train
ZrO2-004204,ZrO2,OZr,47,train
ZrO2-007966,ZrO2,OZr,95,train
Li3PO4-010323,Li3PO4,LiOP,31,train
ZrO2-002562,ZrO2,OZr,95,train
Li3PO4-017716,Li3PO4,LiOP,61,train
ZrO2-000560,ZrO2,OZr,96,train
ZrO2-005892,ZrO2,OZr,95,train
Li3PO4-005551,Li3PO4,LiOP,32,train
ZrO2-003459,ZrO2,OZr,95,train
ZrO2-008822,ZrO2,OZr,48,train
Li3PO4-014661,Li3PO4,LiOP,61,train
ZrO2-000814,ZrO2,OZr,96,train
Li3PO4-009098,Li3PO4,LiOP,31,train
ZrO2-008057,ZrO2,OZr,95,train
Li3PO4-007954,Li3PO4,LiOP,32,train
Li3PO4-012394,Li3PO4,LiOP,31,train
Li3PO4-001108,Li3PO4,LiOP,32,train
Li3PO4-016210,Li3PO4,LiOP,61,train
ZrO2-006652,ZrO2,OZr,95,train
ZrO2-002116,ZrO2,OZr,95,train
Li3PO4-007710,Li3PO4,LiOP,32,train
Li3PO4-015283,Li3PO4,LiOP,61,train
ZrO2-004687,ZrO2,OZr,47,train
Li3PO4-015467,Li3PO4,LiOP,61,train
Li3PO4-013664,Li3PO4,LiOP,61,train
ZrO2-007290,ZrO2,OZr,95,train
ZrO2-000807,ZrO2,OZr,96,train
Li3PO4-010146,Li3PO4,LiOP,31,train
Li3PO4-005870,Li3PO4,LiOP,32,train
ZrO2-006011,ZrO2,OZr,95,train
Li3PO4-001428,Li3PO4,LiOP,32,train
Li3PO4-004000,Li3PO4,LiOP,32,train
Li3PO4-016822,Li3PO4,LiOP,61,train
Li3PO4-002656,Li3PO4,LiOP,32,train
perovskite-001079,perovskite,BaCaHfOPbTiZr,20,train
Li3PO4-007283,Li3PO4,LiOP,32,train
Li3PO4-004124,Li3PO4,LiOP,32,train
Li3PO4-014608,Li3PO4,LiOP,61,train
Li3PO4-006399,Li3PO4,LiOP,32,train
Li3PO4-012971,Li3PO4,LiOP,31,train
Li3PO4-006876,Li3PO4,LiOP,32,train
Li3PO4-008318,Li3PO4,LiOP,31,train
ZrO2-004425,ZrO2,OZr,47,train
Li3PO4-003973,Li3PO4,LiOP,32,train
Li3PO4-013541,Li3PO4,LiOP,61,train
Li3PO4-003179,Li3PO4,LiOP,32,train
ZrO2-002638,ZrO2,OZr,95,train
ZrO2-001712,ZrO2,OZr,96,train
ZrO2-002693,ZrO2,OZr,95,train
ZrO2-000465,ZrO2,OZr,96,train
Li3PO4-003020,Li3PO4,LiOP,32,train
perovskite-000305,perovskite,CaHfOSrTiZr,20,train
ZrO2-002832,ZrO2,OZr,95,train
Li3PO4-008497,Li3PO4,LiOP,31,train
Li3PO4-008056,Li3PO4,LiOP,31,train
Li3PO4-012078,Li3PO4,LiOP,31,train
ZrO2-008613,ZrO2,OZr,48,train
Li3PO4-006288,Li3PO4,LiOP,32,train
ZrO2-008482,ZrO2,OZr,48,train
ZrO2-001089,ZrO2,OZr,96,train
Li3PO4-015012,Li3PO4,LiOP,61,train
Li3PO4-011500,Li3PO4,LiOP,31,train
Li3PO4-012966,Li3PO4,LiOP,31,train
Li3PO4-015779,Li3PO4,LiOP,61,train
Li3PO4-009378,Li3PO4,LiOP,31,train
ZrO2-007806,ZrO2,OZr,95,train
ZrO2-000838,ZrO2,OZr,96,train
ZrO2-005246,ZrO2,OZr,47,train
Li3PO4-006073,Li3PO4,LiOP,32,train
ZrO2-005253,ZrO2,OZr,47,train
Li3PO4-008956,Li3PO4,LiOP,31,train
Li3PO4-008624,Li3PO4,LiOP,31,train
ZrO2-004228,ZrO2,OZr,47,train
ZrO2-010055,ZrO2,OZr,48,train
Li3PO4-015966,Li3PO4,LiOP,61,train
ZrO2-008682,ZrO2,OZr,48,train
Li3PO4-017807,Li3PO4,LiOP,61,train
ZrO2-003046,ZrO2,OZr,95,train
ZrO2-007307,ZrO2,OZr,95,train
Li3PO4-015745,Li3PO4,LiOP,61,train
Li3PO4-009143,Li3PO4,LiOP,31,train
ZrO2-007871,ZrO2,OZr,95,train
Li3PO4-015136,Li3PO4,LiOP,61,train
Li3PO4-012067,Li3PO4,LiOP,31,train
Li3PO4-005645,Li3PO4,LiOP,32,train
ZrO2-002141,ZrO2,OZr,95,train
Li3PO4-007727,Li3PO4,LiOP,32,train
ZrO2-004291,ZrO2,OZr,47,train
Li3PO4-000454,Li3PO4,LiOP,32,train
Li3PO4-017916,Li3PO4,LiOP,61,train
Li3PO4-003983,Li3PO4,LiOP,32,train
ZrO2-001171,ZrO2,OZr,96,train
Li3PO4-011590,Li3PO4,LiOP,31,train
ZrO2-004282,ZrO2,OZr,47,train
Li3PO4-007227,Li3PO4,LiOP,32,train
perovskite-000924,perovskite,CaHfOPbSrTiZr,20,train
ZrO2-006910,ZrO2,OZr,95,train
Li3PO4-013165,Li3PO4,LiOP,61,train
Li3PO4-000743,Li3PO4,LiOP,32,train
Li3PO4-006410,Li3PO4,LiOP,32,train
Li3PO4-000379,Li3PO4,LiOP,32,train
ZrO2-007447,ZrO2,OZr,95,train
ZrO2-001900,ZrO2,OZr,96,train
Li3PO4-010730,Li3PO4,LiOP,31,train
Li3PO4-007831,Li3PO4,LiOP,32,train
ZrO2-006396,ZrO2,OZr,95,train
ZrO2-005335,ZrO2,OZr,47,train
Li3PO4-016951,Li3PO4,LiOP,61,train
ZrO2-007921,ZrO2,OZr,95,train
Li3PO4-001393,Li3PO4,LiOP,32,train
ZrO2-008622,ZrO2,OZr,48,train
Li3PO4-014212,Li3PO4,LiOP,61,train
Li3PO4-017062,Li3PO4,LiOP,61,train
ZrO2-008403,ZrO2,OZr,48,train
ZrO2-004574,ZrO2,OZr,47,train
Li3PO4-011039,Li3PO4,LiOP,31,train
ZrO2-004658,ZrO2,OZr,47,train
ZrO2-008558,ZrO2,OZr,48,train
Li3PO4-000021,Li3PO4,LiOP,32,train
Li3PO4-011726,Li3PO4,LiOP,31,train
Li3PO4-007238,Li3PO4,LiOP,32,train
Li3PO4-014031,Li3PO4,LiOP,61,train
Li3PO4-006530,Li3PO4,LiOP,32,train
ZrO2-004879,ZrO2,OZr,47,train
ZrO2-005524,ZrO2,OZr,47,train
Li3PO4-001682,Li3PO4,LiOP,32,train
ZrO2-007858,ZrO2,OZr,95,train
Li3PO4-011599,Li3PO4,LiOP,31,train
Li3PO4-011337,Li3PO4,LiOP,31,train
Li3PO4-004639,Li3PO4,LiOP,32,train
Li3PO4-014239,Li3PO4,LiOP,61,train
ZrO2-004316,ZrO2,OZr,47,train
perovskite-000421,perovskite,CaOPbSrTiZr,20,train
Li3PO4-004754,Li3PO4,LiOP,32,train
Li3PO4-007363,Li3PO4,LiOP,32,train
Li3PO4-005228,Li3PO4,LiOP,32,train
ZrO2-002732,ZrO2,OZr,95,train
ZrO2-004382,ZrO2,OZr,47,train
Li3PO4-016879,Li3PO4,LiOP,61,train
Li3PO4-014843,Li3PO4,LiOP,61,train
Li3PO4-000053,Li3PO4,LiOP,32,train
ZrO2-000501,ZrO2,OZr,96,train
perovskite-001184,perovskite,CaOSrTiZr,20,train
ZrO2-008750,ZrO2,OZr,48,train
Li3PO4-005461,Li3PO4,LiOP,32,train
Li3PO4-013577,Li3PO4,LiOP,61,train
perovskite-000904,perovskite,CaHfOPbSrTiZr,20,train
Li3PO4-008551,Li3PO4,LiOP,31,train
ZrO2-007122,ZrO2,OZr,95,train
Li3PO4-005918,Li3PO4,LiOP,32,train
ZrO2-006573,ZrO2,OZr,95,train
ZrO2-004865,ZrO2,OZr,47,train
ZrO2-000856,ZrO2,OZr,96,train
ZrO2-006704,ZrO2,OZr,95,train
Li3PO4-002526,Li3PO4,LiOP,32,train
Li3PO4-014059,Li3PO4,LiOP,61,train
ZrO2-006709,ZrO2,OZr,95,train
ZrO2-009622,ZrO2,OZr,48,train
Li3PO4-000850,Li3PO4,LiOP,32,train
ZrO2-008092,ZrO2,OZr,95,train
Li3PO4-013419,Li3PO4,LiOP,61,train
Li3PO4-013901,Li3PO4,LiOP,61,train
ZrO2-008703,ZrO2,OZr,48,train
ZrO2-005987,ZrO2,OZr,95,train
Li3PO4-009734,Li3PO4,LiOP,31,train
ZrO2-005309,ZrO2,OZr,47,train
ZrO2-003985,ZrO2,OZr,47,train
ZrO2-001422,ZrO2,OZr,96,train
ZrO2-008849,ZrO2,OZr,48,train
Li3PO4-005498,Li3PO4,LiOP,32,train
ZrO2-009398,ZrO2,OZr,48,train
Li3PO4-013775,Li3PO4,LiOP,61,train
Li3PO4-017960,Li3PO4,LiOP,61,train
ZrO2-000254,ZrO2,OZr,96,train
perovskite-000692,perovskite,BaCaHfOPbZr,20,train
Li3PO4-013393,Li3PO4,LiOP,61,train
ZrO2-005141,ZrO2,OZr,47,train
Li3PO4-014488,Li3PO4,LiOP,61,train
Li3PO4-007212,Li3PO4,LiOP,32,train
Li3PO4-010242,Li3PO4,LiOP,31,train
ZrO2-006146,ZrO2,OZr,95,train
ZrO2-000077,ZrO2,OZr,96,train
ZrO2-006613,ZrO2,OZr,95,train
Li3PO4-003550,Li3PO4,LiOP,32,train
ZrO2-002491,ZrO2,OZr,95,train
Li3PO4-013937,Li3PO4,LiOP,61,train
ZrO2-003813,ZrO2,OZr,47,train
ZrO2-003175,ZrO2,OZr,95,train
Li3PO4-008679,Li3PO4,LiOP,31,train
Li3PO4-002513,Li3PO4,LiOP,32,train
Li3PO4-009573,Li3PO4,LiOP,31,train
ZrO2-010070,ZrO2,OZr,48,train
ZrO2-006130,ZrO2,OZr,95,train
Li3PO4-004795,Li3PO4,LiOP,32,train
ZrO2-007526,ZrO2,OZr,95,train
Li3PO4-011719,Li3PO4,LiOP,31,train
ZrO2-000212,ZrO2,OZr,96,train
perovskite-000507,perovskite,BaCaHfOSrTi,20,train
Li3PO4-010332,Li3PO4,LiOP,31,train
Li3PO4-004690,Li3PO4,LiOP,32,train
Li3PO4-010720,Li3PO4,LiOP,31,train
ZrO2-004178,ZrO2,OZr,47,train
ZrO2-004706,ZrO2,OZr,47,train
Li3PO4-016622,Li3PO4,LiOP,61,train
ZrO2-007723,ZrO2,OZr,95,train
Li3PO4-017667,Li3PO4,LiOP,61,train
Li3PO4-007396,Li3PO4,LiOP,32,train
Li3PO4-000915,Li3PO4,LiOP,32,train
Li3PO4-005976,Li3PO4,LiOP,32,train
ZrO2-003162,ZrO2,OZr,95,train
Li3PO4-001417,Li3PO4,LiOP,32,train
ZrO2-009086,ZrO2,OZr,48,train
Li3PO4-006340,Li3PO4,LiOP,32,train
Li3PO4-014189,Li3PO4,LiOP,61,train
ZrO2-007469,ZrO2,OZr,95,train
Li3PO4-005700,Li3PO4,LiOP,32,train
ZrO2-000315,ZrO2,OZr,96,train
ZrO2-007897,ZrO2,OZr,95,train
perovskite-001211,perovskite,CaHfOSrTiZr,20,train
Li3PO4-003957,Li3PO4,LiOP,32,train
Li3PO4-013869,Li3PO4,LiOP,61,train
ZrO2-001336,ZrO2,OZr,96,train
Li3PO4-001780,Li3PO4,LiOP,32,train
Li3PO4-011163,Li3PO4,LiOP,31,train
Li3PO4-001702,Li3PO4,LiOP,32,train
Li3PO4-000242,Li3PO4,LiOP,32,train
Li3PO4-001341,Li3PO4,LiOP,32,train
Li3PO4-010672,Li3PO4,LiOP,31,train
perovskite-000390,perovskite,CaHfOPbTi,20,train
Li3PO4-006521,Li3PO4,LiOP,32,train
Li3PO4-006249,Li3PO4,LiOP,32,train
ZrO2-008840,ZrO2,OZr,48,train
ZrO2-002366,ZrO2,OZr,95,train
Li3PO4-000023,Li3PO4,LiOP,32,train
ZrO2-007211,ZrO2,OZr,95,train
ZrO2-005495,ZrO2,OZr,47,train
Li3PO4-004213,Li3PO4,LiOP,32,train
Li3PO4-005563,Li3PO4,LiOP,32,train
Li3PO4-003366,Li3PO4,LiOP,32,train
perovskite-000946,perovskite,CaHfOPbSrTiZr,20,train
Li3PO4-004249,Li3PO4,LiOP,32,train
Li3PO4-003000,Li3PO4,LiOP,32,train
Li3PO4-015887,Li3PO4,LiOP,61,train
Li3PO4-011709,Li3PO4,LiOP,31,train
Li3PO4-011807,Li3PO4,LiOP,31,train
ZrO2-001323,ZrO2,OZr,96,train
Li3PO4-006830,Li3PO4,LiOP,32,train
Li3PO4-001680,Li3PO4,LiOP,32,train
perovskite-000272,perovskite,CaOPbTiZr,20,train
Li3PO4-009500,Li3PO4,LiOP,31,train
ZrO2-002394,ZrO2,OZr,95,train
Li3PO4-007438,Li3PO4,LiOP,32,train
Li3PO4-016041,Li3PO4,LiOP,61,train
ZrO2-005784,ZrO2,OZr,95,train
Li3PO4-012122,Li3PO4,LiOP,31,train
ZrO2-008045,ZrO2,OZr,95,train
Li3PO4-016120,Li3PO4,LiOP,61,train
ZrO2-003409,ZrO2,OZr,95,train
Li3PO4-005803,Li3PO4,LiOP,32,train
ZrO2-006483,ZrO2,OZr,95,train
Li3PO4-008626,Li3PO4,LiOP,31,train
ZrO2-007758,ZrO2,OZr,95,train
Li3PO4-012362,Li3PO4,LiOP,31,train
Li3PO4-002985,Li3PO4,LiOP,32,train
ZrO2-009538,ZrO2,OZr,48,train
Li3PO4-002618,Li3PO4,LiOP,32,train
Li3PO4-003015,Li3PO4,LiOP,32,train
ZrO2-004375,ZrO2,OZr,47,train
ZrO2-008066,ZrO2,OZr,95,train
Li3PO4-004662,Li3PO4,LiOP,32,train
ZrO2-009131,ZrO2,OZr,48,train
ZrO2-002413,ZrO2,OZr,95,train
Li3PO4-009270,Li3PO4,LiOP,31,train
Li3PO4-013326,Li3PO4,LiOP,61,train
Li3PO4-006969,Li3PO4,LiOP,32,train
Li3PO4-015308,Li3PO4,LiOP,61,train
perovskite-000599,perovskite,CaHfOPbTiZr,20,train
Li3PO4-008949,Li3PO4,LiOP,31,train
Li3PO4-010597,Li3PO4,LiOP,31,train
ZrO2-000428,ZrO2,OZr,96,train
Li3PO4-012438,Li3PO4,LiOP,31,train
ZrO2-006882,ZrO2,OZr,95,train
ZrO2-000669,ZrO2,OZr,96,train
ZrO2-006609,ZrO2,OZr,95,train
Li3PO4-017073,Li3PO4,LiOP,61,train
Li3PO4-013223,Li3PO4,LiOP,61,train
Li3PO4-009419,Li3PO4,LiOP,31,train
perovskite-000262,perovskite,CaHfOPbTiZr,20,train
perovskite-000375,perovskite,CaHfOPbTi,20,train
Li3PO4-007023,Li3PO4,LiOP,32,train
Li3PO4-009014,Li3PO4,LiOP,31,train
ZrO2-000242,ZrO2,OZr,96,train
Li3PO4-001288,Li3PO4,LiOP,32,train
Li3PO4-002216,Li3PO4,LiOP,32,train
Li3PO4-004899,Li3PO4,LiOP,32,train
ZrO2-004472,ZrO2,OZr,47,train
Li3PO4-006300,Li3PO4,LiOP,32,train
Li3PO4-012559,Li3PO4,LiOP,31,train
Li3PO4-015027,Li3PO4,LiOP,61,train
Li3PO4-013124,Li3PO4,LiOP,61,train
perovskite-000941,perovskite,CaHfOPbSrTiZr,20,train
Li3PO4-013061,Li3PO4,LiOP,61,train
ZrO2-008439,ZrO2,OZr,48,train
Li3PO4-008403,Li3PO4,LiOP,31,train
Li3PO4-007714,Li3PO4,LiOP,32,train
Li3PO4-004555,Li3PO4,LiOP,32,train
Li3PO4-002026,Li3PO4,LiOP,32,train
ZrO2-009681,ZrO2,OZr,48,train
Li3PO4-006859,Li3PO4,LiOP,32,train
Li3PO4-016219,Li3PO4,LiOP,61,train
Li3PO4-010383,Li3PO4,LiOP,31,train
Li3PO4-014865,Li3PO4,LiOP,61,train
ZrO2-005354,ZrO2,OZr,47,train
Li3PO4-007856,Li3PO4,LiOP,32,train
Li3PO4-009363,Li3PO4,LiOP,31,train
Li3PO4-013876,Li3PO4,LiOP,61,train
Li3PO4-013653,Li3PO4,LiOP,61,train
Li3PO4-014429,Li3PO4,LiOP,61,train
perovskite-000298,perovskite,CaOSrTiZr,20,train
Li3PO4-016198,Li3PO4,LiOP,61,train
Li3PO4-008880,Li3PO4,LiOP,31,train
Li3PO4-005914,Li3PO4,LiOP,32,train
ZrO2-006753,ZrO2,OZr,95,train
Li3PO4-000136,Li3PO4,LiOP,32,train
ZrO2-000811,ZrO2,OZr,96,train
Li3PO4-009096,Li3PO4,LiOP,31,train
ZrO2-009226,ZrO2,OZr,48,train
Li3PO4-010219,Li3PO4,LiOP,31,train
ZrO2-008940,ZrO2,OZr,48,train
Li3PO4-007215,Li3PO4,LiOP,32,train
ZrO2-009067,ZrO2,OZr,48,train
Li3PO4-006556,Li3PO4,LiOP,32,train
Li3PO4-002070,Li3PO4,LiOP,32,train
Li3PO4-008569,Li3PO4,LiOP,31,train
Li3PO4-017877,Li3PO4,LiOP,61,train
Li3PO4-002893,Li3PO4,LiOP,32,train
ZrO2-007620,ZrO2,OZr,95,train
ZrO2-005604,ZrO2,OZr,95,train
ZrO2-005906,ZrO2,OZr,95,train
Li3PO4-013862,Li3PO4,LiOP,61,train
ZrO2-006730,ZrO2,OZr,95,train
Li3PO4-009142,Li3PO4,LiOP,31,train
Li3PO4-005299,Li3PO4,LiOP,32,train
Li3PO4-015837,Li3PO4,LiOP,61,train
Li3PO4-002663,Li3PO4,LiOP,32,train
ZrO2-001920,ZrO2,OZr,96,train
Li3PO4-006701,Li3PO4,LiOP,32,train
Li3PO4-003220,Li3PO4,LiOP,32,train
ZrO2-006147,ZrO2,OZr,95,train
Li3PO4-014641,Li3PO4,LiOP,61,train
ZrO2-004370,ZrO2,OZr,47,train
Li3PO4-012219,Li3PO4,LiOP,31,train
Li3PO4-003139,Li3PO4,LiOP,32,train
Li3PO4-014103,Li3PO4,LiOP,61,train
Li3PO4-012969,Li3PO4,LiOP,31,train
Li3PO4-010288,Li3PO4,LiOP,31,train
ZrO2-000852,ZrO2,OZr,96,train
ZrO2-002879,ZrO2,OZr,95,train
ZrO2-006269,ZrO2,OZr,95,train
ZrO2-004744,ZrO2,OZr,47,train
Li3PO4-004143,Li3PO4,LiOP,32,train
Li3PO4-009023,Li3PO4,LiOP,31,train
Li3PO4-013105,Li3PO4,LiOP,61,train
Li3PO4-017685,Li3PO4,LiOP,61,train
Li3PO4-006638,Li3PO4,LiOP,32,train
ZrO2-005530,ZrO2,OZr,47,train
ZrO2-001351,ZrO2,OZr,96,train
Li3PO4-003062,Li3PO4,LiOP,32,train
Li3PO4-004957,Li3PO4,LiOP,32,train
ZrO2-002818,ZrO2,OZr,95,train
Li3PO4-006424,Li3PO4,LiOP,32,train
Li3PO4-001526,Li3PO4,LiOP,32,train
ZrO2-002854,ZrO2,OZr,95,train
Li3PO4-002919,Li3PO4,LiOP,32,train
ZrO2-006530,ZrO2,OZr,95,train
Li3PO4-002839,Li3PO4,LiOP,32,train
ZrO2-008238,ZrO2,OZr,48,train
Li3PO4-004633,Li3PO4,LiOP,32,train
Li3PO4-007835,Li3PO4,LiOP,32,train
ZrO2-003379,ZrO2,OZr,95,train
Li3PO4-009989,Li3PO4,LiOP,31,train
Li3PO4-002925,Li3PO4,LiOP,32,train
ZrO2-000761,ZrO2,OZr,96,train
Li3PO4-008918,Li3PO4,LiOP,31,train
ZrO2-006550,ZrO2,OZr,95,train
ZrO2-008502,ZrO2,OZr,48,train
Li3PO4-005382,Li3PO4,LiOP,32,train
Li3PO4-004829,Li3PO4,LiOP,32,train
Li3PO4-004233,Li3PO4,LiOP,32,train
ZrO2-009306,ZrO2,OZr,48,train
Li3PO4-000845,Li3PO4,LiOP,32,train
Li3PO4-016045,Li3PO4,LiOP,61,train
ZrO2-002830,ZrO2,OZr,95,train
Li3PO4-007294,Li3PO4,LiOP,32,train
Li3PO4-015668,Li3PO4,LiOP,61,train
ZrO2-004005,ZrO2,OZr,47,train
Li3PO4-001043,Li3PO4,LiOP,32,train
Li3PO4-009628,Li3PO4,LiOP,31,train
Li3PO4-002339,Li3PO4,LiOP,32,train
ZrO2-006230,ZrO2,OZr,95,train
ZrO2-000044,ZrO2,OZr,96,train
perovskite-000864,perovskite,CaHfOPbSrTi,20,train
Li3PO4-016598,Li3PO4,LiOP,61,train
ZrO2-003718,ZrO2,OZr,47,train
ZrO2-001029,ZrO2,OZr,96,train
Li3PO4-011067,Li3PO4,LiOP,31,train
Li3PO4-014814,Li3PO4,LiOP,61,train
Li3PO4-005428,Li3PO4,LiOP,32,train
Li3PO4-013525,Li3PO4,LiOP,61,train
ZrO2-009124,ZrO2,OZr,48,train
ZrO2-006716,ZrO2,OZr,95,train
perovskite-000609,perovskite,CaHfOPbTi,20,train
ZrO2-003427,ZrO2,OZr,95,train
Li3PO4-015512,Li3PO4,LiOP,61,train
Li3PO4-014615,Li3PO4,LiOP,61,train
Li3PO4-004559,Li3PO4,LiOP,32,train
ZrO2-004695,ZrO2,OZr,47,train
Li3PO4-014137,Li3PO4,LiOP,61,train
Li3PO4-002695,Li3PO4,LiOP,32,train
Li3PO4-007421,Li3PO4,LiOP,32,train
ZrO2-005924,ZrO2,OZr,95,train
Li3PO4-002321,Li3PO4,LiOP,32,train
ZrO2-009411,ZrO2,OZr,48,train
Li3PO4-016502,Li3PO4,LiOP,61,train
Li3PO4-008846,Li3PO4,LiOP,31,train
Li3PO4-015880,Li3PO4,LiOP,61,train
ZrO2-004357,ZrO2,OZr,47,train
Li3PO4-011699,Li3PO4,LiOP,31,train
Li3PO4-015025,Li3PO4,LiOP,61,train
ZrO2-003836,ZrO2,OZr,47,train
Li3PO4-016865,Li3PO4,LiOP,61,train
ZrO2-008391,ZrO2,OZr,48,train
Li3PO4-017713,Li3PO4,LiOP,61,train
ZrO2-006820,ZrO2,OZr,95,train
Li3PO4-005719,Li3PO4,LiOP,32,train
ZrO2-007162,ZrO2,OZr,95,train
Li3PO4-003302,Li3PO4,LiOP,32,train
Li3PO4-012857,Li3PO4,LiOP,31,train
ZrO2-008087,ZrO2,OZr,95,train
ZrO2-001552,ZrO2,OZr,96,train
Li3PO4-009592,Li3PO4,LiOP,31,train
Li3PO4-002340,Li3PO4,LiOP,32,train
Li3PO4-012804,Li3PO4,LiOP,31,train
Li3PO4-012170,Li3PO4,LiOP,31,train
Li3PO4-017915,Li3PO4,LiOP,61,train
ZrO2-005965,ZrO2,OZr,95,train
Li3PO4-002404,Li3PO4,LiOP,32,train
Li3PO4-009188,Li3PO4,LiOP,31,train
ZrO2-004349,ZrO2,OZr,47,train
ZrO2-004911,ZrO2,OZr,47,train
Li3PO4-009484,Li3PO4,LiOP,31,train
ZrO2-009329,ZrO2,OZr,48,train
ZrO2-004023,ZrO2,OZr,47,train
Li3PO4-009826,Li3PO4,LiOP,31,train
ZrO2-002757,ZrO2,OZr,95,train
ZrO2-009861,ZrO2,OZr,48,train
Li3PO4-007726,Li3PO4,LiOP,32,train
Li3PO4-009034,Li3PO4,LiOP,31,train
Li3PO4-005336,Li3PO4,LiOP,32,train
Li3PO4-001831,Li3PO4,LiOP,32,train
ZrO2-000948,ZrO2,OZr,96,train
Li3PO4-015914,Li3PO4,LiOP,61,train
ZrO2-007494,ZrO2,OZr,95,train
ZrO2-006228,ZrO2,OZr,95,train
Li3PO4-004226,Li3PO4,LiOP,32,train
ZrO2-003973,ZrO2,OZr,47,train
Li3PO4-006466,Li3PO4,LiOP,32,train
Li3PO4-001883,Li3PO4,LiOP,32,train
Li3PO4-000344,Li3PO4,LiOP,32,train
Li3PO4-015294,Li3PO4,LiOP,61,train
Li3PO4-004668,Li3PO4,LiOP,32,train
Li3PO4-016755,Li3PO4,LiOP,61,train
Li3PO4-009730,Li3PO4,LiOP,31,train
Li3PO4-009212,Li3PO4,LiOP,31,train
Li3PO4-016134,Li3PO4,LiOP,61,train
Li3PO4-009940,Li3PO4,LiOP,31,train
Li3PO4-010864,Li3PO4,LiOP,31,train
ZrO2-002585,ZrO2,OZr,95,train
Li3PO4-012556,Li3PO4,LiOP,31,train
ZrO2-008855,ZrO2,OZr,48,train
Li3PO4-001161,Li3PO4,LiOP,32,train
Li3PO4-006938,Li3PO4,LiOP,32,train
Li3PO4-009740,Li3PO4,LiOP,31,train
ZrO2-004319,ZrO2,OZr,47,train
Li3PO4-011212,Li3PO4,LiOP,31,train
Li3PO4-004354,Li3PO4,LiOP,32,train
Li3PO4-000537,Li3PO4,LiOP,32,train
Li3PO4-010650,Li3PO4,LiOP,31,train
Li3PO4-004192,Li3PO4,LiOP,32,train
ZrO2-009177,ZrO2,OZr,48,train
Li3PO4-013610,Li3PO4,LiOP,61,train
Li3PO4-009620,Li3PO4,LiOP,31,train
Li3PO4-011754,Li3PO4,LiOP,31,train
Li3PO4-011945,Li3PO4,LiOP,31,train
Li3PO4-006326,Li3PO4,LiOP,32,train
Li3PO4-007407,Li3PO4,LiOP,32,train
ZrO2-007521,ZrO2,OZr,95,train
ZrO2-000160,ZrO2,OZr,96,train
Li3PO4-011877,Li3PO4,LiOP,31,train
ZrO2-007812,ZrO2,OZr,95,train
Li3PO4-010913,Li3PO4,LiOP,31,train
Li3PO4-001768,Li3PO4,LiOP,32,train
perovskite-000297,perovskite,CaHfOSrTi,20,train
ZrO2-007411,ZrO2,OZr,95,train
Li3PO4-016201,Li3PO4,LiOP,61,train
Li3PO4-012211,Li3PO4,LiOP,31,train
ZrO2-002643,ZrO2,OZr,95,train
Li3PO4-012177,Li3PO4,LiOP,31,train
ZrO2-000853,ZrO2,OZr,96,train
Li3PO4-003702,Li3PO4,LiOP,32,train
Li3PO4-004348,Li3PO4,LiOP,32,train
Li3PO4-002882,Li3PO4,LiOP,32,train
Li3PO4-017522,Li3PO4,LiOP,61,train
Li3PO4-007286,Li3PO4,LiOP,32,train
Li3PO4-003889,Li3PO4,LiOP,32,train
Li3PO4-007899,Li3PO4,LiOP,32,train
ZrO2-001313,ZrO2,OZr,96,train
Li3PO4-005251,Li3PO4,LiOP,32,train
Li3PO4-005068,Li3PO4,LiOP,32,train
ZrO2-006138,ZrO2,OZr,95,train
ZrO2-005412,ZrO2,OZr,47,train
ZrO2-006274,ZrO2,OZr,95,train
Li3PO4-002155,Li3PO4,LiOP,32,train
ZrO2-007785,ZrO2,OZr,95,train
Li3PO4-016554,Li3PO4,LiOP,61,train
Li3PO4-009099,Li3PO4,LiOP,31,train
ZrO2-005329,ZrO2,OZr,47,train
ZrO2-009546,ZrO2,OZr,48,train
Li3PO4-004804,Li3PO4,LiOP,32,train
Li3PO4-010562,Li3PO4,LiOP,31,train
Li3PO4-010357,Li3PO4,LiOP,31,train
ZrO2-003430,ZrO2,OZr,95,train
perovskite-000320,perovskite,CaHfOSrTiZr,20,train
ZrO2-005911,ZrO2,OZr,95,train
Li3PO4-006428,Li3PO4,LiOP,32,train
Li3PO4-000657,Li3PO4,LiOP,32,train
ZrO2-001430,ZrO2,OZr,96,train
Li3PO4-000815,Li3PO4,LiOP,32,train
Li3PO4-002394,Li3PO4,LiOP,32,train
Li3PO4-008455,Li3PO4,LiOP,31,train
perovskite-000886,perovskite,CaHfOPbSrTiZr,20,train
ZrO2-003778,ZrO2,OZr,47,train
Li3PO4-013328,Li3PO4,LiOP,61,train
Li3PO4-015561,Li3PO4,LiOP,61,train
Li3PO4-005983,Li3PO4,LiOP,32,train
perovskite-000244,perovskite,CaHfOZr,20,train
Li3PO4-003431,Li3PO4,LiOP,32,train
ZrO2-006983,ZrO2,OZr,95,train
Li3PO4-005200,Li3PO4,LiOP,32,train
ZrO2-004759,ZrO2,OZr,47,train
ZrO2-001139,ZrO2,OZr,96,train
Li3PO4-011394,Li3PO4,LiOP,31,train
Li3PO4-005186,Li3PO4,LiOP,32,train
perovskite-001161,perovskite,BaCaHfOPbTiZr,20,train
Li3PO4-006964,Li3PO4,LiOP,32,train
Li3PO4-017696,Li3PO4,LiOP,61,train
Li3PO4-011010,Li3PO4,LiOP,31,train
perovskite-000287,perovskite,CaHfOPbTi,20,train
Li3PO4-002323,Li3PO4,LiOP,32,train
Li3PO4-011879,Li3PO4,LiOP,31,train
Li3PO4-010365,Li3PO4,LiOP,31,train
ZrO2-008844,ZrO2,OZr,48,train
ZrO2-009456,ZrO2,OZr,48,train
Li3PO4-001123,Li3PO4,LiOP,32,train
Li3PO4-013372,Li3PO4,LiOP,61,train
ZrO2-007457,ZrO2,OZr,95,train
perovskite-001170,perovskite,BaCaHfOPbTiZr,20,train
Li3PO4-016034,Li3PO4,LiOP,61,train
ZrO2-009150,ZrO2,OZr,48,train
Li3PO4-016786,Li3PO4,LiOP,61,train
Li3PO4-013418,Li3PO4,LiOP,61,train
ZrO2-005568,ZrO2,OZr,95,train
Li3PO4-014933,Li3PO4,LiOP,61,train
Li3PO4-015392,Li3PO4,LiOP,61,train
Li3PO4-006916,Li3PO4,LiOP,32,train
perovskite-000277,perovskite,CaHfOPbZr,20,train
Li3PO4-012528,Li3PO4,LiOP,31,train
Li3PO4-004619,Li3PO4,LiOP,32,train
Li3PO4-012871,Li3PO4,LiOP,31,train
ZrO2-001897,ZrO2,OZr,96,train
ZrO2-007355,ZrO2,OZr,95,train
Li3PO4-006368,Li3PO4,LiOP,32,train
Li3PO4-006089,Li3PO4,LiOP,32,train
ZrO2-007115,ZrO2,OZr,95,train
ZrO2-002182,ZrO2,OZr,95,train
Li3PO4-011439,Li3PO4,LiOP,31,train
Li3PO4-004148,Li3PO4,LiOP,32,train
Li3PO4-002534,Li3PO4,LiOP,32,train
Li3PO4-014731,Li3PO4,LiOP,61,train
Li3PO4-001801,Li3PO4,LiOP,32,train
perovskite-000931,perovskite,CaHfOPbSrZr,20,train
perovskite-000691,perovskite,BaCaHfOPbZr,20,train
Li3PO4-012666,Li3PO4,LiOP,31,train
ZrO2-005140,ZrO2,OZr,47,train
Li3PO4-006966,Li3PO4,LiOP,32,train
ZrO2-007797,ZrO2,OZr,95,train
ZrO2-009049,ZrO2,OZr,48,train
Li3PO4-009623,Li3PO4,LiOP,31,train
Li3PO4-017181,Li3PO4,LiOP,61,train
Li3PO4-005101,Li3PO4,LiOP,32,train
Li3PO4-008996,Li3PO4,LiOP,31,train
ZrO2-007917,ZrO2,OZr,95,train
ZrO2-005884,ZrO2,OZr,95,train
ZrO2-007751,ZrO2,OZr,95,train
ZrO2-003095,ZrO2,OZr,95,train
ZrO2-001741,ZrO2,OZr,96,train
ZrO2-002745,ZrO2,OZr,95,train
ZrO2-003702,ZrO2,OZr,47,train
Li3PO4-016276,Li3PO4,LiOP,61,train
Li3PO4-003289,Li3PO4,LiOP,32,train
Li3PO4-002644,Li3PO4,LiOP,32,train
Li3PO4-011365,Li3PO4,LiOP,31,train
Li3PO4-009216,Li3PO4,LiOP,31,train
ZrO2-001868,ZrO2,OZr,96,train
Li3PO4-009770,Li3PO4,LiOP,31,train
Li3PO4-001421,Li3PO4,LiOP,32,train
Li3PO4-010612,Li3PO4,LiOP,31,train
Li3PO4-011677,Li3PO4,LiOP,31,train
Li3PO4-004463,Li3PO4,LiOP,32,train
Li3PO4-001188,Li3PO4,LiOP,32,train
ZrO2-002758,ZrO2,OZr,95,train
Li3PO4-012554,Li3PO4,LiOP,31,train
ZrO2-000180,ZrO2,OZr,96,train
Li3PO4-008252,Li3PO4,LiOP,31,train
ZrO2-004900,ZrO2,OZr,47,train
perovskite-001094,perovskite,BaCaHfOPbZr,20,train
Li3PO4-006026,Li3PO4,LiOP,32,train
Li3PO4-010958,Li3PO4,LiOP,31,train
Li3PO4-011600,Li3PO4,LiOP,31,train
Li3PO4-004645,Li3PO4,LiOP,32,train
ZrO2-001619,ZrO2,OZr,96,train
Li3PO4-007908,Li3PO4,LiOP,32,train
ZrO2-003591,ZrO2,OZr,47,train
Li3PO4-005146,Li3PO4,LiOP,32,train
ZrO2-004732,ZrO2,OZr,47,train
Li3PO4-014915,Li3PO4,LiOP,61,train
Li3PO4-009528,Li3PO4,LiOP,31,train
Li3PO4-012355,Li3PO4,LiOP,31,train
Li3PO4-002047,Li3PO4,LiOP,32,train
Li3PO4-014984,Li3PO4,LiOP,61,train
Li3PO4-006846,Li3PO4,LiOP,32,train
Li3PO4-015369,Li3PO4,LiOP,61,train
Li3PO4-007116,Li3PO4,LiOP,32,train
Li3PO4-001852,Li3PO4,LiOP,32,train
Li3PO4-011855,Li3PO4,LiOP,31,train
Li3PO4-000878,Li3PO4,LiOP,32,train
Li3PO4-006959,Li3PO4,LiOP,32,train
Li3PO4-003080,Li3PO4,LiOP,32,train
ZrO2-003462,ZrO2,OZr,95,train
Li3PO4-007387,Li3PO4,LiOP,32,train
ZrO2-003698,ZrO2,OZr,47,train
Li3PO4-004506,Li3PO4,LiOP,32,train
ZrO2-005561,ZrO2,OZr,47,train
ZrO2-004653,ZrO2,OZr,47,train
ZrO2-008324,ZrO2,OZr,48,train
Li3PO4-005132,Li3PO4,LiOP,32,train
ZrO2-001121,ZrO2,OZr,96,train
Li3PO4-011504,Li3PO4,LiOP,31,train
ZrO2-007206,ZrO2,OZr,95,train
ZrO2-003362,ZrO2,OZr,95,train
Li3PO4-014405,Li3PO4,LiOP,61,train
Li3PO4-003270,Li3PO4,LiOP,32,train
Li3PO4-017445,Li3PO4,LiOP,61,train
Li3PO4-013671,Li3PO4,LiOP,61,train
ZrO2-007154,ZrO2,OZr,95,train
Li3PO4-015176,Li3PO4,LiOP,61,train
Li3PO4-006610,Li3PO4,LiOP,32,train
Li3PO4-010931,Li3PO4,LiOP,31,train
Li3PO4-015433,Li3PO4,LiOP,61,train
ZrO2-004973,ZrO2,OZr,47,train
Li3PO4-001770,Li3PO4,LiOP,32,train
Li3PO4-003129,Li3PO4,LiOP,32,train
Li3PO4-003852,Li3PO4,LiOP,32,train
ZrO2-005177,ZrO2,OZr,47,train
ZrO2-004471,ZrO2,OZr,47,train
ZrO2-001717,ZrO2,OZr,96,train
Li3PO4-012610,Li3PO4,LiOP,31,train
Li3PO4-017023,Li3PO4,LiOP,61,train
ZrO2-006157,ZrO2,OZr,95,train
Li3PO4-015029,Li3PO4,LiOP,61,train
Li3PO4-006677,Li3PO4,LiOP,32,train
Li3PO4-002507,Li3PO4,LiOP,32,train
ZrO2-004354,ZrO2,OZr,47,train
ZrO2-009114,ZrO2,OZr,48,train
ZrO2-008769,ZrO2,OZr,48,train
ZrO2-006681,ZrO2,OZr,95,train
Li3PO4-013312,Li3PO4,LiOP,61,train
Li3PO4-012464,Li3PO4,LiOP,31,train
perovskite-001048,perovskite,BaCaHfOPbZr,20,train
ZrO2-005558,ZrO2,OZr,47,train
Li3PO4-001335,Li3PO4,LiOP,32,train
Li3PO4-016174,Li3PO4,LiOP,61,train
Li3PO4-012685,Li3PO4,LiOP,31,train
ZrO2-000385,ZrO2,OZr,96,train
Li3PO4-008153,Li3PO4,LiOP,31,train
ZrO2-001191,ZrO2,OZr,96,train
ZrO2-000793,ZrO2,OZr,96,train
ZrO2-001747,ZrO2,OZr,96,train
Li3PO4-000990,Li3PO4,LiOP,32,train
Li3PO4-002711,Li3PO4,LiOP,32,train
Li3PO4-002240,Li3PO4,LiOP,32,train
ZrO2-001707,ZrO2,OZr,96,train
Li3PO4-004079,Li3PO4,LiOP,32,train
Li3PO4-017177,Li3PO4,LiOP,61,train
Li3PO4-008303,Li3PO4,LiOP,31,train
Li3PO4-005181,Li3PO4,LiOP,32,train
Li3PO4-006163,Li3PO4,LiOP,32,train
Li3PO4-001674,Li3PO4,LiOP,32,train
ZrO2-000590,ZrO2,OZr,96,train
Li3PO4-003259,Li3PO4,LiOP,32,train
Li3PO4-003121,Li3PO4,LiOP,32,train
Li3PO4-016749,Li3PO4,LiOP,61,train
Li3PO4-000206,Li3PO4,LiOP,32,train
ZrO2-000899,ZrO2,OZr,96,train
Li3PO4-002377,Li3PO4,LiOP,32,train
Li3PO4-010691,Li3PO4,LiOP,31,train
Li3PO4-013504,Li3PO4,LiOP,61,train
Li3PO4-017507,Li3PO4,LiOP,61,train
Li3PO4-017269,Li3PO4,LiOP,61,train
Li3PO4-007254,Li3PO4,LiOP,32,train
Li3PO4-009108,Li3PO4,LiOP,31,train
Li3PO4-006273,Li3PO4,LiOP,32,train
ZrO2-006477,ZrO2,OZr,95,train
Li3PO4-014360,Li3PO4,LiOP,61,train
Li3PO4-005782,Li3PO4,LiOP,32,train
Li3PO4-011973,Li3PO4,LiOP,31,train
ZrO2-007946,ZrO2,OZr,95,train
perovskite-000808,perovskite,BaCaOPbTiZr,20,train
Li3PO4-012250,Li3PO4,LiOP,31,train
Li3PO4-010111,Li3PO4,LiOP,31,train
Li3PO4-011824,Li3PO4,LiOP,31,train
Li3PO4-013164,Li3PO4,LiOP,61,train
ZrO2-003682,ZrO2,OZr,47,train
ZrO2-002498,ZrO2,OZr,95,train
Li3PO4-016562,Li3PO4,LiOP,61,train
Li3PO4-001795,Li3PO4,LiOP,32,train
Li3PO4-001407,Li3PO4,LiOP,32,train
ZrO2-002738,ZrO2,OZr,95,train
Li3PO4-014519,Li3PO4,LiOP,61,train
ZrO2-001447,ZrO2,OZr,96,train
Li3PO4-012068,Li3PO4,LiOP,31,train
ZrO2-008193,ZrO2,OZr,48,train
Li3PO4-006821,Li3PO4,LiOP,32,train
ZrO2-003328,ZrO2,OZr,95,train
Li3PO4-005664,Li3PO4,LiOP,32,train
ZrO2-004785,ZrO2,OZr,47,train
Li3PO4-006504,Li3PO4,LiOP,32,train
Li3PO4-008274,Li3PO4,LiOP,31,train
ZrO2-004513,ZrO2,OZr,47,train
ZrO2-007255,ZrO2,OZr,95,train
Li3PO4-007110,Li3PO4,LiOP,32,train
ZrO2-001940,ZrO2,OZr,96,train
Li3PO4-013246,Li3PO4,LiOP,61,train
ZrO2-005539,ZrO2,OZr,47,train
Li3PO4-016343,Li3PO4,LiOP,61,train
ZrO2-000433,ZrO2,OZr,96,train
Li3PO4-016787,Li3PO4,LiOP,61,train
Li3PO4-007767,Li3PO4,LiOP,32,train
Li3PO4-016754,Li3PO4,LiOP,61,train
ZrO2-006325,ZrO2,OZr,95,train
ZrO2-003042,ZrO2,OZr,95,train
Li3PO4-016031,Li3PO4,LiOP,61,train
Li3PO4-011772,Li3PO4,LiOP,31,train
Li3PO4-005479,Li3PO4,LiOP,32,train
Li3PO4-017412,Li3PO4,LiOP,61,train
ZrO2-004092,ZrO2,OZr,47,train
ZrO2-008449,ZrO2,OZr,48,train
Li3PO4-007902,Li3PO4,LiOP,32,train
Li3PO4-009123,Li3PO4,LiOP,31,train
Li3PO4-016213,Li3PO4,LiOP,61,train
Li3PO4-010301,Li3PO4,LiOP,31,train
perovskite-001001,perovskite,BaCaHfOPbSrTiZr,20,train
ZrO2-002974,ZrO2,OZr,95,train
ZrO2-001194,ZrO2,OZr,96,train
ZrO2-002351,ZrO2,OZr,95,train
Li3PO4-011783,Li3PO4,LiOP,31,train
Li3PO4-008904,Li3PO4,LiOP,31,train
Li3PO4-006018,Li3PO4,LiOP,32,train
ZrO2-008548,ZrO2,OZr,48,train
ZrO2-002334,ZrO2,OZr,95,train
Li3PO4-012242,Li3PO4,LiOP,31,train
Li3PO4-001131,Li3PO4,LiOP,32,train
ZrO2-002630,ZrO2,OZr,95,train
ZrO2-003663,ZrO2,OZr,47,train
Li3PO4-005814,Li3PO4,LiOP,32,train
Li3PO4-001731,Li3PO4,LiOP,32,train
Li3PO4-015468,Li3PO4,LiOP,61,train
ZrO2-004089,ZrO2,OZr,47,train
Li3PO4-007341,Li3PO4,LiOP,32,train
Li3PO4-004896,Li3PO4,LiOP,32,train
Li3PO4-013537,Li3PO4,LiOP,61,train
ZrO2-003300,ZrO2,OZr,95,train
Li3PO4-002372,Li3PO4,LiOP,32,train
ZrO2-003603,ZrO2,OZr,47,train
Li3PO4-016462,Li3PO4,LiOP,61,train
perovskite-000807,perovskite,BaCaHfOPbTi,20,train
ZrO2-002683,ZrO2,OZr,95,train
Li3PO4-003006,Li3PO4,LiOP,32,train
Li3PO4-012354,Li3PO4,LiOP,31,train
ZrO2-005799,ZrO2,OZr,95,train
ZrO2-000732,ZrO2,OZr,96,train
ZrO2-009413,ZrO2,OZr,48,train
ZrO2-008119,ZrO2,OZr,48,train
Li3PO4-003834,Li3PO4,LiOP,32,train
Li3PO4-000077,Li3PO4,LiOP,32,train
Li3PO4-015178,Li3PO4,LiOP,61,train
ZrO2-001178,ZrO2,OZr,96,train
ZrO2-003960,ZrO2,OZr,47,train
Li3PO4-006130,Li3PO4,LiOP,32,train
Li3PO4-003371,Li3PO4,LiOP,32,train
Li3PO4-011581,Li3PO4,LiOP,31,train
Li3PO4-016714,Li3PO4,LiOP,61,train
Li3PO4-015739,Li3PO4,LiOP,61,train
ZrO2-009059,ZrO2,OZr,48,train
Li3PO4-001392,Li3PO4,LiOP,32,train
Li3PO4-011322,Li3PO4,LiOP,31,train
ZrO2-006871,ZrO2,OZr,95,train
ZrO2-008666,ZrO2,OZr,48,train
Li3PO4-014020,Li3PO4,LiOP,61,train
Li3PO4-006996,Li3PO4,LiOP,32,train
Li3PO4-014065,Li3PO4,LiOP,61,train
Li3PO4-006060,Li3PO4,LiOP,32,train
Li3PO4-003759,Li3PO4,LiOP,32,train
Li3PO4-009727,Li3PO4,LiOP,31,train
Li3PO4-013798,Li3PO4,LiOP,61,train
ZrO2-006342,ZrO2,OZr,95,train
ZrO2-009902,ZrO2,OZr,48,train
Li3PO4-003392,Li3PO4,LiOP,32,train
Li3PO4-016866,Li3PO4,LiOP,61,train
ZrO2-004144,ZrO2,OZr,47,train
ZrO2-005704,ZrO2,OZr,95,train
ZrO2-008379,ZrO2,OZr,48,train
Li3PO4-011346,Li3PO4,LiOP,31,train
Li3PO4-014513,Li3PO4,LiOP,61,train
ZrO2-007677,ZrO2,OZr,95,train
Li3PO4-016680,Li3PO4,LiOP,61,train
Li3PO4-000468,Li3PO4,LiOP,32,train
Li3PO4-006042,Li3PO4,LiOP,32,train
ZrO2-010044,ZrO2,OZr,48,train
Li3PO4-011226,Li3PO4,LiOP,31,train
Li3PO4-014368,Li3PO4,LiOP,61,train
ZrO2-006160,ZrO2,OZr,95,train
Li3PO4-014535,Li3PO4,LiOP,61,train
Li3PO4-014400,Li3PO4,LiOP,61,train
Li3PO4-012312,Li3PO4,LiOP,31,train
Li3PO4-017066,Li3PO4,LiOP,61,train
ZrO2-008236,ZrO2,OZr,48,train
ZrO2-001238,ZrO2,OZr,96,train
Li3PO4-014391,Li3PO4,LiOP,61,train
Li3PO4-005325,Li3PO4,LiOP,32,train
Li3PO4-008637,Li3PO4,LiOP,31,train
Li3PO4-001615,Li3PO4,LiOP,32,train
Li3PO4-000381,Li3PO4,LiOP,32,train
Li3PO4-005128,Li3PO4,LiOP,32,train
ZrO2-008230,ZrO2,OZr,48,train
Li3PO4-015135,Li3PO4,LiOP,61,train
ZrO2-005285,ZrO2,OZr,47,train
Li3PO4-007878,Li3PO4,LiOP,32,train
Li3PO4-016466,Li3PO4,LiOP,61,train
perovskite-000589,perovskite,CaHfOPbTiZr,20,train
Li3PO4-013204,Li3PO4,LiOP,61,train
Li3PO4-001809,Li3PO4,LiOP,32,train
Li3PO4-005222,Li3PO4,LiOP,32,train
ZrO2-007624,ZrO2,OZr,95,train
ZrO2-003400,ZrO2,OZr,95,train
Li3PO4-014910,Li3PO4,LiOP,61,train
Li3PO4-008815,Li3PO4,LiOP,31,train
ZrO2-005621,ZrO2,OZr,95,train
Li3PO4-003016,Li3PO4,LiOP,32,train
Li3PO4-007085,Li3PO4,LiOP,32,train
ZrO2-009626,ZrO2,OZr,48,train
ZrO2-007645,ZrO2,OZr,95,train
Li3PO4-013001,Li3PO4,LiOP,61,train
ZrO2-008200,ZrO2,OZr,48,train
ZrO2-004230,ZrO2,OZr,47,train
Li3PO4-012523,Li3PO4,LiOP,31,train
ZrO2-000225,ZrO2,OZr,96,train
Li3PO4-016346,Li3PO4,LiOP,61,train
Li3PO4-004522,Li3PO4,LiOP,32,train
Li3PO4-000127,Li3PO4,LiOP,32,train
Li3PO4-012694,Li3PO4,LiOP,31,train
Li3PO4-007489,Li3PO4,LiOP,32,train
Li3PO4-013735,Li3PO4,LiOP,61,train
Li3PO4-009704,Li3PO4,LiOP,31,train
Li3PO4-010615,Li3PO4,LiOP,31,train
Li3PO4-005953,Li3PO4,LiOP,32,train
ZrO2-008579,ZrO2,OZr,48,train
ZrO2-000363,ZrO2,OZr,96,train
ZrO2-005462,ZrO2,OZr,47,train
Li3PO4-002231,Li3PO4,LiOP,32,train
Li3PO4-006776,Li3PO4,LiOP,32,train
Li3PO4-011157,Li3PO4,LiOP,31,train
Li3PO4-008863,Li3PO4,LiOP,31,train
ZrO2-007582,ZrO2,OZr,95,train
Li3PO4-017186,Li3PO4,LiOP,61,train
ZrO2-002737,ZrO2,OZr,95,train
ZrO2-007699,ZrO2,OZr,95,train
ZrO2-004854,ZrO2,OZr,47,train
Li3PO4-005947,Li3PO4,LiOP,32,train
ZrO2-009732,ZrO2,OZr,48,train
Li3PO4-017698,Li3PO4,LiOP,61,train
ZrO2-002782,ZrO2,OZr,95,train
ZrO2-003715,ZrO2,OZr,47,train
Li3PO4-014820,Li3PO4,LiOP,61,train
Li3PO4-007068,Li3PO4,LiOP,32,train
ZrO2-004674,ZrO2,OZr,47,train
Li3PO4-003038,Li3PO4,LiOP,32,train
Li3PO4-016733,Li3PO4,LiOP,61,train
Li3PO4-002684,Li3PO4,LiOP,32,train
Li3PO4-005641,Li3PO4,LiOP,32,train
Li3PO4-000133,Li3PO4,LiOP,32,train
Li3PO4-008989,Li3PO4,LiOP,31,train
Li3PO4-001830,Li3PO4,LiOP,32,train
ZrO2-000036,ZrO2,OZr,96,train
Li3PO4-009595,Li3PO4,LiOP,31,train
Li3PO4-003064,Li3PO4,LiOP,32,train
perovskite-000310,perovskite,CaHfOSrTi,20,train
ZrO2-000492,ZrO2,OZr,96,train
Li3PO4-011066,Li3PO4,LiOP,31,train
ZrO2-000828,ZrO2,OZr,96,train
Li3PO4-009344,Li3PO4,LiOP,31,train
ZrO2-003444,ZrO2,OZr,95,train
ZrO2-003074,ZrO2,OZr,95,train
Li3PO4-011703,Li3PO4,LiOP,31,train
ZrO2-002559,ZrO2,OZr,95,train
perovskite-001008,perovskite,BaCaHfOPbSrTiZr,20,train
ZrO2-006123,ZrO2,OZr,95,train
Li3PO4-009497,Li3PO4,LiOP,31,train
ZrO2-009153,ZrO2,OZr,48,train
Li3PO4-014241,Li3PO4,LiOP,61,train
ZrO2-008654,ZrO2,OZr,48,train
Li3PO4-001832,Li3PO4,LiOP,32,train
ZrO2-001549,ZrO2,OZr,96,train
Li3PO4-001699,Li3PO4,LiOP,32,train
Li3PO4-009116,Li3PO4,LiOP,31,train
Li3PO4-001621,Li3PO4,LiOP,32,train
Li3PO4-005147,Li3PO4,LiOP,32,train
ZrO2-000763,ZrO2,OZr,96,train
Li3PO4-013640,Li3PO4,LiOP,61,train
ZrO2-006055,ZrO2,OZr,95,train
ZrO2-001448,ZrO2,OZr,96,train
Li3PO4-004933,Li3PO4,LiOP,32,train
ZrO2-007951,ZrO2,OZr,95,train
Li3PO4-006031,Li3PO4,LiOP,32,train
Li3PO4-015895,Li3PO4,LiOP,61,train
Li3PO4-007982,Li3PO4,LiOP,32,train
perovskite-000249,perovskite,CaHfOPbTi,20,train
ZrO2-006961,ZrO2,OZr,95,train
ZrO2-004660,ZrO2,OZr,47,train
Li3PO4-007398,Li3PO4,LiOP,32,train
Li3PO4-014521,Li3PO4,LiOP,61,train
Li3PO4-014237,Li3PO4,LiOP,61,train
ZrO2-005365,ZrO2,OZr,47,train
Li3PO4-002453,Li3PO4,LiOP,32,train
Li3PO4-014846,Li3PO4,LiOP,61,train
perovskite-000627,perovskite,CaHfOPbSrTiZr,20,train
Li3PO4-012722,Li3PO4,LiOP,31,train
Li3PO4-001945,Li3PO4,LiOP,32,train
Li3PO4-014503,Li3PO4,LiOP,61,train
ZrO2-003541,ZrO2,OZr,95,train
Li3PO4-017415,Li3PO4,LiOP,61,train
Li3PO4-015632,Li3PO4,LiOP,61,train
Li3PO4-005185,Li3PO4,LiOP,32,train
Li3PO4-014925,Li3PO4,LiOP,61,train
Li3PO4-013138,Li3PO4,LiOP,61,train
Li3PO4-009239,Li3PO4,LiOP,31,train
Li3PO4-002455,Li3PO4,LiOP,32,train
Li3PO4-001100,Li3PO4,LiOP,32,train
ZrO2-005771,ZrO2,OZr,95,train
Li3PO4-013474,Li3PO4,LiOP,61,train
Li3PO4-007455,Li3PO4,LiOP,32,train
ZrO2-005081,ZrO2,OZr,47,train
Li3PO4-015868,Li3PO4,LiOP,61,train
Li3PO4-012716,Li3PO4,LiOP,31,train
Li3PO4-013524,Li3PO4,LiOP,61,train
Li3PO4-001065,Li3PO4,LiOP,32,train
Li3PO4-006243,Li3PO4,LiOP,32,train
Li3PO4-013260,Li3PO4,LiOP,61,train
Li3PO4-004145,Li3PO4,LiOP,32,train
ZrO2-009479,ZrO2,OZr,48,train
Li3PO4-017579,Li3PO4,LiOP,61,train
Li3PO4-010371,Li3PO4,LiOP,31,train
ZrO2-007996,ZrO2,OZr,95,train
ZrO2-003023,ZrO2,OZr,95,train
Li3PO4-017648,Li3PO4,LiOP,61,train
ZrO2-010049,ZrO2,OZr,48,train
ZrO2-007883,ZrO2,OZr,95,train
ZrO2-008273,ZrO2,OZr,48,train
Li3PO4-006153,Li3PO4,LiOP,32,train
ZrO2-010017,ZrO2,OZr,48,train
Li3PO4-011710,Li3PO4,LiOP,31,train
ZrO2-000049,ZrO2,OZr,96,train
ZrO2-004474,ZrO2,OZr,47,train
ZrO2-006454,ZrO2,OZr,95,train
ZrO2-009764,ZrO2,OZr,48,train
Li3PO4-011854,Li3PO4,LiOP,31,train
ZrO2-008366,ZrO2,OZr,48,train
Li3PO4-011672,Li3PO4,LiOP,31,train
ZrO2-002134,ZrO2,OZr,95,train
Li3PO4-005240,Li3PO4,LiOP,32,train
Li3PO4-012233,Li3PO4,LiOP,31,train
Li3PO4-013399,Li3PO4,LiOP,61,train
Li3PO4-016450,Li3PO4,LiOP,61,train
Li3PO4-003908,Li3PO4,LiOP,32,train
ZrO2-005289,ZrO2,OZr,47,train
Li3PO4-004752,Li3PO4,LiOP,32,train
ZrO2-003343,ZrO2,OZr,95,train
Li3PO4-001928,Li3PO4,LiOP,32,train
Li3PO4-011660,Li3PO4,LiOP,31,train
ZrO2-009624,ZrO2,OZr,48,train
Li3PO4-007920,Li3PO4,LiOP,32,train
Li3PO4-014081,Li3PO4,LiOP,61,train
ZrO2-000737,ZrO2,OZr,96,train
ZrO2-003768,ZrO2,OZr,47,train
ZrO2-003667,ZrO2,OZr,47,train
Li3PO4-003003,Li3PO4,LiOP,32,train
Li3PO4-010926,Li3PO4,LiOP,31,train
Li3PO4-017232,Li3PO4,LiOP,61,train
ZrO2-005002,ZrO2,OZr,47,train
Li3PO4-014553,Li3PO4,LiOP,61,train
Li3PO4-015494,Li3PO4,LiOP,61,train
ZrO2-000027,ZrO2,OZr,96,train
ZrO2-001952,ZrO2,OZr,96,train
ZrO2-002135,ZrO2,OZr,95,train
perovskite-000307,perovskite,CaHfOSrTiZr,20,train
Li3PO4-016124,Li3PO4,LiOP,61,train
Li3PO4-015898,Li3PO4,LiOP,61,train
Li3PO4-016498,Li3PO4,LiOP,61,train
Li3PO4-013667,Li3PO4,LiOP,61,train
Li3PO4-001253,Li3PO4,LiOP,32,train
Li3PO4-016376,Li3PO4,LiOP,61,train
Li3PO4-014214,Li3PO4,LiOP,61,train
Li3PO4-000898,Li3PO4,LiOP,32,train
perovskite-001051,perovskite,BaCaHfOPbZr,20,train
Li3PO4-003192,Li3PO4,LiOP,32,train
Li3PO4-000083,Li3PO4,LiOP,32,train
ZrO2-007997,ZrO2,OZr,95,train
ZrO2-009010,ZrO2,OZr,48,train
ZrO2-003539,ZrO2,OZr,95,train
ZrO2-007838,ZrO2,OZr,95,train
ZrO2-000650,ZrO2,OZr,96,train
Li3PO4-014969,Li3PO4,LiOP,61,train
Li3PO4-014305,Li3PO4,LiOP,61,train
Li3PO4-002355,Li3PO4,LiOP,32,train
Li3PO4-009379,Li3PO4,LiOP,31,train
Li3PO4-016900,Li3PO4,LiOP,61,train
ZrO2-004607,ZrO2,OZr,47,train
Li3PO4-015116,Li3PO4,LiOP,61,train
perovskite-000191,perovskite,BaCaHfOSr,20,train
Li3PO4-001574,Li3PO4,LiOP,32,train
Li3PO4-001906,Li3PO4,LiOP,32,train
Li3PO4-001302,Li3PO4,LiOP,32,train
ZrO2-003261,ZrO2,OZr,95,train
ZrO2-008559,ZrO2,OZr,48,train
ZrO2-002700,ZrO2,OZr,95,train
ZrO2-008716,ZrO2,OZr,48,train
Li3PO4-017224,Li3PO4,LiOP,61,train
Li3PO4-013033,Li3PO4,LiOP,61,train
Li3PO4-012101,Li3PO4,LiOP,31,train
Li3PO4-013908,Li3PO4,LiOP,61,train
Li3PO4-003871,Li3PO4,LiOP,32,train
Li3PO4-004734,Li3PO4,LiOP,32,train
Li3PO4-008170,Li3PO4,LiOP,31,train
ZrO2-002079,ZrO2,OZr,95,train
Li3PO4-004222,Li3PO4,LiOP,32,train
Li3PO4-006747,Li3PO4,LiOP,32,train
Li3PO4-010105,Li3PO4,LiOP,31,train
Li3PO4-001977,Li3PO4,LiOP,32,train
Li3PO4-008365,Li3PO4,LiOP,31,train
Li3PO4-006561,Li3PO4,LiOP,32,train
ZrO2-000582,ZrO2,OZr,96,train
ZrO2-002647,ZrO2,OZr,95,train
ZrO2-002567,ZrO2,OZr,95,train
Li3PO4-016165,Li3PO4,LiOP,61,train
Li3PO4-002827,Li3PO4,LiOP,32,train
ZrO2-001562,ZrO2,OZr,96,train
ZrO2-008035,ZrO2,OZr,95,train
Li3PO4-013161,Li3PO4,LiOP,61,train
ZrO2-000493,ZrO2,OZr,96,train
ZrO2-001472,ZrO2,OZr,96,train
ZrO2-000624,ZrO2,OZr,96,train
Li3PO4-009569,Li3PO4,LiOP,31,train
ZrO2-009399,ZrO2,OZr,48,train
Li3PO4-012423,Li3PO4,LiOP,31,train
Li3PO4-001525,Li3PO4,LiOP,32,train
ZrO2-005398,ZrO2,OZr,47,train
ZrO2-002211,ZrO2,OZr,95,train
Li3PO4-013026,Li3PO4,LiOP,61,train
Li3PO4-005199,Li3PO4,LiOP,32,train
ZrO2-005547,ZrO2,OZr,47,train
Li3PO4-014186,Li3PO4,LiOP,61,train
ZrO2-005768,ZrO2,OZr,95,train
Li3PO4-012426,Li3PO4,LiOP,31,train
Li3PO4-015811,Li3PO4,LiOP,61,train
Li3PO4-015286,Li3PO4,LiOP,61,train
