material_id,formula,bandgap_eV,space_group,crystal_system,atom_index,element,atomic_number,nominal_oxidation_state,pred_Zxx,pred_Zxy,pred_Zxz,pred_Zyx,pred_Zyy,pred_Zyz,pred_Zzx,pred_Zzy,pred_Zzz,pred_Z_mean,offdiag_frobenius_norm,tensor_max_asymmetry,delta_trace_anomaly,delta_max_component,is_giant_anomalous,is_moderate_anomalous,true_delta_trace,true_delta_max,is_genuine_giant_anomaly,is_genuine_moderate_anomaly
00080bd83a,Ba4TbGd(ClO3)2,2.774,P4mm,tetragonal,5,Gd,64,3.0,0.82063,-0.00095,-0.0,0.00095,0.79992,1e-05,0.0,-1e-05,0.82063,0.81373,0.00134,0.00189,2.18627,2.20008,True,True,2.18627,2.20008,True,True
000e39bcdd,Rb2Co3Br8,0.2741,Cm,monoclinic,2,Co,27,2.0,-0.25798,0.00017,0.00037,-0.0001,-0.23678,0.00011,0.00018,7e-05,-0.25816,-0.25097,0.00047,0.00026,2.25097,2.25816,True,True,2.25097,2.25816,True,True
000e39bcdd,Rb2Co3Br8,0.2741,Cm,monoclinic,3,Co,27,2.0,-0.68371,-0.00011,0.00067,-0.00016,-0.64864,-0.00018,0.0002,-0.00017,-0.68385,-0.67207,0.00076,0.00047,2.67207,2.68385,True,True,2.6720699999999997,2.68385,True,True
000e39bcdd,Rb2Co3Br8,0.2741,Cm,monoclinic,4,Co,27,2.0,-0.68409,6e-05,-0.00034,1e-05,-0.64864,0.00024,-0.00086,0.00013,-0.68346,-0.67207,0.00096,0.00052,2.67207,2.68409,True,True,2.6720699999999997,2.68409,True,True
000f865499,Nb4Ir3RhSe16,0.0675,Pm,monoclinic,3,Nb,41,5.0,2.56894,-0.00518,-8e-05,-0.00297,2.62981,-0.0004,8e-05,0.0004,2.56894,2.58923,0.006,0.00221,2.41077,2.43106,True,True,2.41077,2.43106,True,True
000f865499,Nb4Ir3RhSe16,0.0675,Pm,monoclinic,4,Ir,77,4.0,-2.41335,-0.00059,-0.00023,8e-05,-2.31347,7e-05,0.00023,-7e-05,-2.41335,-2.38006,0.00069,0.00067,6.38006,6.41335,True,True,6.38006,6.413349999999999,True,True
000f865499,Nb4Ir3RhSe16,0.0675,Pm,monoclinic,5,Ir,77,4.0,-2.54565,6e-05,-0.00027,0.00064,-2.5807,8e-05,0.00027,-8e-05,-2.54565,-2.55734,0.00075,0.00058,6.55734,6.5807,True,True,6.55734,6.5807,True,True
000f865499,Nb4Ir3RhSe16,0.0675,Pm,monoclinic,6,Ir,77,4.0,-2.85115,-1e-05,0.00044,0.00075,-2.92239,7e-05,-0.00044,-7e-05,-2.85115,-2.8749,0.00098,0.00088,6.8749,6.92239,True,True,6.8749,6.92239,True,True
000f865499,Nb4Ir3RhSe16,0.0675,Pm,monoclinic,7,Rh,45,3.0,-2.01355,-0.0005,9e-05,0.00025,-1.92872,0.00015,-9e-05,-0.00015,-2.01355,-1.98527,0.00062,0.00075,4.98527,5.01355,True,True,4.98527,5.01355,True,True
000f865499,Nb4Ir3RhSe16,0.0675,Pm,monoclinic,14,Se,34,-2.0,0.83628,0.00034,-5e-05,-0.00053,0.86303,-0.00012,5e-05,0.00012,0.83628,0.84519,0.00066,0.00088,2.84519,2.86303,True,True,2.84519,2.86303,True,True
000f865499,Nb4Ir3RhSe16,0.0675,Pm,monoclinic,15,Se,34,-2.0,1.4435,0.00088,-0.00024,0.00012,1.36866,-0.0001,0.00024,0.0001,1.4435,1.41855,0.00096,0.00076,3.41855,3.4435,True,True,3.4185499999999998,3.4435000000000002,True,True
000f865499,Nb4Ir3RhSe16,0.0675,Pm,monoclinic,18,Se,34,-2.0,0.38398,-0.00039,0.00115,0.00021,0.45043,0.00049,-0.00115,-0.00049,0.38398,0.40613,0.00182,0.0023,2.40613,2.45043,True,True,2.40613,2.45043,True,True
000f865499,Nb4Ir3RhSe16,0.0675,Pm,monoclinic,19,Se,34,-2.0,0.5355,-0.00075,-0.00103,-1e-05,0.56781,0.00045,0.00103,-0.00045,0.5355,0.54627,0.00175,0.00205,2.54627,2.56781,True,True,2.54627,2.56781,True,True
000f865499,Nb4Ir3RhSe16,0.0675,Pm,monoclinic,20,Se,34,-2.0,1.32027,3e-05,0.00056,-0.00051,1.31422,-0.00011,-0.00056,0.00011,1.32027,1.31825,0.00095,0.00111,3.31825,3.32027,True,True,3.31825,3.32027,True,True
000f865499,Nb4Ir3RhSe16,0.0675,Pm,monoclinic,21,Se,34,-2.0,1.53923,0.00036,-0.00042,-0.00034,1.57131,-0.00018,0.00042,0.00018,1.53923,1.54992,0.00081,0.00085,3.54992,3.57131,True,True,3.54992,3.57131,True,True
000f865499,Nb4Ir3RhSe16,0.0675,Pm,monoclinic,22,Se,34,-2.0,0.01937,0.00099,-0.00112,0.00107,0.03575,0.00055,0.00112,-0.00055,0.01937,0.02483,0.00229,0.00223,2.02483,2.03575,True,True,2.02483,2.03575,True,True
0022dece73,BaMn4(FeO6)2,0.5316,P1,triclinic,4,Mn,25,4.0,2.07762,-0.00019,-1e-05,0.00023,1.96221,0.00013,0.00461,-1e-05,2.08289,2.0409,0.00462,0.00461,1.9591,2.03779,True,True,1.9590999999999998,2.03779,True,True
0022dece73,BaMn4(FeO6)2,0.5316,P1,triclinic,5,Mn,25,4.0,1.96156,0.00055,0.00098,0.00124,1.88902,0.00033,0.00568,0.00016,1.96151,1.93737,0.00593,0.0047,2.06263,2.11098,True,True,2.06263,2.11098,True,True
0022dece73,BaMn4(FeO6)2,0.5316,P1,triclinic,6,Mn,25,4.0,2.04301,0.00035,0.00176,0.00068,1.91717,0.00019,0.00559,-6e-05,2.04474,2.00164,0.00592,0.00383,1.99836,2.08283,True,True,1.99836,2.08283,True,True
0022dece73,BaMn4(FeO6)2,0.5316,P1,triclinic,7,Mn,25,4.0,1.79818,-0.00065,-0.00582,2e-05,1.85312,0.00024,-0.00143,0.00015,1.80726,1.81952,0.00603,0.00439,2.18048,2.20182,True,True,2.18048,2.20182,True,True
0022dece73,BaMn4(FeO6)2,0.5316,P1,triclinic,9,Mn,25,4.0,1.62177,-0.00087,-0.00205,-4e-05,1.66129,0.00026,0.00151,0.00011,1.62636,1.63647,0.0027,0.00356,2.36353,2.37823,True,True,2.36353,2.3782300000000003,True,True
0022dece73,BaMn4(FeO6)2,0.5316,P1,triclinic,10,Fe,26,3.0,0.51712,0.0021,0.00174,0.00243,0.48543,0.0003,-0.00157,0.00012,0.53214,0.51156,0.00399,0.00332,2.48844,2.51457,True,True,2.4884399999999998,2.51457,True,True
0022dece73,BaMn4(FeO6)2,0.5316,P1,triclinic,11,Fe,26,3.0,0.25879,0.00236,-0.00036,0.00248,0.31255,-4e-05,-0.0057,-0.00028,0.27268,0.28134,0.00666,0.00534,2.71866,2.74121,True,True,2.71866,2.74121,True,True
0022dece73,BaMn4(FeO6)2,0.5316,P1,triclinic,12,Fe,26,3.0,0.35897,0.00106,0.0009,0.00191,0.4224,-0.00035,-0.00295,-0.00041,0.37397,0.38511,0.00382,0.00385,2.61489,2.64103,True,True,2.61489,2.6410299999999998,True,True
0022dece73,BaMn4(FeO6)2,0.5316,P1,triclinic,13,Fe,26,3.0,0.46251,-0.00285,0.00728,-0.00181,0.38187,7e-05,0.00079,-0.00021,0.46958,0.43799,0.00806,0.00649,2.56201,2.61813,True,True,2.56201,2.61813,True,True
0022dece73,BaMn4(FeO6)2,0.5316,P1,triclinic,26,O,8,-2.0,0.01508,0.0001,-0.00688,0.00152,-0.0195,0.00055,-0.00659,0.00135,0.02221,0.00593,0.00976,0.00141,2.00593,2.02221,True,True,2.00593,2.02221,True,True
0022dece73,BaMn4(FeO6)2,0.5316,P1,triclinic,27,O,8,-2.0,0.22489,-0.00046,-0.00702,0.0021,0.16947,0.00089,-0.00508,0.0015,0.23025,0.2082,0.0091,0.00257,2.2082,2.23025,True,True,2.2082,2.23025,True,True
0022dece73,BaMn4(FeO6)2,0.5316,P1,triclinic,28,O,8,-2.0,0.23935,-0.00063,-0.00745,0.0032,0.18464,0.00113,-0.0048,0.00172,0.24813,0.22404,0.00967,0.00383,2.22404,2.24813,True,True,2.22404,2.24813,True,True
0022dece73,BaMn4(FeO6)2,0.5316,P1,triclinic,32,O,8,-2.0,0.50085,-0.00294,-0.00386,0.00072,0.75608,0.0009,0.00024,0.00084,0.49742,0.58478,0.00507,0.0041,2.58478,2.75608,True,True,2.58478,2.75608,True,True
0022dece73,BaMn4(FeO6)2,0.5316,P1,triclinic,34,O,8,-2.0,0.38625,-0.0017,-0.00805,-0.00147,0.65388,0.00121,-0.00458,0.00088,0.38357,0.47456,0.00965,0.00348,2.47456,2.65388,True,True,2.47456,2.65388,True,True
0022dece73,BaMn4(FeO6)2,0.5316,P1,triclinic,35,O,8,-2.0,0.67722,0.0017,0.00525,-0.00404,0.47145,0.00042,0.00893,0.00065,0.67993,0.60953,0.01128,0.00574,2.60953,2.67993,True,True,2.60953,2.67993,True,True
0022dece73,BaMn4(FeO6)2,0.5316,P1,triclinic,36,O,8,-2.0,1.43943,0.00036,0.00284,0.00079,1.25231,7e-05,0.00734,3e-05,1.43744,1.3764,0.00792,0.0045,3.3764,3.43943,True,True,3.3764000000000003,3.4394299999999998,True,True
0022dece73,BaMn4(FeO6)2,0.5316,P1,triclinic,37,O,8,-2.0,0.49672,0.00339,0.00243,-0.00324,0.28259,0.00015,0.0089,0.00031,0.498,0.42577,0.01036,0.00663,2.42577,2.498,True,True,2.42577,2.498,True,True
0024ba3671,Cs6Sb2SeS7,1.9963,P2_1,monoclinic,12,Sb,51,5.0,2.63346,9e-05,0.00057,-3e-05,2.64044,4e-05,0.00056,4e-05,2.63357,2.63583,0.00081,0.00012,2.36417,2.36654,True,True,2.36417,2.36654,True,True
0024ba3671,Cs6Sb2SeS7,1.9963,P2_1,monoclinic,13,Sb,51,5.0,2.63819,3e-05,0.00057,-9e-05,2.63121,-4e-05,0.00056,-4e-05,2.63808,2.63583,0.00081,0.00012,2.36417,2.36879,True,True,2.36417,2.36879,True,True
0024ba3671,Cs6Sb2SeS7,1.9963,P2_1,monoclinic,14,Sb,51,5.0,2.58825,-0.00014,0.00035,-3e-05,2.51066,-0.0004,0.00063,-0.00041,2.58819,2.56237,0.00093,0.00028,2.43763,2.48934,True,True,2.43763,2.48934,True,True
0024ba3671,Cs6Sb2SeS7,1.9963,P2_1,monoclinic,15,Sb,51,5.0,2.53648,3e-05,0.00035,0.00014,2.61408,0.00041,0.00063,0.0004,2.53654,2.56237,0.00093,0.00028,2.43763,2.46352,True,True,2.43763,2.46352,True,True
0025f81102,Tb2DyY(Mo2O7)2,1.2296,C2/m,monoclinic,7,Mo,42,4.0,6.13777,0.00013,-0.00171,-0.00013,6.13682,0.00134,0.00171,0.00095,6.13588,6.13682,0.00294,0.00343,2.13682,2.13777,True,True,2.13682,2.1377699999999997,True,True
002ac3cdd6,SrTa3Cd3SbO14,2.2303,R-3m,trigonal,1,Ta,73,5.0,7.64752,1e-05,-0.00019,-1e-05,7.64738,0.00149,0.00019,0.00088,7.64724,7.64738,0.00175,0.00061,2.64738,2.64752,True,True,2.64738,2.64752,True,True
002ac3cdd6,SrTa3Cd3SbO14,2.2303,R-3m,trigonal,2,Ta,73,5.0,7.64792,-0.00045,0.00092,0.00045,7.64733,0.0,-0.00092,-0.00061,7.64675,7.64733,0.00157,0.00183,2.64733,2.64792,True,True,2.64733,2.64792,True,True
002ac3cdd6,SrTa3Cd3SbO14,2.2303,R-3m,trigonal,3,Ta,73,5.0,7.64904,0.0002,0.00202,-0.0002,7.64734,-0.00072,-0.00202,0.00053,7.64563,7.64734,0.00301,0.00404,2.64734,2.64904,True,True,2.64734,2.6490400000000003,True,True
0032baf733,Na5SrTaAs4,1.2438,Cc,monoclinic,12,Ta,73,5.0,1.22677,0.00011,-6e-05,0.00035,1.21755,0.0,0.0001,-0.00011,1.22676,1.22369,0.0004,0.00024,3.77631,3.78245,True,True,3.77631,3.78245,True,True
0032baf733,Na5SrTaAs4,1.2438,Cc,monoclinic,13,Ta,73,5.0,1.22688,7e-05,-0.0006,0.00024,1.21755,0.00011,-0.00071,1e-05,1.22665,1.22369,0.00097,0.00016,3.77631,3.78245,True,True,3.77631,3.78245,True,True
0033d0c8ce,K(WO3)2,1.7351,Ima2,orthorhombic,2,W,74,5.0,9.39573,-0.00047,-0.00014,0.00047,9.39948,-0.00046,0.00121,-0.00099,9.39748,9.39756,0.00177,0.00135,4.39756,4.39948,True,True,4.39756,4.3994800000000005,True,True
0033d0c8ce,K(WO3)2,1.7351,Ima2,orthorhombic,3,W,74,5.0,9.39595,-0.00074,0.00016,0.00074,9.39951,-0.00144,0.00092,-0.00043,9.39732,9.39759,0.00205,0.00148,4.39759,4.39951,True,True,4.397589999999999,4.399509999999999,True,True
0033d0c8ce,K(WO3)2,1.7351,Ima2,orthorhombic,4,W,74,6.0,8.36558,-0.00197,0.00341,0.00205,8.34518,0.00118,0.00209,0.00073,8.36836,8.35971,0.0051,0.00402,2.35971,2.36836,True,True,2.3597099999999998,2.368359999999999,True,True
0033d0c8ce,K(WO3)2,1.7351,Ima2,orthorhombic,5,W,74,6.0,8.35998,0.00036,0.00329,-0.00044,8.3625,0.00034,0.00344,-0.00011,8.3565,8.35966,0.00481,0.0008,2.35966,2.3625,True,True,2.35966,2.3625000000000007,True,True
003c5ffaf8,Ba3AgAs2H,0.8796,Pnma,orthorhombic,24,H,1,-1.0,-3.24854,-0.00039,-0.00018,-0.0003,-3.25523,4e-05,0.00018,-4e-05,-3.24854,-3.25077,0.00056,0.00037,2.25077,2.25523,True,True,2.25077,2.25523,True,True
003c5ffaf8,Ba3AgAs2H,0.8796,Pnma,orthorhombic,25,H,1,-1.0,-3.253,-0.00039,0.00018,-0.0003,-3.24631,4e-05,-0.00018,-4e-05,-3.253,-3.25077,0.00056,0.00037,2.25077,2.253,True,True,2.25077,2.253,True,True
003c5ffaf8,Ba3AgAs2H,0.8796,Pnma,orthorhombic,26,H,1,-1.0,-3.25301,0.0003,-0.00018,0.00039,-3.24631,4e-05,0.00018,-4e-05,-3.25301,-3.25077,0.00056,0.00037,2.25077,2.25301,True,True,2.25077,2.25301,True,True
003c5ffaf8,Ba3AgAs2H,0.8796,Pnma,orthorhombic,27,H,1,-1.0,-3.24854,0.0003,0.00018,0.00039,-3.25524,4e-05,-0.00018,-4e-05,-3.24854,-3.25077,0.00056,0.00037,2.25077,2.25524,True,True,2.25077,2.25524,True,True
0041890b76,K8ThAs4,0.817,Fd-3m,cubic,16,Th,90,4.0,1.62196,-0.0,0.0,0.0,1.62196,-0.0,-0.0,0.0,1.62196,1.62196,0.0,0.0,2.37804,2.37804,True,True,2.37804,2.37804,True,True
0041890b76,K8ThAs4,0.817,Fd-3m,cubic,17,Th,90,4.0,1.62196,0.0,-0.0,0.0,1.62196,-0.0,-0.0,-0.0,1.62196,1.62196,0.0,0.0,2.37804,2.37804,True,True,2.37804,2.37804,True,True
004268dee7,Tc2MoAs7,0.7056,Fmm2,orthorhombic,0,Tc,43,7.0,-4.32258,-0.00226,0.00212,-0.00211,-4.38399,0.00028,-0.00275,3e-05,-4.32123,-4.3426,0.00466,0.00487,11.3426,11.38399,True,True,11.342600000000001,11.38399,True,True
004268dee7,Tc2MoAs7,0.7056,Fmm2,orthorhombic,1,Tc,43,7.0,-4.10237,-0.00107,-0.00321,-0.00085,-4.01505,0.00021,0.00117,-0.00021,-4.09882,-4.07208,0.00369,0.00438,11.07208,11.10237,True,True,11.07208,11.10237,True,True
004268dee7,Tc2MoAs7,0.7056,Fmm2,orthorhombic,2,Tc,43,7.0,-4.02651,0.0012,-0.00177,0.00151,-4.1636,-0.0,0.0032,0.00026,-4.02612,-4.07208,0.00414,0.00497,11.07208,11.1636,True,True,11.07208,11.163599999999999,True,True
004268dee7,Tc2MoAs7,0.7056,Fmm2,orthorhombic,3,Tc,43,7.0,-4.32275,0.00035,0.00015,0.00013,-4.38398,-0.00066,-2e-05,-0.00045,-4.32108,-4.3426,0.00089,0.00022,11.3426,11.38398,True,True,11.342600000000001,11.383980000000001,True,True
004268dee7,Tc2MoAs7,0.7056,Fmm2,orthorhombic,4,Mo,42,6.0,-3.2596,0.00037,0.00152,2e-05,-3.15884,-0.00018,0.00225,-6e-05,-3.26091,-3.22645,0.00275,0.00073,9.22645,9.26091,True,True,9.22645,9.260909999999999,True,True
004268dee7,Tc2MoAs7,0.7056,Fmm2,orthorhombic,5,Mo,42,6.0,-3.25786,0.00122,0.00051,0.00132,-3.15886,0.0003,-0.00287,8e-05,-3.26262,-3.22645,0.00344,0.00338,9.22645,9.26262,True,True,9.22645,9.26262,True,True
004268dee7,Tc2MoAs7,0.7056,Fmm2,orthorhombic,6,As,33,-2.86,2.51054,0.00037,-0.00036,-0.00019,2.51325,-0.00027,0.00018,0.00035,2.52156,2.51512,0.00073,0.00062,5.37226,5.3787,True,True,5.37512,5.38156,True,True
004268dee7,Tc2MoAs7,0.7056,Fmm2,orthorhombic,7,As,33,-2.86,2.01972,0.00035,-0.00045,-0.00027,1.99597,-0.00021,0.00039,0.00041,2.01268,2.00946,0.00088,0.00084,4.8666,4.87687,True,True,4.86946,4.87972,True,True
004268dee7,Tc2MoAs7,0.7056,Fmm2,orthorhombic,8,As,33,-2.86,2.0219,0.00032,-0.00019,-0.00024,1.99595,-0.00011,0.00014,0.00031,2.01045,2.00943,0.00057,0.00057,4.86657,4.87904,True,True,4.8694299999999995,4.8819,True,True
004268dee7,Tc2MoAs7,0.7056,Fmm2,orthorhombic,9,As,33,-2.86,2.51577,-0.00043,3e-05,0.00052,2.51325,0.00084,9e-05,-0.00021,2.51633,2.51512,0.0011,0.00105,5.37226,5.37347,True,True,5.37512,5.376329999999999,True,True
004268dee7,Tc2MoAs7,0.7056,Fmm2,orthorhombic,10,As,33,-2.86,2.51308,-0.0004,0.0007,0.00046,2.49884,0.00084,-0.00103,-0.0002,2.51049,2.50747,0.00163,0.00173,5.36461,5.37023,True,True,5.36747,5.37308,True,True
004268dee7,Tc2MoAs7,0.7056,Fmm2,orthorhombic,11,As,33,-2.86,2.50819,0.00045,0.00035,0.0001,2.49884,-0.00038,-0.00031,0.0002,2.51539,2.50747,0.00079,0.00066,5.36462,5.37254,True,True,5.36747,5.3753899999999994,True,True
004268dee7,Tc2MoAs7,0.7056,Fmm2,orthorhombic,12,As,33,-2.86,1.14311,0.00059,0.00267,0.00031,1.17374,-0.00054,0.002,-0.00102,1.13742,1.15142,0.0036,0.00067,4.00857,4.03088,True,True,4.01142,4.03374,True,True
004268dee7,Tc2MoAs7,0.7056,Fmm2,orthorhombic,13,As,33,-2.86,0.49206,0.00076,0.00053,-0.00118,0.57243,-0.00035,-0.00031,1e-05,0.49225,0.51891,0.00157,0.00193,3.37606,3.42958,True,True,3.37891,3.43243,True,True
004268dee7,Tc2MoAs7,0.7056,Fmm2,orthorhombic,14,As,33,-2.86,1.15661,-0.00089,0.00369,0.00091,1.14064,-0.00039,0.00535,0.00019,1.15708,1.15144,0.00664,0.0018,4.00858,4.01422,True,True,4.01144,4.01708,True,True
004268dee7,Tc2MoAs7,0.7056,Fmm2,orthorhombic,15,As,33,-2.86,1.79235,0.00028,-0.00352,0.001,1.76938,0.00013,-0.00104,-0.00054,1.80022,1.78732,0.00385,0.00248,4.64446,4.65736,True,True,4.64732,4.66022,True,True
004268dee7,Tc2MoAs7,0.7056,Fmm2,orthorhombic,16,As,33,-2.86,1.14068,-0.00076,-0.00318,0.00033,1.17376,0.00051,-0.00574,0.00099,1.13989,1.15144,0.0067,0.00255,4.00858,4.0309,True,True,4.01144,4.03376,True,True
004268dee7,Tc2MoAs7,0.7056,Fmm2,orthorhombic,17,As,33,-2.86,0.50348,-0.00047,0.00183,-0.00041,0.54509,-0.00016,0.00245,-0.00049,0.50816,0.51891,0.00316,0.00062,3.37606,3.40224,True,True,3.37891,3.40509,True,True
004268dee7,Tc2MoAs7,0.7056,Fmm2,orthorhombic,18,As,33,-2.86,1.81434,0.00089,-0.00066,-0.00091,1.73256,-0.00029,0.00061,0.00041,1.81505,1.78732,0.00164,0.0018,4.64446,4.67219,True,True,4.64732,4.67505,True,True
004268dee7,Tc2MoAs7,0.7056,Fmm2,orthorhombic,19,As,33,-2.86,1.15984,-0.00088,-0.00078,-0.00044,1.14062,0.00043,-0.00377,-7e-05,1.15382,1.15142,0.004,0.00299,4.00857,4.01698,True,True,4.01142,4.01984,True,True
00496a4788,Pr4Th(PtO6)2,1.665,Cm,monoclinic,5,Pt,78,4.0,1.38678,-0.00024,-0.00098,0.00068,1.36965,0.00043,-0.00139,0.00018,1.38039,1.37894,0.0019,0.00092,2.62106,2.63035,True,True,2.62106,2.63035,True,True
00496a4788,Pr4Th(PtO6)2,1.665,Cm,monoclinic,6,Pt,78,4.0,1.38702,-0.00048,-0.00139,0.00049,1.36965,0.00013,-0.00057,-0.00013,1.38015,1.37894,0.00166,0.00096,2.62106,2.63035,True,True,2.62106,2.63035,True,True
004b9e45f6,KRb2Cr3F12,3.1268,P2_1/m,monoclinic,6,Cr,24,3.0,5.41517,0.00088,-0.0009,-0.00088,5.41627,0.0012,0.0009,0.00102,5.41737,5.41627,0.00237,0.00179,2.41627,2.41737,True,True,2.41627,2.41737,True,True
004b9e45f6,KRb2Cr3F12,3.1268,P2_1/m,monoclinic,7,Cr,24,3.0,5.41737,0.00088,-0.0009,-0.00088,5.41627,-0.00102,0.0009,-0.0012,5.41517,5.41627,0.00237,0.00179,2.41627,2.41737,True,True,2.41627,2.41737,True,True
004b9e45f6,KRb2Cr3F12,3.1268,P2_1/m,monoclinic,8,Cr,24,3.0,5.33551,0.00015,-0.00094,-0.00015,5.33475,6e-05,0.00094,-0.00032,5.33399,5.33475,0.00138,0.00187,2.33475,2.33551,True,True,2.3347499999999997,2.33551,True,True
004b9e45f6,KRb2Cr3F12,3.1268,P2_1/m,monoclinic,9,Cr,24,3.0,5.33399,0.00015,-0.00094,-0.00015,5.33475,0.00032,0.00094,-6e-05,5.33551,5.33475,0.00138,0.00187,2.33475,2.33551,True,True,2.3347499999999997,2.33551,True,True
004b9e45f6,KRb2Cr3F12,3.1268,P2_1/m,monoclinic,10,Cr,24,3.0,5.20379,0.00018,-0.00145,0.00073,5.22368,0.00017,0.00145,-0.00017,5.20379,5.21042,0.00219,0.0029,2.21042,2.22368,True,True,2.21042,2.22368,True,True
004b9e45f6,KRb2Cr3F12,3.1268,P2_1/m,monoclinic,11,Cr,24,3.0,5.21705,-0.00073,-0.00145,-0.00018,5.19717,0.00017,0.00145,-0.00017,5.21705,5.21042,0.00219,0.0029,2.21042,2.21705,True,True,2.21042,2.2170500000000004,True,True
005159625b,SrTb4Sm2CoI12,0.1986,P1,triclinic,7,Co,27,2.0,-7.17023,-8e-05,0.00107,7e-05,-7.17079,8e-05,-0.00071,-0.00014,-7.16994,-7.17032,0.0013,0.00178,9.17032,9.17079,True,True,9.17032,9.17079,True,True
005c11c5a7,Rb4ZrReBr12,1.0926,P4/mmm,tetragonal,5,Re,75,4.0,1.67571,-2e-05,0.0,2e-05,1.67571,-1e-05,0.0,1e-05,1.67571,1.67571,3e-05,3e-05,2.32429,2.32429,True,True,2.32429,2.32429,True,True
00605d5741,K6Ba6AlGaSb8,0.5724,P3m1,trigonal,12,Al,13,3.0,-1.7059,-0.0001,-0.0,0.0001,-1.69659,-4e-05,0.0,4e-05,-1.7059,-1.7028,0.00016,0.00021,4.7028,4.7059,True,True,4.7028,4.7059,True,True
00605d5741,K6Ba6AlGaSb8,0.5724,P3m1,trigonal,13,Ga,31,3.0,-1.55712,-0.00011,0.0,0.00011,-1.54873,-5e-05,0.0,5e-05,-1.55712,-1.55432,0.00017,0.00022,4.55432,4.55712,True,True,4.55432,4.55712,True,True
00605d5741,K6Ba6AlGaSb8,0.5724,P3m1,trigonal,16,Sb,51,-3.0,-0.86945,0.00038,-0.00089,0.00028,-0.8699,0.0002,0.00089,-0.0002,-0.86944,-0.8696,0.00137,0.00178,2.1304,2.13056,True,True,2.1304,2.13056,True,True
00605d5741,K6Ba6AlGaSb8,0.5724,P3m1,trigonal,17,Sb,51,-3.0,-0.86865,-0.00043,0.0001,0.00011,-0.8699,0.00012,-0.00079,0.00036,-0.87023,-0.8696,0.00099,0.00089,2.1304,2.13135,True,True,2.1304,2.13135,True,True
00605d5741,K6Ba6AlGaSb8,0.5724,P3m1,trigonal,18,Sb,51,-3.0,-0.88849,-0.00043,0.0008,-0.00052,-0.88405,0.00019,-0.0008,-0.00019,-0.88849,-0.88701,0.00135,0.00161,2.11299,2.11595,True,True,2.11299,2.1159499999999998,True,True
00605d5741,K6Ba6AlGaSb8,0.5724,P3m1,trigonal,19,Sb,51,-3.0,-0.87024,-0.00043,0.00079,0.00011,-0.8699,-0.00036,-0.0001,-0.00012,-0.86865,-0.8696,0.00099,0.00089,2.1304,2.13135,True,True,2.1304,2.13135,True,True
00605d5741,K6Ba6AlGaSb8,0.5724,P3m1,trigonal,20,Sb,51,-3.0,-0.88763,-1e-05,0.00017,0.00048,-0.88406,-0.00039,0.00097,-0.00015,-0.88937,-0.88702,0.00117,0.0008,2.11298,2.11594,True,True,2.11298,2.11594,True,True
00605d5741,K6Ba6AlGaSb8,0.5724,P3m1,trigonal,21,Sb,51,-3.0,-0.88937,-1e-05,-0.00097,0.00048,-0.88405,0.00015,-0.00017,0.00039,-0.88762,-0.88701,0.00117,0.0008,2.11299,2.11595,True,True,2.11299,2.1159499999999998,True,True
00676e7020,Sr6Mg2NiPdO12,1.4438,R-3,trigonal,8,Ni,28,4.0,1.56852,0.0,0.0002,-0.0,1.56758,0.00055,-0.0002,0.00054,1.56663,1.56758,0.00082,0.0004,2.43242,2.43337,True,True,2.43242,2.43337,True,True
00676e7020,Sr6Mg2NiPdO12,1.4438,R-3,trigonal,9,Pd,46,4.0,1.75397,0.0,0.00064,-0.0,1.75393,0.00056,-0.00064,0.00056,1.7539,1.75393,0.00119,0.00127,2.24607,2.2461,True,True,2.24607,2.2461,True,True
006e6bb9d4,Nb2SiTeSe3,0.281,P1,triclinic,0,Nb,41,5.0,1.71732,-0.00105,-0.00108,-0.00094,1.73065,0.00049,-0.00057,6e-05,1.71857,1.72218,0.00193,0.0005,3.27782,3.28268,True,True,3.27782,3.28268,True,True
006e6bb9d4,Nb2SiTeSe3,0.281,P1,triclinic,1,Nb,41,5.0,1.78801,0.00042,0.00026,0.00044,1.76584,0.00034,0.00077,0.00012,1.79053,1.78146,0.00108,0.00051,3.21854,3.23416,True,True,3.21854,3.23416,True,True
006e6bb9d4,Nb2SiTeSe3,0.281,P1,triclinic,2,Nb,41,5.0,1.78702,0.0005,-0.00036,0.00098,1.80586,0.00038,-0.00082,0.00032,1.78245,1.79178,0.0015,0.00049,3.20822,3.21755,True,True,3.20822,3.21755,True,True
006e6bb9d4,Nb2SiTeSe3,0.281,P1,triclinic,3,Nb,41,5.0,1.286,-0.0012,0.00058,-0.00045,1.26542,0.00041,-0.00017,0.00035,1.2834,1.27827,0.00152,0.00076,3.72173,3.73458,True,True,3.72173,3.7345800000000002,True,True
006e6bb9d4,Nb2SiTeSe3,0.281,P1,triclinic,4,Si,14,-4.0,1.23651,0.00103,0.00018,0.00095,1.24658,0.00011,-0.0004,-0.00058,1.24171,1.2416,0.00158,0.00068,5.2416,5.24658,True,True,5.2416,5.24658,True,True
006e6bb9d4,Nb2SiTeSe3,0.281,P1,triclinic,5,Si,14,-4.0,0.79678,-0.00239,-0.00058,-0.00232,0.82887,0.00047,-0.00046,-0.0001,0.79356,0.8064,0.00344,0.00057,4.8064,4.82887,True,True,4.8064,4.82887,True,True
0076475fa0,Fe2Sb3WO12,0.7537,Cmm2,orthorhombic,0,Fe,26,3.0,0.77261,-9e-05,-0.0,9e-05,0.72425,-6e-05,-0.0,6e-05,0.77146,0.75611,0.00015,0.00017,2.24389,2.27575,True,True,2.24389,2.27575,True,True
0076475fa0,Fe2Sb3WO12,0.7537,Cmm2,orthorhombic,2,Fe,26,3.0,0.77261,-9e-05,0.0,9e-05,0.72425,-6e-05,0.0,6e-05,0.77146,0.75611,0.00015,0.00017,2.24389,2.27575,True,True,2.24389,2.27575,True,True
0076475fa0,Fe2Sb3WO12,0.7537,Cmm2,orthorhombic,4,Sb,51,5.0,2.71358,0.00011,0.0,-0.00011,2.66065,-8e-05,0.0,8e-05,2.71194,2.69539,0.00019,0.00021,2.30461,2.33935,True,True,2.30461,2.33935,True,True
0076475fa0,Fe2Sb3WO12,0.7537,Cmm2,orthorhombic,5,Sb,51,5.0,2.71359,0.00011,-0.0,-0.00011,2.66066,-8e-05,-0.0,8e-05,2.71194,2.69539,0.00019,0.00021,2.30461,2.33934,True,True,2.30461,2.33934,True,True
0076475fa0,Fe2Sb3WO12,0.7537,Cmm2,orthorhombic,10,W,74,3.0,5.68251,7e-05,0.0,-7e-05,5.6485,0.00017,0.0,-0.00017,5.67935,5.67012,0.00025,0.00033,2.67012,2.68251,True,True,2.67012,2.6825099999999997,True,True
0076475fa0,Fe2Sb3WO12,0.7537,Cmm2,orthorhombic,11,W,74,3.0,5.6825,7e-05,-0.0,-7e-05,5.6485,0.00017,-0.0,-0.00017,5.67935,5.67012,0.00025,0.00033,2.67012,2.6825,True,True,2.67012,2.6825,True,True
007872dba2,Ac3IO4,2.7221,P4/mmm,tetragonal,12,I,53,-1.0,-3.11877,-0.00022,0.00018,0.00022,-3.11877,8e-05,0.00018,-8e-05,-3.11877,-3.11877,0.00042,0.00044,2.11877,2.11877,True,True,2.11877,2.11877,True,True
007872dba2,Ac3IO4,2.7221,P4/mmm,tetragonal,13,I,53,-1.0,-3.11877,-0.00022,0.00018,0.00022,-3.11877,8e-05,0.00018,-8e-05,-3.11877,-3.11877,0.00042,0.00044,2.11877,2.11877,True,True,2.11877,2.11877,True,True
007872dba2,Ac3IO4,2.7221,P4/mmm,tetragonal,14,I,53,-1.0,-3.11873,-0.00022,-0.00018,0.00022,-3.11874,8e-05,-0.00018,-8e-05,-3.11873,-3.11873,0.00042,0.00044,2.11873,2.11874,True,True,2.11873,2.11874,True,True
007872dba2,Ac3IO4,2.7221,P4/mmm,tetragonal,15,I,53,-1.0,-3.11873,-0.00022,-0.00018,0.00022,-3.11873,8e-05,-0.00018,-8e-05,-3.11873,-3.11873,0.00042,0.00044,2.11873,2.11873,True,True,2.11873,2.11873,True,True
0079068760,K4Mn(AsO4)2,2.5099,P-1,triclinic,5,As,33,5.0,2.43241,-0.00947,-0.00099,-0.00947,2.44892,0.00018,-0.00105,-7e-05,2.43271,2.43801,0.01347,0.00026,2.56199,2.56759,True,True,2.56199,2.56759,True,True
0079068760,K4Mn(AsO4)2,2.5099,P-1,triclinic,6,As,33,5.0,2.44332,0.00947,0.00105,0.00947,2.4271,0.00018,0.00099,-7e-05,2.44362,2.43801,0.01347,0.00026,2.56199,2.5729,True,True,2.56199,2.5729,True,True
007b902804,SmYTc2F14,1.6254,P-1,triclinic,7,Tc,43,4.0,2.0585,-0.00014,0.00134,-0.00087,1.99082,-0.00025,0.00168,-0.00022,2.0578,2.03571,0.00235,0.00072,1.96429,2.00918,True,True,1.96429,2.0091799999999997,True,True
007c94494a,K6YAlSb4,0.8101,I222,orthorhombic,6,Y,39,3.0,-0.44027,-0.0,0.00037,0.0,-0.43991,0.00014,-0.00037,0.00014,-0.43955,-0.43991,0.00056,0.00073,3.43991,3.44027,True,True,3.4399100000000002,3.44027,True,True
007c94494a,K6YAlSb4,0.8101,I222,orthorhombic,7,Al,13,3.0,-1.62872,-0.0,0.00101,0.0,-1.62886,-5e-05,-0.00101,-0.0001,-1.629,-1.62886,0.00143,0.00202,4.62886,4.629,True,True,4.6288599999999995,4.629,True,True
007c94494a,K6YAlSb4,0.8101,I222,orthorhombic,8,Sb,51,-3.0,-0.71353,-0.00038,-0.0007,0.00025,-0.71573,-0.00025,0.00243,-0.00044,-0.71495,-0.71474,0.00262,0.00313,2.28526,2.28647,True,True,2.28526,2.28647,True,True
007c94494a,K6YAlSb4,0.8101,I222,orthorhombic,9,Sb,51,-3.0,-0.71171,0.00019,0.0006,0.00033,-0.72315,-7e-05,-0.00087,0.00016,-0.70939,-0.71475,0.00114,0.00147,2.28525,2.29061,True,True,2.28525,2.29061,True,True
007c94494a,K6YAlSb4,0.8101,I222,orthorhombic,10,Sb,51,-3.0,-0.72425,0.00027,0.00101,-0.00014,-0.69828,-4e-05,-0.0011,-0.00023,-0.72173,-0.71475,0.00154,0.00211,2.28525,2.30172,True,True,2.28525,2.30172,True,True
007c94494a,K6YAlSb4,0.8101,I222,orthorhombic,11,Sb,51,-3.0,-0.71114,-0.00017,-0.0021,-0.00034,-0.72183,-0.00023,0.00073,0.0,-0.71128,-0.71475,0.00227,0.00283,2.28525,2.28886,True,True,2.28525,2.28886,True,True
007d2c1fed,InCu(IrS2)4,0.7537,F-43m,cubic,0,In,49,3.0,0.56718,0.0,0.0,-0.0,0.56718,0.0,-0.0,0.0,0.56718,0.56718,0.0,0.0,2.43282,2.43282,True,True,2.43282,2.43282,True,True
007d2c1fed,InCu(IrS2)4,0.7537,F-43m,cubic,2,Ir,77,3.0,0.09308,-0.00085,-0.0,-0.00085,0.09308,0.00023,0.0,-0.00023,0.09308,0.09308,0.00125,0.00046,2.90692,2.90692,True,True,2.90692,2.90692,True,True
007d2c1fed,InCu(IrS2)4,0.7537,F-43m,cubic,3,Ir,77,3.0,0.09313,-0.00162,0.00396,0.00219,0.09308,-8e-05,0.00396,8e-05,0.09303,0.09308,0.00623,0.00381,2.90692,2.90697,True,True,2.90692,2.90697,True,True
007d2c1fed,InCu(IrS2)4,0.7537,F-43m,cubic,4,Ir,77,3.0,0.05872,0.00124,-0.00411,-0.00067,0.16175,0.00167,0.00015,0.00182,0.05877,0.09308,0.005,0.00426,2.90692,2.94128,True,True,2.90692,2.94128,True,True
007d2c1fed,InCu(IrS2)4,0.7537,F-43m,cubic,5,Ir,77,3.0,0.12741,0.00124,0.00015,-0.00067,0.02444,-0.00182,-0.00411,-0.00167,0.12747,0.09311,0.005,0.00426,2.90689,2.97556,True,True,2.90689,2.97556,True,True
007d2c1fed,InCu(IrS2)4,0.7537,F-43m,cubic,6,S,16,-2.0,0.23448,-0.00058,-0.00276,8e-05,0.18619,0.00203,0.00174,0.00198,0.23222,0.21763,0.00437,0.00451,2.21763,2.23448,True,True,2.2176299999999998,2.23448,True,True
007d2c1fed,InCu(IrS2)4,0.7537,F-43m,cubic,10,S,16,-2.0,0.2176,0.00074,0.0,0.00074,0.21761,-8e-05,0.0,8e-05,0.2176,0.2176,0.00106,0.00016,2.2176,2.21761,True,True,2.2176,2.21761,True,True
007d2c1fed,InCu(IrS2)4,0.7537,F-43m,cubic,11,S,16,-2.0,0.20301,-0.00058,0.00174,8e-05,0.24905,-0.00198,-0.00276,-0.00203,0.20075,0.2176,0.00437,0.00451,2.2176,2.24905,True,True,2.2176,2.24905,True,True
007d2c1fed,InCu(IrS2)4,0.7537,F-43m,cubic,13,S,16,-2.0,0.21534,0.00041,0.00102,-0.00091,0.21761,3e-05,0.00102,-3e-05,0.21987,0.2176,0.00175,0.00132,2.2176,2.21987,True,True,2.2176,2.2198700000000002,True,True
008fadbf9f,CsFeGe3O8,3.0247,P-1,triclinic,2,Fe,26,3.0,-0.87829,-5e-05,-0.00153,0.0003,-0.88751,-6e-05,-0.00119,-8e-05,-0.87742,-0.88107,0.00197,0.00035,3.88107,3.88751,True,True,3.8810700000000002,3.88751,True,True
008fadbf9f,CsFeGe3O8,3.0247,P-1,triclinic,3,Fe,26,3.0,-0.88472,-0.0003,0.00119,5e-05,-0.87463,-6e-05,0.00153,-8e-05,-0.88385,-0.88107,0.00197,0.00035,3.88107,3.88472,True,True,3.8810700000000002,3.8847199999999997,True,True
009084d44e,Tb3NdTm2CoBr10,0.1035,P1,triclinic,6,Co,27,1.0,-6.33667,-0.00013,0.00053,0.00032,-6.38009,0.00046,-7e-05,0.00026,-6.33569,-6.35082,0.00083,0.0006,7.35082,7.38009,True,True,7.35082,7.38009,True,True
00959f548c,La3Pr(IrO6)2,0.1711,P2_1,monoclinic,8,Ir,77,6.0,3.24703,0.00032,0.00075,-0.00015,3.26685,-0.00051,-3e-05,-0.00066,3.24614,3.25334,0.00118,0.00077,2.74666,2.75386,True,True,2.74666,2.75386,True,True
00959f548c,La3Pr(IrO6)2,0.1711,P2_1,monoclinic,9,Ir,77,6.0,3.25965,0.00015,0.00075,-0.00032,3.23983,0.00066,-3e-05,0.00051,3.26054,3.25334,0.00118,0.00077,2.74666,2.76017,True,True,2.74666,2.76017,True,True
00959f548c,La3Pr(IrO6)2,0.1711,P2_1,monoclinic,10,Ir,77,6.0,3.36685,0.00017,-0.00042,-0.00045,3.34807,-0.0006,0.00019,-0.00072,3.36795,3.36096,0.00115,0.00062,2.63904,2.65193,True,True,2.63904,2.65193,True,True
00959f548c,La3Pr(IrO6)2,0.1711,P2_1,monoclinic,11,Ir,77,6.0,3.35506,0.00045,-0.00042,-0.00017,3.37384,0.00072,0.00019,0.0006,3.35396,3.36095,0.00115,0.00062,2.63905,2.64604,True,True,2.63905,2.64604,True,True
009c00a1dd,LaY5CoI10,0.1576,P1,triclinic,6,Co,27,2.0,-7.09195,-0.00017,0.00096,0.00027,-7.16258,0.00048,-0.00037,0.00068,-7.09225,-7.1156,0.00137,0.00134,9.1156,9.16258,True,True,9.1156,9.16258,True,True
009c1ebe51,TbTm5(Cu3Sb4)2,0.333,I-4,tetragonal,6,Cu,29,1.0,-2.06708,-0.00051,7e-05,-0.00031,-2.06878,-0.00053,0.00017,-0.0009,-2.06721,-2.06769,0.00122,0.00036,3.06769,3.06878,True,True,3.06769,3.06878,True,True
009c1ebe51,TbTm5(Cu3Sb4)2,0.333,I-4,tetragonal,7,Cu,29,1.0,-2.07066,-2e-05,-0.00048,0.00027,-2.06211,-0.0006,-0.00023,-0.00087,-2.07037,-2.06771,0.00121,0.00029,3.06771,3.07066,True,True,3.06771,3.07066,True,True
009c1ebe51,TbTm5(Cu3Sb4)2,0.333,I-4,tetragonal,8,Cu,29,1.0,-2.06391,0.00012,-0.0016,4e-05,-2.07319,0.00021,0.00123,0.00049,-2.066,-2.0677,0.0021,0.00283,3.0677,3.07319,True,True,3.0677,3.07319,True,True
009c1ebe51,TbTm5(Cu3Sb4)2,0.333,I-4,tetragonal,9,Cu,29,1.0,-2.06707,0.00028,-0.00113,0.00012,-2.06675,0.00036,0.00198,0.00039,-2.06933,-2.06772,0.00236,0.00311,3.06772,3.06933,True,True,3.06772,3.06933,True,True
009c1ebe51,TbTm5(Cu3Sb4)2,0.333,I-4,tetragonal,10,Cu,29,1.0,-1.95277,7e-05,0.00148,-7e-05,-1.9517,0.00028,-0.00148,0.00045,-1.95062,-1.9517,0.00216,0.00296,2.9517,2.95277,True,True,2.9516999999999998,2.95277,True,True
009c1ebe51,TbTm5(Cu3Sb4)2,0.333,I-4,tetragonal,11,Cu,29,1.0,-1.93171,7e-05,0.00149,-7e-05,-1.9307,0.00026,-0.00149,0.00039,-1.92968,-1.93069,0.00216,0.00298,2.93069,2.93171,True,True,2.9306900000000002,2.93171,True,True
009c1ebe51,TbTm5(Cu3Sb4)2,0.333,I-4,tetragonal,12,Sb,51,-3.0,-0.70638,-0.00037,0.00155,0.00013,-0.66083,0.00089,0.00108,-0.00014,-0.70634,-0.69118,0.00213,0.00103,2.30882,2.33917,True,True,2.30882,2.33917,True,True
009c1ebe51,TbTm5(Cu3Sb4)2,0.333,I-4,tetragonal,13,Sb,51,-3.0,-0.66661,0.00085,0.00011,-0.00034,-0.7686,0.00049,-0.00025,-0.00054,-0.66597,-0.70039,0.0012,0.00119,2.29961,2.33403,True,True,2.29961,2.3340300000000003,True,True
009c1ebe51,TbTm5(Cu3Sb4)2,0.333,I-4,tetragonal,14,Sb,51,-3.0,-0.69602,0.00061,5e-05,0.00066,-0.6733,-0.00067,-0.00166,0.00036,-0.70428,-0.6912,0.00203,0.00171,2.3088,2.3267,True,True,2.3087999999999997,2.3266999999999998,True,True
009c1ebe51,TbTm5(Cu3Sb4)2,0.333,I-4,tetragonal,15,Sb,51,-3.0,-0.71112,-0.0011,-0.00087,-0.00104,-0.68732,-0.0007,0.00018,0.0004,-0.70276,-0.7004,0.00193,0.00111,2.2996,2.31268,True,True,2.2996,2.31268,True,True
009c1ebe51,TbTm5(Cu3Sb4)2,0.333,I-4,tetragonal,16,Sb,51,-3.0,-0.66248,0.00047,0.00023,-7e-05,-0.74919,0.00055,-0.00017,-0.0006,-0.66194,-0.6912,0.00098,0.00115,2.3088,2.33806,True,True,2.3087999999999997,2.33806,True,True
009c1ebe51,TbTm5(Cu3Sb4)2,0.333,I-4,tetragonal,17,Sb,51,-3.0,-0.71894,-0.0005,0.00076,0.00048,-0.66319,0.00082,0.00155,-0.00026,-0.71907,-0.7004,0.00206,0.00108,2.2996,2.33681,True,True,2.2996,2.33681,True,True
009c1ebe51,TbTm5(Cu3Sb4)2,0.333,I-4,tetragonal,18,Sb,51,-3.0,-0.70519,0.00075,-0.00046,0.0009,-0.6825,-0.0007,-0.00101,0.00032,-0.71357,-0.70042,0.00179,0.00102,2.29958,2.3175,True,True,2.2995799999999997,2.3175,True,True
009c1ebe51,TbTm5(Cu3Sb4)2,0.333,I-4,tetragonal,19,Sb,51,-3.0,-0.69992,-0.00075,-0.0014,-0.00068,-0.68146,-0.0006,0.00032,0.00052,-0.69219,-0.69119,0.00193,0.00171,2.30881,2.31854,True,True,2.3088100000000003,2.31854,True,True
009e7d5015,Ca2GdVO6,2.2727,Cmc2_1,orthorhombic,4,Gd,64,3.0,0.57843,0.00136,-0.00163,0.00198,0.51731,1e-05,-0.00133,-0.00011,0.58198,0.55924,0.00319,0.00062,2.44076,2.48269,True,True,2.44076,2.48269,True,True
009e7d5015,Ca2GdVO6,2.2727,Cmc2_1,orthorhombic,5,Gd,64,3.0,0.5784,-0.00198,0.00163,-0.00136,0.51728,0.00011,0.00133,-1e-05,0.58194,0.55921,0.00319,0.00062,2.44079,2.48272,True,True,2.44079,2.48272,True,True
009fc45dfb,La4Tb2RuI10,0.2621,P-1,triclinic,0,La,57,1.0,3.55517,0.00032,-0.00059,0.00035,3.55271,-0.00016,0.00028,-1e-05,3.55259,3.55349,0.00082,0.00087,2.55349,2.55517,True,True,2.55349,2.55517,True,True
009fc45dfb,La4Tb2RuI10,0.2621,P-1,triclinic,1,La,57,1.0,3.55439,-0.00035,-0.00028,-0.00032,3.55427,-0.00016,0.00059,-1e-05,3.55181,3.55349,0.00082,0.00087,2.55349,2.55439,True,True,2.55349,2.55439,True,True
009fc45dfb,La4Tb2RuI10,0.2621,P-1,triclinic,2,La,57,1.0,4.05029,-0.00018,0.00034,1e-05,3.98856,-5e-05,9e-05,-0.00028,4.05051,4.02979,0.00049,0.00026,3.02979,3.05051,True,True,3.02979,3.05051,True,True
009fc45dfb,La4Tb2RuI10,0.2621,P-1,triclinic,3,La,57,1.0,4.00907,-1e-05,-9e-05,0.00018,4.07102,-5e-05,-0.00034,-0.00028,4.00928,4.02979,0.00049,0.00026,3.02979,3.07102,True,True,3.02979,3.07102,True,True
009fc45dfb,La4Tb2RuI10,0.2621,P-1,triclinic,6,Ru,44,2.0,-7.73456,0.00027,0.0004,-0.00027,-7.73465,8e-05,-0.0004,0.00035,-7.73475,-7.73465,0.00078,0.0008,9.73465,9.73475,True,True,9.73465,9.73475,True,True
009fca9686,Lu2In4(TeO6)3,1.9288,C2,monoclinic,6,Te,52,6.0,3.905,-3e-05,-0.00026,-1e-05,3.90459,-9e-05,-0.00045,1e-05,3.90417,3.90459,0.00053,0.00018,2.09541,2.09583,True,True,2.09541,2.09583,True,True
00a469b59b,TbV(FeGe)2,0.0885,P6_3/mmc,hexagonal,2,V,23,2.0,6.53742,-0.00108,-0.0,0.00108,6.53742,-0.00044,-0.0,0.00044,6.53742,6.53742,0.00164,0.00216,4.53742,4.53742,True,True,4.53742,4.53742,True,True
00a469b59b,TbV(FeGe)2,0.0885,P6_3/mmc,hexagonal,3,V,23,2.0,6.53726,-0.00108,-0.0,0.00108,6.53726,-0.00044,-0.0,0.00044,6.53726,6.53726,0.00164,0.00216,4.53726,4.53726,True,True,4.53726,4.53726,True,True
00a469b59b,TbV(FeGe)2,0.0885,P6_3/mmc,hexagonal,4,Fe,26,2.0,-4.18919,-0.00053,-0.0,0.00053,-4.17902,-0.00011,-0.0,0.00011,-4.18919,-4.1858,0.00076,0.00106,6.1858,6.18919,True,True,6.1858,6.18919,True,True
00a469b59b,TbV(FeGe)2,0.0885,P6_3/mmc,hexagonal,5,Fe,26,2.0,-4.18258,-0.00053,0.0,0.00053,-4.19273,-0.00011,-0.0,0.00011,-4.18258,-4.18596,0.00076,0.00106,6.18596,6.19273,True,True,6.18596,6.19273,True,True
00a469b59b,TbV(FeGe)2,0.0885,P6_3/mmc,hexagonal,6,Fe,26,2.0,-4.18935,-0.00053,0.0,0.00053,-4.17921,-0.00011,0.0,0.00011,-4.18935,-4.18597,0.00076,0.00106,6.18597,6.18935,True,True,6.18597,6.18935,True,True
00a469b59b,TbV(FeGe)2,0.0885,P6_3/mmc,hexagonal,7,Fe,26,2.0,-4.18241,-0.00053,0.0,0.00053,-4.19258,-0.00011,0.0,0.00011,-4.18241,-4.1858,0.00076,0.00106,6.1858,6.19258,True,True,6.1858,6.19258,True,True
00a469b59b,TbV(FeGe)2,0.0885,P6_3/mmc,hexagonal,8,Ge,32,-4.0,-0.7063,0.00133,0.0,-0.00133,0.21154,0.00014,0.0,-0.00014,-0.7063,-0.40035,0.00189,0.00265,3.59965,4.21154,True,True,3.59965,4.21154,True,True
00a469b59b,TbV(FeGe)2,0.0885,P6_3/mmc,hexagonal,9,Ge,32,-4.0,-0.09455,0.00133,0.0,-0.00133,-1.01242,0.00014,0.0,-0.00014,-0.09455,-0.40051,0.00189,0.00265,3.59949,3.90545,True,True,3.59949,3.90545,True,True
00a469b59b,TbV(FeGe)2,0.0885,P6_3/mmc,hexagonal,10,Ge,32,-4.0,-0.70652,0.00133,0.0,-0.00133,0.21134,0.00014,0.0,-0.00014,-0.70652,-0.40057,0.00189,0.00265,3.59943,4.21134,True,True,3.59943,4.21134,True,True
00a469b59b,TbV(FeGe)2,0.0885,P6_3/mmc,hexagonal,11,Ge,32,-4.0,-0.0944,0.00133,0.0,-0.00133,-1.01225,0.00014,-0.0,-0.00014,-0.0944,-0.40035,0.00189,0.00265,3.59965,3.9056,True,True,3.59965,3.9056,True,True
00ab1f0abd,OsRu3Se8,0.1721,R-3,trigonal,0,Os,76,4.0,-5.3594,-0.0,0.00014,0.0,-5.35994,-0.0004,-0.00014,-0.0004,-5.36048,-5.35994,0.0006,0.00028,9.35994,9.36048,True,True,9.35994,9.360479999999999,True,True
00ab1f0abd,OsRu3Se8,0.1721,R-3,trigonal,1,Ru,44,4.0,-5.32002,-0.0,0.00012,0.0,-5.32011,0.00043,-0.00012,-0.00022,-5.32019,-5.32011,0.00051,0.00065,9.32011,9.32019,True,True,9.32011,9.32019,True,True
00ab1f0abd,OsRu3Se8,0.1721,R-3,trigonal,2,Ru,44,4.0,-5.32014,5e-05,0.00028,-5e-05,-5.32011,-0.00022,-0.00028,0.00011,-5.32008,-5.32011,0.00047,0.00056,9.32011,9.32014,True,True,9.32011,9.32014,True,True
00ab1f0abd,OsRu3Se8,0.1721,R-3,trigonal,3,Ru,44,4.0,-5.32043,-5e-05,-0.0001,5e-05,-5.32011,-0.00061,0.0001,-0.00028,-5.31979,-5.32011,0.00069,0.00033,9.32011,9.32043,True,True,9.32011,9.32043,True,True
00ab1f0abd,OsRu3Se8,0.1721,R-3,trigonal,4,Se,34,-2.0,3.05999,-0.00073,0.00066,-0.00073,3.02243,-0.0035,-0.00294,-0.00349,3.0646,3.04901,0.00588,0.0036,5.04901,5.0646,True,True,5.04901,5.0646,True,True
00ab1f0abd,OsRu3Se8,0.1721,R-3,trigonal,5,Se,34,-2.0,2.57217,0.00157,0.00129,0.00147,2.46668,0.00432,0.00366,0.00382,2.57228,2.53704,0.00727,0.00237,4.53704,4.57228,True,True,4.53704,4.57228,True,True
00ab1f0abd,OsRu3Se8,0.1721,R-3,trigonal,6,Se,34,-2.0,2.65779,0.00062,-0.0011,0.00045,2.29951,0.00298,-0.00369,0.00326,2.65383,2.53704,0.00591,0.0026,4.53704,4.65779,True,True,4.53704,4.65779,True,True
00ab1f0abd,OsRu3Se8,0.1721,R-3,trigonal,7,Se,34,-2.0,2.50333,-0.0005,-0.00792,-0.00023,2.60496,-0.0034,-0.00366,-0.00319,2.50284,2.53704,0.00991,0.00426,4.53704,4.60496,True,True,4.53704,4.60496,True,True
00ab1f0abd,OsRu3Se8,0.1721,R-3,trigonal,8,Se,34,-2.0,2.57124,0.00023,0.00366,0.0005,2.46913,-0.0034,0.00792,-0.00319,2.57076,2.53704,0.00991,0.00426,4.53704,4.57124,True,True,4.53704,4.5712399999999995,True,True
00ab1f0abd,OsRu3Se8,0.1721,R-3,trigonal,9,Se,34,-2.0,2.42026,-0.00045,0.00369,-0.00062,2.77457,0.00298,0.0011,0.00326,2.4163,2.53704,0.00591,0.0026,4.53704,4.77457,True,True,4.53704,4.774570000000001,True,True
00ab1f0abd,OsRu3Se8,0.1721,R-3,trigonal,10,Se,34,-2.0,2.5018,-0.00147,-0.00366,-0.00157,2.60741,0.00432,-0.00129,0.00382,2.50191,2.53704,0.00727,0.00237,4.53704,4.60741,True,True,4.53704,4.60741,True,True
00ab1f0abd,OsRu3Se8,0.1721,R-3,trigonal,11,Se,34,-2.0,3.03341,0.00073,0.00294,0.00073,3.07559,-0.0035,-0.00066,-0.00349,3.03802,3.04901,0.00588,0.0036,5.04901,5.07559,True,True,5.04901,5.07559,True,True
00aba85fa3,Na4Sr2SnAs4,0.4344,Cc,monoclinic,12,Sn,50,4.0,1.16447,0.00063,5e-05,0.00086,1.15075,5e-05,9e-05,-6e-05,1.16432,1.15985,0.00107,0.00024,2.84015,2.84925,True,True,2.84015,2.84925,True,True
00aba85fa3,Na4Sr2SnAs4,0.4344,Cc,monoclinic,13,Sn,50,4.0,1.16422,0.00036,-0.00029,0.00047,1.15075,0.00018,-0.00011,8e-05,1.16457,1.15985,0.00069,0.00017,2.84015,2.84925,True,True,2.84015,2.84925,True,True
00b0f325a0,Dy2Mn2FeCuO10,0.3204,Pmc2_1,orthorhombic,4,Mn,25,4.0,1.78022,-0.00071,-0.00113,-0.00046,1.76172,0.00023,0.0001,0.00051,1.77567,1.77254,0.00153,0.00123,2.22746,2.23828,True,True,2.2274599999999998,2.23828,True,True
00b0f325a0,Dy2Mn2FeCuO10,0.3204,Pmc2_1,orthorhombic,5,Mn,25,4.0,1.77567,0.00046,0.0001,0.00071,1.76172,0.00024,-0.00113,0.00051,1.78022,1.77254,0.00153,0.00123,2.22746,2.23828,True,True,2.2274599999999998,2.23828,True,True
00b0f325a0,Dy2Mn2FeCuO10,0.3204,Pmc2_1,orthorhombic,6,Mn,25,4.0,1.76939,-0.00071,0.0001,-0.00046,1.78334,-0.00051,-0.00113,-0.00023,1.76484,1.77252,0.00153,0.00123,2.22748,2.23516,True,True,2.22748,2.23516,True,True
00b0f325a0,Dy2Mn2FeCuO10,0.3204,Pmc2_1,orthorhombic,7,Mn,25,4.0,1.76484,0.00046,-0.00113,0.00071,1.78334,-0.00051,0.0001,-0.00023,1.76939,1.77252,0.00153,0.00123,2.22748,2.23516,True,True,2.22748,2.23516,True,True
00b0f325a0,Dy2Mn2FeCuO10,0.3204,Pmc2_1,orthorhombic,8,Fe,26,3.0,0.24435,0.00027,-0.00014,-0.00034,0.24409,6e-05,-0.00014,-6e-05,0.24384,0.2441,0.00049,0.00061,2.7559,2.75616,True,True,2.7559,2.75616,True,True
00b0f325a0,Dy2Mn2FeCuO10,0.3204,Pmc2_1,orthorhombic,9,Fe,26,3.0,0.24382,0.00034,-0.00014,-0.00027,0.24407,6e-05,-0.00014,-6e-05,0.24433,0.24407,0.00049,0.00061,2.75593,2.75618,True,True,2.75593,2.75618,True,True
00b0f325a0,Dy2Mn2FeCuO10,0.3204,Pmc2_1,orthorhombic,24,O,8,-2.0,0.45714,-0.00096,-0.00276,0.00208,0.44905,4e-05,-0.00276,-4e-05,0.44097,0.44905,0.00452,0.00304,2.44905,2.45714,True,True,2.44905,2.45714,True,True
00b0f325a0,Dy2Mn2FeCuO10,0.3204,Pmc2_1,orthorhombic,25,O,8,-2.0,0.44097,-0.00208,-0.00276,0.00096,0.44905,4e-05,-0.00276,-4e-05,0.45715,0.44906,0.00452,0.00304,2.44906,2.45715,True,True,2.4490600000000002,2.45715,True,True
00b2709ecf,RbLaCr2O8,2.7706,P-3m1,trigonal,2,Cr,24,6.0,3.74176,0.00036,0.0,-0.00036,3.43917,-0.00022,0.0,0.00022,3.74176,3.6409,0.0006,0.00073,2.3591,2.56083,True,True,2.3591,2.56083,True,True
00b2709ecf,RbLaCr2O8,2.7706,P-3m1,trigonal,3,Cr,24,6.0,3.54001,0.00036,0.0,-0.00037,3.8426,-0.00022,-0.0,0.00022,3.54001,3.64087,0.0006,0.00073,2.35913,2.45999,True,True,2.35913,2.45999,True,True
00b3cd290e,Ga3FeF12,4.0282,R-3m,trigonal,3,Fe,26,3.0,-1.28041,0.00015,0.00145,-0.00015,-1.28086,-0.00145,-0.00145,-0.00196,-1.28131,-1.28086,0.00319,0.00289,4.28086,4.28131,True,True,4.2808600000000006,4.2813099999999995,True,True
00b94f2819,Hf2Zr2Ti2BI12,0.141,P1,triclinic,6,B,5,-3.0,-6.10207,0.00023,0.00053,-0.00019,-6.10704,-0.00049,0.0005,-0.00052,-6.10192,-6.10368,0.00107,0.00042,3.10368,3.10704,True,True,3.1036799999999998,3.1070399999999996,True,True
00bdf469cc,La2PIrI2,0.1834,P3m1,trigonal,0,La,57,1.0,3.54726,-0.00041,-0.0,0.00041,3.5622,-9e-05,-0.0,9e-05,3.54726,3.55224,0.00059,0.00081,2.55224,2.5622,True,True,2.55224,2.5622,True,True
00bdf469cc,La2PIrI2,0.1834,P3m1,trigonal,1,La,57,1.0,3.08128,-0.00023,-0.0,0.00023,3.12069,-1e-05,-0.0,1e-05,3.08128,3.09442,0.00033,0.00046,2.09442,2.12069,True,True,2.09442,2.12069,True,True
00bdf469cc,La2PIrI2,0.1834,P3m1,trigonal,2,P,15,-3.0,-0.61665,-0.0,0.0,0.0,-0.62674,-5e-05,0.0,5e-05,-0.61665,-0.62001,7e-05,0.0001,2.37999,2.38335,True,True,2.3799900000000003,2.38335,True,True
00bdf469cc,La2PIrI2,0.1834,P3m1,trigonal,3,Ir,77,3.0,-6.11796,0.00021,-0.0,-0.00021,-6.12673,0.0001,-0.0,-0.0001,-6.11796,-6.12089,0.00033,0.00042,9.12089,9.12673,True,True,9.12089,9.12673,True,True
00be7833b1,Rb7TaIn3As5,1.1099,P-1,triclinic,14,Ta,73,5.0,0.96105,0.00047,0.00048,-0.00034,0.93064,2e-05,8e-05,0.00012,0.95775,0.94981,0.00077,0.00082,4.05019,4.06936,True,True,4.05019,4.06936,True,True
00be7833b1,Rb7TaIn3As5,1.1099,P-1,triclinic,15,Ta,73,5.0,0.94188,0.00034,-8e-05,-0.00047,0.96899,2e-05,-0.00048,0.00012,0.93858,0.94981,0.00077,0.00082,4.05019,4.06142,True,True,4.05019,4.06142,True,True
00be7833b1,Rb7TaIn3As5,1.1099,P-1,triclinic,28,As,33,-3.0,-0.97113,0.00032,-0.00297,0.0004,-1.00745,0.0001,-0.00254,3e-05,-0.97134,-0.9833,0.00395,0.00044,2.0167,2.02887,True,True,2.0167,2.02887,True,True
00be7833b1,Rb7TaIn3As5,1.1099,P-1,triclinic,29,As,33,-3.0,-0.99527,-0.0004,0.00254,-0.00032,-0.95916,0.0001,0.00297,3e-05,-0.99548,-0.98331,0.00395,0.00044,2.01669,2.04084,True,True,2.01669,2.04084,True,True
00c281e3b8,Ba3LiP2H,1.2115,Pnma,orthorhombic,12,Li,3,1.0,-1.64179,-1e-05,0.00269,-6e-05,-1.6543,-4e-05,-0.00269,4e-05,-1.64179,-1.64596,0.00381,0.00539,2.64596,2.6543,True,True,2.64596,2.6543,True,True
00c281e3b8,Ba3LiP2H,1.2115,Pnma,orthorhombic,13,Li,3,1.0,-1.65013,-1e-05,-0.00269,-6e-05,-1.63762,-4e-05,0.00269,4e-05,-1.65013,-1.64596,0.00381,0.00539,2.64596,2.65013,True,True,2.64596,2.65013,True,True
00c281e3b8,Ba3LiP2H,1.2115,Pnma,orthorhombic,14,Li,3,1.0,-1.65013,6e-05,0.00269,1e-05,-1.63762,-4e-05,-0.00269,4e-05,-1.65013,-1.64596,0.00381,0.00539,2.64596,2.65013,True,True,2.64596,2.65013,True,True
00c281e3b8,Ba3LiP2H,1.2115,Pnma,orthorhombic,15,Li,3,1.0,-1.64179,6e-05,-0.00269,1e-05,-1.6543,-4e-05,0.00269,4e-05,-1.64179,-1.64596,0.00381,0.00539,2.64596,2.6543,True,True,2.64596,2.6543,True,True
00c281e3b8,Ba3LiP2H,1.2115,Pnma,orthorhombic,20,P,15,-3.0,-0.28059,-0.00086,-0.00075,4e-05,-0.28394,1e-05,0.00075,-1e-05,-0.28059,-0.28171,0.00137,0.00151,2.71829,2.71941,True,True,2.71829,2.71941,True,True
00c281e3b8,Ba3LiP2H,1.2115,Pnma,orthorhombic,21,P,15,-3.0,-0.28282,-0.00086,0.00075,4e-05,-0.27948,1e-05,-0.00075,-1e-05,-0.28282,-0.28171,0.00137,0.00151,2.71829,2.72052,True,True,2.71829,2.72052,True,True
00c281e3b8,Ba3LiP2H,1.2115,Pnma,orthorhombic,22,P,15,-3.0,-0.28282,-4e-05,-0.00075,0.00086,-0.27948,1e-05,0.00075,-1e-05,-0.28282,-0.28171,0.00137,0.00151,2.71829,2.72052,True,True,2.71829,2.72052,True,True
00c281e3b8,Ba3LiP2H,1.2115,Pnma,orthorhombic,23,P,15,-3.0,-0.28059,-4e-05,0.00075,0.00086,-0.28394,1e-05,-0.00075,-1e-05,-0.28059,-0.28171,0.00137,0.00151,2.71829,2.71941,True,True,2.71829,2.71941,True,True
00c5c2818e,Tb3LuPd3RuO14,0.183,R-3m,trigonal,7,Ru,44,4.0,1.37407,-0.00025,-0.00016,0.00025,1.37331,0.00056,0.00016,0.00055,1.37256,1.37331,0.00088,0.00049,2.62669,2.62744,True,True,2.62669,2.62744,True,True
00c9aac705,K4Zr6FeI18,1.1058,P-1,triclinic,10,Fe,26,2.0,-10.30573,0.0,2e-05,-0.0,-10.30566,-8e-05,-2e-05,-4e-05,-10.3056,-10.30566,9e-05,4e-05,12.30566,12.30573,True,True,12.30566,12.30573,True,True
00c9cc7e5d,HoTm2Ag(Pt2O7)2,0.1792,C2/m,monoclinic,7,Pt,78,4.0,1.60115,0.00017,0.00047,-0.00017,1.60145,-0.00229,-0.00047,-0.00196,1.60176,1.60145,0.0031,0.00094,2.39855,2.39885,True,True,2.39855,2.39885,True,True
00caa94620,CsInSb4,0.2308,Pnma,orthorhombic,4,In,49,3.0,-0.13371,0.00031,-0.00075,0.00086,-0.13715,7e-05,0.00075,-7e-05,-0.13371,-0.13486,0.00141,0.00151,3.13486,3.13715,True,True,3.13486,3.13715,True,True
00caa94620,CsInSb4,0.2308,Pnma,orthorhombic,5,In,49,3.0,-0.13601,-0.00086,-0.00075,-0.00031,-0.13257,7e-05,0.00075,-7e-05,-0.13601,-0.13486,0.00141,0.00151,3.13486,3.13601,True,True,3.13486,3.13601,True,True
00caa94620,CsInSb4,0.2308,Pnma,orthorhombic,6,In,49,3.0,-0.136,0.00031,0.00075,0.00086,-0.13257,7e-05,-0.00075,-7e-05,-0.136,-0.13486,0.00141,0.00151,3.13486,3.136,True,True,3.13486,3.136,True,True
00caa94620,CsInSb4,0.2308,Pnma,orthorhombic,7,In,49,3.0,-0.13371,-0.00086,0.00075,-0.00031,-0.13715,7e-05,-0.00075,-7e-05,-0.13371,-0.13486,0.00141,0.00151,3.13486,3.13715,True,True,3.13486,3.13715,True,True
00d94a5eb5,Ca4TaTi(MoO6)2,1.2319,P-1,triclinic,5,Ti,22,4.0,6.66508,0.00099,0.00105,-0.00099,6.66654,-0.00039,-0.00105,-4e-05,6.668,6.66654,0.00207,0.0021,2.66654,2.668,True,True,2.6665400000000004,2.668,True,True
00d94a5eb5,Ca4TaTi(MoO6)2,1.2319,P-1,triclinic,6,Mo,42,3.0,5.75498,-0.00151,-0.0,0.00151,5.75823,-3e-05,0.0,0.00023,5.76147,5.75823,0.00214,0.00301,2.75823,2.76147,True,True,2.75823,2.76147,True,True
00db2dda42,Nd5NbRuO12,0.7485,C2,monoclinic,6,Ru,44,4.0,0.98816,-7e-05,-0.00114,0.00054,0.98884,-0.00032,-0.00152,-0.00043,0.98951,0.98884,0.00205,0.00061,3.01116,3.01184,True,True,3.01116,3.01184,True,True
00e2264b19,MgFe4NiBr16,0.7241,C2,monoclinic,1,Fe,26,3.0,0.02207,0.00051,0.00025,0.0004,-0.0511,7e-05,0.00055,9e-05,0.02168,-0.00245,0.0009,0.0003,3.00245,3.0511,True,True,3.00245,3.0511,True,True
00e2264b19,MgFe4NiBr16,0.7241,C2,monoclinic,2,Fe,26,3.0,-0.02716,0.00033,-0.00066,6e-05,0.0462,0.00012,-0.00077,0.00011,-0.0264,-0.00245,0.00108,0.00027,3.00245,3.02716,True,True,3.00245,3.02716,True,True
00e2264b19,MgFe4NiBr16,0.7241,C2,monoclinic,3,Fe,26,3.0,-0.06147,-0.00038,-0.00056,-0.00029,-0.04889,4e-05,-0.00028,4e-05,-0.06173,-0.05736,0.00079,0.00028,3.05736,3.06173,True,True,3.05736,3.06173,True,True
00e2264b19,MgFe4NiBr16,0.7241,C2,monoclinic,4,Fe,26,3.0,-0.05359,-5e-05,0.00021,-0.00021,-0.06583,0.00015,-6e-05,0.0001,-0.05267,-0.05736,0.00035,0.00027,3.05736,3.06583,True,True,3.05736,3.06583,True,True
00e3856041,La3Nd3FeI10,0.5381,P1,triclinic,6,Fe,26,1.0,-6.78474,-0.00012,0.00098,0.00022,-6.77593,0.00033,-0.00056,0.00054,-6.78481,-6.78183,0.00132,0.00154,7.78183,7.78481,True,True,7.78183,7.78481,True,True
00e979a486,Tb2FeCoO6,1.8127,P2_1/c,monoclinic,4,Fe,26,3.0,0.55277,-0.00046,-0.0004,0.00046,0.55202,-0.00022,0.0004,-0.00074,0.55127,0.55202,0.00115,0.00092,2.44798,2.44873,True,True,2.4479800000000003,2.44873,True,True
00e979a486,Tb2FeCoO6,1.8127,P2_1/c,monoclinic,5,Fe,26,3.0,0.55127,-0.00046,0.0004,0.00046,0.55202,-0.00022,-0.0004,-0.00074,0.55277,0.55202,0.00115,0.00092,2.44798,2.44873,True,True,2.4479800000000003,2.44873,True,True
00e979a486,Tb2FeCoO6,1.8127,P2_1/c,monoclinic,6,Co,27,3.0,0.2894,-0.00013,0.00051,0.00013,0.28959,0.00018,-0.00051,-9e-05,0.28979,0.28959,0.00077,0.00102,2.71041,2.7106,True,True,2.71041,2.7106,True,True
00e979a486,Tb2FeCoO6,1.8127,P2_1/c,monoclinic,7,Co,27,3.0,0.28978,-0.00013,-0.00051,0.00013,0.28959,0.00018,0.00051,-9e-05,0.2894,0.28959,0.00077,0.00102,2.71041,2.7106,True,True,2.71041,2.7106,True,True
00f2c1e2e9,Na4SrSiGeSe6,2.3721,P1,triclinic,5,Si,14,4.0,1.70901,-0.00048,0.00032,0.00043,1.72793,-0.00023,-0.00017,-0.00018,1.70898,1.7153,0.0008,0.00091,2.2847,2.29102,True,True,2.2847,2.29102,True,True
00f4228135,CeTm3Zr4F28,0.1735,P1,triclinic,0,Ce,58,3.0,5.25332,0.00015,-0.0013,-0.00025,5.26771,-0.00038,-0.00031,-0.00021,5.2531,5.25804,0.00143,0.00098,2.25804,2.26771,True,True,2.2580400000000003,2.26771,True,True
00fad893d9,NdGd3(RuO6)2,0.1388,C2/c,monoclinic,2,Gd,64,3.0,0.05148,-4e-05,-0.00084,-0.00032,0.05023,-0.00071,-0.00015,-0.00108,0.04898,0.05023,0.00158,0.00069,2.94977,2.95102,True,True,2.94977,2.95102,True,True
00fad893d9,NdGd3(RuO6)2,0.1388,C2/c,monoclinic,3,Gd,64,3.0,0.05148,0.00032,0.00015,4e-05,0.05023,-0.00071,0.00084,-0.00108,0.04898,0.05023,0.00158,0.00069,2.94977,2.95102,True,True,2.94977,2.95102,True,True
00fad893d9,NdGd3(RuO6)2,0.1388,C2/c,monoclinic,8,Ru,44,6.0,3.389,-0.00102,-0.00346,-5e-05,3.39338,0.00039,-0.00197,-9e-05,3.38601,3.38946,0.00413,0.0015,2.61054,2.61399,True,True,2.61054,2.61399,True,True
00fad893d9,NdGd3(RuO6)2,0.1388,C2/c,monoclinic,9,Ru,44,6.0,3.39226,0.00127,0.00079,0.00091,3.38555,0.00127,-0.00067,0.00135,3.39058,3.38946,0.00263,0.00145,2.61054,2.61445,True,True,2.61054,2.61445,True,True
00fad893d9,NdGd3(RuO6)2,0.1388,C2/c,monoclinic,10,Ru,44,6.0,3.39291,5e-05,0.00197,0.00102,3.38554,0.00039,0.00346,-9e-05,3.38992,3.38946,0.00413,0.0015,2.61054,2.61446,True,True,2.61054,2.61446,True,True
00fad893d9,NdGd3(RuO6)2,0.1388,C2/c,monoclinic,11,Ru,44,6.0,3.38834,-0.00091,0.00067,-0.00127,3.39338,0.00127,-0.00079,0.00135,3.38666,3.38946,0.00263,0.00145,2.61054,2.61334,True,True,2.61054,2.61334,True,True
00feb7c3d7,Mn5Hg(MoO4)6,2.0476,P1,triclinic,6,Mo,42,6.0,3.14848,-0.00104,0.00076,-0.00121,3.18238,-0.00161,-0.00044,-0.00144,3.14935,3.16007,0.00283,0.0012,2.83993,2.85152,True,True,2.83993,2.85152,True,True
00feb7c3d7,Mn5Hg(MoO4)6,2.0476,P1,triclinic,7,Mo,42,6.0,3.74914,-0.00284,0.00095,-0.00281,3.71526,-0.00146,-0.00049,-0.0018,3.74793,3.73744,0.00474,0.00143,2.26256,2.28474,True,True,2.26256,2.28474,True,True
00feb7c3d7,Mn5Hg(MoO4)6,2.0476,P1,triclinic,8,Mo,42,6.0,3.23275,-0.00126,0.00022,-0.00165,3.20584,0.0009,-9e-05,0.00136,3.23362,3.22407,0.00265,0.00045,2.77593,2.79416,True,True,2.77593,2.79416,True,True
00feb7c3d7,Mn5Hg(MoO4)6,2.0476,P1,triclinic,9,Mo,42,6.0,3.50152,0.00057,0.00018,0.00109,3.53409,0.00162,-0.00094,0.00206,3.50317,3.51293,0.00304,0.00111,2.48707,2.49848,True,True,2.48707,2.49848,True,True
00feb7c3d7,Mn5Hg(MoO4)6,2.0476,P1,triclinic,10,Mo,42,6.0,3.57829,-0.0046,-0.00012,-0.00456,3.59616,-0.00098,-0.00045,-0.00058,3.57623,3.58356,0.00659,0.00041,2.41644,2.42377,True,True,2.41644,2.42377,True,True
00feb7c3d7,Mn5Hg(MoO4)6,2.0476,P1,triclinic,11,Mo,42,6.0,3.62042,0.0006,9e-05,0.00054,3.61584,-0.00054,0.00032,-0.00027,3.61807,3.61811,0.00106,0.00028,2.38189,2.38416,True,True,2.38189,2.38416,True,True
0116392eb8,Tb6HoFeBr12,0.1179,P1,triclinic,7,Fe,26,2.0,-6.40863,-0.0005,-0.00069,0.00042,-6.41301,7e-05,0.00069,7e-05,-6.40844,-6.41003,0.00118,0.00138,8.41003,8.41301,True,True,8.410029999999999,8.41301,True,True
011d367132,KBe3FeF9,4.355,P-6c2,hexagonal,8,Fe,26,2.0,-1.32305,-0.00077,0.0,0.00077,-1.32305,-2e-05,-0.0,2e-05,-1.32305,-1.32305,0.00108,0.00153,3.32305,3.32305,True,True,3.3230500000000003,3.3230500000000003,True,True
011d367132,KBe3FeF9,4.355,P-6c2,hexagonal,9,Fe,26,2.0,-1.32307,-0.00077,-0.0,0.00077,-1.32307,-2e-05,0.0,2e-05,-1.32307,-1.32307,0.00108,0.00153,3.32307,3.32307,True,True,3.32307,3.32307,True,True
011f6e577d,Zr5TiBBr12,0.1178,P1,triclinic,5,Ti,22,4.0,1.67144,0.0001,0.00019,0.00015,1.69367,-6e-05,0.00031,-1e-05,1.67026,1.67845,0.00041,0.00012,2.32155,2.32974,True,True,2.3215500000000002,2.32974,True,True
011f6e577d,Zr5TiBBr12,0.1178,P1,triclinic,6,B,5,-3.0,-5.6292,-4e-05,0.00024,-4e-05,-5.63258,5e-05,0.00049,0.00013,-5.62919,-5.63032,0.00056,0.00025,2.63032,2.63258,True,True,2.63032,2.63258,True,True
01206690f6,Er3Tm3IrO12,0.4273,R3,trigonal,6,Ir,77,6.0,3.42623,-5e-05,-0.00041,-5e-05,3.42655,-0.00032,0.00049,-0.00041,3.42506,3.42595,0.00083,0.0009,2.57405,2.57494,True,True,2.57405,2.57494,True,True
012a70ab14,V(BrF2)3,1.1851,P-1,triclinic,0,V,23,3.0,5.60388,0.00032,-0.00092,0.00038,5.60229,-0.00221,-0.00054,-0.00184,5.60456,5.60358,0.00311,0.00038,2.60358,2.60456,True,True,2.60358,2.60456,True,True
012a70ab14,V(BrF2)3,1.1851,P-1,triclinic,1,V,23,3.0,5.60259,-0.00038,0.00054,-0.00032,5.60486,-0.00221,0.00092,-0.00184,5.60327,5.60358,0.00311,0.00038,2.60358,2.60486,True,True,2.60358,2.6048600000000004,True,True
0135f70cd5,ReS2BrO9,2.2576,P-1,triclinic,0,Re,75,7.0,3.20136,-0.00224,-0.00161,-0.00167,3.16492,-0.00105,-0.00235,-0.00099,3.19487,3.18705,0.00425,0.00074,3.81295,3.83508,True,True,3.81295,3.83508,True,True
0135f70cd5,ReS2BrO9,2.2576,P-1,triclinic,1,Re,75,7.0,3.17924,0.00167,0.00235,0.00224,3.20918,-0.00105,0.00161,-0.00099,3.17274,3.18705,0.00425,0.00074,3.81295,3.82726,True,True,3.81295,3.82726,True,True
0135f70cd5,ReS2BrO9,2.2576,P-1,triclinic,2,S,16,6.0,3.62716,0.03156,0.00532,0.02636,3.62912,0.00456,0.00537,0.00415,3.62237,3.62622,0.04226,0.0052,2.37378,2.37763,True,True,2.37378,2.37763,True,True
0135f70cd5,ReS2BrO9,2.2576,P-1,triclinic,3,S,16,6.0,3.63007,-0.02636,-0.00537,-0.03156,3.62332,0.00456,-0.00532,0.00415,3.62528,3.62622,0.04226,0.0052,2.37378,2.37668,True,True,2.37378,2.37668,True,True
0135f70cd5,ReS2BrO9,2.2576,P-1,triclinic,4,S,16,6.0,3.69982,-0.00755,-0.00658,-0.0104,3.74177,-0.00184,-0.00601,-0.00214,3.7076,3.7164,0.01589,0.00285,2.2836,2.30018,True,True,2.2836,2.30018,True,True
0135f70cd5,ReS2BrO9,2.2576,P-1,triclinic,5,S,16,6.0,3.7252,0.0104,0.00601,0.00755,3.69103,-0.00184,0.00658,-0.00214,3.73298,3.7164,0.01589,0.00285,2.2836,2.30897,True,True,2.2836,2.30897,True,True
0139338f03,K3Ba4Tl(VSe4)4,1.0022,Pm,monoclinic,8,V,23,5.0,1.78157,0.00045,-0.00014,0.00028,1.78443,-5e-05,0.00014,5e-05,1.78157,1.78252,0.00057,0.00029,3.21748,3.21843,True,True,3.21748,3.2184299999999997,True,True
0139338f03,K3Ba4Tl(VSe4)4,1.0022,Pm,monoclinic,9,V,23,5.0,1.74555,0.00045,0.00016,0.00051,1.73994,-7e-05,-0.00016,7e-05,1.74555,1.74368,0.00072,0.00031,3.25632,3.26006,True,True,3.25632,3.26006,True,True
0139338f03,K3Ba4Tl(VSe4)4,1.0022,Pm,monoclinic,10,V,23,5.0,1.94519,-0.00048,0.00019,-0.00048,1.94299,-5e-05,-0.00019,5e-05,1.94519,1.94446,0.00073,0.00039,3.05554,3.05701,True,True,3.0555399999999997,3.05701,True,True
0139338f03,K3Ba4Tl(VSe4)4,1.0022,Pm,monoclinic,11,V,23,5.0,1.97414,-0.00053,-0.00018,-0.00045,1.97574,-6e-05,0.00018,5e-05,1.97414,1.97467,0.00075,0.00036,3.02533,3.02586,True,True,3.0253300000000003,3.0258599999999998,True,True
01444cd24f,Al(FeI4)3,0.282,P1,triclinic,1,Fe,26,3.0,0.68678,0.00038,0.00027,0.00035,0.69657,-0.0,0.00022,8e-05,0.68681,0.69005,0.00063,9e-05,2.30995,2.31322,True,True,2.3099499999999997,2.3132200000000003,True,True
01444cd24f,Al(FeI4)3,0.282,P1,triclinic,2,Fe,26,3.0,0.65445,-0.0002,0.00018,-0.00023,0.64959,-0.00015,0.00014,-0.00013,0.65438,0.65281,0.00043,4e-05,2.34719,2.35041,True,True,2.34719,2.35041,True,True
01444cd24f,Al(FeI4)3,0.282,P1,triclinic,3,Fe,26,3.0,0.67556,-0.00046,-0.00031,-0.00049,0.65862,-2e-05,-0.00036,7e-05,0.67559,0.66992,0.00083,9e-05,2.33008,2.34138,True,True,2.33008,2.34138,True,True
0147ac233e,NaDy(ReH9)2,3.0442,C2/m,monoclinic,0,Na,11,1.0,3.17636,0.00057,0.00108,-0.00057,3.17467,-0.00114,-0.00108,-0.00118,3.17296,3.17466,0.00238,0.00216,2.17466,2.17636,True,True,2.17466,2.17636,True,True
0147ac233e,NaDy(ReH9)2,3.0442,C2/m,monoclinic,2,Re,75,7.0,-3.13809,0.00399,0.00196,0.00356,-3.07918,-0.00156,0.00081,-0.00167,-3.14378,-3.12035,0.00619,0.00114,10.12035,10.14378,True,True,10.12035,10.14378,True,True
0147ac233e,NaDy(ReH9)2,3.0442,C2/m,monoclinic,3,Re,75,7.0,-3.09693,-0.00356,-0.00081,-0.00399,-3.16153,-0.00156,-0.00196,-0.00167,-3.10261,-3.12036,0.00619,0.00114,10.12036,10.16153,True,True,10.12036,10.161529999999999,True,True
0147ac233e,NaDy(ReH9)2,3.0442,C2/m,monoclinic,6,H,1,-1.0,1.61185,-0.01981,-0.00474,-0.01632,1.41689,-0.00644,-0.00443,-0.00881,1.61488,1.54787,0.02864,0.00349,2.54787,2.61488,True,True,2.54787,2.6148800000000003,True,True
0147ac233e,NaDy(ReH9)2,3.0442,C2/m,monoclinic,7,H,1,-1.0,1.48087,0.01632,0.00443,0.01981,1.67886,-0.00644,0.00474,-0.00881,1.4839,1.54787,0.02864,0.00349,2.54787,2.67886,True,True,2.54787,2.6788600000000002,True,True
0147ac233e,NaDy(ReH9)2,3.0442,C2/m,monoclinic,8,H,1,-1.0,1.74551,0.0512,0.00216,0.05329,1.61502,-4e-05,0.0033,0.00148,1.7403,1.70027,0.07402,0.00209,2.70027,2.74551,True,True,2.7002699999999997,2.74551,True,True
0147ac233e,NaDy(ReH9)2,3.0442,C2/m,monoclinic,9,H,1,-1.0,1.65692,0.0228,0.00097,0.02391,1.7866,0.01098,-0.00144,0.01026,1.65804,1.70052,0.03634,0.00241,2.70052,2.7866,True,True,2.70052,2.7866,True,True
0147ac233e,NaDy(ReH9)2,3.0442,C2/m,monoclinic,12,H,1,-1.0,1.66024,-0.05329,-0.0033,-0.0512,1.78553,-4e-05,-0.00216,0.00148,1.65503,1.70027,0.07402,0.00209,2.70027,2.78553,True,True,2.7002699999999997,2.78553,True,True
0147ac233e,NaDy(ReH9)2,3.0442,C2/m,monoclinic,13,H,1,-1.0,1.743,-0.02391,0.00144,-0.0228,1.61444,0.01098,-0.00097,0.01026,1.74412,1.70052,0.03634,0.00241,2.70052,2.74412,True,True,2.70052,2.7441199999999997,True,True
014d5d5fda,Pt4I5Br7,0.6878,P1,triclinic,0,Pt,78,3.0,0.72742,-0.00021,-4e-05,-2e-05,0.68029,-0.00013,-0.002,-0.00018,0.7267,0.71147,0.00202,0.00196,2.28853,2.31971,True,True,2.2885299999999997,2.31971,True,True
014d5d5fda,Pt4I5Br7,0.6878,P1,triclinic,1,Pt,78,3.0,0.48342,-0.0001,0.00083,2e-05,0.46997,0.00018,-0.00077,-2e-05,0.48217,0.47852,0.00115,0.0016,2.52148,2.53003,True,True,2.52148,2.53003,True,True
014d5d5fda,Pt4I5Br7,0.6878,P1,triclinic,2,Pt,78,3.0,0.30182,0.00023,-0.00086,-0.00028,0.32635,0.00025,0.00115,0.0003,0.30348,0.31055,0.00153,0.00201,2.68945,2.69818,True,True,2.68945,2.69818,True,True
014d5d5fda,Pt4I5Br7,0.6878,P1,triclinic,3,Pt,78,3.0,0.44691,0.00014,-0.00189,-0.00013,0.4931,-0.00063,0.00076,-0.00052,0.4514,0.46381,0.0022,0.00264,2.53619,2.55309,True,True,2.53619,2.55309,True,True
015387045e,ZrScAgS4,0.5354,Imma,orthorhombic,4,Ag,47,1.0,3.03059,-0.00011,0.00018,-2e-05,3.00134,-3e-05,0.00019,-0.00012,3.03057,3.02083,0.00031,9e-05,2.02083,2.03059,True,True,2.02083,2.03059,True,True
015387045e,ZrScAgS4,0.5354,Imma,orthorhombic,5,Ag,47,1.0,3.0111,2e-05,-0.00019,0.00011,3.04032,-3e-05,-0.00018,-0.00012,3.01108,3.02083,0.00031,9e-05,2.02083,2.04032,True,True,2.02083,2.04032,True,True
0153eecfc4,Mg5Mn(MoO4)6,3.0304,P1,triclinic,6,Mo,42,6.0,3.90676,-0.00295,0.00036,-0.00271,3.88512,-0.00173,-0.00101,-0.00147,3.90763,3.89984,0.00473,0.00137,2.10016,2.11488,True,True,2.10016,2.11488,True,True
0153eecfc4,Mg5Mn(MoO4)6,3.0304,P1,triclinic,7,Mo,42,6.0,3.41544,0.00208,0.00113,0.00226,3.43223,-0.0011,-0.00029,-0.00083,3.41641,3.42136,0.00356,0.00142,2.57864,2.58456,True,True,2.57864,2.58456,True,True
0153eecfc4,Mg5Mn(MoO4)6,3.0304,P1,triclinic,8,Mo,42,6.0,3.81869,-0.00144,0.00096,-0.00146,3.79371,0.00144,-0.00079,0.00148,3.82288,3.81176,0.00317,0.00175,2.18824,2.20629,True,True,2.18824,2.20629,True,True
0153eecfc4,Mg5Mn(MoO4)6,3.0304,P1,triclinic,9,Mo,42,6.0,3.50641,0.00079,0.00038,0.00084,3.53412,0.0012,-0.00071,0.00115,3.50927,3.5166,0.00217,0.00109,2.4834,2.49359,True,True,2.4834,2.49359,True,True
0153eecfc4,Mg5Mn(MoO4)6,3.0304,P1,triclinic,10,Mo,42,6.0,3.64684,0.00027,-0.00111,0.00028,3.67404,-0.00131,0.00041,-0.00128,3.6459,3.65559,0.00221,0.00152,2.34441,2.3541,True,True,2.34441,2.3541,True,True
0153eecfc4,Mg5Mn(MoO4)6,3.0304,P1,triclinic,11,Mo,42,6.0,3.60576,0.00049,0.00038,0.00036,3.59361,-0.00119,0.00033,-0.00086,3.60494,3.60144,0.00166,0.00033,2.39856,2.40639,True,True,2.39856,2.40639,True,True
015b1f4c58,Ac2Zr2O7,3.9445,Fd-3m,cubic,4,Zr,40,4.0,6.49018,0.00013,-0.0005,-0.00013,6.49,8e-05,0.0005,3e-05,6.48982,6.49,0.00073,0.001,2.49,2.49018,True,True,2.49,2.4901799999999996,True,True
015b1f4c58,Ac2Zr2O7,3.9445,Fd-3m,cubic,5,Zr,40,4.0,6.49,-0.0,-0.0,-0.0,6.49,-7e-05,-0.0,7e-05,6.49,6.49,9e-05,0.00013,2.49,2.49,True,True,2.49,2.49,True,True
015b1f4c58,Ac2Zr2O7,3.9445,Fd-3m,cubic,6,Zr,40,4.0,6.48964,-0.00027,0.0,0.00027,6.49,2e-05,0.0,-2e-05,6.49036,6.49,0.00038,0.00054,2.49,2.49036,True,True,2.49,2.49036,True,True
015b1f4c58,Ac2Zr2O7,3.9445,Fd-3m,cubic,7,Zr,40,4.0,6.49018,0.00013,0.0005,-0.00013,6.49,-3e-05,-0.0005,-8e-05,6.48982,6.49,0.00073,0.001,2.49,2.49018,True,True,2.49,2.4901799999999996,True,True
016ca4305c,Ba8HoTm3(FeO5)4,2.8342,P1,triclinic,12,Fe,26,3.0,-0.40924,6e-05,-0.00044,-0.00049,-0.39669,-0.00026,0.00066,1e-05,-0.40954,-0.40516,0.00097,0.0011,3.40516,3.40954,True,True,3.40516,3.40954,True,True
016ca4305c,Ba8HoTm3(FeO5)4,2.8342,P1,triclinic,13,Fe,26,3.0,-0.42698,-8e-05,-0.00064,-0.00056,-0.41613,-2e-05,0.00045,0.00024,-0.42667,-0.42326,0.001,0.00109,3.42326,3.42698,True,True,3.42326,3.42698,True,True
016ca4305c,Ba8HoTm3(FeO5)4,2.8342,P1,triclinic,14,Fe,26,3.0,-0.39832,0.00053,-0.00075,9e-05,-0.38926,-0.00025,0.00038,2e-05,-0.39873,-0.39543,0.00103,0.00113,3.39543,3.39873,True,True,3.39543,3.39873,True,True
016ca4305c,Ba8HoTm3(FeO5)4,2.8342,P1,triclinic,15,Fe,26,3.0,-0.3986,0.00052,-0.00035,3e-05,-0.39027,0.0,0.00072,0.00028,-0.39815,-0.39568,0.001,0.00108,3.39568,3.3986,True,True,3.39568,3.3986,True,True
016d2b608a,RbZrCr9Se16,0.3443,P1,triclinic,2,Cr,24,3.0,0.65355,0.00058,0.00126,0.00148,0.68115,-0.00035,-0.00222,-0.00087,0.65393,0.66288,0.00315,0.00349,2.33712,2.34645,True,True,2.33712,2.34645,True,True
016d2b608a,RbZrCr9Se16,0.3443,P1,triclinic,3,Cr,24,3.0,0.3515,-0.00208,0.00163,-0.00108,0.30833,-0.00156,-0.0014,-0.00164,0.35286,0.33756,0.0039,0.00304,2.66244,2.69167,True,True,2.66244,2.6916700000000002,True,True
016d2b608a,RbZrCr9Se16,0.3443,P1,triclinic,4,Cr,24,3.0,0.18525,-0.0023,0.00284,-0.00152,0.17852,-0.00166,-0.00094,-0.00173,0.18622,0.18333,0.00472,0.00378,2.81667,2.82148,True,True,2.8166700000000002,2.82148,True,True
016d2b608a,RbZrCr9Se16,0.3443,P1,triclinic,5,Cr,24,3.0,0.17378,0.00027,0.00179,0.00067,-0.23726,-0.00109,0.00507,-0.00076,0.17224,0.03625,0.00559,0.00328,2.96375,3.23726,True,True,2.96375,3.23726,True,True
016d2b608a,RbZrCr9Se16,0.3443,P1,triclinic,6,Cr,24,3.0,0.15696,0.00012,0.00195,0.0007,-0.26298,-0.00101,0.00481,-0.0006,0.15474,0.01624,0.00537,0.00286,2.98376,3.26298,True,True,2.98376,3.2629799999999998,True,True
016d2b608a,RbZrCr9Se16,0.3443,P1,triclinic,7,Cr,24,3.0,-0.14539,-0.00096,-0.00502,-0.00033,0.24147,-0.00057,-0.00171,-0.0001,-0.14543,-0.01645,0.00543,0.00331,3.01645,3.14543,True,True,3.01645,3.14543,True,True
016d2b608a,RbZrCr9Se16,0.3443,P1,triclinic,8,Cr,24,3.0,0.45335,-0.0009,-0.00488,-0.00049,0.7922,-0.00119,-0.00162,-0.00075,0.4525,0.56602,0.00543,0.00326,2.43398,2.5475,True,True,2.43398,2.5475,True,True
016d2b608a,RbZrCr9Se16,0.3443,P1,triclinic,9,Cr,24,3.0,-0.39056,0.00036,0.00062,0.00092,-0.39136,-0.00213,-0.00234,-0.00154,-0.39309,-0.39167,0.00371,0.00296,3.39167,3.39309,True,True,3.39167,3.39309,True,True
016d2b608a,RbZrCr9Se16,0.3443,P1,triclinic,10,Cr,24,3.0,-0.34231,0.00027,0.00112,0.001,-0.32466,-0.00174,-0.00036,-0.00117,-0.34547,-0.33748,0.00262,0.00148,3.33748,3.34547,True,True,3.3374800000000002,3.34547,True,True
016d2b608a,RbZrCr9Se16,0.3443,P1,triclinic,11,Se,34,-2.0,0.16448,0.00103,-0.0039,-0.00039,0.46664,0.00107,-0.00249,0.0015,0.16661,0.26591,0.0051,0.00142,2.26591,2.46664,True,True,2.26591,2.46664,True,True
016d2b608a,RbZrCr9Se16,0.3443,P1,triclinic,12,Se,34,-2.0,0.4071,0.00083,-0.00362,-0.00048,0.71115,0.0016,-0.00216,0.00164,0.40963,0.50929,0.0049,0.00146,2.50929,2.71115,True,True,2.50929,2.71115,True,True
016d2b608a,RbZrCr9Se16,0.3443,P1,triclinic,14,Se,34,-2.0,0.66477,0.00112,0.00242,0.00028,0.38593,0.00113,0.00273,0.00102,0.66697,0.57256,0.00412,0.00084,2.57256,2.66697,True,True,2.57256,2.66697,True,True
016d2b608a,RbZrCr9Se16,0.3443,P1,triclinic,16,Se,34,-2.0,0.28046,0.00151,-4e-05,0.0024,0.32712,0.00081,-0.00015,0.00017,0.27969,0.29576,0.00296,0.00089,2.29576,2.32712,True,True,2.29576,2.32712,True,True
016d2b608a,RbZrCr9Se16,0.3443,P1,triclinic,21,Se,34,-2.0,0.28395,0.00092,0.00397,0.00062,-0.0294,0.00082,0.00347,0.00101,0.28357,0.17937,0.00554,0.00051,2.17937,2.28395,True,True,2.17937,2.28395,True,True
016d2b608a,RbZrCr9Se16,0.3443,P1,triclinic,22,Se,34,-2.0,0.10643,0.00065,0.00397,0.0003,-0.20905,1e-05,0.00376,0.0004,0.1051,0.00083,0.00553,0.00038,2.00083,2.10643,True,True,2.00083,2.10643,True,True
016d2b608a,RbZrCr9Se16,0.3443,P1,triclinic,23,Se,34,-2.0,0.53684,0.00051,0.00166,-0.00049,0.3161,0.00051,0.00216,0.0002,0.53583,0.46292,0.00287,0.00101,2.46292,2.53684,True,True,2.46292,2.5368399999999998,True,True
016d2b608a,RbZrCr9Se16,0.3443,P1,triclinic,24,Se,34,-2.0,0.56433,0.00024,0.0014,-0.00036,0.33962,0.0007,0.00234,0.00041,0.56366,0.4892,0.00287,0.00094,2.4892,2.56433,True,True,2.4892,2.56433,True,True
016d2b608a,RbZrCr9Se16,0.3443,P1,triclinic,25,Se,34,-2.0,0.13223,0.00064,-0.00236,-0.00069,0.31094,0.00059,-0.0014,0.00039,0.13097,0.19138,0.00299,0.00133,2.19138,2.31094,True,True,2.19138,2.31094,True,True
016d2b608a,RbZrCr9Se16,0.3443,P1,triclinic,26,Se,34,-2.0,0.03763,0.00025,-0.00237,-0.00055,0.27158,0.00049,-0.00173,0.00027,0.03745,0.11555,0.00304,0.0008,2.11555,2.27158,True,True,2.11555,2.27158,True,True
0170157054,Ba2Sr(InP2)2,1.0754,C2/c,monoclinic,6,In,49,3.0,0.95126,0.00021,-0.00054,-0.00069,0.98243,0.00025,0.00035,0.00012,0.95232,0.962,0.001,0.0009,2.038,2.04874,True,True,2.0380000000000003,2.04874,True,True
0170157054,Ba2Sr(InP2)2,1.0754,C2/c,monoclinic,7,In,49,3.0,0.97177,0.00023,0.00111,-0.00064,0.94157,0.00041,0.00014,0.00072,0.97265,0.962,0.00155,0.00096,2.038,2.05843,True,True,2.0380000000000003,2.05843,True,True
0170157054,Ba2Sr(InP2)2,1.0754,C2/c,monoclinic,8,In,49,3.0,0.97169,0.00069,-0.00035,-0.00021,0.94158,0.00025,0.00054,0.00012,0.97274,0.962,0.001,0.0009,2.038,2.05842,True,True,2.0380000000000003,2.05842,True,True
0170157054,Ba2Sr(InP2)2,1.0754,C2/c,monoclinic,9,In,49,3.0,0.95135,0.00064,-0.00014,-0.00023,0.98243,0.00041,-0.00111,0.00072,0.95223,0.962,0.00155,0.00096,2.038,2.04865,True,True,2.0380000000000003,2.04865,True,True
0171537c04,Sr3NdBi2Sb,0.4092,P1,triclinic,8,Bi,83,-3.0,-0.54467,0.00019,0.00023,-7e-05,-0.54281,0.0,-0.0001,7e-05,-0.54314,-0.54354,0.00033,0.00033,2.45646,2.45719,True,True,2.45646,2.4571899999999998,True,True
0171537c04,Sr3NdBi2Sb,0.4092,P1,triclinic,9,Bi,83,-3.0,-0.64725,-3e-05,-0.0,-3e-05,-0.64812,0.00056,0.00041,0.00051,-0.64629,-0.64722,0.00086,0.00041,2.35278,2.35371,True,True,2.35278,2.35371,True,True
0171537c04,Sr3NdBi2Sb,0.4092,P1,triclinic,10,Bi,83,-3.0,-0.65705,-2e-05,-0.00082,-0.0,-0.64784,0.00034,5e-05,0.00015,-0.65612,-0.65367,0.0009,0.00087,2.34633,2.35216,True,True,2.34633,2.35216,True,True
0171537c04,Sr3NdBi2Sb,0.4092,P1,triclinic,11,Bi,83,-3.0,-0.62309,-0.00016,0.00012,-3e-05,-0.61627,-0.0001,6e-05,-0.00019,-0.62577,-0.62171,0.0003,0.00013,2.37829,2.38373,True,True,2.37829,2.38373,True,True
0171c285a5,KZrIrSe4,1.1103,Pm,monoclinic,2,Ir,77,3.0,-1.05795,0.0003,-0.00016,-0.00047,-1.02152,-0.00012,0.00016,0.00012,-1.05795,-1.04581,0.00063,0.00077,4.04581,4.05795,True,True,4.0458099999999995,4.05795,True,True
0171c285a5,KZrIrSe4,1.1103,Pm,monoclinic,3,Se,34,-2.0,0.85483,-0.00073,-1e-05,-0.00067,0.7551,-0.0,1e-05,0.0,0.85483,0.82158,0.00099,6e-05,2.82158,2.85483,True,True,2.82158,2.8548299999999998,True,True
0171c285a5,KZrIrSe4,1.1103,Pm,monoclinic,5,Se,34,-2.0,0.3705,0.00071,-0.00016,0.0003,0.44577,-0.00011,0.00016,0.00011,0.3705,0.39559,0.00082,0.00041,2.39559,2.44577,True,True,2.39559,2.44577,True,True
0172f560a9,BaH12(RhPb)2,1.5607,P-3m1,trigonal,13,Rh,45,3.0,-2.2075,0.00112,-0.0,-0.00113,-2.3114,0.00022,0.0,-0.00022,-2.2075,-2.24213,0.00162,0.00225,5.24213,5.3114,True,True,5.2421299999999995,5.3114,True,True
0172f560a9,BaH12(RhPb)2,1.5607,P-3m1,trigonal,14,Rh,45,3.0,-2.27677,0.00113,-0.0,-0.00112,-2.17287,0.00022,0.0,-0.00022,-2.27677,-2.24214,0.00162,0.00225,5.24214,5.27677,True,True,5.24214,5.27677,True,True
017cbfb744,NaLa6ReBr12,0.1824,P-1,triclinic,7,Re,75,5.0,-5.4771,-0.00021,1e-05,0.00021,-5.47826,-3e-05,-1e-05,0.0,-5.47942,-5.47826,0.0003,0.00042,10.47826,10.47942,True,True,10.478259999999999,10.479420000000001,True,True
017fc0cb4f,MnFe3Bi4(AsO5)4,2.3738,P1,triclinic,2,Fe,26,2.0,-0.30535,0.00143,-0.00025,0.00147,-0.29059,-0.00039,-0.00101,-0.00053,-0.30576,-0.30057,0.00239,0.00076,2.30057,2.30576,True,True,2.30057,2.30576,True,True
017fc0cb4f,MnFe3Bi4(AsO5)4,2.3738,P1,triclinic,8,As,33,5.0,2.48244,0.00737,-0.00275,0.00696,2.50814,-0.00023,-0.00092,-0.00025,2.4854,2.49199,0.01055,0.00183,2.50801,2.51756,True,True,2.50801,2.51756,True,True
017fc0cb4f,MnFe3Bi4(AsO5)4,2.3738,P1,triclinic,11,As,33,5.0,2.5435,-0.00893,0.00058,-0.00914,2.54131,-0.00017,0.00211,-0.00018,2.54584,2.54355,0.01297,0.00153,2.45645,2.45869,True,True,2.45645,2.45869,True,True
017fc0cb4f,MnFe3Bi4(AsO5)4,2.3738,P1,triclinic,22,O,8,-2.0,0.04504,0.00031,0.00118,3e-05,0.02136,0.00077,0.00156,0.0007,0.04767,0.03802,0.00224,0.00038,2.03802,2.04767,True,True,2.03802,2.04767,True,True
0181ab5978,Rb2MgZn(SiAs2)2,1.1944,P-1,triclinic,10,Si,14,3.0,0.58077,-0.00051,-0.00255,-0.00013,0.63117,0.00022,-0.00171,0.00018,0.58095,0.59763,0.00313,0.00083,2.40237,2.41923,True,True,2.40237,2.4192299999999998,True,True
0181ab5978,Rb2MgZn(SiAs2)2,1.1944,P-1,triclinic,11,Si,14,3.0,0.61431,0.00013,0.00171,0.00051,0.56409,0.00022,0.00255,0.00018,0.61449,0.59763,0.00313,0.00083,2.40237,2.43591,True,True,2.40237,2.43591,True,True
01835c44ac,K2Si3PtO9,2.4933,R3,trigonal,10,Pt,78,4.0,1.98856,0.00084,-0.00099,0.00073,1.98899,0.00092,0.00111,0.00097,1.98849,1.98868,0.00229,0.0021,2.01132,2.01151,True,True,2.01132,2.01151,True,True
01835c44ac,K2Si3PtO9,2.4933,R3,trigonal,11,Pt,78,4.0,1.70525,0.00022,-0.00217,4e-05,1.70865,0.00115,0.00039,0.00123,1.70494,1.70628,0.00278,0.00256,2.29372,2.29506,True,True,2.29372,2.2950600000000003,True,True
0183904081,LaPrTa5WO18,2.0087,P1,triclinic,2,Ta,73,5.0,7.0282,-0.00037,0.0009,-9e-05,6.96253,8e-05,-0.00018,-1e-05,7.02862,7.00645,0.001,0.00109,2.00645,2.02862,True,True,2.00645,2.02862,True,True
0183904081,LaPrTa5WO18,2.0087,P1,triclinic,3,Ta,73,5.0,7.11873,-0.00024,0.00083,-6e-05,7.10159,-0.00037,-0.00036,-0.00035,7.11743,7.11259,0.00107,0.00119,2.11259,2.11873,True,True,2.11259,2.1187300000000002,True,True
0183904081,LaPrTa5WO18,2.0087,P1,triclinic,4,Ta,73,5.0,7.09674,0.00042,0.00136,0.00028,7.11443,-0.00066,-0.00032,-0.00058,7.0946,7.10193,0.00173,0.00168,2.10193,2.11443,True,True,2.1019300000000003,2.1144299999999996,True,True
0183904081,LaPrTa5WO18,2.0087,P1,triclinic,5,Ta,73,5.0,6.97686,0.00035,-0.00042,0.00037,7.04569,0.0003,-0.00185,0.00026,6.97798,7.00018,0.00201,0.00144,2.00018,2.04569,True,True,2.0001800000000003,2.0456899999999996,True,True
0183904081,LaPrTa5WO18,2.0087,P1,triclinic,6,Ta,73,4.0,8.23526,-0.00072,-0.0001,0.00056,8.23633,0.00021,0.00023,-0.00025,8.23527,8.23562,0.001,0.00128,4.23562,4.23633,True,True,4.235620000000001,4.236330000000001,True,True
0187e02067,Y2ZrPtF14,2.5152,P-1,triclinic,4,Zr,40,4.0,6.18752,-0.00048,0.00076,-0.00075,6.18536,-0.00023,0.00032,-0.00016,6.18846,6.18711,0.00125,0.00044,2.18711,2.18846,True,True,2.1871099999999997,2.18846,True,True
0187e02067,Y2ZrPtF14,2.5152,P-1,triclinic,5,Zr,40,4.0,6.18577,0.00075,-0.00032,0.00048,6.18886,-0.00023,-0.00076,-0.00016,6.1867,6.18711,0.00125,0.00044,2.18711,2.18886,True,True,2.1871099999999997,2.18886,True,True
018ceafbc0,NdTiCdWO7,1.6621,Imma,orthorhombic,2,Ti,22,3.0,7.23652,-0.0001,-0.00211,0.0001,7.23693,-0.00086,0.00211,-0.0024,7.23734,7.23693,0.00393,0.00423,4.23693,4.23734,True,True,4.23693,4.23734,True,True
018ceafbc0,NdTiCdWO7,1.6621,Imma,orthorhombic,3,Ti,22,3.0,7.23868,0.00053,0.00087,-0.00053,7.23696,-0.00036,-0.00087,0.00092,7.23524,7.23696,0.00174,0.00174,4.23696,4.23868,True,True,4.23696,4.23868,True,True
0191905bfb,YHo5(Cu3Sb4)2,0.3289,I-4,tetragonal,6,Cu,29,1.0,-1.8885,-0.00016,-2e-05,0.00013,-1.88858,-0.00054,-2e-05,-0.00077,-1.88851,-1.88853,0.00096,0.00029,2.88853,2.88858,True,True,2.8885300000000003,2.88858,True,True
0191905bfb,YHo5(Cu3Sb4)2,0.3289,I-4,tetragonal,7,Cu,29,1.0,-1.92088,-0.00014,2e-05,0.00014,-1.9192,-0.00055,4e-05,-0.0008,-1.92087,-1.92032,0.00099,0.00028,2.92032,2.92088,True,True,2.9203200000000002,2.92088,True,True
0191905bfb,YHo5(Cu3Sb4)2,0.3289,I-4,tetragonal,8,Cu,29,1.0,-1.88355,0.00023,-0.00111,7e-05,-1.88598,0.00027,0.00166,0.00041,-1.88464,-1.88472,0.00207,0.00277,2.88472,2.88598,True,True,2.8847199999999997,2.88598,True,True
0191905bfb,YHo5(Cu3Sb4)2,0.3289,I-4,tetragonal,9,Cu,29,1.0,-1.88471,-0.00015,-0.00137,-0.00025,-1.87878,0.00028,0.00165,0.00041,-1.88694,-1.88347,0.00222,0.00302,2.88347,2.88694,True,True,2.88347,2.88694,True,True
0191905bfb,YHo5(Cu3Sb4)2,0.3289,I-4,tetragonal,10,Cu,29,1.0,-1.88771,0.00026,0.00101,0.00013,-1.88619,0.00023,-0.00183,0.00032,-1.88598,-1.88663,0.00215,0.00284,2.88663,2.88771,True,True,2.8866300000000003,2.88771,True,True
0191905bfb,YHo5(Cu3Sb4)2,0.3289,I-4,tetragonal,11,Cu,29,1.0,-1.88466,-6e-05,0.00148,-0.00019,-1.8911,0.00025,-0.00152,0.00037,-1.88297,-1.88624,0.00218,0.003,2.88624,2.8911,True,True,2.88624,2.8911,True,True
0191905bfb,YHo5(Cu3Sb4)2,0.3289,I-4,tetragonal,12,Sb,51,-3.0,-0.91713,-0.00035,0.00114,0.00049,-0.88828,0.00081,0.00115,-0.00029,-0.91717,-0.90753,0.00193,0.0011,2.09247,2.11172,True,True,2.09247,2.11172,True,True
0191905bfb,YHo5(Cu3Sb4)2,0.3289,I-4,tetragonal,13,Sb,51,-3.0,-0.87695,0.00043,-0.00023,-0.00066,-0.96997,0.00046,-0.0001,-0.00064,-0.87679,-0.9079,0.00114,0.00111,2.0921,2.12321,True,True,2.0921,2.1232100000000003,True,True
0191905bfb,YHo5(Cu3Sb4)2,0.3289,I-4,tetragonal,14,Sb,51,-3.0,-0.89727,0.00095,0.00017,0.00104,-0.86444,-0.00073,-0.00139,0.00033,-0.90496,-0.88889,0.00215,0.00156,2.11111,2.13556,True,True,2.11111,2.13556,True,True
0191905bfb,YHo5(Cu3Sb4)2,0.3289,I-4,tetragonal,15,Sb,51,-3.0,-0.89321,-0.001,-0.00133,-0.00097,-0.86603,-0.00069,0.0003,0.00036,-0.8858,-0.88168,0.0021,0.00163,2.11832,2.13397,True,True,2.1183199999999998,2.13397,True,True
0191905bfb,YHo5(Cu3Sb4)2,0.3289,I-4,tetragonal,16,Sb,51,-3.0,-0.85938,0.00025,-0.0003,-0.00051,-0.94415,0.00054,-3e-05,-0.00048,-0.85953,-0.88769,0.00097,0.00102,2.11231,2.14062,True,True,2.11231,2.14062,True,True
0191905bfb,YHo5(Cu3Sb4)2,0.3289,I-4,tetragonal,17,Sb,51,-3.0,-0.89691,-0.00021,0.00136,0.00024,-0.87438,0.00089,0.00111,-0.00018,-0.8965,-0.88926,0.002,0.00107,2.11074,2.12562,True,True,2.11074,2.12562,True,True
0191905bfb,YHo5(Cu3Sb4)2,0.3289,I-4,tetragonal,18,Sb,51,-3.0,-0.91278,0.00103,0.00021,0.00119,-0.8772,-0.00069,-0.00127,0.00039,-0.92073,-0.90357,0.00218,0.00148,2.09643,2.1228,True,True,2.09643,2.1228,True,True
0191905bfb,YHo5(Cu3Sb4)2,0.3289,I-4,tetragonal,19,Sb,51,-3.0,-0.90933,-0.00116,-0.00108,-0.00101,-0.87885,-0.00064,0.00021,0.00046,-0.90158,-0.89658,0.00205,0.00129,2.10342,2.12115,True,True,2.10342,2.12115,True,True
019465cdd8,Cs4Na2SmYSb4,1.4445,C222_1,orthorhombic,12,Sm,62,3.0,-0.14756,2e-05,-0.00013,-0.00018,-0.14689,-5e-05,-6e-05,-0.00019,-0.14621,-0.14689,0.0003,0.00019,3.14689,3.14756,True,True,3.14689,3.14756,True,True
019465cdd8,Cs4Na2SmYSb4,1.4445,C222_1,orthorhombic,13,Sm,62,3.0,-0.14755,0.00018,0.00013,-2e-05,-0.14688,0.00019,6e-05,5e-05,-0.1462,-0.14688,0.0003,0.00019,3.14688,3.14755,True,True,3.14688,3.14755,True,True
019465cdd8,Cs4Na2SmYSb4,1.4445,C222_1,orthorhombic,14,Y,39,3.0,-0.35616,0.00025,0.00018,-5e-05,-0.35557,-4e-05,0.00016,-0.00015,-0.35498,-0.35557,0.00039,0.0003,3.35557,3.35616,True,True,3.35557,3.35616,True,True
019465cdd8,Cs4Na2SmYSb4,1.4445,C222_1,orthorhombic,15,Y,39,3.0,-0.35617,5e-05,-0.00018,-0.00025,-0.35558,0.00015,-0.00016,4e-05,-0.35499,-0.35558,0.00039,0.0003,3.35558,3.35617,True,True,3.35558,3.35617,True,True
019465cdd8,Cs4Na2SmYSb4,1.4445,C222_1,orthorhombic,16,Sb,51,-3.0,-0.53424,-7e-05,-0.00083,0.00024,-0.5335,-0.0002,0.00109,-0.0001,-0.53276,-0.5335,0.00141,0.00192,2.4665,2.46724,True,True,2.4665,2.46724,True,True
019465cdd8,Cs4Na2SmYSb4,1.4445,C222_1,orthorhombic,17,Sb,51,-3.0,-0.53424,-0.00024,0.00083,7e-05,-0.5335,0.0001,-0.00109,0.0002,-0.53276,-0.5335,0.00141,0.00192,2.4665,2.46724,True,True,2.4665,2.46724,True,True
019465cdd8,Cs4Na2SmYSb4,1.4445,C222_1,orthorhombic,18,Sb,51,-3.0,-0.65861,-0.0002,-0.0008,8e-05,-0.65808,-0.00013,0.00041,-4e-05,-0.65756,-0.65808,0.00094,0.00121,2.34192,2.34244,True,True,2.34192,2.34244,True,True
019465cdd8,Cs4Na2SmYSb4,1.4445,C222_1,orthorhombic,19,Sb,51,-3.0,-0.65861,-8e-05,0.0008,0.0002,-0.65808,4e-05,-0.00041,0.00013,-0.65756,-0.65808,0.00094,0.00121,2.34192,2.34244,True,True,2.34192,2.34244,True,True
019465cdd8,Cs4Na2SmYSb4,1.4445,C222_1,orthorhombic,20,Sb,51,-3.0,-0.68647,-0.00034,0.00083,-0.00018,-0.6877,1e-05,-0.00105,-2e-05,-0.68616,-0.68678,0.00139,0.00188,2.31322,2.31384,True,True,2.3132200000000003,2.31384,True,True
019465cdd8,Cs4Na2SmYSb4,1.4445,C222_1,orthorhombic,21,Sb,51,-3.0,-0.68647,0.00018,-0.00083,0.00034,-0.6877,2e-05,0.00105,-1e-05,-0.68616,-0.68677,0.00139,0.00188,2.31323,2.31384,True,True,2.31323,2.31384,True,True
019465cdd8,Cs4Na2SmYSb4,1.4445,C222_1,orthorhombic,22,Sb,51,-3.0,-0.68761,5e-05,0.00065,0.00015,-0.68585,-0.00022,-0.00045,-0.00011,-0.68686,-0.68678,0.00084,0.0011,2.31322,2.31415,True,True,2.3132200000000003,2.31415,True,True
019465cdd8,Cs4Na2SmYSb4,1.4445,C222_1,orthorhombic,23,Sb,51,-3.0,-0.68761,-0.00015,-0.00065,-5e-05,-0.68585,0.00011,0.00045,0.00022,-0.68686,-0.68678,0.00084,0.0011,2.31322,2.31415,True,True,2.3132200000000003,2.31415,True,True
019bdf9d60,Tm5Lu3C14,0.0614,P1,triclinic,20,C,6,-2.0,-5.02667,-0.00021,-0.00123,0.00031,-5.02702,0.00068,0.00155,-0.00019,-5.02796,-5.02722,0.00213,0.00278,3.02722,3.02796,True,True,3.02722,3.02796,True,True
019bdf9d60,Tm5Lu3C14,0.0614,P1,triclinic,21,C,6,-2.0,-5.14372,-0.00037,0.00122,0.00012,-5.13752,0.00031,-0.00135,-0.00047,-5.14524,-5.14216,0.00194,0.00257,3.14216,3.14524,True,True,3.1421599999999996,3.1452400000000003,True,True
019cd974a2,Tb5DyNiBr10,0.496,P1,triclinic,6,Ni,28,2.0,-5.58618,-2e-05,0.00018,1e-05,-5.59017,9e-05,-8e-05,0.00011,-5.58633,-5.58756,0.00025,0.00026,7.58756,7.59017,True,True,7.58756,7.59017,True,True
019d442544,Ho3Tm(CrB4)4,0.1826,Pm,monoclinic,4,Cr,24,3.0,-0.34965,0.00364,0.00182,0.00049,-0.47193,-0.00023,-0.00182,0.00023,-0.34965,-0.39041,0.0045,0.00364,3.39041,3.47193,True,True,3.39041,3.47193,True,True
019d442544,Ho3Tm(CrB4)4,0.1826,Pm,monoclinic,5,Cr,24,3.0,-0.53419,-0.0001,0.00182,-0.00325,-0.41887,-0.00021,-0.00182,0.00021,-0.53419,-0.49575,0.00416,0.00365,3.49575,3.53419,True,True,3.49575,3.53419,True,True
019d442544,Ho3Tm(CrB4)4,0.1826,Pm,monoclinic,6,Cr,24,3.0,-0.61856,0.00358,-0.00171,0.00059,-0.51844,-0.00021,0.00171,0.00021,-0.61856,-0.58519,0.00438,0.00342,3.58519,3.61856,True,True,3.58519,3.61856,True,True
019d442544,Ho3Tm(CrB4)4,0.1826,Pm,monoclinic,7,Cr,24,3.0,-0.68859,-6e-05,-0.00186,-0.00317,-0.75809,-0.00021,0.00186,0.00021,-0.68859,-0.71176,0.00412,0.00371,3.71176,3.75809,True,True,3.71176,3.75809,True,True
019d442544,Ho3Tm(CrB4)4,0.1826,Pm,monoclinic,16,B,5,-1.5,1.28928,-0.00938,-0.00179,-0.01024,1.74562,-0.00034,0.00179,0.00034,1.28928,1.44139,0.01413,0.00358,2.94139,3.24562,True,True,2.94139,3.2456199999999997,True,True
019d442544,Ho3Tm(CrB4)4,0.1826,Pm,monoclinic,17,B,5,-1.5,1.39539,-0.0007,-0.00181,-0.00148,0.89819,-0.00036,0.00181,0.00036,1.39539,1.22966,0.00308,0.00361,2.72966,2.89539,True,True,2.72966,2.89539,True,True
019d442544,Ho3Tm(CrB4)4,0.1826,Pm,monoclinic,18,B,5,-1.5,1.87174,-0.00392,0.00171,-0.00454,1.38113,-0.00035,-0.00171,0.00035,1.87174,1.70821,0.00649,0.00342,3.20821,3.37174,True,True,3.2082100000000002,3.37174,True,True
019d442544,Ho3Tm(CrB4)4,0.1826,Pm,monoclinic,19,B,5,-1.5,1.54573,0.00103,0.00175,0.00038,2.02211,-0.00033,-0.00175,0.00033,1.54573,1.70453,0.00275,0.00351,3.20453,3.52211,True,True,3.20453,3.52211,True,True
019edbd57d,Mn3Zn(WO3)8,1.2661,C2/m,monoclinic,3,Zn,30,2.0,4.88704,-0.00027,-0.0,0.00026,4.88721,-0.00548,-0.0,-0.00604,4.88704,4.8871,0.00816,0.00055,2.8871,2.88721,True,True,2.8871,2.8872099999999996,True,True
01a142c7db,YBi3(PS4)4,2.0147,P1,triclinic,4,P,15,5.0,2.80286,0.00033,-0.00172,-0.00034,2.81496,0.00127,-0.00168,0.00108,2.80255,2.80679,0.00296,0.00067,2.19321,2.19745,True,True,2.19321,2.19745,True,True
01a142c7db,YBi3(PS4)4,2.0147,P1,triclinic,6,P,15,5.0,2.92641,0.00039,-0.00076,-0.00045,2.94067,0.00111,-0.00078,0.00087,2.92669,2.93126,0.00188,0.00084,2.06874,2.07359,True,True,2.06874,2.07359,True,True
01a142c7db,YBi3(PS4)4,2.0147,P1,triclinic,7,P,15,5.0,2.75515,0.00017,0.00055,-0.00014,2.75547,0.00119,0.00041,0.00116,2.75525,2.75529,0.00181,0.00031,2.24471,2.24485,True,True,2.24471,2.24485,True,True
01a244dd18,Cs4PdPtSe32,0.796,P-4,tetragonal,4,Pd,46,4.0,-0.2744,7e-05,-0.0,-7e-05,-0.2744,-0.00015,-0.0,0.00015,-0.2744,-0.2744,0.00023,0.00029,4.2744,4.2744,True,True,4.2744,4.2744,True,True
01a244dd18,Cs4PdPtSe32,0.796,P-4,tetragonal,5,Pt,78,4.0,-0.79088,1e-05,-0.0,-1e-05,-0.79088,-0.00015,-0.0,0.00015,-0.79088,-0.79088,0.00021,0.0003,4.79088,4.79088,True,True,4.79088,4.79088,True,True
01afe53316,TbGd3(SiO5)2,3.2664,P1,triclinic,4,Gd,64,3.0,0.88701,0.00034,-0.00038,0.0,0.87095,-0.00085,0.00044,-0.00098,0.88422,0.88073,0.00146,0.00081,2.11927,2.12905,True,True,2.11927,2.12905,True,True
01afe53316,TbGd3(SiO5)2,3.2664,P1,triclinic,5,Gd,64,3.0,0.83374,0.00035,-0.001,-0.00023,0.76414,-0.0006,-0.00022,-0.00049,0.83419,0.81069,0.00135,0.00078,2.18931,2.23586,True,True,2.18931,2.2358599999999997,True,True
01afe53316,TbGd3(SiO5)2,3.2664,P1,triclinic,23,O,8,-2.0,0.35874,-0.00029,-0.00439,0.00065,0.41534,-0.00016,-0.00115,-0.00045,0.35837,0.37748,0.00461,0.00324,2.37748,2.41534,True,True,2.37748,2.41534,True,True
01b76a8834,Li6Nd5Sm(TeO6)4,3.1392,C2,monoclinic,0,Li,3,1.0,3.26452,-0.00012,0.00148,0.00011,3.26527,0.00099,-0.00169,0.00098,3.26499,3.26492,0.00265,0.00317,2.26492,2.26527,True,True,2.26492,2.26527,True,True
01b76a8834,Li6Nd5Sm(TeO6)4,3.1392,C2,monoclinic,1,Li,3,1.0,3.26461,0.00021,1e-05,-0.00021,3.26596,-0.00186,0.00014,-0.00184,3.26424,3.26494,0.00264,0.00042,2.26494,2.26596,True,True,2.26494,2.26596,True,True
01b76a8834,Li6Nd5Sm(TeO6)4,3.1392,C2,monoclinic,2,Li,3,1.0,3.24137,-0.00012,-0.00143,0.00013,3.23873,0.001,0.0017,0.00099,3.24079,3.24029,0.00263,0.00313,2.24029,2.24137,True,True,2.24029,2.24137,True,True
01b76a8834,Li6Nd5Sm(TeO6)4,3.1392,C2,monoclinic,3,Li,3,1.0,3.24164,-7e-05,-0.0017,8e-05,3.23847,0.00092,0.00151,0.00096,3.2407,3.24027,0.00263,0.00321,2.24027,2.24164,True,True,2.24027,2.24164,True,True
01b76a8834,Li6Nd5Sm(TeO6)4,3.1392,C2,monoclinic,4,Li,3,1.0,3.25952,-8e-05,0.00138,0.00018,3.25968,0.00084,-0.00158,0.00087,3.26086,3.26002,0.00243,0.00296,2.26002,2.26086,True,True,2.26002,2.26086,True,True
01b76a8834,Li6Nd5Sm(TeO6)4,3.1392,C2,monoclinic,5,Li,3,1.0,3.2605,0.00023,0.00016,-0.0003,3.25911,-0.00175,2e-05,-0.00181,3.26045,3.26002,0.00255,0.00053,2.26002,2.2605,True,True,2.26002,2.2605,True,True
01b76a8834,Li6Nd5Sm(TeO6)4,3.1392,C2,monoclinic,6,Li,3,1.0,3.23714,0.00019,-0.00011,-0.00021,3.23845,-0.00194,-0.00018,-0.00195,3.23724,3.23761,0.00278,0.0004,2.23761,2.23845,True,True,2.23761,2.23845,True,True
01b76a8834,Li6Nd5Sm(TeO6)4,3.1392,C2,monoclinic,7,Li,3,1.0,3.23614,-0.00011,0.00173,0.0001,3.23997,0.00091,-0.00158,0.00093,3.23683,3.23765,0.00269,0.00331,2.23765,2.23997,True,True,2.23765,2.23997,True,True
01b76a8834,Li6Nd5Sm(TeO6)4,3.1392,C2,monoclinic,8,Li,3,1.0,3.24137,-0.00012,-0.00158,0.00017,3.23938,0.00094,0.00162,0.00092,3.24045,3.2404,0.00263,0.0032,2.2404,2.24137,True,True,2.2404,2.24137,True,True
01b76a8834,Li6Nd5Sm(TeO6)4,3.1392,C2,monoclinic,9,Li,3,1.0,3.24129,-9e-05,-0.00157,0.00013,3.23962,0.00088,0.00161,0.00085,3.2403,3.2404,0.00257,0.00318,2.2404,2.24129,True,True,2.2404,2.24129,True,True
01b76a8834,Li6Nd5Sm(TeO6)4,3.1392,C2,monoclinic,10,Li,3,1.0,3.23137,0.00022,5e-05,-0.00025,3.23442,-0.00176,5e-05,-0.00179,3.23171,3.2325,0.00253,0.00047,2.2325,2.23442,True,True,2.2325,2.23442,True,True
01b76a8834,Li6Nd5Sm(TeO6)4,3.1392,C2,monoclinic,11,Li,3,1.0,3.23157,-0.00015,0.00144,6e-05,3.23302,0.00089,-0.00151,0.00088,3.23288,3.23249,0.00244,0.00296,2.23249,2.23302,True,True,2.23249,2.23302,True,True
01b76a8834,Li6Nd5Sm(TeO6)4,3.1392,C2,monoclinic,24,Te,52,6.0,3.68543,-0.00038,0.00034,0.00021,3.68244,0.00207,0.00035,0.002,3.68517,3.68435,0.00295,0.0006,2.31565,2.31756,True,True,2.31565,2.31756,True,True
01b76a8834,Li6Nd5Sm(TeO6)4,3.1392,C2,monoclinic,25,Te,52,6.0,3.68576,-0.00034,-0.00029,0.00024,3.68167,0.0022,-0.00026,0.00212,3.68572,3.68438,0.00311,0.00058,2.31562,2.31833,True,True,2.31562,2.31833,True,True
01b76a8834,Li6Nd5Sm(TeO6)4,3.1392,C2,monoclinic,26,Te,52,6.0,3.73923,-0.00015,0.00208,-0.00011,3.74072,-0.00107,-0.00241,-0.001,3.73804,3.73933,0.00351,0.00449,2.26067,2.26196,True,True,2.26067,2.26196,True,True
01b76a8834,Li6Nd5Sm(TeO6)4,3.1392,C2,monoclinic,27,Te,52,6.0,3.73942,0.00054,0.00014,-0.00027,3.73894,-1e-05,0.00023,-7e-05,3.73948,3.73928,0.00067,0.00081,2.26072,2.26106,True,True,2.26072,2.26106,True,True
01b76a8834,Li6Nd5Sm(TeO6)4,3.1392,C2,monoclinic,28,Te,52,6.0,3.78904,-7e-05,-0.0024,7e-05,3.79071,-0.00105,0.00214,-0.00102,3.7901,3.78995,0.00353,0.00454,2.21005,2.21096,True,True,2.21005,2.21096,True,True
01b76a8834,Li6Nd5Sm(TeO6)4,3.1392,C2,monoclinic,29,Te,52,6.0,3.73572,-2e-05,0.0024,1e-05,3.74031,-0.00115,-0.00227,-0.0011,3.73439,3.7368,0.00367,0.00467,2.2632,2.26561,True,True,2.2632,2.26561,True,True
01b76a8834,Li6Nd5Sm(TeO6)4,3.1392,C2,monoclinic,30,Te,52,6.0,3.79009,-8e-05,-0.00215,4e-05,3.78851,-0.00112,0.00237,-0.00107,3.79117,3.78992,0.00356,0.00452,2.21008,2.21149,True,True,2.21008,2.21149,True,True
01b76a8834,Li6Nd5Sm(TeO6)4,3.1392,C2,monoclinic,31,Te,52,6.0,3.73652,0.00055,-5e-05,-0.00025,3.73716,8e-05,-0.00019,1e-05,3.73662,3.73677,0.00064,0.00079,2.26323,2.26348,True,True,2.26323,2.26348,True,True
01bfa764b9,Cs4Nb8VP3S40,1.1436,P1,triclinic,4,Nb,41,5.0,2.64431,-0.00026,0.00039,-0.00029,2.63039,-0.00058,0.00096,-0.00016,2.64592,2.64021,0.00126,0.00057,2.35979,2.36961,True,True,2.35979,2.36961,True,True
01bfa764b9,Cs4Nb8VP3S40,1.1436,P1,triclinic,7,Nb,41,5.0,2.64804,-0.00035,0.00096,-0.00041,2.66106,0.00036,0.00076,0.00078,2.65021,2.6531,0.00159,0.00043,2.3469,2.35196,True,True,2.3469,2.35196,True,True
01bfa764b9,Cs4Nb8VP3S40,1.1436,P1,triclinic,12,V,23,5.0,1.24996,-8e-05,-0.00153,-0.00014,1.24982,0.00019,-0.00203,0.00037,1.24932,1.2497,0.00258,0.00051,3.7503,3.75068,True,True,3.7503,3.75068,True,True
01bfa764b9,Cs4Nb8VP3S40,1.1436,P1,triclinic,13,P,15,5.0,1.95553,6e-05,-0.00239,0.0005,1.97539,0.0001,-0.00214,-3e-05,1.96152,1.96415,0.00325,0.00044,3.03585,3.04447,True,True,3.03585,3.04447,True,True
01bfa764b9,Cs4Nb8VP3S40,1.1436,P1,triclinic,14,P,15,5.0,1.95986,-9e-05,-0.00271,0.00051,1.9738,0.00012,-0.00221,3e-05,1.96652,1.96673,0.00354,0.0006,3.03327,3.04014,True,True,3.03327,3.04014,True,True
01bfa764b9,Cs4Nb8VP3S40,1.1436,P1,triclinic,15,P,15,5.0,1.97306,-0.00047,-0.00208,8e-05,1.99596,0.00014,-0.00214,1e-05,1.96692,1.97865,0.00303,0.00055,3.02135,3.03308,True,True,3.02135,3.03308,True,True
01c1e80464,KRb3Zr6GeI18,1.065,P1,triclinic,10,Ge,32,-4.0,-7.92145,2e-05,-0.0,-8e-05,-7.92064,-0.0001,-3e-05,-6e-05,-7.92149,-7.9212,0.00014,0.0001,3.9212,3.92149,True,True,3.9212,3.9214900000000004,True,True
01c478020c,Cs12Na8Ti3SnP12,0.9692,C2,monoclinic,20,Ti,22,4.0,-0.57643,0.00027,0.0014,0.00029,-0.57617,-0.00021,0.00056,-0.00018,-0.5759,-0.57617,0.00158,0.00084,4.57617,4.57643,True,True,4.57617,4.57643,True,True
01c478020c,Cs12Na8Ti3SnP12,0.9692,C2,monoclinic,21,Ti,22,4.0,-0.1489,9e-05,0.00186,0.00043,-0.14885,0.00037,0.00256,0.00037,-0.1488,-0.14885,0.00324,0.0007,4.14885,4.1489,True,True,4.14885,4.1489,True,True
01c478020c,Cs12Na8Ti3SnP12,0.9692,C2,monoclinic,22,Ti,22,4.0,-0.57097,-0.00032,-0.00053,-0.00031,-0.57072,-0.00021,-0.00131,-0.00018,-0.57046,-0.57072,0.0015,0.00078,4.57072,4.57097,True,True,4.57072,4.57097,True,True
01c478020c,Cs12Na8Ti3SnP12,0.9692,C2,monoclinic,23,Sn,50,2.0,-0.05965,-0.00044,-0.00213,0.0,-0.05924,-0.00014,-0.0009,-9e-05,-0.05882,-0.05924,0.00236,0.00123,2.05924,2.05965,True,True,2.05924,2.05965,True,True
01c478020c,Cs12Na8Ti3SnP12,0.9692,C2,monoclinic,24,P,15,-3.0,-0.59449,-0.00035,-0.0014,0.00021,-0.69341,-0.00037,-0.00119,-0.00034,-0.59542,-0.62777,0.00195,0.00056,2.37223,2.40551,True,True,2.37223,2.40551,True,True
01c478020c,Cs12Na8Ti3SnP12,0.9692,C2,monoclinic,25,P,15,-3.0,-0.66062,9e-05,-0.0007,0.00039,-0.56213,0.00029,-0.0003,0.00034,-0.66056,-0.62777,0.00097,0.0004,2.37223,2.43787,True,True,2.37223,2.43787,True,True
01c478020c,Cs12Na8Ti3SnP12,0.9692,C2,monoclinic,26,P,15,-3.0,-0.78801,0.00042,0.0031,0.00013,-0.87579,-0.00077,0.00245,-0.00059,-0.78783,-0.81721,0.00409,0.00065,2.18279,2.21217,True,True,2.18279,2.21217,True,True
01c478020c,Cs12Na8Ti3SnP12,0.9692,C2,monoclinic,27,P,15,-3.0,-0.78887,0.00075,-0.00048,0.00087,-0.87635,0.00031,-0.00202,0.00019,-0.78959,-0.81827,0.0024,0.00153,2.18173,2.21113,True,True,2.18173,2.21113,True,True
01c478020c,Cs12Na8Ti3SnP12,0.9692,C2,monoclinic,30,P,15,-3.0,-0.8474,-0.00013,-0.00247,-0.00042,-0.76019,-0.00079,-0.00312,-0.0006,-0.84722,-0.81827,0.00412,0.00065,2.18173,2.23981,True,True,2.18173,2.23981,True,True
01c478020c,Cs12Na8Ti3SnP12,0.9692,C2,monoclinic,34,P,15,-3.0,-0.84616,-0.00093,0.002,-0.00081,-0.75863,0.0003,0.00047,0.00017,-0.84685,-0.81721,0.00242,0.00153,2.18279,2.24137,True,True,2.18279,2.24137,True,True
01c722db61,Ba5Sr7(BN2)8,2.5879,P1,triclinic,12,B,5,3.0,0.74863,-0.00379,0.00089,-0.00312,0.72998,-0.00032,-0.00112,0.00102,0.73803,0.73888,0.00522,0.00201,2.26112,2.27002,True,True,2.26112,2.27002,True,True
01c722db61,Ba5Sr7(BN2)8,2.5879,P1,triclinic,13,B,5,3.0,0.72194,0.00564,0.00096,0.00591,0.73337,-0.00092,-0.00105,0.00018,0.7313,0.72887,0.00834,0.00202,2.27113,2.27806,True,True,2.27113,2.27806,True,True
01c722db61,Ba5Sr7(BN2)8,2.5879,P1,triclinic,14,B,5,3.0,0.77483,0.00538,-0.001,0.00587,0.76387,-0.001,0.00101,0.00023,0.76671,0.76847,0.00815,0.00201,2.23153,2.23613,True,True,2.2315300000000002,2.23613,True,True
01c722db61,Ba5Sr7(BN2)8,2.5879,P1,triclinic,15,B,5,3.0,0.71659,0.00782,-0.00093,0.00838,0.72724,-0.00023,0.00122,0.00117,0.72852,0.72412,0.01163,0.00216,2.27588,2.28341,True,True,2.27588,2.28341,True,True
01c722db61,Ba5Sr7(BN2)8,2.5879,P1,triclinic,16,B,5,3.0,0.7399,0.00528,0.00027,0.00557,0.70136,-0.00102,0.00032,0.00024,0.72953,0.7236,0.00776,0.00126,2.2764,2.29864,True,True,2.2763999999999998,2.29864,True,True
01c722db61,Ba5Sr7(BN2)8,2.5879,P1,triclinic,17,B,5,3.0,0.51543,-9e-05,0.00018,0.0007,0.54161,-0.00026,0.00051,0.00096,0.5253,0.52745,0.00133,0.00122,2.47255,2.48457,True,True,2.47255,2.4845699999999997,True,True
01c722db61,Ba5Sr7(BN2)8,2.5879,P1,triclinic,18,B,5,3.0,0.66137,-0.00455,-7e-05,-0.0037,0.6804,-0.00099,-0.00011,0.00025,0.67112,0.67096,0.00596,0.00124,2.32904,2.33863,True,True,2.32904,2.33863,True,True
01c722db61,Ba5Sr7(BN2)8,2.5879,P1,triclinic,19,B,5,3.0,0.69745,-0.00728,-0.00034,-0.00688,0.67625,-1e-05,-0.0003,0.00126,0.68861,0.68744,0.01011,0.00127,2.31256,2.32375,True,True,2.31256,2.32375,True,True
01ca2e7942,Zn3Ni(SeO4)4,2.2267,P-1,triclinic,4,Se,34,6.0,3.3018,-0.00212,0.00017,-0.00246,3.32615,-9e-05,1e-05,0.0,3.30136,3.30977,0.00325,0.00034,2.69023,2.69864,True,True,2.69023,2.69864,True,True
01ca2e7942,Zn3Ni(SeO4)4,2.2267,P-1,triclinic,5,Se,34,6.0,3.60009,0.00794,0.00015,0.0076,3.56481,0.00017,0.00019,0.00024,3.60015,3.58835,0.011,0.00033,2.41165,2.43519,True,True,2.41165,2.43519,True,True
01ca2e7942,Zn3Ni(SeO4)4,2.2267,P-1,triclinic,6,Se,34,6.0,3.57655,-0.0076,-0.00019,-0.00794,3.61189,0.00017,-0.00015,0.00024,3.57661,3.58835,0.011,0.00033,2.41165,2.42345,True,True,2.41165,2.42345,True,True
01ca2e7942,Zn3Ni(SeO4)4,2.2267,P-1,triclinic,7,Se,34,6.0,3.31818,0.00246,-1e-05,0.00212,3.29339,-9e-05,-0.00017,0.0,3.31774,3.30977,0.00325,0.00034,2.69023,2.70661,True,True,2.69023,2.70661,True,True
01cd7ad2c6,GdSb5O13,1.5763,P2_1/m,monoclinic,13,O,8,-2.0,0.12511,-0.00191,-0.00031,-0.00113,0.23192,0.00025,0.00031,-0.00025,0.12511,0.16071,0.00229,0.00077,2.16071,2.23192,True,True,2.16071,2.23192,True,True
01cd7ad2c6,GdSb5O13,1.5763,P2_1/m,monoclinic,37,O,8,-2.0,0.19632,0.00113,-0.00031,0.00191,0.0895,0.00025,0.00031,-0.00025,0.19632,0.16071,0.00229,0.00077,2.16071,2.19632,True,True,2.16071,2.19632,True,True
01cf431aeb,DyHoCrFeO6,2.2565,P2_1,monoclinic,6,Fe,26,3.0,0.87838,0.0002,-0.00047,1e-05,0.89539,6e-05,0.00039,7e-05,0.87808,0.88395,0.00065,0.00086,2.11605,2.12192,True,True,2.11605,2.1219200000000003,True,True
01cf431aeb,DyHoCrFeO6,2.2565,P2_1,monoclinic,7,Fe,26,3.0,0.88952,0.0002,0.00047,1e-05,0.87251,6e-05,-0.00039,7e-05,0.88981,0.88395,0.00065,0.00086,2.11605,2.12749,True,True,2.11605,2.12749,True,True
01d0e872bf,SrCaCuReN4,0.7555,P2_1/m,monoclinic,6,Re,75,7.0,3.21251,0.00114,-0.00032,-0.00016,3.35129,0.0001,0.00032,-0.0001,3.21251,3.25877,0.00125,0.0013,3.74123,3.78749,True,True,3.74123,3.78749,True,True
01d0e872bf,SrCaCuReN4,0.7555,P2_1/m,monoclinic,7,Re,75,7.0,3.30503,0.00016,-0.00032,-0.00114,3.16625,0.0001,0.00032,-0.0001,3.30503,3.25877,0.00125,0.0013,3.74123,3.83375,True,True,3.74123,3.83375,True,True
01d1a37f7b,Mo(S4Cl3)2,0.3209,P-1,triclinic,0,Mo,42,6.0,2.97074,-0.00012,-0.00028,-1e-05,2.91167,-0.00014,0.0,-0.00012,2.97064,2.95102,0.00036,0.00028,3.04898,3.08833,True,True,3.04898,3.08833,True,True
01d1a37f7b,Mo(S4Cl3)2,0.3209,P-1,triclinic,1,Mo,42,6.0,2.9314,1e-05,-0.0,0.00012,2.99037,-0.00014,0.00028,-0.00012,2.9313,2.95102,0.00036,0.00028,3.04898,3.0687,True,True,3.04898,3.0687,True,True
01d214b62d,Li12VReN8,1.9706,P-4m2,tetragonal,13,Re,75,7.0,3.00312,0.00041,-0.0,-0.00041,3.00312,0.00011,-0.0,-0.00011,3.00312,3.00312,0.0006,0.00081,3.99688,3.99688,True,True,3.99688,3.99688,True,True
01d25e16e9,Fe2AgPbF9,1.3137,C2/c,monoclinic,0,Fe,26,3.0,-1.52024,-0.00123,-0.00031,0.00123,-1.52312,0.00046,0.00031,0.00038,-1.526,-1.52312,0.00189,0.00246,4.52312,4.526,True,True,4.5231200000000005,4.526,True,True
01d25e16e9,Fe2AgPbF9,1.3137,C2/c,monoclinic,1,Fe,26,3.0,-1.52012,-0.00051,-0.00033,0.00051,-1.52312,0.00038,0.00033,0.00057,-1.52612,-1.52312,0.0011,0.00102,4.52312,4.52612,True,True,4.5231200000000005,4.52612,True,True
01d25e16e9,Fe2AgPbF9,1.3137,C2/c,monoclinic,2,Fe,26,3.0,-0.30392,0.00044,-0.00127,-0.00044,-0.30069,-0.00014,0.00127,0.00046,-0.29747,-0.30069,0.00197,0.00255,3.30069,3.30392,True,True,3.30069,3.30392,True,True
01d25e16e9,Fe2AgPbF9,1.3137,C2/c,monoclinic,3,Fe,26,3.0,-0.29851,0.00217,-0.00057,-0.00217,-0.3007,0.00036,0.00057,-0.00041,-0.30288,-0.3007,0.00323,0.00435,3.3007,3.30288,True,True,3.3007,3.30288,True,True
01d25e16e9,Fe2AgPbF9,1.3137,C2/c,monoclinic,8,F,9,-1.0,1.24517,-0.00121,-0.00013,0.00397,1.27089,0.00174,0.00153,0.001,1.23814,1.2514,0.00486,0.00518,2.2514,2.27089,True,True,2.2514000000000003,2.27089,True,True
01d25e16e9,Fe2AgPbF9,1.3137,C2/c,monoclinic,9,F,9,-1.0,1.26466,-0.00397,-0.00153,0.00121,1.23191,0.00174,0.00013,0.001,1.25763,1.2514,0.00486,0.00518,2.2514,2.26466,True,True,2.2514000000000003,2.26466,True,True
01d25e16e9,Fe2AgPbF9,1.3137,C2/c,monoclinic,10,F,9,-1.0,1.27102,-0.00139,0.00686,3e-05,1.23191,-0.00082,0.00684,-0.00068,1.25127,1.2514,0.00984,0.00143,2.2514,2.27102,True,True,2.2514000000000003,2.27102,True,True
01d25e16e9,Fe2AgPbF9,1.3137,C2/c,monoclinic,11,F,9,-1.0,1.25153,-3e-05,-0.00684,0.00139,1.27089,-0.00082,-0.00686,-0.00068,1.23178,1.2514,0.00984,0.00143,2.2514,2.27089,True,True,2.2514000000000003,2.27089,True,True
01d25e16e9,Fe2AgPbF9,1.3137,C2/c,monoclinic,12,F,9,-1.0,1.30713,0.00361,0.00192,-0.00464,1.30743,-0.0005,-0.00121,-0.00139,1.30772,1.30743,0.00648,0.00825,2.30743,2.30772,True,True,2.30743,2.3077199999999998,True,True
01d25e16e9,Fe2AgPbF9,1.3137,C2/c,monoclinic,13,F,9,-1.0,1.30713,0.00464,0.00121,-0.00361,1.30743,-0.0005,-0.00192,-0.00139,1.30772,1.30743,0.00648,0.00825,2.30743,2.30772,True,True,2.30743,2.3077199999999998,True,True
01d3fec9cf,SrTb6FeCl12,0.3424,P-1,triclinic,7,Fe,26,2.0,-5.84786,-0.00089,-0.00127,0.00089,-5.84801,2e-05,0.00127,-6e-05,-5.84797,-5.84795,0.0022,0.00254,7.84795,7.84801,True,True,7.84795,7.84801,True,True
01da42c9e0,Rb4Ti2Cu3Te8Au,0.9006,P222,orthorhombic,17,Au,79,3.0,0.41388,0.00127,0.0,-0.00127,0.41388,0.00022,0.0,-0.00022,0.41388,0.41388,0.00183,0.00254,2.58612,2.58612,True,True,2.58612,2.58612,True,True
01dcc66e27,NdDyCu2(TeO6)2,0.3374,P-3,trigonal,4,Te,52,6.0,3.96303,0.00019,-0.0,-0.00019,3.94763,0.00011,0.0,-0.00011,3.96302,3.95789,0.00031,0.00037,2.04211,2.05237,True,True,2.04211,2.05237,True,True
01dcc66e27,NdDyCu2(TeO6)2,0.3374,P-3,trigonal,5,Te,52,6.0,3.95287,0.00019,0.0,-0.00019,3.96826,0.00011,0.0,-0.00011,3.95287,3.958,0.00031,0.00038,2.042,2.04713,True,True,2.042,2.04713,True,True
01dfe4f65d,MoW(Se4Br)2,1.4298,P1,triclinic,0,Mo,42,5.0,0.79243,2e-05,0.00061,-3e-05,0.78299,0.0007,-0.00043,0.00074,0.79323,0.78955,0.00126,0.00104,4.21045,4.21701,True,True,4.21045,4.21701,True,True
01dfe4f65d,MoW(Se4Br)2,1.4298,P1,triclinic,1,W,74,6.0,0.97767,3e-05,0.00039,-3e-05,0.98892,0.0006,-0.00052,0.00065,0.97843,0.98167,0.0011,0.00092,5.01833,5.02233,True,True,5.01833,5.02233,True,True
01e61a7f80,ErTm3(SeO4)6,3.7429,R3,trigonal,4,Se,34,6.0,3.48052,0.0487,-9e-05,0.0489,3.50078,0.0004,-0.00103,0.00029,3.48078,3.48736,0.06903,0.00094,2.51264,2.51948,True,True,2.51264,2.51948,True,True
01e61a7f80,ErTm3(SeO4)6,3.7429,R3,trigonal,5,Se,34,6.0,3.46265,0.05008,0.00138,0.04986,3.46824,-0.0004,0.00117,-0.00033,3.46323,3.46471,0.07069,0.00023,2.53529,2.53735,True,True,2.53529,2.53735,True,True
01e61a7f80,ErTm3(SeO4)6,3.7429,R3,trigonal,6,Se,34,6.0,3.45569,0.00226,-0.00221,0.00245,3.48238,-0.00036,-0.00126,-0.00028,3.4559,3.46466,0.00421,0.00096,2.53534,2.54431,True,True,2.53534,2.54431,True,True
01e61a7f80,ErTm3(SeO4)6,3.7429,R3,trigonal,7,Se,34,6.0,3.49691,-0.0002,0.00112,-0.0002,3.46876,-0.00055,0.00199,-0.00034,3.49644,3.48737,0.00239,0.00087,2.51263,2.53124,True,True,2.51263,2.53124,True,True
01e61a7f80,ErTm3(SeO4)6,3.7429,R3,trigonal,8,Se,34,6.0,3.48816,-0.04772,-0.00101,-0.04799,3.48527,-3e-05,-0.00122,2e-05,3.48876,3.4874,0.0677,0.00026,2.5126,2.51473,True,True,2.5126,2.51473,True,True
01e61a7f80,ErTm3(SeO4)6,3.7429,R3,trigonal,9,Se,34,6.0,3.47097,-0.05434,0.00096,-0.05422,3.45243,0.00048,0.00012,0.00037,3.47024,3.46455,0.07677,0.00084,2.53545,2.54757,True,True,2.53545,2.54757,True,True
01e7158039,K3Ta2Cu3Te8,1.3504,C2/c,monoclinic,6,Ta,73,5.0,2.88795,0.00048,-0.00018,-0.00061,2.87401,8e-05,-0.00021,-7e-05,2.88797,2.88331,0.00083,0.00109,2.11669,2.12599,True,True,2.11669,2.12599,True,True
01e7158039,K3Ta2Cu3Te8,1.3504,C2/c,monoclinic,7,Ta,73,5.0,2.88046,0.00054,-0.00035,-0.00041,2.88854,0.00025,-0.00037,0.0001,2.88092,2.88331,0.00089,0.00095,2.11669,2.11954,True,True,2.11669,2.11954,True,True
01e7158039,K3Ta2Cu3Te8,1.3504,C2/c,monoclinic,8,Ta,73,5.0,2.87865,0.00061,0.00021,-0.00048,2.89261,8e-05,0.00018,-7e-05,2.87867,2.88331,0.00083,0.00109,2.11669,2.12135,True,True,2.11669,2.12135,True,True
01e7158039,K3Ta2Cu3Te8,1.3504,C2/c,monoclinic,9,Ta,73,5.0,2.88569,0.00041,0.00037,-0.00054,2.87808,0.00025,0.00035,0.0001,2.88616,2.88331,0.00089,0.00095,2.11669,2.12192,True,True,2.11669,2.12192,True,True
01e8f2fd41,RbAc(SeO4)2,3.6343,C2,monoclinic,2,Se,34,6.0,2.94718,0.01112,0.00111,0.01229,3.05888,0.00054,0.00143,0.00032,2.94655,2.9842,0.01669,0.00117,3.0158,3.05345,True,True,3.0158,3.05345,True,True
01e8f2fd41,RbAc(SeO4)2,3.6343,C2,monoclinic,3,Se,34,6.0,3.02197,0.02151,0.00145,0.02201,2.90952,-0.0007,0.00064,-0.0012,3.0211,2.9842,0.03085,0.00081,3.0158,3.09048,True,True,3.0158,3.09048,True,True
01ea384a0d,Ba3AlBi2Sb,0.3219,Cmce,orthorhombic,12,Al,13,3.0,-2.1647,0.00045,0.00198,0.00026,-2.16458,6e-05,-0.00032,8e-05,-2.16447,-2.16458,0.00208,0.0023,5.16458,5.1647,True,True,5.16458,5.1647,True,True
01ea384a0d,Ba3AlBi2Sb,0.3219,Cmce,orthorhombic,13,Al,13,3.0,-2.1647,-0.00026,-0.00198,-0.00045,-2.16458,-8e-05,0.00032,-6e-05,-2.16447,-2.16458,0.00208,0.0023,5.16458,5.1647,True,True,5.16458,5.1647,True,True
01ea384a0d,Ba3AlBi2Sb,0.3219,Cmce,orthorhombic,14,Al,13,3.0,-2.1647,-0.00026,0.00032,-0.00045,-2.16458,6e-05,-0.00198,8e-05,-2.16447,-2.16458,0.00208,0.0023,5.16458,5.1647,True,True,5.16458,5.1647,True,True
01ea384a0d,Ba3AlBi2Sb,0.3219,Cmce,orthorhombic,15,Al,13,3.0,-2.1647,0.00045,-0.00032,0.00026,-2.16458,-8e-05,0.00198,-6e-05,-2.16447,-2.16458,0.00208,0.0023,5.16458,5.1647,True,True,5.16458,5.1647,True,True
01ea384a0d,Ba3AlBi2Sb,0.3219,Cmce,orthorhombic,16,Bi,83,-3.0,-0.05707,-0.00014,0.00125,1e-05,-0.03055,9e-05,2e-05,0.00027,-0.056,-0.04787,0.00129,0.00123,2.95213,2.96945,True,True,2.95213,2.96945,True,True
01ea384a0d,Ba3AlBi2Sb,0.3219,Cmce,orthorhombic,17,Bi,83,-3.0,-0.03808,5e-05,-0.00151,-0.00011,-0.0652,5e-05,0.00069,0.00017,-0.04034,-0.04787,0.00167,0.0022,2.95213,2.96192,True,True,2.95213,2.96192,True,True
01ea384a0d,Ba3AlBi2Sb,0.3219,Cmce,orthorhombic,18,Bi,83,-3.0,-0.05707,-1e-05,-0.00125,0.00014,-0.03055,-0.00027,-2e-05,-9e-05,-0.056,-0.04787,0.00129,0.00123,2.95213,2.96945,True,True,2.95213,2.96945,True,True
01ea384a0d,Ba3AlBi2Sb,0.3219,Cmce,orthorhombic,19,Bi,83,-3.0,-0.03808,0.00011,0.00151,-5e-05,-0.0652,-0.00017,-0.00069,-5e-05,-0.04034,-0.04787,0.00167,0.0022,2.95213,2.96192,True,True,2.95213,2.96192,True,True
01ea384a0d,Ba3AlBi2Sb,0.3219,Cmce,orthorhombic,20,Bi,83,-3.0,-0.03974,-1e-05,-2e-05,0.00014,-0.0652,9e-05,-0.00125,0.00027,-0.03868,-0.04787,0.00129,0.00123,2.95213,2.96132,True,True,2.95213,2.96132,True,True
01ea384a0d,Ba3AlBi2Sb,0.3219,Cmce,orthorhombic,21,Bi,83,-3.0,-0.0554,0.00011,-0.00069,-5e-05,-0.03055,5e-05,0.00151,0.00017,-0.05767,-0.04787,0.00167,0.0022,2.95213,2.96945,True,True,2.95213,2.96945,True,True
01ea384a0d,Ba3AlBi2Sb,0.3219,Cmce,orthorhombic,22,Bi,83,-3.0,-0.03974,-0.00014,2e-05,1e-05,-0.0652,-0.00027,0.00125,-9e-05,-0.03868,-0.04787,0.00129,0.00123,2.95213,2.96132,True,True,2.95213,2.96132,True,True
01ea384a0d,Ba3AlBi2Sb,0.3219,Cmce,orthorhombic,23,Bi,83,-3.0,-0.0554,5e-05,0.00069,-0.00011,-0.03055,-0.00017,-0.00151,-5e-05,-0.05767,-0.04787,0.00167,0.0022,2.95213,2.96945,True,True,2.95213,2.96945,True,True
01ea384a0d,Ba3AlBi2Sb,0.3219,Cmce,orthorhombic,24,Sb,51,-3.0,-0.68981,-0.00047,0.00106,-0.00014,-0.66554,0.00013,-0.00092,2e-05,-0.68951,-0.68162,0.00149,0.00197,2.31838,2.33446,True,True,2.31838,2.33446,True,True
01ea384a0d,Ba3AlBi2Sb,0.3219,Cmce,orthorhombic,25,Sb,51,-3.0,-0.67372,-0.00047,-0.00092,-0.00014,-0.6977,-2e-05,0.00106,-0.00013,-0.67343,-0.68162,0.00149,0.00197,2.31838,2.32657,True,True,2.31838,2.3265700000000002,True,True
01ea384a0d,Ba3AlBi2Sb,0.3219,Cmce,orthorhombic,26,Sb,51,-3.0,-0.68981,0.00014,-0.00106,0.00047,-0.66553,-2e-05,0.00092,-0.00013,-0.68951,-0.68162,0.00149,0.00197,2.31838,2.33447,True,True,2.31838,2.33447,True,True
01ea384a0d,Ba3AlBi2Sb,0.3219,Cmce,orthorhombic,27,Sb,51,-3.0,-0.67372,0.00014,0.00092,0.00047,-0.6977,0.00013,-0.00106,2e-05,-0.67342,-0.68161,0.00149,0.00197,2.31839,2.32658,True,True,2.31839,2.32658,True,True
01eb64eb0d,SrH5Ir,2.5592,P2_12_12_1,orthorhombic,24,Ir,77,3.0,0.32523,-0.03399,0.00032,-0.03295,0.17035,-0.00051,0.00216,-0.00182,0.32755,0.27438,0.04743,0.00184,2.72562,2.82965,True,True,2.72562,2.82965,True,True
01eb64eb0d,SrH5Ir,2.5592,P2_12_12_1,orthorhombic,25,Ir,77,3.0,0.22353,0.03295,0.00032,0.03399,0.3784,0.00182,0.00216,0.00051,0.2212,0.27438,0.04743,0.00184,2.72562,2.7788,True,True,2.72562,2.7788,True,True
01eb64eb0d,SrH5Ir,2.5592,P2_12_12_1,orthorhombic,26,Ir,77,3.0,0.32523,0.03295,-0.00032,0.03399,0.17036,0.00182,-0.00216,0.00051,0.32756,0.27439,0.04743,0.00184,2.72561,2.82964,True,True,2.72561,2.82964,True,True
01eb64eb0d,SrH5Ir,2.5592,P2_12_12_1,orthorhombic,27,Ir,77,3.0,0.22354,-0.03399,-0.00032,-0.03295,0.37841,-0.00051,-0.00216,-0.00182,0.22121,0.27438,0.04743,0.00184,2.72562,2.77879,True,True,2.72562,2.77879,True,True
01edd6567d,Tb3Dy4CoBr12,0.4369,R3,trigonal,7,Co,27,1.0,-6.60263,-2e-05,-0.00017,-2e-05,-6.60933,2e-05,-0.00019,5e-05,-6.60251,-6.60482,0.00026,3e-05,7.60482,7.60933,True,True,7.60482,7.60933,True,True
01ef9abda4,Sr8Bi5I,0.5083,I-4,tetragonal,8,Bi,83,-3.0,-0.22404,0.00011,0.00043,0.00016,-0.21656,-0.00036,5e-05,-0.00037,-0.22512,-0.22191,0.0007,0.00038,2.77809,2.78344,True,True,2.77809,2.78344,True,True
01ef9abda4,Sr8Bi5I,0.5083,I-4,tetragonal,9,Bi,83,-3.0,-0.22464,-0.00017,2e-05,-0.0001,-0.21586,-0.00032,-0.00019,-0.00033,-0.22518,-0.22189,0.00054,0.00021,2.77811,2.78414,True,True,2.77811,2.78414,True,True
01ef9abda4,Sr8Bi5I,0.5083,I-4,tetragonal,10,Bi,83,-3.0,-0.21647,0.00014,-0.0003,0.00015,-0.23338,-0.00028,3e-05,-0.00024,-0.21583,-0.22189,0.00052,0.00033,2.77811,2.78417,True,True,2.77811,2.78417,True,True
01ef9abda4,Sr8Bi5I,0.5083,I-4,tetragonal,11,Bi,83,-3.0,-0.22244,-0.00017,-0.00015,-0.00013,-0.22179,-0.00027,0.00011,-0.00023,-0.22146,-0.2219,0.00045,0.00026,2.7781,2.77854,True,True,2.7781000000000002,2.77854,True,True
01ef9abda4,Sr8Bi5I,0.5083,I-4,tetragonal,12,Bi,83,-3.0,-0.56015,1e-05,0.0,-1e-05,-0.56015,0.0007,0.0,0.00061,-0.56015,-0.56015,0.00093,0.0001,2.43985,2.43985,True,True,2.43985,2.43985,True,True
01f7ffff6a,Nd2Gd3Lu(RuO7)2,0.1993,Pm,monoclinic,6,Ru,44,5.0,2.61374,-0.00032,-0.00045,0.00052,2.62225,-0.00034,-0.0001,0.00044,2.6125,2.61617,0.00094,0.00084,2.38383,2.3875,True,True,2.38383,2.3875,True,True
01f7ffff6a,Nd2Gd3Lu(RuO7)2,0.1993,Pm,monoclinic,7,Ru,44,5.0,2.61983,-0.00032,-0.0001,0.00052,2.61008,-0.00044,-0.00045,0.00034,2.61859,2.61616,0.00094,0.00084,2.38384,2.38992,True,True,2.38384,2.38992,True,True
01fd7b1362,Th2U2H15,0.1033,R3,trigonal,4,U,92,3.5,5.88806,0.00113,-0.00553,0.00114,5.82985,0.00086,-0.00448,0.00048,5.8915,5.8698,0.00736,0.00105,2.3698,2.3915,True,True,2.3697999999999997,2.3914999999999997,True,True
01fd7b1362,Th2U2H15,0.1033,R3,trigonal,5,U,92,3.5,6.01087,-0.00011,-0.00025,-0.00019,6.19227,0.00042,0.00043,0.00048,6.01047,6.0712,0.00084,0.00068,2.5712,2.69227,True,True,2.5712,2.6922699999999997,True,True
01fd7b1362,Th2U2H15,0.1033,R3,trigonal,6,U,92,3.5,6.07775,-0.00278,-0.00604,-0.00272,6.06168,0.00054,-0.0075,0.00023,6.07417,6.0712,0.0104,0.00147,2.5712,2.57775,True,True,2.5712,2.57775,True,True
01fd7b1362,Th2U2H15,0.1033,R3,trigonal,7,U,92,3.5,6.13448,0.00034,0.00688,0.00039,5.94385,-0.00127,0.00779,-0.00105,6.13528,6.0712,0.01054,0.00091,2.5712,2.63528,True,True,2.5712,2.63528,True,True
02028ee042,CsRbPd2PtSe4,1.0568,C2,monoclinic,2,Pd,46,2.0,-0.09637,0.00013,-0.0019,-0.00012,-0.09556,0.0005,0.00113,0.00024,-0.09475,-0.09556,0.00229,0.00303,2.09556,2.09637,True,True,2.09556,2.09637,True,True
02028ee042,CsRbPd2PtSe4,1.0568,C2,monoclinic,3,Pd,46,2.0,-0.15226,0.00012,0.00131,-0.00013,-0.1515,-0.00022,-0.00195,-0.00046,-0.15075,-0.1515,0.00241,0.00326,2.1515,2.15226,True,True,2.1515,2.15226,True,True
02028ee042,CsRbPd2PtSe4,1.0568,C2,monoclinic,4,Pt,78,2.0,-0.3213,-0.00029,0.00011,0.00023,-0.31989,2e-05,-0.00084,0.00022,-0.31848,-0.31989,0.00095,0.00095,2.31989,2.3213,True,True,2.31989,2.3213,True,True
02030440d4,Cd3SbCl3,1.4164,Pnma,orthorhombic,12,Sb,51,-3.0,-0.9659,0.00012,8e-05,-0.00012,-0.98002,-7e-05,8e-05,-0.00017,-0.9659,-0.97061,0.00027,0.00024,2.02939,2.0341,True,True,2.0293900000000002,2.0341,True,True
02030440d4,Cd3SbCl3,1.4164,Pnma,orthorhombic,13,Sb,51,-3.0,-0.97531,0.00012,8e-05,-0.00012,-0.96119,0.00017,8e-05,7e-05,-0.97531,-0.97061,0.00027,0.00024,2.02939,2.03881,True,True,2.0293900000000002,2.03881,True,True
02030440d4,Cd3SbCl3,1.4164,Pnma,orthorhombic,14,Sb,51,-3.0,-0.97531,0.00012,-8e-05,-0.00012,-0.96119,-7e-05,-8e-05,-0.00017,-0.97531,-0.97061,0.00027,0.00024,2.02939,2.03881,True,True,2.0293900000000002,2.03881,True,True
02030440d4,Cd3SbCl3,1.4164,Pnma,orthorhombic,15,Sb,51,-3.0,-0.9659,0.00012,-8e-05,-0.00012,-0.98002,0.00017,-8e-05,7e-05,-0.9659,-0.97061,0.00027,0.00024,2.02939,2.0341,True,True,2.0293900000000002,2.0341,True,True
0205697dff,VSbAsCl13,0.5905,Cmc2_1,orthorhombic,0,V,23,5.0,2.33307,-0.00023,0.00043,-0.00014,2.33589,-3e-05,0.00047,-2e-05,2.3327,2.33389,0.00069,0.0001,2.66611,2.6673,True,True,2.66611,2.6673,True,True
0205697dff,VSbAsCl13,0.5905,Cmc2_1,orthorhombic,1,V,23,5.0,2.33307,0.00014,-0.00043,0.00023,2.33589,2e-05,-0.00047,3e-05,2.3327,2.33389,0.00069,0.0001,2.66611,2.6673,True,True,2.66611,2.6673,True,True
02072231f3,Pr3Nd3(Os2O9)2,0.103,P1,triclinic,6,Os,76,4.0,1.6458,0.00063,0.0007,-0.0012,1.76331,7e-05,0.00421,0.00027,1.6468,1.6853,0.00449,0.00351,2.3147,2.3542,True,True,2.3147,2.3542,True,True
02072231f3,Pr3Nd3(Os2O9)2,0.103,P1,triclinic,7,Os,76,4.0,1.77023,0.00113,-0.00444,-0.00054,1.65324,0.0002,-0.00095,0.00035,1.77049,1.73132,0.00473,0.00349,2.26868,2.34676,True,True,2.26868,2.3467599999999997,True,True
02072231f3,Pr3Nd3(Os2O9)2,0.103,P1,triclinic,8,Os,76,4.0,0.23134,-0.00058,-0.00254,0.00135,0.6249,-0.00122,-0.00511,-0.00166,0.23053,0.36225,0.00624,0.00256,3.63775,3.76947,True,True,3.63775,3.76947,True,True
02072231f3,Pr3Nd3(Os2O9)2,0.103,P1,triclinic,9,Os,76,4.0,0.47242,-0.00133,0.0051,0.00076,0.06208,-0.0012,0.00241,-0.00167,0.47172,0.3354,0.0062,0.00269,3.6646,3.93792,True,True,3.6646,3.93792,True,True
02072231f3,Pr3Nd3(Os2O9)2,0.103,P1,triclinic,26,O,8,-2.0,0.58694,-6e-05,-0.01773,-0.00233,0.66695,-0.00068,-0.01697,-0.00078,0.59528,0.61639,0.02467,0.00226,2.61639,2.66695,True,True,2.61639,2.66695,True,True
02072231f3,Pr3Nd3(Os2O9)2,0.103,P1,triclinic,27,O,8,-2.0,0.67477,0.00255,0.01611,0.00022,0.59962,-0.00066,0.01704,-0.00071,0.6833,0.65256,0.02361,0.00233,2.65256,2.6833,True,True,2.6525600000000003,2.6833,True,True
020c37fefc,TbMgB6Ru,0.1324,Pbam,orthorhombic,16,B,5,-1.0,1.49115,-0.00084,-0.00054,0.00258,0.91447,0.0013,0.00054,-0.0013,1.49115,1.29892,0.00337,0.00342,2.29892,2.49115,True,True,2.29892,2.49115,True,True
020c37fefc,TbMgB6Ru,0.1324,Pbam,orthorhombic,17,B,5,-1.0,1.1067,-0.00258,-0.00054,0.00084,1.68339,0.0013,0.00054,-0.0013,1.1067,1.29893,0.00337,0.00342,2.29893,2.68339,True,True,2.29893,2.68339,True,True
020c37fefc,TbMgB6Ru,0.1324,Pbam,orthorhombic,18,B,5,-1.0,1.1067,-0.00084,0.00054,0.00258,1.68339,0.0013,-0.00054,-0.0013,1.1067,1.29893,0.00337,0.00342,2.29893,2.68339,True,True,2.29893,2.68339,True,True
020c37fefc,TbMgB6Ru,0.1324,Pbam,orthorhombic,19,B,5,-1.0,1.49116,-0.00258,0.00054,0.00084,0.91447,0.0013,-0.00054,-0.0013,1.49116,1.29893,0.00337,0.00342,2.29893,2.49116,True,True,2.29893,2.49116,True,True
020c37fefc,TbMgB6Ru,0.1324,Pbam,orthorhombic,24,B,5,-1.0,1.18524,0.00228,-0.00563,0.00529,0.49249,0.00147,0.00563,-0.00147,1.18524,0.95433,0.01004,0.01126,1.95433,2.18524,True,True,1.9543300000000001,2.1852400000000003,True,True
020c37fefc,TbMgB6Ru,0.1324,Pbam,orthorhombic,25,B,5,-1.0,0.72342,-0.00529,-0.00563,-0.00228,1.41617,0.00147,0.00563,-0.00147,0.72342,0.95433,0.01004,0.01126,1.95433,2.41617,True,True,1.9543300000000001,2.41617,True,True
020c37fefc,TbMgB6Ru,0.1324,Pbam,orthorhombic,26,B,5,-1.0,0.72342,0.00228,0.00563,0.00529,1.41617,0.00147,-0.00563,-0.00147,0.72342,0.95433,0.01004,0.01126,1.95433,2.41617,True,True,1.9543300000000001,2.41617,True,True
020c37fefc,TbMgB6Ru,0.1324,Pbam,orthorhombic,27,B,5,-1.0,1.18525,-0.00529,0.00563,-0.00228,0.4925,0.00147,-0.00563,-0.00147,1.18525,0.95433,0.01004,0.01126,1.95433,2.18525,True,True,1.9543300000000001,2.18525,True,True
020c37fefc,TbMgB6Ru,0.1324,Pbam,orthorhombic,32,Ru,44,2.0,-3.84021,0.00928,-0.00486,-0.00675,-3.92745,-0.00095,0.00486,0.00095,-3.84021,-3.86929,0.01344,0.01603,5.86929,5.92745,True,True,5.8692899999999995,5.92745,True,True
020c37fefc,TbMgB6Ru,0.1324,Pbam,orthorhombic,33,Ru,44,2.0,-3.89836,0.00675,-0.00486,-0.00928,-3.81113,-0.00095,0.00486,0.00095,-3.89836,-3.86929,0.01344,0.01603,5.86929,5.89836,True,True,5.8692899999999995,5.89836,True,True
020c37fefc,TbMgB6Ru,0.1324,Pbam,orthorhombic,34,Ru,44,2.0,-3.89837,0.00928,0.00486,-0.00675,-3.81113,-0.00095,-0.00486,0.00095,-3.89837,-3.86929,0.01344,0.01603,5.86929,5.89837,True,True,5.8692899999999995,5.89837,True,True
020c37fefc,TbMgB6Ru,0.1324,Pbam,orthorhombic,35,Ru,44,2.0,-3.84021,0.00675,0.00486,-0.00928,-3.92745,-0.00095,-0.00486,0.00095,-3.84021,-3.86929,0.01344,0.01603,5.86929,5.92745,True,True,5.8692899999999995,5.92745,True,True
021622861c,Sc6CoCl10,0.1214,P-1,triclinic,4,Sc,21,1.0,3.08303,0.00072,0.00187,0.00069,2.89779,8e-05,0.00185,0.00016,3.08256,3.02113,0.00282,8e-05,2.02113,2.08303,True,True,2.02113,2.08303,True,True
021622861c,Sc6CoCl10,0.1214,P-1,triclinic,5,Sc,21,1.0,2.95969,-0.00069,-0.00185,-0.00072,3.14446,8e-05,-0.00187,0.00016,2.95922,3.02112,0.00282,8e-05,2.02112,2.14446,True,True,2.02112,2.14446,True,True
021622861c,Sc6CoCl10,0.1214,P-1,triclinic,6,Co,27,2.0,-5.61985,-1e-05,4e-05,1e-05,-5.62037,-6e-05,-4e-05,-2e-05,-5.62088,-5.62037,9e-05,9e-05,7.62037,7.62088,True,True,7.62037,7.62088,True,True
022284f2f4,TbNd(TcO4)6,3.0834,P-6,hexagonal,2,Tc,43,7.0,3.37631,0.04733,-0.00281,0.04654,3.37535,-5e-05,-0.00281,5e-05,3.3744,3.37535,0.06649,0.00079,3.62465,3.6256,True,True,3.62465,3.6256,True,True
022284f2f4,TbNd(TcO4)6,3.0834,P-6,hexagonal,3,Tc,43,7.0,3.37456,-0.08339,-0.00096,-0.08321,3.37533,-0.00055,-0.00096,0.00055,3.37609,3.37533,0.11782,0.0011,3.62467,3.62544,True,True,3.62467,3.62544,True,True
022284f2f4,TbNd(TcO4)6,3.0834,P-6,hexagonal,4,Tc,43,7.0,3.37514,0.03685,0.00377,0.03588,3.37533,0.00014,0.00377,-0.00014,3.37552,3.37533,0.05171,0.00098,3.62467,3.62486,True,True,3.62467,3.62486,True,True
022284f2f4,TbNd(TcO4)6,3.0834,P-6,hexagonal,5,Tc,43,7.0,3.3062,-0.04591,0.00131,-0.04567,3.30534,4e-05,0.00131,-4e-05,3.30448,3.30534,0.06479,0.00024,3.69466,3.69552,True,True,3.69466,3.69552,True,True
022284f2f4,TbNd(TcO4)6,3.0834,P-6,hexagonal,6,Tc,43,7.0,3.30412,0.08161,0.00088,0.08205,3.30529,-0.00051,0.00088,0.00051,3.30645,3.30529,0.11573,0.00103,3.69471,3.69588,True,True,3.69471,3.69588,True,True
022284f2f4,TbNd(TcO4)6,3.0834,P-6,hexagonal,7,Tc,43,7.0,3.3056,-0.03575,-0.00219,-0.0363,3.3053,0.00011,-0.00219,-0.00011,3.305,3.3053,0.05104,0.00054,3.6947,3.695,True,True,3.6947,3.695,True,True
0223997ec7,Ac2Mn2Se2O3,2.0667,I4/mmm,tetragonal,2,Mn,25,2.0,-0.13959,0.00125,0.0,-0.00125,-0.13842,0.00021,-0.0,-0.00021,-0.13726,-0.13842,0.0018,0.00251,2.13842,2.13959,True,True,2.13842,2.13959,True,True
0223997ec7,Ac2Mn2Se2O3,2.0667,I4/mmm,tetragonal,3,Mn,25,2.0,-0.13954,0.00075,0.0,-0.00075,-0.1384,-1e-05,-0.0,1e-05,-0.13726,-0.1384,0.00107,0.00151,2.1384,2.13954,True,True,2.1384,2.13954,True,True
0223997ec7,Ac2Mn2Se2O3,2.0667,I4/mmm,tetragonal,7,O,8,-2.0,0.35384,-0.00039,-0.0,0.00039,0.35457,-7e-05,-0.0,7e-05,0.35531,0.35457,0.00055,0.00077,2.35457,2.35531,True,True,2.35457,2.3553100000000002,True,True
022769c386,Er4VPd3F28,1.0248,P1,triclinic,4,V,23,4.0,7.11545,0.00138,0.00036,0.00136,7.1407,0.00031,-1e-05,-0.00019,7.11626,7.12414,0.002,0.0005,3.12414,3.1407,True,True,3.1241399999999997,3.1407,True,True
022769c386,Er4VPd3F28,1.0248,P1,triclinic,5,Pd,46,4.0,1.9356,0.00107,0.00033,0.00065,1.97927,-0.00011,-0.00012,-3e-05,1.93419,1.94969,0.0013,0.00045,2.05031,2.06581,True,True,2.05031,2.06581,True,True
0231e6c2ca,BaCePdS3,0.2678,Cmcm,orthorhombic,2,Ce,58,2.0,5.33456,-0.0003,0.00016,0.0003,5.33324,1e-05,-0.00016,-0.00018,5.33192,5.33324,0.00051,0.00059,3.33324,3.33456,True,True,3.33324,3.3345599999999997,True,True
0231e6c2ca,BaCePdS3,0.2678,Cmcm,orthorhombic,3,Ce,58,2.0,5.33457,-0.0003,-0.00016,0.0003,5.33325,0.00018,0.00016,-1e-05,5.33193,5.33325,0.00051,0.00059,3.33325,3.33457,True,True,3.3332499999999996,3.3345700000000003,True,True
0231e6c2ca,BaCePdS3,0.2678,Cmcm,orthorhombic,4,Pd,46,2.0,-1.18671,8e-05,0.00039,-0.00012,-1.18633,-7e-05,0.00039,7e-05,-1.18595,-1.18633,0.00058,0.0002,3.18633,3.18671,True,True,3.18633,3.1867099999999997,True,True
0231e6c2ca,BaCePdS3,0.2678,Cmcm,orthorhombic,5,Pd,46,2.0,-1.18671,0.00012,-0.00039,-8e-05,-1.18633,-7e-05,-0.00039,7e-05,-1.18595,-1.18633,0.00058,0.0002,3.18633,3.18671,True,True,3.18633,3.1867099999999997,True,True
0235a0279b,Rb2Pt(WO4)3,1.1833,C2,monoclinic,3,W,74,6.0,8.21409,0.00016,0.00191,-0.00123,8.20753,-0.00152,0.00266,-0.00167,8.21727,8.21296,0.00416,0.00139,2.21296,2.21727,True,True,2.2129600000000007,2.217269999999999,True,True
0235a0279b,Rb2Pt(WO4)3,1.1833,C2,monoclinic,4,W,74,6.0,8.20973,-0.00082,0.0009,-2e-05,8.2184,-0.00074,0.00124,-0.00042,8.21077,8.21296,0.00194,0.00081,2.21296,2.2184,True,True,2.2129600000000007,2.218400000000001,True,True
0235a0279b,Rb2Pt(WO4)3,1.1833,C2,monoclinic,5,W,74,6.0,8.26472,0.0001,0.00095,-0.00059,8.26474,-0.00155,0.00019,-0.00163,8.26476,8.26474,0.00252,0.00076,2.26474,2.26476,True,True,2.2647399999999998,2.2647600000000008,True,True
0235e2b35f,AlGa3(SeO4)6,2.6101,R3,trigonal,4,Se,34,6.0,3.12214,0.00987,-0.00022,0.00825,3.18539,6e-05,0.00022,0.0004,3.12162,3.14305,0.01288,0.00162,2.85695,2.87838,True,True,2.85695,2.87838,True,True
0235e2b35f,AlGa3(SeO4)6,2.6101,R3,trigonal,5,Se,34,6.0,3.126,-0.01548,-0.00216,-0.01559,3.17499,0.00066,-0.0025,0.00052,3.12815,3.14305,0.02223,0.00035,2.85695,2.874,True,True,2.85695,2.874,True,True
0235e2b35f,AlGa3(SeO4)6,2.6101,R3,trigonal,6,Se,34,6.0,3.13187,-0.00597,0.00153,-0.00474,3.16464,-0.00048,0.00214,2e-05,3.13262,3.14304,0.00808,0.00123,2.85696,2.86813,True,True,2.85696,2.86813,True,True
0235e2b35f,AlGa3(SeO4)6,2.6101,R3,trigonal,7,Se,34,6.0,3.24811,-0.00879,-0.00345,-0.0078,3.20677,-0.00044,-0.00203,0.00016,3.24902,3.23463,0.01243,0.00142,2.76537,2.79323,True,True,2.76537,2.79323,True,True
0235e2b35f,AlGa3(SeO4)6,2.6101,R3,trigonal,8,Se,34,6.0,3.2423,0.02954,0.00177,0.03041,3.2169,0.00104,0.00141,0.00092,3.2447,3.23463,0.04247,0.00087,2.76537,2.7831,True,True,2.76537,2.7831,True,True
0235e2b35f,AlGa3(SeO4)6,2.6101,R3,trigonal,9,Se,34,6.0,3.25558,-0.02093,0.00147,-0.02259,3.19255,8e-05,0.0023,0.00028,3.25577,3.23463,0.03092,0.00166,2.76537,2.80745,True,True,2.76537,2.80745,True,True
0236cef5fd,Cs4Nb2FeCuS8,0.3598,F222,orthorhombic,4,Nb,41,4.0,1.64957,-5e-05,-0.00148,5e-05,1.6499,0.00017,0.00148,-1e-05,1.65023,1.6499,0.0021,0.00295,2.3501,2.35043,True,True,2.3501000000000003,2.3504300000000002,True,True
0236cef5fd,Cs4Nb2FeCuS8,0.3598,F222,orthorhombic,5,Nb,41,5.0,2.78744,-1e-05,0.00018,1e-05,2.78755,-4e-05,-0.00018,-1e-05,2.78765,2.78755,0.00026,0.00037,2.21245,2.21256,True,True,2.21245,2.21256,True,True
0236cef5fd,Cs4Nb2FeCuS8,0.3598,F222,orthorhombic,6,Fe,26,2.0,-1.08012,3e-05,-0.00057,-3e-05,-1.08007,8e-05,0.00057,-4e-05,-1.08002,-1.08007,0.00082,0.00115,3.08007,3.08012,True,True,3.08007,3.08012,True,True
023814fb02,Sr4MgAl2MoH20,1.0931,P1,triclinic,0,Sr,38,2.0,4.15621,1e-05,0.00321,0.00052,4.19937,-0.00027,0.00278,6e-05,4.15674,4.17078,0.00429,0.00051,2.17078,2.19937,True,True,2.1707799999999997,2.19937,True,True
023814fb02,Sr4MgAl2MoH20,1.0931,P1,triclinic,4,Mg,12,2.0,-0.56192,-0.00119,9e-05,0.00123,-0.55367,0.00104,0.00085,0.0009,-0.56214,-0.55924,0.00236,0.00242,2.55924,2.56214,True,True,2.55924,2.56214,True,True
023814fb02,Sr4MgAl2MoH20,1.0931,P1,triclinic,7,Mo,42,4.0,-1.3514,-0.00084,-0.00038,-0.00208,-1.33218,-8e-05,-1e-05,-0.0,-1.35152,-1.34503,0.00228,0.00124,5.34503,5.35152,True,True,5.3450299999999995,5.35152,True,True
023814fb02,Sr4MgAl2MoH20,1.0931,P1,triclinic,8,H,1,-1.0,1.79828,-0.03295,-0.0009,-0.03254,1.81168,0.00042,-0.00233,0.00036,1.79687,1.80228,0.04638,0.00143,2.80228,2.81168,True,True,2.80228,2.81168,True,True
023814fb02,Sr4MgAl2MoH20,1.0931,P1,triclinic,9,H,1,-1.0,1.76573,0.02638,-0.00377,0.02649,1.79665,-0.00018,-0.00352,9e-05,1.76699,1.77645,0.03774,0.00027,2.77645,2.79665,True,True,2.77645,2.79665,True,True
023814fb02,Sr4MgAl2MoH20,1.0931,P1,triclinic,10,H,1,-1.0,-3.62168,0.00028,-0.00299,-0.00024,-3.55081,-0.00075,-0.00377,-0.00055,-3.62044,-3.59764,0.00491,0.00078,2.59764,2.62168,True,True,2.59764,2.62168,True,True
023814fb02,Sr4MgAl2MoH20,1.0931,P1,triclinic,11,H,1,-1.0,-3.34518,-0.00078,0.00074,-0.00198,-3.37016,0.00106,0.00321,0.00085,-3.34144,-3.35226,0.00415,0.00247,2.35226,2.37016,True,True,2.35226,2.37016,True,True
023814fb02,Sr4MgAl2MoH20,1.0931,P1,triclinic,20,H,1,-1.0,-3.46656,0.00013,0.00049,-9e-05,-3.39813,-0.00093,0.00041,-0.00122,-3.46662,-3.44377,0.00167,0.00029,2.44377,2.46662,True,True,2.44377,2.46662,True,True
023814fb02,Sr4MgAl2MoH20,1.0931,P1,triclinic,21,H,1,-1.0,-3.02845,0.00043,-0.00024,-0.0003,-3.03153,-0.00145,0.00037,-0.00161,-3.02838,-3.02945,0.00227,0.00073,2.02945,2.03153,True,True,2.02945,2.03153,True,True
023814fb02,Sr4MgAl2MoH20,1.0931,P1,triclinic,24,H,1,-1.0,-3.61236,0.00029,-0.00405,-0.00024,-3.61474,-0.00118,-0.00329,-0.00098,-3.61328,-3.61346,0.00545,0.00075,2.61346,2.61474,True,True,2.61346,2.61474,True,True
023814fb02,Sr4MgAl2MoH20,1.0931,P1,triclinic,25,H,1,-1.0,-3.4032,0.00204,0.0023,0.00099,-3.36794,0.00094,0.0001,0.00073,-3.40694,-3.3927,0.00344,0.0022,2.3927,2.40694,True,True,2.3927,2.40694,True,True
023814fb02,Sr4MgAl2MoH20,1.0931,P1,triclinic,26,H,1,-1.0,1.78872,0.00041,0.00377,0.00141,1.85604,-0.00091,0.00357,-0.00091,1.79064,1.8118,0.00555,0.001,2.8118,2.85604,True,True,2.8118,2.85604,True,True
023814fb02,Sr4MgAl2MoH20,1.0931,P1,triclinic,27,H,1,-1.0,1.75886,-0.00139,0.00094,-0.00114,1.95628,-0.00035,0.00116,-0.00022,1.75887,1.82467,0.00238,0.00025,2.82467,2.95628,True,True,2.8246700000000002,2.95628,True,True
02401615c0,Nb(OsBr6)5,0.3568,P1,triclinic,1,Os,76,4.0,-0.51272,0.00045,-0.00124,0.00017,-0.51115,-0.00031,-0.00059,-0.00027,-0.51214,-0.512,0.00151,0.00065,4.512,4.51272,True,True,4.5120000000000005,4.51272,True,True
02401615c0,Nb(OsBr6)5,0.3568,P1,triclinic,2,Os,76,4.0,-1.13385,0.00071,-0.00011,7e-05,-1.14366,-0.00031,0.00058,-0.00019,-1.13326,-1.13692,0.001,0.00069,5.13692,5.14366,True,True,5.13692,5.14366,True,True
02401615c0,Nb(OsBr6)5,0.3568,P1,triclinic,3,Os,76,4.0,-1.04035,-2e-05,-0.00055,-0.00067,-1.04569,-0.00032,0.00014,-0.00022,-1.03974,-1.04193,0.00096,0.00069,5.04193,5.04569,True,True,5.04193,5.0456900000000005,True,True
02401615c0,Nb(OsBr6)5,0.3568,P1,triclinic,4,Os,76,4.0,-1.13079,0.0007,0.00046,4e-05,-1.13748,0.00023,-0.00044,0.00032,-1.13018,-1.13282,0.00102,0.00089,5.13282,5.13748,True,True,5.13282,5.13748,True,True
02401615c0,Nb(OsBr6)5,0.3568,P1,triclinic,5,Os,76,4.0,-1.04068,1e-05,0.00051,-0.00066,-1.0433,0.00022,-0.00026,0.00034,-1.04002,-1.04133,0.00096,0.00077,5.04133,5.0433,True,True,5.04133,5.0433,True,True
02401615c0,Nb(OsBr6)5,0.3568,P1,triclinic,20,Br,35,-0.8,1.79759,-0.0006,0.00176,-4e-05,1.63273,-0.00021,0.0016,-0.0002,1.79791,1.74274,0.00247,0.00056,2.54274,2.59791,True,True,2.5427400000000002,2.5979099999999997,True,True
02401615c0,Nb(OsBr6)5,0.3568,P1,triclinic,21,Br,35,-0.8,1.57473,0.00031,-0.00151,0.0008,1.73993,-0.00022,-0.00179,-0.00023,1.57467,1.62978,0.00251,0.00049,2.42978,2.53993,True,True,2.42978,2.53993,True,True
02401615c0,Nb(OsBr6)5,0.3568,P1,triclinic,23,Br,35,-0.8,1.57876,-0.00067,0.00156,-0.00018,1.74528,0.00018,0.00175,0.00014,1.57884,1.63429,0.00246,0.00049,2.43429,2.54528,True,True,2.43429,2.54528,True,True
02401615c0,Nb(OsBr6)5,0.3568,P1,triclinic,33,Br,35,-0.8,1.80109,3e-05,-0.00204,0.00105,1.63555,8e-05,-0.00186,6e-05,1.80133,1.74599,0.00296,0.00102,2.54599,2.60133,True,True,2.5459899999999998,2.60133,True,True
0240422a8b,LaNdGePdI2,0.2284,P3m1,trigonal,0,La,57,1.0,3.40566,-0.00061,-0.0,0.00061,3.38554,2e-05,-0.0,-2e-05,3.40566,3.39895,0.00087,0.00122,2.39895,2.40566,True,True,2.39895,2.40566,True,True
0240422a8b,LaNdGePdI2,0.2284,P3m1,trigonal,2,Ge,32,-4.0,-1.8312,-0.00021,0.0,0.00021,-1.86012,-0.00017,0.0,0.00017,-1.8312,-1.84084,0.00038,0.00042,2.15916,2.1688,True,True,2.15916,2.1688,True,True
0240422a8b,LaNdGePdI2,0.2284,P3m1,trigonal,3,Pd,46,3.0,-5.37016,0.00089,0.0,-0.00089,-5.33908,8e-05,0.0,-8e-05,-5.37016,-5.3598,0.00127,0.00178,8.3598,8.37016,True,True,8.3598,8.37016,True,True
0249d61560,Cs12Na8Ti3SnSb12,0.587,C2,monoclinic,20,Ti,22,4.0,-1.046,1e-05,-8e-05,0.00046,-1.04604,-6e-05,3e-05,9e-05,-1.04608,-1.04604,0.00048,0.00045,5.04604,5.04608,True,True,5.04604,5.04608,True,True
0249d61560,Cs12Na8Ti3SnSb12,0.587,C2,monoclinic,21,Ti,22,4.0,-0.74077,-0.00036,0.00045,8e-05,-0.74075,-3e-05,-0.00021,0.00011,-0.74073,-0.74075,0.00063,0.00066,4.74075,4.74077,True,True,4.74075,4.74077,True,True
0249d61560,Cs12Na8Ti3SnSb12,0.587,C2,monoclinic,22,Ti,22,4.0,-1.03877,-0.00046,4e-05,-1e-05,-1.03882,-6e-05,0.00012,9e-05,-1.03886,-1.03882,0.00049,0.00045,5.03882,5.03886,True,True,5.03882,5.03886,True,True
0249d61560,Cs12Na8Ti3SnSb12,0.587,C2,monoclinic,23,Sn,50,2.0,-0.5347,-3e-05,3e-05,0.00031,-0.53496,-0.0001,6e-05,9e-05,-0.53523,-0.53496,0.00034,0.00033,2.53496,2.53523,True,True,2.53496,2.53523,True,True
0249d61560,Cs12Na8Ti3SnSb12,0.587,C2,monoclinic,24,Sb,51,-3.0,-0.57189,0.00031,-0.00055,0.00052,-0.61617,0.00042,-0.0013,0.00024,-0.57385,-0.5873,0.00161,0.00075,2.4127,2.42811,True,True,2.4127,2.42811,True,True
0249d61560,Cs12Na8Ti3SnSb12,0.587,C2,monoclinic,25,Sb,51,-3.0,-0.60263,-0.00046,0.00021,-0.00094,-0.55843,-6e-05,-0.00128,-0.00017,-0.60083,-0.5873,0.00168,0.00149,2.4127,2.44157,True,True,2.4127,2.44157,True,True
0249d61560,Cs12Na8Ti3SnSb12,0.587,C2,monoclinic,26,Sb,51,-3.0,-0.60039,-0.00053,0.0002,-0.00025,-0.63537,-0.00018,0.00114,-0.00036,-0.60261,-0.61279,0.00135,0.00094,2.38721,2.39961,True,True,2.38721,2.39961,True,True
0249d61560,Cs12Na8Ti3SnSb12,0.587,C2,monoclinic,28,Sb,51,-3.0,-0.59585,-0.00051,0.00125,-0.00032,-0.55408,0.00041,0.00056,0.00023,-0.59777,-0.58257,0.00157,0.00069,2.41743,2.44592,True,True,2.41743,2.44592,True,True
0249d61560,Cs12Na8Ti3SnSb12,0.587,C2,monoclinic,29,Sb,51,-3.0,-0.56923,0.00094,0.00127,0.00043,-0.61106,-5e-05,-0.00018,-0.00016,-0.56741,-0.58257,0.00166,0.00145,2.41743,2.43259,True,True,2.41743,2.4325900000000003,True,True
0249d61560,Cs12Na8Ti3SnSb12,0.587,C2,monoclinic,34,Sb,51,-3.0,-0.6251,0.00089,-0.00043,0.00038,-0.59021,0.00015,0.00132,7e-05,-0.62306,-0.61279,0.0017,0.00175,2.38721,2.40979,True,True,2.38721,2.40979,True,True
0253903f02,Rb4Na2DyInSb4,0.8122,I222,orthorhombic,6,Dy,66,3.0,-0.31965,-0.0001,0.00045,0.0001,-0.31972,-0.00083,-0.00045,-0.00062,-0.31979,-0.31972,0.00123,0.00091,3.31972,3.31979,True,True,3.3197200000000002,3.3197900000000002,True,True
0253903f02,Rb4Na2DyInSb4,0.8122,I222,orthorhombic,7,In,49,3.0,-0.82168,-7e-05,0.00047,7e-05,-0.82183,-0.00084,-0.00047,-0.00059,-0.82199,-0.82183,0.00122,0.00094,3.82183,3.82199,True,True,3.82183,3.82199,True,True
0253903f02,Rb4Na2DyInSb4,0.8122,I222,orthorhombic,8,Sb,51,-3.0,-0.71558,-0.00024,0.0008,0.0002,-0.6814,-0.00022,-0.00072,-0.00044,-0.71407,-0.70368,0.00122,0.00151,2.29632,2.3186,True,True,2.29632,2.3186,True,True
0253903f02,Rb4Na2DyInSb4,0.8122,I222,orthorhombic,9,Sb,51,-3.0,-0.69782,-8e-05,-0.00136,-0.00034,-0.71376,0.00042,0.0006,0.00032,-0.69959,-0.70372,0.00162,0.00196,2.29628,2.30218,True,True,2.29628,2.30218,True,True
0253903f02,Rb4Na2DyInSb4,0.8122,I222,orthorhombic,10,Sb,51,-3.0,-0.70598,0.00024,-0.00054,-0.0002,-0.69803,0.00034,0.00125,0.00012,-0.70707,-0.70369,0.00144,0.00179,2.29631,2.30197,True,True,2.29631,2.30197,True,True
0253903f02,Rb4Na2DyInSb4,0.8122,I222,orthorhombic,11,Sb,51,-3.0,-0.69582,0.00013,0.00083,0.00029,-0.72159,-2e-05,-0.00086,-0.00013,-0.69363,-0.70368,0.00124,0.00169,2.29632,2.30637,True,True,2.29632,2.3063700000000003,True,True
025c244fce,Rb3ScIrBr9,1.7097,P-3m1,trigonal,8,Ir,77,3.0,0.16159,0.00019,0.0,-0.00019,0.22649,2e-05,0.0,-2e-05,0.16159,0.18322,0.00027,0.00038,2.81678,2.83841,True,True,2.81678,2.83841,True,True
025c244fce,Rb3ScIrBr9,1.7097,P-3m1,trigonal,9,Ir,77,3.0,0.20486,0.00019,-0.0,-0.00019,0.13996,2e-05,-0.0,-2e-05,0.20486,0.18322,0.00027,0.00038,2.81678,2.86004,True,True,2.81678,2.86004,True,True
025d534cd8,MgNi3(BrO3)8,3.7789,P1,triclinic,4,Br,35,5.0,2.45343,0.00527,-0.00153,0.006,2.47783,-0.00069,-0.00206,-0.0005,2.45283,2.46136,0.00843,0.00073,2.53864,2.54717,True,True,2.53864,2.54717,True,True
025d534cd8,MgNi3(BrO3)8,3.7789,P1,triclinic,5,Br,35,5.0,2.59907,-0.00614,-0.00134,-0.00527,2.58552,0.00084,-0.0018,0.00078,2.6002,2.59493,0.00848,0.00087,2.40507,2.41448,True,True,2.40507,2.41448,True,True
025d534cd8,MgNi3(BrO3)8,3.7789,P1,triclinic,6,Br,35,5.0,2.4969,-0.00309,-0.00154,-0.00237,2.5133,-0.00045,-0.00195,-0.00039,2.49623,2.50214,0.00466,0.00071,2.49786,2.50377,True,True,2.49786,2.50377,True,True
025d534cd8,MgNi3(BrO3)8,3.7789,P1,triclinic,7,Br,35,5.0,2.30617,-0.00226,-0.00107,-0.00142,2.28483,0.00044,-0.00166,0.00045,2.30699,2.29933,0.00337,0.00084,2.70067,2.71517,True,True,2.70067,2.71517,True,True
025d534cd8,MgNi3(BrO3)8,3.7789,P1,triclinic,8,Br,35,5.0,2.2467,-0.00455,-0.00221,-0.00446,2.27053,-0.00077,-0.00242,-0.0004,2.24744,2.25489,0.00721,0.00037,2.74511,2.7533,True,True,2.74511,2.7533,True,True
025d534cd8,MgNi3(BrO3)8,3.7789,P1,triclinic,9,Br,35,5.0,2.13881,0.00855,-0.00218,0.00883,2.10401,0.00039,-0.00236,0.00057,2.1378,2.12687,0.01272,0.00028,2.87313,2.89599,True,True,2.87313,2.89599,True,True
025d534cd8,MgNi3(BrO3)8,3.7789,P1,triclinic,10,Br,35,5.0,1.93423,0.00322,-0.00217,0.00345,1.89822,0.00047,-0.002,0.00081,1.93375,1.92207,0.00565,0.00034,3.07793,3.10178,True,True,3.0779300000000003,3.1017799999999998,True,True
025d534cd8,MgNi3(BrO3)8,3.7789,P1,triclinic,11,Br,35,5.0,2.23071,-0.00104,-0.00259,-0.00084,2.26956,-0.00109,-0.00265,-0.00071,2.23083,2.2437,0.00415,0.00038,2.7563,2.76929,True,True,2.7563,2.76929,True,True
025eb307b3,InFe10B4SbO20,1.3903,C2/m,monoclinic,0,In,49,3.0,-1.042,-0.00228,-0.00256,0.00228,-1.0379,0.00396,0.00256,0.00389,-1.03379,-1.0379,0.00737,0.00513,4.0379,4.042,True,True,4.0379000000000005,4.042,True,True
025eb307b3,InFe10B4SbO20,1.3903,C2/m,monoclinic,1,Fe,26,2.0,-3.28164,-0.00098,-0.00231,0.00098,-3.27804,0.00395,0.00231,0.00356,-3.27444,-3.27804,0.0064,0.00463,5.27804,5.28164,True,True,5.27804,5.2816399999999994,True,True
025eb307b3,InFe10B4SbO20,1.3903,C2/m,monoclinic,2,Fe,26,2.0,-2.96358,-0.00283,-0.00023,0.0027,-2.89165,-0.00014,0.00061,-0.00061,-2.94712,-2.93412,0.00402,0.00553,4.93412,4.96358,True,True,4.93412,4.96358,True,True
025eb307b3,InFe10B4SbO20,1.3903,C2/m,monoclinic,3,Fe,26,2.0,-2.92111,-0.0027,-0.00061,0.00283,-2.97658,-0.00014,0.00023,-0.00061,-2.90466,-2.93412,0.00402,0.00553,4.93412,4.97658,True,True,4.93412,4.97658,True,True
025eb307b3,InFe10B4SbO20,1.3903,C2/m,monoclinic,4,Fe,26,2.0,-1.21175,0.00033,0.00372,-0.00021,-0.97455,-0.0017,0.00464,-0.00119,-1.20876,-1.13169,0.00631,0.00092,3.13169,3.21175,True,True,3.13169,3.2117500000000003,True,True
025eb307b3,InFe10B4SbO20,1.3903,C2/m,monoclinic,5,Fe,26,2.0,-1.21074,7e-05,0.00585,-0.00031,-0.97455,0.00023,-0.00169,0.00141,-1.20977,-1.13169,0.00627,0.00754,3.13169,3.21074,True,True,3.13169,3.21074,True,True
025eb307b3,InFe10B4SbO20,1.3903,C2/m,monoclinic,6,Fe,26,2.0,-1.05361,0.00031,0.00169,-7e-05,-1.28883,0.00023,-0.00585,0.00141,-1.05264,-1.13169,0.00627,0.00754,3.13169,3.28883,True,True,3.13169,3.28883,True,True
025eb307b3,InFe10B4SbO20,1.3903,C2/m,monoclinic,7,Fe,26,2.0,-1.05462,0.00021,-0.00464,-0.00033,-1.28883,-0.0017,-0.00372,-0.00119,-1.05163,-1.13169,0.00631,0.00092,3.13169,3.28883,True,True,3.13169,3.28883,True,True
025eb307b3,InFe10B4SbO20,1.3903,C2/m,monoclinic,8,Fe,26,3.0,0.83004,-0.00181,-0.00194,0.00181,0.83264,0.00397,0.00194,0.00564,0.83524,0.83264,0.00785,0.00388,2.16736,2.16996,True,True,2.16736,2.16996,True,True
025eb307b3,InFe10B4SbO20,1.3903,C2/m,monoclinic,9,Fe,26,3.0,0.8327,-0.002,-0.00345,0.002,0.83264,0.00217,0.00345,0.00114,0.83258,0.83264,0.00615,0.0069,2.16736,2.16742,True,True,2.16736,2.16742,True,True
025eb307b3,InFe10B4SbO20,1.3903,C2/m,monoclinic,16,O,8,-2.0,0.93919,0.00105,-0.00464,-0.00121,0.77313,-0.00145,-0.00739,-0.00137,0.93362,0.88198,0.00909,0.00275,2.88198,2.93919,True,True,2.88198,2.93919,True,True
025eb307b3,InFe10B4SbO20,1.3903,C2/m,monoclinic,17,O,8,-2.0,0.93743,0.00131,-0.00626,-0.00248,0.77313,-0.00472,-0.00849,-0.00472,0.93538,0.88198,0.01279,0.0038,2.88198,2.93743,True,True,2.88198,2.93743,True,True
025eb307b3,InFe10B4SbO20,1.3903,C2/m,monoclinic,18,O,8,-2.0,0.82858,0.00248,0.00849,-0.00131,0.99083,-0.00472,0.00626,-0.00472,0.82653,0.88198,0.01279,0.0038,2.88198,2.99083,True,True,2.88198,2.99083,True,True
025eb307b3,InFe10B4SbO20,1.3903,C2/m,monoclinic,19,O,8,-2.0,0.83034,0.00121,0.00739,-0.00105,0.99083,-0.00145,0.00464,-0.00137,0.82477,0.88198,0.00909,0.00275,2.88198,2.99083,True,True,2.88198,2.99083,True,True
025eb307b3,InFe10B4SbO20,1.3903,C2/m,monoclinic,21,O,8,-2.0,0.26371,-0.02641,0.01198,-0.02212,0.15581,0.00302,0.01498,0.003,0.25673,0.22541,0.03966,0.00429,2.22541,2.26371,True,True,2.22541,2.26371,True,True
025eb307b3,InFe10B4SbO20,1.3903,C2/m,monoclinic,23,O,8,-2.0,0.1941,0.02212,-0.01498,0.02641,0.29501,0.00302,-0.01198,0.003,0.18712,0.22541,0.03966,0.00429,2.22541,2.29501,True,True,2.22541,2.29501,True,True
025eb307b3,InFe10B4SbO20,1.3903,C2/m,monoclinic,24,O,8,-2.0,2.50198,-0.00201,-0.00356,-0.00217,2.42371,-0.00459,-0.00016,-0.00427,2.49484,2.47351,0.0078,0.0034,4.47351,4.50198,True,True,4.47351,4.50198,True,True
025eb307b3,InFe10B4SbO20,1.3903,C2/m,monoclinic,25,O,8,-2.0,2.50037,-0.00052,0.00032,-0.00053,2.42371,0.0021,-0.00299,0.00189,2.49645,2.47351,0.00419,0.00331,4.47351,4.50037,True,True,4.47351,4.50037,True,True
025eb307b3,InFe10B4SbO20,1.3903,C2/m,monoclinic,26,O,8,-2.0,2.45057,0.00053,0.00299,0.00052,2.5233,0.0021,-0.00032,0.00189,2.44665,2.47351,0.00419,0.00331,4.47351,4.5233,True,True,4.47351,4.5233,True,True
025eb307b3,InFe10B4SbO20,1.3903,C2/m,monoclinic,27,O,8,-2.0,2.45218,0.00217,0.00016,0.00201,2.5233,-0.00459,0.00356,-0.00427,2.44504,2.47351,0.0078,0.0034,4.47351,4.5233,True,True,4.47351,4.5233,True,True
025eb307b3,InFe10B4SbO20,1.3903,C2/m,monoclinic,33,O,8,-2.0,1.30157,-0.00283,-0.00438,-0.00828,1.23009,-0.00772,-0.00076,-0.00833,1.30853,1.28006,0.01501,0.00545,3.28006,3.30853,True,True,3.2800599999999998,3.30853,True,True
025eb307b3,InFe10B4SbO20,1.3903,C2/m,monoclinic,35,O,8,-2.0,1.25159,0.00828,0.00076,0.00283,1.33003,-0.00772,0.00438,-0.00833,1.25855,1.28006,0.01501,0.00545,3.28006,3.33003,True,True,3.2800599999999998,3.33003,True,True
0269334f6c,Rb3Hf2Te10Au,1.1245,P-1,triclinic,30,Au,79,3.0,0.19727,-0.00018,0.00068,-0.00032,0.20708,0.00016,-0.00068,0.00031,0.19738,0.20058,0.00109,0.00136,2.79942,2.80273,True,True,2.79942,2.80273,True,True
0269334f6c,Rb3Hf2Te10Au,1.1245,P-1,triclinic,31,Au,79,3.0,0.20377,0.00032,0.00068,0.00018,0.19407,0.00016,-0.00068,0.00031,0.20388,0.20058,0.00109,0.00136,2.79942,2.80593,True,True,2.79942,2.80593,True,True
026dcc0676,K5Rb12Na(GaSb4)2,0.4494,Amm2,orthorhombic,18,Ga,31,3.0,-1.13632,-0.00042,9e-05,0.00036,-1.13633,-6e-05,9e-05,6e-05,-1.13633,-1.13633,0.00057,0.00078,4.13633,4.13633,True,True,4.13633,4.13633,True,True
026dcc0676,K5Rb12Na(GaSb4)2,0.4494,Amm2,orthorhombic,19,Ga,31,3.0,-1.21008,-0.00022,-3e-05,0.0003,-1.21015,-7e-05,-3e-05,7e-05,-1.21022,-1.21015,0.00039,0.00052,4.21015,4.21022,True,True,4.2101500000000005,4.21022,True,True
026dcc0676,K5Rb12Na(GaSb4)2,0.4494,Amm2,orthorhombic,20,Sb,51,-3.0,-0.23118,-0.00047,-0.0006,6e-05,-0.23273,0.00025,-0.00027,0.00017,-0.23119,-0.2317,0.00087,0.00053,2.7683,2.76882,True,True,2.7683,2.76882,True,True
026dcc0676,K5Rb12Na(GaSb4)2,0.4494,Amm2,orthorhombic,21,Sb,51,-3.0,-0.17603,9e-05,0.00015,0.00073,-0.17604,-8e-05,0.00015,8e-05,-0.17604,-0.17604,0.00077,0.00063,2.82396,2.82397,True,True,2.82396,2.82397,True,True
026dcc0676,K5Rb12Na(GaSb4)2,0.4494,Amm2,orthorhombic,22,Sb,51,-3.0,-0.18994,-0.00081,-7e-05,-0.00069,-0.18995,0.00012,-7e-05,-0.00012,-0.18996,-0.18995,0.00108,0.00025,2.81005,2.81006,True,True,2.81005,2.81006,True,True
026dcc0676,K5Rb12Na(GaSb4)2,0.4494,Amm2,orthorhombic,23,Sb,51,-3.0,-0.19545,0.0005,7e-05,0.00069,-0.19567,0.00014,7e-05,-0.00014,-0.19589,-0.19567,0.00088,0.00027,2.80433,2.80455,True,True,2.80433,2.80455,True,True
026dcc0676,K5Rb12Na(GaSb4)2,0.4494,Amm2,orthorhombic,24,Sb,51,-3.0,-0.19576,-0.00049,0.00038,0.0004,-0.19568,1e-05,0.00038,-1e-05,-0.19561,-0.19568,0.00083,0.00089,2.80432,2.80439,True,True,2.80432,2.80439,True,True
026dcc0676,K5Rb12Na(GaSb4)2,0.4494,Amm2,orthorhombic,25,Sb,51,-3.0,-0.23221,-0.00047,-0.00027,6e-05,-0.23067,-0.00017,-0.0006,-0.00025,-0.23221,-0.2317,0.00087,0.00053,2.7683,2.76933,True,True,2.7683,2.76933,True,True
026dcc0676,K5Rb12Na(GaSb4)2,0.4494,Amm2,orthorhombic,26,Sb,51,-3.0,-0.19006,-0.00012,-0.00015,0.0007,-0.18997,-5e-05,-0.00015,5e-05,-0.18987,-0.18997,0.00075,0.00083,2.81003,2.81013,True,True,2.81003,2.81013,True,True
026dcc0676,K5Rb12Na(GaSb4)2,0.4494,Amm2,orthorhombic,27,Sb,51,-3.0,-0.19969,-0.00076,-0.00034,-5e-05,-0.19969,-0.00011,-0.00034,0.00011,-0.1997,-0.19969,0.00091,0.00071,2.80031,2.80031,True,True,2.80031,2.80031,True,True
0273a406c7,K8Na4ScIn3Sb8,0.8803,C2,monoclinic,12,Sc,21,3.0,-0.28732,-0.00029,-0.00023,-3e-05,-0.28662,0.00011,-0.00011,0.00015,-0.28593,-0.28662,0.00043,0.00026,3.28662,3.28732,True,True,3.28662,3.2873200000000002,True,True
0273a406c7,K8Na4ScIn3Sb8,0.8803,C2,monoclinic,13,In,49,3.0,-0.1744,-0.00039,-0.00029,-6e-05,-0.17391,-0.00023,-0.00026,-0.00012,-0.17341,-0.17391,0.00061,0.00034,3.17391,3.1744,True,True,3.1739100000000002,3.1744,True,True
0273a406c7,K8Na4ScIn3Sb8,0.8803,C2,monoclinic,14,In,49,3.0,-0.31368,-1e-05,0.00036,0.00022,-0.31271,0.00013,0.00029,0.00012,-0.31175,-0.31271,0.00054,0.00024,3.31271,3.31368,True,True,3.31271,3.31368,True,True
0273a406c7,K8Na4ScIn3Sb8,0.8803,C2,monoclinic,15,In,49,3.0,-0.12583,5e-05,0.00032,0.00036,-0.12546,-0.00026,0.00036,-0.00015,-0.12508,-0.12546,0.00067,0.00032,3.12546,3.12583,True,True,3.12546,3.12583,True,True
0273a406c7,K8Na4ScIn3Sb8,0.8803,C2,monoclinic,16,Sb,51,-3.0,-0.61474,0.00024,-0.00177,9e-05,-0.61405,-0.00026,-0.00027,-0.00045,-0.61606,-0.61495,0.00188,0.0015,2.38505,2.38595,True,True,2.38505,2.3859500000000002,True,True
0273a406c7,K8Na4ScIn3Sb8,0.8803,C2,monoclinic,17,Sb,51,-3.0,-0.61378,-6e-05,0.00128,-0.00026,-0.61585,6e-05,0.00013,8e-05,-0.61522,-0.61495,0.00131,0.00115,2.38505,2.38622,True,True,2.38505,2.38622,True,True
0273a406c7,K8Na4ScIn3Sb8,0.8803,C2,monoclinic,18,Sb,51,-3.0,-0.48937,3e-05,-0.00015,-0.00019,-0.49614,-0.00028,0.00158,-0.00035,-0.49094,-0.49215,0.00166,0.00173,2.50785,2.51063,True,True,2.50785,2.51063,True,True
0273a406c7,K8Na4ScIn3Sb8,0.8803,C2,monoclinic,19,Sb,51,-3.0,-0.4934,0.00039,-2e-05,-0.0,-0.48816,0.00031,-0.00155,0.0002,-0.49488,-0.49215,0.00164,0.00153,2.50785,2.51184,True,True,2.50785,2.51184,True,True
0273a406c7,K8Na4ScIn3Sb8,0.8803,C2,monoclinic,20,Sb,51,-3.0,-0.5048,0.0001,0.00188,-0.00027,-0.51782,-0.00079,-0.00026,-0.00077,-0.50602,-0.50955,0.00221,0.00214,2.49045,2.4952,True,True,2.49045,2.4952,True,True
0273a406c7,K8Na4ScIn3Sb8,0.8803,C2,monoclinic,21,Sb,51,-3.0,-0.82098,7e-05,-0.00166,-0.00028,-0.83626,0.00088,0.0,0.001,-0.82261,-0.82662,0.00215,0.00166,2.17338,2.17902,True,True,2.17338,2.17902,True,True
0273a406c7,K8Na4ScIn3Sb8,0.8803,C2,monoclinic,22,Sb,51,-3.0,-0.51299,0.00022,0.00042,-4e-05,-0.50127,-0.00079,-0.00175,-0.00069,-0.51438,-0.50955,0.00209,0.00216,2.49045,2.49873,True,True,2.49045,2.49873,True,True
0273a406c7,K8Na4ScIn3Sb8,0.8803,C2,monoclinic,23,Sb,51,-3.0,-0.8305,6e-05,-3e-05,-0.00027,-0.81697,0.00099,0.00216,0.00093,-0.83238,-0.82662,0.00257,0.00219,2.17338,2.18303,True,True,2.17338,2.18303,True,True
02755699e0,SmY3Fe3IO14,0.4379,R-3m,trigonal,4,Fe,26,3.0,0.44378,-0.00011,-0.00268,0.00011,0.44321,0.00073,0.00269,-0.00036,0.44261,0.4432,0.00388,0.00537,2.5568,2.55739,True,True,2.5568,2.55739,True,True
02755699e0,SmY3Fe3IO14,0.4379,R-3m,trigonal,5,Fe,26,3.0,0.44354,0.00031,-0.00038,-0.00031,0.44311,0.00097,0.00038,0.0011,0.44271,0.44312,0.00163,0.00076,2.55688,2.55729,True,True,2.55688,2.55729,True,True
02755699e0,SmY3Fe3IO14,0.4379,R-3m,trigonal,6,Fe,26,3.0,0.44318,-0.00066,-0.00308,0.00066,0.44316,0.00329,0.00307,0.00343,0.44306,0.44314,0.00651,0.00615,2.55686,2.55694,True,True,2.55686,2.55694,True,True
02755699e0,SmY3Fe3IO14,0.4379,R-3m,trigonal,7,I,53,7.0,3.62519,-6e-05,0.00252,6e-05,3.62551,-0.00391,-0.00251,-0.00349,3.62558,3.62543,0.00633,0.00503,3.37457,3.37481,True,True,3.37457,3.37481,True,True
02755699e0,SmY3Fe3IO14,0.4379,R-3m,trigonal,8,O,8,-2.0,-4.51387,-6e-05,0.00095,0.00045,-4.40839,-0.00153,0.00058,-0.00148,-4.51446,-4.4789,0.00244,0.00051,2.4789,2.51446,True,True,2.4789000000000003,2.5144599999999997,True,True
02755699e0,SmY3Fe3IO14,0.4379,R-3m,trigonal,9,O,8,-2.0,-4.44335,-0.00045,-0.00058,6e-05,-4.54941,-0.00152,-0.00095,-0.00148,-4.44394,-4.4789,0.00244,0.00051,2.4789,2.54941,True,True,2.4789000000000003,2.54941,True,True
02755699e0,SmY3Fe3IO14,0.4379,R-3m,trigonal,11,O,8,-2.0,0.25759,0.00081,-0.00301,-0.00029,0.3983,0.00032,0.00071,0.00063,0.26494,0.30694,0.00328,0.00371,2.30694,2.3983,True,True,2.30694,2.3983,True,True
02755699e0,SmY3Fe3IO14,0.4379,R-3m,trigonal,14,O,8,-2.0,0.31713,-0.0008,-0.00352,0.00029,0.29748,0.00079,-0.00317,0.00109,0.30615,0.30692,0.005,0.0011,2.30692,2.31713,True,True,2.30692,2.31713,True,True
02755699e0,SmY3Fe3IO14,0.4379,R-3m,trigonal,15,O,8,-2.0,0.35224,0.0008,-0.00259,0.00047,0.21569,0.00113,-0.00105,0.00058,0.35315,0.30703,0.00321,0.00153,2.30703,2.35315,True,True,2.30703,2.35315,True,True
02755699e0,SmY3Fe3IO14,0.4379,R-3m,trigonal,16,O,8,-2.0,0.34888,0.0003,-0.00071,-0.0008,0.21554,0.00032,0.00301,0.00063,0.35622,0.30688,0.00328,0.00371,2.30688,2.35622,True,True,2.30688,2.35622,True,True
02755699e0,SmY3Fe3IO14,0.4379,R-3m,trigonal,17,O,8,-2.0,0.3077,-0.00029,0.00318,0.0008,0.31642,0.00079,0.00352,0.00109,0.29671,0.30694,0.005,0.0011,2.30694,2.31642,True,True,2.30694,2.31642,True,True
02755699e0,SmY3Fe3IO14,0.4379,R-3m,trigonal,20,O,8,-2.0,0.26076,-0.00047,0.00105,-0.0008,0.39823,0.00113,0.00259,0.00058,0.26168,0.30689,0.00321,0.00154,2.30689,2.39823,True,True,2.30689,2.39823,True,True
02799661f7,MgZnNi(MoO4)3,3.6773,P-1,triclinic,6,Mo,42,6.0,3.72307,-0.00702,0.00011,-0.00679,3.70193,-0.00185,-0.00118,-0.00177,3.7244,3.71647,0.01016,0.00129,2.28353,2.29807,True,True,2.28353,2.29807,True,True
02799661f7,MgZnNi(MoO4)3,3.6773,P-1,triclinic,7,Mo,42,6.0,3.70853,0.00679,0.00118,0.00702,3.731,-0.00185,-0.00011,-0.00177,3.70986,3.71647,0.01016,0.00129,2.28353,2.29147,True,True,2.28353,2.29147,True,True
02799661f7,MgZnNi(MoO4)3,3.6773,P-1,triclinic,8,Mo,42,6.0,3.56662,-0.00112,0.00047,-0.00107,3.54047,0.00177,-0.00031,0.00179,3.56989,3.55899,0.00301,0.00078,2.44101,2.45953,True,True,2.44101,2.45953,True,True
02799661f7,MgZnNi(MoO4)3,3.6773,P-1,triclinic,9,Mo,42,6.0,3.5481,0.00107,0.00031,0.00112,3.57751,0.00177,-0.00047,0.00179,3.55137,3.55899,0.00301,0.00078,2.44101,2.4519,True,True,2.44101,2.4519,True,True
02799661f7,MgZnNi(MoO4)3,3.6773,P-1,triclinic,10,Mo,42,6.0,3.39163,-0.00115,-0.00089,-0.00147,3.418,-0.00183,0.00055,-0.0014,3.3906,3.40008,0.00314,0.00144,2.59992,2.6094,True,True,2.59992,2.6094,True,True
02799661f7,MgZnNi(MoO4)3,3.6773,P-1,triclinic,11,Mo,42,6.0,3.40956,0.00147,-0.00055,0.00115,3.38215,-0.00183,0.00089,-0.0014,3.40853,3.40008,0.00314,0.00144,2.59992,2.61785,True,True,2.59992,2.61785,True,True
027ace2ae7,Ba4VCo3H20,0.1763,P1,triclinic,4,V,23,3.0,0.92803,-0.05286,0.01508,-0.05403,0.96901,0.00021,0.01449,-0.0006,0.95008,0.94904,0.07843,0.00117,2.05096,2.07197,True,True,2.05096,2.07197,True,True
027ace2ae7,Ba4VCo3H20,0.1763,P1,triclinic,5,Co,27,3.0,-0.62304,-0.14197,0.00442,-0.14371,-0.49704,-0.00052,0.00348,-0.00062,-0.62319,-0.58109,0.20208,0.00174,3.58109,3.62319,True,True,3.58109,3.62319,True,True
027ace2ae7,Ba4VCo3H20,0.1763,P1,triclinic,6,Co,27,3.0,-1.48777,-0.10928,-0.0003,-0.11163,-1.50293,-0.00061,-0.00311,-0.00019,-1.49167,-1.49412,0.15625,0.00282,4.49412,4.50293,True,True,4.49412,4.50293,True,True
027ace2ae7,Ba4VCo3H20,0.1763,P1,triclinic,7,Co,27,3.0,-2.29023,0.01728,0.00305,0.01602,-2.23397,-0.00021,0.0019,7e-05,-2.28478,-2.26966,0.02384,0.00126,5.26966,5.29023,True,True,5.26966,5.29023,True,True
027ace2ae7,Ba4VCo3H20,0.1763,P1,triclinic,15,H,1,-1.0,1.03223,0.07,-0.00284,0.07487,0.72682,0.00077,-0.00033,-0.00079,1.03871,0.93259,0.10254,0.00487,1.93259,2.03871,True,True,1.93259,2.03871,True,True
027da3b075,Rb16SnGeSb8,0.1098,F-43m,cubic,16,Sn,50,2.0,-1.4554,-0.0,-0.0,0.0,-1.4554,0.0,0.0,0.0,-1.4554,-1.4554,0.0,0.0,3.4554,3.4554,True,True,3.4554,3.4554,True,True
027da3b075,Rb16SnGeSb8,0.1098,F-43m,cubic,17,Ge,32,2.0,-2.16523,0.0,0.0,0.0,-2.16523,-0.0,-0.0,-0.0,-2.16523,-2.16523,0.0,0.0,4.16523,4.16523,True,True,4.16523,4.16523,True,True
027da3b075,Rb16SnGeSb8,0.1098,F-43m,cubic,19,Sb,51,-3.0,-0.59646,0.00011,-0.00154,0.00023,-0.56908,0.00035,0.00079,0.00054,-0.59501,-0.58685,0.00187,0.00233,2.41315,2.43092,True,True,2.41315,2.43092,True,True
027da3b075,Rb16SnGeSb8,0.1098,F-43m,cubic,20,Sb,51,-3.0,-0.5854,0.00029,0.00076,5e-05,-0.58685,-0.0001,0.00076,0.0001,-0.5883,-0.58685,0.00112,0.00024,2.41315,2.4146,True,True,2.41315,2.4146,True,True
027da3b075,Rb16SnGeSb8,0.1098,F-43m,cubic,21,Sb,51,-3.0,-0.57869,0.00011,0.00079,0.00023,-0.60462,-0.00054,-0.00154,-0.00035,-0.57724,-0.58685,0.00187,0.00233,2.41315,2.42276,True,True,2.41315,2.4227600000000002,True,True
027da3b075,Rb16SnGeSb8,0.1098,F-43m,cubic,25,Sb,51,-3.0,-0.58685,-0.00052,0.0,-0.00052,-0.58685,0.00029,0.0,-0.00029,-0.58685,-0.58685,0.00083,0.00057,2.41315,2.41315,True,True,2.41315,2.41315,True,True
0281daeaf7,Mn3Ru(PtCl9)2,0.1506,C2,monoclinic,3,Ru,44,4.0,-0.43257,-9e-05,3e-05,0.0001,-0.43256,5e-05,2e-05,-6e-05,-0.43256,-0.43257,0.00016,0.00019,4.43257,4.43257,True,True,4.43257,4.43257,True,True
0281daeaf7,Mn3Ru(PtCl9)2,0.1506,C2,monoclinic,4,Pt,78,4.0,-0.31287,5e-05,-4e-05,-9e-05,-0.29935,1e-05,-3e-05,-1e-05,-0.31286,-0.30836,0.00011,0.00014,4.30836,4.31287,True,True,4.30836,4.31287,True,True
0281daeaf7,Mn3Ru(PtCl9)2,0.1506,C2,monoclinic,5,Pt,78,4.0,-0.30383,8e-05,4e-05,-5e-05,-0.31736,2e-05,5e-05,-1e-05,-0.30385,-0.30835,0.00012,0.00013,4.30835,4.31736,True,True,4.30835,4.31736,True,True
0281daeaf7,Mn3Ru(PtCl9)2,0.1506,C2,monoclinic,6,Cl,17,-1.0,1.58166,0.0,-0.00293,-3e-05,1.5958,0.00207,-0.00083,0.00199,1.5811,1.58619,0.00418,0.0021,2.58619,2.5958,True,True,2.58619,2.5958,True,True
0281daeaf7,Mn3Ru(PtCl9)2,0.1506,C2,monoclinic,7,Cl,17,-1.0,1.58196,-8e-05,0.00306,-9e-05,1.54539,0.0021,0.00092,0.00194,1.58259,1.56998,0.00429,0.00214,2.56998,2.58259,True,True,2.56998,2.5825899999999997,True,True
0281daeaf7,Mn3Ru(PtCl9)2,0.1506,C2,monoclinic,8,Cl,17,-1.0,1.58358,0.001,-0.00125,0.00052,1.55346,-0.00079,-0.00203,-0.00051,1.58009,1.57238,0.0028,0.00078,2.57238,2.58358,True,True,2.57238,2.58358,True,True
0281daeaf7,Mn3Ru(PtCl9)2,0.1506,C2,monoclinic,13,Cl,17,-1.0,1.56432,-0.00068,0.00182,-0.00067,1.59129,-0.00139,-0.00111,-0.00133,1.56153,1.57238,0.00302,0.00292,2.57238,2.59129,True,True,2.57238,2.59129,True,True
0281daeaf7,Mn3Ru(PtCl9)2,0.1506,C2,monoclinic,14,Cl,17,-1.0,1.58953,-0.00078,-0.00174,-0.00083,1.57655,-0.00141,0.00108,-0.00129,1.59242,1.58617,0.00303,0.00282,2.58617,2.59242,True,True,2.58617,2.5924199999999997,True,True
0281daeaf7,Mn3Ru(PtCl9)2,0.1506,C2,monoclinic,22,Cl,17,-1.0,1.556,0.001,0.00126,0.00048,1.59458,-0.0008,0.00206,-0.00052,1.5594,1.57,0.00282,0.0008,2.57,2.59458,True,True,2.5700000000000003,2.59458,True,True
0285212a2a,Ho4HfPt3F28,2.3964,P1,triclinic,4,Hf,72,4.0,6.20868,-0.0004,0.00088,-0.00065,6.22184,-9e-05,0.00122,-0.00015,6.20955,6.21336,0.00169,0.00034,2.21336,2.22184,True,True,2.2133599999999998,2.2218400000000003,True,True
02855f779a,Sr3LaCrFeO8,0.9822,Amm2,orthorhombic,10,Fe,26,3.0,0.65968,-0.00018,0.0,-0.00024,0.65972,0.00013,1e-05,-0.00013,0.65968,0.65969,0.00035,0.00025,2.34031,2.34032,True,True,2.34031,2.34032,True,True
02855f779a,Sr3LaCrFeO8,0.9822,Amm2,orthorhombic,11,Fe,26,3.0,0.65979,-0.00018,-0.0,-0.00024,0.65981,0.00013,-0.0,-0.00013,0.65979,0.6598,0.00035,0.00025,2.3402,2.34021,True,True,2.3402,2.34021,True,True
0287ffaba3,MgZnNi2(BrO3)8,3.8173,P1,triclinic,4,Br,35,5.0,2.63205,0.0138,-0.00209,0.01449,2.67427,-0.001,-0.00256,-0.00091,2.63048,2.6456,0.02033,0.00069,2.3544,2.36952,True,True,2.3544,2.36952,True,True
0287ffaba3,MgZnNi2(BrO3)8,3.8173,P1,triclinic,5,Br,35,5.0,2.65896,-0.0108,-0.00191,-0.01005,2.62056,0.00053,-0.00267,0.0007,2.65934,2.64629,0.01514,0.00075,2.35371,2.37944,True,True,2.35371,2.37944,True,True
0287ffaba3,MgZnNi2(BrO3)8,3.8173,P1,triclinic,6,Br,35,5.0,2.37153,0.0006,-0.0017,0.00116,2.42262,-0.00054,-0.00245,-0.00042,2.37059,2.38825,0.00333,0.00076,2.61175,2.62941,True,True,2.61175,2.62941,True,True
0287ffaba3,MgZnNi2(BrO3)8,3.8173,P1,triclinic,7,Br,35,5.0,2.3732,0.00087,-0.00172,0.00163,2.35053,0.00028,-0.00199,0.00045,2.37346,2.36573,0.00326,0.00076,2.63427,2.64947,True,True,2.63427,2.64947,True,True
0287ffaba3,MgZnNi2(BrO3)8,3.8173,P1,triclinic,8,Br,35,5.0,2.35292,-0.01384,-0.00217,-0.01371,2.37918,-0.00089,-0.00236,-0.00052,2.3551,2.3624,0.01976,0.00037,2.6376,2.64708,True,True,2.6376,2.64708,True,True
0287ffaba3,MgZnNi2(BrO3)8,3.8173,P1,triclinic,9,Br,35,5.0,2.38909,0.00745,-0.00239,0.00741,2.35866,0.00047,-0.0025,0.00076,2.38781,2.37852,0.0111,0.00029,2.62148,2.64134,True,True,2.62148,2.64134,True,True
0287ffaba3,MgZnNi2(BrO3)8,3.8173,P1,triclinic,10,Br,35,5.0,2.04716,0.00068,-0.00262,0.00086,1.99108,0.00067,-0.00268,0.00108,2.04676,2.02833,0.0041,0.00041,2.97167,3.00892,True,True,2.97167,3.00892,True,True
0287ffaba3,MgZnNi2(BrO3)8,3.8173,P1,triclinic,11,Br,35,5.0,2.12494,-0.00025,-0.0027,-3e-05,2.16324,-0.00071,-0.00219,-0.00035,2.12508,2.13775,0.00357,0.00051,2.86225,2.87506,True,True,2.86225,2.87506,True,True
028b1ff3c3,Ac2S4O15,5.1102,P1,triclinic,3,S,16,6.0,3.30887,-0.08806,0.00369,-0.08844,3.29527,-0.00101,0.00454,-0.00069,3.30521,3.30312,0.12495,0.00085,2.69688,2.70473,True,True,2.69688,2.70473,True,True
028b1ff3c3,Ac2S4O15,5.1102,P1,triclinic,4,S,16,6.0,3.2861,0.16921,0.00016,0.1689,3.35427,-8e-05,0.00089,0.00013,3.28695,3.30911,0.23908,0.00074,2.69089,2.7139,True,True,2.69089,2.7139,True,True
028b435b84,ThRe6SnO24,2.806,P-6,hexagonal,1,Re,75,7.0,3.74505,0.021,0.0019,0.02175,3.74527,-8e-05,0.0019,8e-05,3.7455,3.74527,0.03036,0.00076,3.25473,3.25495,True,True,3.25473,3.25495,True,True
028b435b84,ThRe6SnO24,2.806,P-6,hexagonal,2,Re,75,7.0,3.65704,-6e-05,0.00168,-0.00093,3.65743,-8e-05,0.00168,8e-05,3.65781,3.65743,0.00255,0.00087,3.34257,3.34296,True,True,3.34257,3.34296,True,True
028b435b84,ThRe6SnO24,2.806,P-6,hexagonal,3,Re,75,7.0,3.74687,-0.0224,-0.00024,-0.02202,3.74524,0.00018,-0.00024,-0.00018,3.7436,3.74524,0.03141,0.00038,3.25476,3.2564,True,True,3.25476,3.2564,True,True
028b435b84,ThRe6SnO24,2.806,P-6,hexagonal,4,Re,75,7.0,3.65648,0.01699,-0.00123,0.01629,3.65749,-5e-05,-0.00123,5e-05,3.65849,3.65749,0.02361,0.0007,3.34251,3.34352,True,True,3.34251,3.34352,True,True
028b435b84,ThRe6SnO24,2.806,P-6,hexagonal,5,Re,75,7.0,3.74384,0.00096,-0.00166,0.0007,3.74524,7e-05,-0.00166,-7e-05,3.74665,3.74525,0.00263,0.00025,3.25475,3.25616,True,True,3.25475,3.25616,True,True
028b435b84,ThRe6SnO24,2.806,P-6,hexagonal,6,Re,75,7.0,3.65886,-0.0159,-0.00044,-0.01639,3.65748,4e-05,-0.00044,-4e-05,3.65609,3.65748,0.02284,0.00049,3.34252,3.34391,True,True,3.34252,3.34391,True,True
028f9c440a,K9Rb3(NbS4)4,2.3511,Pm,monoclinic,12,Nb,41,5.0,2.6196,-0.00015,2e-05,2e-05,2.61928,-0.0001,2e-05,0.0001,2.61896,2.61928,0.00021,0.00019,2.38072,2.38104,True,True,2.38072,2.38104,True,True
028f9c440a,K9Rb3(NbS4)4,2.3511,Pm,monoclinic,13,Nb,41,5.0,2.63135,-5e-05,4e-05,4e-05,2.63159,-5e-05,4e-05,5e-05,2.63184,2.63159,0.00011,0.00011,2.36841,2.36865,True,True,2.36841,2.36865,True,True
028f9c440a,K9Rb3(NbS4)4,2.3511,Pm,monoclinic,14,Nb,41,5.0,2.61629,-8e-05,3e-05,-3e-05,2.61655,-8e-05,3e-05,8e-05,2.6168,2.61655,0.00015,0.00016,2.38345,2.38371,True,True,2.38345,2.38371,True,True
028f9c440a,K9Rb3(NbS4)4,2.3511,Pm,monoclinic,15,Nb,41,5.0,2.59678,9e-05,-1e-05,0.00014,2.59651,-8e-05,-1e-05,8e-05,2.59625,2.59651,0.0002,0.00016,2.40349,2.40375,True,True,2.40349,2.40375,True,True
0290507c3d,Ba4Li2(CdSb2)3,0.3474,Cmcm,orthorhombic,28,Sb,51,-3.0,-0.54085,3e-05,3e-05,0.00018,-0.54008,0.00023,3e-05,-0.00023,-0.5393,-0.54008,0.00037,0.00046,2.45992,2.4607,True,True,2.45992,2.4607,True,True
0290507c3d,Ba4Li2(CdSb2)3,0.3474,Cmcm,orthorhombic,29,Sb,51,-3.0,-0.54085,-0.00018,-3e-05,-3e-05,-0.54008,0.00023,-3e-05,-0.00023,-0.53931,-0.54008,0.00037,0.00046,2.45992,2.46069,True,True,2.45992,2.46069,True,True
0294416ece,Nd3Dy(RuO6)2,0.2422,C2/c,monoclinic,8,Ru,44,6.0,3.49334,-0.00639,-0.00197,-0.0057,3.50522,-0.0004,-0.00286,1e-05,3.49139,3.49665,0.00925,0.0009,2.50335,2.50861,True,True,2.50335,2.50861,True,True
0294416ece,Nd3Dy(RuO6)2,0.2422,C2/c,monoclinic,9,Ru,44,6.0,3.50182,-0.00107,-0.00167,-0.0008,3.48808,-0.00068,-0.00117,-0.00064,3.50005,3.49665,0.00261,0.00051,2.50335,2.51192,True,True,2.50335,2.51192,True,True
0294416ece,Nd3Dy(RuO6)2,0.2422,C2/c,monoclinic,10,Ru,44,6.0,3.50191,0.0057,0.00286,0.00639,3.48808,-0.0004,0.00197,1e-05,3.49996,3.49665,0.00925,0.0009,2.50335,2.51192,True,True,2.50335,2.51192,True,True
0294416ece,Nd3Dy(RuO6)2,0.2422,C2/c,monoclinic,11,Ru,44,6.0,3.49325,0.0008,0.00117,0.00107,3.50522,-0.00068,0.00167,-0.00064,3.49148,3.49665,0.00261,0.00051,2.50335,2.50852,True,True,2.50335,2.50852,True,True
0295018103,Cs8Zr6CI20,0.8938,Fm-3m,cubic,14,C,6,-4.0,-7.48589,-0.0,0.0,0.0,-7.48589,-0.0,-0.0,-0.0,-7.48589,-7.48589,0.0,0.0,3.48589,3.48589,True,True,3.4858900000000004,3.4858900000000004,True,True
029c9ec97c,CaCuAu(SO4)4,0.8627,C2/m,monoclinic,3,S,16,6.0,3.53087,0.02448,-0.00188,0.02355,3.54604,-0.0007,-0.00142,-0.00097,3.53289,3.5366,0.03407,0.00093,2.4634,2.46913,True,True,2.4634,2.46913,True,True
029c9ec97c,CaCuAu(SO4)4,0.8627,C2/m,monoclinic,4,S,16,6.0,3.53105,0.0331,-0.00085,0.03405,3.54604,0.00112,8e-05,0.00072,3.53271,3.5366,0.04752,0.00095,2.4634,2.46895,True,True,2.4634,2.46895,True,True
029c9ec97c,CaCuAu(SO4)4,0.8627,C2/m,monoclinic,5,S,16,6.0,3.54031,-0.02355,0.00142,-0.02448,3.52716,-0.0007,0.00188,-0.00097,3.54233,3.5366,0.03407,0.00093,2.4634,2.47284,True,True,2.4634,2.47284,True,True
029c9ec97c,CaCuAu(SO4)4,0.8627,C2/m,monoclinic,6,S,16,6.0,3.54048,-0.03405,-8e-05,-0.0331,3.52716,0.00112,0.00085,0.00072,3.54215,3.5366,0.04752,0.00095,2.4634,2.47284,True,True,2.4634,2.47284,True,True
029e69afbe,KAc(SO4)2,5.4932,R-3m,trigonal,2,S,16,6.0,3.65359,-0.01186,0.00078,-0.01137,3.66466,8e-05,-0.00078,-9e-05,3.6536,3.65728,0.01647,0.00156,2.34272,2.34641,True,True,2.34272,2.34641,True,True
029e69afbe,KAc(SO4)2,5.4932,R-3m,trigonal,3,S,16,6.0,3.66056,0.01112,0.00078,0.01161,3.64957,9e-05,-0.00078,-8e-05,3.66057,3.6569,0.01611,0.00156,2.3431,2.35043,True,True,2.3431,2.35043,True,True
029fd91ebb,GdS4BrO15,1.7442,P1,triclinic,1,S,16,6.0,3.71177,0.01433,0.00068,0.01161,3.76598,0.00338,0.00102,0.00267,3.71198,3.72991,0.01898,0.00272,2.27009,2.28823,True,True,2.27009,2.28823,True,True
029fd91ebb,GdS4BrO15,1.7442,P1,triclinic,2,S,16,6.0,3.1948,-0.04163,0.0007,-0.04231,3.16512,-0.00076,0.00253,-0.00039,3.19551,3.18514,0.05942,0.00184,2.81486,2.83488,True,True,2.81486,2.83488,True,True
029fd91ebb,GdS4BrO15,1.7442,P1,triclinic,3,S,16,6.0,3.20451,-0.02121,0.00079,-0.02102,3.24125,-0.00156,0.00156,-0.00159,3.20193,3.2159,0.03,0.00077,2.7841,2.79807,True,True,2.7841,2.79807,True,True
029fd91ebb,GdS4BrO15,1.7442,P1,triclinic,4,S,16,6.0,3.69748,0.00839,-0.00178,0.00957,3.67667,-0.00098,-0.00211,-0.00129,3.69939,3.69118,0.01312,0.00118,2.30882,2.32333,True,True,2.30882,2.32333,True,True
02a14fddd3,Zr3Ni4Bi3Sb,0.7786,Fmm2,orthorhombic,3,Ni,28,2.0,-2.65044,0.00149,-0.00216,0.00141,-2.63953,-0.00036,-0.00342,-0.00021,-2.64937,-2.64645,0.00456,0.00127,4.64645,4.65044,True,True,4.64645,4.65044,True,True
02a14fddd3,Zr3Ni4Bi3Sb,0.7786,Fmm2,orthorhombic,4,Ni,28,2.0,-2.64952,0.00029,0.00197,-0.00013,-2.6393,9e-05,0.00136,-7e-05,-2.64937,-2.64606,0.00242,0.00061,4.64606,4.64952,True,True,4.64606,4.64952,True,True
02a14fddd3,Zr3Ni4Bi3Sb,0.7786,Fmm2,orthorhombic,5,Ni,28,2.0,-2.8526,-0.00128,0.00035,-0.00183,-2.83927,0.00054,0.00136,8e-05,-2.85073,-2.84753,0.00269,0.00101,4.84753,4.8526,True,True,4.84753,4.8526,True,True
02a14fddd3,Zr3Ni4Bi3Sb,0.7786,Fmm2,orthorhombic,6,Ni,28,2.0,-2.84097,-0.00096,-0.00082,0.00063,-2.86538,0.00035,0.00126,0.00074,-2.84137,-2.84924,0.00207,0.00209,4.84924,4.86538,True,True,4.84924,4.86538,True,True
02a14fddd3,Zr3Ni4Bi3Sb,0.7786,Fmm2,orthorhombic,7,Bi,83,-3.0,2.05248,0.00032,-8e-05,-1e-05,2.07828,0.00032,-0.00033,5e-05,2.05386,2.06154,0.00057,0.00033,5.06154,5.07828,True,True,5.06154,5.0782799999999995,True,True
02a14fddd3,Zr3Ni4Bi3Sb,0.7786,Fmm2,orthorhombic,8,Bi,83,-3.0,2.0521,-2e-05,-0.001,0.00032,2.07828,-0.00022,0.00059,0.00021,2.05437,2.06158,0.00124,0.00159,5.06158,5.07828,True,True,5.06158,5.0782799999999995,True,True
02a14fddd3,Zr3Ni4Bi3Sb,0.7786,Fmm2,orthorhombic,9,Bi,83,-3.0,1.5308,-0.00073,0.00164,-0.0012,1.41973,-0.00034,0.00059,-0.00037,1.5232,1.49124,0.00229,0.00104,4.49124,4.5308,True,True,4.4912399999999995,4.5308,True,True
02a14fddd3,Zr3Ni4Bi3Sb,0.7786,Fmm2,orthorhombic,10,Sb,51,-2.0,1.09827,0.00057,-0.00029,0.00064,1.16413,-0.0001,-0.00147,-0.00015,1.10015,1.12085,0.00173,0.00118,3.12085,3.16413,True,True,3.12085,3.16413,True,True
02a4e19dc2,DyY3(TcO5)4,1.3807,P1,triclinic,4,Tc,43,7.0,3.23931,0.00345,-0.00178,0.00365,3.19202,5e-05,-0.00102,-0.00041,3.24026,3.22386,0.00544,0.00076,3.77614,3.80798,True,True,3.77614,3.80798,True,True
02a4e19dc2,DyY3(TcO5)4,1.3807,P1,triclinic,5,Tc,43,7.0,3.2203,-0.00347,0.00102,-0.00318,3.27731,8e-05,0.00168,-0.0004,3.22126,3.23962,0.00512,0.00066,3.76038,3.7797,True,True,3.76038,3.7797,True,True
02a4e19dc2,DyY3(TcO5)4,1.3807,P1,triclinic,6,Tc,43,7.0,3.279,-0.00338,0.00169,-0.00319,3.22607,0.00059,0.0011,9e-05,3.2803,3.26179,0.0051,0.00059,3.73821,3.77393,True,True,3.73821,3.77393,True,True
02a4e19dc2,DyY3(TcO5)4,1.3807,P1,triclinic,7,Tc,43,7.0,3.29823,0.0017,-0.00124,0.00185,3.3574,0.00043,-0.00197,-4e-05,3.29925,3.31829,0.00345,0.00073,3.68171,3.70177,True,True,3.68171,3.70177,True,True
02a66694f2,TbHo3Cr2(FeO6)2,2.2536,P1,triclinic,6,Fe,26,3.0,0.82424,0.00026,0.00012,0.0,0.86415,3e-05,0.00088,4e-05,0.82404,0.83748,0.00093,0.00077,2.16252,2.17596,True,True,2.1625199999999998,2.17596,True,True
02a66694f2,TbHo3Cr2(FeO6)2,2.2536,P1,triclinic,7,Fe,26,3.0,0.81795,0.00013,0.00038,-3e-05,0.82235,9e-05,-0.00019,8e-05,0.8184,0.81956,0.00046,0.00057,2.18044,2.18205,True,True,2.18044,2.1820500000000003,True,True
02a9de983d,TbTl2Ag(Pt2O7)2,0.2729,C2/m,monoclinic,4,Pt,78,4.0,1.63,-0.00015,-0.00128,0.00015,1.6302,0.00277,0.00128,0.00291,1.63041,1.6302,0.00441,0.00256,2.3698,2.37,True,True,2.3697999999999997,2.37,True,True
02b071051a,Sr6Ca2Mg3CdSb8,0.4681,Pm,monoclinic,8,Mg,12,2.0,-0.05386,0.0001,0.00028,7e-05,-0.08063,-5e-05,-0.00028,5e-05,-0.05386,-0.06278,0.00042,0.00057,2.06278,2.08063,True,True,2.06278,2.08063,True,True
02b071051a,Sr6Ca2Mg3CdSb8,0.4681,Pm,monoclinic,9,Mg,12,2.0,-0.25405,-0.00017,-0.00022,-0.00022,-0.28376,-4e-05,0.00022,4e-05,-0.25405,-0.26395,0.00042,0.00044,2.26395,2.28376,True,True,2.26395,2.28376,True,True
02b071051a,Sr6Ca2Mg3CdSb8,0.4681,Pm,monoclinic,10,Mg,12,2.0,-0.23261,0.00042,0.0001,0.00043,-0.24187,-0.00016,-0.0001,0.00016,-0.23261,-0.23569,0.00066,0.00031,2.23569,2.24187,True,True,2.23569,2.24187,True,True
02b071051a,Sr6Ca2Mg3CdSb8,0.4681,Pm,monoclinic,15,Sb,51,-3.0,-0.98159,0.00064,-0.0003,0.00084,-0.97555,7e-05,0.0003,-7e-05,-0.98159,-0.97958,0.00114,0.0006,2.02042,2.02445,True,True,2.02042,2.02445,True,True
02b071051a,Sr6Ca2Mg3CdSb8,0.4681,Pm,monoclinic,19,Sb,51,-3.0,-0.95568,-0.00082,0.00016,-0.00064,-0.94212,7e-05,-0.00016,-7e-05,-0.95568,-0.95116,0.00107,0.00031,2.04884,2.05788,True,True,2.04884,2.05788,True,True
02b09c405f,Sr4Al2CrMoH20,0.1462,P1,triclinic,1,Sr,38,2.0,4.05252,4e-05,0.00396,0.00141,4.01757,0.00033,0.00411,0.00032,4.05179,4.04063,0.0059,0.00137,2.04063,2.05252,True,True,2.04063,2.0525200000000003,True,True
02b09c405f,Sr4Al2CrMoH20,0.1462,P1,triclinic,6,Cr,24,3.0,-0.5647,-0.00974,-0.00436,-0.00955,-0.30852,0.00151,-0.0035,0.00116,-0.5639,-0.47904,0.01486,0.00086,3.47904,3.5647,True,True,3.47904,3.5647,True,True
02b09c405f,Sr4Al2CrMoH20,0.1462,P1,triclinic,7,Mo,42,3.0,0.96357,0.0009,-0.00327,0.00135,0.89388,-0.00053,-0.00223,-0.00022,0.96292,0.94012,0.00431,0.00103,2.05988,2.10612,True,True,2.05988,2.1061199999999998,True,True
02b09c405f,Sr4Al2CrMoH20,0.1462,P1,triclinic,8,H,1,-1.0,2.41249,-0.08008,-0.00113,-0.07947,2.41939,-0.00014,-0.0017,0.00044,2.41151,2.41446,0.11284,0.00062,3.41446,3.41939,True,True,3.41446,3.41939,True,True
02b09c405f,Sr4Al2CrMoH20,0.1462,P1,triclinic,9,H,1,-1.0,2.38811,0.05471,-0.004,0.05551,2.51649,-0.00028,-0.00408,0.00015,2.38884,2.43115,0.07815,0.00081,3.43115,3.51649,True,True,3.43115,3.51649,True,True
02b09c405f,Sr4Al2CrMoH20,0.1462,P1,triclinic,10,H,1,-1.0,-4.43183,0.00175,0.00552,0.00086,-4.5677,0.00069,0.00759,0.00106,-4.43102,-4.47685,0.00967,0.00207,3.47685,3.5677,True,True,3.4768499999999998,3.5677000000000003,True,True
02b09c405f,Sr4Al2CrMoH20,0.1462,P1,triclinic,11,H,1,-1.0,-4.71797,0.00159,0.00173,0.0005,-4.34771,0.00085,0.00226,0.00048,-4.71552,-4.59373,0.00344,0.00109,3.59373,3.71797,True,True,3.59373,3.71797,True,True
02b09c405f,Sr4Al2CrMoH20,0.1462,P1,triclinic,14,H,1,-1.0,1.06882,0.029,0.00248,0.02939,1.17012,0.00086,0.00066,0.00108,1.06851,1.10248,0.04139,0.00181,2.10248,2.17012,True,True,2.10248,2.17012,True,True
02b09c405f,Sr4Al2CrMoH20,0.1462,P1,triclinic,18,H,1,-1.0,1.25288,-0.03747,0.00152,-0.03685,1.27743,0.00022,0.00179,0.00093,1.25287,1.26106,0.05261,0.00071,2.26106,2.27743,True,True,2.26106,2.27743,True,True
02b09c405f,Sr4Al2CrMoH20,0.1462,P1,triclinic,20,H,1,-1.0,-3.55719,0.00106,-0.02097,-0.00079,-3.44639,-0.00173,-0.0214,-0.00128,-3.55755,-3.52038,0.03007,0.00185,2.52038,2.55755,True,True,2.52038,2.55755,True,True
02b09c405f,Sr4Al2CrMoH20,0.1462,P1,triclinic,22,H,1,-1.0,1.05121,-0.00085,-0.00527,-0.00016,1.02415,-0.00234,-0.00565,-0.003,1.05219,1.04252,0.00866,0.0007,2.04252,2.05219,True,True,2.0425199999999997,2.05219,True,True
02b09c405f,Sr4Al2CrMoH20,0.1462,P1,triclinic,24,H,1,-1.0,-4.45344,0.00031,0.00476,-0.00064,-4.69814,0.00081,0.0029,0.00114,-4.45347,-4.53502,0.00579,0.00186,3.53502,3.69814,True,True,3.5350200000000003,3.6981400000000004,True,True
02b09c405f,Sr4Al2CrMoH20,0.1462,P1,triclinic,25,H,1,-1.0,-4.79725,0.0017,0.00032,0.0007,-4.34472,0.00072,-0.00019,0.00027,-4.79994,-4.6473,0.00202,0.001,3.6473,3.79994,True,True,3.6473000000000004,3.7999400000000003,True,True
02b09c405f,Sr4Al2CrMoH20,0.1462,P1,triclinic,26,H,1,-1.0,2.38296,0.00307,0.0029,0.00481,2.36487,-0.00315,0.00396,-0.00336,2.38263,2.37682,0.00882,0.00173,3.37682,3.38296,True,True,3.37682,3.38296,True,True
02b09c405f,Sr4Al2CrMoH20,0.1462,P1,triclinic,27,H,1,-1.0,2.26713,-0.00261,0.00056,-0.00091,2.45654,0.00242,0.00185,0.00221,2.26881,2.33083,0.0047,0.0017,3.33083,3.45654,True,True,3.33083,3.45654,True,True
02b2c76f52,Ba6Mn4CoO15,1.7471,P1,triclinic,7,Mn,25,4.0,1.65381,-7e-05,-0.00068,-4e-05,1.76981,-1e-05,0.00047,-0.0002,1.65357,1.6924,0.00085,0.00114,2.3076,2.34643,True,True,2.3076,2.34643,True,True
02b2c76f52,Ba6Mn4CoO15,1.7471,P1,triclinic,9,Mn,25,4.0,1.7196,0.00012,0.00184,0.00043,1.79491,0.00021,-0.00149,0.00017,1.72471,1.7464,0.00242,0.00333,2.2536,2.2804,True,True,2.2536,2.2804,True,True
02b594d4ad,TaGa2TcCl16,0.1962,Amm2,orthorhombic,3,Tc,43,7.0,0.20142,0.00037,-0.00367,0.0,0.20191,-5e-05,-0.00367,5e-05,0.2024,0.20191,0.00521,0.00037,6.79809,6.79858,True,True,6.79809,6.79858,True,True
02b6bc652b,Ba8Tm3Sc(FeO5)4,2.7857,P1,triclinic,12,Fe,26,3.0,-0.37426,-6e-05,-0.00039,-0.00047,-0.36796,-0.00027,0.00093,-0.0,-0.37464,-0.37229,0.00114,0.00131,3.37229,3.37464,True,True,3.37229,3.37464,True,True
02b6bc652b,Ba8Tm3Sc(FeO5)4,2.7857,P1,triclinic,13,Fe,26,3.0,-0.50512,-3e-05,-0.00096,-0.00049,-0.4861,-0.0001,-0.0,0.0002,-0.50473,-0.49865,0.0011,0.00096,3.49865,3.50512,True,True,3.49865,3.50512,True,True
02b6bc652b,Ba8Tm3Sc(FeO5)4,2.7857,P1,triclinic,14,Fe,26,3.0,-0.41466,0.00042,-0.00102,7e-05,-0.40937,-0.00029,-0.0001,-0.00019,-0.41497,-0.413,0.00116,0.00092,3.413,3.41497,True,True,3.413,3.41497,True,True
02b6bc652b,Ba8Tm3Sc(FeO5)4,2.7857,P1,triclinic,15,Fe,26,3.0,-0.49566,0.00041,-0.00014,-9e-05,-0.5073,4e-05,0.0009,0.00025,-0.49521,-0.49939,0.00103,0.00103,3.49939,3.5073,True,True,3.49939,3.5073,True,True
02b822c823,KRb2Ba3GaSb4,0.4822,Cm,monoclinic,12,Ga,31,3.0,-1.53747,-9e-05,-1e-05,0.00017,-1.51694,-8e-05,1e-05,8e-05,-1.53747,-1.53063,0.00023,0.00026,4.53063,4.53747,True,True,4.53063,4.53747,True,True
02b822c823,KRb2Ba3GaSb4,0.4822,Cm,monoclinic,13,Ga,31,3.0,-1.60516,-0.00019,9e-05,0.00011,-1.58641,-4e-05,-9e-05,4e-05,-1.60516,-1.59891,0.00026,0.0003,4.59891,4.60516,True,True,4.59891,4.60516,True,True
02b822c823,KRb2Ba3GaSb4,0.4822,Cm,monoclinic,16,Sb,51,-3.0,-0.82702,0.00046,-0.00093,0.00045,-0.82025,0.00016,0.00093,-0.00016,-0.82702,-0.82476,0.00148,0.00187,2.17524,2.17975,True,True,2.17524,2.17975,True,True
02b822c823,KRb2Ba3GaSb4,0.4822,Cm,monoclinic,17,Sb,51,-3.0,-0.93098,-0.00049,-0.0002,-5e-05,-0.92674,0.0001,-0.00112,0.00026,-0.93255,-0.93009,0.00127,0.00093,2.06991,2.07326,True,True,2.06991,2.07326,True,True
02b822c823,KRb2Ba3GaSb4,0.4822,Cm,monoclinic,18,Sb,51,-3.0,-0.95276,-0.00066,0.00066,-0.00068,-0.94732,0.00017,-0.00066,-0.00017,-0.95276,-0.95095,0.00134,0.00131,2.04905,2.05268,True,True,2.0490500000000003,2.05268,True,True
02b822c823,KRb2Ba3GaSb4,0.4822,Cm,monoclinic,19,Sb,51,-3.0,-0.93255,-0.00049,0.00112,-5e-05,-0.92674,-0.00026,0.0002,-0.0001,-0.93097,-0.93008,0.00127,0.00093,2.06992,2.07326,True,True,2.0699199999999998,2.07326,True,True
02b822c823,KRb2Ba3GaSb4,0.4822,Cm,monoclinic,20,Sb,51,-3.0,-0.99938,0.00011,0.00032,0.00074,-0.99988,-0.00026,0.00092,4e-05,-1.00074,-1.0,0.00126,0.00063,2.0,2.00062,True,True,2.0,2.00062,True,True
02b822c823,KRb2Ba3GaSb4,0.4822,Cm,monoclinic,21,Sb,51,-3.0,-1.00073,0.00011,-0.00092,0.00074,-0.99988,-4e-05,-0.00032,0.00026,-0.99937,-1.0,0.00126,0.00063,2.0,2.00063,True,True,2.0,2.00063,True,True
02bd2d20d3,LaNiSbH2,0.0519,P6_3/mmc,hexagonal,2,Ni,28,2.0,-0.5376,-0.0012,0.0,0.0012,-0.5376,0.00011,0.0,-0.00011,-0.5376,-0.5376,0.00171,0.0024,2.5376,2.5376,True,True,2.5376,2.5376,True,True
02bd2d20d3,LaNiSbH2,0.0519,P6_3/mmc,hexagonal,3,Ni,28,2.0,-0.5376,-0.0012,0.0,0.0012,-0.5376,0.00011,0.0,-0.00011,-0.5376,-0.5376,0.00171,0.0024,2.5376,2.5376,True,True,2.5376,2.5376,True,True
02bd2d20d3,LaNiSbH2,0.0519,P6_3/mmc,hexagonal,4,Sb,51,-3.0,0.64195,-5e-05,0.0,5e-05,0.64195,0.00056,0.0,-0.00056,0.64195,0.64195,0.0008,0.00112,3.64195,3.64195,True,True,3.64195,3.64195,True,True
02bd2d20d3,LaNiSbH2,0.0519,P6_3/mmc,hexagonal,5,Sb,51,-3.0,0.64195,-5e-05,-0.0,5e-05,0.64195,0.00056,-0.0,-0.00056,0.64195,0.64195,0.0008,0.00112,3.64195,3.64195,True,True,3.64195,3.64195,True,True
02bec0941b,NiHg3(BrO3)8,2.7916,P1,triclinic,4,Br,35,5.0,2.76502,0.00719,-0.00122,0.00753,2.79145,0.00024,-0.00099,0.00055,2.76501,2.77383,0.01054,0.00034,2.22617,2.23499,True,True,2.22617,2.23499,True,True
02bec0941b,NiHg3(BrO3)8,2.7916,P1,triclinic,5,Br,35,5.0,2.67457,-0.00014,-0.00195,0.00045,2.64686,-0.00013,-0.00252,7e-05,2.67285,2.66476,0.00322,0.00059,2.33524,2.35314,True,True,2.33524,2.35314,True,True
02bec0941b,NiHg3(BrO3)8,2.7916,P1,triclinic,6,Br,35,5.0,2.57562,-0.00416,-0.00164,-0.004,2.56604,-0.00039,-0.00186,-0.0002,2.57599,2.57255,0.0063,0.00022,2.42745,2.43396,True,True,2.42745,2.43396,True,True
02bec0941b,NiHg3(BrO3)8,2.7916,P1,triclinic,8,Br,35,5.0,2.40457,-0.00975,-0.0016,-0.00972,2.40376,-0.0004,-0.00211,-0.00018,2.40513,2.40448,0.01402,0.00051,2.59552,2.59624,True,True,2.59552,2.59624,True,True
02bec0941b,NiHg3(BrO3)8,2.7916,P1,triclinic,9,Br,35,5.0,2.57174,0.00087,-0.00023,0.00078,2.57092,0.00044,-0.00076,0.00077,2.57209,2.57158,0.00167,0.00053,2.42842,2.42908,True,True,2.42842,2.42908,True,True
02bec0941b,NiHg3(BrO3)8,2.7916,P1,triclinic,11,Br,35,5.0,2.42541,0.00292,-0.00174,0.00322,2.4359,-0.00052,-0.0024,-0.0003,2.42767,2.42966,0.0053,0.00066,2.57034,2.57459,True,True,2.57034,2.57459,True,True
02c7213db1,LiZrReH6,2.1556,F-43m,cubic,1,Zr,40,2.0,6.34761,-1e-05,0.0,-1e-05,6.34761,0.0,-0.0,0.0,6.34761,6.34761,1e-05,0.0,4.34761,4.34761,True,True,4.34761,4.34761,True,True
02c7213db1,LiZrReH6,2.1556,F-43m,cubic,2,Re,75,3.0,-2.15804,2e-05,-0.0,2e-05,-2.15804,-0.0,-0.0,-0.0,-2.15804,-2.15804,3e-05,0.0,5.15804,5.15804,True,True,5.15804,5.15804,True,True
02c9b4f1fb,Rb12Na8Ti3GeP12,0.9424,C2,monoclinic,20,Ti,22,4.0,-0.42826,0.0006,0.00044,-9e-05,-0.42802,-0.00023,0.00028,-0.00018,-0.42777,-0.42802,0.00086,0.0007,4.42802,4.42826,True,True,4.42802,4.42826,True,True
02c9b4f1fb,Rb12Na8Ti3GeP12,0.9424,C2,monoclinic,21,Ti,22,4.0,-0.09924,0.00051,-0.00027,-0.00026,-0.09925,0.00015,0.00023,0.00018,-0.09926,-0.09925,0.00071,0.00077,4.09925,4.09926,True,True,4.09925,4.09926,True,True
02c9b4f1fb,Rb12Na8Ti3GeP12,0.9424,C2,monoclinic,22,Ti,22,4.0,-0.42741,9e-05,-0.00019,-0.0006,-0.42716,-0.00023,-0.00035,-0.00018,-0.42691,-0.42716,0.00078,0.00068,4.42716,4.42741,True,True,4.42716,4.42741,True,True
02c9b4f1fb,Rb12Na8Ti3GeP12,0.9424,C2,monoclinic,23,Ge,32,2.0,-0.66671,0.00012,-0.00077,-0.00047,-0.66661,0.00016,-0.00068,0.0002,-0.6665,-0.66661,0.00117,0.00059,2.66661,2.66671,True,True,2.66661,2.66671,True,True
02c9b4f1fb,Rb12Na8Ti3GeP12,0.9424,C2,monoclinic,24,P,15,-3.0,-0.51894,-0.00026,-0.00179,-0.00047,-0.57052,0.00097,-0.00114,0.0013,-0.51968,-0.53638,0.00272,0.00065,2.46362,2.48106,True,True,2.46362,2.4810600000000003,True,True
02c9b4f1fb,Rb12Na8Ti3GeP12,0.9424,C2,monoclinic,25,P,15,-3.0,-0.55309,0.00082,-0.00179,0.00108,-0.50224,-0.00065,0.00047,-0.00075,-0.55381,-0.53638,0.0025,0.00226,2.46362,2.49776,True,True,2.46362,2.49776,True,True
02c9b4f1fb,Rb12Na8Ti3GeP12,0.9424,C2,monoclinic,26,P,15,-3.0,-0.62071,0.00051,0.00258,0.00015,-0.69149,-0.00115,0.00197,-0.00085,-0.6211,-0.64443,0.00359,0.00061,2.35557,2.37929,True,True,2.35557,2.37929,True,True
02c9b4f1fb,Rb12Na8Ti3GeP12,0.9424,C2,monoclinic,27,P,15,-3.0,-0.64331,0.00086,-0.0001,0.00091,-0.71616,0.00057,-0.00194,0.0005,-0.64412,-0.66786,0.00243,0.00184,2.33214,2.35669,True,True,2.33214,2.35669,True,True
02c9b4f1fb,Rb12Na8Ti3GeP12,0.9424,C2,monoclinic,28,P,15,-3.0,-0.85913,0.00054,0.00222,0.00014,-0.77606,0.00076,0.00269,0.00106,-0.85979,-0.83166,0.00376,0.00048,2.16834,2.22394,True,True,2.16834,2.22394,True,True
02c9b4f1fb,Rb12Na8Ti3GeP12,0.9424,C2,monoclinic,29,P,15,-3.0,-0.8035,-0.00104,0.00039,-0.00103,-0.88726,-0.00045,0.00192,-0.00048,-0.80422,-0.83166,0.00253,0.00153,2.16834,2.1965,True,True,2.16834,2.1965,True,True
02c9b4f1fb,Rb12Na8Ti3GeP12,0.9424,C2,monoclinic,30,P,15,-3.0,-0.69179,-0.00011,-0.00195,-0.00049,-0.61956,-0.00113,-0.00258,-0.00085,-0.69223,-0.66786,0.00356,0.00062,2.33214,2.38044,True,True,2.33214,2.38044,True,True
02c9b4f1fb,Rb12Na8Ti3GeP12,0.9424,C2,monoclinic,34,P,15,-3.0,-0.66755,-0.00093,0.00197,-0.00086,-0.59738,0.00058,0.00013,0.00051,-0.66837,-0.64443,0.00247,0.00184,2.35557,2.40262,True,True,2.35557,2.4026199999999998,True,True
02cc0a16c2,Ca3Nb2RuN6,0.5754,C2/m,monoclinic,5,Ru,44,2.0,-3.93016,-0.00017,0.00223,0.00017,-3.93023,-0.00135,-0.00223,-0.00113,-3.9303,-3.93023,0.00362,0.00446,5.93023,5.9303,True,True,5.93023,5.9303,True,True
02d1734c42,Cs12In2Sb5As,0.5031,Pm,monoclinic,12,In,49,3.0,-1.09987,-7e-05,-0.00011,-3e-05,-1.0958,-1e-05,0.00011,1e-05,-1.09987,-1.09852,0.00018,0.00022,4.09852,4.09987,True,True,4.09852,4.09987,True,True
02d1734c42,Cs12In2Sb5As,0.5031,Pm,monoclinic,13,In,49,3.0,-0.48649,0.00025,-7e-05,-4e-05,-0.48796,0.00012,7e-05,-0.00012,-0.48649,-0.48698,0.00032,0.00029,3.48698,3.48796,True,True,3.48698,3.48796,True,True
02d1734c42,Cs12In2Sb5As,0.5031,Pm,monoclinic,14,Sb,51,-3.0,-0.25374,-0.00056,0.0011,-0.00021,-0.25149,-2e-05,-0.0011,2e-05,-0.25374,-0.25299,0.00167,0.0022,2.74701,2.74851,True,True,2.74701,2.74851,True,True
02d1734c42,Cs12In2Sb5As,0.5031,Pm,monoclinic,15,Sb,51,-3.0,-0.31349,0.00013,0.00085,0.00038,-0.30458,-5e-05,-0.00085,5e-05,-0.31349,-0.31052,0.00127,0.00169,2.68948,2.69542,True,True,2.68948,2.69542,True,True
02d1734c42,Cs12In2Sb5As,0.5031,Pm,monoclinic,16,Sb,51,-3.0,-0.78399,0.00011,-0.00086,6e-05,-0.80866,1e-05,0.00086,-1e-05,-0.78399,-0.79221,0.00122,0.00172,2.20779,2.21601,True,True,2.20779,2.21601,True,True
02d1734c42,Cs12In2Sb5As,0.5031,Pm,monoclinic,17,Sb,51,-3.0,-0.87463,-0.00016,-0.00066,-0.00022,-0.85518,-0.0,0.00066,0.0,-0.87463,-0.86814,0.00098,0.00133,2.13186,2.14482,True,True,2.13186,2.14482,True,True
02d1734c42,Cs12In2Sb5As,0.5031,Pm,monoclinic,18,Sb,51,-3.0,-0.43758,-0.00048,-0.00011,-0.00032,-0.43093,-5e-05,0.00011,5e-05,-0.43758,-0.43537,0.0006,0.00021,2.56463,2.56907,True,True,2.56463,2.56907,True,True
02d1734c42,Cs12In2Sb5As,0.5031,Pm,monoclinic,19,As,33,-3.0,-0.80384,0.00036,6e-05,0.00037,-0.80021,0.00013,-6e-05,-0.00013,-0.80384,-0.80263,0.00055,0.00026,2.19737,2.19979,True,True,2.1973700000000003,2.19979,True,True
02d3f81a5f,Cs16MnSi3O16,1.0517,P1,triclinic,16,Mn,25,4.0,0.92257,-0.00089,-0.00061,-0.00102,0.95035,-0.00053,-8e-05,-0.00051,0.92326,0.93206,0.00166,0.00053,3.06794,3.07743,True,True,3.06794,3.07743,True,True
02d4926d75,Er6BiRuO14,0.4753,P-1,triclinic,7,Ru,44,5.0,1.73013,-0.00036,-0.00057,0.00036,1.73083,0.00038,0.00057,0.0005,1.73153,1.73083,0.00115,0.00115,3.26917,3.26987,True,True,3.26917,3.26987,True,True
02d9edea9f,TbSm(B4W)2,0.2609,P2/m,monoclinic,22,W,74,3.0,0.5078,-0.0046,-0.0052,0.00631,0.50743,-0.00072,-0.0052,0.00072,0.50707,0.50743,0.01077,0.01091,2.49257,2.49293,True,True,2.4925699999999997,2.49293,True,True
02d9edea9f,TbSm(B4W)2,0.2609,P2/m,monoclinic,23,W,74,3.0,0.5078,-0.00631,0.0052,0.0046,0.50744,-0.00072,0.0052,0.00072,0.50708,0.50744,0.01077,0.01091,2.49256,2.49292,True,True,2.49256,2.49292,True,True
02db4891a3,Dy4Mn7FeO20,1.1427,Pm,monoclinic,11,Fe,26,3.0,0.15075,-0.00148,0.00272,-0.00051,0.13252,-0.00025,-0.00272,0.00025,0.15075,0.14467,0.00417,0.00544,2.85533,2.86748,True,True,2.85533,2.86748,True,True
02db4891a3,Dy4Mn7FeO20,1.1427,Pm,monoclinic,20,O,8,-2.0,0.03165,-0.00118,0.00399,0.00024,-0.05465,-0.00018,-0.00399,0.00018,0.03165,0.00288,0.00578,0.00799,2.00288,2.03165,True,True,2.00288,2.03165,True,True
02dbf36984,PrSeClO4,2.7849,C2/m,monoclinic,2,Se,34,6.0,3.84472,0.03171,-0.00214,0.03225,3.85648,0.00086,-0.00185,0.00074,3.84407,3.84842,0.04533,0.00054,2.15158,2.15593,True,True,2.15158,2.15593,True,True
02dbf36984,PrSeClO4,2.7849,C2/m,monoclinic,3,Se,34,6.0,3.85275,-0.03226,0.00185,-0.03172,3.84034,0.00086,0.00214,0.00074,3.8521,3.8484,0.04535,0.00054,2.1516,2.15966,True,True,2.1516,2.15966,True,True
02e8395ce6,RbFeTe3O8,2.4319,P-1,triclinic,2,Fe,26,3.0,0.53719,-0.0003,5e-05,0.0003,0.53632,-0.00065,-5e-05,-0.00108,0.53545,0.53632,0.00133,0.00059,2.46368,2.46455,True,True,2.46368,2.46455,True,True
02e8395ce6,RbFeTe3O8,2.4319,P-1,triclinic,6,Te,52,4.0,1.83647,0.00031,-0.00141,0.00041,1.87131,0.00047,-0.00148,0.00046,1.83844,1.84874,0.0022,0.0001,2.15126,2.16353,True,True,2.1512599999999997,2.1635299999999997,True,True
02e8395ce6,RbFeTe3O8,2.4319,P-1,triclinic,7,Te,52,4.0,1.85904,-0.00041,0.00148,-0.00031,1.82617,0.00047,0.00141,0.00046,1.86101,1.84874,0.0022,0.0001,2.15126,2.17383,True,True,2.1512599999999997,2.1738299999999997,True,True
02e8395ce6,RbFeTe3O8,2.4319,P-1,triclinic,8,Te,52,4.0,1.18333,-0.0008,0.00071,-0.00068,1.08557,-0.00011,-0.00093,9e-05,1.18287,1.15059,0.00157,0.00164,2.84941,2.91443,True,True,2.8494099999999998,2.9144300000000003,True,True
02e8395ce6,RbFeTe3O8,2.4319,P-1,triclinic,9,Te,52,4.0,1.11831,0.00068,0.00093,0.0008,1.21561,-0.00011,-0.00071,9e-05,1.11785,1.15059,0.00157,0.00164,2.84941,2.88215,True,True,2.8494099999999998,2.88215,True,True
02e85be1d4,DyHo2ScMn4O14,1.0375,C2/m,monoclinic,8,O,8,-2.0,-4.08033,-0.00072,-0.00127,-0.00079,-4.08044,0.00021,-0.00127,-0.00021,-4.08054,-4.08044,0.00211,0.00041,2.08044,2.08054,True,True,2.0804400000000003,2.08054,True,True
02e85be1d4,DyHo2ScMn4O14,1.0375,C2/m,monoclinic,21,O,8,-2.0,-4.08033,0.00079,0.00127,0.00072,-4.08044,0.00021,0.00127,-0.00021,-4.08054,-4.08044,0.00211,0.00041,2.08044,2.08054,True,True,2.0804400000000003,2.08054,True,True
02ecc56ef2,CsNa3(PtS15)2,1.8934,P1,triclinic,4,Pt,78,4.0,0.88338,0.00036,0.0007,-0.00023,0.88894,0.00015,-0.00023,3e-05,0.88344,0.88526,0.00087,0.00093,3.11474,3.11662,True,True,3.11474,3.11662,True,True
02ecc56ef2,CsNa3(PtS15)2,1.8934,P1,triclinic,5,Pt,78,4.0,1.05894,0.00026,-0.00043,-0.00026,1.06192,-0.00033,0.00047,-0.00044,1.0588,1.05989,0.00092,0.0009,2.94011,2.9412,True,True,2.94011,2.9412000000000003,True,True
02f229b7f5,Ho3TmFe4(CoO5)4,0.5921,Pm,monoclinic,4,Fe,26,3.0,-0.13182,-0.00073,-0.00383,0.00194,-0.12046,3e-05,0.00383,-3e-05,-0.13182,-0.12804,0.0058,0.00766,3.12804,3.13182,True,True,3.12804,3.13182,True,True
02f229b7f5,Ho3TmFe4(CoO5)4,0.5921,Pm,monoclinic,5,Fe,26,3.0,-0.10747,-0.00174,-0.00377,0.00062,-0.12498,2e-05,0.00377,-2e-05,-0.10747,-0.11331,0.00564,0.00754,3.11331,3.12498,True,True,3.11331,3.12498,True,True
02f229b7f5,Ho3TmFe4(CoO5)4,0.5921,Pm,monoclinic,6,Fe,26,3.0,-0.12182,-0.00192,0.00385,0.00077,-0.09338,3e-05,-0.00385,-3e-05,-0.12182,-0.11234,0.00582,0.0077,3.11234,3.12182,True,True,3.11234,3.12182,True,True
02f229b7f5,Ho3TmFe4(CoO5)4,0.5921,Pm,monoclinic,7,Fe,26,3.0,-0.07075,-0.00082,0.00395,0.00189,-0.08318,1e-05,-0.00395,-1e-05,-0.07075,-0.07489,0.00596,0.0079,3.07489,3.08318,True,True,3.07489,3.08318,True,True
02f229b7f5,Ho3TmFe4(CoO5)4,0.5921,Pm,monoclinic,8,Co,27,4.0,1.40553,-0.00118,-0.00033,0.00118,1.40692,-0.00037,-5e-05,0.00018,1.40479,1.40575,0.00175,0.00235,2.59425,2.59521,True,True,2.5942499999999997,2.59521,True,True
02f229b7f5,Ho3TmFe4(CoO5)4,0.5921,Pm,monoclinic,9,Co,27,4.0,1.40479,-0.00118,5e-05,0.00118,1.40692,-0.00018,0.00033,0.00037,1.40554,1.40575,0.00175,0.00235,2.59425,2.59521,True,True,2.5942499999999997,2.59521,True,True
02f229b7f5,Ho3TmFe4(CoO5)4,0.5921,Pm,monoclinic,10,Co,27,4.0,1.39684,-0.00127,0.00029,0.00134,1.39758,-0.0,8e-05,0.00057,1.39633,1.39692,0.00195,0.00261,2.60308,2.60367,True,True,2.6030800000000003,2.60367,True,True
02f229b7f5,Ho3TmFe4(CoO5)4,0.5921,Pm,monoclinic,11,Co,27,4.0,1.39633,-0.00127,-8e-05,0.00134,1.39759,-0.00057,-0.00029,0.0,1.39684,1.39692,0.00195,0.00261,2.60308,2.60367,True,True,2.6030800000000003,2.60367,True,True
02f229b7f5,Ho3TmFe4(CoO5)4,0.5921,Pm,monoclinic,16,O,8,-2.0,0.17203,-0.00048,-0.00412,0.00012,0.23567,0.00053,0.00412,-0.00053,0.17203,0.19324,0.00589,0.00824,2.19324,2.23567,True,True,2.19324,2.23567,True,True
02f229b7f5,Ho3TmFe4(CoO5)4,0.5921,Pm,monoclinic,17,O,8,-2.0,0.16243,-0.00033,-0.00396,0.00048,0.10581,0.00055,0.00396,-0.00055,0.16243,0.14355,0.00569,0.00793,2.14355,2.16243,True,True,2.14355,2.16243,True,True
02f229b7f5,Ho3TmFe4(CoO5)4,0.5921,Pm,monoclinic,18,O,8,-2.0,0.21957,7e-05,0.00383,0.00067,0.29306,0.00054,-0.00383,-0.00054,0.21957,0.24407,0.00551,0.00765,2.24407,2.29306,True,True,2.24407,2.29306,True,True
02f229b7f5,Ho3TmFe4(CoO5)4,0.5921,Pm,monoclinic,19,O,8,-2.0,0.19523,-0.00042,0.00396,0.00028,0.139,0.00058,-0.00396,-0.00058,0.19523,0.17649,0.00568,0.00792,2.17649,2.19523,True,True,2.17649,2.19523,True,True
02f3a7ff59,Na10Ca2NbVAs8,0.9406,P1,triclinic,12,Nb,41,5.0,1.03269,-0.00079,-0.00011,-0.00027,1.01761,1e-05,0.00024,0.0,1.03305,1.02778,0.00087,0.00052,3.97222,3.98239,True,True,3.97222,3.98239,True,True
02f3a7ff59,Na10Ca2NbVAs8,0.9406,P1,triclinic,13,V,23,4.0,0.38584,-0.00023,-0.00026,0.00012,0.35621,0.0002,3e-05,0.00015,0.38656,0.3762,0.00045,0.00035,3.6238,3.64379,True,True,3.6238,3.64379,True,True
02f65680ee,NdTa2WO9,1.7349,P2_1/m,monoclinic,2,Ta,73,5.0,7.28756,-9e-05,0.00165,-0.00042,7.24486,0.00044,0.00092,0.00054,7.29034,7.27425,0.00205,0.00073,2.27425,2.29034,True,True,2.2742500000000003,2.2903399999999996,True,True
02f65680ee,NdTa2WO9,1.7349,P2_1/m,monoclinic,3,Ta,73,5.0,7.29034,-9e-05,-0.00092,-0.00042,7.24486,-0.00054,-0.00165,-0.00044,7.28756,7.27425,0.00205,0.00073,2.27425,2.29034,True,True,2.2742500000000003,2.2903399999999996,True,True
02f65680ee,NdTa2WO9,1.7349,P2_1/m,monoclinic,4,Ta,73,5.0,7.26094,0.00042,0.00165,9e-05,7.30365,-0.00054,0.00092,-0.00044,7.25816,7.27425,0.00205,0.00073,2.27425,2.30365,True,True,2.2742500000000003,2.30365,True,True
02f65680ee,NdTa2WO9,1.7349,P2_1/m,monoclinic,5,Ta,73,5.0,7.25816,0.00042,-0.00092,9e-05,7.30365,0.00044,-0.00165,0.00054,7.26094,7.27425,0.00205,0.00073,2.27425,2.30365,True,True,2.2742500000000003,2.30365,True,True
02f65680ee,NdTa2WO9,1.7349,P2_1/m,monoclinic,6,W,74,5.0,7.53656,-0.00168,-0.00026,0.00168,7.53667,-7e-05,0.00026,-0.00058,7.53679,7.53667,0.00247,0.00336,2.53667,2.53679,True,True,2.53667,2.53679,True,True
02f65680ee,NdTa2WO9,1.7349,P2_1/m,monoclinic,7,W,74,5.0,7.53679,-0.00168,-0.00026,0.00168,7.53668,0.00058,0.00026,7e-05,7.53656,7.53668,0.00247,0.00336,2.53668,2.53679,True,True,2.5366799999999996,2.53679,True,True
02f6fce483,Ba6TaV3S16,1.8274,R3,trigonal,7,V,23,5.0,2.45742,0.00015,-0.00023,0.00025,2.44761,-0.00018,-0.00025,-0.0003,2.45701,2.45401,0.00056,0.00012,2.54599,2.55239,True,True,2.54599,2.55239,True,True
02f6fce483,Ba6TaV3S16,1.8274,R3,trigonal,8,V,23,5.0,2.35501,-0.00014,-6e-05,-0.00015,2.39622,7e-05,-0.00026,-5e-05,2.35432,2.36851,0.00034,0.0002,2.63149,2.64568,True,True,2.63149,2.64568,True,True
02f6fce483,Ba6TaV3S16,1.8274,R3,trigonal,9,V,23,5.0,2.53979,0.0001,-0.00031,3e-05,2.52641,5e-05,-0.00054,-0.0,2.53902,2.53507,0.00063,0.00023,2.46493,2.47359,True,True,2.46493,2.47359,True,True
02fbe53f1b,Y2HfMnF14,2.7068,P-1,triclinic,4,Hf,72,4.0,6.42806,0.00026,0.00075,6e-05,6.46087,6e-05,0.00024,0.00016,6.42749,6.43881,0.00085,0.00051,2.43881,2.46087,True,True,2.43881,2.46087,True,True
02fbe53f1b,Y2HfMnF14,2.7068,P-1,triclinic,5,Hf,72,4.0,6.45012,-6e-05,-0.00024,-0.00026,6.41674,6e-05,-0.00075,0.00016,6.44955,6.43881,0.00085,0.00051,2.43881,2.45012,True,True,2.43881,2.45012,True,True
02fbe53f1b,Y2HfMnF14,2.7068,P-1,triclinic,6,Mn,25,4.0,1.79897,-0.00043,0.00069,-0.00053,1.80474,0.00017,0.00047,0.00021,1.79961,1.80111,0.00111,0.00021,2.19889,2.20103,True,True,2.19889,2.2010300000000003,True,True
02fbe53f1b,Y2HfMnF14,2.7068,P-1,triclinic,7,Mn,25,4.0,1.8026,0.00053,-0.00047,0.00043,1.79747,0.00017,-0.00069,0.00021,1.80324,1.80111,0.00111,0.00021,2.19889,2.20253,True,True,2.19889,2.2025300000000003,True,True
02fbe91e71,MnP2HS6,0.4851,P1,triclinic,1,P,15,4.0,1.51266,0.00382,-0.00652,0.00285,1.51915,-4e-05,-0.00444,3e-05,1.50856,1.51346,0.00922,0.00208,2.48654,2.49144,True,True,2.4865399999999998,2.49144,True,True
02fbe91e71,MnP2HS6,0.4851,P1,triclinic,2,P,15,4.0,1.1314,0.00373,0.00032,0.00329,1.17163,-7e-05,0.00202,-0.00021,1.12797,1.14367,0.00538,0.0017,2.85633,2.87203,True,True,2.85633,2.87203,True,True
030639148d,Ca10InReN10,0.8018,Cm,monoclinic,11,Re,75,7.0,3.1254,-5e-05,0.0004,7e-05,3.21705,0.00017,0.00021,7e-05,3.1246,3.15569,0.00049,0.00019,3.84431,3.8754,True,True,3.84431,3.8754,True,True
030e20c853,DyTiCrO5,2.4186,Pbam,orthorhombic,4,Ti,22,4.0,6.06367,0.01368,0.00704,0.01392,5.9955,-0.00131,-0.00704,0.00131,6.06367,6.04095,0.02199,0.01408,2.04095,2.06367,True,True,2.0409499999999996,2.06367,True,True
030e20c853,DyTiCrO5,2.4186,Pbam,orthorhombic,5,Ti,22,4.0,6.01823,-0.01392,0.00704,-0.01368,6.0864,-0.00131,-0.00704,0.00131,6.01823,6.04095,0.02199,0.01408,2.04095,2.0864,True,True,2.0409499999999996,2.0864000000000003,True,True
030e20c853,DyTiCrO5,2.4186,Pbam,orthorhombic,6,Ti,22,4.0,6.06367,-0.01392,-0.00704,-0.01368,5.9955,-0.00131,0.00704,0.00131,6.06367,6.04095,0.02199,0.01408,2.04095,2.06367,True,True,2.0409499999999996,2.06367,True,True
030e20c853,DyTiCrO5,2.4186,Pbam,orthorhombic,7,Ti,22,4.0,6.01823,0.01368,-0.00704,0.01392,6.0864,-0.00131,0.00704,0.00131,6.01823,6.04095,0.02199,0.01408,2.04095,2.0864,True,True,2.0409499999999996,2.0864000000000003,True,True
03108cdac1,Ta2TiMoPb4O13,0.3508,Cm,monoclinic,0,Ta,73,5.0,7.63769,-0.00051,0.00099,-3e-05,7.68275,-0.00015,8e-05,-0.00019,7.6404,7.65361,0.00115,0.00091,2.65361,2.68275,True,True,2.6536099999999996,2.6827500000000004,True,True
03108cdac1,Ta2TiMoPb4O13,0.3508,Cm,monoclinic,1,Ta,73,5.0,7.66196,0.00075,0.00135,-0.00129,7.64228,-0.00089,0.00147,-0.00093,7.65659,7.65361,0.0028,0.00204,2.65361,2.66196,True,True,2.6536099999999996,2.6619599999999997,True,True
03108cdac1,Ta2TiMoPb4O13,0.3508,Cm,monoclinic,2,Ti,22,4.0,7.60252,-0.00092,0.00475,-0.00011,7.57884,-0.00059,0.00615,-0.00044,7.60497,7.59544,0.00786,0.00141,3.59544,3.60497,True,True,3.59544,3.60497,True,True
03155cfbf6,CaMnFe(BO3)2,3.1463,Pnn2,orthorhombic,4,Fe,26,2.0,-1.61237,0.00055,-1e-05,-0.0005,-1.65205,-0.00024,-3e-05,0.00024,-1.61991,-1.62811,0.00082,0.00105,3.62811,3.65205,True,True,3.62811,3.65205,True,True
03155cfbf6,CaMnFe(BO3)2,3.1463,Pnn2,orthorhombic,5,Fe,26,2.0,-1.62115,0.00053,2e-05,-0.00052,-1.65334,-0.00024,3e-05,0.00024,-1.61361,-1.62937,0.00082,0.00105,3.62937,3.65334,True,True,3.6293699999999998,3.65334,True,True
031e4b8e33,Pr4V3Fe(WO6)4,1.598,P1,triclinic,4,V,23,3.0,5.43252,-0.00048,0.00338,0.00094,5.49191,-0.00033,0.00344,0.00026,5.43219,5.45221,0.00495,0.00142,2.45221,2.49191,True,True,2.45221,2.49191,True,True
031e4b8e33,Pr4V3Fe(WO6)4,1.598,P1,triclinic,5,V,23,3.0,6.07321,-0.00096,-0.00293,5e-05,6.0385,-0.00096,-0.00303,-0.00013,6.0727,6.06147,0.00443,0.00101,3.06147,3.07321,True,True,3.06147,3.0732100000000004,True,True
031e4b8e33,Pr4V3Fe(WO6)4,1.598,P1,triclinic,6,V,23,3.0,5.73626,-0.00047,-0.00337,0.00075,5.81269,0.00025,-0.00322,0.00053,5.73538,5.76144,0.00478,0.00122,2.76144,2.81269,True,True,2.7614400000000003,2.81269,True,True
031e4b8e33,Pr4V3Fe(WO6)4,1.598,P1,triclinic,7,Fe,26,3.0,0.4615,-0.00098,0.00457,-0.00016,0.40093,-0.00141,0.00463,-0.00085,0.46012,0.44085,0.00678,0.00082,2.55915,2.59907,True,True,2.55915,2.59907,True,True
032aee15c1,SrCa(CoO2)6,1.1678,P2/m,monoclinic,6,Co,27,4.0,1.81254,-9e-05,-0.0,9e-05,1.8126,-0.00088,0.0,0.00088,1.82023,1.81513,0.00125,0.00176,2.18487,2.18746,True,True,2.18487,2.1874599999999997,True,True
032aee15c1,SrCa(CoO2)6,1.1678,P2/m,monoclinic,7,Co,27,4.0,1.81848,-0.00012,0.0,0.00012,1.8273,-0.00086,-0.0,0.00086,1.82632,1.82404,0.00122,0.00172,2.17596,2.18152,True,True,2.17596,2.18152,True,True
032f4d37d8,Sm4Sc3Fe(WO6)4,2.8459,P1,triclinic,4,Sc,21,3.0,5.21505,1e-05,0.00461,-7e-05,5.12554,-0.00112,0.00365,-0.00125,5.21384,5.18481,0.00612,0.00096,2.18481,2.21505,True,True,2.1848099999999997,2.2150499999999997,True,True
032f4d37d8,Sm4Sc3Fe(WO6)4,2.8459,P1,triclinic,5,Sc,21,3.0,5.52474,-0.00042,0.00329,-0.00027,5.63085,0.00088,0.00387,0.001,5.52372,5.55977,0.00527,0.00058,2.55977,2.63085,True,True,2.5597700000000003,2.6308499999999997,True,True
032f4d37d8,Sm4Sc3Fe(WO6)4,2.8459,P1,triclinic,6,Sc,21,3.0,5.15316,0.0,-0.00382,8e-05,5.03013,0.00107,-0.0043,0.00118,5.15354,5.11228,0.00597,0.00048,2.11228,2.15354,True,True,2.11228,2.1535399999999996,True,True
032f4d37d8,Sm4Sc3Fe(WO6)4,2.8459,P1,triclinic,7,Fe,26,3.0,0.32669,-0.00055,-0.00489,-0.0002,0.43562,-0.00072,-0.00483,-0.00057,0.32931,0.36388,0.00696,0.00035,2.63612,2.67331,True,True,2.63612,2.67331,True,True
0330631fb0,ErNb(Bi3O7)2,1.0326,P1,triclinic,2,Bi,83,3.33,5.54237,-0.00045,0.00083,-0.00092,5.5279,0.00069,0.00077,0.00088,5.54221,5.5375,0.00189,0.00047,2.20416,2.20904,True,True,2.2074999999999996,2.21237,True,True
0330b2fe0e,Mg3Pb(BrO3)8,3.6619,P1,triclinic,4,Br,35,5.0,2.5629,0.04,-0.00681,0.04053,2.59959,-0.00081,-0.00592,-0.00117,2.5644,2.57563,0.05768,0.00089,2.42437,2.4371,True,True,2.42437,2.4371,True,True
0330b2fe0e,Mg3Pb(BrO3)8,3.6619,P1,triclinic,5,Br,35,5.0,2.48529,-0.02877,-0.0002,-0.02913,2.52226,0.00037,0.00216,0.00073,2.48655,2.49804,0.041,0.00236,2.50196,2.51471,True,True,2.50196,2.51471,True,True
0330b2fe0e,Mg3Pb(BrO3)8,3.6619,P1,triclinic,6,Br,35,5.0,2.64188,-0.08702,0.00084,-0.08618,2.56187,-0.00019,-0.00083,-5e-05,2.64253,2.61543,0.12248,0.00167,2.38457,2.43813,True,True,2.38457,2.43813,True,True
0330b2fe0e,Mg3Pb(BrO3)8,3.6619,P1,triclinic,7,Br,35,5.0,2.4204,0.00162,-0.00144,0.00231,2.38005,0.00109,-0.00188,0.0011,2.41889,2.40644,0.004,0.00068,2.59356,2.61995,True,True,2.59356,2.61995,True,True
0330b2fe0e,Mg3Pb(BrO3)8,3.6619,P1,triclinic,8,Br,35,5.0,2.56241,-0.02525,-0.00223,-0.02519,2.44157,-0.00072,-0.0037,-0.00057,2.56373,2.52257,0.03594,0.00147,2.47743,2.55843,True,True,2.47743,2.55843,True,True
0330b2fe0e,Mg3Pb(BrO3)8,3.6619,P1,triclinic,9,Br,35,5.0,2.45487,0.03922,-0.00265,0.03939,2.29209,0.00164,-0.00085,0.00231,2.45355,2.40017,0.05572,0.00181,2.59983,2.70791,True,True,2.59983,2.70791,True,True
0330b2fe0e,Mg3Pb(BrO3)8,3.6619,P1,triclinic,10,Br,35,5.0,2.27611,-0.01655,-0.00216,-0.01728,2.20037,0.00031,-0.00309,0.00052,2.27444,2.2503,0.02422,0.00093,2.7497,2.79963,True,True,2.7497,2.79963,True,True
0330b2fe0e,Mg3Pb(BrO3)8,3.6619,P1,triclinic,11,Br,35,5.0,2.54883,0.06825,0.00556,0.06868,2.615,-0.00101,0.00288,-0.00119,2.54887,2.5709,0.09704,0.00268,2.4291,2.45117,True,True,2.4291,2.45117,True,True
0330c9ffc8,Hg3Os2F12,1.0474,P2_1/c,monoclinic,4,Hg,80,1.33,-0.70071,0.00013,0.00119,-0.00013,-0.69654,0.00146,-0.00119,0.00119,-0.69238,-0.69654,0.00253,0.00238,2.02988,2.03404,True,True,2.0265400000000002,2.03071,True,True
0330c9ffc8,Hg3Os2F12,1.0474,P2_1/c,monoclinic,5,Hg,80,1.33,-0.69238,0.00013,0.00119,-0.00013,-0.69654,-0.00119,-0.00119,-0.00146,-0.70071,-0.69654,0.00253,0.00238,2.02988,2.03404,True,True,2.0265400000000002,2.03071,True,True
0330c9ffc8,Hg3Os2F12,1.0474,P2_1/c,monoclinic,6,Os,76,4.0,-0.08199,-0.00092,-0.00312,-0.00096,-0.07396,0.00057,-0.00159,0.00035,-0.08106,-0.07901,0.0038,0.00153,4.07901,4.08199,True,True,4.07901,4.08199,True,True
0330c9ffc8,Hg3Os2F12,1.0474,P2_1/c,monoclinic,7,Os,76,4.0,-0.07602,0.00096,-0.00312,0.00092,-0.08405,-0.00035,-0.00159,-0.00057,-0.07695,-0.079,0.0038,0.00153,4.079,4.08405,True,True,4.079,4.08405,True,True
0330c9ffc8,Hg3Os2F12,1.0474,P2_1/c,monoclinic,8,Os,76,4.0,-0.07695,0.00096,0.00159,0.00092,-0.08405,0.00057,0.00312,0.00035,-0.07602,-0.07901,0.0038,0.00153,4.07901,4.08405,True,True,4.07901,4.08405,True,True
0330c9ffc8,Hg3Os2F12,1.0474,P2_1/c,monoclinic,9,Os,76,4.0,-0.08106,-0.00092,0.00159,-0.00096,-0.07396,-0.00035,0.00312,-0.00057,-0.08199,-0.079,0.0038,0.00153,4.079,4.08199,True,True,4.079,4.08199,True,True
03336ab664,CdNiPtO4,0.4792,Imma,orthorhombic,4,Pt,78,4.0,1.72071,0.00016,0.00014,-0.00016,1.71574,0.00022,-0.00011,0.00031,1.71111,1.71585,0.00047,0.00032,2.28415,2.28889,True,True,2.28415,2.2888900000000003,True,True
03336ab664,CdNiPtO4,0.4792,Imma,orthorhombic,5,Pt,78,4.0,1.71677,-0.00016,0.00289,0.00016,1.71581,0.0003,-0.00286,0.00038,1.71495,1.71584,0.0041,0.00575,2.28416,2.28505,True,True,2.28416,2.28505,True,True
0335101604,Pr4NdGd3(WO6)4,3.4185,P1,triclinic,21,O,8,-2.0,0.23037,0.00016,-0.00285,0.00048,0.27322,0.00031,-0.00019,0.00024,0.22298,0.24219,0.00293,0.00266,2.24219,2.27322,True,True,2.24219,2.2732200000000002,True,True
0336086393,SmHoTaSb5O18,1.8283,P1,triclinic,2,Ta,73,5.0,7.00073,0.00021,-0.0001,-0.00036,7.00913,0.00016,0.0009,0.00023,6.99245,7.00077,0.00104,0.001,2.00077,2.00913,True,True,2.00077,2.00913,True,True
0350bc781c,Ba6Tb2(WO6)3,3.0125,R-3m,trigonal,6,Tb,65,3.0,5.04089,0.0006,0.0007,-0.00048,5.08751,-0.00017,0.00061,6e-05,5.04102,5.05647,0.00122,0.00108,2.05647,2.08751,True,True,2.05647,2.08751,True,True
0350bc781c,Ba6Tb2(WO6)3,3.0125,R-3m,trigonal,7,Tb,65,3.0,5.07193,0.00048,-0.00061,-0.0006,5.02544,-0.00017,-0.0007,6e-05,5.07205,5.05647,0.00122,0.00108,2.05647,2.07205,True,True,2.05647,2.07205,True,True
03558e0cd6,BaMn4Cr2O12,0.4681,P1,triclinic,10,Cr,24,3.0,6.49856,0.00092,-0.00267,0.00186,6.38997,-0.00036,-0.00208,2e-05,6.48277,6.4571,0.00399,0.00094,3.4571,3.49856,True,True,3.4570999999999996,3.4985600000000003,True,True
03558e0cd6,BaMn4Cr2O12,0.4681,P1,triclinic,11,Cr,24,3.0,6.35139,0.00181,-0.00605,0.00078,6.31322,-0.00056,-0.00225,-0.00016,6.33774,6.33412,0.00677,0.0038,3.33412,3.35139,True,True,3.3341200000000004,3.3513900000000003,True,True
03558e0cd6,BaMn4Cr2O12,0.4681,P1,triclinic,12,Cr,24,3.0,5.49403,0.00081,-0.00248,0.00132,5.48456,-0.00014,-0.00276,0.00037,5.48138,5.48665,0.00404,0.00051,2.48665,2.49403,True,True,2.48665,2.4940300000000004,True,True
03558e0cd6,BaMn4Cr2O12,0.4681,P1,triclinic,13,Cr,24,3.0,5.67587,0.0009,0.00211,-0.00429,5.66233,-0.00121,0.00945,-0.00095,5.66825,5.66882,0.01074,0.00734,2.66882,2.67587,True,True,2.66882,2.6758699999999997,True,True
035e12a788,KTbSc9(C2I9)2,0.3107,P1,triclinic,7,Sc,21,2.0,3.98839,0.00024,0.00182,-0.00025,4.02454,-0.0008,0.00457,-0.00099,3.98629,3.99974,0.00509,0.00275,1.99974,2.02454,True,True,1.99974,2.02454,True,True
0360e4233d,K20Si3GeP12,0.6516,Pm,monoclinic,20,Si,14,4.0,-0.83395,0.00055,0.00042,0.00012,-0.81149,4e-05,-0.00042,-4e-05,-0.83395,-0.82646,0.00083,0.00085,4.82646,4.83395,True,True,4.82646,4.83395,True,True
0360e4233d,K20Si3GeP12,0.6516,Pm,monoclinic,21,Si,14,4.0,-0.79448,-8e-05,0.0004,-0.00054,-0.81533,3e-05,-0.0004,-3e-05,-0.79448,-0.80143,0.00078,0.0008,4.80143,4.81533,True,True,4.80143,4.81533,True,True
0360e4233d,K20Si3GeP12,0.6516,Pm,monoclinic,22,Si,14,4.0,-0.81798,-2e-05,-0.00044,-0.00051,-0.79256,4e-05,0.00044,-4e-05,-0.81798,-0.80951,0.0008,0.00087,4.80951,4.81798,True,True,4.8095099999999995,4.81798,True,True
0360e4233d,K20Si3GeP12,0.6516,Pm,monoclinic,23,Ge,32,3.0,-0.91753,-0.00067,-0.00044,0.00096,-0.93843,3e-05,0.00044,-3e-05,-0.91753,-0.9245,0.00133,0.00163,3.9245,3.93843,True,True,3.9245,3.93843,True,True
0360e4233d,K20Si3GeP12,0.6516,Pm,monoclinic,24,P,15,-3.0,-0.60566,0.00092,0.00089,0.00013,-0.59819,-9e-05,-0.00089,9e-05,-0.60566,-0.60317,0.00157,0.00177,2.39683,2.40181,True,True,2.39683,2.4018100000000002,True,True
0360e4233d,K20Si3GeP12,0.6516,Pm,monoclinic,25,P,15,-3.0,-0.59304,-0.00013,0.00087,-0.00087,-0.59716,-7e-05,-0.00087,7e-05,-0.59304,-0.59442,0.00152,0.00174,2.40558,2.40696,True,True,2.40558,2.4069599999999998,True,True
0360e4233d,K20Si3GeP12,0.6516,Pm,monoclinic,26,P,15,-3.0,-0.60401,-0.00011,-0.00091,-0.00089,-0.59617,-7e-05,0.00091,7e-05,-0.60401,-0.60139,0.00157,0.00183,2.39861,2.40383,True,True,2.39861,2.40383,True,True
0360e4233d,K20Si3GeP12,0.6516,Pm,monoclinic,28,P,15,-3.0,-0.99227,-0.00075,-0.00027,-0.00066,-0.97309,-0.00017,0.00027,0.00017,-0.99227,-0.98587,0.00109,0.00054,2.01413,2.02691,True,True,2.0141299999999998,2.02691,True,True
0360e4233d,K20Si3GeP12,0.6516,Pm,monoclinic,30,P,15,-3.0,-0.97723,0.0007,0.00016,0.00077,-0.95479,-0.00016,-0.00016,0.00016,-0.97723,-0.96975,0.00109,0.00032,2.03025,2.04521,True,True,2.03025,2.04521,True,True
0360e4233d,K20Si3GeP12,0.6516,Pm,monoclinic,32,P,15,-3.0,-0.55261,0.00034,1e-05,-0.00013,-0.5694,0.0,-1e-05,-0.0,-0.55261,-0.55821,0.00037,0.00047,2.44179,2.44739,True,True,2.44179,2.44739,True,True
0360e4233d,K20Si3GeP12,0.6516,Pm,monoclinic,33,P,15,-3.0,-0.51547,9e-05,-2e-05,-0.00043,-0.50736,1e-05,2e-05,-1e-05,-0.51547,-0.51277,0.00044,0.00052,2.48723,2.49264,True,True,2.4872300000000003,2.4926399999999997,True,True
0360e4233d,K20Si3GeP12,0.6516,Pm,monoclinic,34,P,15,-3.0,-0.51454,0.00015,0.0,-0.00036,-0.5306,1e-05,-0.0,-1e-05,-0.51454,-0.5199,0.00039,0.00051,2.4801,2.48546,True,True,2.4801,2.48546,True,True
0360e4233d,K20Si3GeP12,0.6516,Pm,monoclinic,35,P,15,-3.0,-0.91431,-0.00025,1e-05,0.0005,-0.93055,-4e-05,-1e-05,4e-05,-0.91431,-0.91973,0.00056,0.00075,2.08027,2.08569,True,True,2.08027,2.08569,True,True
036483f4c4,Ba2Ca3(AlSb3)2,0.3701,Pbam,orthorhombic,10,Al,13,3.0,0.48594,-0.00151,-0.00048,-0.00106,0.48405,-0.00015,0.00048,0.00015,0.48594,0.48531,0.00198,0.00097,2.51469,2.51595,True,True,2.51469,2.51595,True,True
036483f4c4,Ba2Ca3(AlSb3)2,0.3701,Pbam,orthorhombic,11,Al,13,3.0,0.48468,0.00106,-0.00048,0.00151,0.48657,-0.00015,0.00048,0.00015,0.48468,0.48531,0.00198,0.00097,2.51469,2.51532,True,True,2.51469,2.51532,True,True
036483f4c4,Ba2Ca3(AlSb3)2,0.3701,Pbam,orthorhombic,12,Al,13,3.0,0.48468,-0.00151,0.00048,-0.00106,0.48657,-0.00015,-0.00048,0.00015,0.48468,0.48531,0.00198,0.00097,2.51469,2.51532,True,True,2.51469,2.51532,True,True
036483f4c4,Ba2Ca3(AlSb3)2,0.3701,Pbam,orthorhombic,13,Al,13,3.0,0.48594,0.00106,0.00048,0.00151,0.48405,-0.00015,-0.00048,0.00015,0.48594,0.48531,0.00198,0.00097,2.51469,2.51595,True,True,2.51469,2.51595,True,True
0366e1b63e,Gd4Tm2TaWO14,2.6313,P1,triclinic,6,Ta,73,4.0,6.10555,6e-05,0.00177,-0.00037,6.0161,0.00091,0.00186,0.0007,6.10525,6.07563,0.00284,0.00043,2.07563,2.10555,True,True,2.0756300000000003,2.10555,True,True
0366e1b63e,Gd4Tm2TaWO14,2.6313,P1,triclinic,12,O,8,-2.0,0.25289,0.00158,0.0003,-0.00015,0.16279,-0.00029,0.00217,-0.0002,0.25394,0.22321,0.00273,0.00187,2.22321,2.25394,True,True,2.22321,2.25394,True,True
0366e1b63e,Gd4Tm2TaWO14,2.6313,P1,triclinic,20,O,8,-2.0,0.68421,0.00053,-0.00466,-0.00049,0.62258,2e-05,-0.00562,-0.00014,0.68578,0.66419,0.00734,0.00102,2.66419,2.68578,True,True,2.66419,2.68578,True,True
03684cb2e9,Cs2NiWSe4,0.717,Fddd,orthorhombic,6,W,74,4.0,1.0567,6e-05,-0.00028,-6e-05,1.05684,2e-05,0.00028,-3e-05,1.05699,1.05684,0.00041,0.00056,2.94316,2.9433,True,True,2.9431599999999998,2.9433,True,True
03684cb2e9,Cs2NiWSe4,0.717,Fddd,orthorhombic,7,W,74,4.0,1.0567,6e-05,-0.00028,-6e-05,1.05684,2e-05,0.00028,-3e-05,1.05699,1.05684,0.00041,0.00056,2.94316,2.9433,True,True,2.9431599999999998,2.9433,True,True
03697c5f94,Tb4YMoRhO12,1.5085,P1,triclinic,6,Rh,45,4.0,1.85331,0.00076,0.0019,0.00014,1.85573,0.00013,0.00202,0.00016,1.85359,1.85421,0.00288,0.00062,2.14579,2.14669,True,True,2.14579,2.14669,True,True
036b4aaa27,Cs2CuPO4,2.7353,P2_1,monoclinic,6,P,15,5.0,2.73812,0.0311,0.00139,0.03048,2.67313,-0.00101,0.00118,-0.00071,2.73614,2.7158,0.0436,0.00062,2.2842,2.32687,True,True,2.2842,2.32687,True,True
036b4aaa27,Cs2CuPO4,2.7353,P2_1,monoclinic,7,P,15,5.0,2.69346,0.0311,-0.00139,0.03048,2.75846,-0.00101,-0.00118,-0.00071,2.69544,2.71579,0.0436,0.00062,2.28421,2.30654,True,True,2.28421,2.30654,True,True
03755b1494,Rb8Na4Tb3YSb8,1.366,C2,monoclinic,12,Tb,65,3.0,-0.03908,-3e-05,1e-05,-0.00018,-0.03882,-0.00028,0.00038,-0.00042,-0.03856,-0.03882,0.00066,0.00037,3.03882,3.03908,True,True,3.03882,3.03908,True,True
03755b1494,Rb8Na4Tb3YSb8,1.366,C2,monoclinic,13,Tb,65,3.0,-0.08398,0.00016,1e-05,3e-05,-0.08372,0.00043,-0.0004,0.00029,-0.08346,-0.08372,0.00067,0.0004,3.08372,3.08398,True,True,3.08372,3.08398,True,True
03755b1494,Rb8Na4Tb3YSb8,1.366,C2,monoclinic,14,Tb,65,3.0,-0.12584,0.00018,-0.00036,3e-05,-0.12559,-0.00027,-6e-05,-0.00041,-0.12533,-0.12559,0.00064,0.0003,3.12559,3.12584,True,True,3.12559,3.12584,True,True
03755b1494,Rb8Na4Tb3YSb8,1.366,C2,monoclinic,15,Y,39,3.0,-0.20122,-2e-05,0.00037,-0.00017,-0.20097,0.00041,2e-05,0.00027,-0.20072,-0.20097,0.00064,0.00035,3.20097,3.20122,True,True,3.20097,3.20122,True,True
03755b1494,Rb8Na4Tb3YSb8,1.366,C2,monoclinic,16,Sb,51,-3.0,-0.55088,-0.00016,-0.0011,0.00023,-0.55058,-0.0002,0.00077,-6e-05,-0.55044,-0.55063,0.00138,0.00187,2.44937,2.44956,True,True,2.44937,2.44956,True,True
03755b1494,Rb8Na4Tb3YSb8,1.366,C2,monoclinic,17,Sb,51,-3.0,-0.55078,-0.00022,0.00121,0.00018,-0.55068,8e-05,-0.00087,0.00018,-0.55042,-0.55063,0.00153,0.00208,2.44937,2.44958,True,True,2.44937,2.44958,True,True
03755b1494,Rb8Na4Tb3YSb8,1.366,C2,monoclinic,18,Sb,51,-3.0,-0.56885,-0.00023,-0.00077,0.00016,-0.56862,-0.0002,0.00107,-7e-05,-0.56851,-0.56866,0.00137,0.00185,2.43134,2.43149,True,True,2.43134,2.43149,True,True
03755b1494,Rb8Na4Tb3YSb8,1.366,C2,monoclinic,19,Sb,51,-3.0,-0.5688,-0.00017,0.00076,0.00022,-0.5687,8e-05,-0.00108,0.0002,-0.56847,-0.56866,0.00137,0.00185,2.43134,2.43153,True,True,2.43134,2.43153,True,True
03755b1494,Rb8Na4Tb3YSb8,1.366,C2,monoclinic,20,Sb,51,-3.0,-0.63882,-0.00014,0.001,-0.00014,-0.63981,-0.00031,-0.00058,-0.00024,-0.63895,-0.6392,0.00123,0.00158,2.3608,2.36118,True,True,2.3608000000000002,2.36118,True,True
03755b1494,Rb8Na4Tb3YSb8,1.366,C2,monoclinic,21,Sb,51,-3.0,-0.62257,0.00012,-0.00111,0.00015,-0.62359,0.00026,0.0007,0.0003,-0.62261,-0.62292,0.00138,0.00181,2.37708,2.37743,True,True,2.37708,2.37743,True,True
03755b1494,Rb8Na4Tb3YSb8,1.366,C2,monoclinic,22,Sb,51,-3.0,-0.63944,0.00015,0.00056,0.00015,-0.63858,-0.00032,-0.001,-0.00024,-0.63956,-0.6392,0.00123,0.00156,2.3608,2.36142,True,True,2.3608000000000002,2.36142,True,True
03755b1494,Rb8Na4Tb3YSb8,1.366,C2,monoclinic,23,Sb,51,-3.0,-0.62328,-0.00017,-0.00057,-0.00016,-0.62226,0.00024,0.001,0.00032,-0.62323,-0.62292,0.00124,0.00157,2.37708,2.37774,True,True,2.37708,2.37774,True,True
03783973e7,Ba4TaNb(AlH10)2,0.1615,P1,triclinic,4,Ta,73,3.0,7.13246,-0.00072,0.00711,-0.00012,7.13397,-0.00014,0.00449,0.00022,7.1272,7.13121,0.00845,0.00262,4.13121,4.13397,True,True,4.13121,4.13397,True,True
03783973e7,Ba4TaNb(AlH10)2,0.1615,P1,triclinic,5,Nb,41,3.0,6.59036,0.00068,0.01193,0.00195,6.59561,-0.00055,0.00894,0.0,6.59491,6.59363,0.01506,0.00299,3.59363,3.59561,True,True,3.59363,3.5956099999999998,True,True
03783973e7,Ba4TaNb(AlH10)2,0.1615,P1,triclinic,6,Al,13,3.0,-1.17004,0.01035,-0.0009,0.01066,-1.19447,0.00013,-7e-05,0.00021,-1.16966,-1.17806,0.01488,0.00082,4.17806,4.19447,True,True,4.17806,4.19447,True,True
03783973e7,Ba4TaNb(AlH10)2,0.1615,P1,triclinic,7,Al,13,3.0,-1.28503,-0.01393,-0.00125,-0.01378,-1.24397,1e-05,-0.00031,0.00026,-1.28513,-1.27138,0.01963,0.00094,4.27138,4.28513,True,True,4.27138,4.2851300000000005,True,True
03783973e7,Ba4TaNb(AlH10)2,0.1615,P1,triclinic,8,H,1,-1.0,1.21568,0.00189,-0.00773,0.00216,1.16136,-0.00026,-0.00613,-0.00025,1.21556,1.19753,0.01028,0.00161,2.19753,2.21568,True,True,2.19753,2.21568,True,True
03783973e7,Ba4TaNb(AlH10)2,0.1615,P1,triclinic,10,H,1,-1.0,-3.40576,1e-05,-0.00086,0.00016,-3.35088,0.00078,-0.00088,0.00081,-3.40402,-3.38689,0.00167,0.00015,2.38689,2.40576,True,True,2.38689,2.40576,True,True
03783973e7,Ba4TaNb(AlH10)2,0.1615,P1,triclinic,11,H,1,-1.0,-3.33475,-0.00018,0.00015,0.00013,-3.30507,-0.00076,-2e-05,-0.00075,-3.33704,-3.32562,0.0011,0.00031,2.32562,2.33704,True,True,2.32562,2.33704,True,True
037b163512,Pr4Fe3(CoO4)5,0.3228,Pm,monoclinic,4,Fe,26,3.0,-0.38778,0.00037,0.00309,0.00179,-0.4928,-0.00051,-0.00309,0.00051,-0.38778,-0.42279,0.00479,0.00617,3.42279,3.4928,True,True,3.42279,3.4928,True,True
037b163512,Pr4Fe3(CoO4)5,0.3228,Pm,monoclinic,5,Fe,26,3.0,-0.28431,-0.00193,0.00272,-0.00079,-0.20015,-0.00049,-0.00272,0.00049,-0.28431,-0.25625,0.00443,0.00544,3.25625,3.28431,True,True,3.25625,3.28431,True,True
037b163512,Pr4Fe3(CoO4)5,0.3228,Pm,monoclinic,6,Fe,26,3.0,0.8113,-3e-05,-0.00216,0.00109,0.82629,-0.00039,0.00216,0.00039,0.8113,0.81629,0.00329,0.00433,2.18371,2.1887,True,True,2.18371,2.1887,True,True
037b163512,Pr4Fe3(CoO4)5,0.3228,Pm,monoclinic,20,O,8,-2.0,0.36891,-0.00038,0.00239,0.00053,0.18778,0.00058,-0.00239,-0.00058,0.36891,0.30854,0.00354,0.00478,2.30854,2.36891,True,True,2.30854,2.36891,True,True
037b163512,Pr4Fe3(CoO4)5,0.3228,Pm,monoclinic,21,O,8,-2.0,-0.06023,-0.00029,0.00224,2e-05,0.05726,0.00053,-0.00224,-0.00053,-0.06023,-0.02107,0.00327,0.00448,1.97893,2.05726,True,True,1.97893,2.05726,True,True
037b163512,Pr4Fe3(CoO4)5,0.3228,Pm,monoclinic,22,O,8,-2.0,0.26573,-0.00068,-0.00332,-0.00018,0.37829,0.00052,0.00332,-0.00052,0.26573,0.30325,0.0048,0.00663,2.30325,2.37829,True,True,2.3032500000000002,2.37829,True,True
037b163512,Pr4Fe3(CoO4)5,0.3228,Pm,monoclinic,23,O,8,-2.0,0.14655,0.00114,-0.00142,0.00114,0.07339,0.00048,0.00142,-0.00048,0.14655,0.12217,0.00266,0.00284,2.12217,2.14655,True,True,2.12217,2.14655,True,True
037f3eb96d,Cs2SbIr3S8,1.2019,P2/c,monoclinic,6,Ir,77,4.0,0.01109,-4e-05,0.00013,-0.00017,-0.00188,-0.00022,6e-05,-0.00025,0.01106,0.00676,0.0004,0.00014,3.99324,4.00188,True,True,3.99324,4.00188,True,True
037f3eb96d,Cs2SbIr3S8,1.2019,P2/c,monoclinic,7,Ir,77,4.0,0.00243,0.00017,0.00013,4e-05,0.01539,0.00025,6e-05,0.00022,0.00246,0.00676,0.0004,0.00014,3.99324,3.99757,True,True,3.99324,3.99757,True,True
037f3eb96d,Cs2SbIr3S8,1.2019,P2/c,monoclinic,8,Ir,77,4.0,0.00246,0.00017,-6e-05,4e-05,0.01539,-0.00022,-0.00013,-0.00025,0.00243,0.00676,0.0004,0.00014,3.99324,3.99757,True,True,3.99324,3.99757,True,True
037f3eb96d,Cs2SbIr3S8,1.2019,P2/c,monoclinic,9,Ir,77,4.0,0.01106,-4e-05,-6e-05,-0.00017,-0.00188,0.00025,-0.00013,0.00022,0.01109,0.00676,0.0004,0.00014,3.99324,4.00188,True,True,3.99324,4.00188,True,True
037f3eb96d,Cs2SbIr3S8,1.2019,P2/c,monoclinic,10,Ir,77,3.0,-0.16466,-0.00012,-2e-05,0.00012,-0.16443,0.00035,2e-05,0.00056,-0.1642,-0.16443,0.00068,0.00024,3.16443,3.16466,True,True,3.16443,3.16466,True,True
037f3eb96d,Cs2SbIr3S8,1.2019,P2/c,monoclinic,11,Ir,77,3.0,-0.1642,-0.00012,-2e-05,0.00012,-0.16443,-0.00056,2e-05,-0.00035,-0.16466,-0.16443,0.00068,0.00024,3.16443,3.16466,True,True,3.16443,3.16466,True,True
037f3eb96d,Cs2SbIr3S8,1.2019,P2/c,monoclinic,14,S,16,-2.0,0.76827,2e-05,-0.0007,8e-05,0.7298,2e-05,-0.00022,-0.00012,0.76839,0.75549,0.00075,0.00048,2.75549,2.76839,True,True,2.75549,2.76839,True,True
037f3eb96d,Cs2SbIr3S8,1.2019,P2/c,monoclinic,15,S,16,-2.0,0.7427,-8e-05,-0.0007,-2e-05,0.78118,0.00012,-0.00022,-2e-05,0.74258,0.75549,0.00075,0.00048,2.75549,2.78118,True,True,2.75549,2.78118,True,True
037f3eb96d,Cs2SbIr3S8,1.2019,P2/c,monoclinic,18,S,16,-2.0,0.74258,-8e-05,0.00022,-2e-05,0.78118,2e-05,0.0007,-0.00012,0.7427,0.75549,0.00075,0.00048,2.75549,2.78118,True,True,2.75549,2.78118,True,True
037f3eb96d,Cs2SbIr3S8,1.2019,P2/c,monoclinic,19,S,16,-2.0,0.76839,2e-05,0.00022,8e-05,0.7298,0.00012,0.0007,-2e-05,0.76827,0.75549,0.00075,0.00048,2.75549,2.76839,True,True,2.75549,2.76839,True,True
038b04ffbd,TbHo4TcMoO12,0.6817,P1,triclinic,5,Tc,43,4.0,1.16103,0.00014,-0.0003,-0.00035,1.16957,0.00011,-0.00055,5e-05,1.16143,1.16401,0.00074,0.00049,2.83599,2.83897,True,True,2.83599,2.8389699999999998,True,True
038dc496e6,Cs2Mg5Sb4,1.3788,Cmcm,orthorhombic,8,Mg,12,2.0,-0.18297,0.0002,-0.00079,7e-05,-0.21189,-0.00027,-0.00012,-0.00033,-0.18129,-0.19205,0.00093,0.00067,2.19205,2.21189,True,True,2.19205,2.21189,True,True
038dc496e6,Cs2Mg5Sb4,1.3788,Cmcm,orthorhombic,9,Mg,12,2.0,-0.20281,-7e-05,0.00012,-0.0002,-0.17221,-0.00027,0.00079,-0.00033,-0.20113,-0.19205,0.00093,0.00067,2.19205,2.20281,True,True,2.19205,2.20281,True,True
038dc496e6,Cs2Mg5Sb4,1.3788,Cmcm,orthorhombic,10,Mg,12,2.0,-0.20281,0.0002,-0.00012,7e-05,-0.17221,0.00033,-0.00079,0.00027,-0.20114,-0.19205,0.00093,0.00067,2.19205,2.20281,True,True,2.19205,2.20281,True,True
038dc496e6,Cs2Mg5Sb4,1.3788,Cmcm,orthorhombic,11,Mg,12,2.0,-0.18297,-7e-05,0.00079,-0.0002,-0.21189,0.00033,0.00012,0.00027,-0.18129,-0.19205,0.00093,0.00067,2.19205,2.21189,True,True,2.19205,2.21189,True,True
038dc496e6,Cs2Mg5Sb4,1.3788,Cmcm,orthorhombic,14,Sb,51,-3.0,-0.74574,-0.00034,-0.00062,-0.00028,-0.74731,9e-05,-0.00062,-9e-05,-0.74889,-0.74731,0.001,0.00017,2.25269,2.25426,True,True,2.25269,2.25426,True,True
038dc496e6,Cs2Mg5Sb4,1.3788,Cmcm,orthorhombic,15,Sb,51,-3.0,-0.74748,0.0001,-0.00108,7e-05,-0.74731,-2e-05,-0.00108,2e-05,-0.74715,-0.74731,0.00153,3e-05,2.25269,2.25285,True,True,2.25269,2.25285,True,True
038dc496e6,Cs2Mg5Sb4,1.3788,Cmcm,orthorhombic,16,Sb,51,-3.0,-0.74574,0.00028,0.00062,0.00034,-0.74732,9e-05,0.00062,-9e-05,-0.7489,-0.74732,0.001,0.00017,2.25268,2.25426,True,True,2.25268,2.25426,True,True
038dc496e6,Cs2Mg5Sb4,1.3788,Cmcm,orthorhombic,17,Sb,51,-3.0,-0.74748,-7e-05,0.00108,-0.0001,-0.74732,-2e-05,0.00108,2e-05,-0.74715,-0.74732,0.00153,3e-05,2.25268,2.25285,True,True,2.25268,2.25285,True,True
038dc496e6,Cs2Mg5Sb4,1.3788,Cmcm,orthorhombic,18,Sb,51,-3.0,-0.77151,-7e-05,5e-05,0.00047,-0.82414,-0.00016,-0.00078,-0.00017,-0.77096,-0.78887,0.00094,0.00083,2.21113,2.22904,True,True,2.21113,2.22904,True,True
038dc496e6,Cs2Mg5Sb4,1.3788,Cmcm,orthorhombic,19,Sb,51,-3.0,-0.80678,-0.00047,0.00078,7e-05,-0.75359,-0.00016,-5e-05,-0.00017,-0.80623,-0.78887,0.00094,0.00083,2.21113,2.24641,True,True,2.21113,2.24641,True,True
038dc496e6,Cs2Mg5Sb4,1.3788,Cmcm,orthorhombic,20,Sb,51,-3.0,-0.80678,-7e-05,-0.00078,0.00047,-0.75359,0.00017,5e-05,0.00016,-0.80623,-0.78887,0.00094,0.00083,2.21113,2.24641,True,True,2.21113,2.24641,True,True
038dc496e6,Cs2Mg5Sb4,1.3788,Cmcm,orthorhombic,21,Sb,51,-3.0,-0.77151,-0.00047,-5e-05,7e-05,-0.82414,0.00017,0.00078,0.00016,-0.77096,-0.78887,0.00094,0.00083,2.21113,2.22904,True,True,2.21113,2.22904,True,True
039324bcb5,CuGeIrS4,0.6146,Imma,orthorhombic,4,Ir,77,4.0,0.17238,0.0008,-0.00026,-0.0008,0.17202,0.00046,0.00026,0.00034,0.17165,0.17202,0.00132,0.00161,3.82798,3.82835,True,True,3.82798,3.82835,True,True
039324bcb5,CuGeIrS4,0.6146,Imma,orthorhombic,5,Ir,77,4.0,0.17241,0.0008,0.00026,-0.0008,0.17204,-0.00034,-0.00026,-0.00046,0.17168,0.17204,0.00132,0.00161,3.82796,3.82832,True,True,3.82796,3.82832,True,True
039324bcb5,CuGeIrS4,0.6146,Imma,orthorhombic,10,S,16,-2.0,0.11859,0.00016,-0.00139,-0.0006,0.11921,0.00016,-0.00139,-0.00016,0.11982,0.11921,0.00208,0.00075,2.11921,2.11982,True,True,2.11921,2.11982,True,True
039324bcb5,CuGeIrS4,0.6146,Imma,orthorhombic,11,S,16,-2.0,0.11843,0.00112,-0.00082,-0.0008,0.11921,-0.00014,-0.00082,0.00014,0.11999,0.11921,0.00181,0.00192,2.11921,2.11999,True,True,2.11921,2.11999,True,True
039324bcb5,CuGeIrS4,0.6146,Imma,orthorhombic,12,S,16,-2.0,0.11843,0.0008,0.00082,-0.00112,0.11921,-0.00014,0.00082,0.00014,0.11999,0.11921,0.00181,0.00192,2.11921,2.11999,True,True,2.11921,2.11999,True,True
039324bcb5,CuGeIrS4,0.6146,Imma,orthorhombic,13,S,16,-2.0,0.11859,0.0006,0.00139,-0.00016,0.11921,0.00016,0.00139,-0.00016,0.11982,0.11921,0.00208,0.00075,2.11921,2.11982,True,True,2.11921,2.11982,True,True
03933e8e29,Rb4Na2YHoSb4,1.3857,C222_1,orthorhombic,12,Y,39,3.0,-0.25967,-2e-05,3e-05,-0.00018,-0.25949,-0.00027,0.00031,-0.00037,-0.25931,-0.25949,0.00058,0.00028,3.25949,3.25967,True,True,3.25949,3.25967,True,True
03933e8e29,Rb4Na2YHoSb4,1.3857,C222_1,orthorhombic,13,Y,39,3.0,-0.25966,0.00018,-3e-05,2e-05,-0.25948,0.00037,-0.00031,0.00027,-0.2593,-0.25948,0.00058,0.00028,3.25948,3.25966,True,True,3.25948,3.2596600000000002,True,True
03933e8e29,Rb4Na2YHoSb4,1.3857,C222_1,orthorhombic,14,Ho,67,3.0,-0.20224,0.0002,-0.00029,6e-05,-0.20206,-0.00027,-1e-05,-0.00037,-0.20188,-0.20206,0.00058,0.00027,3.20206,3.20224,True,True,3.20206,3.20224,True,True
03933e8e29,Rb4Na2YHoSb4,1.3857,C222_1,orthorhombic,15,Ho,67,3.0,-0.20225,-6e-05,0.00029,-0.0002,-0.20207,0.00037,1e-05,0.00027,-0.20189,-0.20207,0.00058,0.00027,3.20207,3.20225,True,True,3.20207,3.20225,True,True
03933e8e29,Rb4Na2YHoSb4,1.3857,C222_1,orthorhombic,16,Sb,51,-3.0,-0.44075,-0.00016,-0.00108,0.00025,-0.44053,-0.00025,0.00085,-0.00013,-0.44032,-0.44053,0.00144,0.00194,2.55947,2.55968,True,True,2.55947,2.55968,True,True
03933e8e29,Rb4Na2YHoSb4,1.3857,C222_1,orthorhombic,17,Sb,51,-3.0,-0.44075,-0.00025,0.00108,0.00016,-0.44053,0.00013,-0.00085,0.00025,-0.44032,-0.44053,0.00144,0.00194,2.55947,2.55968,True,True,2.55947,2.55968,True,True
03933e8e29,Rb4Na2YHoSb4,1.3857,C222_1,orthorhombic,18,Sb,51,-3.0,-0.47887,-0.00024,-0.00091,0.00016,-0.47866,-0.00023,0.00119,-0.0001,-0.47845,-0.47866,0.00155,0.0021,2.52134,2.52155,True,True,2.52134,2.52155,True,True
03933e8e29,Rb4Na2YHoSb4,1.3857,C222_1,orthorhombic,19,Sb,51,-3.0,-0.47887,-0.00016,0.00091,0.00024,-0.47866,0.0001,-0.00119,0.00023,-0.47845,-0.47866,0.00155,0.0021,2.52134,2.52155,True,True,2.52134,2.52155,True,True
03933e8e29,Rb4Na2YHoSb4,1.3857,C222_1,orthorhombic,20,Sb,51,-3.0,-0.54663,-0.00017,0.00109,-0.00015,-0.54981,-0.0004,-0.00061,-0.00033,-0.54663,-0.54769,0.00137,0.0017,2.45231,2.45337,True,True,2.4523099999999998,2.45337,True,True
03933e8e29,Rb4Na2YHoSb4,1.3857,C222_1,orthorhombic,21,Sb,51,-3.0,-0.54663,0.00015,-0.00109,0.00017,-0.54981,0.00033,0.00061,0.0004,-0.54663,-0.54769,0.00137,0.0017,2.45231,2.45337,True,True,2.4523099999999998,2.45337,True,True
03933e8e29,Rb4Na2YHoSb4,1.3857,C222_1,orthorhombic,22,Sb,51,-3.0,-0.54873,0.00018,0.00072,0.0002,-0.54557,-0.00042,-0.00114,-0.00038,-0.54878,-0.54769,0.00149,0.00186,2.45231,2.45443,True,True,2.4523099999999998,2.45443,True,True
03933e8e29,Rb4Na2YHoSb4,1.3857,C222_1,orthorhombic,23,Sb,51,-3.0,-0.54873,-0.0002,-0.00072,-0.00018,-0.54557,0.00038,0.00114,0.00042,-0.54878,-0.54769,0.00149,0.00186,2.45231,2.45443,True,True,2.4523099999999998,2.45443,True,True
039710cdf1,SrTc4Hg7O20,1.9166,P-1,triclinic,1,Tc,43,6.25,3.12404,-0.02186,-0.00056,-0.02179,3.09304,-0.00043,-0.00046,-8e-05,3.12464,3.11391,0.03088,0.00035,3.13609,3.15696,True,True,3.13609,3.15696,True,True
039710cdf1,SrTc4Hg7O20,1.9166,P-1,triclinic,2,Tc,43,6.25,3.079,0.02048,-0.00155,0.02036,3.05739,-0.00052,-0.0016,-0.00032,3.07869,3.07169,0.02897,0.0002,3.17831,3.19261,True,True,3.17831,3.19261,True,True
039710cdf1,SrTc4Hg7O20,1.9166,P-1,triclinic,3,Tc,43,6.25,3.06469,-0.02036,0.0016,-0.02048,3.08599,-0.00052,0.00155,-0.00032,3.06438,3.07169,0.02897,0.0002,3.17831,3.18562,True,True,3.17831,3.18562,True,True
039710cdf1,SrTc4Hg7O20,1.9166,P-1,triclinic,4,Tc,43,6.25,3.10317,0.02179,0.00046,0.02186,3.13478,-0.00043,0.00056,-8e-05,3.10378,3.11391,0.03088,0.00035,3.13609,3.14683,True,True,3.13609,3.14683,True,True
039b109506,KRbNb2(CuSe2)4,1.4686,Pm,monoclinic,2,Nb,41,5.0,1.89555,0.00116,0.00121,0.00012,1.89533,0.00015,0.00121,-0.00015,1.89511,1.89533,0.00208,0.00103,3.10467,3.10489,True,True,3.10467,3.10489,True,True
039b109506,KRbNb2(CuSe2)4,1.4686,Pm,monoclinic,3,Nb,41,5.0,1.90853,0.00083,-0.00016,5e-05,1.90843,0.00012,-0.00016,-0.00012,1.90834,1.90843,0.00088,0.00078,3.09157,3.09166,True,True,3.09157,3.09166,True,True
039b549650,KRb3ZrPtI12,1.0691,P2,monoclinic,5,Pt,78,4.0,1.73461,-0.0001,-0.0,0.0001,1.74915,-3e-05,-0.0,3e-05,1.73463,1.73946,0.00015,0.0002,2.26054,2.26539,True,True,2.2605399999999998,2.26539,True,True
039ec2e6f6,Cs14PaNbAs8,0.6147,Pm,monoclinic,14,Pa,91,5.0,1.18676,0.00017,-0.00056,0.00042,1.1871,-4e-05,-0.00056,4e-05,1.18743,1.1871,0.00091,0.00025,3.8129,3.81324,True,True,3.8129,3.81324,True,True
039ec2e6f6,Cs14PaNbAs8,0.6147,Pm,monoclinic,15,Nb,41,5.0,0.16906,9e-05,1e-05,-6e-05,0.16912,-4e-05,1e-05,4e-05,0.16919,0.16912,0.00013,0.00015,4.83088,4.83094,True,True,4.83088,4.83094,True,True
03a0c2b801,Gd2TmTaO7,2.8115,C2,monoclinic,12,O,8,-2.0,0.01903,0.00138,0.00062,-0.00037,0.01937,-4e-05,0.0026,0.00011,0.0197,0.01937,0.00304,0.00198,2.01937,2.0197,True,True,2.01937,2.0197,True,True
03a0c2b801,Gd2TmTaO7,2.8115,C2,monoclinic,20,O,8,-2.0,0.35586,0.00104,-0.00578,-0.00023,0.35629,-0.00024,-0.00587,-0.00022,0.35673,0.35629,0.00831,0.00128,2.35629,2.35673,True,True,2.35629,2.3567299999999998,True,True
03a461c406,Ba2HoFeO5,2.8402,P2_1/c,monoclinic,12,Fe,26,3.0,-0.27251,0.00017,-0.00037,-0.00026,-0.2925,-0.00019,0.00067,-5e-05,-0.27302,-0.27934,0.00085,0.00104,3.27934,3.2925,True,True,3.27934,3.2925,True,True
03a461c406,Ba2HoFeO5,2.8402,P2_1/c,monoclinic,13,Fe,26,3.0,-0.27302,0.00017,-0.00067,-0.00026,-0.2925,5e-05,0.00037,0.00019,-0.27251,-0.27934,0.00085,0.00104,3.27934,3.2925,True,True,3.27934,3.2925,True,True
03a461c406,Ba2HoFeO5,2.8402,P2_1/c,monoclinic,14,Fe,26,3.0,-0.28567,0.00026,-0.00067,-0.00017,-0.26618,-0.00019,0.00037,-5e-05,-0.28618,-0.27934,0.00085,0.00104,3.27934,3.28618,True,True,3.27934,3.28618,True,True
03a461c406,Ba2HoFeO5,2.8402,P2_1/c,monoclinic,15,Fe,26,3.0,-0.28617,0.00026,-0.00037,-0.00017,-0.26618,5e-05,0.00067,0.00019,-0.28567,-0.27934,0.00085,0.00104,3.27934,3.28617,True,True,3.27934,3.28617,True,True
03a71e491a,NaTbH6Ru,2.5488,F-43m,cubic,8,Ru,44,2.0,-0.18555,0.0,-0.0,-0.0,-0.18555,0.0,0.0,0.0,-0.18555,-0.18555,0.0,0.0,2.18555,2.18555,True,True,2.18555,2.18555,True,True
03a8976ed1,Fe3Sb2Br3ClO4,2.4978,C2/m,monoclinic,0,Fe,26,2.0,-0.05631,0.00086,0.00185,-0.00093,-0.00158,0.00145,0.00261,0.00121,-0.05677,-0.03822,0.00392,0.00178,2.03822,2.05677,True,True,2.03822,2.05677,True,True
03a8976ed1,Fe3Sb2Br3ClO4,2.4978,C2/m,monoclinic,1,Fe,26,2.0,-0.02379,0.00092,0.00187,-0.00086,-0.07935,-0.0012,0.00272,-0.00145,-0.02318,-0.04211,0.00401,0.00178,2.04211,2.07935,True,True,2.04211,2.07935,True,True
03a8976ed1,Fe3Sb2Br3ClO4,2.4978,C2/m,monoclinic,4,Fe,26,2.0,-0.01652,0.00092,-0.00268,-0.00086,-0.07292,0.00144,-0.0019,0.0012,-0.01713,-0.03552,0.00398,0.00178,2.03552,2.07292,True,True,2.03552,2.07292,True,True
03a8976ed1,Fe3Sb2Br3ClO4,2.4978,C2/m,monoclinic,5,Fe,26,2.0,-0.05204,0.00086,-0.00267,-0.00092,0.00338,-0.00121,-0.00183,-0.00145,-0.05151,-0.03339,0.00395,0.00178,2.03339,2.05204,True,True,2.03339,2.05204,True,True
03a8976ed1,Fe3Sb2Br3ClO4,2.4978,C2/m,monoclinic,6,Sb,51,3.0,0.82065,4e-05,0.00201,0.00074,0.89241,1e-05,-0.00195,0.0001,0.82058,0.84455,0.0029,0.00396,2.15545,2.17942,True,True,2.15545,2.17942,True,True
03a8976ed1,Fe3Sb2Br3ClO4,2.4978,C2/m,monoclinic,7,Sb,51,3.0,0.86314,-0.00075,0.002,-4e-05,0.79173,1e-05,-0.00196,0.0001,0.86315,0.83934,0.0029,0.00396,2.16066,2.20827,True,True,2.16066,2.2082699999999997,True,True
03a8976ed1,Fe3Sb2Br3ClO4,2.4978,C2/m,monoclinic,22,O,8,-2.0,0.05658,-0.00012,-0.00072,0.00091,0.10917,-6e-05,0.00072,9e-05,0.0566,0.07411,0.00137,0.00144,2.07411,2.10917,True,True,2.07411,2.10917,True,True
03a8976ed1,Fe3Sb2Br3ClO4,2.4978,C2/m,monoclinic,23,O,8,-2.0,0.09874,-0.00092,-0.00069,0.00014,0.04603,-8e-05,0.00074,6e-05,0.09869,0.08115,0.00138,0.00143,2.08115,2.09874,True,True,2.08115,2.09874,True,True
03a8976ed1,Fe3Sb2Br3ClO4,2.4978,C2/m,monoclinic,24,O,8,-2.0,0.19162,-0.00061,0.00127,0.00026,0.23432,-1e-05,-0.00127,1e-05,0.19161,0.20585,0.00192,0.00254,2.20585,2.23432,True,True,2.20585,2.23432,True,True
03a8976ed1,Fe3Sb2Br3ClO4,2.4978,C2/m,monoclinic,25,O,8,-2.0,0.2192,-0.00028,0.00126,0.00063,0.17643,-1e-05,-0.00128,1e-05,0.21914,0.20492,0.00192,0.00254,2.20492,2.2192,True,True,2.20492,2.2192,True,True
03a8e5798c,Cs4Na2SmHoSb4,1.441,C222_1,orthorhombic,12,Sm,62,3.0,-0.17027,2e-05,-0.00014,-0.00017,-0.16961,-3e-05,-4e-05,-0.00017,-0.16895,-0.16961,0.00028,0.00019,3.16961,3.17027,True,True,3.16961,3.17027,True,True
03a8e5798c,Cs4Na2SmHoSb4,1.441,C222_1,orthorhombic,13,Sm,62,3.0,-0.17026,0.00017,0.00014,-2e-05,-0.16961,0.00017,4e-05,3e-05,-0.16895,-0.16961,0.00028,0.00019,3.16961,3.17026,True,True,3.16961,3.17026,True,True
03a8e5798c,Cs4Na2SmHoSb4,1.441,C222_1,orthorhombic,14,Ho,67,3.0,-0.32283,0.00026,0.00013,-5e-05,-0.32224,-1e-05,0.00015,-0.00012,-0.32166,-0.32224,0.00035,0.00031,3.32224,3.32283,True,True,3.32224,3.32283,True,True
03a8e5798c,Cs4Na2SmHoSb4,1.441,C222_1,orthorhombic,15,Ho,67,3.0,-0.32283,5e-05,-0.00013,-0.00026,-0.32225,0.00012,-0.00015,1e-05,-0.32167,-0.32225,0.00035,0.00031,3.32225,3.32283,True,True,3.32225,3.32283,True,True
03a8e5798c,Cs4Na2SmHoSb4,1.441,C222_1,orthorhombic,16,Sb,51,-3.0,-0.51123,-8e-05,-0.00074,0.00023,-0.51045,-0.00028,0.00102,-0.00019,-0.50967,-0.51045,0.00133,0.00176,2.48955,2.49033,True,True,2.48955,2.49033,True,True
03a8e5798c,Cs4Na2SmHoSb4,1.441,C222_1,orthorhombic,17,Sb,51,-3.0,-0.51123,-0.00023,0.00074,8e-05,-0.51045,0.00019,-0.00102,0.00028,-0.50967,-0.51045,0.00133,0.00176,2.48955,2.49033,True,True,2.48955,2.49033,True,True
03a8e5798c,Cs4Na2SmHoSb4,1.441,C222_1,orthorhombic,18,Sb,51,-3.0,-0.67289,-0.00022,-0.00077,8e-05,-0.67236,-0.00014,0.00043,-5e-05,-0.67182,-0.67236,0.00092,0.00119,2.32764,2.32818,True,True,2.32764,2.32818,True,True
03a8e5798c,Cs4Na2SmHoSb4,1.441,C222_1,orthorhombic,19,Sb,51,-3.0,-0.67289,-8e-05,0.00077,0.00022,-0.67235,5e-05,-0.00043,0.00014,-0.67182,-0.67236,0.00092,0.00119,2.32764,2.32818,True,True,2.32764,2.32818,True,True
03a8e5798c,Cs4Na2SmHoSb4,1.441,C222_1,orthorhombic,20,Sb,51,-3.0,-0.67201,-0.00027,0.0008,-0.00011,-0.67359,4e-05,-0.00097,2e-05,-0.67169,-0.67243,0.00129,0.00177,2.32757,2.32831,True,True,2.32757,2.32831,True,True
03a8e5798c,Cs4Na2SmHoSb4,1.441,C222_1,orthorhombic,21,Sb,51,-3.0,-0.67201,0.00011,-0.0008,0.00027,-0.67359,-2e-05,0.00097,-4e-05,-0.67169,-0.67243,0.00129,0.00177,2.32757,2.32831,True,True,2.32757,2.32831,True,True
03a8e5798c,Cs4Na2SmHoSb4,1.441,C222_1,orthorhombic,22,Sb,51,-3.0,-0.67337,6e-05,0.00065,0.00018,-0.67127,-0.00025,-0.0005,-0.00016,-0.67265,-0.67243,0.00089,0.00115,2.32757,2.32873,True,True,2.32757,2.32873,True,True
03a8e5798c,Cs4Na2SmHoSb4,1.441,C222_1,orthorhombic,23,Sb,51,-3.0,-0.67337,-0.00018,-0.00065,-6e-05,-0.67127,0.00016,0.0005,0.00025,-0.67265,-0.67243,0.00089,0.00115,2.32757,2.32873,True,True,2.32757,2.32873,True,True
03acf354a7,CsNa3FeO4,0.4139,P-1,triclinic,16,Fe,26,4.0,-1.00825,0.00026,0.00053,-0.00071,-1.01845,0.00077,-0.00085,0.00096,-1.00644,-1.01105,0.00176,0.00138,5.01105,5.01845,True,True,5.01105,5.01845,True,True
03acf354a7,CsNa3FeO4,0.4139,P-1,triclinic,17,Fe,26,4.0,-1.01566,0.00071,0.00085,-0.00026,-1.00365,0.00077,-0.00053,0.00096,-1.01385,-1.01105,0.00176,0.00138,5.01105,5.01566,True,True,5.01105,5.0156600000000005,True,True
03acf354a7,CsNa3FeO4,0.4139,P-1,triclinic,18,Fe,26,4.0,-0.68131,-0.00048,-0.00052,-5e-05,-0.67411,-0.00076,-0.00017,-0.00071,-0.68447,-0.67996,0.00127,0.00043,4.67996,4.68447,True,True,4.67996,4.68447,True,True
03acf354a7,CsNa3FeO4,0.4139,P-1,triclinic,19,Fe,26,4.0,-0.67546,5e-05,0.00017,0.00048,-0.68581,-0.00076,0.00052,-0.00071,-0.67862,-0.67996,0.00127,0.00043,4.67996,4.68581,True,True,4.67996,4.68581,True,True
03b6381cf7,TbHo5ScFeO12,2.9104,P1,triclinic,7,Fe,26,3.0,-0.51805,9e-05,-0.00032,8e-05,-0.53432,-0.00014,-0.00104,-9e-05,-0.5192,-0.52386,0.00111,0.00072,3.52386,3.53432,True,True,3.52386,3.53432,True,True
03b7fcd88a,Ba6CaMn3NiO15,1.404,R3,trigonal,9,Mn,25,4.0,1.79183,-0.00021,0.00233,-0.00021,1.75957,3e-05,-0.0001,1e-05,1.79584,1.78241,0.00235,0.00243,2.21759,2.24043,True,True,2.21759,2.24043,True,True
03b7fcd88a,Ba6CaMn3NiO15,1.404,R3,trigonal,10,Ni,28,4.0,1.84602,0.00021,0.00194,0.00019,1.86309,0.00052,-0.00253,0.00048,1.85142,1.85351,0.00328,0.00447,2.14649,2.15398,True,True,2.14649,2.15398,True,True
03bc003439,Ca14Sn(GeAs6)2,0.7642,R3,trigonal,16,Ge,32,3.0,0.65111,0.00086,0.00098,0.00085,0.70624,0.00061,8e-05,0.00058,0.65193,0.66976,0.00177,0.0009,2.33024,2.34889,True,True,2.33024,2.34889,True,True
03bedd85fb,TiAg2(BrO3)6,1.7689,P3,trigonal,3,Br,35,5.0,2.48309,0.00111,0.00017,0.00028,2.47246,0.00099,-0.00222,0.00159,2.48527,2.48027,0.00313,0.00239,2.51973,2.52754,True,True,2.51973,2.52754,True,True
03bedd85fb,TiAg2(BrO3)6,1.7689,P3,trigonal,4,Br,35,5.0,2.48451,0.00406,-0.00108,0.00419,2.47637,-0.00065,-0.00098,-0.00041,2.48007,2.48031,0.00606,0.00024,2.51969,2.52363,True,True,2.51969,2.52363,True,True
03bedd85fb,TiAg2(BrO3)6,1.7689,P3,trigonal,5,Br,35,5.0,2.47329,-0.00436,-0.00217,-0.00528,2.49206,-0.00087,0.00012,-0.00064,2.47555,2.4803,0.00726,0.00229,2.5197,2.52671,True,True,2.5197,2.52671,True,True
03bedd85fb,TiAg2(BrO3)6,1.7689,P3,trigonal,6,Br,35,5.0,2.68303,-0.0059,-0.00012,-0.00581,2.68558,0.00092,-0.00046,0.00158,2.67922,2.68261,0.00849,0.00065,2.31739,2.32078,True,True,2.31739,2.32078,True,True
03bedd85fb,TiAg2(BrO3)6,1.7689,P3,trigonal,7,Br,35,5.0,2.67603,0.00691,0.00064,0.00768,2.69142,-7e-05,-0.00123,0.00022,2.68028,2.68258,0.01043,0.00187,2.31742,2.32397,True,True,2.31742,2.32397,True,True
03bedd85fb,TiAg2(BrO3)6,1.7689,P3,trigonal,8,Br,35,5.0,2.68873,-0.00141,-0.00139,-0.00148,2.6708,-0.00149,0.00081,-0.00117,2.6883,2.68261,0.00321,0.0022,2.31739,2.3292,True,True,2.31739,2.3292,True,True
03bfa8f034,Ba8Si15Ge,0.8836,Pm,monoclinic,23,Ge,32,4.0,-0.91839,-8e-05,0.00012,8e-05,-0.92626,-0.00033,0.00012,-0.00028,-0.91839,-0.92101,0.00048,0.00016,4.92101,4.92626,True,True,4.92101,4.92626,True,True
03c0d7f19e,TaCd2Sb3(PbO7)2,1.9583,C2/m,monoclinic,0,Ta,73,5.0,7.27215,-0.00054,-0.00215,0.00054,7.27211,-0.00298,0.00215,-0.00225,7.27206,7.27211,0.00488,0.0043,2.27211,2.27215,True,True,2.2721099999999996,2.27215,True,True
03c6c169d6,Ca4HoTm(RuO6)2,0.2179,P-1,triclinic,6,Ru,44,5.0,-0.59116,-0.00024,-0.00018,0.00024,-0.59146,-0.00029,0.00018,-0.00072,-0.59175,-0.59146,0.00088,0.00048,5.59146,5.59175,True,True,5.59146,5.59175,True,True
03c6c169d6,Ca4HoTm(RuO6)2,0.2179,P-1,triclinic,7,Ru,44,5.0,-0.74896,-0.00026,8e-05,0.00026,-0.74857,0.0007,-8e-05,0.00028,-0.74818,-0.74857,0.00085,0.00053,5.74857,5.74896,True,True,5.74857,5.74896,True,True
03c7185819,Sr3V2WO9,1.1807,C2/m,monoclinic,6,V,23,3.0,6.20224,0.00035,3e-05,-0.00035,6.19881,-0.00098,-3e-05,-0.00016,6.19538,6.19881,0.00111,0.00082,3.19881,3.20224,True,True,3.19881,3.2022399999999998,True,True
03c7185819,Sr3V2WO9,1.1807,C2/m,monoclinic,7,V,23,3.0,5.97585,0.00066,-0.00151,-0.0011,5.98188,0.00059,-0.00162,0.00044,5.98219,5.97998,0.00266,0.00176,2.97998,2.98219,True,True,2.9799800000000003,2.98219,True,True
03c7185819,Sr3V2WO9,1.1807,C2/m,monoclinic,8,V,23,3.0,5.97776,0.0011,0.00162,-0.00066,5.97807,0.00059,0.00151,0.00044,5.9841,5.97998,0.00266,0.00176,2.97998,2.9841,True,True,2.9799800000000003,2.9840999999999998,True,True
03c7185819,Sr3V2WO9,1.1807,C2/m,monoclinic,9,V,23,3.0,6.35859,6e-05,0.00028,-6e-05,6.35864,0.00118,-0.00028,0.00154,6.3587,6.35865,0.00198,0.00056,3.35865,3.3587,True,True,3.35865,3.3587,True,True
03ca0d7f50,Y4MnCo3(CuO5)4,0.1054,P2,monoclinic,4,Mn,25,4.0,1.91445,-0.00043,-0.00036,0.00045,1.90688,-4e-05,-0.00016,-5e-05,1.91401,1.91178,0.00073,0.00087,2.08822,2.09312,True,True,2.0882199999999997,2.09312,True,True
03ca0d7f50,Y4MnCo3(CuO5)4,0.1054,P2,monoclinic,6,Co,27,4.0,0.91746,-0.0006,0.00021,0.00063,0.92085,-0.00012,0.00045,5e-05,0.91716,0.91849,0.00101,0.00122,3.08151,3.08284,True,True,3.0815099999999997,3.08284,True,True
03ca0d7f50,Y4MnCo3(CuO5)4,0.1054,P2,monoclinic,20,O,8,-2.0,0.07549,-0.00943,7e-05,-0.00925,0.14044,0.00251,-0.00342,0.00228,0.08203,0.09932,0.01406,0.00349,2.09932,2.14044,True,True,2.09932,2.14044,True,True
03ca0d7f50,Y4MnCo3(CuO5)4,0.1054,P2,monoclinic,21,O,8,-2.0,0.104,0.00811,0.00327,0.00847,0.04637,0.00197,-0.0003,0.00173,0.11277,0.08772,0.01246,0.00357,2.08772,2.11277,True,True,2.08772,2.11277,True,True
03ca1bc072,LiMnPtO4,0.8131,Imma,orthorhombic,8,Pt,78,4.0,1.57762,-7e-05,-0.00061,7e-05,1.57998,-0.00075,0.00064,-0.00021,1.58149,1.5797,0.00118,0.00125,2.4203,2.42238,True,True,2.4203,2.42238,True,True
03ca1bc072,LiMnPtO4,0.8131,Imma,orthorhombic,9,Pt,78,4.0,1.58036,-7e-05,-0.00063,7e-05,1.58297,-0.00075,0.00061,-0.00022,1.58424,1.58252,0.00118,0.00124,2.41748,2.41964,True,True,2.4174800000000003,2.4196400000000002,True,True
03ca1bc072,LiMnPtO4,0.8131,Imma,orthorhombic,10,Pt,78,4.0,1.57966,-0.00025,0.00162,0.00023,1.5805,-6e-05,-0.00161,-0.00034,1.58311,1.58109,0.00233,0.00323,2.41891,2.42034,True,True,2.41891,2.42034,True,True
03ca1bc072,LiMnPtO4,0.8131,Imma,orthorhombic,11,Pt,78,4.0,1.57934,-0.00024,0.00166,0.00024,1.58057,-6e-05,-0.00156,-0.00034,1.58279,1.5809,0.00233,0.00322,2.4191,2.42066,True,True,2.4191000000000003,2.42066,True,True
03cafecf99,Rb12NbV3Se16,1.357,Pm,monoclinic,12,Nb,41,5.0,2.621,0.00038,0.00028,-0.00037,2.62053,0.00011,0.00028,-0.00011,2.62005,2.62053,0.00068,0.00075,2.37947,2.37995,True,True,2.37947,2.37995,True,True
03cafecf99,Rb12NbV3Se16,1.357,Pm,monoclinic,13,V,23,5.0,1.92195,0.00035,0.00071,-0.00039,1.92231,6e-05,0.00071,-6e-05,1.92267,1.92231,0.00114,0.00074,3.07769,3.07805,True,True,3.07769,3.07805,True,True
03cafecf99,Rb12NbV3Se16,1.357,Pm,monoclinic,14,V,23,5.0,1.96188,0.00037,-0.00077,-0.00026,1.96226,7e-05,-0.00077,-7e-05,1.96265,1.96226,0.00118,0.00064,3.03774,3.03812,True,True,3.0377400000000003,3.03812,True,True
03cafecf99,Rb12NbV3Se16,1.357,Pm,monoclinic,15,V,23,5.0,2.01309,0.0002,-0.00071,-0.00028,2.01267,0.0001,-0.00071,-0.0001,2.01224,2.01267,0.00107,0.00048,2.98733,2.98776,True,True,2.98733,2.98776,True,True
03cb3815a5,K3Na2HfAs3,1.0047,Cmce,orthorhombic,20,Hf,72,4.0,1.76919,0.0,-0.0005,-0.00021,1.76946,0.0001,-0.00085,6e-05,1.76974,1.76946,0.00101,0.00034,2.23054,2.23081,True,True,2.23054,2.23081,True,True
03cb3815a5,K3Na2HfAs3,1.0047,Cmce,orthorhombic,21,Hf,72,4.0,1.76919,0.00021,0.0005,-0.0,1.76947,-6e-05,0.00085,-0.0001,1.76974,1.76947,0.00101,0.00034,2.23053,2.23081,True,True,2.23053,2.23081,True,True
03cb3815a5,K3Na2HfAs3,1.0047,Cmce,orthorhombic,22,Hf,72,4.0,1.76919,0.00021,0.00085,-0.0,1.76947,0.0001,0.0005,6e-05,1.76974,1.76947,0.00101,0.00034,2.23053,2.23081,True,True,2.23053,2.23081,True,True
03cb3815a5,K3Na2HfAs3,1.0047,Cmce,orthorhombic,23,Hf,72,4.0,1.76919,0.0,-0.00085,-0.00021,1.76946,-6e-05,-0.0005,-0.0001,1.76974,1.76946,0.00101,0.00034,2.23054,2.23081,True,True,2.23054,2.23081,True,True
03cd6350ca,Ni4Sb7WO24,1.1641,C2,monoclinic,11,W,74,4.0,6.29371,1e-05,-0.0,0.00089,6.29375,0.00138,-1e-05,0.0014,6.29371,6.29373,0.00216,0.00088,2.29373,2.29375,True,True,2.29373,2.29375,True,True
03d0341795,Dy4VPt3F28,1.9968,P1,triclinic,4,V,23,4.0,7.26414,-0.00055,0.00014,-0.00087,7.27048,0.00031,0.00044,-0.00048,7.26478,7.26647,0.00127,0.00079,3.26647,3.27048,True,True,3.26647,3.27048,True,True
03d5e00088,Sr12Si5Ge3P16,0.9796,P1,triclinic,12,Si,14,3.0,-0.04425,-0.00087,0.00021,0.00016,-0.08589,0.00093,0.00072,0.00059,-0.04062,-0.05692,0.0016,0.00103,3.05692,3.08589,True,True,3.05692,3.08589,True,True
03d5e00088,Sr12Si5Ge3P16,0.9796,P1,triclinic,13,Si,14,4.0,-0.4436,0.00031,-0.00032,0.00057,-0.41622,-0.00136,3e-05,-0.00181,-0.44756,-0.43579,0.00238,0.00044,4.43579,4.44756,True,True,4.43579,4.44756,True,True
03d5e00088,Sr12Si5Ge3P16,0.9796,P1,triclinic,14,Si,14,4.0,-0.42504,0.00027,-0.00014,0.00057,-0.39579,0.00169,0.00024,0.00125,-0.4214,-0.41407,0.00221,0.00044,4.41407,4.42504,True,True,4.41407,4.42504,True,True
03d5e00088,Sr12Si5Ge3P16,0.9796,P1,triclinic,15,Si,14,4.0,-0.22129,-0.00064,-0.00016,-0.00043,-0.23186,-0.00108,0.00026,-0.00156,-0.22506,-0.22607,0.00206,0.00048,4.22607,4.23186,True,True,4.22607,4.23186,True,True
03d5e00088,Sr12Si5Ge3P16,0.9796,P1,triclinic,16,Si,14,3.0,0.62816,-0.00095,-0.00183,0.00016,0.66567,0.00058,0.00042,0.00037,0.6303,0.64138,0.00221,0.00224,2.35862,2.37184,True,True,2.35862,2.3718399999999997,True,True
03d5e00088,Sr12Si5Ge3P16,0.9796,P1,triclinic,30,P,15,-3.0,-0.9561,-0.00059,-0.00063,0.0011,-0.94013,-0.00023,0.001,-7e-05,-0.9534,-0.94987,0.00173,0.00169,2.05013,2.05987,True,True,2.0501300000000002,2.05987,True,True
03d6b90561,ScH6Ir,0.658,R-3m,trigonal,7,Ir,77,3.0,0.50849,-0.00117,-0.00023,0.00116,0.50683,0.00309,0.00023,0.00284,0.50517,0.50683,0.00452,0.00233,2.49317,2.49483,True,True,2.49317,2.49483,True,True
03d90034be,SrCa5Co2(SeO3)8,3.1415,C2,monoclinic,8,Se,34,4.0,1.96509,-0.00469,-0.00039,-0.00499,1.86474,-0.00034,0.00084,-0.00072,1.96202,1.93062,0.00695,0.00123,2.06938,2.13526,True,True,2.0693799999999998,2.1352599999999997,True,True
03d90034be,SrCa5Co2(SeO3)8,3.1415,C2,monoclinic,9,Se,34,4.0,1.88235,-0.03391,-0.00025,-0.03356,1.91245,-0.00119,-0.00037,-0.00076,1.87985,1.89155,0.04773,0.00043,2.10845,2.12015,True,True,2.10845,2.1201499999999998,True,True
03d90034be,SrCa5Co2(SeO3)8,3.1415,C2,monoclinic,10,Se,34,4.0,2.06562,0.00425,-0.00021,0.00417,1.97499,0.00072,-0.00078,0.00034,2.06817,2.03626,0.00606,0.00057,1.96374,2.02501,True,True,1.96374,2.02501,True,True
03d90034be,SrCa5Co2(SeO3)8,3.1415,C2,monoclinic,11,Se,34,4.0,1.90226,0.03529,0.00093,0.0353,1.87064,0.00063,0.00075,0.0006,1.9017,1.89153,0.04994,0.00018,2.10847,2.12936,True,True,2.10847,2.12936,True,True
03d90034be,SrCa5Co2(SeO3)8,3.1415,C2,monoclinic,13,Se,34,4.0,1.89602,-5e-05,0.00071,4e-05,1.99653,0.00119,0.00042,0.00082,1.89941,1.93065,0.00166,0.00038,2.06935,2.10398,True,True,2.06935,2.10398,True,True
03d90034be,SrCa5Co2(SeO3)8,3.1415,C2,monoclinic,14,Se,34,4.0,2.01698,0.0108,0.00085,0.01101,1.99386,-0.00111,0.00019,-0.00055,2.01489,2.00858,0.0155,0.00066,1.99142,2.00614,True,True,1.9914200000000002,2.0061400000000003,True,True
03d9c56365,Mg2Ta3Nb(SbRh)6,0.884,P1,triclinic,2,Ta,73,1.0,3.97335,-0.0009,-0.00035,-0.00114,3.93771,0.00022,0.0007,0.00021,3.97495,3.962,0.00168,0.00106,2.962,2.97495,True,True,2.962,2.97495,True,True
03d9c56365,Mg2Ta3Nb(SbRh)6,0.884,P1,triclinic,3,Ta,73,1.0,3.93294,-0.0014,-0.00108,-0.00141,3.91716,0.00069,1e-05,0.00062,3.9347,3.92827,0.00244,0.0011,2.92827,2.9347,True,True,2.92827,2.9347,True,True
03d9c56365,Mg2Ta3Nb(SbRh)6,0.884,P1,triclinic,4,Ta,73,1.0,4.03344,0.00026,0.00055,2e-05,4.05294,9e-05,5e-05,6e-05,4.03174,4.03937,0.00062,0.0005,3.03937,3.05294,True,True,3.03937,3.0529400000000004,True,True
03d9c56365,Mg2Ta3Nb(SbRh)6,0.884,P1,triclinic,5,Nb,41,1.0,3.71284,0.00123,0.00039,0.00074,3.71491,-0.0004,-0.00083,-0.0003,3.71222,3.71333,0.00178,0.00122,2.71333,2.71491,True,True,2.71333,2.71491,True,True
03d9c56365,Mg2Ta3Nb(SbRh)6,0.884,P1,triclinic,6,Sb,51,-2.0,0.29714,0.0007,-0.00207,0.00064,0.41508,-8e-05,-0.00046,-9e-05,0.2958,0.33601,0.00232,0.00161,2.33601,2.41508,True,True,2.33601,2.41508,True,True
03d9c56365,Mg2Ta3Nb(SbRh)6,0.884,P1,triclinic,7,Sb,51,-2.0,0.22842,-1e-05,6e-05,0.0005,0.16614,0.00019,-0.00029,-1e-05,0.22817,0.20758,0.00061,0.00051,2.20758,2.22842,True,True,2.20758,2.22842,True,True
03d9c56365,Mg2Ta3Nb(SbRh)6,0.884,P1,triclinic,8,Sb,51,-3.0,0.58438,0.00072,0.00054,0.0011,0.41117,0.00016,0.00068,7e-05,0.58323,0.52626,0.00158,0.00037,3.52626,3.58438,True,True,3.5262599999999997,3.58438,True,True
03d9c56365,Mg2Ta3Nb(SbRh)6,0.884,P1,triclinic,9,Sb,51,-2.0,0.46833,0.00018,0.00186,-0.00019,0.48674,-3e-05,0.00048,-0.00021,0.46931,0.47479,0.00195,0.00138,2.47479,2.48674,True,True,2.47479,2.48674,True,True
03d9c56365,Mg2Ta3Nb(SbRh)6,0.884,P1,triclinic,10,Sb,51,-3.0,0.40774,-0.00107,0.00069,-0.00105,0.48656,-0.00022,-2e-05,-2e-05,0.40919,0.4345,0.00167,0.00072,3.4345,3.48656,True,True,3.4345,3.48656,True,True
03d9c56365,Mg2Ta3Nb(SbRh)6,0.884,P1,triclinic,11,Sb,51,-2.0,0.23183,5e-05,-0.00158,-0.00038,0.29604,-8e-05,-0.00034,-0.00028,0.23072,0.25286,0.00169,0.00124,2.25286,2.29604,True,True,2.25286,2.29604,True,True
03d9c56365,Mg2Ta3Nb(SbRh)6,0.884,P1,triclinic,12,Rh,45,1.0,-4.20077,-0.00031,-0.001,0.00031,-3.95936,-0.0002,-0.00119,-0.00026,-4.20029,-4.12014,0.00164,0.00062,5.12014,5.20077,True,True,5.12014,5.20077,True,True
03d9c56365,Mg2Ta3Nb(SbRh)6,0.884,P1,triclinic,13,Rh,45,1.0,-3.93419,-0.00036,0.00089,-0.00012,-4.0241,0.00018,-0.00089,0.00019,-3.93396,-3.96408,0.00134,0.00178,4.96408,5.0241,True,True,4.96408,5.0241,True,True
03d9c56365,Mg2Ta3Nb(SbRh)6,0.884,P1,triclinic,14,Rh,45,1.0,-4.43065,-0.00021,0.00134,-7e-05,-4.56105,4e-05,-0.00035,0.00018,-4.42952,-4.47374,0.00141,0.00169,5.47374,5.56105,True,True,5.47374,5.56105,True,True
03d9c56365,Mg2Ta3Nb(SbRh)6,0.884,P1,triclinic,15,Rh,45,1.0,-3.98938,0.00092,-0.00445,0.00103,-4.1426,0.00025,-0.00372,0.00025,-3.99298,-4.04165,0.00597,0.00072,5.04165,5.1426,True,True,5.04165,5.1426,True,True
03d9c56365,Mg2Ta3Nb(SbRh)6,0.884,P1,triclinic,16,Rh,45,1.0,-3.24237,0.00056,0.00096,0.00085,-3.36994,0.0004,0.00291,0.00056,-3.24212,-3.28481,0.0033,0.00194,4.28481,4.36994,True,True,4.28481,4.36994,True,True
03d9c56365,Mg2Ta3Nb(SbRh)6,0.884,P1,triclinic,17,Rh,45,1.0,-2.9382,-0.00032,0.00242,-0.00057,-2.67342,-0.00027,0.00373,-0.00029,-2.93444,-2.84869,0.00451,0.00132,3.84869,3.9382,True,True,3.84869,3.9382,True,True
03e3278ab3,BaSb12Ir2OsRu,0.1244,P-1,triclinic,1,Sb,51,-1.5,2.31831,-0.00099,-0.00096,-0.00061,2.25601,-0.00021,-0.00035,-0.00029,2.31682,2.29705,0.00159,0.00061,3.79705,3.81831,True,True,3.79705,3.81831,True,True
03e3278ab3,BaSb12Ir2OsRu,0.1244,P-1,triclinic,2,Sb,51,-1.5,1.87886,0.00034,-0.00098,0.00079,1.83411,-3e-05,-0.0003,0.00014,1.88106,1.86468,0.00134,0.00068,3.36468,3.38106,True,True,3.36468,3.3810599999999997,True,True
03e3278ab3,BaSb12Ir2OsRu,0.1244,P-1,triclinic,3,Sb,51,-1.5,1.85683,-0.00084,-0.00017,-0.00087,1.87868,-0.00031,-0.00032,-0.0002,1.85552,1.86368,0.00131,0.00016,3.36368,3.37868,True,True,3.36368,3.37868,True,True
03e3278ab3,BaSb12Ir2OsRu,0.1244,P-1,triclinic,4,Sb,51,-1.5,0.87332,0.00022,-0.00055,-0.00021,0.84275,0.0002,-0.0013,-2e-05,0.87254,0.86287,0.00146,0.00075,2.36287,2.37332,True,True,2.36287,2.37332,True,True
03e3278ab3,BaSb12Ir2OsRu,0.1244,P-1,triclinic,5,Sb,51,-1.5,2.27646,-0.00065,0.00094,-0.0009,2.33514,-0.00025,0.00087,0.00023,2.27723,2.29628,0.00173,0.00047,3.79628,3.83514,True,True,3.79628,3.83514,True,True
03e3278ab3,BaSb12Ir2OsRu,0.1244,P-1,triclinic,6,Sb,51,-1.5,3.33295,-0.00071,0.00189,-0.00079,3.23982,0.00051,0.00152,0.00021,3.33366,3.30214,0.00271,0.00037,4.80214,4.83366,True,True,4.80214,4.83366,True,True
03e3278ab3,BaSb12Ir2OsRu,0.1244,P-1,triclinic,7,Sb,51,-1.5,2.31532,0.0009,-0.00087,0.00065,2.25741,-0.00025,-0.00094,0.00023,2.3161,2.29628,0.00173,0.00047,3.79628,3.8161,True,True,3.79628,3.8161,True,True
03e3278ab3,BaSb12Ir2OsRu,0.1244,P-1,triclinic,8,Sb,51,-1.5,0.8532,0.00021,0.0013,-0.00022,0.88299,0.0002,0.00055,-2e-05,0.85243,0.86287,0.00146,0.00075,2.36287,2.38299,True,True,2.36287,2.38299,True,True
03e3278ab3,BaSb12Ir2OsRu,0.1244,P-1,triclinic,9,Sb,51,-1.5,3.27063,0.00079,-0.00152,0.00071,3.36447,0.00051,-0.00189,0.00021,3.27133,3.30214,0.00271,0.00037,4.80214,4.86447,True,True,4.80214,4.86447,True,True
03e3278ab3,BaSb12Ir2OsRu,0.1244,P-1,triclinic,10,Sb,51,-1.5,1.87184,0.00087,0.00032,0.00084,1.84867,-0.00031,0.00017,-0.0002,1.87052,1.86368,0.00131,0.00016,3.36368,3.37184,True,True,3.36368,3.3718399999999997,True,True
03e3278ab3,BaSb12Ir2OsRu,0.1244,P-1,triclinic,11,Sb,51,-1.5,1.84829,-0.00079,0.0003,-0.00034,1.89524,-3e-05,0.00098,0.00014,1.85049,1.86468,0.00134,0.00068,3.36468,3.39524,True,True,3.36468,3.3952400000000003,True,True
03e3278ab3,BaSb12Ir2OsRu,0.1244,P-1,triclinic,12,Sb,51,-1.5,2.27728,0.00061,0.00035,0.00099,2.33808,-0.00021,0.00096,-0.00029,2.27578,2.29705,0.00159,0.00061,3.79705,3.83808,True,True,3.79705,3.83808,True,True
03e3278ab3,BaSb12Ir2OsRu,0.1244,P-1,triclinic,13,Ir,77,4.0,-6.43738,0.00035,-0.00038,-0.00035,-6.43805,-0.00011,0.00038,-0.00027,-6.43873,-6.43805,0.00079,0.00077,10.43805,10.43873,True,True,10.43805,10.43873,True,True
03e3278ab3,BaSb12Ir2OsRu,0.1244,P-1,triclinic,14,Ir,77,4.0,-6.43827,-2e-05,0.00077,2e-05,-6.43802,1e-05,-0.00077,5e-05,-6.43777,-6.43802,0.0011,0.00155,10.43802,10.43827,True,True,10.43802,10.43827,True,True
03e3278ab3,BaSb12Ir2OsRu,0.1244,P-1,triclinic,15,Os,76,4.0,-6.90095,-3e-05,-0.0006,3e-05,-6.90203,6e-05,0.0006,0.00011,-6.90311,-6.90203,0.00086,0.0012,10.90203,10.90311,True,True,10.90203,10.90311,True,True
03e3278ab3,BaSb12Ir2OsRu,0.1244,P-1,triclinic,16,Ru,44,4.0,-6.96523,-0.00057,0.00032,0.00057,-6.9641,6e-05,-0.00032,2e-05,-6.96296,-6.9641,0.00092,0.00113,10.9641,10.96523,True,True,10.9641,10.96523,True,True
03ed40f0fd,K2Mg3(SeO3)4,4.5909,C2/m,monoclinic,5,Se,34,4.0,1.75889,-0.0244,0.0009,-0.02345,1.79448,-0.00034,0.00038,-0.00041,1.75933,1.7709,0.03386,0.00096,2.2291,2.24111,True,True,2.2291,2.24111,True,True
03ed40f0fd,K2Mg3(SeO3)4,4.5909,C2/m,monoclinic,6,Se,34,4.0,1.87373,0.02017,0.00042,0.01963,1.89487,0.00039,0.00116,0.00107,1.87321,1.8806,0.02819,0.00074,2.1194,2.12679,True,True,2.1193999999999997,2.1267899999999997,True,True
03ed40f0fd,K2Mg3(SeO3)4,4.5909,C2/m,monoclinic,7,Se,34,4.0,1.88799,-0.01962,-0.00116,-0.02017,1.86634,0.00039,-0.00042,0.00107,1.88747,1.8806,0.02819,0.00074,2.1194,2.13366,True,True,2.1193999999999997,2.13366,True,True
03ed40f0fd,K2Mg3(SeO3)4,4.5909,C2/m,monoclinic,8,Se,34,4.0,1.78242,0.02345,-0.00038,0.0244,1.74726,-0.00034,-0.0009,-0.00041,1.78286,1.77085,0.03386,0.00096,2.22915,2.25274,True,True,2.2291499999999997,2.25274,True,True
03f4c3152c,BaH12(IrPb)2,1.8463,P-3m1,trigonal,0,Ba,56,2.0,4.51362,0.00177,0.0,-0.00177,4.51362,-0.00029,-0.0,0.00029,4.51362,4.51362,0.00254,0.00355,2.51362,2.51362,True,True,2.5136200000000004,2.5136200000000004,True,True
03f4c3152c,BaH12(IrPb)2,1.8463,P-3m1,trigonal,13,Ir,77,3.0,-2.84422,0.00286,0.0,-0.00284,-2.95484,0.0002,0.0,-0.0002,-2.84422,-2.8811,0.00404,0.0057,5.8811,5.95484,True,True,5.8811,5.95484,True,True
03f4c3152c,BaH12(IrPb)2,1.8463,P-3m1,trigonal,14,Ir,77,3.0,-2.91797,0.00284,-0.0,-0.00286,-2.80736,0.0002,-0.0,-0.0002,-2.91797,-2.8811,0.00404,0.0057,5.8811,5.91797,True,True,5.8811,5.91797,True,True
03f58e2518,Ba2MgMn6NiO16,1.1052,R-3m,trigonal,4,Mn,25,4.0,1.79341,-0.00049,-0.0008,0.00049,1.7948,-0.00086,0.00082,-0.00094,1.79613,1.79478,0.00185,0.00163,2.20522,2.20659,True,True,2.2052199999999997,2.2065900000000003,True,True
03f58e2518,Ba2MgMn6NiO16,1.1052,R-3m,trigonal,6,Mn,25,4.0,1.79422,-9e-05,-0.0011,8e-05,1.79491,0.0001,0.00109,0.00024,1.79559,1.79491,0.00158,0.00219,2.20509,2.20578,True,True,2.20509,2.20578,True,True
03f58e2518,Ba2MgMn6NiO16,1.1052,R-3m,trigonal,8,Mn,25,4.0,1.79556,-6e-05,-0.00141,5e-05,1.79405,0.00077,0.00138,0.0007,1.79256,1.79406,0.00223,0.00279,2.20594,2.20744,True,True,2.20594,2.20744,True,True
03fa857a23,GdHO,2.535,F-43m,cubic,0,Gd,64,3.0,0.6091,-0.0,0.0,-0.0,0.6091,-0.0,0.0,-0.0,0.6091,0.6091,0.0,0.0,2.3909,2.3909,True,True,2.3909000000000002,2.3909000000000002,True,True
03ff0e8775,Sr4AgH12Ir,2.0186,Cmmm,orthorhombic,17,Ir,77,3.0,-1.19011,0.0009,-0.0,-0.0009,-1.19046,-7e-05,0.0,8e-05,-1.19081,-1.19046,0.00128,0.0018,4.19046,4.19081,True,True,4.19046,4.19081,True,True
03ff3e16ae,ZnH12(IrPb)2,2.0591,P3m1,trigonal,13,Ir,77,3.0,-1.83035,0.00046,-0.0,-0.00046,-1.29545,0.00013,-0.0,-0.00013,-1.83035,-1.65205,0.00068,0.00092,4.65205,4.83035,True,True,4.65205,4.83035,True,True
03ff3e16ae,ZnH12(IrPb)2,2.0591,P3m1,trigonal,14,Ir,77,3.0,-3.57759,-0.00028,0.0,0.00028,-3.50039,-0.00017,0.0,0.00017,-3.57759,-3.55186,0.00046,0.00056,6.55186,6.57759,True,True,6.55186,6.57759,True,True
03ff3e16ae,ZnH12(IrPb)2,2.0591,P3m1,trigonal,15,Pb,82,2.0,4.77892,-0.00068,0.0,0.00068,5.01144,7e-05,0.0,-7e-05,4.77892,4.85643,0.00096,0.00136,2.85643,3.01144,True,True,2.8564299999999996,3.0114400000000003,True,True
03ff3e16ae,ZnH12(IrPb)2,2.0591,P3m1,trigonal,16,Pb,82,2.0,4.37957,0.00133,0.0,-0.00133,3.24346,0.0001,0.0,-0.0001,4.37957,4.00087,0.00189,0.00267,2.00087,2.37957,True,True,2.00087,2.37957,True,True
03ff87c9c2,Cs4Sr(AsS4)2,2.0273,P-1,triclinic,10,As,33,5.0,2.43297,-8e-05,0.00041,0.00025,2.40256,-5e-05,0.00037,-2e-05,2.43259,2.42271,0.00061,0.00032,2.57729,2.59744,True,True,2.57729,2.59744,True,True
03ff87c9c2,Cs4Sr(AsS4)2,2.0273,P-1,triclinic,11,As,33,5.0,2.41282,-0.00025,-0.00037,8e-05,2.44285,-5e-05,-0.00041,-2e-05,2.41244,2.4227,0.00061,0.00032,2.5773,2.58756,True,True,2.5773,2.58756,True,True
03ff87c9c2,Cs4Sr(AsS4)2,2.0273,P-1,triclinic,12,As,33,5.0,2.21743,-0.00013,-0.00047,-0.00012,2.17406,-8e-05,-0.00045,-0.00012,2.21767,2.20305,0.00069,4e-05,2.79695,2.82594,True,True,2.79695,2.82594,True,True
03ff87c9c2,Cs4Sr(AsS4)2,2.0273,P-1,triclinic,13,As,33,5.0,2.18844,0.00012,0.00045,0.00013,2.23204,-8e-05,0.00047,-0.00012,2.18868,2.20305,0.00069,4e-05,2.79695,2.81156,True,True,2.79695,2.81156,True,True
04060ae98d,BaCa3(CoH5)4,1.406,P1,triclinic,0,Ba,56,2.0,4.23246,-0.00514,-0.00096,-0.00798,4.21555,-0.00122,0.00462,-0.00051,4.22711,4.22504,0.01068,0.00558,2.22504,2.23246,True,True,2.22504,2.2324599999999997,True,True
04060ae98d,BaCa3(CoH5)4,1.406,P1,triclinic,4,Co,27,3.0,-0.77535,0.14164,-0.00348,0.1471,-0.88457,-0.0006,-0.00143,9e-05,-0.77519,-0.8117,0.20424,0.00547,3.8117,3.88457,True,True,3.8117,3.88457,True,True
04060ae98d,BaCa3(CoH5)4,1.406,P1,triclinic,5,Co,27,3.0,-2.61026,-0.33993,0.00151,-0.34312,-2.45913,0.00023,-0.00474,0.00011,-2.60799,-2.55913,0.48301,0.00625,5.55913,5.61026,True,True,5.55913,5.61026,True,True
04060ae98d,BaCa3(CoH5)4,1.406,P1,triclinic,6,Co,27,3.0,-2.12635,0.05428,-0.00082,0.05809,-2.04249,-0.00032,-0.00164,-2e-05,-2.12812,-2.09899,0.07953,0.00382,5.09899,5.12812,True,True,5.098990000000001,5.12812,True,True
04060ae98d,BaCa3(CoH5)4,1.406,P1,triclinic,7,Co,27,3.0,-3.59391,-0.13124,-0.00507,-0.13327,-3.93601,-0.00048,-0.00082,-0.00047,-3.59713,-3.70902,0.18712,0.00425,6.70902,6.93601,True,True,6.709020000000001,6.93601,True,True
04060ae98d,BaCa3(CoH5)4,1.406,P1,triclinic,15,H,1,-1.0,1.28299,0.25161,-0.02266,0.2543,1.19403,0.00288,-0.02073,-2e-05,1.28126,1.25276,0.35907,0.0029,2.25276,2.28299,True,True,2.2527600000000003,2.28299,True,True
04060ae98d,BaCa3(CoH5)4,1.406,P1,triclinic,19,H,1,-1.0,1.57427,0.08665,0.0156,0.0901,1.39212,-0.0016,0.02001,-0.00102,1.56433,1.51024,0.12757,0.00441,2.51024,2.57427,True,True,2.51024,2.5742700000000003,True,True
04060ae98d,BaCa3(CoH5)4,1.406,P1,triclinic,22,H,1,-1.0,1.88572,0.09478,0.00365,0.09367,1.95559,0.00342,-0.00631,0.00297,1.87529,1.90553,0.13353,0.00995,2.90553,2.95559,True,True,2.9055299999999997,2.95559,True,True
04060ae98d,BaCa3(CoH5)4,1.406,P1,triclinic,25,H,1,-1.0,1.46599,-0.074,-0.00227,-0.07256,1.97628,-8e-05,-0.00559,0.00047,1.47179,1.63802,0.10381,0.00332,2.63802,2.97628,True,True,2.63802,2.97628,True,True
04060ae98d,BaCa3(CoH5)4,1.406,P1,triclinic,27,H,1,-1.0,2.7301,-0.0539,-0.0045,-0.04861,2.21995,0.00213,-0.0022,0.00186,2.73213,2.56073,0.07281,0.00529,3.56073,3.73213,True,True,3.56073,3.73213,True,True
04087937fb,TiCu6MoS8,0.7175,P-4m2,tetragonal,0,Ti,22,4.0,1.30617,-2e-05,-0.0,2e-05,1.30617,-1e-05,-0.0,1e-05,1.30617,1.30617,4e-05,5e-05,2.69383,2.69383,True,True,2.69383,2.69383,True,True
04087937fb,TiCu6MoS8,0.7175,P-4m2,tetragonal,7,Mo,42,4.0,-0.35453,4e-05,0.0,-4e-05,-0.35453,-0.0,0.0,0.0,-0.35453,-0.35453,5e-05,8e-05,4.35453,4.35453,True,True,4.3545300000000005,4.3545300000000005,True,True
041035847d,Cs6In(IrBr6)3,1.4263,P3m1,trigonal,7,Ir,77,3.0,0.44592,-1e-05,0.0,1e-05,0.44873,2e-05,0.0,-2e-05,0.44592,0.44685,3e-05,4e-05,2.55315,2.55408,True,True,2.55315,2.55408,True,True
041035847d,Cs6In(IrBr6)3,1.4263,P3m1,trigonal,8,Ir,77,3.0,-0.52099,-7e-05,-0.0,7e-05,-0.40559,1e-05,-0.0,-1e-05,-0.52099,-0.48252,0.0001,0.00014,3.48252,3.52099,True,True,3.48252,3.52099,True,True
041035847d,Cs6In(IrBr6)3,1.4263,P3m1,trigonal,9,Ir,77,3.0,-0.4482,-8e-05,-0.0,8e-05,-0.57499,1e-05,-0.0,-1e-05,-0.4482,-0.49046,0.00012,0.00017,3.49046,3.57499,True,True,3.49046,3.57499,True,True
04131a3026,Sr6MgNi(PdO6)2,2.0002,R32,trigonal,8,Pd,46,4.0,1.74647,0.00041,0.00129,0.00041,1.73147,0.0009,-0.00049,0.0009,1.7454,1.74111,0.00196,0.00177,2.25889,2.26853,True,True,2.25889,2.26853,True,True
04131a3026,Sr6MgNi(PdO6)2,2.0002,R32,trigonal,9,Pd,46,4.0,1.73444,-0.00041,0.00048,-0.00042,1.74846,0.0009,-0.00128,0.0009,1.73333,1.73874,0.00196,0.00177,2.26126,2.26667,True,True,2.26126,2.26667,True,True
0416f6193e,La3Tb3FeBr10,0.7104,P1,triclinic,6,Fe,26,2.0,-6.13085,-0.00048,0.00108,0.00024,-6.11306,0.00046,-0.00077,0.00066,-6.12969,-6.12453,0.00164,0.00185,8.12453,8.13085,True,True,8.12453,8.130849999999999,True,True
042272ef3f,K3Ba3YSb4,1.3758,P6_3mc,hexagonal,12,Y,39,3.0,-0.84572,-7e-05,0.0,7e-05,-0.86034,-0.0,-0.0,0.0,-0.84572,-0.8506,0.0001,0.00014,3.8506,3.86034,True,True,3.8506,3.86034,True,True
042272ef3f,K3Ba3YSb4,1.3758,P6_3mc,hexagonal,13,Y,39,3.0,-0.84572,-7e-05,-0.0,7e-05,-0.86034,-0.0,0.0,0.0,-0.84572,-0.8506,0.0001,0.00014,3.8506,3.86034,True,True,3.8506,3.86034,True,True
042272ef3f,K3Ba3YSb4,1.3758,P6_3mc,hexagonal,14,Sb,51,-3.0,-0.96428,-0.00018,-0.00125,-4e-05,-0.97514,-0.00016,-4e-05,-0.00017,-0.96884,-0.96942,0.00128,0.00121,2.03058,2.03572,True,True,2.03058,2.03572,True,True
042272ef3f,K3Ba3YSb4,1.3758,P6_3mc,hexagonal,15,Sb,51,-3.0,-0.96885,-0.00018,4e-05,-4e-05,-0.97514,0.00017,0.00125,0.00016,-0.96429,-0.96943,0.00128,0.00121,2.03057,2.03571,True,True,2.03057,2.03571,True,True
042272ef3f,K3Ba3YSb4,1.3758,P6_3mc,hexagonal,16,Sb,51,-3.0,-0.96657,4e-05,0.00121,0.0004,-0.97514,2e-05,-0.00121,-2e-05,-0.96657,-0.96943,0.00176,0.00242,2.03057,2.03343,True,True,2.03057,2.03343,True,True
042272ef3f,K3Ba3YSb4,1.3758,P6_3mc,hexagonal,17,Sb,51,-3.0,-0.96428,4e-05,0.00125,0.00018,-0.97514,0.00017,4e-05,0.00016,-0.96885,-0.96942,0.00128,0.00121,2.03058,2.03572,True,True,2.03058,2.03572,True,True
042272ef3f,K3Ba3YSb4,1.3758,P6_3mc,hexagonal,18,Sb,51,-3.0,-0.96885,4e-05,-4e-05,0.00018,-0.97514,-0.00016,-0.00125,-0.00017,-0.96429,-0.96943,0.00128,0.00121,2.03057,2.03571,True,True,2.03057,2.03571,True,True
042272ef3f,K3Ba3YSb4,1.3758,P6_3mc,hexagonal,19,Sb,51,-3.0,-0.96657,-0.0004,-0.00121,-4e-05,-0.97514,2e-05,0.00121,-2e-05,-0.96657,-0.96943,0.00176,0.00242,2.03057,2.03343,True,True,2.03057,2.03343,True,True
0422f63b5b,Fe3Ni(Se2O5)4,2.5918,P2,monoclinic,0,Fe,26,2.0,-1.53181,-0.00012,0.0,0.00012,-1.58698,7e-05,-0.0,-7e-05,-1.53091,-1.5499,0.0002,0.00024,3.5499,3.58698,True,True,3.5499,3.58698,True,True
0422f63b5b,Fe3Ni(Se2O5)4,2.5918,P2,monoclinic,1,Fe,26,2.0,-0.031,0.0,-0.0,-0.0,0.0234,0.00017,-0.0,-0.00017,-0.03153,-0.01305,0.00024,0.00034,2.01305,2.03153,True,True,2.01305,2.03153,True,True
0422f63b5b,Fe3Ni(Se2O5)4,2.5918,P2,monoclinic,2,Fe,26,2.0,-1.28582,9e-05,0.0,-9e-05,-1.18079,7e-05,0.0,-7e-05,-1.28452,-1.25037,0.00016,0.00018,3.25037,3.28582,True,True,3.25037,3.28582,True,True
0422f63b5b,Fe3Ni(Se2O5)4,2.5918,P2,monoclinic,5,Se,34,4.0,1.70775,-0.00101,0.00121,-0.00039,1.70192,8e-05,0.00069,-0.00046,1.71202,1.70723,0.00182,0.00062,2.29277,2.29808,True,True,2.29277,2.2980799999999997,True,True
0422f63b5b,Fe3Ni(Se2O5)4,2.5918,P2,monoclinic,6,Se,34,4.0,1.70775,0.00039,-0.00121,0.00101,1.70192,0.00046,-0.00069,-8e-05,1.71202,1.70723,0.00182,0.00062,2.29277,2.29808,True,True,2.29277,2.2980799999999997,True,True
0422f63b5b,Fe3Ni(Se2O5)4,2.5918,P2,monoclinic,24,O,8,-2.0,0.57121,-0.01861,-0.0045,-0.01794,0.48583,0.00087,-0.00344,0.00181,0.56985,0.5423,0.02654,0.00105,2.5423,2.57121,True,True,2.5423,2.5712099999999998,True,True
0422f63b5b,Fe3Ni(Se2O5)4,2.5918,P2,monoclinic,25,O,8,-2.0,0.78998,0.01257,1e-05,0.01211,0.86763,-0.00196,0.00045,-0.00123,0.79155,0.81638,0.01761,0.00072,2.81638,2.86763,True,True,2.81638,2.86763,True,True
0422f63b5b,Fe3Ni(Se2O5)4,2.5918,P2,monoclinic,26,O,8,-2.0,0.78997,-0.01211,-1e-05,-0.01257,0.86762,0.00123,-0.00045,0.00196,0.79155,0.81638,0.01761,0.00072,2.81638,2.86762,True,True,2.81638,2.86762,True,True
0422f63b5b,Fe3Ni(Se2O5)4,2.5918,P2,monoclinic,27,O,8,-2.0,0.57121,0.01794,0.0045,0.01861,0.48584,-0.00181,0.00344,-0.00087,0.56985,0.5423,0.02655,0.00105,2.5423,2.57121,True,True,2.5423,2.5712099999999998,True,True
0422f63b5b,Fe3Ni(Se2O5)4,2.5918,P2,monoclinic,28,O,8,-2.0,0.04645,0.02616,-0.00324,0.02564,0.07738,-0.00036,-0.00332,0.00053,0.04472,0.05618,0.03693,0.0009,2.05618,2.07738,True,True,2.05618,2.07738,True,True
0422f63b5b,Fe3Ni(Se2O5)4,2.5918,P2,monoclinic,29,O,8,-2.0,0.49883,-0.0213,-0.00031,-0.0222,0.42103,-0.00188,0.00029,-0.00099,0.50008,0.47332,0.03084,0.00091,2.47332,2.50008,True,True,2.47332,2.50008,True,True
0422f63b5b,Fe3Ni(Se2O5)4,2.5918,P2,monoclinic,30,O,8,-2.0,0.49883,0.0222,0.00031,0.0213,0.42103,0.00099,-0.00029,0.00188,0.50008,0.47332,0.03084,0.00091,2.47332,2.50008,True,True,2.47332,2.50008,True,True
0422f63b5b,Fe3Ni(Se2O5)4,2.5918,P2,monoclinic,31,O,8,-2.0,0.04645,-0.02564,0.00324,-0.02616,0.07738,-0.00053,0.00332,0.00036,0.04472,0.05618,0.03693,0.0009,2.05618,2.07738,True,True,2.05618,2.07738,True,True
04243268d9,Ca4Mn3Fe(SiO4)4,2.6399,P-1,triclinic,7,Fe,26,2.0,-1.26281,4e-05,0.00055,-4e-05,-1.26191,0.00248,-0.00055,0.002,-1.26101,-1.26191,0.00328,0.0011,3.26191,3.26281,True,True,3.2619100000000003,3.26281,True,True
04243268d9,Ca4Mn3Fe(SiO4)4,2.6399,P-1,triclinic,9,Si,14,4.0,1.714,0.00584,-0.00026,0.00601,1.71751,-0.00317,-0.00064,-0.00198,1.71442,1.71531,0.0092,0.00119,2.28469,2.286,True,True,2.2846900000000003,2.286,True,True
04243268d9,Ca4Mn3Fe(SiO4)4,2.6399,P-1,triclinic,10,Si,14,4.0,1.7162,-0.00601,0.00064,-0.00584,1.7131,-0.00317,0.00026,-0.00198,1.71662,1.7153,0.0092,0.00119,2.2847,2.2869,True,True,2.2847,2.2869,True,True
0425f781f0,Rb3Re2Br10N,0.4211,P4/mnc,tetragonal,6,Re,75,5.0,2.63861,0.0003,0.0,-0.0003,2.6639,3e-05,0.0,-3e-05,2.63861,2.64704,0.00043,0.0006,2.35296,2.36139,True,True,2.35296,2.36139,True,True
0425f781f0,Rb3Re2Br10N,0.4211,P4/mnc,tetragonal,7,Re,75,5.0,2.63861,0.0003,0.0,-0.0003,2.66389,3e-05,0.0,-3e-05,2.63861,2.64703,0.00043,0.0006,2.35297,2.36139,True,True,2.35297,2.36139,True,True
0425f781f0,Rb3Re2Br10N,0.4211,P4/mnc,tetragonal,8,Re,75,5.0,2.65547,0.0003,0.0,-0.0003,2.63018,3e-05,0.0,-3e-05,2.65547,2.64704,0.00043,0.0006,2.35296,2.36982,True,True,2.35296,2.36982,True,True
0425f781f0,Rb3Re2Br10N,0.4211,P4/mnc,tetragonal,9,Re,75,5.0,2.65546,0.0003,0.0,-0.0003,2.63018,3e-05,0.0,-3e-05,2.65546,2.64703,0.00043,0.0006,2.35297,2.36982,True,True,2.35297,2.36982,True,True
0425f781f0,Rb3Re2Br10N,0.4211,P4/mnc,tetragonal,30,N,7,-3.0,-0.58956,0.001,-0.0,-0.001,-0.58956,0.00031,-0.0,-0.00031,-0.58956,-0.58956,0.00149,0.00201,2.41044,2.41044,True,True,2.41044,2.41044,True,True
0425f781f0,Rb3Re2Br10N,0.4211,P4/mnc,tetragonal,31,N,7,-3.0,-0.58956,0.001,-0.0,-0.001,-0.58956,0.00031,-0.0,-0.00031,-0.58956,-0.58956,0.00149,0.00201,2.41044,2.41044,True,True,2.41044,2.41044,True,True
0426c0fde2,Sr(FeCl4)2,1.2492,P2/c,monoclinic,2,Fe,26,3.0,0.06206,0.00012,0.00037,5e-05,0.06616,4e-05,0.00036,0.00011,0.0613,0.06318,0.00054,7e-05,2.93682,2.9387,True,True,2.93682,2.9387,True,True
0426c0fde2,Sr(FeCl4)2,1.2492,P2/c,monoclinic,3,Fe,26,3.0,0.06505,-5e-05,-0.00036,-0.00012,0.06019,4e-05,-0.00037,0.00011,0.06429,0.06318,0.00054,7e-05,2.93682,2.93981,True,True,2.93682,2.93981,True,True
0426c0fde2,Sr(FeCl4)2,1.2492,P2/c,monoclinic,4,Fe,26,3.0,0.06429,-5e-05,0.00037,-0.00012,0.06019,-0.00011,0.00036,-4e-05,0.06505,0.06318,0.00054,7e-05,2.93682,2.93981,True,True,2.93682,2.93981,True,True
0426c0fde2,Sr(FeCl4)2,1.2492,P2/c,monoclinic,5,Fe,26,3.0,0.0613,0.00012,-0.00036,5e-05,0.06616,-0.00011,-0.00037,-4e-05,0.06206,0.06318,0.00054,7e-05,2.93682,2.9387,True,True,2.93682,2.9387,True,True
0426e7159d,Tb4Y2PdI10,0.3918,P-1,triclinic,6,Pd,46,2.0,-6.03404,6e-05,0.00022,-6e-05,-6.03395,7e-05,-0.00022,0.00012,-6.03387,-6.03395,0.00035,0.00043,8.03395,8.03404,True,True,8.03395,8.034040000000001,True,True
043053116d,Tb3Pr2YCoI10,0.1603,P1,triclinic,6,Co,27,1.0,-6.97309,0.0,0.00037,-5e-05,-6.97359,0.00022,-0.00038,0.00046,-6.97352,-6.9734,0.00074,0.00075,7.9734,7.97359,True,True,7.9734,7.97359,True,True
0430c9de92,HRuPb2F10,1.1126,P-1,triclinic,1,Ru,44,5.0,2.74335,-0.00024,-0.00065,0.00026,2.74261,0.00023,0.00071,7e-05,2.74301,2.74299,0.00105,0.00136,2.25701,2.25739,True,True,2.25701,2.25739,True,True
043233727a,Rb4Ru2Cl10O,0.6251,I4/mmm,tetragonal,4,Ru,44,4.0,1.53341,0.00257,0.00137,0.0025,1.46952,0.00056,-0.00105,0.00088,1.53263,1.51185,0.00411,0.00243,2.48815,2.53048,True,True,2.48815,2.53048,True,True
043233727a,Rb4Ru2Cl10O,0.6251,I4/mmm,tetragonal,5,Ru,44,4.0,1.49112,-0.0025,0.00105,-0.00257,1.55422,0.00056,-0.00137,0.00088,1.49033,1.51189,0.00412,0.00243,2.48811,2.50967,True,True,2.48811,2.50967,True,True
043233727a,Rb4Ru2Cl10O,0.6251,I4/mmm,tetragonal,16,O,8,-2.0,1.15154,0.00207,0.0046,-0.00207,1.1555,-0.01123,-0.0046,-0.01234,1.15946,1.1555,0.01815,0.0092,3.1555,3.15946,True,True,3.1555,3.15946,True,True
0433e5c732,K2Rb4ScGaAs4,0.4593,I222,orthorhombic,7,Ga,31,3.0,0.96025,5e-05,-0.00031,-5e-05,0.96041,0.00044,0.00031,0.00028,0.96057,0.96041,0.00069,0.00062,2.03959,2.03975,True,True,2.03959,2.0397499999999997,True,True
0435eda151,Na2Ce2CuAuSe6,0.532,Amm2,orthorhombic,0,Na,11,1.0,3.42201,-0.00013,-0.0002,-2e-05,3.42188,1e-05,-0.0002,-1e-05,3.42176,3.42188,0.00031,0.00011,2.42188,2.42201,True,True,2.42188,2.42201,True,True
0435eda151,Na2Ce2CuAuSe6,0.532,Amm2,orthorhombic,1,Na,11,1.0,3.01439,0.00014,0.00054,-5e-05,3.01412,-2e-05,0.00054,2e-05,3.01385,3.01412,0.00078,0.00019,2.01412,2.01439,True,True,2.01412,2.01439,True,True
0435eda151,Na2Ce2CuAuSe6,0.532,Amm2,orthorhombic,5,Au,79,3.0,-0.11404,-0.00025,-9e-05,-0.00053,-0.11402,-4e-05,-9e-05,4e-05,-0.11399,-0.11402,0.00061,0.00028,3.11402,3.11404,True,True,3.11402,3.11404,True,True
043a302fc6,IBr5F6,1.6135,C2/c,monoclinic,0,I,53,-1.0,3.1134,-0.00022,-4e-05,-6e-05,3.11456,3e-05,-0.00023,2e-05,3.11571,3.11456,0.00033,0.00018,4.11456,4.11571,True,True,4.11456,4.11571,True,True
043a302fc6,IBr5F6,1.6135,C2/c,monoclinic,1,I,53,-1.0,3.1134,6e-05,0.00023,0.00022,3.11456,3e-05,4e-05,2e-05,3.11571,3.11456,0.00033,0.00018,4.11456,4.11571,True,True,4.11456,4.11571,True,True
045269ad3b,Cs2Ni2PdSe4,0.8335,C2/m,monoclinic,4,Pd,46,2.0,-0.18174,6e-05,-9e-05,-6e-05,-0.1828,-3e-05,9e-05,1e-05,-0.18386,-0.1828,0.00016,0.00019,2.1828,2.18386,True,True,2.1828,2.18386,True,True
045a87ba5b,Cs8BeCr3Se10,0.2255,P1,triclinic,9,Cr,24,3.0,0.08733,-0.0,-6e-05,-0.0001,0.11167,6e-05,5e-05,8e-05,0.08807,0.09569,0.00017,0.00011,2.90431,2.91267,True,True,2.90431,2.91267,True,True
045a87ba5b,Cs8BeCr3Se10,0.2255,P1,triclinic,10,Cr,24,3.0,-0.01909,9e-05,-0.00128,5e-05,0.00299,-5e-05,-0.00026,-0.00013,-0.0183,-0.01147,0.00131,0.00102,3.01147,3.01909,True,True,3.01147,3.01909,True,True
045a87ba5b,Cs8BeCr3Se10,0.2255,P1,triclinic,11,Cr,24,3.0,0.75044,-0.00018,0.00098,-8e-05,0.76372,3e-05,0.00019,-0.0,0.75011,0.75476,0.00102,0.00079,2.24524,2.24989,True,True,2.24524,2.2498899999999997,True,True
045ac65a9b,K4Ba2TiSb4,1.0424,Cc,monoclinic,12,Ti,22,4.0,-1.44253,3e-05,-6e-05,0.00034,-1.42845,-0.0001,-0.00036,-8e-05,-1.44196,-1.43765,0.00051,0.00031,5.43765,5.44253,True,True,5.43765,5.44253,True,True
045ac65a9b,K4Ba2TiSb4,1.0424,Cc,monoclinic,13,Ti,22,4.0,-1.44272,-6e-05,0.00032,4e-05,-1.42845,6e-05,0.00023,4e-05,-1.44178,-1.43765,0.00041,0.0001,5.43765,5.44272,True,True,5.43765,5.44272,True,True
045ac65a9b,K4Ba2TiSb4,1.0424,Cc,monoclinic,18,Sb,51,-3.0,-0.8395,0.0001,0.001,0.00082,-0.85885,0.0004,0.00056,0.00051,-0.84001,-0.84612,0.00155,0.00072,2.15388,2.1605,True,True,2.15388,2.1605,True,True
045ac65a9b,K4Ba2TiSb4,1.0424,Cc,monoclinic,21,Sb,51,-3.0,-0.83948,-0.00115,-0.00116,-0.0004,-0.85885,-0.00039,-0.00021,-0.00011,-0.84002,-0.84612,0.00174,0.00094,2.15388,2.16052,True,True,2.15388,2.16052,True,True
0464ba093a,Rb9(NbAs3)2,0.5951,Pc,monoclinic,18,Nb,41,5.0,0.40759,-0.00127,0.00051,-0.00065,0.41448,-0.00033,0.00064,-0.0006,0.40974,0.4106,0.00178,0.00062,4.5894,4.59241,True,True,4.5894,4.59241,True,True
0464ba093a,Rb9(NbAs3)2,0.5951,Pc,monoclinic,19,Nb,41,5.0,0.40974,-0.00127,-0.00064,-0.00065,0.41448,0.0006,-0.00051,0.00033,0.40759,0.4106,0.00178,0.00062,4.5894,4.59241,True,True,4.5894,4.59241,True,True
0464ba093a,Rb9(NbAs3)2,0.5951,Pc,monoclinic,20,Nb,41,4.0,0.38792,0.00081,-0.00017,0.00137,0.38122,5e-05,0.00013,-7e-05,0.38582,0.38499,0.00161,0.00056,3.61501,3.61878,True,True,3.61501,3.61878,True,True
0464ba093a,Rb9(NbAs3)2,0.5951,Pc,monoclinic,21,Nb,41,4.0,0.38582,0.00081,-0.00013,0.00137,0.38122,7e-05,0.00017,-5e-05,0.38792,0.38498,0.00161,0.00056,3.61502,3.61878,True,True,3.61502,3.61878,True,True
0465c905d4,Sr3PrMn2Al2O10,0.5141,P1,triclinic,4,Mn,25,3.0,1.01725,-0.00052,-0.00029,-0.00032,0.98962,0.0004,-0.0001,0.00059,1.0171,1.00799,0.00098,0.0002,1.99201,2.01038,True,True,1.99201,2.01038,True,True
0466c45462,CsK11Mn4O16,1.9575,I-42m,tetragonal,12,Mn,25,5.0,1.25891,0.00375,0.00103,0.00342,1.26237,0.00023,0.0007,0.00015,1.25954,1.26027,0.00524,0.00032,3.73973,3.74109,True,True,3.7397299999999998,3.74109,True,True
0466c45462,CsK11Mn4O16,1.9575,I-42m,tetragonal,13,Mn,25,5.0,1.26692,0.00395,-0.00096,0.00334,1.25194,0.00012,-0.00015,0.00027,1.26626,1.26171,0.00527,0.00081,3.73829,3.74806,True,True,3.73829,3.7480599999999997,True,True
0466c45462,CsK11Mn4O16,1.9575,I-42m,tetragonal,14,Mn,25,5.0,1.25676,-0.00378,0.00058,-0.00383,1.2655,3e-05,0.00091,-2e-05,1.25759,1.25995,0.00549,0.00034,3.74005,3.74324,True,True,3.74005,3.74324,True,True
0466c45462,CsK11Mn4O16,1.9575,I-42m,tetragonal,15,Mn,25,5.0,1.25981,-0.00358,-0.00131,-0.00367,1.26348,-0.0004,-0.0008,-0.00024,1.2608,1.26136,0.00538,0.00051,3.73864,3.74019,True,True,3.73864,3.74019,True,True
04686e22e9,TaRuBr10,0.3259,P1,triclinic,0,Ta,73,5.0,2.81627,-8e-05,-0.00167,2e-05,2.81113,-0.00026,-0.00106,-0.00021,2.81831,2.81524,0.00201,0.00062,2.18476,2.18887,True,True,2.18476,2.18887,True,True
04686e22e9,TaRuBr10,0.3259,P1,triclinic,3,Ru,44,5.0,-0.63435,0.0003,0.00174,-0.00015,-0.63785,9e-05,0.00115,0.00022,-0.63384,-0.63534,0.00213,0.00059,5.63534,5.63785,True,True,5.63534,5.63785,True,True
04686e22e9,TaRuBr10,0.3259,P1,triclinic,4,Ru,44,5.0,-0.58118,0.00016,-0.00106,-0.00027,-0.59382,7e-05,-0.00166,0.00022,-0.58067,-0.58522,0.00201,0.0006,5.58522,5.59382,True,True,5.58522,5.59382,True,True
04686e22e9,TaRuBr10,0.3259,P1,triclinic,5,Ru,44,5.0,-0.01344,0.00012,0.00031,-8e-05,-0.02095,-0.00021,0.00108,-0.00022,-0.01269,-0.01569,0.00117,0.00077,5.01569,5.02095,True,True,5.01569,5.02095,True,True
04686e22e9,TaRuBr10,0.3259,P1,triclinic,8,Br,35,-1.0,1.23564,0.00025,0.00191,-0.00021,1.2334,-0.00011,-0.00146,-1e-05,1.23587,1.23497,0.00243,0.00338,2.23497,2.23587,True,True,2.2349699999999997,2.2358700000000002,True,True
04686e22e9,TaRuBr10,0.3259,P1,triclinic,12,Br,35,-1.0,1.54713,0.00022,-0.00135,0.00043,1.55121,-0.0002,0.00121,-0.00036,1.5479,1.54875,0.00192,0.00256,2.54875,2.55121,True,True,2.54875,2.55121,True,True
04686e22e9,TaRuBr10,0.3259,P1,triclinic,16,Br,35,-1.0,1.46364,-2e-05,0.00016,0.00021,1.46827,-0.00026,0.00114,-0.0005,1.46325,1.46505,0.0013,0.00098,2.46505,2.46827,True,True,2.4650499999999997,2.46827,True,True
04686e22e9,TaRuBr10,0.3259,P1,triclinic,23,Br,35,-1.0,1.09097,-5e-05,0.00054,-0.00045,1.10032,0.0,-0.00173,-9e-05,1.09274,1.09468,0.00187,0.00226,2.09468,2.10032,True,True,2.0946800000000003,2.10032,True,True
04686e22e9,TaRuBr10,0.3259,P1,triclinic,24,Br,35,-1.0,1.06013,-0.00054,0.00146,-0.00021,1.05723,0.00028,-0.00188,0.00032,1.06198,1.05978,0.00249,0.00334,2.05978,2.06198,True,True,2.05978,2.06198,True,True
04686e22e9,TaRuBr10,0.3259,P1,triclinic,25,Br,35,-1.0,1.03996,0.00047,0.00193,5e-05,1.03548,-0.0,-0.00032,-9e-05,1.04195,1.03913,0.00201,0.00225,2.03913,2.04195,True,True,2.03913,2.04195,True,True
04686e22e9,TaRuBr10,0.3259,P1,triclinic,26,Br,35,-1.0,1.32191,4e-05,-0.00105,0.00038,1.32055,-0.00021,0.00174,-0.00017,1.3218,1.32142,0.00209,0.00279,2.32142,2.32191,True,True,2.32142,2.32191,True,True
04686e22e9,TaRuBr10,0.3259,P1,triclinic,30,Br,35,-1.0,1.14113,4e-05,0.00079,0.00024,1.13935,0.00043,6e-05,0.00032,1.14084,1.14044,0.00099,0.00073,2.14044,2.14113,True,True,2.14044,2.14113,True,True
04686e22e9,TaRuBr10,0.3259,P1,triclinic,32,Br,35,-1.0,1.12633,-0.00024,-0.00011,-2e-05,1.13065,0.00048,-0.00086,0.0003,1.12596,1.12765,0.00106,0.00075,2.12765,2.13065,True,True,2.12765,2.13065,True,True
04686e22e9,TaRuBr10,0.3259,P1,triclinic,33,Br,35,-1.0,1.09688,0.00055,-0.00136,-6e-05,1.09984,-0.00018,0.00239,7e-05,1.09666,1.09779,0.00282,0.00376,2.09779,2.09984,True,True,2.09779,2.09984,True,True
04686e22e9,TaRuBr10,0.3259,P1,triclinic,34,Br,35,-1.0,2.76627,-0.00042,0.0002,0.00034,2.78094,-0.00052,0.0004,-0.00038,2.76226,2.76982,0.00095,0.00076,3.76982,3.78094,True,True,3.76982,3.78094,True,True
04686e22e9,TaRuBr10,0.3259,P1,triclinic,35,Br,35,-1.0,2.6788,-0.00029,-0.00018,0.00041,2.66204,-0.00054,-0.00016,-0.00038,2.67465,2.67183,0.00087,0.00071,3.67183,3.6788,True,True,3.67183,3.6788,True,True
046b5b2a63,GdMo(S2O7)4,0.6701,P1,triclinic,3,S,16,6.0,2.73308,0.0306,0.00053,0.03019,2.707,0.00431,0.00056,0.00425,2.73554,2.72521,0.04342,0.00042,3.27479,3.293,True,True,3.27479,3.293,True,True
046b5b2a63,GdMo(S2O7)4,0.6701,P1,triclinic,5,S,16,6.0,3.82977,-0.02591,0.00374,-0.02977,3.83033,0.0002,0.00356,0.00051,3.83907,3.83306,0.03981,0.00386,2.16694,2.17023,True,True,2.16694,2.17023,True,True
046b5b2a63,GdMo(S2O7)4,0.6701,P1,triclinic,6,S,16,6.0,3.82402,0.06003,-0.00241,0.06008,3.8487,-0.00081,-0.00495,-0.00082,3.83167,3.83479,0.08511,0.00254,2.16521,2.17598,True,True,2.16521,2.17598,True,True
046b5b2a63,GdMo(S2O7)4,0.6701,P1,triclinic,7,S,16,6.0,3.93415,-0.01079,0.00235,-0.0123,3.88885,0.00177,0.00426,0.00167,3.94064,3.92121,0.01724,0.00192,2.07879,2.11115,True,True,2.07879,2.11115,True,True
046b5b2a63,GdMo(S2O7)4,0.6701,P1,triclinic,9,S,16,6.0,2.67373,0.04323,-0.00183,0.04516,2.72539,0.00137,-0.00083,0.00212,2.67741,2.69218,0.0626,0.00193,3.30782,3.32627,True,True,3.30782,3.32627,True,True
046e76c9bd,K6FeCuSe26,0.0758,P-1,triclinic,6,Fe,26,3.0,-0.38721,0.0002,-0.00074,-0.0002,-0.38732,0.00061,0.00074,0.00061,-0.38743,-0.38732,0.00138,0.00148,3.38732,3.38743,True,True,3.38732,3.38743,True,True
047f1f8a93,Cs4Li2DyInAs4,1.0037,I222,orthorhombic,7,In,49,3.0,0.77324,-0.00013,0.00022,0.00013,0.77406,0.00012,-0.00022,0.00015,0.77488,0.77406,0.00041,0.00045,2.22594,2.22676,True,True,2.22594,2.22676,True,True
048e17f337,Cd4Ga6SO16,2.1892,I-4,tetragonal,10,S,16,6.0,2.70152,-1e-05,-1e-05,1e-05,2.70158,-0.0,1e-05,1e-05,2.70164,2.70158,2e-05,2e-05,3.29842,3.29848,True,True,3.29842,3.29848,True,True
0491cbdc95,Na8Zn3CoBr16,0.7932,Pm,monoclinic,11,Co,27,2.0,-0.17808,0.00022,-5e-05,-0.00022,-0.16888,-4e-05,-5e-05,-2e-05,-0.17808,-0.17502,0.00032,0.00044,2.17502,2.17808,True,True,2.17502,2.17808,True,True
0492d0e62f,YTm5(Cu3Sb4)2,0.3346,I-4,tetragonal,6,Cu,29,1.0,-2.02029,-0.00037,-5e-05,-0.00019,-2.021,-0.00049,3e-05,-0.00091,-2.02067,-2.02065,0.00112,0.00041,3.02065,3.021,True,True,3.02065,3.021,True,True
0492d0e62f,YTm5(Cu3Sb4)2,0.3346,I-4,tetragonal,7,Cu,29,1.0,-2.02326,-8e-05,-0.0003,0.00019,-2.01547,-0.00063,-0.00015,-0.00085,-2.02325,-2.02066,0.00113,0.00028,3.02066,3.02326,True,True,3.02066,3.02326,True,True
0492d0e62f,YTm5(Cu3Sb4)2,0.3346,I-4,tetragonal,8,Cu,29,1.0,-2.01727,0.00015,-0.00164,1e-05,-2.025,0.00027,0.00139,0.00052,-2.0197,-2.02066,0.00223,0.00303,3.02066,3.025,True,True,3.02066,3.025,True,True
0492d0e62f,YTm5(Cu3Sb4)2,0.3346,I-4,tetragonal,9,Cu,29,1.0,-2.01943,0.0002,-0.00114,9e-05,-2.02116,0.00037,0.00186,0.00042,-2.02138,-2.02066,0.00227,0.003,3.02066,3.02138,True,True,3.02066,3.02138,True,True
0492d0e62f,YTm5(Cu3Sb4)2,0.3346,I-4,tetragonal,10,Cu,29,1.0,-2.00057,8e-05,0.00141,-8e-05,-1.99939,0.00027,-0.00141,0.00044,-1.99821,-1.99939,0.00206,0.00282,2.99939,3.00057,True,True,2.99939,3.00057,True,True
0492d0e62f,YTm5(Cu3Sb4)2,0.3346,I-4,tetragonal,11,Cu,29,1.0,-1.97667,8e-05,0.00143,-8e-05,-1.97553,0.00027,-0.00143,0.00042,-1.97439,-1.97553,0.00208,0.00286,2.97553,2.97667,True,True,2.97553,2.97667,True,True
0492d0e62f,YTm5(Cu3Sb4)2,0.3346,I-4,tetragonal,12,Sb,51,-3.0,-0.69747,-0.00046,0.00166,0.00016,-0.65083,0.00081,0.00112,-0.00028,-0.69714,-0.68182,0.00223,0.00109,2.31818,2.34917,True,True,2.31818,2.34917,True,True
0492d0e62f,YTm5(Cu3Sb4)2,0.3346,I-4,tetragonal,13,Sb,51,-3.0,-0.66937,0.00074,-0.0,-0.00034,-0.7754,0.00052,-0.00013,-0.00059,-0.66888,-0.70455,0.00115,0.00112,2.29545,2.33112,True,True,2.2954499999999998,2.33112,True,True
0492d0e62f,YTm5(Cu3Sb4)2,0.3346,I-4,tetragonal,14,Sb,51,-3.0,-0.68672,0.00045,-0.00013,0.00055,-0.66332,-0.00073,-0.00154,0.00035,-0.69539,-0.68181,0.00189,0.00141,2.31819,2.33668,True,True,2.31819,2.33668,True,True
0492d0e62f,YTm5(Cu3Sb4)2,0.3346,I-4,tetragonal,15,Sb,51,-3.0,-0.71873,-0.00093,-0.00094,-0.00087,-0.68511,-0.00069,-2e-05,0.00047,-0.70979,-0.70455,0.00179,0.00117,2.29545,2.31489,True,True,2.2954499999999998,2.31489,True,True
0492d0e62f,YTm5(Cu3Sb4)2,0.3346,I-4,tetragonal,16,Sb,51,-3.0,-0.65029,0.00055,0.00021,7e-05,-0.74545,0.00065,-0.00022,-0.00056,-0.6497,-0.68181,0.00106,0.00121,2.31819,2.3503,True,True,2.31819,2.3503,True,True
0492d0e62f,YTm5(Cu3Sb4)2,0.3346,I-4,tetragonal,17,Sb,51,-3.0,-0.72088,-0.00052,0.00093,0.00036,-0.67187,0.00087,0.00161,-0.00029,-0.72089,-0.70455,0.00216,0.00115,2.29545,2.32813,True,True,2.2954499999999998,2.32813,True,True
0492d0e62f,YTm5(Cu3Sb4)2,0.3346,I-4,tetragonal,18,Sb,51,-3.0,-0.70973,0.00065,-0.00044,0.0009,-0.68581,-0.00069,-0.00101,0.00043,-0.71812,-0.70455,0.00176,0.00111,2.29545,2.31419,True,True,2.2954499999999998,2.31419,True,True
0492d0e62f,YTm5(Cu3Sb4)2,0.3346,I-4,tetragonal,19,Sb,51,-3.0,-0.69286,-0.00065,-0.00133,-0.00067,-0.66765,-0.00058,0.00024,0.00059,-0.68493,-0.68182,0.00183,0.00156,2.31818,2.33235,True,True,2.31818,2.33235,True,True
04993e0d8e,Li8SnP8Pb7O32,3.211,P1,triclinic,9,P,15,5.0,3.25158,0.10476,-0.002,0.1043,2.67278,-0.00033,-0.00263,-0.00056,3.25824,3.06087,0.14787,0.00063,1.93913,2.32722,True,True,1.93913,2.32722,True,True
04993e0d8e,Li8SnP8Pb7O32,3.211,P1,triclinic,10,P,15,5.0,3.18814,-0.13395,-0.00569,-0.13423,2.62479,-0.00022,-0.00428,-0.00034,3.18189,2.99827,0.18977,0.00142,2.00173,2.37521,True,True,2.00173,2.37521,True,True
04993e0d8e,Li8SnP8Pb7O32,3.211,P1,triclinic,12,P,15,5.0,2.99393,0.20717,-0.01707,0.20673,3.02055,0.0003,-0.0171,0.00074,2.9938,3.00276,0.29367,0.00044,1.99724,2.0062,True,True,1.9972400000000001,2.0062,True,True
04993e0d8e,Li8SnP8Pb7O32,3.211,P1,triclinic,13,P,15,5.0,2.59516,0.27769,-0.00429,0.27697,2.41397,1e-05,-0.00452,-5e-05,2.58972,2.53295,0.39226,0.00072,2.46705,2.58603,True,True,2.46705,2.58603,True,True
049cc74c72,CsMnSn3O8,0.8544,P1,triclinic,2,Mn,25,3.0,0.70101,-0.00017,0.00012,0.00043,0.71538,0.0002,0.00112,-0.0002,0.70205,0.70615,0.00125,0.001,2.29385,2.29899,True,True,2.29385,2.29899,True,True
049cc74c72,CsMnSn3O8,0.8544,P1,triclinic,3,Mn,25,3.0,0.70102,-0.00017,0.00013,0.00043,0.71543,0.00021,0.00113,-0.0002,0.70207,0.70617,0.00126,0.001,2.29383,2.29898,True,True,2.29383,2.2989800000000002,True,True
049eaa34d5,SrSi7As5Pt4,0.0782,P1,triclinic,0,Sr,38,2.0,4.05486,-0.00119,-0.00185,-0.00114,4.05949,-0.00052,-0.00154,-0.0006,4.0548,4.05638,0.00302,0.00032,2.05638,2.05949,True,True,2.05638,2.0594900000000003,True,True
049eaa34d5,SrSi7As5Pt4,0.0782,P1,triclinic,8,As,33,-2.8,0.97652,0.00021,0.00024,0.00023,0.81983,0.00061,-0.00016,0.00066,0.97557,0.92398,0.00099,0.0004,3.72398,3.77652,True,True,3.72398,3.7765199999999997,True,True
049eaa34d5,SrSi7As5Pt4,0.0782,P1,triclinic,9,As,33,-2.8,1.17204,-0.00069,6e-05,-0.0007,1.14846,0.00045,0.00011,0.00042,1.17268,1.16439,0.00116,5e-05,3.96439,3.97268,True,True,3.96439,3.9726799999999995,True,True
049eaa34d5,SrSi7As5Pt4,0.0782,P1,triclinic,10,As,33,-2.8,0.34398,0.00079,0.00131,0.00055,0.39095,-0.00041,0.00176,-0.00019,0.34495,0.35996,0.00244,0.00045,3.15996,3.19095,True,True,3.15996,3.19095,True,True
049eaa34d5,SrSi7As5Pt4,0.0782,P1,triclinic,11,As,33,-2.8,0.91265,-5e-05,0.0032,0.00015,0.8972,0.0004,0.003,0.00038,0.91387,0.90791,0.00442,0.00021,3.70791,3.71387,True,True,3.70791,3.71387,True,True
049eaa34d5,SrSi7As5Pt4,0.0782,P1,triclinic,12,As,33,-2.8,1.17412,0.00105,-0.00053,0.00087,1.13578,0.0002,-0.00051,0.00031,1.17495,1.16161,0.00159,0.00018,3.96161,3.97495,True,True,3.96161,3.9749499999999998,True,True
049eaa34d5,SrSi7As5Pt4,0.0782,P1,triclinic,13,Pt,78,2.0,-3.63935,0.00026,-0.00191,0.00072,-3.63486,-0.00016,-0.00191,0.0001,-3.63867,-3.63762,0.00281,0.00046,5.63762,5.63935,True,True,5.63762,5.63935,True,True
049eaa34d5,SrSi7As5Pt4,0.0782,P1,triclinic,14,Pt,78,2.0,-4.52879,3e-05,-0.00508,0.00015,-4.33277,6e-05,-0.0054,-0.00026,-4.52831,-4.46329,0.00742,0.00032,6.46329,6.52879,True,True,6.46329,6.52879,True,True
049eaa34d5,SrSi7As5Pt4,0.0782,P1,triclinic,15,Pt,78,2.0,-3.68673,-5e-05,-0.00369,-4e-05,-3.53703,0.0001,-0.003,-0.00034,-3.68661,-3.63679,0.00477,0.0007,5.63679,5.68673,True,True,5.6367899999999995,5.68673,True,True
049eaa34d5,SrSi7As5Pt4,0.0782,P1,triclinic,16,Pt,78,2.0,-4.47293,0.0005,0.0023,0.00019,-4.59623,0.00019,0.00248,0.00049,-4.47297,-4.51405,0.00347,0.00031,6.51405,6.59623,True,True,6.51405,6.59623,True,True
04a07e085a,Na8Ca4TiGeAs8,0.9414,P1,triclinic,12,Ti,22,4.0,1.11577,-0.00052,0.00021,-0.00016,1.13262,2e-05,-0.00034,2e-05,1.11574,1.12137,0.00068,0.00055,2.87863,2.88426,True,True,2.8786300000000002,2.8842600000000003,True,True
04a07e085a,Na8Ca4TiGeAs8,0.9414,P1,triclinic,13,Ge,32,4.0,1.08554,-0.00023,-1e-05,-0.00011,1.11497,-7e-05,-0.00015,-0.00012,1.08535,1.09528,0.00033,0.00014,2.90472,2.91465,True,True,2.90472,2.91465,True,True
04ac6e377d,Ba2NaCoO4,1.4852,P2_1/m,monoclinic,6,Co,27,3.0,0.98192,-9e-05,-0.00115,-3e-05,0.94923,0.00012,0.00115,-0.00012,0.98192,0.97102,0.00164,0.00231,2.02898,2.05077,True,True,2.02898,2.05077,True,True
04ac6e377d,Ba2NaCoO4,1.4852,P2_1/m,monoclinic,7,Co,27,3.0,0.96012,3e-05,-0.00115,9e-05,0.99281,0.00012,0.00115,-0.00012,0.96012,0.97102,0.00164,0.00231,2.02898,2.03988,True,True,2.02898,2.03988,True,True
04af24562c,Tb5PrYFeI12,0.0898,P1,triclinic,7,Fe,26,1.0,-6.88364,-0.00015,0.00108,-0.00012,-6.84695,5e-05,-0.00037,-8e-05,-6.88356,-6.87138,0.00117,0.00146,7.87138,7.88364,True,True,7.87138,7.88364,True,True
04b3a8ccdc,KFe(Sb4Rh)3,0.1106,R-3,trigonal,1,Fe,26,2.0,-6.05607,6e-05,0.00037,-6e-05,-6.05604,0.00026,-0.00037,0.0003,-6.05602,-6.05604,0.00065,0.00073,8.05604,8.05607,True,True,8.05604,8.05607,True,True
04b3a8ccdc,KFe(Sb4Rh)3,0.1106,R-3,trigonal,2,Sb,51,-1.0,1.67499,-0.0,-0.0007,-0.00055,1.66923,0.0,-0.00046,-0.00012,1.67401,1.67275,0.00101,0.00055,2.67275,2.67499,True,True,2.6727499999999997,2.67499,True,True
04b3a8ccdc,KFe(Sb4Rh)3,0.1106,R-3,trigonal,3,Sb,51,-1.0,1.67148,0.00055,0.00046,0.0,1.67626,0.0,0.0007,-0.00012,1.6705,1.67274,0.00101,0.00055,2.67274,2.67626,True,True,2.67274,2.67626,True,True
04b3a8ccdc,KFe(Sb4Rh)3,0.1106,R-3,trigonal,4,Sb,51,-1.0,1.50636,-0.00082,0.00037,1e-05,1.60461,-0.00011,-0.00146,-0.00033,1.50172,1.53756,0.00175,0.00183,2.53756,2.60461,True,True,2.53756,2.60461,True,True
04b3a8ccdc,KFe(Sb4Rh)3,0.1106,R-3,trigonal,5,Sb,51,-1.0,1.5734,-1e-05,0.00146,0.00082,1.47051,-0.00011,-0.00037,-0.00033,1.56877,1.53756,0.00175,0.00183,2.53756,2.5734,True,True,2.53756,2.5734,True,True
04b3a8ccdc,KFe(Sb4Rh)3,0.1106,R-3,trigonal,6,Sb,51,-1.0,1.54791,0.00022,0.00228,-0.00035,1.51774,0.0,0.00196,4e-05,1.54702,1.53756,0.00304,0.00057,2.53756,2.54791,True,True,2.53756,2.54791,True,True
04b3a8ccdc,KFe(Sb4Rh)3,0.1106,R-3,trigonal,7,Sb,51,-1.0,1.52809,0.00035,-0.00196,-0.00022,1.55738,0.0,-0.00228,4e-05,1.5272,1.53756,0.00304,0.00057,2.53756,2.55738,True,True,2.53756,2.55738,True,True
04b3a8ccdc,KFe(Sb4Rh)3,0.1106,R-3,trigonal,8,Sb,51,-1.0,1.67027,-0.00021,0.00034,-0.00034,1.67759,-0.00022,-0.00016,4e-05,1.67039,1.67275,0.00059,0.0005,2.67275,2.67759,True,True,2.6727499999999997,2.67759,True,True
04b3a8ccdc,KFe(Sb4Rh)3,0.1106,R-3,trigonal,9,Sb,51,-1.0,1.67511,0.00034,0.00016,0.00021,1.66791,-0.00022,-0.00034,4e-05,1.67523,1.67275,0.00059,0.0005,2.67275,2.67523,True,True,2.6727499999999997,2.67523,True,True
04b3a8ccdc,KFe(Sb4Rh)3,0.1106,R-3,trigonal,10,Sb,51,-1.0,1.65453,-0.00018,0.00011,0.00033,1.70484,0.00017,0.00088,0.00021,1.65886,1.67274,0.001,0.00076,2.67274,2.70484,True,True,2.67274,2.70484,True,True
04b3a8ccdc,KFe(Sb4Rh)3,0.1106,R-3,trigonal,11,Sb,51,-1.0,1.68663,-0.00033,-0.00088,0.00018,1.64065,0.00017,-0.00011,0.00021,1.69096,1.67275,0.001,0.00076,2.67275,2.69096,True,True,2.6727499999999997,2.69096,True,True
04b3a8ccdc,KFe(Sb4Rh)3,0.1106,R-3,trigonal,12,Sb,51,-1.0,1.54722,-0.00036,-0.00146,-0.00047,1.51687,0.00026,-0.00014,9e-05,1.5486,1.53756,0.0016,0.00132,2.53756,2.5486,True,True,2.53756,2.5486,True,True
04b3a8ccdc,KFe(Sb4Rh)3,0.1106,R-3,trigonal,13,Sb,51,-1.0,1.52653,0.00047,0.00014,0.00036,1.55825,0.00026,0.00146,9e-05,1.52791,1.53756,0.0016,0.00132,2.53756,2.55825,True,True,2.53756,2.55825,True,True
04b3a8ccdc,KFe(Sb4Rh)3,0.1106,R-3,trigonal,14,Rh,45,3.0,-4.97521,0.00019,-0.00042,-0.00019,-4.97499,0.0004,0.00042,0.00029,-4.97479,-4.975,0.00083,0.00085,7.975,7.97521,True,True,7.975,7.97521,True,True
04b3a8ccdc,KFe(Sb4Rh)3,0.1106,R-3,trigonal,15,Rh,45,3.0,-4.97561,0.00035,-0.00018,-0.00035,-4.97503,-0.0006,0.00018,-0.00037,-4.97445,-4.97503,0.0009,0.0007,7.97503,7.97561,True,True,7.97503,7.97561,True,True
04b3a8ccdc,KFe(Sb4Rh)3,0.1106,R-3,trigonal,16,Rh,45,3.0,-4.97484,-0.00061,0.00011,0.00061,-4.97504,-0.00011,-0.00011,-2e-05,-4.97524,-4.97504,0.00089,0.00123,7.97504,7.97524,True,True,7.97504,7.97524,True,True
04b682d0b5,Ba4ScFe2ReO12,0.4409,I4/mmm,tetragonal,5,Fe,26,3.0,0.15877,0.0002,-0.0004,-0.0002,0.16005,-0.00081,0.0004,-0.00065,0.16133,0.16005,0.00121,0.00079,2.83995,2.84123,True,True,2.83995,2.84123,True,True
04b682d0b5,Ba4ScFe2ReO12,0.4409,I4/mmm,tetragonal,6,Fe,26,3.0,0.16098,-0.00021,0.00124,0.00021,0.16005,0.00123,-0.00124,0.0011,0.15913,0.16005,0.00243,0.00248,2.83995,2.84087,True,True,2.83995,2.84087,True,True
04b682d0b5,Ba4ScFe2ReO12,0.4409,I4/mmm,tetragonal,16,O,8,-2.0,0.09074,-6e-05,-0.0015,6e-05,0.09193,0.00033,0.0015,0.00038,0.09312,0.09193,0.00218,0.003,2.09193,2.09312,True,True,2.09193,2.09312,True,True
04b682d0b5,Ba4ScFe2ReO12,0.4409,I4/mmm,tetragonal,17,O,8,-2.0,0.09074,-6e-05,-0.0015,6e-05,0.09193,0.00033,0.0015,0.00038,0.09312,0.09193,0.00218,0.003,2.09193,2.09312,True,True,2.09193,2.09312,True,True
04bc0c9531,Pr3HoZr3PtF28,2.6989,P1,triclinic,7,Pt,78,4.0,2.00433,-6e-05,0.00033,-1e-05,1.98739,-5e-05,-0.00059,-0.0003,2.00417,1.99863,0.00074,0.00092,2.00137,2.01261,True,True,2.00137,2.01261,True,True
04c2aff4cc,TaAg6AsS8,0.7117,Pm,monoclinic,0,Ta,73,5.0,2.76663,0.00024,-7e-05,-0.00022,2.76699,6e-05,-7e-05,-6e-05,2.76734,2.76699,0.00035,0.00046,2.23301,2.23337,True,True,2.23301,2.23337,True,True
04c3c43f47,NaCr2BiO8,2.285,I-4m2,tetragonal,1,Cr,24,6.0,3.51786,-9e-05,0.00109,8e-05,3.51635,-0.00056,-0.00109,-0.0005,3.51483,3.51635,0.00172,0.00219,2.48365,2.48517,True,True,2.48365,2.48517,True,True
04c3e87772,TmLu(SeO4)3,3.6958,R-3,trigonal,4,Se,34,6.0,3.45061,0.04019,0.00016,0.04024,3.46141,0.00053,-0.00096,0.00039,3.45051,3.45418,0.05688,0.00112,2.54582,2.54949,True,True,2.54582,2.54949,True,True
04c3e87772,TmLu(SeO4)3,3.6958,R-3,trigonal,5,Se,34,6.0,3.45056,0.03376,0.0013,0.03361,3.46092,-0.00012,0.00102,-4e-05,3.45105,3.45418,0.04766,0.00028,2.54582,2.54944,True,True,2.54582,2.54944,True,True
04c3e87772,TmLu(SeO4)3,3.6958,R-3,trigonal,6,Se,34,6.0,3.44368,0.00215,-0.00186,0.0022,3.47526,-0.00049,-0.0007,-0.0003,3.4436,3.45418,0.00371,0.00116,2.54582,2.5564,True,True,2.54582,2.5564,True,True
04c3e87772,TmLu(SeO4)3,3.6958,R-3,trigonal,7,Se,34,6.0,3.46476,-0.0022,0.0007,-0.00215,3.43309,-0.00049,0.00186,-0.0003,3.46468,3.45418,0.00371,0.00116,2.54582,2.56691,True,True,2.54582,2.56691,True,True
04c3e87772,TmLu(SeO4)3,3.6958,R-3,trigonal,8,Se,34,6.0,3.45731,-0.03361,-0.00102,-0.03376,3.44744,-0.00012,-0.0013,-4e-05,3.4578,3.45418,0.04766,0.00028,2.54582,2.55256,True,True,2.54582,2.55256,True,True
04c3e87772,TmLu(SeO4)3,3.6958,R-3,trigonal,9,Se,34,6.0,3.45785,-0.04025,0.00096,-0.04019,3.44694,0.00053,-0.00016,0.00039,3.45774,3.45418,0.05689,0.00112,2.54582,2.55306,True,True,2.54582,2.55306,True,True
04caf40a0d,Cr3SnCl16,1.0016,P1,triclinic,0,Cr,24,4.0,1.64292,-4e-05,0.00062,-1e-05,1.61714,-3e-05,0.00046,-4e-05,1.64336,1.63447,0.00077,0.00016,2.36553,2.38286,True,True,2.3655299999999997,2.38286,True,True
04caf40a0d,Cr3SnCl16,1.0016,P1,triclinic,1,Cr,24,4.0,1.60745,-0.00019,2e-05,-0.00021,1.59148,1e-05,-0.00028,-2e-05,1.60693,1.60195,0.0004,0.0003,2.39805,2.40852,True,True,2.39805,2.40852,True,True
04caf40a0d,Cr3SnCl16,1.0016,P1,triclinic,2,Cr,24,4.0,1.64289,-4e-05,-0.00042,-0.00018,1.65828,-9e-05,-0.00098,-6e-05,1.64283,1.648,0.00109,0.00057,2.352,2.35717,True,True,2.3520000000000003,2.35717,True,True
04ccc27e70,Na3LiTc2F12,1.7338,P-42_1c,tetragonal,8,Tc,43,4.0,0.84262,-0.00018,0.0,0.00018,0.81592,-9e-05,-0.0,9e-05,0.84425,0.83427,0.00028,0.00035,3.16573,3.18408,True,True,3.16573,3.18408,True,True
04ccc27e70,Na3LiTc2F12,1.7338,P-42_1c,tetragonal,9,Tc,43,4.0,0.82591,-0.00106,-0.0,0.00106,0.85261,1e-05,0.0,-1e-05,0.82428,0.83427,0.00149,0.00211,3.16573,3.17572,True,True,3.16573,3.17572,True,True
04ccc27e70,Na3LiTc2F12,1.7338,P-42_1c,tetragonal,10,Tc,43,4.0,0.82591,-0.00018,-0.0,0.00018,0.85261,-9e-05,-0.0,9e-05,0.82428,0.83427,0.00028,0.00035,3.16573,3.17572,True,True,3.16573,3.17572,True,True
04ccc27e70,Na3LiTc2F12,1.7338,P-42_1c,tetragonal,11,Tc,43,4.0,0.84262,-0.00106,-0.0,0.00106,0.81592,1e-05,-0.0,-1e-05,0.84425,0.83427,0.00149,0.00211,3.16573,3.18408,True,True,3.16573,3.18408,True,True
04cef5d3fd,Rb4Ti6CCl18,0.9845,C2/m,monoclinic,10,C,6,-4.0,-1.61257,-0.0001,-0.00011,0.0001,-1.61259,1e-05,0.00011,1e-05,-1.61261,-1.61259,0.00021,0.00023,2.38741,2.38743,True,True,2.38741,2.38743,True,True
04d1512322,CaMn5(PO4)4,3.0294,P-1,triclinic,3,Mn,25,2.0,-0.34575,-7e-05,0.00047,6e-05,-0.34502,0.0004,-0.00046,0.00023,-0.34468,-0.34515,0.00081,0.00092,2.34515,2.34575,True,True,2.34515,2.34575,True,True
04d1512322,CaMn5(PO4)4,3.0294,P-1,triclinic,6,P,15,5.0,2.75704,-0.08528,0.00144,-0.08525,2.80335,-0.00025,0.00169,-6e-05,2.75652,2.7723,0.1206,0.00025,2.2277,2.24348,True,True,2.2277,2.24348,True,True
04d1512322,CaMn5(PO4)4,3.0294,P-1,triclinic,7,P,15,5.0,2.32414,-0.02225,0.00046,-0.02199,2.2545,-0.00014,-0.00084,0.00035,2.32137,2.30001,0.0313,0.0013,2.69999,2.7455,True,True,2.69999,2.7455,True,True
04d1512322,CaMn5(PO4)4,3.0294,P-1,triclinic,8,P,15,5.0,2.27767,0.02194,0.00084,0.02219,2.34442,-0.00014,-0.00046,0.00035,2.2749,2.299,0.03122,0.0013,2.701,2.7251,True,True,2.701,2.7251,True,True
04d1512322,CaMn5(PO4)4,3.0294,P-1,triclinic,9,P,15,5.0,2.78762,0.08525,-0.00169,0.08528,2.74078,-0.00025,-0.00144,-6e-05,2.78709,2.77183,0.1206,0.00025,2.22817,2.25922,True,True,2.22817,2.25922,True,True
04e10be5a1,MgNi(Se2O7)2,2.7131,P-1,triclinic,2,Se,34,6.0,3.34598,0.06239,-0.00051,0.06194,3.34841,0.00042,-0.00295,0.00024,3.34924,3.34788,0.08797,0.00243,2.65212,2.65402,True,True,2.65212,2.65402,True,True
04e10be5a1,MgNi(Se2O7)2,2.7131,P-1,triclinic,3,Se,34,6.0,3.34651,-0.06194,0.00295,-0.06239,3.34734,0.00042,0.00051,0.00024,3.34977,3.34788,0.08797,0.00243,2.65212,2.65349,True,True,2.65212,2.65349,True,True
04e10be5a1,MgNi(Se2O7)2,2.7131,P-1,triclinic,4,Se,34,6.0,3.35542,-0.02786,-0.00044,-0.02789,3.26689,0.00049,0.0015,0.0002,3.35805,3.32678,0.03946,0.00194,2.67322,2.73311,True,True,2.67322,2.73311,True,True
04e10be5a1,MgNi(Se2O7)2,2.7131,P-1,triclinic,5,Se,34,6.0,3.29552,0.02789,-0.0015,0.02786,3.38668,0.00049,0.00044,0.0002,3.29815,3.32678,0.03946,0.00194,2.67322,2.70448,True,True,2.67322,2.70448,True,True
04e50a4972,Y2HfPtF14,2.5241,P-1,triclinic,4,Hf,72,4.0,6.03174,-0.00041,0.00178,-0.00072,6.02034,-0.00022,0.00145,-0.00016,6.0326,6.02823,0.00246,0.00032,2.02823,2.0326,True,True,2.0282299999999998,2.0326000000000004,True,True
04e50a4972,Y2HfPtF14,2.5241,P-1,triclinic,5,Hf,72,4.0,6.02385,0.00072,-0.00145,0.00041,6.03612,-0.00022,-0.00178,-0.00016,6.02471,6.02823,0.00246,0.00032,2.02823,2.03612,True,True,2.0282299999999998,2.0361200000000004,True,True
04e9d26fc6,ZnCuNi4(MoO4)6,0.9588,P1,triclinic,6,Mo,42,6.0,3.58906,-0.00732,-0.00056,-0.00707,3.55906,-0.00208,-0.00117,-0.00199,3.59099,3.57971,0.01066,0.00061,2.42029,2.44094,True,True,2.42029,2.44094,True,True
04e9d26fc6,ZnCuNi4(MoO4)6,0.9588,P1,triclinic,7,Mo,42,6.0,3.55151,0.00903,0.00084,0.00918,3.57874,-0.0018,-0.00022,-0.00175,3.55288,3.56105,0.01314,0.00106,2.43895,2.44849,True,True,2.43895,2.44849,True,True
04e9d26fc6,ZnCuNi4(MoO4)6,0.9588,P1,triclinic,8,Mo,42,6.0,3.32827,0.00233,-0.00059,0.00252,3.31732,0.00089,-0.00081,0.00095,3.33139,3.32566,0.00381,0.00023,2.67434,2.68268,True,True,2.67434,2.68268,True,True
04e9d26fc6,ZnCuNi4(MoO4)6,0.9588,P1,triclinic,9,Mo,42,6.0,3.4141,-0.00094,0.00091,-0.001,3.43135,0.00145,-0.00032,0.00157,3.41702,3.42082,0.00272,0.00123,2.57918,2.5859,True,True,2.57918,2.5859,True,True
04e9d26fc6,ZnCuNi4(MoO4)6,0.9588,P1,triclinic,10,Mo,42,6.0,3.21825,0.00053,-0.001,0.00028,3.2388,-0.00012,-0.00025,0.00015,3.21784,3.22496,0.00121,0.00075,2.77504,2.78216,True,True,2.77504,2.78216,True,True
04e9d26fc6,ZnCuNi4(MoO4)6,0.9588,P1,triclinic,11,Mo,42,6.0,3.25879,0.0002,-0.001,-0.0,3.23439,-0.00171,0.00069,-0.0014,3.25817,3.25045,0.00253,0.00168,2.74955,2.76561,True,True,2.74955,2.76561,True,True
04eaae2f86,LiScCr4O8,3.0207,F-43m,cubic,0,Li,3,1.0,3.71858,0.0,-0.0,-0.0,3.71857,0.0,-0.0,0.0,3.71858,3.71858,1e-05,0.0,2.71858,2.71858,True,True,2.71858,2.71858,True,True
04eaae2f86,LiScCr4O8,3.0207,F-43m,cubic,2,Cr,24,3.0,6.33647,-0.0018,0.01666,0.00082,6.21302,-0.00328,-0.00569,-0.00469,6.34798,6.29915,0.01862,0.02235,3.29915,3.34798,True,True,3.29915,3.3479799999999997,True,True
04eaae2f86,LiScCr4O8,3.0207,F-43m,cubic,3,Cr,24,3.0,6.25039,-0.0018,-0.00569,0.00082,6.38535,0.00469,0.01666,0.00328,6.2619,6.29921,0.01862,0.02235,3.29921,3.38535,True,True,3.2992100000000004,3.38535,True,True
04eaae2f86,LiScCr4O8,3.0207,F-43m,cubic,4,Cr,24,3.0,6.29919,0.00148,0.0,0.00148,6.2992,-0.0021,0.0,0.0021,6.2992,6.2992,0.00364,0.00421,3.2992,3.2992,True,True,3.2992,3.2992,True,True
04eaae2f86,LiScCr4O8,3.0207,F-43m,cubic,5,Cr,24,3.0,6.31075,0.00212,-0.01098,-0.00311,6.29926,0.0007,-0.01098,-0.0007,6.28775,6.29925,0.01601,0.00523,3.29925,3.31075,True,True,3.29925,3.3107499999999996,True,True
04eaae2f86,LiScCr4O8,3.0207,F-43m,cubic,6,O,8,-2.0,-3.94296,-0.00095,0.00166,0.00325,-4.1236,-0.00029,-0.0064,0.00061,-3.93187,-3.99947,0.00746,0.00806,1.99947,2.1236,True,True,1.99947,2.1235999999999997,True,True
04eaae2f86,LiScCr4O8,3.0207,F-43m,cubic,7,O,8,-2.0,-4.06713,-0.00096,-0.0064,0.00325,-3.8754,-0.00061,0.00166,0.00029,-4.05604,-3.99952,0.00746,0.00807,1.99952,2.06713,True,True,1.99952,2.0671299999999997,True,True
04eaae2f86,LiScCr4O8,3.0207,F-43m,cubic,9,O,8,-2.0,-3.98831,0.00535,0.00474,-0.00306,-3.9994,-0.00045,0.00474,0.00045,-4.0105,-3.9994,0.00913,0.00841,1.9994,2.0105,True,True,1.9994,2.0105000000000004,True,True
04eaae2f86,LiScCr4O8,3.0207,F-43m,cubic,10,O,8,-2.0,-4.51292,-0.00429,0.00349,0.00134,-4.24226,-0.00087,-0.00153,0.00026,-4.5051,-4.42009,0.00596,0.00564,2.42009,2.51292,True,True,2.42009,2.5129200000000003,True,True
04eaae2f86,LiScCr4O8,3.0207,F-43m,cubic,11,O,8,-2.0,-4.33508,-0.00429,-0.00153,0.00134,-4.59793,-0.00026,0.00349,0.00087,-4.32727,-4.4201,0.00596,0.00564,2.4201,2.59793,True,True,2.4200999999999997,2.59793,True,True
04eaae2f86,LiScCr4O8,3.0207,F-43m,cubic,12,O,8,-2.0,-4.42,0.00443,0.0,0.00443,-4.42,0.00169,0.0,-0.00169,-4.41999,-4.42,0.0067,0.00338,2.42,2.42,True,True,2.42,2.42,True,True
04eaae2f86,LiScCr4O8,3.0207,F-43m,cubic,13,O,8,-2.0,-4.41243,0.00416,-0.00196,-0.00711,-4.42025,-0.00056,-0.00196,0.00056,-4.42806,-4.42025,0.00873,0.01127,2.42025,2.42806,True,True,2.4202500000000002,2.4280600000000003,True,True
04eadbdd51,LaYHoRuO7,0.1702,P2_1/m,monoclinic,6,Ru,44,5.0,2.97597,-9e-05,-0.0001,9e-05,2.97382,-0.00077,0.0001,3e-05,2.97167,2.97382,0.00079,0.0008,2.02618,2.02833,True,True,2.02618,2.02833,True,True
04eadbdd51,LaYHoRuO7,0.1702,P2_1/m,monoclinic,7,Ru,44,5.0,2.97597,-9e-05,0.0001,9e-05,2.97382,-3e-05,-0.0001,0.00077,2.97167,2.97382,0.00079,0.0008,2.02618,2.02833,True,True,2.02618,2.02833,True,True
04ee602dd7,Na2Mg3(SeO3)4,4.5289,P-1,triclinic,5,Se,34,4.0,1.75863,-0.03758,0.00093,-0.03696,1.77716,-0.00045,-0.00032,-0.00047,1.75913,1.76497,0.05273,0.00125,2.23503,2.24137,True,True,2.23503,2.24137,True,True
04ee602dd7,Na2Mg3(SeO3)4,4.5289,P-1,triclinic,6,Se,34,4.0,1.95549,0.00613,-0.00028,0.0058,1.96863,0.00035,0.00176,0.00064,1.95484,1.95965,0.00865,0.00204,2.04035,2.04516,True,True,2.04035,2.04516,True,True
04ee602dd7,Na2Mg3(SeO3)4,4.5289,P-1,triclinic,7,Se,34,4.0,1.9645,-0.00579,-0.00176,-0.00612,1.9507,0.00035,0.00028,0.00064,1.96385,1.95969,0.00865,0.00204,2.04031,2.0493,True,True,2.04031,2.0492999999999997,True,True
04ee602dd7,Na2Mg3(SeO3)4,4.5289,P-1,triclinic,8,Se,34,4.0,1.77081,0.03696,0.00032,0.03758,1.75279,-0.00045,-0.00093,-0.00047,1.77131,1.76497,0.05272,0.00125,2.23503,2.24721,True,True,2.23503,2.24721,True,True
04efac5362,SrNd(CoO2)6,1.0768,P2/m,monoclinic,2,Co,27,4.0,1.82125,-0.00044,-0.0,0.00044,1.81578,-0.00128,-0.0,0.00128,1.81043,1.81582,0.00191,0.00256,2.18418,2.18957,True,True,2.18418,2.18957,True,True
04f1977e68,Rb4Ba2HfBi4,0.632,Cm,monoclinic,8,Ba,56,2.0,-0.20562,0.0005,0.0,-0.00027,-0.1948,-0.00021,-0.00015,-0.00016,-0.2048,-0.20174,0.00064,0.00077,2.20174,2.20562,True,True,2.20174,2.20562,True,True
04f1977e68,Rb4Ba2HfBi4,0.632,Cm,monoclinic,11,Ba,56,2.0,-0.28864,0.00052,0.00059,-0.00029,-0.29326,0.00015,0.00078,0.00034,-0.28827,-0.29005,0.0012,0.00081,2.29005,2.29326,True,True,2.29005,2.29326,True,True
04f1977e68,Rb4Ba2HfBi4,0.632,Cm,monoclinic,12,Hf,72,4.0,-2.24654,0.0,-0.0002,-0.00027,-2.24362,3e-05,-0.00011,2e-05,-2.24665,-2.2456,0.00035,0.00027,6.2456,6.24665,True,True,6.2456,6.24665,True,True
04f1977e68,Rb4Ba2HfBi4,0.632,Cm,monoclinic,13,Hf,72,4.0,-2.57781,-2e-05,-6e-05,-0.00023,-2.57636,0.00012,-4e-05,-3e-05,-2.57809,-2.57742,0.00028,0.00022,6.57742,6.57809,True,True,6.57742,6.5780899999999995,True,True
04f1977e68,Rb4Ba2HfBi4,0.632,Cm,monoclinic,14,Bi,83,-3.0,-0.07486,-0.00028,0.00082,-0.00012,-0.08682,0.00017,-0.00024,6e-05,-0.07728,-0.07965,0.00092,0.00106,2.92035,2.92514,True,True,2.92035,2.92514,True,True
04f1977e68,Rb4Ba2HfBi4,0.632,Cm,monoclinic,15,Bi,83,-3.0,-0.07609,-2e-05,-0.00134,0.00045,-0.08682,0.00013,0.0008,0.00017,-0.07605,-0.07965,0.00164,0.00215,2.92035,2.92395,True,True,2.92035,2.92395,True,True
04f1977e68,Rb4Ba2HfBi4,0.632,Cm,monoclinic,16,Bi,83,-3.0,0.06678,-0.0003,-0.00013,4e-05,0.05867,2e-05,-0.00093,4e-05,0.06959,0.06501,0.00099,0.0008,3.06501,3.06959,True,True,3.06501,3.06959,True,True
04f1977e68,Rb4Ba2HfBi4,0.632,Cm,monoclinic,17,Bi,83,-3.0,-0.17141,-3e-05,-0.00158,0.00018,-0.19371,1e-05,9e-05,3e-05,-0.17371,-0.17961,0.0016,0.00168,2.82039,2.82859,True,True,2.82039,2.82859,True,True
04f1977e68,Rb4Ba2HfBi4,0.632,Cm,monoclinic,18,Bi,83,-3.0,-0.17268,-0.00033,0.00136,-6e-05,-0.19371,7e-05,-0.00109,6e-05,-0.17243,-0.17961,0.00178,0.00245,2.82039,2.82757,True,True,2.82039,2.82757,True,True
04f1977e68,Rb4Ba2HfBi4,0.632,Cm,monoclinic,19,Bi,83,-3.0,-0.01892,-0.00013,0.00019,0.00024,-0.04128,2e-05,0.00153,8e-05,-0.01667,-0.02562,0.00157,0.00134,2.97438,2.98333,True,True,2.97438,2.98333,True,True
04f1977e68,Rb4Ba2HfBi4,0.632,Cm,monoclinic,20,Bi,83,-3.0,-0.13681,-0.0006,0.00048,0.00073,-0.08475,8e-05,0.00043,-7e-05,-0.13699,-0.11952,0.00115,0.00133,2.88048,2.91525,True,True,2.88048,2.91525,True,True
04f1977e68,Rb4Ba2HfBi4,0.632,Cm,monoclinic,21,Bi,83,-3.0,-0.25332,-0.00011,0.00025,0.00045,-0.2286,-0.00032,-0.00016,-0.00032,-0.25318,-0.24503,0.00071,0.00056,2.75497,2.7714,True,True,2.75497,2.7714,True,True
04f73ebb75,CsRb3Ba4(VSe4)4,0.9828,Pm,monoclinic,8,V,23,5.0,1.8415,0.00033,-0.0002,0.00041,1.83567,-8e-05,0.0002,8e-05,1.8415,1.83956,0.00061,0.0004,3.16044,3.16433,True,True,3.16044,3.16433,True,True
04f73ebb75,CsRb3Ba4(VSe4)4,0.9828,Pm,monoclinic,9,V,23,5.0,1.94239,-0.00065,0.0002,-0.0001,1.93001,-9e-05,-0.0002,9e-05,1.94239,1.93827,0.00073,0.00055,3.06173,3.06999,True,True,3.06173,3.0699899999999998,True,True
04f73ebb75,CsRb3Ba4(VSe4)4,0.9828,Pm,monoclinic,10,V,23,5.0,1.92745,-0.00077,-0.00016,-8e-05,1.93852,-8e-05,0.00016,8e-05,1.92745,1.93114,0.00081,0.00068,3.06886,3.07255,True,True,3.06886,3.0725499999999997,True,True
04f73ebb75,CsRb3Ba4(VSe4)4,0.9828,Pm,monoclinic,11,V,23,5.0,1.86278,0.00015,0.00038,0.00063,1.87192,-8e-05,-0.00038,8e-05,1.86278,1.86583,0.00085,0.00076,3.13417,3.13722,True,True,3.13417,3.13722,True,True
04f9e2c0d9,Na2ReH9,5.0071,P-62m,hexagonal,6,Re,75,7.0,-2.18584,-0.00153,-0.0,0.00152,-2.18584,-0.00059,-0.0,0.00059,-2.18584,-2.18584,0.00231,0.00305,9.18584,9.18584,True,True,9.185839999999999,9.185839999999999,True,True
04f9e2c0d9,Na2ReH9,5.0071,P-62m,hexagonal,7,Re,75,7.0,-2.18583,-0.00152,-0.0,0.00153,-2.18583,-0.00059,-0.0,0.00059,-2.18583,-2.18583,0.00231,0.00305,9.18583,9.18583,True,True,9.18583,9.18583,True,True
04f9e2c0d9,Na2ReH9,5.0071,P-62m,hexagonal,8,Re,75,7.0,-3.53085,0.0002,0.0,-0.0002,-3.53085,-0.00042,0.0,0.00042,-3.53085,-3.53085,0.00066,0.00084,10.53085,10.53085,True,True,10.530850000000001,10.530850000000001,True,True
04fd5446c5,CsRbLiRhBr6,1.4933,P3m1,trigonal,3,Rh,45,3.0,0.69997,-0.00022,0.0,0.00022,0.70765,3e-05,-0.0,-3e-05,0.69997,0.70253,0.00032,0.00045,2.29747,2.30003,True,True,2.29747,2.30003,True,True
04fd982ddb,RuNF10,1.2453,Cm,monoclinic,0,Ru,44,5.0,1.19986,-0.00055,-3e-05,0.00107,1.16859,0.00018,-0.0001,-0.00011,1.19231,1.18692,0.00123,0.00162,3.81308,3.83141,True,True,3.8130800000000002,3.83141,True,True
04fd982ddb,RuNF10,1.2453,Cm,monoclinic,1,N,7,5.0,2.75596,-0.00251,-0.00143,-0.00253,2.73791,0.00039,-0.0009,-9e-05,2.75184,2.74857,0.00396,0.00053,2.25143,2.26209,True,True,2.25143,2.26209,True,True
050d1e6819,Fe3P2Pb3WO14,2.8261,P321,trigonal,6,P,15,5.0,2.91839,0.00172,2e-05,0.00081,4.12561,-6e-05,1e-05,5e-05,2.91836,3.32079,0.0019,0.00092,1.67921,2.08164,True,True,1.6792099999999999,2.08164,True,True
050d1e6819,Fe3P2Pb3WO14,2.8261,P321,trigonal,7,P,15,5.0,2.91784,-0.00112,-5e-05,-0.00204,4.12481,-6e-05,-4e-05,4e-05,2.91791,3.32019,0.00233,0.00092,1.67981,2.08216,True,True,1.6798099999999998,2.08216,True,True
050d1e6819,Fe3P2Pb3WO14,2.8261,P321,trigonal,8,P,15,5.0,3.72158,0.00236,-1e-05,0.00142,2.51625,-5e-05,-0.0,5e-05,3.72151,3.31978,0.00275,0.00093,1.68022,2.48375,True,True,1.6802199999999998,2.48375,True,True
050d1e6819,Fe3P2Pb3WO14,2.8261,P321,trigonal,9,P,15,5.0,3.72168,-0.00096,4e-05,-0.00187,2.51587,-6e-05,3e-05,5e-05,3.72174,3.31976,0.00211,0.00092,1.68024,2.48413,True,True,1.68024,2.48413,True,True
050d1e6819,Fe3P2Pb3WO14,2.8261,P321,trigonal,16,W,74,6.0,3.60044,0.00128,-1e-05,-0.00131,3.60025,-7e-05,-2e-05,7e-05,3.60043,3.60038,0.00183,0.00258,2.39962,2.39975,True,True,2.39962,2.39975,True,True
050d1e6819,Fe3P2Pb3WO14,2.8261,P321,trigonal,17,W,74,6.0,3.60177,0.00129,2e-05,-0.00129,3.60142,-7e-05,3e-05,7e-05,3.60177,3.60165,0.00183,0.00258,2.39835,2.39858,True,True,2.39835,2.39858,True,True
050d1e6819,Fe3P2Pb3WO14,2.8261,P321,trigonal,18,O,8,-2.0,-2.97426,-0.00121,7e-05,0.00133,0.18619,0.00014,9e-05,-0.00015,-2.97424,-1.92077,0.00181,0.00254,0.07923,2.18619,True,True,0.07922999999999991,2.18619,True,True
050d1e6819,Fe3P2Pb3WO14,2.8261,P321,trigonal,19,O,8,-2.0,-2.97522,-0.00133,-0.0001,0.00122,0.18564,0.00015,-0.00012,-0.00014,-2.97523,-1.92161,0.00182,0.00255,0.07839,2.18564,True,True,0.07838999999999996,2.18564,True,True
050d1e6819,Fe3P2Pb3WO14,2.8261,P321,trigonal,20,O,8,-2.0,-0.86843,-0.00106,-6e-05,0.00151,-4.02662,0.00014,-8e-05,-0.00015,-0.86842,-1.92116,0.00186,0.00258,0.07884,2.02662,True,True,0.07884000000000002,2.0266200000000003,True,True
050d1e6819,Fe3P2Pb3WO14,2.8261,P321,trigonal,21,O,8,-2.0,-0.86759,-0.00132,0.00011,0.00122,-4.02881,0.00015,0.00013,-0.00014,-0.86761,-1.92134,0.00182,0.00254,0.07866,2.02881,True,True,0.07865999999999995,2.02881,True,True
050d1e6819,Fe3P2Pb3WO14,2.8261,P321,trigonal,22,O,8,-2.0,-1.87488,0.56272,0.02928,0.56349,0.28828,0.001,0.03,-0.00027,-1.8786,-1.15507,0.79745,0.00127,0.84493,2.28828,True,True,0.84493,2.28828,True,True
050d1e6819,Fe3P2Pb3WO14,2.8261,P321,trigonal,23,O,8,-2.0,-1.86684,0.56229,0.02931,0.56305,0.27819,0.001,0.03,-0.00026,-1.87063,-1.15309,0.79684,0.00126,0.84691,2.27819,True,True,0.84691,2.27819,True,True
050d1e6819,Fe3P2Pb3WO14,2.8261,P321,trigonal,24,O,8,-2.0,-1.87969,-0.35286,0.05582,-0.35172,0.27878,0.00051,0.0559,0.00093,-1.85947,-1.15346,0.50444,0.00115,0.84654,2.27878,True,True,0.8465400000000001,2.27878,True,True
050d1e6819,Fe3P2Pb3WO14,2.8261,P321,trigonal,25,O,8,-2.0,-1.88566,-0.35258,0.05588,-0.35143,0.28565,0.00052,0.056,0.00094,-1.86546,-1.15516,0.50406,0.00115,0.84484,2.28565,True,True,0.84484,2.28565,True,True
050d1e6819,Fe3P2Pb3WO14,2.8261,P321,trigonal,26,O,8,-2.0,-1.864,-0.21146,-0.08522,-0.21021,0.2781,-0.00132,-0.08603,-0.00089,-1.88043,-1.15544,0.32182,0.00125,0.84456,2.2781,True,True,0.84456,2.2781000000000002,True,True
050d1e6819,Fe3P2Pb3WO14,2.8261,P321,trigonal,27,O,8,-2.0,-1.86318,-0.21141,-0.08518,-0.21017,0.28288,-0.0013,-0.08597,-0.00087,-1.87969,-1.15333,0.32173,0.00124,0.84667,2.28288,True,True,0.84667,2.28288,True,True
050e7a0b35,Ba3(PaS4)2,1.3742,P2/m,monoclinic,0,Ba,56,2.0,4.41472,0.0003,0.00029,-0.0003,4.41472,5e-05,-0.00029,-5e-05,4.41472,4.41472,0.0006,0.00061,2.41472,2.41472,True,True,2.41472,2.41472,True,True
0511c458db,Tb3DyFe2(SbO7)2,1.6673,C2/m,monoclinic,4,Fe,26,3.0,0.38998,8e-05,0.00199,-8e-05,0.38933,0.00045,-0.00199,-0.00045,0.38867,0.38933,0.00288,0.00397,2.61067,2.61133,True,True,2.61067,2.61133,True,True
0511c458db,Tb3DyFe2(SbO7)2,1.6673,C2/m,monoclinic,5,Fe,26,3.0,0.20382,-0.0001,0.00313,0.0001,0.20274,0.00084,-0.00313,0.00095,0.20166,0.20274,0.0046,0.00626,2.79726,2.79834,True,True,2.79726,2.79834,True,True
0511c458db,Tb3DyFe2(SbO7)2,1.6673,C2/m,monoclinic,8,O,8,-2.0,-4.05444,-0.00061,-0.00063,-0.00106,-4.05791,-0.0009,0.00021,-0.00043,-4.05476,-4.0557,0.00172,0.00084,2.0557,2.05791,True,True,2.0557,2.0579099999999997,True,True
0511c458db,Tb3DyFe2(SbO7)2,1.6673,C2/m,monoclinic,9,O,8,-2.0,-4.05665,0.00106,-0.00021,0.00061,-4.0535,-0.0009,0.00063,-0.00043,-4.05697,-4.0557,0.00172,0.00084,2.0557,2.05697,True,True,2.0557,2.0569699999999997,True,True
0511c458db,Tb3DyFe2(SbO7)2,1.6673,C2/m,monoclinic,11,O,8,-2.0,0.13838,0.00024,0.00096,-0.00067,0.01478,-0.00048,-0.0045,-0.00012,0.13462,0.09593,0.00468,0.00546,2.09593,2.13838,True,True,2.09593,2.13838,True,True
0511c458db,Tb3DyFe2(SbO7)2,1.6673,C2/m,monoclinic,17,O,8,-2.0,0.05724,0.00067,0.0045,-0.00024,0.17707,-0.00048,-0.00096,-0.00012,0.05347,0.09593,0.00468,0.00546,2.09593,2.17707,True,True,2.09593,2.17707,True,True
051bd49aae,Mn5Zn6Fe3(NiO6)4,0.3999,P-1,triclinic,11,Fe,26,3.0,-0.14373,0.00016,-0.00619,-0.00016,-0.14566,-0.00115,0.00619,-0.00066,-0.14759,-0.14566,0.00886,0.01238,3.14566,3.14759,True,True,3.14566,3.14759,True,True
051bd49aae,Mn5Zn6Fe3(NiO6)4,0.3999,P-1,triclinic,12,Fe,26,3.0,-0.23184,-3e-05,0.00132,3e-05,-0.23453,-0.00055,-0.00132,-0.00054,-0.23722,-0.23453,0.00202,0.00263,3.23453,3.23722,True,True,3.23453,3.2372199999999998,True,True
051bd49aae,Mn5Zn6Fe3(NiO6)4,0.3999,P-1,triclinic,13,Fe,26,3.0,-0.7626,0.00081,0.00168,-0.00081,-0.76111,-0.00036,-0.00168,-0.00031,-0.75963,-0.76111,0.00268,0.00336,3.76111,3.7626,True,True,3.76111,3.7626,True,True
051f848834,Pr4Tc3IrF28,0.1247,P1,triclinic,4,Tc,43,4.0,1.64918,-0.00061,1e-05,-0.00079,1.69378,3e-05,-9e-05,-0.00022,1.6488,1.66392,0.00103,0.00025,2.33608,2.3512,True,True,2.33608,2.3512,True,True
051f848834,Pr4Tc3IrF28,0.1247,P1,triclinic,5,Tc,43,4.0,1.82427,0.00072,0.00016,0.00037,1.79911,0.00015,-0.00059,3e-05,1.82416,1.81585,0.00102,0.00075,2.18415,2.20089,True,True,2.18415,2.2008900000000002,True,True
051f848834,Pr4Tc3IrF28,0.1247,P1,triclinic,6,Tc,43,4.0,1.66943,0.00098,0.0001,0.00062,1.62865,-1e-05,0.00034,-0.00012,1.66938,1.65582,0.00121,0.00036,2.34418,2.37135,True,True,2.3441799999999997,2.37135,True,True
051fa2e755,H4AuNCl4,1.4109,I4_1/a,tetragonal,10,N,7,-3.0,-0.63177,0.00012,0.00017,-0.00012,-0.63222,-3e-05,-0.00017,-3e-05,-0.63266,-0.63222,0.0003,0.00035,2.36778,2.36823,True,True,2.3677799999999998,2.36823,True,True
051fa2e755,H4AuNCl4,1.4109,I4_1/a,tetragonal,11,N,7,-3.0,-0.63175,0.00012,0.00017,-0.00012,-0.6322,-3e-05,-0.00017,-3e-05,-0.63264,-0.6322,0.0003,0.00035,2.3678,2.36825,True,True,2.3678,2.3682499999999997,True,True
0523be3e8d,TmCr4(AuO4)3,1.4961,Im-3,cubic,1,Cr,24,3.0,5.3087,0.00043,0.00037,-0.00043,5.30663,-0.00014,-0.00038,-0.0015,5.30415,5.30649,0.00171,0.00136,2.30649,2.3087,True,True,2.30649,2.3087,True,True
0523be3e8d,TmCr4(AuO4)3,1.4961,Im-3,cubic,2,Cr,24,3.0,5.30394,0.00042,-0.00039,-0.00042,5.30616,-0.00014,0.00032,-0.00151,5.30851,5.3062,0.0017,0.00136,2.3062,2.30851,True,True,2.3061999999999996,2.30851,True,True
0523be3e8d,TmCr4(AuO4)3,1.4961,Im-3,cubic,3,Cr,24,3.0,5.30622,0.00297,3e-05,-0.00297,5.30622,0.00099,1e-05,0.00236,5.3062,5.30621,0.00492,0.00593,2.30621,2.30622,True,True,2.30621,2.3062199999999997,True,True
0523be3e8d,TmCr4(AuO4)3,1.4961,Im-3,cubic,4,Cr,24,3.0,5.306,-0.00381,2e-05,0.00381,5.30579,-0.00068,0.0,0.00069,5.30604,5.30594,0.00548,0.00763,2.30594,2.30604,True,True,2.3059399999999997,2.3060400000000003,True,True
052b1394b2,Nd2Y3HoCoI10,0.165,P1,triclinic,6,Co,27,1.0,-7.02566,-0.00012,0.00051,0.0001,-7.02592,0.00032,-0.00042,0.00039,-7.02587,-7.02582,0.00085,0.00093,8.02582,8.02592,True,True,8.02582,8.02592,True,True
052bc338e9,Tb3TmC7,0.1491,P-1,triclinic,20,C,6,-2.0,-5.24822,-0.00069,-0.00111,0.00069,-5.24704,-0.00068,0.00111,-0.00079,-5.24585,-5.24703,0.00212,0.00221,3.24703,3.24822,True,True,3.2470299999999996,3.24822,True,True
052bc338e9,Tb3TmC7,0.1491,P-1,triclinic,21,C,6,-2.0,-5.24222,-0.00104,-0.00121,0.00104,-5.24355,-0.00012,0.00121,-0.00041,-5.24488,-5.24355,0.0023,0.00242,3.24355,3.24488,True,True,3.24355,3.24488,True,True
0533d9453f,CeDy4Mn2O12,1.7132,Cm,monoclinic,5,Mn,25,4.0,1.54816,0.00032,-0.00324,0.00083,1.55877,0.0002,-0.00274,4e-05,1.55783,1.55492,0.00434,0.00051,2.44508,2.45184,True,True,2.44508,2.45184,True,True
0533d9453f,CeDy4Mn2O12,1.7132,Cm,monoclinic,6,Mn,25,4.0,1.54873,-0.0015,0.00137,-0.00094,1.55884,0.00018,0.00118,6e-05,1.55741,1.55499,0.00254,0.00056,2.44501,2.45127,True,True,2.44501,2.45127,True,True
0533dcaf2d,Na8ZrAs4,0.957,Fd-3m,cubic,16,Zr,40,4.0,1.74065,0.0,-0.0,0.0,1.74065,-0.0,-0.0,-0.0,1.74065,1.74065,0.0,0.0,2.25935,2.25935,True,True,2.25935,2.25935,True,True
0533dcaf2d,Na8ZrAs4,0.957,Fd-3m,cubic,17,Zr,40,4.0,1.74065,0.0,-0.0,-0.0,1.74065,0.0,-0.0,0.0,1.74065,1.74065,0.0,0.0,2.25935,2.25935,True,True,2.25935,2.25935,True,True
0533e4b237,Cs2Mn(PS3)2,1.241,P2_1/c,monoclinic,6,P,15,4.0,1.75758,0.00028,-9e-05,0.0004,1.74844,-0.00151,-0.00065,-0.00143,1.7558,1.75394,0.00223,0.00056,2.24606,2.25156,True,True,2.24606,2.25156,True,True
0533e4b237,Cs2Mn(PS3)2,1.241,P2_1/c,monoclinic,7,P,15,4.0,1.7558,0.00028,0.00065,0.0004,1.74844,0.00143,9e-05,0.00151,1.75758,1.75394,0.00223,0.00056,2.24606,2.25156,True,True,2.24606,2.25156,True,True
0533e4b237,Cs2Mn(PS3)2,1.241,P2_1/c,monoclinic,8,P,15,4.0,1.7503,-0.0004,-9e-05,-0.00028,1.75944,0.00143,-0.00065,0.00151,1.75208,1.75394,0.00223,0.00056,2.24606,2.2497,True,True,2.24606,2.2497,True,True
0533e4b237,Cs2Mn(PS3)2,1.241,P2_1/c,monoclinic,9,P,15,4.0,1.75208,-0.0004,0.00065,-0.00028,1.75944,-0.00151,9e-05,-0.00143,1.7503,1.75394,0.00223,0.00056,2.24606,2.2497,True,True,2.24606,2.2497,True,True
053bbf1568,Mg3Zn(AsN3)2,2.129,P1,triclinic,4,As,33,5.0,2.83296,0.00135,-5e-05,-0.00029,2.8433,0.00067,-0.00054,0.00068,2.82598,2.83408,0.00177,0.00164,2.16592,2.17402,True,True,2.16592,2.17402,True,True
053bbf1568,Mg3Zn(AsN3)2,2.129,P1,triclinic,5,As,33,5.0,2.87551,0.00089,-0.00021,-0.00071,2.87019,-0.00047,0.0007,-0.00059,2.86909,2.8716,0.00155,0.00161,2.1284,2.13091,True,True,2.1284,2.13091,True,True
053ede4aa3,Ca6HoErSb6,0.5564,P1,triclinic,6,Ho,67,3.0,0.98855,0.00033,-0.00041,-8e-05,0.99077,6e-05,-0.00014,-7e-05,0.98788,0.98907,0.00056,0.00041,2.01093,2.01212,True,True,2.01093,2.01212,True,True
053ede4aa3,Ca6HoErSb6,0.5564,P1,triclinic,7,Er,68,3.0,0.97992,0.00038,-0.00014,-0.00051,0.98052,-4e-05,-0.00035,0.00019,0.97954,0.97999,0.00076,0.00089,2.02001,2.02046,True,True,2.02001,2.02046,True,True
053ede4aa3,Ca6HoErSb6,0.5564,P1,triclinic,8,Sb,51,-3.0,-0.99776,-3e-05,-0.00049,-0.00016,-1.00304,-0.00046,0.00225,-0.00017,-0.9976,-0.99947,0.00236,0.00274,2.00053,2.0024,True,True,2.00053,2.0023999999999997,True,True
053ede4aa3,Ca6HoErSb6,0.5564,P1,triclinic,12,Sb,51,-3.0,-0.99826,-0.00084,9e-05,-0.00044,-1.00444,0.00067,0.00012,0.00044,-0.9981,-1.00027,0.00125,0.00041,1.99973,2.0019,True,True,1.99973,2.0019,True,True
05416586e1,HoTi3(BiO4)3,2.4641,Pc,monoclinic,2,Ti,22,4.0,6.04863,0.00018,-0.00214,-0.00021,6.10382,-0.00138,-0.00051,-0.00147,6.05399,6.06881,0.003,0.00163,2.06881,2.10382,True,True,2.06881,2.10382,True,True
05416586e1,HoTi3(BiO4)3,2.4641,Pc,monoclinic,3,Ti,22,4.0,6.05399,0.00018,0.00051,-0.00021,6.10382,0.00147,0.00214,0.00138,6.04863,6.06881,0.003,0.00163,2.06881,2.10382,True,True,2.06881,2.10382,True,True
05416586e1,HoTi3(BiO4)3,2.4641,Pc,monoclinic,4,Ti,22,4.0,6.31564,-0.00059,0.00021,0.00051,6.26129,2e-05,-0.00104,-0.00042,6.32264,6.29986,0.00138,0.00125,2.29986,2.32264,True,True,2.29986,2.32264,True,True
05416586e1,HoTi3(BiO4)3,2.4641,Pc,monoclinic,5,Ti,22,4.0,6.32263,-0.00059,0.00104,0.00051,6.26129,0.00042,-0.00021,-2e-05,6.31564,6.29985,0.00138,0.00125,2.29985,2.32263,True,True,2.29985,2.32263,True,True
05416586e1,HoTi3(BiO4)3,2.4641,Pc,monoclinic,8,Bi,83,3.0,5.67028,-0.00107,0.00098,-0.00042,5.6835,0.00054,0.00043,0.00072,5.66819,5.67399,0.00181,0.00065,2.67399,2.6835,True,True,2.67399,2.6835000000000004,True,True
05416586e1,HoTi3(BiO4)3,2.4641,Pc,monoclinic,9,Bi,83,3.0,5.66819,-0.00107,-0.00043,-0.00042,5.6835,-0.00072,-0.00098,-0.00054,5.67028,5.67399,0.00181,0.00065,2.67399,2.6835,True,True,2.67399,2.6835000000000004,True,True
05416586e1,HoTi3(BiO4)3,2.4641,Pc,monoclinic,12,Bi,83,3.0,5.1541,0.0005,-0.00035,-0.00048,5.15659,0.00029,0.00058,0.00038,5.15484,5.15518,0.00108,0.00099,2.15518,2.15659,True,True,2.1551799999999997,2.1565899999999996,True,True
05416586e1,HoTi3(BiO4)3,2.4641,Pc,monoclinic,13,Bi,83,3.0,5.15484,0.0005,-0.00058,-0.00048,5.15659,-0.00038,0.00035,-0.00029,5.1541,5.15518,0.00108,0.00099,2.15518,2.15659,True,True,2.1551799999999997,2.1565899999999996,True,True
05438c0f83,Tb4YTmNiI10,0.4726,P1,triclinic,6,Ni,28,2.0,-6.43842,-4e-05,-0.00013,-0.0,-6.43466,-9e-05,-0.0002,-0.0,-6.43938,-6.43749,0.00025,9e-05,8.43749,8.43938,True,True,8.43749,8.43938,True,True
054901113c,Rb16ThSnSb8,0.269,F-43m,cubic,16,Th,90,4.0,-1.04836,-0.0,0.0,0.0,-1.04836,0.0,-0.0,0.0,-1.04836,-1.04836,0.0,0.0,5.04836,5.04836,True,True,5.04836,5.04836,True,True
054901113c,Rb16ThSnSb8,0.269,F-43m,cubic,17,Sn,50,4.0,-1.52454,-0.0,0.0,-0.0,-1.52454,0.0,-0.0,-0.0,-1.52454,-1.52454,0.0,0.0,5.52454,5.52454,True,True,5.52454,5.52454,True,True
054901113c,Rb16ThSnSb8,0.269,F-43m,cubic,18,Sb,51,-3.0,-0.45631,0.00031,-0.0,0.00031,-0.45631,0.0001,-0.0,-0.00011,-0.45631,-0.45631,0.00047,0.00021,2.54369,2.54369,True,True,2.54369,2.54369,True,True
054901113c,Rb16ThSnSb8,0.269,F-43m,cubic,19,Sb,51,-3.0,-0.68887,-0.00036,-0.00096,-8e-05,-0.69492,0.00075,0.00043,0.0008,-0.68829,-0.6907,0.00156,0.00139,2.3093,2.31171,True,True,2.3093,2.31171,True,True
054901113c,Rb16ThSnSb8,0.269,F-43m,cubic,20,Sb,51,-3.0,-0.69011,5e-05,0.00053,-0.0005,-0.6907,-3e-05,0.00053,3e-05,-0.69128,-0.6907,0.00091,0.00056,2.3093,2.30989,True,True,2.3093,2.30989,True,True
054901113c,Rb16ThSnSb8,0.269,F-43m,cubic,21,Sb,51,-3.0,-0.69312,-0.00036,0.00043,-8e-05,-0.68649,-0.0008,-0.00096,-0.00075,-0.69254,-0.69071,0.00156,0.00139,2.30929,2.31351,True,True,2.30929,2.31351,True,True
054901113c,Rb16ThSnSb8,0.269,F-43m,cubic,22,Sb,51,-3.0,-0.45445,0.00039,-0.00064,-0.0006,-0.45631,-3e-05,-0.00064,3e-05,-0.45817,-0.45631,0.00115,0.00099,2.54369,2.54555,True,True,2.54369,2.54555,True,True
054901113c,Rb16ThSnSb8,0.269,F-43m,cubic,23,Sb,51,-3.0,-0.46984,-0.00035,0.00134,0.00014,-0.43115,-0.00058,-0.00071,-0.00051,-0.46798,-0.45632,0.00174,0.00205,2.54368,2.56885,True,True,2.54368,2.56885,True,True
054901113c,Rb16ThSnSb8,0.269,F-43m,cubic,24,Sb,51,-3.0,-0.44466,-0.00035,-0.00071,0.00014,-0.48149,0.00051,0.00134,0.00058,-0.4428,-0.45631,0.00174,0.00205,2.54369,2.5572,True,True,2.54369,2.5572,True,True
054901113c,Rb16ThSnSb8,0.269,F-43m,cubic,25,Sb,51,-3.0,-0.6907,0.00067,-0.0,0.00067,-0.6907,8e-05,0.0,-8e-05,-0.6907,-0.6907,0.00095,0.00015,2.3093,2.3093,True,True,2.3093,2.3093,True,True
05491b9fc2,Rb14NbV(Ga3As5)2,0.952,P1,triclinic,14,Nb,41,5.0,0.96901,0.0005,-0.00071,-9e-05,0.97947,6e-05,-0.00059,4e-05,0.96708,0.97185,0.00105,0.00059,4.02815,4.03292,True,True,4.02815,4.03292,True,True
05491b9fc2,Rb14NbV(Ga3As5)2,0.952,P1,triclinic,15,V,23,4.0,0.39103,-0.00017,-0.00018,-0.00027,0.376,0.00028,0.00043,0.00025,0.38927,0.38544,0.00068,0.00061,3.61456,3.624,True,True,3.61456,3.624,True,True
05491b9fc2,Rb14NbV(Ga3As5)2,0.952,P1,triclinic,28,As,33,-3.0,-0.52294,-0.00032,-0.00277,-0.00011,-0.56647,-0.00032,-0.00196,-0.00044,-0.52239,-0.53727,0.00345,0.00081,2.46273,2.47761,True,True,2.46273,2.47761,True,True
05521ba960,Na6AsIO5,1.9225,F-43m,cubic,6,As,33,5.0,2.87218,0.0,0.0,0.0,2.87218,0.0,-0.0,0.0,2.87218,2.87218,0.0,0.0,2.12782,2.12782,True,True,2.12782,2.12782,True,True
05542108fe,Be(S8Br)3,2.6595,R3m,trigonal,25,Br,35,5.0,-1.59523,-0.00039,0.00077,0.00021,-1.58824,-0.00029,0.00071,-0.00029,-1.59545,-1.59297,0.00121,0.0006,6.59297,6.59545,True,True,6.59297,6.59545,True,True
05542108fe,Be(S8Br)3,2.6595,R3m,trigonal,26,Br,35,5.0,-1.58787,0.00049,1e-05,-0.00068,-1.60333,-0.0,-0.00018,-1e-05,-1.58771,-1.59297,0.00085,0.00117,6.59297,6.60333,True,True,6.59297,6.60333,True,True
05542108fe,Be(S8Br)3,2.6595,R3m,trigonal,27,Br,35,5.0,-1.59526,-0.00039,-0.00066,0.00016,-1.58824,0.0003,-0.00103,0.0003,-1.59542,-1.59297,0.00136,0.00055,6.59297,6.59542,True,True,6.59297,6.59542,True,True
055fd62418,CsK2Cu2AgAs2,1.1352,C2/m,monoclinic,7,As,33,-3.0,-1.05835,0.00031,0.00045,0.00033,-0.99851,-7e-05,0.00071,-3e-05,-1.05835,-1.0384,0.00096,0.00026,1.9616,2.00149,True,True,1.9616,2.00149,True,True
05635258e6,Tb4Y4Ir3WO24,0.2507,P1,triclinic,8,Ir,77,6.0,3.47822,5e-05,0.00032,-0.00039,3.52438,-0.00042,-0.00354,-0.00058,3.47312,3.49191,0.00364,0.00386,2.50809,2.52688,True,True,2.50809,2.52688,True,True
05635258e6,Tb4Y4Ir3WO24,0.2507,P1,triclinic,9,Ir,77,6.0,3.34999,0.00041,0.00072,-9e-05,3.29467,0.00087,-0.00239,0.00061,3.35331,3.33265,0.00274,0.00311,2.66735,2.70533,True,True,2.66735,2.70533,True,True
05635258e6,Tb4Y4Ir3WO24,0.2507,P1,triclinic,10,Ir,77,6.0,3.2177,0.0,-0.00062,-0.00048,3.12872,-0.00058,0.00204,-0.00083,3.22255,3.18966,0.00241,0.00266,2.81034,2.87128,True,True,2.81034,2.87128,True,True
056470ca7b,Sr2MgWN4,2.1163,P2_1/m,monoclinic,6,W,74,6.0,3.86223,0.00037,-0.00022,8e-05,3.89547,8e-05,0.00022,-8e-05,3.86223,3.87331,0.00051,0.00044,2.12669,2.13777,True,True,2.12669,2.13777,True,True
056470ca7b,Sr2MgWN4,2.1163,P2_1/m,monoclinic,7,W,74,6.0,3.88439,-8e-05,-0.00022,-0.00037,3.85115,8e-05,0.00022,-8e-05,3.88439,3.87331,0.00051,0.00044,2.12669,2.14885,True,True,2.12669,2.14885,True,True
05650349b0,Tm2Lu4IrO12,0.4008,P1,triclinic,6,Ir,77,6.0,3.38623,2e-05,-0.00044,3e-05,3.39808,-0.00029,0.00039,-0.00041,3.38552,3.38994,0.00078,0.00083,2.61006,2.61448,True,True,2.61006,2.61448,True,True
056b236b10,MnCo(S2O7)2,3.0814,P-1,triclinic,2,S,16,6.0,3.74289,-0.00506,-0.0002,-0.00454,3.70483,-0.00175,0.00051,-0.00164,3.7466,3.73144,0.00723,0.0007,2.26856,2.29517,True,True,2.26856,2.29517,True,True
056b236b10,MnCo(S2O7)2,3.0814,P-1,triclinic,3,S,16,6.0,3.71628,0.00454,-0.00051,0.00506,3.75805,-0.00175,0.0002,-0.00164,3.71999,3.73144,0.00723,0.0007,2.26856,2.28372,True,True,2.26856,2.28372,True,True
056b236b10,MnCo(S2O7)2,3.0814,P-1,triclinic,4,S,16,6.0,3.53797,0.01163,-0.00067,0.01084,3.51869,-0.00099,-0.00133,-0.00108,3.54017,3.53228,0.01604,0.0008,2.46772,2.48131,True,True,2.46772,2.48131,True,True
056b236b10,MnCo(S2O7)2,3.0814,P-1,triclinic,5,S,16,6.0,3.52439,-0.01084,0.00133,-0.01163,3.54586,-0.00099,0.00067,-0.00108,3.52658,3.53228,0.01604,0.0008,2.46772,2.47561,True,True,2.46772,2.47561,True,True
057082db7a,Cs4V2PdSe8,1.1569,P2_1/c,monoclinic,8,V,23,5.0,1.87978,-0.00025,0.00224,-0.00021,1.89821,-6e-05,-0.0001,4e-05,1.88169,1.88656,0.00227,0.00234,3.11344,3.12022,True,True,3.1134399999999998,3.1202199999999998,True,True
057082db7a,Cs4V2PdSe8,1.1569,P2_1/c,monoclinic,9,V,23,5.0,1.89334,0.00021,0.00224,0.00025,1.87491,-4e-05,-0.0001,6e-05,1.89143,1.88656,0.00227,0.00234,3.11344,3.12509,True,True,3.1134399999999998,3.12509,True,True
057082db7a,Cs4V2PdSe8,1.1569,P2_1/c,monoclinic,10,V,23,5.0,1.89143,0.00021,0.0001,0.00025,1.87491,-6e-05,-0.00224,4e-05,1.89335,1.88656,0.00227,0.00234,3.11344,3.12509,True,True,3.1134399999999998,3.12509,True,True
057082db7a,Cs4V2PdSe8,1.1569,P2_1/c,monoclinic,11,V,23,5.0,1.88169,-0.00025,0.0001,-0.00021,1.89821,-4e-05,-0.00224,6e-05,1.87978,1.88656,0.00227,0.00234,3.11344,3.12022,True,True,3.1134399999999998,3.1202199999999998,True,True
057082db7a,Cs4V2PdSe8,1.1569,P2_1/c,monoclinic,12,Pd,46,2.0,-0.1025,4e-05,0.00042,-4e-05,-0.10319,-0.00016,-0.00042,-0.00023,-0.10387,-0.10319,0.00066,0.00083,2.10319,2.10387,True,True,2.10319,2.10387,True,True
057082db7a,Cs4V2PdSe8,1.1569,P2_1/c,monoclinic,13,Pd,46,2.0,-0.10387,4e-05,0.00042,-4e-05,-0.10319,0.00023,-0.00042,0.00016,-0.1025,-0.10319,0.00066,0.00083,2.10319,2.10387,True,True,2.10319,2.10387,True,True
0575e76bf4,SrCeP2,0.7585,R-3m,trigonal,1,Ce,58,4.0,1.72783,-0.00046,-0.00018,0.00046,1.72757,-0.00012,0.00018,-0.00035,1.72731,1.72757,0.00079,0.00092,2.27243,2.27269,True,True,2.27243,2.27269,True,True
05768230e9,SnSO4F,2.832,P-1,triclinic,2,S,16,6.0,3.98742,0.06477,-0.00439,0.06475,3.93678,-0.00041,-0.00418,-0.00057,3.98764,3.97061,0.09179,0.00021,2.02939,2.06322,True,True,2.02939,2.06322,True,True
05768230e9,SnSO4F,2.832,P-1,triclinic,3,S,16,6.0,3.95358,-0.06476,0.00418,-0.06478,4.00444,-0.00041,0.00439,-0.00057,3.9538,3.97061,0.0918,0.00021,2.02939,2.04642,True,True,2.02939,2.04642,True,True
057d40b16e,Er3Tm(B4W)4,0.321,Pm,monoclinic,0,Er,68,3.0,5.06134,-0.00193,-0.006,0.00093,4.80274,-0.00063,0.006,0.00063,5.06134,4.97514,0.00879,0.01199,1.97514,2.06134,True,True,1.9751399999999997,2.0613400000000004,True,True
057d40b16e,Er3Tm(B4W)4,0.321,Pm,monoclinic,2,Er,68,3.0,4.96859,-0.00162,0.0062,0.00125,5.25136,-0.00069,-0.0062,0.00069,4.96859,5.06285,0.00905,0.01239,2.06285,2.25136,True,True,2.06285,2.25136,True,True
057d40b16e,Er3Tm(B4W)4,0.321,Pm,monoclinic,4,B,5,-1.5,-3.43731,-0.00502,0.00141,-0.00088,-3.50105,-0.0005,-0.00141,0.0005,-3.43731,-3.45856,0.00551,0.00414,1.95856,2.00105,True,True,1.9585599999999999,2.00105,True,True
057d40b16e,Er3Tm(B4W)4,0.321,Pm,monoclinic,6,B,5,-1.5,-3.6385,-0.00497,-0.00109,-0.00119,-3.55088,-0.00052,0.00109,0.00052,-3.6385,-3.60929,0.00539,0.00378,2.10929,2.1385,True,True,2.10929,2.1385,True,True
057d5f7f8e,HgBrNO3,1.8225,Pnma,orthorhombic,8,N,7,5.0,1.6875,-0.00074,-0.0001,0.00045,1.68749,0.00022,0.0001,-0.00022,1.6875,1.6875,0.00093,0.00118,3.3125,3.31251,True,True,3.3125,3.31251,True,True
057d5f7f8e,HgBrNO3,1.8225,Pnma,orthorhombic,9,N,7,5.0,1.68749,-0.00074,0.0001,0.00045,1.68751,0.00022,-0.0001,-0.00022,1.68749,1.6875,0.00093,0.00118,3.3125,3.31251,True,True,3.3125,3.31251,True,True
057d5f7f8e,HgBrNO3,1.8225,Pnma,orthorhombic,10,N,7,5.0,1.6875,-0.00045,0.0001,0.00074,1.68749,0.00022,-0.0001,-0.00022,1.6875,1.6875,0.00093,0.00118,3.3125,3.31251,True,True,3.3125,3.31251,True,True
057d5f7f8e,HgBrNO3,1.8225,Pnma,orthorhombic,11,N,7,5.0,1.68749,-0.00045,-0.0001,0.00074,1.68751,0.00022,0.0001,-0.00022,1.68749,1.6875,0.00093,0.00118,3.3125,3.31251,True,True,3.3125,3.31251,True,True
057d79a9a9,Nb2Ir2Se5S3,0.2494,Pmn2_1,orthorhombic,4,Ir,77,5.0,-2.16228,-0.00039,0.00066,0.00067,-2.08941,-0.0001,-0.00066,0.0001,-2.16228,-2.13799,0.00122,0.00132,7.13799,7.16228,True,True,7.13799,7.16228,True,True
057d79a9a9,Nb2Ir2Se5S3,0.2494,Pmn2_1,orthorhombic,5,Ir,77,5.0,-2.16228,-0.00067,-0.00066,0.00039,-2.08941,-0.0001,0.00066,0.0001,-2.16228,-2.13799,0.00122,0.00132,7.13799,7.16228,True,True,7.13799,7.16228,True,True
057d79a9a9,Nb2Ir2Se5S3,0.2494,Pmn2_1,orthorhombic,6,Ir,77,4.0,-2.58117,-0.00051,-0.00042,0.00026,-2.6373,3e-05,0.00042,-3e-05,-2.58117,-2.59988,0.00082,0.00084,6.59988,6.6373,True,True,6.599880000000001,6.6373,True,True
057d79a9a9,Nb2Ir2Se5S3,0.2494,Pmn2_1,orthorhombic,7,Ir,77,4.0,-2.58117,-0.00026,0.00042,0.00051,-2.6373,3e-05,-0.00042,-3e-05,-2.58117,-2.59988,0.00082,0.00084,6.59988,6.6373,True,True,6.599880000000001,6.6373,True,True
057d79a9a9,Nb2Ir2Se5S3,0.2494,Pmn2_1,orthorhombic,8,Se,34,-2.0,1.30171,-3e-05,0.00022,-0.00032,1.22207,-0.0003,-0.00022,0.0003,1.30171,1.27516,0.00062,0.0006,3.27516,3.30171,True,True,3.27516,3.30171,True,True
057d79a9a9,Nb2Ir2Se5S3,0.2494,Pmn2_1,orthorhombic,9,Se,34,-2.0,1.30171,0.00032,-0.00022,3e-05,1.22207,-0.0003,0.00022,0.0003,1.30171,1.27516,0.00062,0.0006,3.27516,3.30171,True,True,3.27516,3.30171,True,True
057d79a9a9,Nb2Ir2Se5S3,0.2494,Pmn2_1,orthorhombic,12,Se,34,-2.0,0.46678,9e-05,0.00106,0.00045,0.46384,0.00057,-0.00106,-0.00057,0.46678,0.4658,0.00176,0.00211,2.4658,2.46678,True,True,2.4657999999999998,2.46678,True,True
057d79a9a9,Nb2Ir2Se5S3,0.2494,Pmn2_1,orthorhombic,13,Se,34,-2.0,0.46678,-0.00045,-0.00106,-9e-05,0.46384,0.00057,0.00106,-0.00057,0.46678,0.4658,0.00176,0.00211,2.4658,2.46678,True,True,2.4657999999999998,2.46678,True,True
057d79a9a9,Nb2Ir2Se5S3,0.2494,Pmn2_1,orthorhombic,14,Se,34,-2.0,1.49756,0.00031,0.00037,-0.00034,1.57438,-0.00013,-0.00037,0.00013,1.49756,1.52317,0.00072,0.00074,3.52317,3.57438,True,True,3.52317,3.5743799999999997,True,True
057d79a9a9,Nb2Ir2Se5S3,0.2494,Pmn2_1,orthorhombic,15,Se,34,-2.0,1.49756,0.00034,-0.00037,-0.00031,1.57438,-0.00013,0.00037,0.00013,1.49756,1.52317,0.00072,0.00074,3.52317,3.57438,True,True,3.52317,3.5743799999999997,True,True
057d79a9a9,Nb2Ir2Se5S3,0.2494,Pmn2_1,orthorhombic,16,Se,34,-2.0,0.01808,0.00026,-0.00191,8e-05,0.04256,0.00035,0.00191,-0.00035,0.01808,0.02624,0.00276,0.00381,2.02624,2.04256,True,True,2.02624,2.04256,True,True
057d79a9a9,Nb2Ir2Se5S3,0.2494,Pmn2_1,orthorhombic,17,Se,34,-2.0,0.01808,-8e-05,0.00191,-0.00026,0.04256,0.00035,-0.00191,-0.00035,0.01808,0.02624,0.00276,0.00381,2.02624,2.04256,True,True,2.02624,2.04256,True,True
057fe73461,NpP2Cl15,0.0803,C2/m,monoclinic,1,P,15,5.0,2.57437,0.00013,-0.0007,7e-05,2.58355,7e-05,-0.00065,6e-05,2.57431,2.57741,0.00097,6e-05,2.42259,2.42569,True,True,2.42259,2.42569,True,True
057fe73461,NpP2Cl15,0.0803,C2/m,monoclinic,2,P,15,5.0,2.58051,-7e-05,0.00065,-0.00013,2.57127,7e-05,0.0007,6e-05,2.58045,2.57741,0.00097,6e-05,2.42259,2.42873,True,True,2.42259,2.42873,True,True
058c28b74f,LiAlSb4,0.077,Pnma,orthorhombic,4,Al,13,3.0,-0.16897,-0.00047,-0.00038,-0.00011,-0.15734,4e-05,0.00038,-4e-05,-0.16897,-0.16509,0.00073,0.00077,3.16509,3.16897,True,True,3.16509,3.16897,True,True
058c28b74f,LiAlSb4,0.077,Pnma,orthorhombic,5,Al,13,3.0,-0.16121,0.00011,-0.00038,0.00047,-0.17284,4e-05,0.00038,-4e-05,-0.16121,-0.16509,0.00073,0.00077,3.16509,3.17284,True,True,3.16509,3.17284,True,True
058c28b74f,LiAlSb4,0.077,Pnma,orthorhombic,6,Al,13,3.0,-0.16122,-0.00047,0.00038,-0.00011,-0.17285,4e-05,-0.00038,-4e-05,-0.16122,-0.16509,0.00073,0.00077,3.16509,3.17285,True,True,3.16509,3.17285,True,True
058c28b74f,LiAlSb4,0.077,Pnma,orthorhombic,7,Al,13,3.0,-0.16897,0.00011,0.00038,0.00047,-0.15734,4e-05,-0.00038,-4e-05,-0.16897,-0.16509,0.00073,0.00077,3.16509,3.16897,True,True,3.16509,3.16897,True,True
059ea2a5be,CaCdC4(NO)4,3.5607,R3,trigonal,6,C,6,4.0,2.01127,0.00635,0.0008,0.00443,1.96948,-0.00157,-0.00077,-0.00128,2.00934,1.9967,0.00808,0.00192,2.0033,2.03052,True,True,2.0033000000000003,2.03052,True,True
059ea2a5be,CaCdC4(NO)4,3.5607,R3,trigonal,7,C,6,4.0,1.98749,0.00077,-0.00141,0.00141,2.01255,-0.00164,-0.00106,-0.00199,1.99006,1.9967,0.00352,0.00064,2.0033,2.01251,True,True,2.0033000000000003,2.01251,True,True
059ea2a5be,CaCdC4(NO)4,3.5607,R3,trigonal,8,C,6,4.0,1.99227,-0.00598,-0.00044,-0.00452,2.00529,0.00276,-0.00183,0.00274,1.99254,1.9967,0.00865,0.00146,2.0033,2.00773,True,True,2.0033000000000003,2.00773,True,True
059ea2a5be,CaCdC4(NO)4,3.5607,R3,trigonal,15,C,6,4.0,1.99424,5e-05,0.00052,-4e-05,1.98797,-0.00333,-0.00126,-0.00321,1.99336,1.99186,0.00482,0.00178,2.00814,2.01203,True,True,2.00814,2.01203,True,True
059ea2a5be,CaCdC4(NO)4,3.5607,R3,trigonal,16,C,6,4.0,1.98801,-0.01206,-0.00058,-0.01079,2.00039,0.00128,-0.00059,0.00123,1.98717,1.99186,0.0163,0.00127,2.00814,2.01283,True,True,2.00814,2.01283,True,True
059ea2a5be,CaCdC4(NO)4,3.5607,R3,trigonal,17,C,6,4.0,2.00843,0.0116,0.00247,0.01076,1.95732,0.0005,-0.00226,0.00046,2.00982,1.99186,0.01619,0.00473,2.00814,2.04268,True,True,2.00814,2.04268,True,True
059fe9297a,CaFeSb12Ir2Ru,0.1156,P-1,triclinic,1,Fe,26,3.0,-6.74707,-9e-05,0.00072,9e-05,-6.74595,-0.0,-0.00072,0.00016,-6.74483,-6.74595,0.00104,0.00144,9.74595,9.74707,True,True,9.74595,9.74707,True,True
059fe9297a,CaFeSb12Ir2Ru,0.1156,P-1,triclinic,2,Sb,51,-1.5,3.01209,0.00013,-0.0005,0.00011,2.97247,-0.0,-0.00093,0.00014,3.014,2.99952,0.00108,0.00044,4.49952,4.514,True,True,4.49952,4.513999999999999,True,True
059fe9297a,CaFeSb12Ir2Ru,0.1156,P-1,triclinic,3,Sb,51,-1.5,2.98423,0.00073,-0.00014,0.0003,3.02564,-0.00013,-0.00016,0.00012,2.98306,2.99765,0.00083,0.00043,4.49765,4.52564,True,True,4.49765,4.52564,True,True
059fe9297a,CaFeSb12Ir2Ru,0.1156,P-1,triclinic,4,Sb,51,-1.5,2.98504,-0.00011,0.00093,-0.00013,3.02657,-0.0,0.0005,0.00014,2.98695,2.99952,0.00108,0.00044,4.49952,4.52657,True,True,4.49952,4.5265699999999995,True,True
059fe9297a,CaFeSb12Ir2Ru,0.1156,P-1,triclinic,5,Sb,51,-1.5,1.08043,0.00054,-0.00158,0.00032,1.0421,-0.00014,-0.00192,5e-05,1.07834,1.06695,0.00256,0.00034,2.56695,2.58043,True,True,2.5669500000000003,2.58043,True,True
059fe9297a,CaFeSb12Ir2Ru,0.1156,P-1,triclinic,6,Sb,51,-1.5,1.05557,-0.00032,0.00192,-0.00054,1.09181,-0.00014,0.00158,5e-05,1.05348,1.06695,0.00256,0.00034,2.56695,2.59181,True,True,2.5669500000000003,2.5918099999999997,True,True
059fe9297a,CaFeSb12Ir2Ru,0.1156,P-1,triclinic,7,Sb,51,-1.5,1.61079,-0.00011,0.00043,-0.00031,1.59151,7e-05,0.00074,-6e-05,1.61411,1.60547,0.00092,0.00031,3.10547,3.11411,True,True,3.10547,3.11411,True,True
059fe9297a,CaFeSb12Ir2Ru,0.1156,P-1,triclinic,8,Sb,51,-1.5,3.01223,-0.0003,0.00016,-0.00073,2.96965,-0.00013,0.00014,0.00012,3.01106,2.99765,0.00083,0.00043,4.49765,4.51223,True,True,4.49765,4.512230000000001,True,True
059fe9297a,CaFeSb12Ir2Ru,0.1156,P-1,triclinic,9,Sb,51,-1.5,1.07046,-0.00027,0.00161,0.00059,1.01729,2e-05,0.00029,-2e-05,1.06821,1.05198,0.00177,0.00133,2.55198,2.57046,True,True,2.55198,2.5704599999999997,True,True
059fe9297a,CaFeSb12Ir2Ru,0.1156,P-1,triclinic,10,Sb,51,-1.5,2.42605,-0.00013,-0.00155,-0.00027,2.42044,0.00019,0.00056,-0.00017,2.42577,2.42409,0.00169,0.00211,3.92409,3.92605,True,True,3.92409,3.92605,True,True
059fe9297a,CaFeSb12Ir2Ru,0.1156,P-1,triclinic,11,Sb,51,-1.5,1.59683,0.00031,-0.00074,0.00011,1.61943,7e-05,-0.00043,-6e-05,1.60014,1.60547,0.00092,0.00031,3.10547,3.11943,True,True,3.10547,3.11943,True,True
059fe9297a,CaFeSb12Ir2Ru,0.1156,P-1,triclinic,12,Sb,51,-1.5,2.4224,0.00027,-0.00056,0.00013,2.42773,0.00019,0.00155,-0.00017,2.42213,2.42409,0.00169,0.00211,3.92409,3.92773,True,True,3.92409,3.92773,True,True
059fe9297a,CaFeSb12Ir2Ru,0.1156,P-1,triclinic,13,Sb,51,-1.5,1.03576,-0.00059,-0.00029,0.00027,1.08668,2e-05,-0.00161,-2e-05,1.03351,1.05198,0.00177,0.00133,2.55198,2.58668,True,True,2.55198,2.5866800000000003,True,True
059fe9297a,CaFeSb12Ir2Ru,0.1156,P-1,triclinic,14,Ir,77,4.0,-6.23026,-0.0,-0.00054,0.0,-6.23056,0.00012,0.00054,0.00011,-6.23086,-6.23056,0.00079,0.00109,10.23056,10.23086,True,True,10.23056,10.23086,True,True
059fe9297a,CaFeSb12Ir2Ru,0.1156,P-1,triclinic,15,Ir,77,4.0,-6.21603,0.00024,4e-05,-0.00024,-6.21568,-0.00015,-4e-05,-0.00022,-6.21532,-6.21568,0.00043,0.00047,10.21568,10.21603,True,True,10.215679999999999,10.21603,True,True
059fe9297a,CaFeSb12Ir2Ru,0.1156,P-1,triclinic,16,Ru,44,5.0,-6.7071,-0.0004,-0.0,0.0004,-6.70768,-6e-05,0.0,-2e-05,-6.70825,-6.70768,0.00057,0.0008,11.70768,11.70825,True,True,11.70768,11.70825,True,True
05a24f28bd,PrSmGd4(RuO7)2,0.1637,C2/m,monoclinic,6,Ru,44,5.0,2.44987,-0.00056,5e-05,0.00056,2.4505,-0.00018,-5e-05,0.00037,2.45113,2.4505,0.00089,0.00111,2.5495,2.55013,True,True,2.5495,2.55013,True,True
05a24f28bd,PrSmGd4(RuO7)2,0.1637,C2/m,monoclinic,7,Ru,44,5.0,2.37948,-0.00062,-3e-05,0.00062,2.37963,-0.00049,3e-05,0.00019,2.37979,2.37963,0.00102,0.00123,2.62037,2.62052,True,True,2.62037,2.62052,True,True
05a3ef6af0,Ca3BSbO3,2.1844,P6_3/mmc,hexagonal,8,Sb,51,-3.0,-0.13911,0.0004,0.0,-0.0004,-0.13911,5e-05,-0.0,-5e-05,-0.13911,-0.13911,0.00057,0.0008,2.86089,2.86089,True,True,2.86089,2.86089,True,True
05a3ef6af0,Ca3BSbO3,2.1844,P6_3/mmc,hexagonal,9,Sb,51,-3.0,-0.13911,0.0004,-0.0,-0.0004,-0.13911,5e-05,0.0,-5e-05,-0.13911,-0.13911,0.00057,0.0008,2.86089,2.86089,True,True,2.86089,2.86089,True,True
05a40fc72a,TaCu3SeS3,1.8164,R3m,trigonal,0,Ta,73,5.0,2.21162,-0.00014,-0.00017,-0.00014,2.2171,-0.00028,-0.00029,-0.00028,2.21179,2.21351,0.00056,0.00012,2.78649,2.78838,True,True,2.78649,2.78838,True,True
05a58c13e1,Sr3LaScCoO8,1.4039,Amm2,orthorhombic,10,Co,27,4.0,1.90882,0.00048,-2e-05,0.0001,1.9088,7e-05,2e-05,5e-05,1.90882,1.90881,0.0005,0.00038,2.09119,2.0912,True,True,2.09119,2.0911999999999997,True,True
05a58c13e1,Sr3LaScCoO8,1.4039,Amm2,orthorhombic,11,Co,27,4.0,1.91055,0.0005,3e-05,0.00014,1.91062,5e-05,-3e-05,3e-05,1.91055,1.91057,0.00053,0.00036,2.08943,2.08945,True,True,2.08943,2.0894500000000003,True,True
05a858818a,Dy3ErTc4F28,1.6209,P1,triclinic,4,Tc,43,4.0,1.93982,0.00124,-0.00215,0.00057,1.9918,-0.0004,-0.00197,-0.00021,1.93939,1.957,0.00325,0.00067,2.043,2.06061,True,True,2.043,2.06061,True,True
05a858818a,Dy3ErTc4F28,1.6209,P1,triclinic,5,Tc,43,4.0,1.97273,-0.00085,-0.00114,-0.00155,1.9438,0.00018,-0.00076,0.00037,1.97292,1.96315,0.00228,0.00071,2.03685,2.0562,True,True,2.0368500000000003,2.0562,True,True
05a858818a,Dy3ErTc4F28,1.6209,P1,triclinic,6,Tc,43,4.0,1.9754,-0.00048,0.00166,-0.00119,1.92026,-0.00033,0.00226,-0.00015,1.97482,1.95682,0.00311,0.00071,2.04318,2.07974,True,True,2.04318,2.07974,True,True
05a858818a,Dy3ErTc4F28,1.6209,P1,triclinic,7,Tc,43,4.0,1.92777,0.00183,0.00144,0.00104,1.96762,0.00028,0.00163,0.00044,1.92823,1.94121,0.00307,0.00079,2.05879,2.07223,True,True,2.05879,2.0722300000000002,True,True
05aae6049f,BaSr3(ReN3)4,1.9908,C2,monoclinic,4,Re,75,7.0,4.3124,-0.00286,4e-05,-0.00382,4.29294,0.00096,-0.00057,0.00042,4.31056,4.3053,0.00492,0.00096,2.6947,2.70706,True,True,2.6947,2.7070600000000002,True,True
05aae6049f,BaSr3(ReN3)4,1.9908,C2,monoclinic,5,Re,75,7.0,4.30006,0.00082,-0.00022,-0.00123,4.31766,-0.00088,-0.00039,-0.00049,4.29818,4.3053,0.00185,0.00206,2.6947,2.70182,True,True,2.6947,2.7018199999999997,True,True
05aae6049f,BaSr3(ReN3)4,1.9908,C2,monoclinic,6,Re,75,7.0,4.36655,0.00017,-0.00058,-0.00199,4.35337,-0.00098,-0.00082,-0.00057,4.36467,4.36153,0.00251,0.00217,2.63847,2.64663,True,True,2.63847,2.64663,True,True
05aae6049f,BaSr3(ReN3)4,1.9908,C2,monoclinic,7,Re,75,7.0,4.35837,-0.00048,-0.0002,-0.00156,4.36969,0.00072,-0.00113,7e-05,4.35653,4.36153,0.00213,0.00109,2.63847,2.64347,True,True,2.63847,2.6434699999999998,True,True
05b0a8b260,K4Na2ErInP4,1.1919,I222,orthorhombic,6,Er,68,3.0,0.33249,4e-05,0.00015,-4e-05,0.33232,-0.00058,-0.00015,-0.00069,0.33215,0.33232,0.00093,0.0003,2.66768,2.66785,True,True,2.66768,2.66785,True,True
05b0a8b260,K4Na2ErInP4,1.1919,I222,orthorhombic,7,In,49,3.0,-0.26482,1e-05,0.00018,-1e-05,-0.26499,-0.00079,-0.00018,-0.00089,-0.26515,-0.26499,0.00122,0.00036,3.26499,3.26515,True,True,3.26499,3.26515,True,True
05b2e980a7,Pr4Zr3TcF28,1.8257,P1,triclinic,7,Tc,43,4.0,1.06359,-0.00075,-0.00033,-0.00037,1.07112,-0.00011,-0.00069,-0.00026,1.06331,1.06601,0.00117,0.00037,2.93399,2.93669,True,True,2.93399,2.93669,True,True
05b33597b7,Na10Sr2TaVP8,1.0982,P1,triclinic,12,Ta,73,5.0,-0.37979,-0.00019,0.00037,0.00031,-0.42369,-0.00035,0.00036,-0.00035,-0.37905,-0.39417,0.0008,0.0005,5.39417,5.42369,True,True,5.39417,5.42369,True,True
05b33597b7,Na10Sr2TaVP8,1.0982,P1,triclinic,13,V,23,4.0,-1.35227,4e-05,-0.0011,5e-05,-1.35679,0.00076,-0.00102,0.0008,-1.35191,-1.35366,0.00186,8e-05,5.35366,5.35679,True,True,5.35366,5.35679,True,True
05b33597b7,Na10Sr2TaVP8,1.0982,P1,triclinic,14,P,15,-3.0,-0.46411,-0.00057,-0.00146,8e-05,-0.46687,-0.00082,-0.00059,-0.00113,-0.45729,-0.46276,0.00218,0.00087,2.53724,2.54271,True,True,2.53724,2.54271,True,True
05b33597b7,Na10Sr2TaVP8,1.0982,P1,triclinic,15,P,15,-3.0,-0.05321,-0.00091,-0.00041,-0.00014,-0.06532,0.00126,0.00039,0.00093,-0.06016,-0.05956,0.0019,0.00079,2.94044,2.94679,True,True,2.94044,2.94679,True,True
05b33597b7,Na10Sr2TaVP8,1.0982,P1,triclinic,16,P,15,-3.0,-0.20024,0.0003,0.00077,0.00128,-0.2141,-0.0005,-0.00089,0.00054,-0.20022,-0.20485,0.00191,0.00166,2.79515,2.79978,True,True,2.79515,2.79978,True,True
05b33597b7,Na10Sr2TaVP8,1.0982,P1,triclinic,18,P,15,-3.0,-0.97422,7e-05,-0.0007,0.00045,-0.98812,-0.00065,-0.00129,-0.00092,-0.98088,-0.98108,0.00191,0.00059,2.01892,2.02578,True,True,2.01892,2.02578,True,True
05b33597b7,Na10Sr2TaVP8,1.0982,P1,triclinic,19,P,15,-3.0,-0.8752,-0.00054,-0.00047,0.00011,-0.88179,-0.0,0.00102,1e-05,-0.87521,-0.8774,0.00125,0.00149,2.1226,2.1248,True,True,2.1226000000000003,2.1248,True,True
05b3504373,NiP2(PdS4)2,1.1863,C2/m,monoclinic,1,P,15,5.0,2.13018,0.00117,0.00131,-0.00102,2.17817,6e-05,0.00036,-0.00019,2.13024,2.1462,0.00208,0.00219,2.8538,2.86982,True,True,2.8538,2.86982,True,True
05b3504373,NiP2(PdS4)2,1.1863,C2/m,monoclinic,2,P,15,5.0,2.16216,0.00102,-0.00036,-0.00117,2.11422,6e-05,-0.00131,-0.00019,2.16222,2.1462,0.00208,0.00219,2.8538,2.88578,True,True,2.8538,2.88578,True,True
05ba2ac0db,Cs2Ge(PdSe2)3,0.9103,R-3m,trigonal,2,Ge,32,4.0,1.63119,-0.00025,-0.0014,0.00025,1.63075,0.00234,0.0014,0.00177,1.63032,1.63075,0.00356,0.0028,2.36925,2.36968,True,True,2.36925,2.36968,True,True
05bc62b476,NaLi(Bi3S5)2,1.2282,C2/m,monoclinic,1,Li,3,1.0,4.00523,9e-05,-3e-05,-9e-05,4.00544,0.00012,3e-05,0.0001,4.00565,4.00544,0.00021,0.00019,3.00544,3.00565,True,True,3.00544,3.00565,True,True
05bf8e73eb,Sr6LuSc(RhO6)2,2.2075,R32,trigonal,8,Rh,45,3.0,0.98267,-0.00042,0.0023,-0.00044,0.95884,0.00057,-0.00041,0.00058,0.98197,0.97449,0.00254,0.00271,2.02551,2.04116,True,True,2.02551,2.04116,True,True
05bf8e73eb,Sr6LuSc(RhO6)2,2.2075,R32,trigonal,9,Rh,45,3.0,0.96702,0.00044,0.00041,0.00042,0.99014,0.00057,-0.0023,0.00058,0.96632,0.97449,0.00254,0.00271,2.02551,2.03368,True,True,2.02551,2.03368,True,True
05c44fa977,K12Na8Zr4As5P7,1.0496,P1,triclinic,20,Zr,40,4.0,1.17269,0.00015,0.00118,-0.00022,1.16834,7e-05,-0.00023,0.00017,1.17387,1.17163,0.00124,0.00141,2.82837,2.83166,True,True,2.82837,2.8316600000000003,True,True
05c44fa977,K12Na8Zr4As5P7,1.0496,P1,triclinic,21,Zr,40,4.0,0.39251,-5e-05,7e-05,-0.00011,0.40863,-0.00043,-0.00046,-0.00045,0.3946,0.39858,0.00079,0.00053,3.60142,3.60749,True,True,3.60142,3.60749,True,True
05c44fa977,K12Na8Zr4As5P7,1.0496,P1,triclinic,22,Zr,40,4.0,0.52704,-6e-05,-0.00039,-0.00015,0.50439,0.00046,0.00018,0.00042,0.52911,0.52018,0.00078,0.00057,3.47982,3.49561,True,True,3.47982,3.49561,True,True
05c44fa977,K12Na8Zr4As5P7,1.0496,P1,triclinic,23,Zr,40,4.0,0.39708,-6e-05,-0.00034,-0.00028,0.41166,0.00044,0.00018,0.00066,0.39715,0.40196,0.00093,0.00052,3.59804,3.60292,True,True,3.59804,3.60292,True,True
05cd9c852a,InBi3Br28,1.3983,P1,triclinic,7,Br,35,-0.57,1.5024,-0.00013,0.0001,-0.0001,1.49154,-4e-05,0.00032,6e-05,1.50272,1.49889,0.00038,0.00022,2.07032,2.07415,True,True,2.06889,2.07272,True,True
05d12717b8,VFe(ReO4)4,1.2747,P2/m,monoclinic,0,V,23,2.0,4.13145,0.00088,0.00032,-0.00088,4.13157,8e-05,-0.00032,-0.0,4.13147,4.1315,0.00132,0.00176,2.1315,2.13157,True,True,2.1315,2.13157,True,True
05d12717b8,VFe(ReO4)4,1.2747,P2/m,monoclinic,1,Fe,26,2.0,-1.00799,0.00079,-3e-05,-0.00079,-1.00808,-0.00019,3e-05,0.00018,-1.00815,-1.00807,0.00115,0.00158,3.00807,3.00815,True,True,3.00807,3.00815,True,True
05d12717b8,VFe(ReO4)4,1.2747,P2/m,monoclinic,2,Re,75,7.0,3.39147,0.00409,0.00042,0.0037,3.53068,0.00027,-0.00054,-0.00026,3.39155,3.4379,0.00558,0.00096,3.5621,3.60853,True,True,3.5621,3.60853,True,True
05d12717b8,VFe(ReO4)4,1.2747,P2/m,monoclinic,3,Re,75,7.0,2.21564,-0.00128,-0.00048,-0.00176,2.33064,-0.00032,0.00047,0.00026,2.21563,2.25397,0.00232,0.00094,4.74603,4.78437,True,True,4.74603,4.78437,True,True
05d12717b8,VFe(ReO4)4,1.2747,P2/m,monoclinic,4,Re,75,7.0,2.29288,0.00176,-0.00046,0.00128,2.17784,-0.00032,0.00048,0.00026,2.29287,2.25453,0.00231,0.00094,4.74547,4.82216,True,True,4.74547,4.82216,True,True
05d12717b8,VFe(ReO4)4,1.2747,P2/m,monoclinic,5,Re,75,7.0,3.48396,-0.0037,0.00054,-0.00409,3.34485,0.00027,-0.00042,-0.00026,3.48404,3.43762,0.00557,0.00096,3.56238,3.65515,True,True,3.56238,3.65515,True,True
05d7662ae4,LuPb4W3O13,0.2883,R3m,trigonal,0,Lu,71,3.0,5.63117,-0.00056,-0.00182,-0.0004,5.58852,0.00376,-0.00114,0.00318,5.63174,5.61714,0.00542,0.00068,2.61714,2.63174,True,True,2.61714,2.6317399999999997,True,True
05d7662ae4,LuPb4W3O13,0.2883,R3m,trigonal,5,W,74,5.0,7.11504,-0.00039,-0.00532,0.00128,7.06167,0.0048,-0.0043,0.00353,7.12379,7.10017,0.00917,0.00167,2.10017,2.12379,True,True,2.1001700000000003,2.1237899999999996,True,True
05d7662ae4,LuPb4W3O13,0.2883,R3m,trigonal,6,W,74,5.0,7.07182,0.00464,0.00809,-0.00375,7.15519,0.002,0.00485,0.00074,7.0735,7.10017,0.01136,0.00839,2.10017,2.15519,True,True,2.1001700000000003,2.15519,True,True
05d7662ae4,LuPb4W3O13,0.2883,R3m,trigonal,7,W,74,5.0,7.11748,0.00114,0.00353,-0.00185,7.06167,0.00185,0.002,0.00541,7.12135,7.10017,0.00734,0.00356,2.10017,2.12135,True,True,2.1001700000000003,2.1213499999999996,True,True
05da8b4f18,Pr4NdGd3(SiO5)4,3.4106,P1,triclinic,21,O,8,-2.0,0.0509,0.00761,0.00188,0.00714,0.11178,-0.00109,-0.00024,-0.00104,0.05263,0.07177,0.01071,0.00212,2.07177,2.11178,True,True,2.07177,2.11178,True,True
05da8b4f18,Pr4NdGd3(SiO5)4,3.4106,P1,triclinic,31,O,8,-2.0,0.09721,-0.00146,0.00247,-0.00145,-0.03886,-0.00063,0.00106,-0.00051,0.09903,0.05246,0.00348,0.00141,2.05246,2.09903,True,True,2.05246,2.09903,True,True
05e80a77cb,K4HfZr5FeI18,1.1362,P1,triclinic,10,Fe,26,2.0,-10.12002,0.00012,0.00015,0.00011,-10.12041,-1e-05,-0.00011,-3e-05,-10.1201,-10.12017,0.00025,0.00026,12.12017,12.12041,True,True,12.12017,12.12041,True,True
05ea6f143a,K7Nb(SeO4)6,2.8533,R-3,trigonal,8,Se,34,6.0,3.1591,0.06415,8e-05,0.0643,3.14567,-0.00016,0.00059,-0.00027,3.16151,3.15543,0.09083,0.00051,2.84457,2.85433,True,True,2.84457,2.85433,True,True
05ea6f143a,K7Nb(SeO4)6,2.8533,R-3,trigonal,9,Se,34,6.0,3.18616,0.01709,-0.0004,0.01718,3.09748,-0.00017,-0.00183,-0.00072,3.1826,3.15542,0.02432,0.00143,2.84458,2.90252,True,True,2.84458,2.90252,True,True
05ea6f143a,K7Nb(SeO4)6,2.8533,R-3,trigonal,10,Se,34,6.0,3.15168,-0.00693,-0.00299,-0.00719,3.16419,0.00083,-0.00306,0.00125,3.15037,3.15541,0.01097,0.00042,2.84459,2.84963,True,True,2.84459,2.84963,True,True
05ea6f143a,K7Nb(SeO4)6,2.8533,R-3,trigonal,11,Se,34,6.0,3.16044,0.00719,0.00306,0.00693,3.14662,0.00083,0.00299,0.00125,3.15914,3.1554,0.01097,0.00042,2.8446,2.85338,True,True,2.8446,2.85338,True,True
05ea6f143a,K7Nb(SeO4)6,2.8533,R-3,trigonal,12,Se,34,6.0,3.12823,-0.01718,0.00183,-0.01709,3.21335,-0.00017,0.0004,-0.00072,3.12467,3.15541,0.02432,0.00143,2.84459,2.87533,True,True,2.84459,2.87533,True,True
05ea6f143a,K7Nb(SeO4)6,2.8533,R-3,trigonal,13,Se,34,6.0,3.14932,-0.0643,-0.00059,-0.06415,3.16516,-0.00016,-8e-05,-0.00027,3.15173,3.1554,0.09083,0.00051,2.8446,2.85068,True,True,2.8446,2.85068,True,True
05eb6f3eef,Cs3K2Li(TcH9)3,4.7987,Amm2,orthorhombic,6,Tc,43,5.0,-1.25479,0.00041,-0.00933,-0.0004,-1.25479,7e-05,-0.00933,-7e-05,-1.25479,-1.25479,0.01321,0.00081,6.25479,6.25479,True,True,6.25479,6.25479,True,True
05eb6f3eef,Cs3K2Li(TcH9)3,4.7987,Amm2,orthorhombic,7,Tc,43,5.0,-2.93631,-0.17593,-0.0064,-0.17674,-2.93588,-0.00021,-0.0064,0.00021,-2.93545,-2.93588,0.24954,0.0008,7.93588,7.93631,True,True,7.93588,7.936310000000001,True,True
05eb6f3eef,Cs3K2Li(TcH9)3,4.7987,Amm2,orthorhombic,8,Tc,43,5.0,-2.93543,0.17673,-0.0064,0.17593,-2.93586,-0.00021,-0.0064,0.00021,-2.93629,-2.93586,0.24954,0.0008,7.93586,7.93629,True,True,7.93586,7.93629,True,True
05f23892a8,Cs2TaNb(AgTe2)4,1.1544,Pm,monoclinic,2,Ta,73,5.0,2.83292,-0.00014,0.00045,5e-05,2.83311,-5e-05,0.00045,5e-05,2.8333,2.83311,0.00066,0.00019,2.16689,2.16708,True,True,2.16689,2.16708,True,True
05f23892a8,Cs2TaNb(AgTe2)4,1.1544,Pm,monoclinic,3,Nb,41,5.0,2.43576,3e-05,-0.00017,0.00016,2.43576,-5e-05,-0.00017,5e-05,2.43576,2.43576,0.0003,0.00013,2.56424,2.56424,True,True,2.56424,2.56424,True,True
05fb6f9ee5,Hf4NpBiF22,0.1162,I222,orthorhombic,5,Bi,83,1.0,4.62997,2e-05,0.00041,-2e-05,4.62959,0.00012,-0.00041,0.00019,4.62921,4.62959,0.00063,0.00083,3.62959,3.62997,True,True,3.6295900000000003,3.62997,True,True
05fc0365d7,DyEr2Ag(Pt2O7)2,0.1662,C2/m,monoclinic,7,Pt,78,4.0,1.82719,3e-05,0.00103,-3e-05,1.82712,-0.00206,-0.00103,-0.00175,1.82704,1.82712,0.00307,0.00206,2.17288,2.17296,True,True,2.17288,2.17296,True,True
05fc7c64a1,Mg2Ta3Nb(CoSb)6,0.9883,P1,triclinic,2,Ta,73,1.0,4.39482,-0.00194,0.00039,-0.00167,4.32845,4e-05,-7e-05,-0.00014,4.39356,4.37228,0.0026,0.00046,3.37228,3.39482,True,True,3.37228,3.39482,True,True
05fc7c64a1,Mg2Ta3Nb(CoSb)6,0.9883,P1,triclinic,3,Ta,73,1.0,4.33119,-0.00305,-0.00141,-0.00255,4.34493,0.00065,-0.00137,0.00025,4.33342,4.33652,0.00449,0.00051,3.33652,3.34493,True,True,3.33652,3.3449299999999997,True,True
05fc7c64a1,Mg2Ta3Nb(CoSb)6,0.9883,P1,triclinic,4,Ta,73,1.0,4.27935,0.00102,-0.00181,6e-05,4.4646,6e-05,-0.00151,-1e-05,4.27464,4.33953,0.00257,0.00096,3.33953,3.4646,True,True,3.33953,3.4646,True,True
05fc7c64a1,Mg2Ta3Nb(CoSb)6,0.9883,P1,triclinic,5,Nb,41,2.0,4.17314,0.00188,-0.0046,0.00191,4.00701,3e-05,-0.00357,2e-05,4.17172,4.11729,0.00641,0.00103,2.11729,2.17314,True,True,2.1172899999999997,2.17314,True,True
05fc7c64a1,Mg2Ta3Nb(CoSb)6,0.9883,P1,triclinic,6,Co,27,1.0,-5.24822,-0.00106,0.00282,0.0015,-4.87391,-6e-05,0.0033,-3e-05,-5.24776,-5.1233,0.00471,0.00256,6.1233,6.24822,True,True,6.1233,6.24822,True,True
05fc7c64a1,Mg2Ta3Nb(CoSb)6,0.9883,P1,triclinic,7,Co,27,2.0,-5.22465,0.00905,-0.00067,0.00912,-5.3019,-0.0003,0.00116,-6e-05,-5.22666,-5.25107,0.01292,0.00184,7.25107,7.3019,True,True,7.25107,7.3019,True,True
05fc7c64a1,Mg2Ta3Nb(CoSb)6,0.9883,P1,triclinic,8,Co,27,2.0,-5.47933,0.00919,-0.0016,0.00937,-5.70165,-0.00056,0.0001,-0.00024,-5.47944,-5.55347,0.01324,0.00169,7.55347,7.70165,True,True,7.55347,7.70165,True,True
05fc7c64a1,Mg2Ta3Nb(CoSb)6,0.9883,P1,triclinic,9,Co,27,2.0,-5.05038,-0.00641,0.0044,-0.00663,-5.20341,0.00065,0.00341,0.00058,-5.04812,-5.10064,0.01081,0.00099,7.10064,7.20341,True,True,7.10064,7.20341,True,True
05fc7c64a1,Mg2Ta3Nb(CoSb)6,0.9883,P1,triclinic,10,Co,27,1.0,-4.81599,-0.00829,-0.00126,-0.01091,-4.94314,0.00018,-0.00261,0.00048,-4.81726,-4.8588,0.01401,0.00262,5.8588,5.94314,True,True,5.8588,5.94314,True,True
05fc7c64a1,Mg2Ta3Nb(CoSb)6,0.9883,P1,triclinic,11,Co,27,1.0,-4.49657,-0.00129,-0.00298,-0.00142,-4.31549,-0.00067,-0.00325,0.00013,-4.50114,-4.43773,0.00486,0.0008,5.43773,5.50114,True,True,5.43773,5.50114,True,True
05fc7c64a1,Mg2Ta3Nb(CoSb)6,0.9883,P1,triclinic,12,Sb,51,-3.0,1.21983,-0.00095,-0.00495,-0.00017,1.37011,5e-05,-0.00943,0.00013,1.21924,1.26973,0.0107,0.00448,4.26973,4.37011,True,True,4.26973,4.37011,True,True
05fc7c64a1,Mg2Ta3Nb(CoSb)6,0.9883,P1,triclinic,13,Sb,51,-3.0,1.1414,0.00093,0.00051,0.001,1.00837,-0.00067,0.0013,-0.00028,1.14354,1.09777,0.00209,0.00079,4.09777,4.14354,True,True,4.09777,4.14354,True,True
05fc7c64a1,Mg2Ta3Nb(CoSb)6,0.9883,P1,triclinic,14,Sb,51,-3.0,1.41749,0.00209,0.00396,0.0006,1.22738,-0.00069,0.00575,-0.00031,1.41459,1.35315,0.00735,0.00179,4.35315,4.41749,True,True,4.35315,4.41749,True,True
05fc7c64a1,Mg2Ta3Nb(CoSb)6,0.9883,P1,triclinic,15,Sb,51,-3.0,1.22419,0.00097,0.00534,4e-05,1.28557,0.0006,0.00762,7e-05,1.22816,1.24597,0.00938,0.00229,4.24597,4.28557,True,True,4.24597,4.28557,True,True
05fc7c64a1,Mg2Ta3Nb(CoSb)6,0.9883,P1,triclinic,16,Sb,51,-3.0,1.2201,-0.00107,0.00191,-0.00075,1.33232,0.00073,0.00297,0.00029,1.22508,1.25917,0.00385,0.00106,4.25917,4.33232,True,True,4.25917,4.33232,True,True
05fc7c64a1,Mg2Ta3Nb(CoSb)6,0.9883,P1,triclinic,17,Sb,51,-3.0,1.14941,-0.00245,-0.0043,-0.00131,1.2461,-1e-05,-0.00849,-0.00039,1.14695,1.18082,0.00992,0.00419,4.18082,4.2461,True,True,4.18082,4.2461,True,True
05fce20b54,PbS2(O3F)2,4.1458,C2/c,monoclinic,3,S,16,6.0,4.20071,-0.08613,-0.00419,-0.08698,3.97542,0.00402,-0.00526,0.00321,4.20019,4.12544,0.1227,0.00107,1.87456,2.02458,True,True,1.8745599999999998,2.02458,True,True
05ff26cf20,Sr6HfMo3O14,1.5355,C2,monoclinic,6,Hf,72,4.0,6.03413,0.00061,-0.00488,-0.00103,6.03352,0.00014,-0.00436,-0.00019,6.03291,6.03352,0.00666,0.00164,2.03352,2.03413,True,True,2.03352,2.03413,True,True
05ff6b80ca,Rb4Sb4PdPt,0.5692,C2/m,monoclinic,4,Sb,51,-2.5,0.17339,6e-05,-0.00049,0.00014,0.17942,4e-05,-0.00096,0.00018,0.17288,0.17523,0.00111,0.00048,2.67523,2.67942,True,True,2.67523,2.67942,True,True
05ff6b80ca,Rb4Sb4PdPt,0.5692,C2/m,monoclinic,5,Sb,51,-2.5,0.17287,-0.00059,-0.00052,-0.0005,0.17941,8e-05,0.00019,5e-05,0.17338,0.17522,0.00096,0.00071,2.67522,2.67941,True,True,2.67522,2.67941,True,True
05ff6b80ca,Rb4Sb4PdPt,0.5692,C2/m,monoclinic,6,Sb,51,-2.5,0.17707,0.0005,-0.00019,0.00059,0.17104,8e-05,0.00052,5e-05,0.17758,0.17523,0.00096,0.00071,2.67523,2.67758,True,True,2.67523,2.67758,True,True
05ff6b80ca,Rb4Sb4PdPt,0.5692,C2/m,monoclinic,7,Sb,51,-2.5,0.17757,-0.00014,0.00096,-6e-05,0.17103,3e-05,0.00049,0.00018,0.17706,0.17522,0.00111,0.00048,2.67522,2.67757,True,True,2.67522,2.6775700000000002,True,True
05ff6b80ca,Rb4Sb4PdPt,0.5692,C2/m,monoclinic,8,Pd,46,2.0,-2.01798,0.00011,0.00074,-0.00011,-2.01765,-2e-05,-0.00074,0.00012,-2.01731,-2.01765,0.00107,0.00149,4.01765,4.01798,True,True,4.01765,4.01798,True,True
05ff6b80ca,Rb4Sb4PdPt,0.5692,C2/m,monoclinic,9,Pt,78,4.0,-2.12947,-0.00014,-0.00048,0.00014,-2.12906,-0.00023,0.00048,-1e-05,-2.12865,-2.12906,0.00074,0.00095,6.12906,6.12947,True,True,6.12906,6.1294699999999995,True,True
060077b241,V2ZnNi(TeO6)2,1.6309,Cmm2,orthorhombic,0,V,23,4.0,7.2406,-0.00072,0.0,0.00072,7.35642,-5e-05,-0.0,5e-05,7.24543,7.28082,0.00101,0.00143,3.28082,3.35642,True,True,3.2808200000000003,3.35642,True,True
060077b241,V2ZnNi(TeO6)2,1.6309,Cmm2,orthorhombic,1,V,23,4.0,6.90256,-0.00103,-0.0,0.00103,7.02759,-9e-05,-0.0,9e-05,6.90182,6.94399,0.00147,0.00206,2.94399,3.02759,True,True,2.9439900000000003,3.02759,True,True
060077b241,V2ZnNi(TeO6)2,1.6309,Cmm2,orthorhombic,5,Te,52,6.0,3.73897,-0.00076,-0.0,0.00076,3.60276,-0.00027,-0.0,0.00027,3.74044,3.69406,0.00115,0.00153,2.30594,2.39724,True,True,2.30594,2.39724,True,True
06009394ba,Al2VAs(SeO3)8,1.6517,P-1,triclinic,2,V,23,5.0,7.64491,-0.00018,-0.00022,0.00018,7.64458,0.00026,0.00022,0.00023,7.64425,7.64458,0.00053,0.00044,2.64458,2.64491,True,True,2.6445800000000004,2.6449100000000003,True,True
0600bc421a,Mn2Fe(MoO4)3,2.8301,P-1,triclinic,4,Fe,26,3.0,-0.49194,-3e-05,0.00039,-0.00034,-0.48957,0.0007,0.00077,0.00087,-0.49319,-0.49157,0.00145,0.00038,3.49157,3.49319,True,True,3.49157,3.4931900000000002,True,True
0600bc421a,Mn2Fe(MoO4)3,2.8301,P-1,triclinic,5,Fe,26,3.0,-0.48994,0.00034,-0.00077,3e-05,-0.49356,0.0007,-0.00039,0.00087,-0.49119,-0.49157,0.00145,0.00038,3.49157,3.49356,True,True,3.49157,3.49356,True,True
0600bc421a,Mn2Fe(MoO4)3,2.8301,P-1,triclinic,6,Mo,42,6.0,3.13686,0.00035,0.00048,-0.00022,3.15624,-0.00178,-0.00068,-0.00138,3.13816,3.14375,0.00244,0.00116,2.85625,2.86314,True,True,2.85625,2.86314,True,True
0600bc421a,Mn2Fe(MoO4)3,2.8301,P-1,triclinic,7,Mo,42,6.0,3.14935,0.00022,0.00068,-0.00035,3.13126,-0.00178,-0.00048,-0.00138,3.15064,3.14375,0.00244,0.00116,2.85625,2.86874,True,True,2.85625,2.86874,True,True
0600bc421a,Mn2Fe(MoO4)3,2.8301,P-1,triclinic,10,Mo,42,6.0,2.96264,-0.00244,-6e-05,-0.00248,2.96808,-0.00085,0.00032,-0.00072,2.96141,2.96404,0.00367,0.00038,3.03596,3.03859,True,True,3.03596,3.03859,True,True
0600bc421a,Mn2Fe(MoO4)3,2.8301,P-1,triclinic,11,Mo,42,6.0,2.96668,0.00248,-0.00032,0.00244,2.96001,-0.00085,6e-05,-0.00072,2.96545,2.96404,0.00367,0.00038,3.03596,3.03999,True,True,3.03596,3.03999,True,True
0605fdf564,Rb8Li4Sc4As3P5,1.5725,P1,triclinic,11,Li,3,1.0,-1.38306,-0.00012,-0.0003,-0.00014,-1.38334,0.00041,0.00081,0.00035,-1.38368,-1.38336,0.00104,0.00111,2.38336,2.38368,True,True,2.3833599999999997,2.38368,True,True
0605fdf564,Rb8Li4Sc4As3P5,1.5725,P1,triclinic,12,Sc,21,3.0,0.93026,-0.00072,-6e-05,-0.00056,0.92719,0.00011,0.00089,0.00026,0.92832,0.92859,0.0013,0.00095,2.07141,2.07281,True,True,2.07141,2.07281,True,True
0605fdf564,Rb8Li4Sc4As3P5,1.5725,P1,triclinic,14,Sc,21,3.0,0.3365,0.00039,-0.00034,0.00058,0.33729,-0.00013,-0.00014,-0.00016,0.33456,0.33612,0.00081,0.0002,2.66388,2.66544,True,True,2.66388,2.66544,True,True
06074cd357,Ca4DyIn(RuO6)2,0.2794,P-1,triclinic,6,Ru,44,5.0,-0.47251,-0.00031,-0.00036,0.00031,-0.47271,-0.00013,0.00036,-0.00061,-0.47291,-0.47271,0.00092,0.00071,5.47271,5.47291,True,True,5.47271,5.47291,True,True
06074cd357,Ca4DyIn(RuO6)2,0.2794,P-1,triclinic,7,Ru,44,5.0,-0.83701,-0.00042,0.00077,0.00042,-0.83608,0.00085,-0.00077,0.00043,-0.83514,-0.83608,0.00156,0.00154,5.83608,5.83701,True,True,5.83608,5.83701,True,True
06078312f3,KPtRh3Se8,0.3238,Cm,monoclinic,1,Pt,78,4.0,-1.18293,-0.00085,0.00055,-0.00164,-1.16834,-0.00041,-0.00044,-0.00042,-1.18266,-1.17798,0.00206,0.00099,5.17798,5.18293,True,True,5.17798,5.18293,True,True
06078312f3,KPtRh3Se8,0.3238,Cm,monoclinic,2,Rh,45,3.67,-1.73536,0.00035,0.0004,0.0006,-1.76792,-0.00058,0.0003,-0.0001,-1.73523,-1.74617,0.00104,0.00048,5.41284,5.43459,True,True,5.41617,5.43792,True,True
06078312f3,KPtRh3Se8,0.3238,Cm,monoclinic,3,Rh,45,3.67,-1.71735,0.00019,0.00014,0.00024,-1.7701,-0.00059,-8e-05,-0.00011,-1.71719,-1.73488,0.00069,0.00048,5.40155,5.43676,True,True,5.40488,5.4401,True,True
06078312f3,KPtRh3Se8,0.3238,Cm,monoclinic,4,Rh,45,3.67,-1.63993,0.00032,0.00042,-0.0004,-1.64752,-0.00058,-0.00072,-0.00041,-1.63992,-1.64246,0.00121,0.00114,5.30912,5.31419,True,True,5.31246,5.31752,True,True
06078312f3,KPtRh3Se8,0.3238,Cm,monoclinic,5,Se,34,-2.0,0.62362,-0.00049,0.00134,-0.00043,0.61479,0.00034,-0.00177,0.00027,0.62336,0.62059,0.00235,0.00311,2.62059,2.62362,True,True,2.62059,2.62362,True,True
06078312f3,KPtRh3Se8,0.3238,Cm,monoclinic,6,Se,34,-2.0,1.06782,0.00055,0.00118,0.00021,1.11092,0.0004,-0.00149,0.00024,1.06772,1.08215,0.00204,0.00267,3.08215,3.11092,True,True,3.08215,3.11092,True,True
06078312f3,KPtRh3Se8,0.3238,Cm,monoclinic,7,Se,34,-2.0,1.03005,0.00245,-0.00192,0.00179,1.04101,0.00036,0.00124,-6e-05,1.03074,1.03394,0.00382,0.00316,3.03394,3.04101,True,True,3.0339400000000003,3.04101,True,True
06078312f3,KPtRh3Se8,0.3238,Cm,monoclinic,8,Se,34,-2.0,0.24873,-0.00183,-0.00047,-0.00278,0.24491,0.00015,0.00157,0.00033,0.24955,0.24773,0.00373,0.00204,2.24773,2.24955,True,True,2.24773,2.24955,True,True
06078312f3,KPtRh3Se8,0.3238,Cm,monoclinic,9,Se,34,-2.0,1.06752,0.00027,-0.00083,0.00086,1.01941,0.00051,0.00104,3e-05,1.06726,1.0514,0.00168,0.00187,3.0514,3.06752,True,True,3.0514,3.06752,True,True
06078312f3,KPtRh3Se8,0.3238,Cm,monoclinic,10,Se,34,-2.0,1.13082,-0.00066,-0.00062,0.0,1.16863,0.00046,0.00039,3e-05,1.1305,1.14332,0.00109,0.001,3.14332,3.16863,True,True,3.14332,3.1686300000000003,True,True
06078312f3,KPtRh3Se8,0.3238,Cm,monoclinic,11,Se,34,-2.0,0.6086,0.00071,-0.00069,0.00057,0.82673,4e-05,-0.0006,-0.00027,0.60818,0.68117,0.00132,0.00031,2.68117,2.82673,True,True,2.68117,2.82673,True,True
06078312f3,KPtRh3Se8,0.3238,Cm,monoclinic,12,Se,34,-2.0,0.49244,0.00026,0.00131,-0.00076,0.32015,-0.00028,6e-05,-0.00018,0.49205,0.43488,0.00158,0.00125,2.43488,2.49244,True,True,2.43488,2.49244,True,True
060d9e6086,Ba5Bi3F,0.4007,I4/mcm,tetragonal,0,Ba,56,2.0,-0.67728,-0.00017,0.00025,0.00017,-0.67734,-0.00025,-0.00025,-0.00023,-0.6774,-0.67734,0.00055,0.00051,2.67734,2.6774,True,True,2.67734,2.6774,True,True
060d9e6086,Ba5Bi3F,0.4007,I4/mcm,tetragonal,1,Ba,56,2.0,-0.67728,-0.00017,0.00025,0.00017,-0.67734,-0.00025,-0.00025,-0.00023,-0.67741,-0.67734,0.00055,0.00051,2.67734,2.67741,True,True,2.67734,2.67741,True,True
060d9e6086,Ba5Bi3F,0.4007,I4/mcm,tetragonal,10,Bi,83,-3.0,0.62572,-1e-05,0.00018,1e-05,0.62537,-0.00036,-0.00018,-0.00036,0.62501,0.62537,0.00057,0.00037,3.62537,3.62572,True,True,3.62537,3.6257200000000003,True,True
060d9e6086,Ba5Bi3F,0.4007,I4/mcm,tetragonal,11,Bi,83,-3.0,0.62572,-1e-05,0.00018,1e-05,0.62537,-0.00036,-0.00018,-0.00036,0.62501,0.62537,0.00057,0.00037,3.62537,3.62572,True,True,3.62537,3.6257200000000003,True,True
060d9e6086,Ba5Bi3F,0.4007,I4/mcm,tetragonal,12,Bi,83,-3.0,-0.46584,0.00056,-0.00013,0.00063,-0.46444,7e-05,4e-05,9e-05,-0.46459,-0.46496,0.00086,0.00017,2.53504,2.53556,True,True,2.53504,2.53556,True,True
060d9e6086,Ba5Bi3F,0.4007,I4/mcm,tetragonal,13,Bi,83,-3.0,-0.46533,-0.00063,-4e-05,-0.00056,-0.46547,7e-05,0.00013,9e-05,-0.46408,-0.46496,0.00086,0.00017,2.53504,2.53592,True,True,2.53504,2.53592,True,True
060d9e6086,Ba5Bi3F,0.4007,I4/mcm,tetragonal,14,Bi,83,-3.0,-0.46459,-0.00068,-0.00036,-0.00051,-0.46496,0.00031,0.00021,0.00032,-0.46533,-0.46496,0.00105,0.00057,2.53504,2.53541,True,True,2.53504,2.53541,True,True
060d9e6086,Ba5Bi3F,0.4007,I4/mcm,tetragonal,15,Bi,83,-3.0,-0.46459,0.00051,-0.00021,0.00068,-0.46496,0.00031,0.00036,0.00032,-0.46533,-0.46496,0.00105,0.00057,2.53504,2.53541,True,True,2.53504,2.53541,True,True
0613d941c8,K4Li2AlFeH12,1.2652,R-3m,trigonal,6,Al,13,3.0,0.5366,0.00144,-0.00013,-0.00144,0.53685,-0.00022,0.00013,0.00012,0.5371,0.53685,0.00205,0.00287,2.46315,2.4634,True,True,2.4631499999999997,2.4634,True,True
0613d941c8,K4Li2AlFeH12,1.2652,R-3m,trigonal,7,Fe,26,3.0,-0.45203,-0.0008,4e-05,0.0008,-0.45242,-0.00022,-4e-05,-6e-05,-0.4528,-0.45242,0.00115,0.0016,3.45242,3.4528,True,True,3.45242,3.4528,True,True
06154e1015,Rb4TaV(AgTe4)2,0.7429,F222,orthorhombic,4,Ta,73,5.0,2.55751,0.00072,0.00045,-0.00072,2.55767,7e-05,-0.00045,5e-05,2.55783,2.55767,0.0012,0.00143,2.44233,2.44249,True,True,2.44233,2.44249,True,True
06154e1015,Rb4TaV(AgTe4)2,0.7429,F222,orthorhombic,5,V,23,4.0,1.35276,0.00061,0.00022,-0.00061,1.35331,-1e-05,-0.00022,0.0,1.35387,1.35331,0.00092,0.00122,2.64669,2.64724,True,True,2.64669,2.64724,True,True
061d93a641,RbAs2PdRu,0.0577,I-4m2,tetragonal,1,As,33,-3.0,-0.34278,-0.00181,-3e-05,-0.00085,0.12791,0.0006,-0.00635,0.00084,-0.34244,-0.18577,0.00673,0.00632,2.81423,3.12791,True,True,2.8142300000000002,3.12791,True,True
061d93a641,RbAs2PdRu,0.0577,I-4m2,tetragonal,2,As,33,-3.0,-0.02899,0.00099,0.00647,0.00167,-0.49945,0.00047,-0.0001,0.00082,-0.02888,-0.18577,0.00682,0.00657,2.81423,2.97112,True,True,2.8142300000000002,2.97112,True,True
061d93a641,RbAs2PdRu,0.0577,I-4m2,tetragonal,4,Ru,44,3.0,-4.28303,-0.00094,-0.00225,0.00094,-4.28224,-0.00188,0.00225,-0.0019,-4.28145,-4.28224,0.00436,0.00449,7.28224,7.28303,True,True,7.28224,7.28303,True,True
061f1e464a,Cs2K4Al4Sb5As,0.8998,Pm,monoclinic,6,Al,13,3.0,-0.16298,0.00051,0.00092,8e-05,-0.16415,-0.00036,0.00149,-0.00034,-0.16525,-0.16413,0.00189,0.00057,3.16413,3.16525,True,True,3.16413,3.16525,True,True
061f1e464a,Cs2K4Al4Sb5As,0.8998,Pm,monoclinic,7,Al,13,3.0,-0.96257,-0.00038,0.00044,0.00016,-0.96184,-0.00011,-0.00038,1e-05,-0.95992,-0.96144,0.00072,0.00081,3.96144,3.96257,True,True,3.96144,3.96257,True,True
061f1e464a,Cs2K4Al4Sb5As,0.8998,Pm,monoclinic,8,Al,13,3.0,-0.16525,0.00051,-0.00149,8e-05,-0.16415,0.00034,-0.00092,0.00036,-0.16298,-0.16413,0.00189,0.00057,3.16413,3.16525,True,True,3.16413,3.16525,True,True
061f1e464a,Cs2K4Al4Sb5As,0.8998,Pm,monoclinic,9,Al,13,3.0,-0.95992,-0.00038,0.00038,0.00016,-0.96184,-1e-05,-0.00044,0.00011,-0.96257,-0.96145,0.00072,0.00081,3.96145,3.96257,True,True,3.96145,3.96257,True,True
061f1e464a,Cs2K4Al4Sb5As,0.8998,Pm,monoclinic,12,Sb,51,-3.0,-0.29057,0.00054,-0.00053,0.00051,-0.24114,-4e-05,0.00053,4e-05,-0.29057,-0.27409,0.00106,0.00107,2.72591,2.75886,True,True,2.72591,2.75886,True,True
061f1e464a,Cs2K4Al4Sb5As,0.8998,Pm,monoclinic,13,Sb,51,-3.0,-0.75137,-0.00131,-0.0006,-0.00092,-0.81939,0.00012,0.0006,-0.00012,-0.75137,-0.77404,0.00182,0.0012,2.22596,2.24863,True,True,2.22596,2.24863,True,True
061f1e464a,Cs2K4Al4Sb5As,0.8998,Pm,monoclinic,14,Sb,51,-3.0,-0.71721,0.00039,0.00158,0.00037,-0.81232,-0.0,-0.00158,0.0,-0.71721,-0.74892,0.0023,0.00315,2.25108,2.28279,True,True,2.25108,2.28279,True,True
0620792a4a,PaN2F7,2.5719,C2/c,monoclinic,18,F,9,-1.0,1.90522,-0.01351,-0.00178,-0.0142,1.90419,-0.00402,-0.00031,-0.00385,1.90315,1.90419,0.02046,0.00147,2.90419,2.90522,True,True,2.90419,2.90522,True,True
0620792a4a,PaN2F7,2.5719,C2/c,monoclinic,19,F,9,-1.0,1.90522,0.0142,0.00031,0.01351,1.90419,-0.00402,0.00178,-0.00385,1.90315,1.90419,0.02046,0.00147,2.90419,2.90522,True,True,2.90419,2.90522,True,True
0620952d55,ThP12Os3Ru,0.3016,R-3,trigonal,1,P,15,-1.67,2.43535,-0.00156,-0.00092,-0.00143,2.40117,9e-05,-0.0005,0.00012,2.43767,2.42473,0.00237,0.00041,4.0914,4.10434,True,True,4.09473,4.10767,True,True
0620952d55,ThP12Os3Ru,0.3016,R-3,trigonal,2,P,15,-1.67,2.41179,0.00143,0.0005,0.00156,2.4483,9e-05,0.00092,0.00012,2.41411,2.42473,0.00237,0.00041,4.0914,4.11496,True,True,4.09473,4.1183,True,True
0620952d55,ThP12Os3Ru,0.3016,R-3,trigonal,3,P,15,-1.67,2.2174,-0.00128,-0.0003,-0.00164,2.31876,0.00087,0.00322,0.00098,2.21377,2.24998,0.00406,0.00352,3.91664,3.98543,True,True,3.91998,3.98876,True,True
0620952d55,ThP12Os3Ru,0.3016,R-3,trigonal,4,P,15,-1.67,2.28618,0.00164,-0.00322,0.00128,2.18119,0.00087,0.0003,0.00098,2.28255,2.24997,0.00406,0.00352,3.91664,3.95285,True,True,3.9199699999999997,3.95618,True,True
0620952d55,ThP12Os3Ru,0.3016,R-3,trigonal,5,P,15,-1.67,2.44521,-0.00181,0.0007,-0.00129,2.38494,-0.00179,0.00024,-0.00207,2.44406,2.42474,0.00361,0.00052,4.0914,4.11188,True,True,4.09474,4.115209999999999,True,True
0620952d55,ThP12Os3Ru,0.3016,R-3,trigonal,6,P,15,-1.67,2.40541,0.00129,-0.00024,0.00181,2.46453,-0.00179,-0.0007,-0.00207,2.40426,2.42474,0.00361,0.00052,4.0914,4.1312,True,True,4.09474,4.13453,True,True
0620952d55,ThP12Os3Ru,0.3016,R-3,trigonal,7,P,15,-1.67,2.24703,-0.00186,-0.00159,-0.00046,2.25404,-0.00268,-0.00133,-0.00235,2.24879,2.24995,0.00455,0.0014,3.91662,3.92071,True,True,3.91995,3.9240399999999998,True,True
0620952d55,ThP12Os3Ru,0.3016,R-3,trigonal,8,P,15,-1.67,2.25111,0.00046,0.00133,0.00186,2.24587,-0.00268,0.00159,-0.00235,2.25288,2.24995,0.00455,0.0014,3.91662,3.91955,True,True,3.91995,3.92288,True,True
0620952d55,ThP12Os3Ru,0.3016,R-3,trigonal,9,P,15,-1.67,2.19323,0.00131,0.0021,-0.00191,2.36157,0.00178,-0.00168,0.00167,2.1951,2.24997,0.0043,0.00378,3.91663,4.02824,True,True,3.9199699999999997,4.03157,True,True
0620952d55,ThP12Os3Ru,0.3016,R-3,trigonal,10,P,15,-1.67,2.30484,0.00191,0.00168,-0.00131,2.13837,0.00178,-0.0021,0.00167,2.3067,2.24997,0.0043,0.00378,3.91664,3.97337,True,True,3.9199699999999997,3.9767,True,True
0620952d55,ThP12Os3Ru,0.3016,R-3,trigonal,11,P,15,-1.67,2.41173,-0.00075,-0.00073,0.00063,2.45188,0.00094,-0.00069,0.00086,2.41056,2.42472,0.00189,0.00138,4.09139,4.11854,True,True,4.094720000000001,4.12188,True,True
0620952d55,ThP12Os3Ru,0.3016,R-3,trigonal,12,P,15,-1.67,2.43888,-0.00063,0.00069,0.00075,2.39757,0.00094,0.00073,0.00086,2.43772,2.42472,0.00189,0.00138,4.09139,4.10555,True,True,4.094720000000001,4.10888,True,True
0620952d55,ThP12Os3Ru,0.3016,R-3,trigonal,13,Os,76,4.0,-8.49024,6e-05,0.0011,-6e-05,-8.4916,0.0006,-0.0011,0.00072,-8.49297,-8.4916,0.00182,0.0022,12.4916,12.49297,True,True,12.4916,12.49297,True,True
0620952d55,ThP12Os3Ru,0.3016,R-3,trigonal,14,Os,76,4.0,-8.49288,-9e-05,-0.00106,9e-05,-8.49157,0.00058,0.00106,0.00073,-8.49026,-8.49157,0.00177,0.00212,12.49157,12.49288,True,True,12.49157,12.49288,True,True
0620952d55,ThP12Os3Ru,0.3016,R-3,trigonal,15,Os,76,4.0,-8.49164,0.00015,-4e-05,-0.00015,-8.49158,-0.00091,4e-05,-0.00119,-8.49152,-8.49158,0.00152,0.00029,12.49158,12.49164,True,True,12.49158,12.49164,True,True
0620952d55,ThP12Os3Ru,0.3016,R-3,trigonal,16,Ru,44,4.0,-7.96111,-0.00029,-0.0,0.00029,-7.9611,-0.00014,0.0,-9e-05,-7.9611,-7.9611,0.00044,0.00057,11.9611,11.96111,True,True,11.9611,11.96111,True,True
06218d13b1,K4Mn3Al4FeF24,3.7868,Pm,monoclinic,4,Mn,25,2.0,-0.13757,-0.00023,-0.00065,-0.00044,-0.12334,2e-05,0.00065,-2e-05,-0.13757,-0.13283,0.00104,0.0013,2.13283,2.13757,True,True,2.1328300000000002,2.13757,True,True
06218d13b1,K4Mn3Al4FeF24,3.7868,Pm,monoclinic,11,Fe,26,2.0,-1.32847,-0.00047,0.0004,3e-05,-1.35574,2e-05,-0.0004,-2e-05,-1.32847,-1.33756,0.00073,0.00079,3.33756,3.35574,True,True,3.33756,3.35574,True,True
0622062a5f,MgV2Co5(AsO8)2,2.4499,P1,triclinic,5,Co,27,2.0,0.0043,0.00137,0.00304,0.0018,-0.0223,-2e-05,0.00229,5e-05,0.00678,-0.00374,0.00442,0.00074,2.00374,2.0223,True,True,2.00374,2.0223,True,True
0623c0cd59,Dy2Ni2B6Ir,0.0663,Cmmm,orthorhombic,0,Dy,66,3.0,5.26764,-0.00216,0.00393,-0.00504,5.12191,-0.00018,-0.00393,0.00018,5.26764,5.21906,0.00781,0.00786,2.21906,2.26764,True,True,2.21906,2.26764,True,True
0623c0cd59,Dy2Ni2B6Ir,0.0663,Cmmm,orthorhombic,1,Dy,66,3.0,5.17049,0.00504,0.00393,0.00216,5.31621,-0.00018,-0.00393,0.00018,5.17049,5.21906,0.00781,0.00786,2.21906,2.31621,True,True,2.21906,2.31621,True,True
0623c0cd59,Dy2Ni2B6Ir,0.0663,Cmmm,orthorhombic,10,Ir,77,3.0,-0.96462,0.00143,-0.00728,-0.00143,-0.96462,3e-05,0.00728,-3e-05,-0.96462,-0.96462,0.0105,0.01456,3.96462,3.96462,True,True,3.96462,3.96462,True,True
0624063306,Sb4IrRh,0.237,P2_1,monoclinic,0,Sb,51,-1.5,2.25792,-0.00048,0.00024,0.0002,2.24202,0.00076,-0.00034,0.00046,2.25121,2.25038,0.00111,0.00068,3.75038,3.75792,True,True,3.75038,3.75792,True,True
0624063306,Sb4IrRh,0.237,P2_1,monoclinic,1,Sb,51,-1.5,2.24285,-0.0002,0.00024,0.00048,2.25874,-0.00046,-0.00034,-0.00076,2.24956,2.25038,0.00111,0.00068,3.75038,3.75874,True,True,3.75038,3.75874,True,True
0624063306,Sb4IrRh,0.237,P2_1,monoclinic,2,Sb,51,-1.5,2.57105,0.00094,0.00037,0.00061,2.62258,0.00054,0.00038,0.00055,2.56545,2.58636,0.00146,0.00034,4.08636,4.12258,True,True,4.08636,4.12258,True,True
0624063306,Sb4IrRh,0.237,P2_1,monoclinic,3,Sb,51,-1.5,2.60167,-0.00061,0.00037,-0.00094,2.55014,-0.00055,0.00038,-0.00054,2.60726,2.58636,0.00146,0.00034,4.08636,4.10726,True,True,4.08636,4.10726,True,True
0624063306,Sb4IrRh,0.237,P2_1,monoclinic,4,Sb,51,-1.5,2.95642,0.00013,-0.00027,-0.00019,3.06951,0.00013,-0.00194,4e-05,2.95833,2.99475,0.00198,0.00168,4.49475,4.56951,True,True,4.49475,4.56951,True,True
0624063306,Sb4IrRh,0.237,P2_1,monoclinic,5,Sb,51,-1.5,3.03309,0.00019,-0.00027,-0.00013,2.92,-4e-05,-0.00194,-0.00013,3.03117,2.99475,0.00198,0.00168,4.49475,4.53309,True,True,4.49475,4.53309,True,True
0624063306,Sb4IrRh,0.237,P2_1,monoclinic,6,Sb,51,-1.5,2.67573,0.0002,0.00129,0.00063,2.62579,0.00022,3e-05,-6e-05,2.67957,2.66036,0.00147,0.00127,4.16036,4.17957,True,True,4.16036,4.17957,True,True
0624063306,Sb4IrRh,0.237,P2_1,monoclinic,7,Sb,51,-1.5,2.64499,-0.00063,0.00129,-0.0002,2.69494,6e-05,3e-05,-0.00022,2.64116,2.66036,0.00147,0.00127,4.16036,4.19494,True,True,4.16036,4.19494,True,True
0624063306,Sb4IrRh,0.237,P2_1,monoclinic,8,Ir,77,3.0,-5.52201,-0.00035,-0.00125,-0.00055,-5.48248,-0.0001,0.0005,0.00023,-5.52139,-5.50862,0.00152,0.00175,8.50862,8.52201,True,True,8.50862,8.52201,True,True
0624063306,Sb4IrRh,0.237,P2_1,monoclinic,9,Ir,77,3.0,-5.49524,0.00055,-0.00125,0.00035,-5.53477,-0.00023,0.0005,0.0001,-5.49586,-5.50863,0.00152,0.00175,8.50863,8.53477,True,True,8.50863,8.53477,True,True
0624063306,Sb4IrRh,0.237,P2_1,monoclinic,10,Rh,45,3.0,-4.97113,1e-05,-0.00037,-0.00025,-5.00815,-5e-05,0.00138,0.00029,-4.97041,-4.98323,0.00148,0.00175,7.98323,8.00815,True,True,7.98323,8.00815,True,True
0624063306,Sb4IrRh,0.237,P2_1,monoclinic,11,Rh,45,3.0,-4.99533,0.00025,-0.00037,-1e-05,-4.95831,-0.00029,0.00138,5e-05,-4.99605,-4.98323,0.00148,0.00175,7.98323,7.99605,True,True,7.98323,7.99605,True,True
062483b78f,Nd5TaRuO12,0.7086,C2,monoclinic,6,Ru,44,4.0,0.84436,-0.00021,-0.00054,9e-05,0.8441,-0.00032,-0.0009,-0.00044,0.84384,0.8441,0.00121,0.00036,3.1559,3.15616,True,True,3.1559,3.15616,True,True
06251cb4f3,Ba2ScPaS6,1.4798,Fm-3m,cubic,2,Sc,21,3.0,5.41342,-0.0,0.0,0.0,5.41343,-0.0,0.0,0.0,5.41342,5.41342,0.0,0.0,2.41342,2.41343,True,True,2.4134200000000003,2.41343,True,True
06254fe26a,La2Nd3Sm(RuO7)2,0.2522,Pm,monoclinic,6,Ru,44,5.0,2.53615,-0.00028,-5e-05,4e-05,2.52528,-0.00076,0.00056,0.00015,2.5296,2.53034,0.001,0.00091,2.46966,2.47472,True,True,2.46966,2.47472,True,True
06254fe26a,La2Nd3Sm(RuO7)2,0.2522,Pm,monoclinic,7,Ru,44,5.0,2.53109,-0.00028,0.00056,4e-05,2.53541,-0.00015,-5e-05,0.00076,2.52454,2.53034,0.001,0.00091,2.46966,2.47546,True,True,2.46966,2.47546,True,True
062975f1d6,AlV(SeO3)4,1.4992,P2_1/c,monoclinic,2,V,23,5.0,7.84158,-0.00034,-4e-05,0.00034,7.84184,-0.00016,4e-05,-1e-05,7.84211,7.84184,0.00051,0.00068,2.84184,2.84211,True,True,2.8418400000000004,2.84211,True,True
062975f1d6,AlV(SeO3)4,1.4992,P2_1/c,monoclinic,3,V,23,5.0,7.84211,-0.00034,-4e-05,0.00034,7.84184,1e-05,4e-05,0.00016,7.84158,7.84184,0.00051,0.00068,2.84184,2.84211,True,True,2.8418400000000004,2.84211,True,True
0629ee516a,Cs3K2Tl(TcH9)3,3.6934,Amm2,orthorhombic,0,Cs,55,1.0,3.04282,4e-05,0.00091,-5e-05,3.04282,-7e-05,0.00091,7e-05,3.04282,3.04282,0.00129,0.00013,2.04282,2.04282,True,True,2.04282,2.04282,True,True
0629ee516a,Cs3K2Tl(TcH9)3,3.6934,Amm2,orthorhombic,1,Cs,55,1.0,3.00341,0.00084,-0.00039,0.00058,3.00398,0.00026,-0.00039,-0.00026,3.00454,3.00398,0.00122,0.00052,2.00398,2.00454,True,True,2.00398,2.00454,True,True
0629ee516a,Cs3K2Tl(TcH9)3,3.6934,Amm2,orthorhombic,2,Cs,55,1.0,3.00778,-0.00058,-0.00038,-0.00085,3.00721,0.00026,-0.00038,-0.00026,3.00664,3.00721,0.00122,0.00052,2.00721,2.00778,True,True,2.00721,2.00778,True,True
0629ee516a,Cs3K2Tl(TcH9)3,3.6934,Amm2,orthorhombic,6,Tc,43,5.0,-2.0202,0.00011,-0.00193,-4e-05,-2.0202,0.00027,-0.00193,-0.00027,-2.0202,-2.0202,0.00276,0.00054,7.0202,7.0202,True,True,7.0202,7.0202,True,True
0629ee516a,Cs3K2Tl(TcH9)3,3.6934,Amm2,orthorhombic,7,Tc,43,5.0,-2.21151,-0.01637,-0.00059,-0.01691,-2.21146,-7e-05,-0.00059,7e-05,-2.2114,-2.21146,0.02354,0.00054,7.21146,7.21151,True,True,7.211460000000001,7.2115100000000005,True,True
0629ee516a,Cs3K2Tl(TcH9)3,3.6934,Amm2,orthorhombic,8,Tc,43,5.0,-2.21143,0.01693,-0.00067,0.01639,-2.21149,-7e-05,-0.00067,7e-05,-2.21155,-2.21149,0.02358,0.00054,7.21149,7.21155,True,True,7.2114899999999995,7.21155,True,True
062c62afc5,CsFeAs2O7,2.4978,P-1,triclinic,2,Fe,26,3.0,0.40563,-0.00124,0.00195,-0.00201,0.38308,-0.00053,0.0013,-0.00051,0.40486,0.39786,0.0034,0.00077,2.60214,2.61692,True,True,2.60214,2.61692,True,True
062c62afc5,CsFeAs2O7,2.4978,P-1,triclinic,3,Fe,26,3.0,0.39086,0.00201,-0.0013,0.00124,0.41263,-0.00053,-0.00195,-0.00051,0.39008,0.39786,0.0034,0.00077,2.60214,2.60992,True,True,2.60214,2.60992,True,True
062c62afc5,CsFeAs2O7,2.4978,P-1,triclinic,4,As,33,5.0,2.81824,0.00575,-0.00012,0.00431,2.78303,6e-05,-2e-05,0.0003,2.8183,2.80652,0.0072,0.00144,2.19348,2.21697,True,True,2.19348,2.21697,True,True
062c62afc5,CsFeAs2O7,2.4978,P-1,triclinic,5,As,33,5.0,2.4937,-0.00627,0.00148,-0.00433,2.52799,0.0009,0.00271,0.00076,2.50003,2.50724,0.00831,0.00194,2.49276,2.5063,True,True,2.49276,2.5063,True,True
062c62afc5,CsFeAs2O7,2.4978,P-1,triclinic,6,As,33,5.0,2.79475,-0.00431,2e-05,-0.00575,2.83001,6e-05,0.00012,0.0003,2.79481,2.80652,0.0072,0.00144,2.19348,2.20525,True,True,2.19348,2.20525,True,True
062c62afc5,CsFeAs2O7,2.4978,P-1,triclinic,7,As,33,5.0,2.51445,0.00433,-0.00271,0.00627,2.48649,0.0009,-0.00148,0.00076,2.52078,2.50724,0.00831,0.00194,2.49276,2.51351,True,True,2.49276,2.51351,True,True
062cf2f9c5,Tc3(TeBr)7,1.3716,R-3,trigonal,0,Tc,43,7.0,1.38017,-0.00252,-0.00084,-0.00243,1.52039,0.00031,-0.00025,0.00033,1.38005,1.42687,0.00364,0.0006,5.57313,5.61995,True,True,5.57313,5.61995,True,True
062cf2f9c5,Tc3(TeBr)7,1.3716,R-3,trigonal,1,Tc,43,7.0,1.45454,0.00153,-0.00399,0.00054,1.37242,-0.0005,-0.00368,-0.00056,1.45365,1.42687,0.00571,0.00099,5.57313,5.62758,True,True,5.57313,5.62758,True,True
062cf2f9c5,Tc3(TeBr)7,1.3716,R-3,trigonal,2,Tc,43,7.0,1.47369,0.00243,0.00025,0.00252,1.33335,0.00031,0.00084,0.00033,1.47357,1.42687,0.00364,0.0006,5.57313,5.66665,True,True,5.57313,5.66665,True,True
062cf2f9c5,Tc3(TeBr)7,1.3716,R-3,trigonal,3,Tc,43,7.0,1.40009,-0.00054,0.00368,-0.00153,1.48132,-0.0005,0.00399,-0.00056,1.39921,1.42687,0.00571,0.00099,5.57313,5.60079,True,True,5.57313,5.60079,True,True
062cf2f9c5,Tc3(TeBr)7,1.3716,R-3,trigonal,4,Tc,43,7.0,1.48732,-0.00195,-0.00042,-0.00123,1.30524,-0.00018,-0.00069,2e-05,1.48806,1.42687,0.00244,0.00072,5.57313,5.69476,True,True,5.57313,5.6947600000000005,True,True
062cf2f9c5,Tc3(TeBr)7,1.3716,R-3,trigonal,5,Tc,43,7.0,1.36569,0.00123,0.00069,0.00195,1.5485,-0.00018,0.00042,2e-05,1.36643,1.42687,0.00244,0.00072,5.57313,5.63431,True,True,5.57313,5.63431,True,True
062cf2f9c5,Tc3(TeBr)7,1.3716,R-3,trigonal,6,Te,52,-2.0,0.19914,0.00287,0.00155,0.00197,0.21822,-0.0,0.00104,-6e-05,0.20156,0.20631,0.00395,0.0009,2.20631,2.21822,True,True,2.20631,2.21822,True,True
062cf2f9c5,Tc3(TeBr)7,1.3716,R-3,trigonal,7,Te,52,-2.0,0.36656,-0.00066,0.00136,-0.00102,0.49951,0.00015,0.00052,0.00021,0.36859,0.41155,0.00191,0.00084,2.41155,2.49951,True,True,2.41155,2.49951,True,True
062cf2f9c5,Tc3(TeBr)7,1.3716,R-3,trigonal,8,Te,52,-2.0,0.22989,-0.00013,0.00111,0.00023,0.15929,6e-05,0.00077,-0.00048,0.22975,0.20631,0.00146,0.00054,2.20631,2.22989,True,True,2.20631,2.22989,True,True
062cf2f9c5,Tc3(TeBr)7,1.3716,R-3,trigonal,9,Te,52,-2.0,0.3716,0.00077,0.00131,0.00088,0.49036,0.00023,0.00193,6e-05,0.37269,0.41155,0.00262,0.00062,2.41155,2.49036,True,True,2.41155,2.49036,True,True
062cf2f9c5,Tc3(TeBr)7,1.3716,R-3,trigonal,10,Te,52,-2.0,0.21264,-0.00309,0.00077,-0.003,0.1954,-0.00079,0.00045,0.0002,0.21089,0.20631,0.00447,0.00099,2.20631,2.21264,True,True,2.20631,2.21264,True,True
062cf2f9c5,Tc3(TeBr)7,1.3716,R-3,trigonal,11,Te,52,-2.0,0.45451,0.00102,-0.00052,0.00066,0.32359,0.00015,-0.00136,0.00021,0.45654,0.41155,0.00191,0.00084,2.41155,2.45654,True,True,2.41155,2.45654,True,True
062cf2f9c5,Tc3(TeBr)7,1.3716,R-3,trigonal,12,Te,52,-2.0,0.45041,-0.00088,-0.00193,-0.00077,0.33274,0.00023,-0.00131,6e-05,0.4515,0.41155,0.00262,0.00062,2.41155,2.4515,True,True,2.41155,2.4515000000000002,True,True
062cf2f9c5,Tc3(TeBr)7,1.3716,R-3,trigonal,13,Te,52,-2.0,0.48491,9e-05,-0.00072,0.00162,0.42604,0.00069,6e-05,0.00019,0.48431,0.46509,0.00191,0.00153,2.46509,2.48491,True,True,2.46509,2.48491,True,True
062cf2f9c5,Tc3(TeBr)7,1.3716,R-3,trigonal,14,Te,52,-2.0,0.46315,0.00014,-0.0004,0.00015,0.31189,0.00014,-0.00106,9e-05,0.45961,0.41155,0.00117,0.00066,2.41155,2.46315,True,True,2.41155,2.46315,True,True
062cf2f9c5,Tc3(TeBr)7,1.3716,R-3,trigonal,15,Te,52,-2.0,0.21106,-0.00197,-0.00104,-0.00287,0.1944,-0.0,-0.00155,-6e-05,0.21348,0.20631,0.00395,0.0009,2.20631,2.21348,True,True,2.20631,2.21348,True,True
062cf2f9c5,Tc3(TeBr)7,1.3716,R-3,trigonal,16,Te,52,-2.0,0.36349,-0.00015,0.00106,-0.00014,0.51121,0.00014,0.0004,9e-05,0.35995,0.41155,0.00117,0.00066,2.41155,2.51121,True,True,2.41155,2.51121,True,True
062cf2f9c5,Tc3(TeBr)7,1.3716,R-3,trigonal,17,Te,52,-2.0,0.20173,0.003,-0.00045,0.00309,0.21722,-0.00079,-0.00077,0.0002,0.19998,0.20631,0.00447,0.00099,2.20631,2.21722,True,True,2.20631,2.21722,True,True
062cf2f9c5,Tc3(TeBr)7,1.3716,R-3,trigonal,18,Te,52,-2.0,0.44586,-0.00162,-6e-05,-9e-05,0.50413,0.00069,0.00072,0.00019,0.44526,0.46509,0.00191,0.00153,2.46509,2.50413,True,True,2.46509,2.50413,True,True
062cf2f9c5,Tc3(TeBr)7,1.3716,R-3,trigonal,19,Te,52,-2.0,0.18287,-0.00023,-0.00077,0.00013,0.25333,6e-05,-0.00111,-0.00048,0.18273,0.20631,0.00146,0.00054,2.20631,2.25333,True,True,2.20631,2.25333,True,True
06388a524f,Y4Zr3TcF28,1.7861,P1,triclinic,7,Tc,43,4.0,1.05638,-0.00047,0.0002,-0.0002,1.05746,-0.00011,-0.00049,-0.00018,1.0564,1.05674,0.00076,0.00069,2.94326,2.94362,True,True,2.94326,2.94362,True,True
06402bd03f,Rb3Na3(TaSe4)2,2.4549,C2/c,monoclinic,12,Ta,73,5.0,2.80399,-0.00023,-0.00154,0.00016,2.78205,0.00023,-0.0006,8e-05,2.80452,2.79685,0.0017,0.00094,2.20315,2.21795,True,True,2.20315,2.21795,True,True
06402bd03f,Rb3Na3(TaSe4)2,2.4549,C2/c,monoclinic,13,Ta,73,5.0,2.8042,-0.00012,-0.00072,0.00022,2.78205,0.00032,-0.00136,0.00023,2.8043,2.79685,0.00161,0.00064,2.20315,2.21795,True,True,2.20315,2.21795,True,True
06402bd03f,Rb3Na3(TaSe4)2,2.4549,C2/c,monoclinic,14,Ta,73,5.0,2.7894,-0.00022,0.00136,0.00012,2.81165,0.00032,0.00072,0.00023,2.7895,2.79685,0.00161,0.00064,2.20315,2.2106,True,True,2.20315,2.2106,True,True
06402bd03f,Rb3Na3(TaSe4)2,2.4549,C2/c,monoclinic,15,Ta,73,5.0,2.78919,-0.00016,0.0006,0.00023,2.81165,0.00023,0.00154,8e-05,2.78972,2.79685,0.0017,0.00094,2.20315,2.21081,True,True,2.20315,2.21081,True,True
0642c03004,Li2FeSn3O8,1.1855,R-3m,trigonal,2,Fe,26,2.0,-0.31237,0.00015,0.00062,-0.00015,-0.3116,-0.00012,-0.00062,0.00013,-0.31084,-0.3116,0.00091,0.00123,2.3116,2.31237,True,True,2.3116,2.31237,True,True
0644d82bb9,Cs3Rb(CoBr4)2,0.6758,P2_1/m,monoclinic,8,Co,27,2.0,-0.07938,-0.00037,4e-05,-0.00029,-0.04009,-3e-05,-4e-05,3e-05,-0.07938,-0.06628,0.00047,7e-05,2.06628,2.07938,True,True,2.06628,2.07938,True,True
0644d82bb9,Cs3Rb(CoBr4)2,0.6758,P2_1/m,monoclinic,9,Co,27,2.0,-0.05319,0.00029,4e-05,0.00037,-0.09247,-3e-05,-4e-05,3e-05,-0.05319,-0.06628,0.00047,7e-05,2.06628,2.09247,True,True,2.06628,2.09247,True,True
06478355e4,Dy2Ho3TcMoO12,0.6642,C2,monoclinic,5,Tc,43,4.0,1.12977,0.00022,-0.00077,-0.00032,1.13017,7e-05,-0.00065,4e-05,1.13057,1.13017,0.00108,0.00054,2.86983,2.87023,True,True,2.8698300000000003,2.8702300000000003,True,True
064953adcb,Rb8SnAs4,0.1201,Fd-3m,cubic,16,Sn,50,4.0,0.6352,0.0,0.0,0.0,0.6352,0.0,-0.0,0.0,0.6352,0.6352,0.0,0.0,3.3648,3.3648,True,True,3.3648,3.3648,True,True
064953adcb,Rb8SnAs4,0.1201,Fd-3m,cubic,17,Sn,50,4.0,0.6352,-0.0,0.0,0.0,0.6352,0.0,0.0,-0.0,0.6352,0.6352,0.0,0.0,3.3648,3.3648,True,True,3.3648,3.3648,True,True
064acee880,DyEr3(Tm2C7)2,0.0534,P1,triclinic,20,C,6,-2.0,-4.75356,-0.00047,-0.00016,0.00063,-4.78385,-0.00108,0.00204,-0.00133,-4.74954,-4.76232,0.00278,0.0022,2.76232,2.78385,True,True,2.76232,2.78385,True,True
064acee880,DyEr3(Tm2C7)2,0.0534,P1,triclinic,21,C,6,-2.0,-5.31381,-0.00053,-0.00073,0.00041,-5.37337,0.00123,0.00136,0.00097,-5.31747,-5.33489,0.0023,0.00209,3.33489,3.37337,True,True,3.3348899999999997,3.3733700000000004,True,True
06582bd4c8,Zr6BTeBr11,1.0128,P1,triclinic,6,B,5,-3.0,-6.46197,2e-05,-0.00021,6e-05,-6.48485,0.0002,-0.00032,0.00029,-6.46229,-6.4697,0.00052,0.00011,3.4697,3.48485,True,True,3.4696999999999996,3.48485,True,True
066025c10c,Sm3HoV4F28,1.9906,P1,triclinic,4,V,23,4.0,6.01442,2e-05,-3e-05,-0.00052,6.01232,0.00023,0.00014,-0.00026,6.01396,6.01357,0.00064,0.00054,2.01357,2.01442,True,True,2.0135699999999996,2.0144200000000003,True,True
0663125487,Tb4Mn4Fe3CuO20,0.079,Pm,monoclinic,4,Mn,25,4.0,1.80272,0.00042,-0.00199,0.0004,1.80912,-0.00059,-0.00093,-0.00034,1.79989,1.80391,0.00237,0.00106,2.19609,2.20011,True,True,2.19609,2.20011,True,True
0663125487,Tb4Mn4Fe3CuO20,0.079,Pm,monoclinic,5,Mn,25,4.0,1.49219,0.00049,-8e-05,-0.00084,1.50452,-0.00047,-0.00051,-5e-05,1.4942,1.49697,0.0012,0.00133,2.50303,2.50781,True,True,2.50303,2.50781,True,True
0663125487,Tb4Mn4Fe3CuO20,0.079,Pm,monoclinic,6,Mn,25,4.0,1.79989,0.00042,0.00093,0.0004,1.80912,0.00034,0.00199,0.00059,1.80273,1.80391,0.00237,0.00106,2.19609,2.20011,True,True,2.19609,2.20011,True,True
0663125487,Tb4Mn4Fe3CuO20,0.079,Pm,monoclinic,7,Mn,25,4.0,1.4942,0.00049,0.00051,-0.00084,1.50452,5e-05,8e-05,0.00047,1.49219,1.49697,0.0012,0.00133,2.50303,2.50781,True,True,2.50303,2.50781,True,True
0663125487,Tb4Mn4Fe3CuO20,0.079,Pm,monoclinic,8,Fe,26,3.0,0.26983,0.00028,0.0014,0.00114,0.2503,-4e-05,-0.0014,4e-05,0.26983,0.26332,0.0023,0.00279,2.73668,2.7497,True,True,2.73668,2.7497,True,True
0663125487,Tb4Mn4Fe3CuO20,0.079,Pm,monoclinic,9,Fe,26,3.0,-0.24814,-0.00087,-0.00337,0.00026,-0.2123,-0.00011,0.00337,0.00011,-0.24814,-0.23619,0.00485,0.00674,3.23619,3.24814,True,True,3.23619,3.24814,True,True
0663125487,Tb4Mn4Fe3CuO20,0.079,Pm,monoclinic,10,Fe,26,3.0,-0.036,4e-05,-0.00382,0.00115,-0.06401,-0.00016,0.00382,0.00016,-0.036,-0.04534,0.00553,0.00765,3.04534,3.06401,True,True,3.04534,3.06401,True,True
0663125487,Tb4Mn4Fe3CuO20,0.079,Pm,monoclinic,21,O,8,-2.0,0.63234,0.00016,0.0038,0.0006,0.71341,-0.00018,-0.0038,0.00018,0.63234,0.65937,0.00542,0.00761,2.65937,2.71341,True,True,2.65937,2.71341,True,True
0663125487,Tb4Mn4Fe3CuO20,0.079,Pm,monoclinic,22,O,8,-2.0,0.21563,-0.00131,-0.00145,-0.00016,0.25386,0.0001,0.00145,-0.0001,0.21563,0.22838,0.00244,0.0029,2.22838,2.25386,True,True,2.22838,2.25386,True,True
0663125487,Tb4Mn4Fe3CuO20,0.079,Pm,monoclinic,23,O,8,-2.0,0.46954,-0.00062,-0.00269,0.00109,0.39389,9e-05,0.00269,-9e-05,0.46954,0.44433,0.00401,0.00538,2.44433,2.46954,True,True,2.44433,2.46954,True,True
0667af132b,TeS7,1.5199,P1,triclinic,0,Te,52,6.0,0.44399,0.00025,-0.0002,-0.0001,0.45873,-0.00029,0.00069,8e-05,0.44049,0.44774,0.00082,0.00089,5.55226,5.55951,True,True,5.55226,5.55951,True,True
0667af132b,TeS7,1.5199,P1,triclinic,1,Te,52,6.0,0.3092,-8e-05,0.00051,-9e-05,0.3239,0.00013,-0.00024,0.00039,0.3059,0.313,0.00071,0.00075,5.687,5.6941,True,True,5.687,5.6941,True,True
0667af132b,TeS7,1.5199,P1,triclinic,2,Te,52,6.0,0.42753,0.00036,-0.00013,0.0,0.40974,0.00032,0.00027,0.00021,0.43015,0.42247,0.0006,0.0004,5.57753,5.59026,True,True,5.57753,5.59026,True,True
066ac5ea88,Tb3Nd2Er(RuO7)2,0.2001,Pm,monoclinic,6,Ru,44,5.0,2.84062,0.0001,0.0008,6e-05,2.80056,-0.00095,0.00125,-5e-05,2.83495,2.82538,0.00177,0.0009,2.17462,2.19944,True,True,2.17462,2.19944,True,True
066ac5ea88,Tb3Nd2Er(RuO7)2,0.2001,Pm,monoclinic,7,Ru,44,5.0,2.8158,0.0001,0.00125,6e-05,2.8502,5e-05,0.0008,0.00095,2.81014,2.82538,0.00177,0.0009,2.17462,2.18986,True,True,2.17462,2.18986,True,True
066e0f4c23,CsCdSnSb2,0.7967,P-1,triclinic,8,Sn,50,2.0,-0.28858,0.00088,0.00079,0.00026,-0.28764,-0.00039,-0.00112,-0.00014,-0.28626,-0.28749,0.0017,0.00191,2.28749,2.28858,True,True,2.28749,2.28858,True,True
066e0f4c23,CsCdSnSb2,0.7967,P-1,triclinic,9,Sn,50,2.0,-0.28873,-0.00026,0.00112,-0.00088,-0.28734,-0.00039,-0.00079,-0.00014,-0.28641,-0.28749,0.0017,0.00191,2.28749,2.28873,True,True,2.28749,2.28873,True,True
066e0f4c23,CsCdSnSb2,0.7967,P-1,triclinic,10,Sn,50,2.0,-0.57032,0.00014,0.00028,0.00026,-0.57914,-3e-05,0.00051,1e-05,-0.57119,-0.57355,0.00066,0.00023,2.57355,2.57914,True,True,2.57355,2.5791399999999998,True,True
066e0f4c23,CsCdSnSb2,0.7967,P-1,triclinic,11,Sn,50,2.0,-0.57591,-0.00026,-0.00051,-0.00014,-0.56796,-3e-05,-0.00028,1e-05,-0.57679,-0.57355,0.00066,0.00023,2.57355,2.57679,True,True,2.57355,2.57679,True,True
066e0f4c23,CsCdSnSb2,0.7967,P-1,triclinic,14,Sb,51,-3.0,-0.89472,-0.00021,-0.00026,-4e-05,-0.9143,0.0004,0.0014,0.00011,-0.89543,-0.90148,0.0015,0.00167,2.09852,2.10528,True,True,2.09852,2.10528,True,True
066e0f4c23,CsCdSnSb2,0.7967,P-1,triclinic,15,Sb,51,-3.0,-0.90753,4e-05,-0.0014,0.00021,-0.88866,0.0004,0.00026,0.00011,-0.90825,-0.90148,0.0015,0.00167,2.09852,2.11134,True,True,2.09852,2.11134,True,True
066e0f4c23,CsCdSnSb2,0.7967,P-1,triclinic,18,Sb,51,-3.0,-0.69093,-0.00029,0.0011,-0.00033,-0.68534,9e-05,-0.00045,-0.00016,-0.68973,-0.68867,0.00128,0.00155,2.31133,2.31466,True,True,2.31133,2.31466,True,True
066e0f4c23,CsCdSnSb2,0.7967,P-1,triclinic,19,Sb,51,-3.0,-0.68761,0.00033,0.00045,0.00029,-0.69199,9e-05,-0.0011,-0.00016,-0.6864,-0.68867,0.00128,0.00155,2.31133,2.3136,True,True,2.31133,2.3136,True,True
066f973434,In4FeCu(SeO3)8,0.9951,P-1,triclinic,4,Fe,26,2.0,-0.63371,-0.00011,0.00147,0.00011,-0.63425,0.0004,-0.00147,0.00056,-0.63479,-0.63425,0.0022,0.00294,2.63425,2.63479,True,True,2.6342499999999998,2.6347899999999997,True,True
066f973434,In4FeCu(SeO3)8,0.9951,P-1,triclinic,10,Se,34,4.0,1.90048,-0.01163,0.00224,-0.01141,1.86456,-0.00106,0.00064,-0.00104,1.90089,1.88864,0.01653,0.00161,2.11136,2.13544,True,True,2.11136,2.13544,True,True
066f973434,In4FeCu(SeO3)8,0.9951,P-1,triclinic,12,Se,34,4.0,1.8764,0.01141,-0.00064,0.01163,1.91273,-0.00106,-0.00224,-0.00104,1.8768,1.88864,0.01653,0.00161,2.11136,2.1236,True,True,2.11136,2.1235999999999997,True,True
068a9fe070,NbSe6IF6,1.5334,P2/c,monoclinic,0,Nb,41,1.0,5.89293,0.0002,0.0,-0.0002,5.89241,-8e-05,-0.0,-1e-05,5.89188,5.89241,0.00029,0.0004,4.89241,4.89293,True,True,4.89241,4.89293,True,True
068a9fe070,NbSe6IF6,1.5334,P2/c,monoclinic,1,Nb,41,1.0,5.89189,0.0002,0.0,-0.0002,5.89241,1e-05,-0.0,8e-05,5.89294,5.89241,0.00029,0.0004,4.89241,4.89294,True,True,4.89241,4.89294,True,True
068cd59d37,HoTm3Tc3PtF28,1.513,P1,triclinic,5,Tc,43,4.0,1.50945,-0.00078,-0.0011,-0.00136,1.47487,0.00021,-0.00068,0.00042,1.50985,1.49806,0.00209,0.00058,2.50194,2.52513,True,True,2.5019400000000003,2.52513,True,True
068cd59d37,HoTm3Tc3PtF28,1.513,P1,triclinic,6,Tc,43,4.0,1.9317,-0.00096,-5e-05,-0.00144,1.92499,-0.00037,0.00044,-0.0002,1.93125,1.92931,0.00183,0.00049,2.07069,2.07501,True,True,2.07069,2.07501,True,True
068e6e1566,K7NaLi4(AlBi2)4,0.3171,Cm,monoclinic,8,Li,3,1.0,-1.79995,0.00041,-0.00052,9e-05,-1.79307,0.00022,-0.00024,0.00033,-1.79528,-1.7961,0.00081,0.00032,2.7961,2.79995,True,True,2.7961,2.79995,True,True
068e6e1566,K7NaLi4(AlBi2)4,0.3171,Cm,monoclinic,9,Li,3,1.0,-1.79982,9e-05,0.00066,-0.00052,-1.79307,0.00013,0.00058,3e-05,-1.79541,-1.7961,0.00103,0.00061,2.7961,2.79982,True,True,2.7961,2.79982,True,True
068e6e1566,K7NaLi4(AlBi2)4,0.3171,Cm,monoclinic,10,Li,3,1.0,-1.79103,-1e-05,0.00059,-0.00042,-1.78686,-1e-05,0.00021,-2e-05,-1.78658,-1.78815,0.00076,0.0004,2.78815,2.79103,True,True,2.78815,2.79103,True,True
068e6e1566,K7NaLi4(AlBi2)4,0.3171,Cm,monoclinic,11,Li,3,1.0,-1.79105,0.00057,-0.00026,9e-05,-1.78685,-5e-05,-0.00038,1e-05,-1.78655,-1.78815,0.00074,0.00048,2.78815,2.79105,True,True,2.78815,2.7910500000000003,True,True
068e6e1566,K7NaLi4(AlBi2)4,0.3171,Cm,monoclinic,12,Al,13,3.0,-1.49877,0.00081,0.0001,0.00011,-1.49974,-0.00026,0.00054,-0.00025,-1.49639,-1.4983,0.00105,0.0007,4.4983,4.49974,True,True,4.4983,4.49974,True,True
068e6e1566,K7NaLi4(AlBi2)4,0.3171,Cm,monoclinic,13,Al,13,3.0,-1.4988,-0.00016,-0.00027,-0.00067,-1.49974,-0.00024,0.00013,-0.00026,-1.49637,-1.4983,0.00084,0.00051,4.4983,4.49974,True,True,4.4983,4.49974,True,True
068e6e1566,K7NaLi4(AlBi2)4,0.3171,Cm,monoclinic,14,Al,13,3.0,-1.45495,0.00124,0.00044,0.00065,-1.454,0.00014,-3e-05,0.00016,-1.45324,-1.45407,0.00148,0.00059,4.45407,4.45495,True,True,4.45407,4.45495,True,True
068e6e1566,K7NaLi4(AlBi2)4,0.3171,Cm,monoclinic,15,Al,13,3.0,-1.45495,-0.00049,-8e-05,-0.00107,-1.454,9e-05,-0.00017,0.00018,-1.45325,-1.45407,0.00121,0.00058,4.45407,4.45495,True,True,4.45407,4.45495,True,True
068e6e1566,K7NaLi4(AlBi2)4,0.3171,Cm,monoclinic,16,Bi,83,-3.0,0.95352,-0.00091,-0.00131,-0.0007,0.95867,-0.00081,-0.00228,-0.00075,0.94961,0.95393,0.00307,0.00096,3.95393,3.95867,True,True,3.9539299999999997,3.95867,True,True
068e6e1566,K7NaLi4(AlBi2)4,0.3171,Cm,monoclinic,17,Bi,83,-3.0,1.085,-0.00105,-0.00224,-0.0005,1.05355,0.00045,-0.00108,0.00051,1.08136,1.0733,0.00283,0.00117,4.0733,4.085,True,True,4.0733,4.085,True,True
068e6e1566,K7NaLi4(AlBi2)4,0.3171,Cm,monoclinic,18,Bi,83,-3.0,0.95267,0.0008,0.00235,0.001,0.94058,-0.00055,0.00142,-0.00048,0.94906,0.94744,0.00312,0.00094,3.94744,3.95267,True,True,3.94744,3.95267,True,True
068e6e1566,K7NaLi4(AlBi2)4,0.3171,Cm,monoclinic,19,Bi,83,-3.0,1.07827,0.00076,0.00094,0.00101,1.08519,0.0005,0.00214,0.00047,1.07453,1.07933,0.00275,0.0012,4.07933,4.08519,True,True,4.07933,4.08519,True,True
068e6e1566,K7NaLi4(AlBi2)4,0.3171,Cm,monoclinic,20,Bi,83,-3.0,1.03163,-0.00072,-0.00169,-0.00012,1.04112,0.00024,-0.0032,-2e-05,1.02826,1.03367,0.0037,0.00151,4.03367,4.04112,True,True,4.03367,4.04112,True,True
068e6e1566,K7NaLi4(AlBi2)4,0.3171,Cm,monoclinic,21,Bi,83,-3.0,0.9853,0.00052,0.00133,0.00112,0.98467,-0.00019,0.00304,-0.00021,0.98184,0.98393,0.00355,0.00171,3.98393,3.9853,True,True,3.98393,3.9853,True,True
068e6e1566,K7NaLi4(AlBi2)4,0.3171,Cm,monoclinic,22,Bi,83,-3.0,0.98535,0.00061,0.00291,0.00121,0.98467,0.00019,0.00139,0.0001,0.98178,0.98393,0.0035,0.00151,3.98393,3.98535,True,True,3.98393,3.98535,True,True
068e6e1566,K7NaLi4(AlBi2)4,0.3171,Cm,monoclinic,23,Bi,83,-3.0,1.0314,-0.00125,-0.00276,-0.0007,1.04112,-0.00037,-0.00122,-0.00024,1.0285,1.03367,0.00337,0.00154,4.03367,4.04112,True,True,4.03367,4.04112,True,True
068f28a3f2,Cs4K2(ReH9)3,4.904,Amm2,orthorhombic,6,Re,75,7.0,-0.34306,-0.00601,-0.00215,-0.00541,-0.34328,3e-05,-0.00215,-3e-05,-0.3435,-0.34328,0.00864,0.00059,7.34328,7.3435,True,True,7.34328,7.3435,True,True
068f28a3f2,Cs4K2(ReH9)3,4.904,Amm2,orthorhombic,7,Re,75,7.0,-0.3437,-0.03274,0.00022,-0.03202,-0.34333,0.00018,0.00022,-0.00018,-0.34297,-0.34333,0.0458,0.00073,7.34333,7.3437,True,True,7.34333,7.3437,True,True
068f28a3f2,Cs4K2(ReH9)3,4.904,Amm2,orthorhombic,8,Re,75,7.0,0.98466,0.02879,0.00051,0.0289,0.9858,0.0,0.00051,-0.0,0.98695,0.9858,0.0408,0.00011,6.0142,6.01534,True,True,6.0142,6.01534,True,True
0694d72a55,Gd5YWO12,2.8793,P1,triclinic,8,O,8,-2.0,0.23958,-0.00064,0.00071,0.00048,0.31399,0.0004,0.0008,0.00063,0.23838,0.26398,0.00153,0.00112,2.26398,2.31399,True,True,2.26398,2.31399,True,True
0694d72a55,Gd5YWO12,2.8793,P1,triclinic,12,O,8,-2.0,0.35518,0.00044,-0.00439,0.00042,0.37328,-0.00043,-0.00244,-0.00022,0.34933,0.35926,0.00508,0.00195,2.35926,2.37328,True,True,2.35926,2.37328,True,True
06989ccbb8,Tb4Ho3FeI12,0.1073,P1,triclinic,7,Fe,26,1.0,-6.97941,0.00049,0.00016,-0.00022,-6.96864,1e-05,0.00011,2e-05,-6.97936,-6.9758,0.00058,0.00072,7.9758,7.97941,True,True,7.9758,7.97941,True,True
06999882d9,Ba7Na4Sr(AlP3)4,0.1608,P-1,triclinic,12,Al,13,3.0,-0.3379,0.00048,-0.00501,-0.00084,-0.31838,-0.00037,-0.00242,-0.00032,-0.33506,-0.33045,0.00567,0.00259,3.33045,3.3379,True,True,3.33045,3.3379,True,True
06999882d9,Ba7Na4Sr(AlP3)4,0.1608,P-1,triclinic,13,Al,13,3.0,0.75557,-0.00037,-0.00138,-0.00031,0.7547,0.00049,-0.00095,0.00051,0.75713,0.7558,0.00189,0.00043,2.2442,2.2453,True,True,2.2442,2.2453,True,True
06999882d9,Ba7Na4Sr(AlP3)4,0.1608,P-1,triclinic,14,Al,13,3.0,0.75448,0.00031,0.00095,0.00037,0.7569,0.00049,0.00138,0.00051,0.75603,0.7558,0.00189,0.00043,2.2442,2.24552,True,True,2.2442,2.24552,True,True
06999882d9,Ba7Na4Sr(AlP3)4,0.1608,P-1,triclinic,15,Al,13,3.0,-0.32583,0.00084,0.00242,-0.00048,-0.34252,-0.00037,0.00501,-0.00032,-0.32299,-0.33045,0.00567,0.00259,3.33045,3.34252,True,True,3.33045,3.34252,True,True
069b6e9131,Tb3Nd2Tm(RuO7)2,0.1946,Pm,monoclinic,6,Ru,44,5.0,2.8116,-4e-05,0.00086,-5e-05,2.80284,-0.00093,0.00132,-9e-05,2.80586,2.80676,0.00183,0.00084,2.19324,2.19716,True,True,2.19324,2.19716,True,True
069b6e9131,Tb3Nd2Tm(RuO7)2,0.1946,Pm,monoclinic,7,Ru,44,5.0,2.80767,-4e-05,0.00132,-5e-05,2.81069,9e-05,0.00086,0.00093,2.80193,2.80676,0.00183,0.00084,2.19324,2.19807,True,True,2.19324,2.19807,True,True
069bff255f,KTiCuP2,0.5535,I-4m2,tetragonal,1,Ti,22,4.0,1.88824,-0.00017,0.00027,0.00017,1.88803,0.00035,-0.00027,0.00031,1.88781,1.88803,0.00064,0.00053,2.11197,2.11219,True,True,2.11197,2.11219,True,True
069bff255f,KTiCuP2,0.5535,I-4m2,tetragonal,2,Cu,29,1.0,-1.14134,-0.00018,0.00077,0.00018,-1.1416,0.00032,-0.00077,0.00034,-1.14186,-1.1416,0.00121,0.00154,2.1416,2.14186,True,True,2.1416,2.1418600000000003,True,True
069f060817,LaSm2Y4CoI12,0.3128,P1,triclinic,7,Co,27,1.0,-7.13592,0.00011,0.00028,5e-05,-7.15364,-3e-05,0.00026,6e-05,-7.13585,-7.1418,0.00041,9e-05,8.1418,8.15364,True,True,8.1418,8.15364,True,True
06afe5119f,Sm4Y(RuO6)2,0.1024,C2/m,monoclinic,5,Ru,44,4.5,0.75096,0.00046,-0.00274,-0.00204,0.7484,-0.00067,-0.00331,-0.00051,0.74584,0.7484,0.00485,0.0025,3.7516,3.75416,True,True,3.7516,3.75416,True,True
06afe5119f,Sm4Y(RuO6)2,0.1024,C2/m,monoclinic,6,Ru,44,4.5,0.75096,0.00204,0.00331,-0.00046,0.7484,-0.00067,0.00274,-0.00051,0.74584,0.7484,0.00485,0.0025,3.7516,3.75416,True,True,3.7516,3.75416,True,True
06b9f3b20d,Gd5DyWO12,2.8702,P1,triclinic,13,O,8,-2.0,0.37778,-0.00044,0.00235,-0.00042,0.35349,-0.0005,0.00442,-0.00027,0.37226,0.36785,0.00507,0.00207,2.36785,2.37778,True,True,2.36785,2.37778,True,True
06b9f3b20d,Gd5DyWO12,2.8702,P1,triclinic,16,O,8,-2.0,0.26173,-0.00052,-0.00061,0.00047,0.19225,0.00037,-0.00073,0.0006,0.26053,0.23817,0.00138,0.00099,2.23817,2.26173,True,True,2.23817,2.26173,True,True
06beb1aab4,Ba3InFeIrO9,0.1627,P6_3mc,hexagonal,8,Fe,26,3.0,-0.05876,-0.0005,-0.0,0.0005,-0.05401,-5e-05,-0.0,5e-05,-0.05876,-0.05717,0.0007,0.00099,3.05717,3.05876,True,True,3.05717,3.05876,True,True
06beb1aab4,Ba3InFeIrO9,0.1627,P6_3mc,hexagonal,9,Fe,26,3.0,-0.05876,-0.0005,0.0,0.0005,-0.05401,-5e-05,0.0,5e-05,-0.05876,-0.05717,0.0007,0.00099,3.05717,3.05876,True,True,3.05717,3.05876,True,True
06beb1aab4,Ba3InFeIrO9,0.1627,P6_3mc,hexagonal,10,Ir,77,6.0,3.70539,0.00015,0.0,-0.00015,3.69215,-5e-05,0.0,5e-05,3.70539,3.70098,0.00022,0.00029,2.29902,2.30785,True,True,2.29902,2.30785,True,True
06beb1aab4,Ba3InFeIrO9,0.1627,P6_3mc,hexagonal,11,Ir,77,6.0,3.70539,0.00015,-0.0,-0.00015,3.69215,-5e-05,-0.0,5e-05,3.70539,3.70098,0.00022,0.00029,2.29902,2.30785,True,True,2.29902,2.30785,True,True
06c1da86bb,Na4Li2TeO6,2.4319,P2_1/c,monoclinic,12,Te,52,6.0,2.67039,0.00041,5e-05,-0.00041,2.67271,-0.00051,-5e-05,-0.00052,2.67502,2.67271,0.00094,0.00083,3.32729,3.32961,True,True,3.32729,3.32961,True,True
06c1da86bb,Na4Li2TeO6,2.4319,P2_1/c,monoclinic,13,Te,52,6.0,2.67502,0.00041,-5e-05,-0.00041,2.6727,-0.00051,5e-05,-0.00052,2.67039,2.6727,0.00094,0.00083,3.3273,3.32961,True,True,3.3273,3.32961,True,True
06c211997f,YTm3V4(WO6)4,1.689,P1,triclinic,4,V,23,3.0,5.67224,-0.00063,0.00373,0.00073,5.54435,0.00104,0.00338,0.00053,5.67285,5.62981,0.00526,0.00136,2.62981,2.67285,True,True,2.62981,2.6728500000000004,True,True
06c211997f,YTm3V4(WO6)4,1.689,P1,triclinic,5,V,23,3.0,5.67826,-0.00093,0.00343,0.00044,5.80472,-9e-05,0.00421,-0.00048,5.67897,5.72065,0.00555,0.00136,2.72065,2.80472,True,True,2.72065,2.8047199999999997,True,True
06c211997f,YTm3V4(WO6)4,1.689,P1,triclinic,6,V,23,3.0,5.72993,-0.00097,-0.00286,0.00063,5.59539,-0.00028,-0.00336,-0.00066,5.72901,5.68478,0.00462,0.0016,2.68478,2.72993,True,True,2.68478,2.7299300000000004,True,True
06c211997f,YTm3V4(WO6)4,1.689,P1,triclinic,7,V,23,3.0,5.60685,-0.00117,-0.00341,0.00042,5.72351,0.00107,-0.00282,0.00074,5.60542,5.64526,0.00477,0.00159,2.64526,2.72351,True,True,2.6452600000000004,2.72351,True,True
06d230e1ba,TbCr4Bi3F28,1.6008,P1,triclinic,0,Tb,65,3.0,5.10632,9e-05,-0.00233,0.00039,5.1643,0.00099,-0.00133,0.00128,5.10678,5.1258,0.00316,0.00099,2.1258,2.1643,True,True,2.1258,2.1643,True,True
06d230e1ba,TbCr4Bi3F28,1.6008,P1,triclinic,1,Cr,24,4.0,6.51375,-0.0022,-9e-05,-0.00123,6.45958,-0.00238,-0.00065,-0.00233,6.51362,6.49565,0.00422,0.00097,2.49565,2.51375,True,True,2.4956500000000004,2.51375,True,True
06d230e1ba,TbCr4Bi3F28,1.6008,P1,triclinic,2,Cr,24,4.0,6.5691,-0.00028,0.00034,0.00074,6.6068,-0.00209,0.00036,-0.002,6.56856,6.58149,0.00304,0.00102,2.58149,2.6068,True,True,2.5814899999999996,2.6068,True,True
06d230e1ba,TbCr4Bi3F28,1.6008,P1,triclinic,3,Cr,24,4.0,6.47588,0.00071,0.00021,0.00178,6.51445,0.00211,-0.00055,0.00202,6.47643,6.48892,0.00354,0.00107,2.48892,2.51445,True,True,2.4889200000000002,2.51445,True,True
06d230e1ba,TbCr4Bi3F28,1.6008,P1,triclinic,4,Cr,24,4.0,6.53855,-0.00485,0.00082,-0.00398,6.4889,0.00189,0.00071,0.00183,6.53895,6.52213,0.00689,0.00087,2.52213,2.53895,True,True,2.5221299999999998,2.53895,True,True
06d230e1ba,TbCr4Bi3F28,1.6008,P1,triclinic,5,Bi,83,3.0,5.05089,-0.00015,0.00115,-2e-05,5.13117,0.00023,0.00133,0.00055,5.0519,5.07799,0.00187,0.00032,2.07799,2.13117,True,True,2.07799,2.13117,True,True
06d230e1ba,TbCr4Bi3F28,1.6008,P1,triclinic,7,Bi,83,3.0,5.04901,0.00062,0.00122,0.00058,4.97724,-0.00029,0.00166,3e-05,5.04801,5.02475,0.00224,0.00044,2.02475,2.04901,True,True,2.02475,2.04901,True,True
06d250888e,KPu2(AsO4)3,0.1728,R-3c,trigonal,2,Pu,94,4.0,1.58739,-0.00027,-0.00075,-0.00022,1.65464,-0.00054,-0.0003,-0.00059,1.58732,1.60978,0.00119,0.00045,2.39022,2.41268,True,True,2.3902200000000002,2.41268,True,True
06d250888e,KPu2(AsO4)3,0.1728,R-3c,trigonal,3,Pu,94,4.0,1.63224,0.00022,0.0003,0.00027,1.56492,-0.00054,0.00075,-0.00059,1.63218,1.60978,0.00119,0.00045,2.39022,2.43508,True,True,2.3902200000000002,2.43508,True,True
06d250888e,KPu2(AsO4)3,0.1728,R-3c,trigonal,4,Pu,94,4.0,1.63224,0.00022,0.0003,0.00027,1.56493,-0.00054,0.00075,-0.00059,1.63218,1.60978,0.00119,0.00045,2.39022,2.43507,True,True,2.3902200000000002,2.43507,True,True
06d250888e,KPu2(AsO4)3,0.1728,R-3c,trigonal,5,Pu,94,4.0,1.58738,-0.00027,-0.00075,-0.00022,1.65464,-0.00054,-0.0003,-0.00059,1.58732,1.60978,0.00119,0.00045,2.39022,2.41268,True,True,2.3902200000000002,2.41268,True,True
06d3848607,K3RbBa(VSe4)2,1.1293,I222,orthorhombic,10,V,23,5.0,2.002,7e-05,-3e-05,-0.00018,2.00263,0.00017,-0.00055,0.0001,2.00224,2.00229,0.00061,0.00052,2.99771,2.998,True,True,2.99771,2.998,True,True
06d3848607,K3RbBa(VSe4)2,1.1293,I222,orthorhombic,11,V,23,5.0,2.00191,5e-05,0.0009,6e-05,2.003,0.00026,0.00023,0.00019,2.00193,2.00228,0.00098,0.00066,2.99772,2.99809,True,True,2.99772,2.99809,True,True
06d3848607,K3RbBa(VSe4)2,1.1293,I222,orthorhombic,12,V,23,5.0,2.00163,-0.00037,-4e-05,-0.00029,2.00347,-0.00032,0.00042,-0.00018,2.00177,2.00229,0.00073,0.00046,2.99771,2.99837,True,True,2.99771,2.99837,True,True
06d3848607,K3RbBa(VSe4)2,1.1293,I222,orthorhombic,13,V,23,5.0,2.00319,0.00024,-0.0007,0.00042,2.00004,-0.00021,-0.00022,-7e-05,2.00362,2.00229,0.00091,0.00048,2.99771,2.99996,True,True,2.99771,2.99996,True,True
06d75eeca8,La2SiPtBr2,0.1263,P3m1,trigonal,2,Si,14,-4.0,-1.26845,-0.00027,0.0,0.00027,-1.26962,3e-05,0.0,-3e-05,-1.26845,-1.26884,0.00038,0.00053,2.73116,2.73155,True,True,2.73116,2.73155,True,True
06d75eeca8,La2SiPtBr2,0.1263,P3m1,trigonal,3,Pt,78,2.0,-6.00396,-0.00024,-0.0,0.00024,-6.05287,5e-05,0.0,-5e-05,-6.00396,-6.02027,0.00035,0.00048,8.02027,8.05287,True,True,8.02027,8.05287,True,True
06dc92e7b4,UCr3(AgSe4)2,0.2729,R-3m,trigonal,0,U,92,5.0,1.8378,-0.00048,0.00184,0.00048,1.8376,-0.00196,-0.00184,-0.0021,1.8374,1.8376,0.00394,0.00369,3.1624,3.1626,True,True,3.1624,3.1626000000000003,True,True
06dc92e7b4,UCr3(AgSe4)2,0.2729,R-3m,trigonal,1,Cr,24,3.0,0.16343,0.0001,-0.00099,-0.0001,0.16344,0.00107,0.00099,0.00033,0.16345,0.16344,0.0018,0.00199,2.83656,2.83657,True,True,2.83656,2.83657,True,True
06dc92e7b4,UCr3(AgSe4)2,0.2729,R-3m,trigonal,2,Cr,24,3.0,0.16424,0.00029,-0.00112,-0.00029,0.16344,0.00256,0.00112,0.00248,0.16264,0.16344,0.00392,0.00224,2.83656,2.83736,True,True,2.83656,2.83736,True,True
06dc92e7b4,UCr3(AgSe4)2,0.2729,R-3m,trigonal,3,Cr,24,3.0,0.1632,0.00064,0.00015,-0.00064,0.16344,0.00205,-0.00015,0.00197,0.16368,0.16344,0.00299,0.00128,2.83656,2.8368,True,True,2.83656,2.8368,True,True
06dc92e7b4,UCr3(AgSe4)2,0.2729,R-3m,trigonal,9,Se,34,-2.0,1.10363,-3e-05,-0.00305,5e-05,0.79762,-0.0007,-0.00314,-0.00055,1.10305,1.00144,0.00447,0.00016,3.00144,3.10363,True,True,3.00144,3.10363,True,True
06dc92e7b4,UCr3(AgSe4)2,0.2729,R-3m,trigonal,11,Se,34,-2.0,0.89982,-5e-05,0.00314,3e-05,1.20525,-0.0007,0.00305,-0.00055,0.89924,1.00144,0.00447,0.00016,3.00144,3.20525,True,True,3.00144,3.20525,True,True
06dfb993f0,Cs4Bi(SbS8)3,1.6227,P1,triclinic,4,Bi,83,5.0,2.54285,-0.00014,0.00115,-3e-05,2.54245,0.00046,-0.00131,0.00042,2.54183,2.54238,0.00185,0.00246,2.45762,2.45817,True,True,2.45762,2.45817,True,True
06dfb993f0,Cs4Bi(SbS8)3,1.6227,P1,triclinic,5,Sb,51,5.0,1.97356,-0.00022,0.00164,0.00017,1.97613,-0.00044,-0.00081,-0.00057,1.9741,1.9746,0.00198,0.00245,3.0254,3.02644,True,True,3.0254000000000003,3.02644,True,True
06dfb993f0,Cs4Bi(SbS8)3,1.6227,P1,triclinic,6,Sb,51,5.0,2.13877,-0.00028,0.00053,8e-05,2.13655,0.0008,-0.00188,0.00074,2.13831,2.13788,0.00226,0.00241,2.86212,2.86345,True,True,2.86212,2.86345,True,True
06dfb993f0,Cs4Bi(SbS8)3,1.6227,P1,triclinic,7,Sb,51,5.0,1.96657,-0.00016,0.00068,0.00018,1.9675,-0.00043,-0.00177,-0.00057,1.96708,1.96705,0.00204,0.00245,3.03295,3.03343,True,True,3.03295,3.03343,True,True
06e551a8d1,K4Ti6FeBr18,1.0029,P-1,triclinic,10,Fe,26,2.0,-5.87535,3e-05,-9e-05,-3e-05,-5.87532,4e-05,9e-05,4e-05,-5.87528,-5.87532,0.00015,0.00018,7.87532,7.87535,True,True,7.87532,7.87535,True,True
06e7a7f62a,Tb2Ho4IrO12,0.4423,P1,triclinic,6,Ir,77,6.0,3.63519,-1e-05,0.00149,-8e-05,3.66856,-0.0005,0.00172,-0.00068,3.63436,3.64603,0.00243,0.00023,2.35397,2.36564,True,True,2.35397,2.36564,True,True
06f527b3b1,Cs3Sc(IO3)6,3.3245,P-1,triclinic,3,Sc,21,3.0,5.39844,-0.00011,0.00071,0.00011,5.39919,-0.00042,-0.00071,-0.0004,5.39994,5.39919,0.00116,0.00141,2.39919,2.39994,True,True,2.39919,2.39994,True,True
06f686aa59,YP4N7,3.0369,P-1,triclinic,5,P,15,4.5,2.45911,0.04397,0.00182,0.04182,2.53257,-0.00536,0.00242,-0.00337,2.45883,2.4835,0.06109,0.00215,2.0165,2.04117,True,True,2.0165,2.04117,True,True
06f686aa59,YP4N7,3.0369,P-1,triclinic,6,P,15,4.5,2.50879,-0.04171,-0.00243,-0.04386,2.43483,-0.00536,-0.00183,-0.00337,2.5085,2.48404,0.06093,0.00215,2.01596,2.06517,True,True,2.01596,2.06517,True,True
0701bc0b38,Y2ErCu3Sb4,0.3258,I-42d,tetragonal,6,Cu,29,1.0,-1.93337,-0.00025,1e-05,6e-05,-1.93564,-0.00059,0.0,-0.00091,-1.93352,-1.93418,0.00111,0.00032,2.93418,2.93564,True,True,2.93418,2.9356400000000002,True,True
0701bc0b38,Y2ErCu3Sb4,0.3258,I-42d,tetragonal,7,Cu,29,1.0,-1.93451,-0.00017,-5e-05,0.00013,-1.9353,-0.0006,-0.00013,-0.00095,-1.93451,-1.93477,0.00116,0.00035,2.93477,2.9353,True,True,2.9347700000000003,2.9353,True,True
0701bc0b38,Y2ErCu3Sb4,0.3258,I-42d,tetragonal,8,Cu,29,1.0,-1.92432,-0.0,-0.00128,-9e-05,-1.92782,0.00034,0.00144,0.00049,-1.92673,-1.92629,0.00202,0.00272,2.92629,2.92782,True,True,2.92629,2.92782,True,True
0701bc0b38,Y2ErCu3Sb4,0.3258,I-42d,tetragonal,9,Cu,29,1.0,-1.92728,0.00035,-0.00132,8e-05,-1.92507,0.00033,0.00119,0.00043,-1.92916,-1.92717,0.00189,0.0025,2.92717,2.92916,True,True,2.9271700000000003,2.92916,True,True
0701bc0b38,Y2ErCu3Sb4,0.3258,I-42d,tetragonal,10,Cu,29,1.0,-1.93457,0.0001,0.0016,0.0,-1.93162,0.00034,-0.00135,0.00048,-1.932,-1.93273,0.00218,0.00295,2.93273,2.93457,True,True,2.9327300000000003,2.93457,True,True
0701bc0b38,Y2ErCu3Sb4,0.3258,I-42d,tetragonal,11,Cu,29,1.0,-1.92779,2e-05,0.00137,-0.00024,-1.92955,0.00031,-0.00146,0.00042,-1.92574,-1.92769,0.00208,0.00283,2.92769,2.92955,True,True,2.92769,2.92955,True,True
0701bc0b38,Y2ErCu3Sb4,0.3258,I-42d,tetragonal,12,Sb,51,-3.0,-0.96571,-0.00068,0.00148,0.00039,-0.92143,0.00082,0.00109,-4e-05,-0.96571,-0.95095,0.00216,0.00107,2.04905,2.07857,True,True,2.0490500000000003,2.07857,True,True
0701bc0b38,Y2ErCu3Sb4,0.3258,I-42d,tetragonal,13,Sb,51,-3.0,-0.92542,0.00075,0.00035,-0.00054,-1.00781,0.00052,0.0002,-0.0004,-0.92582,-0.95302,0.00121,0.0013,2.04698,2.07458,True,True,2.04698,2.07458,True,True
0701bc0b38,Y2ErCu3Sb4,0.3258,I-42d,tetragonal,14,Sb,51,-3.0,-0.95567,0.0012,0.00011,0.00135,-0.93845,-0.00068,-0.00175,0.00022,-0.96377,-0.95263,0.00261,0.00185,2.04737,2.06155,True,True,2.04737,2.06155,True,True
0701bc0b38,Y2ErCu3Sb4,0.3258,I-42d,tetragonal,15,Sb,51,-3.0,-0.96126,-0.00142,-0.00144,-0.00122,-0.94128,-0.00068,-2e-05,0.00022,-0.95365,-0.95206,0.00247,0.00142,2.04794,2.05872,True,True,2.04794,2.05872,True,True
0701bc0b38,Y2ErCu3Sb4,0.3258,I-42d,tetragonal,16,Sb,51,-3.0,-0.92739,0.0005,0.00038,-0.00075,-1.00797,0.00053,0.00034,-0.00039,-0.92686,-0.95407,0.00122,0.00124,2.04593,2.07314,True,True,2.0459300000000002,2.07314,True,True
0701bc0b38,Y2ErCu3Sb4,0.3258,I-42d,tetragonal,17,Sb,51,-3.0,-0.97314,-0.00042,0.00095,0.00075,-0.91979,0.00081,0.00158,-5e-05,-0.97346,-0.95546,0.00219,0.00117,2.04454,2.08021,True,True,2.04454,2.08021,True,True
0701bc0b38,Y2ErCu3Sb4,0.3258,I-42d,tetragonal,18,Sb,51,-3.0,-0.95746,0.00112,-0.00031,0.00124,-0.94272,-0.00069,-0.00144,0.00022,-0.96533,-0.95517,0.00234,0.00112,2.04483,2.05728,True,True,2.04483,2.05728,True,True
0701bc0b38,Y2ErCu3Sb4,0.3258,I-42d,tetragonal,19,Sb,51,-3.0,-0.96199,-0.00134,-0.00163,-0.00117,-0.94118,-0.00065,0.00012,0.00027,-0.95403,-0.9524,0.00252,0.00175,2.0476,2.05882,True,True,2.0476,2.05882,True,True
0701ecc230,Nb3V(Pt3Se8)2,0.487,Pm,monoclinic,0,Nb,41,5.0,1.33538,-0.00114,0.00122,-0.00042,1.16122,-0.00017,-0.00122,0.00017,1.33538,1.27733,0.00212,0.00244,3.72267,3.83878,True,True,3.72267,3.83878,True,True
0701ecc230,Nb3V(Pt3Se8)2,0.487,Pm,monoclinic,1,Nb,41,5.0,1.53163,0.00044,-0.00102,0.00114,1.30703,-0.00014,0.00102,0.00014,1.53163,1.45676,0.0019,0.00204,3.54324,3.69297,True,True,3.54324,3.69297,True,True
0701ecc230,Nb3V(Pt3Se8)2,0.487,Pm,monoclinic,2,Nb,41,5.0,1.30562,-0.00103,-0.00091,-0.00031,1.4912,-0.00014,0.00091,0.00014,1.30562,1.36748,0.00169,0.00182,3.63252,3.69438,True,True,3.63252,3.6943799999999998,True,True
0701ecc230,Nb3V(Pt3Se8)2,0.487,Pm,monoclinic,3,V,23,5.0,-0.23635,0.00051,0.00066,0.00041,-0.19285,-0.00022,-0.00066,0.00022,-0.23635,-0.22185,0.00119,0.00133,5.22185,5.23635,True,True,5.22185,5.23635,True,True
0701ecc230,Nb3V(Pt3Se8)2,0.487,Pm,monoclinic,4,Pt,78,2.0,-1.71517,0.00119,0.00114,0.0015,-1.74313,0.00012,-0.00114,-0.00012,-1.71517,-1.72449,0.00251,0.00228,3.72449,3.74313,True,True,3.7244900000000003,3.74313,True,True
0701ecc230,Nb3V(Pt3Se8)2,0.487,Pm,monoclinic,5,Pt,78,2.0,-0.4949,0.00105,-0.0,0.00088,-0.40365,-3e-05,0.0,3e-05,-0.4949,-0.46448,0.00137,0.00016,2.46448,2.4949,True,True,2.46448,2.4949,True,True
0701ecc230,Nb3V(Pt3Se8)2,0.487,Pm,monoclinic,6,Pt,78,2.0,-0.5728,-0.00056,0.00034,-0.00103,-0.58439,-0.00014,-0.00034,0.00014,-0.5728,-0.57666,0.00128,0.00067,2.57666,2.58439,True,True,2.57666,2.58439,True,True
0701ecc230,Nb3V(Pt3Se8)2,0.487,Pm,monoclinic,7,Pt,78,2.0,-0.53927,0.00097,0.00019,0.00082,-0.56385,-8e-05,-0.00019,8e-05,-0.53927,-0.54746,0.0013,0.00038,2.54746,2.56385,True,True,2.54746,2.56385,True,True
0701ecc230,Nb3V(Pt3Se8)2,0.487,Pm,monoclinic,8,Pt,78,2.0,-0.41524,-0.00323,-0.00065,-0.00118,-0.24988,0.0002,0.00065,-0.0002,-0.41524,-0.36012,0.00357,0.00205,2.36012,2.41524,True,True,2.36012,2.41524,True,True
0701ecc230,Nb3V(Pt3Se8)2,0.487,Pm,monoclinic,9,Pt,78,2.0,-0.05257,-0.00129,0.00037,0.00181,-0.12234,0.00029,-0.00037,-0.00029,-0.05257,-0.07582,0.00232,0.0031,2.07582,2.12234,True,True,2.07582,2.12234,True,True
0701ecc230,Nb3V(Pt3Se8)2,0.487,Pm,monoclinic,11,Se,34,-2.0,0.58255,-0.00038,0.00165,-0.00094,0.71314,4e-05,-0.00165,-4e-05,0.58255,0.62608,0.00254,0.0033,2.62608,2.71314,True,True,2.62608,2.71314,True,True
0701ecc230,Nb3V(Pt3Se8)2,0.487,Pm,monoclinic,12,Se,34,-2.0,0.49211,0.00018,-0.00078,-4e-05,0.62829,0.00013,0.00078,-0.00013,0.49211,0.5375,0.00113,0.00156,2.5375,2.62829,True,True,2.5375,2.62829,True,True
0701ecc230,Nb3V(Pt3Se8)2,0.487,Pm,monoclinic,13,Se,34,-2.0,0.71721,0.00049,-0.00118,-2e-05,0.54088,0.00011,0.00118,-0.00011,0.71721,0.65843,0.00175,0.00236,2.65843,2.71721,True,True,2.65843,2.71721,True,True
0701ecc230,Nb3V(Pt3Se8)2,0.487,Pm,monoclinic,14,Se,34,-2.0,-0.41275,0.00167,0.00024,0.00072,0.01841,6e-05,-0.00024,-6e-05,-0.41275,-0.26903,0.00185,0.00094,1.73097,2.01841,True,True,1.7309700000000001,2.01841,True,True
0701ecc230,Nb3V(Pt3Se8)2,0.487,Pm,monoclinic,15,Se,34,-2.0,0.74902,-0.00126,0.0011,-0.00134,0.76096,8e-05,-0.0011,-8e-05,0.74902,0.753,0.00241,0.0022,2.753,2.76096,True,True,2.753,2.76096,True,True
0701ecc230,Nb3V(Pt3Se8)2,0.487,Pm,monoclinic,16,Se,34,-2.0,0.65709,0.00141,-0.00103,0.00142,0.63097,0.00013,0.00103,-0.00013,0.65709,0.64838,0.00248,0.00206,2.64838,2.65709,True,True,2.64838,2.65709,True,True
0701ecc230,Nb3V(Pt3Se8)2,0.487,Pm,monoclinic,17,Se,34,-2.0,0.66125,-0.00124,-0.0007,-0.00129,0.66473,-6e-05,0.0007,6e-05,0.66125,0.66241,0.00205,0.0014,2.66241,2.66473,True,True,2.66241,2.66473,True,True
0701ecc230,Nb3V(Pt3Se8)2,0.487,Pm,monoclinic,24,Se,34,-2.0,0.0489,0.00123,-0.00053,0.00027,-0.07818,-6e-05,0.00053,6e-05,0.0489,0.00654,0.00147,0.00106,2.00654,2.0489,True,True,2.00654,2.0489,True,True
0702d8fd4e,K8Rb4Li3Si16Ag,1.3033,P-1,triclinic,12,Li,3,1.0,-1.1106,-0.00024,-0.00069,0.00024,-1.11056,-0.00032,0.00069,-0.00031,-1.11051,-1.11056,0.00112,0.00137,2.11056,2.1106,True,True,2.11056,2.1106,True,True
0702d8fd4e,K8Rb4Li3Si16Ag,1.3033,P-1,triclinic,13,Li,3,1.0,-1.1402,-0.00031,0.00079,0.00031,-1.14004,0.00037,-0.00079,0.00031,-1.13988,-1.14004,0.0013,0.00159,2.14004,2.1402,True,True,2.14004,2.1402,True,True
0702d8fd4e,K8Rb4Li3Si16Ag,1.3033,P-1,triclinic,14,Li,3,1.0,-1.1094,-0.0003,0.00056,0.0003,-1.10953,-0.00033,-0.00056,-0.00038,-1.10966,-1.10953,0.00103,0.00111,2.10953,2.10966,True,True,2.10953,2.10966,True,True
0702d8fd4e,K8Rb4Li3Si16Ag,1.3033,P-1,triclinic,31,Ag,47,1.0,-1.07795,-0.00024,-0.0006,0.00024,-1.07847,0.00018,0.0006,9e-05,-1.07899,-1.07847,0.00093,0.00119,2.07847,2.07899,True,True,2.0784700000000003,2.07899,True,True
070321dc82,K2Nb(WO4)3,2.012,C2,monoclinic,2,Nb,41,4.0,7.94062,-0.00058,0.00108,-0.0008,7.9416,-0.00075,0.00155,-0.00119,7.94257,7.9416,0.00255,0.00047,3.9416,3.94257,True,True,3.9416,3.94257,True,True
070321dc82,K2Nb(WO4)3,2.012,C2,monoclinic,3,W,74,6.0,8.66406,4e-05,0.00257,-0.00093,8.69559,-0.00277,0.00354,-0.00298,8.66627,8.67531,0.00604,0.00097,2.67531,2.69559,True,True,2.6753099999999996,2.6955899999999993,True,True
070321dc82,K2Nb(WO4)3,2.012,C2,monoclinic,4,W,74,6.0,8.68513,-0.0,0.0011,-0.00093,8.65503,-0.00194,-0.00119,-0.00091,8.68577,8.67531,0.00284,0.00229,2.67531,2.68577,True,True,2.6753099999999996,2.6857699999999998,True,True
070321dc82,K2Nb(WO4)3,2.012,C2,monoclinic,5,W,74,6.0,8.206,0.00154,-0.0006,-0.00175,8.20588,5e-05,-0.00127,0.00023,8.20576,8.20588,0.00273,0.00329,2.20588,2.206,True,True,2.2058800000000005,2.2059999999999995,True,True
0703a87c5f,La2Gd3Dy(RuO7)2,0.2617,Pm,monoclinic,6,Ru,44,5.0,2.54449,-0.00041,0.00061,0.00046,2.526,-0.00044,0.00082,0.00024,2.54296,2.53782,0.00129,0.00087,2.46218,2.474,True,True,2.46218,2.474,True,True
0703a87c5f,La2Gd3Dy(RuO7)2,0.2617,Pm,monoclinic,7,Ru,44,5.0,2.53267,-0.00041,0.00082,0.00046,2.54963,-0.00024,0.00061,0.00044,2.53114,2.53782,0.00129,0.00087,2.46218,2.46886,True,True,2.46218,2.46886,True,True
0706cabaa3,Sr6TiCo4O15,0.6374,R32,trigonal,6,Ti,22,4.0,6.22187,-1e-05,0.00102,1e-05,6.21935,0.00046,-0.00102,0.00047,6.21684,6.21935,0.00158,0.00203,2.21935,2.22187,True,True,2.2193500000000004,2.22187,True,True
0708460a3b,SrTc2Hg3O10,2.1574,P-1,triclinic,2,Tc,43,7.0,2.93522,-0.02426,-0.00107,-0.02434,2.89113,-0.00039,-0.00129,-0.00023,2.93401,2.92012,0.03441,0.00022,4.07988,4.10887,True,True,4.07988,4.10887,True,True
0708460a3b,SrTc2Hg3O10,2.1574,P-1,triclinic,3,Tc,43,7.0,2.93455,0.02721,-0.00133,0.02738,2.92758,-0.00032,-0.00196,-8e-05,2.93591,2.93268,0.03867,0.00063,4.06732,4.07242,True,True,4.0673200000000005,4.07242,True,True
0708460a3b,SrTc2Hg3O10,2.1574,P-1,triclinic,4,Tc,43,7.0,2.92945,-0.02738,0.00196,-0.02721,2.93778,-0.00032,0.00133,-8e-05,2.93081,2.93268,0.03867,0.00063,4.06732,4.07055,True,True,4.0673200000000005,4.07055,True,True
0708460a3b,SrTc2Hg3O10,2.1574,P-1,triclinic,5,Tc,43,7.0,2.90623,0.02434,0.00129,0.02426,2.94911,-0.00039,0.00107,-0.00023,2.90501,2.92012,0.03441,0.00022,4.07988,4.09499,True,True,4.07988,4.09499,True,True
070db45d99,Cs2Zr7BeBr18,0.6628,R-3,trigonal,8,Zr,40,2.0,4.48384,1e-05,6e-05,-1e-05,4.48375,-0.0,-6e-05,-1e-05,4.48366,4.48375,9e-05,0.00013,2.48375,2.48384,True,True,2.4837499999999997,2.48384,True,True
070db45d99,Cs2Zr7BeBr18,0.6628,R-3,trigonal,9,Be,4,2.0,-6.01141,-0.0,-1e-05,0.0,-6.0114,-0.0,1e-05,-2e-05,-6.01139,-6.0114,3e-05,3e-05,8.0114,8.01141,True,True,8.0114,8.01141,True,True
0714392fc9,Rb2Te3PtO12,0.8751,R-3m,trigonal,5,Pt,78,4.0,1.69629,0.00015,-0.00383,0.00016,1.69527,0.00447,0.00357,0.00476,1.69426,1.69527,0.00837,0.00741,2.30473,2.30574,True,True,2.30473,2.30574,True,True
071e370fa8,CsCaFeF6,3.6744,Pnma,orthorhombic,8,Fe,26,3.0,-1.71962,0.00013,0.00062,-0.00013,-1.71802,4e-05,-0.00062,-0.00032,-1.71643,-1.71802,0.00096,0.00124,4.71802,4.71962,True,True,4.71802,4.71962,True,True
071e370fa8,CsCaFeF6,3.6744,Pnma,orthorhombic,9,Fe,26,3.0,-1.71643,0.00013,0.00062,-0.00013,-1.71802,0.00032,-0.00062,-4e-05,-1.71962,-1.71802,0.00096,0.00124,4.71802,4.71962,True,True,4.71802,4.71962,True,True
071e370fa8,CsCaFeF6,3.6744,Pnma,orthorhombic,10,Fe,26,3.0,-1.71643,0.00013,-0.00062,-0.00013,-1.71802,4e-05,0.00062,-0.00032,-1.71962,-1.71802,0.00096,0.00124,4.71802,4.71962,True,True,4.71802,4.71962,True,True
071e370fa8,CsCaFeF6,3.6744,Pnma,orthorhombic,11,Fe,26,3.0,-1.71962,0.00013,-0.00062,-0.00013,-1.71802,0.00032,0.00062,-4e-05,-1.71643,-1.71802,0.00096,0.00124,4.71802,4.71962,True,True,4.71802,4.71962,True,True
071e370fa8,CsCaFeF6,3.6744,Pnma,orthorhombic,16,F,9,-1.0,1.17446,-0.00029,0.00141,0.00029,1.22929,-0.00027,0.00141,0.00016,1.17446,1.19274,0.00206,0.00057,2.19274,2.22929,True,True,2.1927399999999997,2.2292899999999998,True,True
071e370fa8,CsCaFeF6,3.6744,Pnma,orthorhombic,17,F,9,-1.0,1.21101,-0.00029,0.00141,0.00029,1.15618,-0.00016,0.00141,0.00027,1.21101,1.19274,0.00206,0.00057,2.19274,2.21101,True,True,2.1927399999999997,2.21101,True,True
071e370fa8,CsCaFeF6,3.6744,Pnma,orthorhombic,18,F,9,-1.0,1.21101,-0.00029,-0.00141,0.00029,1.15618,-0.00027,-0.00141,0.00016,1.21101,1.19274,0.00206,0.00057,2.19274,2.21101,True,True,2.1927399999999997,2.21101,True,True
071e370fa8,CsCaFeF6,3.6744,Pnma,orthorhombic,19,F,9,-1.0,1.17446,-0.00029,-0.00141,0.00029,1.22929,-0.00016,-0.00141,0.00027,1.17446,1.19274,0.00206,0.00057,2.19274,2.22929,True,True,2.1927399999999997,2.2292899999999998,True,True
072655d9b9,K4AlFe3O8,2.3721,P1,triclinic,5,Fe,26,3.0,-1.20126,-0.00022,-0.0012,4e-05,-1.22652,0.00028,0.00055,0.00022,-1.20124,-1.20967,0.00138,0.00175,4.20967,4.22652,True,True,4.20967,4.22652,True,True
072655d9b9,K4AlFe3O8,2.3721,P1,triclinic,6,Fe,26,3.0,-2.47035,-0.00068,-0.00021,-0.00014,-2.49019,-4e-05,0.00107,1e-05,-2.47063,-2.47706,0.00129,0.00127,5.47706,5.49019,True,True,5.47706,5.49019,True,True
072655d9b9,K4AlFe3O8,2.3721,P1,triclinic,7,Fe,26,3.0,-1.05628,-0.00052,0.00143,9e-05,-1.00646,0.00018,-0.00016,0.00015,-1.05619,-1.03965,0.00155,0.00159,4.03965,4.05628,True,True,4.03965,4.05628,True,True
072655d9b9,K4AlFe3O8,2.3721,P1,triclinic,9,O,8,-2.0,0.69938,0.00096,-0.00133,-0.0009,0.71851,-0.00023,0.00085,0.00044,0.69914,0.70568,0.00212,0.00219,2.70568,2.71851,True,True,2.70568,2.71851,True,True
072655d9b9,K4AlFe3O8,2.3721,P1,triclinic,10,O,8,-2.0,0.82196,0.00145,0.00107,-0.00066,0.81307,-0.00011,-0.00202,0.00045,0.82079,0.81861,0.00282,0.00309,2.81861,2.82196,True,True,2.81861,2.82196,True,True
072655d9b9,K4AlFe3O8,2.3721,P1,triclinic,12,O,8,-2.0,0.71831,-0.00093,0.00032,-0.00051,0.73458,-0.00096,0.00192,-0.00137,0.71142,0.72143,0.00278,0.0016,2.72143,2.73458,True,True,2.72143,2.7345800000000002,True,True
072655d9b9,K4AlFe3O8,2.3721,P1,triclinic,13,O,8,-2.0,0.69141,-0.00094,0.00105,0.00044,0.68792,0.00143,0.00069,0.00104,0.69797,0.69243,0.0024,0.00138,2.69243,2.69797,True,True,2.69243,2.6979699999999998,True,True
072803d05c,BaNaNbS4,2.2591,P2_1/c,monoclinic,8,Nb,41,5.0,2.94948,6e-05,-0.00027,2e-05,2.95441,-0.00015,-0.00034,-5e-05,2.94981,2.95123,0.00047,0.0001,2.04877,2.05052,True,True,2.04877,2.05052,True,True
072803d05c,BaNaNbS4,2.2591,P2_1/c,monoclinic,9,Nb,41,5.0,2.94981,6e-05,0.00034,2e-05,2.95441,5e-05,0.00027,0.00015,2.94948,2.95123,0.00047,0.0001,2.04877,2.05052,True,True,2.04877,2.05052,True,True
072803d05c,BaNaNbS4,2.2591,P2_1/c,monoclinic,10,Nb,41,5.0,2.95265,-2e-05,0.00034,-6e-05,2.94806,-0.00015,0.00027,-5e-05,2.95299,2.95123,0.00047,0.0001,2.04877,2.05194,True,True,2.04877,2.05194,True,True
072803d05c,BaNaNbS4,2.2591,P2_1/c,monoclinic,11,Nb,41,5.0,2.95299,-2e-05,-0.00027,-6e-05,2.94806,5e-05,-0.00034,0.00015,2.95265,2.95123,0.00047,0.0001,2.04877,2.05194,True,True,2.04877,2.05194,True,True
073078b262,K2GdTa5O15,2.2312,Cmmm,orthorhombic,3,Ta,73,5.0,7.51572,-1e-05,-0.00609,0.00115,7.5166,-0.00014,-0.00609,0.00014,7.51748,7.5166,0.0087,0.00117,2.5166,2.51748,True,True,2.5166000000000004,2.51748,True,True
073078b262,K2GdTa5O15,2.2312,Cmmm,orthorhombic,4,Ta,73,5.0,7.51467,-0.00256,0.00531,0.00156,7.5166,-0.00041,0.00531,0.00041,7.51854,7.5166,0.0081,0.00412,2.5166,2.51854,True,True,2.5166000000000004,2.51854,True,True
073078b262,K2GdTa5O15,2.2312,Cmmm,orthorhombic,5,Ta,73,5.0,7.51572,-0.00115,0.00609,1e-05,7.5166,-0.00014,0.00609,0.00014,7.51749,7.5166,0.0087,0.00117,2.5166,2.51749,True,True,2.5166000000000004,2.5174899999999996,True,True
073078b262,K2GdTa5O15,2.2312,Cmmm,orthorhombic,6,Ta,73,5.0,7.51467,-0.00156,-0.00531,0.00256,7.5166,-0.00041,-0.00531,0.00041,7.51854,7.5166,0.0081,0.00412,2.5166,2.51854,True,True,2.5166000000000004,2.51854,True,True
073078b262,K2GdTa5O15,2.2312,Cmmm,orthorhombic,7,Ta,73,5.0,9.15403,-0.00064,-0.0,0.00064,9.15369,-0.00029,-0.0,0.00029,9.15336,9.15369,0.00099,0.00128,4.15369,4.15403,True,True,4.153689999999999,4.1540300000000006,True,True
073078b262,K2GdTa5O15,2.2312,Cmmm,orthorhombic,17,O,8,-2.0,-4.28502,0.0031,0.0,-0.0031,-4.2824,0.00016,0.0,-0.00016,-4.27978,-4.2824,0.00439,0.0062,2.2824,2.28502,True,True,2.2824,2.2850200000000003,True,True
073078b262,K2GdTa5O15,2.2312,Cmmm,orthorhombic,22,O,8,-2.0,-4.29622,0.00223,-0.0,-0.00223,-4.2824,-9e-05,-0.0,9e-05,-4.26858,-4.2824,0.00315,0.00445,2.2824,2.29622,True,True,2.2824,2.29622,True,True
0734fde797,HoScNb2(CoSb)4,0.7933,Pm,monoclinic,1,Sc,21,1.0,3.90231,-0.0,0.00053,0.0,3.65643,-1e-05,0.00053,0.00077,3.90231,3.82035,0.00108,0.00078,2.82035,2.90231,True,True,2.82035,2.90231,True,True
0734fde797,HoScNb2(CoSb)4,0.7933,Pm,monoclinic,2,Nb,41,1.0,3.69651,0.00026,-0.00282,-0.00026,3.65413,-0.0001,-0.00282,-5e-05,3.69651,3.68238,0.004,0.00052,2.68238,2.69651,True,True,2.68238,2.69651,True,True
0734fde797,HoScNb2(CoSb)4,0.7933,Pm,monoclinic,3,Nb,41,1.0,3.65886,0.0004,-0.00447,-0.0004,3.60599,4e-05,-0.00447,-0.00029,3.65886,3.64124,0.00636,0.0008,2.64124,2.65886,True,True,2.64124,2.65886,True,True
0734fde797,HoScNb2(CoSb)4,0.7933,Pm,monoclinic,4,Co,27,1.0,-4.62315,-0.00023,0.00125,0.00023,-4.69137,0.00122,0.00125,0.00074,-4.62315,-4.64589,0.0023,0.00049,5.64589,5.69137,True,True,5.64589,5.69137,True,True
0734fde797,HoScNb2(CoSb)4,0.7933,Pm,monoclinic,5,Co,27,2.0,-4.76569,0.00023,0.0015,-0.00023,-4.86782,0.00082,0.0015,-0.00015,-4.76569,-4.79973,0.0023,0.00097,6.79973,6.86782,True,True,6.79973,6.86782,True,True
0734fde797,HoScNb2(CoSb)4,0.7933,Pm,monoclinic,6,Co,27,2.0,-4.47159,-0.00019,-0.00418,0.00019,-4.32616,0.00014,-0.00418,-0.00094,-4.47159,-4.42311,0.00599,0.00109,6.42311,6.47159,True,True,6.42311,6.47159,True,True
0734fde797,HoScNb2(CoSb)4,0.7933,Pm,monoclinic,7,Co,27,1.0,-4.16623,-0.00038,0.00125,0.00038,-4.08668,-0.00084,0.00125,-0.00091,-4.16623,-4.13971,0.00223,0.00076,5.13971,5.16623,True,True,5.13971,5.16623,True,True
0734fde797,HoScNb2(CoSb)4,0.7933,Pm,monoclinic,8,Sb,51,-3.0,0.33246,-0.0002,0.00341,0.0002,0.30494,-0.00063,0.00341,-0.0006,0.33246,0.32329,0.0049,0.0004,3.32329,3.33246,True,True,3.32329,3.33246,True,True
0734fde797,HoScNb2(CoSb)4,0.7933,Pm,monoclinic,9,Sb,51,-3.0,0.82796,-0.0001,-0.00149,0.0001,0.60313,-0.00077,-0.00149,2e-05,0.82796,0.75302,0.00225,0.0008,3.75302,3.82796,True,True,3.7530200000000002,3.82796,True,True
0734fde797,HoScNb2(CoSb)4,0.7933,Pm,monoclinic,10,Sb,51,-3.0,0.8559,0.00014,0.0001,-0.00014,1.12161,0.00024,0.0001,0.0009,0.8559,0.94447,0.00096,0.00066,3.94447,4.12161,True,True,3.94447,4.12161,True,True
0734fde797,HoScNb2(CoSb)4,0.7933,Pm,monoclinic,11,Sb,51,-3.0,1.04864,0.00018,0.00493,-0.00018,1.03767,0.0006,0.00493,0.00025,1.04864,1.04498,0.00701,0.00036,4.04498,4.04864,True,True,4.04498,4.04864,True,True
073788bd40,Rb3Mn3(AsO4)4,1.0352,P-1,triclinic,3,Mn,25,3.0,-0.63388,-0.00112,0.00014,0.00112,-0.63152,0.00035,-0.00014,-0.00065,-0.62917,-0.63152,0.00175,0.00223,3.63152,3.63388,True,True,3.63152,3.63388,True,True
073788bd40,Rb3Mn3(AsO4)4,1.0352,P-1,triclinic,4,Mn,25,3.0,0.67054,0.00066,0.00016,-0.00029,0.69512,0.00018,-0.00089,-0.00021,0.65751,0.67439,0.00119,0.00105,2.32561,2.34249,True,True,2.32561,2.3424899999999997,True,True
073788bd40,Rb3Mn3(AsO4)4,1.0352,P-1,triclinic,5,Mn,25,3.0,0.69131,0.00029,0.00089,-0.00066,0.6537,0.00018,-0.00016,-0.00021,0.67828,0.67443,0.00119,0.00105,2.32557,2.3463,True,True,2.32557,2.3463000000000003,True,True
0738006785,Sr12TaNb3(As3O)4,1.2417,Pm,monoclinic,12,Ta,73,5.0,2.5921,-6e-05,-9e-05,6e-05,2.58492,9e-05,-9e-05,-5e-05,2.5921,2.58971,0.00018,0.00014,2.41029,2.41508,True,True,2.41029,2.41508,True,True
0738006785,Sr12TaNb3(As3O)4,1.2417,Pm,monoclinic,13,Nb,41,5.0,2.51777,-0.00018,0.00063,0.00018,2.52942,0.00013,0.00063,-0.00015,2.51777,2.52165,0.00094,0.00035,2.47835,2.48223,True,True,2.47835,2.48223,True,True
0738006785,Sr12TaNb3(As3O)4,1.2417,Pm,monoclinic,14,Nb,41,5.0,2.47255,-0.00025,-0.00079,0.00025,2.48435,0.00011,-0.00079,-0.00018,2.47255,2.47648,0.00118,0.00049,2.52352,2.52745,True,True,2.52352,2.52745,True,True
0738006785,Sr12TaNb3(As3O)4,1.2417,Pm,monoclinic,15,Nb,41,5.0,2.47497,-0.00022,0.00067,0.00022,2.46644,0.00014,0.00067,-0.00016,2.47497,2.47212,0.00102,0.00044,2.52788,2.53356,True,True,2.52788,2.53356,True,True
073912d306,BaSr3(ZnSb2)2,0.1168,Cm,monoclinic,4,Zn,30,2.0,-1.1196,-7e-05,-0.0006,-5e-05,-1.12732,-0.00013,3e-05,-8e-05,-1.11998,-1.1223,0.00062,0.00062,3.1223,3.12732,True,True,3.1223,3.12732,True,True
073912d306,BaSr3(ZnSb2)2,0.1168,Cm,monoclinic,5,Zn,30,2.0,-1.11969,0.00021,-0.00047,0.00025,-1.12751,-0.00011,4e-05,-9e-05,-1.11969,-1.12229,0.00059,0.00051,3.12229,3.12751,True,True,3.12229,3.12751,True,True
073ee62b90,Ba4ZnRe2NiN8,0.0712,Pm,monoclinic,5,Re,75,6.0,3.07518,-0.00041,-0.00119,-0.00026,3.12482,7e-05,0.00119,-7e-05,3.07518,3.09173,0.00175,0.00237,2.90827,2.92482,True,True,2.90827,2.92482,True,True
073ee62b90,Ba4ZnRe2NiN8,0.0712,Pm,monoclinic,6,Re,75,6.0,3.14591,-0.00019,-0.00033,4e-05,3.14613,4e-05,0.00033,-4e-05,3.14591,3.14598,0.00051,0.00066,2.85402,2.85409,True,True,2.85402,2.85409,True,True
073fe3df51,BaSb12Os3Pt,0.0746,R-3,trigonal,1,Sb,51,-1.5,2.89716,-6e-05,-0.00026,0.00053,2.8622,-2e-05,-0.00037,0.0001,2.89721,2.88552,0.00071,0.00059,4.38552,4.39721,True,True,4.38552,4.397209999999999,True,True
073fe3df51,BaSb12Os3Pt,0.0746,R-3,trigonal,2,Sb,51,-1.5,2.87383,-0.00053,0.00037,6e-05,2.90885,-2e-05,0.00026,0.0001,2.87389,2.88552,0.00071,0.00059,4.38552,4.40885,True,True,4.38552,4.40885,True,True
073fe3df51,BaSb12Os3Pt,0.0746,R-3,trigonal,3,Sb,51,-1.5,1.34426,-0.00048,-0.00104,-0.00027,1.32734,-2e-05,-0.00098,-3e-05,1.34392,1.33851,0.00152,0.00021,2.83851,2.84426,True,True,2.8385100000000003,2.8442600000000002,True,True
073fe3df51,BaSb12Os3Pt,0.0746,R-3,trigonal,4,Sb,51,-1.5,1.3331,0.00027,0.00098,0.00048,1.34967,-2e-05,0.00104,-3e-05,1.33275,1.33851,0.00152,0.00021,2.83851,2.84967,True,True,2.8385100000000003,2.8496699999999997,True,True
073fe3df51,BaSb12Os3Pt,0.0746,R-3,trigonal,5,Sb,51,-1.5,2.8723,6e-05,-0.00022,-0.00036,2.91016,5e-05,-0.0002,2e-05,2.87412,2.88553,0.00047,0.00042,4.38553,4.41016,True,True,4.38553,4.410159999999999,True,True
073fe3df51,BaSb12Os3Pt,0.0746,R-3,trigonal,6,Sb,51,-1.5,2.89693,0.00036,0.0002,-6e-05,2.86089,5e-05,0.00022,2e-05,2.89875,2.88552,0.00047,0.00042,4.38552,4.39875,True,True,4.38552,4.39875,True,True
073fe3df51,BaSb12Os3Pt,0.0746,R-3,trigonal,7,Sb,51,-1.5,1.35041,0.00038,0.00114,0.00062,1.31403,2e-05,0.00126,0.00017,1.35109,1.33851,0.00185,0.00025,2.83851,2.85109,True,True,2.8385100000000003,2.85109,True,True
073fe3df51,BaSb12Os3Pt,0.0746,R-3,trigonal,8,Sb,51,-1.5,1.32593,-0.00062,-0.00126,-0.00038,1.36299,2e-05,-0.00114,0.00017,1.32661,1.33851,0.00185,0.00025,2.83851,2.86299,True,True,2.8385100000000003,2.86299,True,True
073fe3df51,BaSb12Os3Pt,0.0746,R-3,trigonal,9,Sb,51,-1.5,2.88172,0.00072,0.00064,0.00051,2.89591,-5e-05,0.00023,-0.00022,2.87894,2.88552,0.00114,0.00041,4.38552,4.39591,True,True,4.38552,4.395910000000001,True,True
073fe3df51,BaSb12Os3Pt,0.0746,R-3,trigonal,10,Sb,51,-1.5,2.89211,-0.00051,-0.00023,-0.00072,2.87513,-5e-05,-0.00064,-0.00022,2.88933,2.88552,0.00114,0.00041,4.38552,4.39211,True,True,4.38552,4.392110000000001,True,True
073fe3df51,BaSb12Os3Pt,0.0746,R-3,trigonal,11,Sb,51,-1.5,1.34046,5e-05,-0.00091,-0.00037,1.33418,4e-05,-0.00069,-5e-05,1.34089,1.33851,0.00121,0.00042,2.83851,2.84089,True,True,2.8385100000000003,2.84089,True,True
073fe3df51,BaSb12Os3Pt,0.0746,R-3,trigonal,12,Sb,51,-1.5,1.33613,0.00037,0.00069,-5e-05,1.34284,4e-05,0.00091,-5e-05,1.33656,1.33851,0.00121,0.00042,2.83851,2.84284,True,True,2.8385100000000003,2.84284,True,True
073fe3df51,BaSb12Os3Pt,0.0746,R-3,trigonal,13,Os,76,4.0,-7.19283,-0.00022,-0.00038,0.00022,-7.19325,1e-05,0.00038,-4e-05,-7.19367,-7.19325,0.00062,0.00076,11.19325,11.19367,True,True,11.193249999999999,11.193670000000001,True,True
073fe3df51,BaSb12Os3Pt,0.0746,R-3,trigonal,14,Os,76,4.0,-7.19394,8e-05,0.00031,-8e-05,-7.19325,-0.00014,-0.00031,-0.00012,-7.19256,-7.19325,0.00048,0.00061,11.19325,11.19394,True,True,11.193249999999999,11.19394,True,True
073fe3df51,BaSb12Os3Pt,0.0746,R-3,trigonal,15,Os,76,4.0,-7.19339,0.00014,6e-05,-0.00014,-7.19325,0.00011,-6e-05,0.0001,-7.19312,-7.19325,0.00026,0.00027,11.19325,11.19339,True,True,11.193249999999999,11.19339,True,True
073fe3df51,BaSb12Os3Pt,0.0746,R-3,trigonal,16,Pt,78,4.0,-5.56358,3e-05,-0.00019,-3e-05,-5.56356,4e-05,0.00019,3e-05,-5.56353,-5.56356,0.00028,0.00039,9.56356,9.56358,True,True,9.563559999999999,9.56358,True,True
074882724d,Li2GaIO6,2.2633,C2,monoclinic,3,I,53,7.0,2.71119,-0.00013,-0.00088,-4e-05,2.72375,-0.00039,-0.00185,-0.00055,2.71162,2.71552,0.00216,0.00097,4.28448,4.28881,True,True,4.28448,4.28881,True,True
074f9a424a,Ba4FeReWO12,1.6442,R3m,trigonal,4,Fe,26,3.0,0.80111,0.00058,0.0005,-0.00084,0.74535,-0.00057,0.00073,-0.00027,0.80143,0.78263,0.00149,0.00142,2.21737,2.25465,True,True,2.21737,2.25465,True,True
074f9a424a,Ba4FeReWO12,1.6442,R3m,trigonal,5,Re,75,7.0,4.78695,0.0006,0.0023,0.00015,4.74017,-0.00017,0.00276,3e-05,4.78737,4.77149,0.00365,0.00046,2.22851,2.25983,True,True,2.22851,2.25983,True,True
0757a0375d,Sm4Fe3(CoO4)5,0.3604,Pm,monoclinic,4,Fe,26,3.0,-0.39389,-0.0003,0.00342,0.00146,-0.49308,-0.00022,-0.00342,0.00022,-0.39389,-0.42696,0.00506,0.00683,3.42696,3.49308,True,True,3.4269600000000002,3.49308,True,True
0757a0375d,Sm4Fe3(CoO4)5,0.3604,Pm,monoclinic,5,Fe,26,3.0,-0.22026,-0.00131,0.00317,0.00076,-0.16782,-0.00018,-0.00317,0.00018,-0.22026,-0.20278,0.00473,0.00633,3.20278,3.22026,True,True,3.20278,3.22026,True,True
0757a0375d,Sm4Fe3(CoO4)5,0.3604,Pm,monoclinic,6,Fe,26,3.0,0.77671,-0.00037,-0.00238,0.00135,0.74682,2e-05,0.00238,-2e-05,0.77671,0.76675,0.00365,0.00476,2.23325,2.25318,True,True,2.23325,2.25318,True,True
0757a0375d,Sm4Fe3(CoO4)5,0.3604,Pm,monoclinic,8,Co,27,4.0,1.69471,-0.0009,0.00076,0.00062,1.67773,-0.00045,0.00016,0.00066,1.69606,1.6895,0.00156,0.00152,2.3105,2.32227,True,True,2.3105,2.32227,True,True
0757a0375d,Sm4Fe3(CoO4)5,0.3604,Pm,monoclinic,9,Co,27,4.0,1.77223,-0.00155,-0.00065,0.00148,1.75245,0.00031,0.00127,0.00116,1.76792,1.7642,0.00284,0.00303,2.2358,2.24755,True,True,2.2358000000000002,2.24755,True,True
0757a0375d,Sm4Fe3(CoO4)5,0.3604,Pm,monoclinic,10,Co,27,4.0,1.69606,-0.0009,-0.00016,0.00062,1.67773,-0.00066,-0.00076,0.00045,1.69471,1.6895,0.00156,0.00152,2.3105,2.32227,True,True,2.3105,2.32227,True,True
0757a0375d,Sm4Fe3(CoO4)5,0.3604,Pm,monoclinic,11,Co,27,4.0,1.76792,-0.00155,-0.00127,0.00148,1.75245,-0.00116,0.00065,-0.00031,1.77223,1.7642,0.00284,0.00303,2.2358,2.24755,True,True,2.2358000000000002,2.24755,True,True
0757a0375d,Sm4Fe3(CoO4)5,0.3604,Pm,monoclinic,20,O,8,-2.0,0.28381,-0.00056,0.00285,0.00021,0.06962,0.00057,-0.00285,-0.00057,0.28381,0.21242,0.00415,0.00569,2.21242,2.28381,True,True,2.21242,2.28381,True,True
0757a0375d,Sm4Fe3(CoO4)5,0.3604,Pm,monoclinic,21,O,8,-2.0,-0.12943,-0.00044,0.0027,-0.00019,0.02943,0.00047,-0.0027,-0.00047,-0.12943,-0.07648,0.0039,0.0054,1.92352,2.02943,True,True,1.92352,2.02943,True,True
0757a0375d,Sm4Fe3(CoO4)5,0.3604,Pm,monoclinic,22,O,8,-2.0,0.18032,-0.00068,-0.00339,-0.00029,0.33825,0.00048,0.00339,-0.00048,0.18032,0.23296,0.0049,0.00678,2.23296,2.33825,True,True,2.23296,2.33825,True,True
0757a0375d,Sm4Fe3(CoO4)5,0.3604,Pm,monoclinic,23,O,8,-2.0,0.0693,0.00144,-0.00199,0.00176,-0.03273,0.00048,0.00199,-0.00048,0.0693,0.03529,0.00368,0.00397,2.03529,2.0693,True,True,2.03529,2.0693,True,True
075895d73a,LaTcF7,1.6614,P2_1/c,monoclinic,4,Tc,43,4.0,1.99659,0.00033,-0.00047,0.00056,1.97313,-9e-05,-0.00044,-0.0002,1.99662,1.98878,0.00094,0.00023,2.01122,2.02687,True,True,2.01122,2.0268699999999997,True,True
075895d73a,LaTcF7,1.6614,P2_1/c,monoclinic,5,Tc,43,4.0,1.98097,-0.00056,-0.00047,-0.00033,2.00443,0.0002,-0.00044,9e-05,1.98094,1.98878,0.00094,0.00023,2.01122,2.01906,True,True,2.01122,2.01906,True,True
075895d73a,LaTcF7,1.6614,P2_1/c,monoclinic,6,Tc,43,4.0,1.98094,-0.00056,0.00044,-0.00033,2.00443,-9e-05,0.00047,-0.0002,1.98097,1.98878,0.00094,0.00023,2.01122,2.01906,True,True,2.01122,2.01906,True,True
075895d73a,LaTcF7,1.6614,P2_1/c,monoclinic,7,Tc,43,4.0,1.99662,0.00033,0.00044,0.00056,1.97313,0.0002,0.00047,9e-05,1.99659,1.98878,0.00094,0.00023,2.01122,2.02687,True,True,2.01122,2.0268699999999997,True,True
07668caf1e,Pr3TcBO9,0.5137,P6_3,hexagonal,6,Tc,43,4.0,1.38321,0.00079,-0.0,-0.00079,1.45035,-0.0,-0.0,0.0,1.38321,1.40559,0.00112,0.00158,2.59441,2.61679,True,True,2.59441,2.61679,True,True
07668caf1e,Pr3TcBO9,0.5137,P6_3,hexagonal,7,Tc,43,4.0,1.38321,0.00079,-0.0,-0.00079,1.45034,-0.0,-0.0,0.0,1.38321,1.40559,0.00112,0.00158,2.59441,2.61679,True,True,2.59441,2.61679,True,True
0767c5fd21,Sr8VCo3O16,0.5218,P1,triclinic,9,Co,27,4.0,0.71762,0.00149,-0.00027,0.00023,0.7231,-0.00014,-0.00014,-2e-05,0.71667,0.71913,0.00155,0.00126,3.28087,3.28333,True,True,3.28087,3.28333,True,True
0767c5fd21,Sr8VCo3O16,0.5218,P1,triclinic,10,Co,27,3.0,0.92292,5e-05,-0.00024,0.00018,0.91719,2e-05,0.00027,9e-05,0.92485,0.92165,0.00042,0.00051,2.07835,2.08281,True,True,2.07835,2.0828100000000003,True,True
0767c5fd21,Sr8VCo3O16,0.5218,P1,triclinic,11,Co,27,4.0,0.75178,-0.0033,-0.00024,-0.00393,0.69213,0.00028,0.00083,0.0006,0.75033,0.73141,0.00525,0.00107,3.26859,3.30787,True,True,3.26859,3.30787,True,True
0767ff1a51,Ho4Hf3PdF28,2.0351,P1,triclinic,7,Pd,46,4.0,1.87873,0.0003,-0.00075,0.00028,1.89017,-0.0001,-0.00099,-8e-05,1.87933,1.88274,0.00131,0.00024,2.11726,2.12127,True,True,2.11726,2.12127,True,True
0770132a9c,Sr2MgFe5(PO4)6,1.5952,C2,monoclinic,3,Fe,26,3.0,-0.3085,-0.00016,0.00081,0.00182,-0.37161,-5e-05,-0.00085,-0.00032,-0.30501,-0.32837,0.00219,0.00197,3.32837,3.37161,True,True,3.32837,3.37161,True,True
0770132a9c,Sr2MgFe5(PO4)6,1.5952,C2,monoclinic,4,Fe,26,2.0,-0.84895,0.00236,-0.00159,0.00194,-0.6964,0.00163,-0.0023,0.00179,-0.84591,-0.79709,0.0048,0.0007,2.79709,2.84895,True,True,2.79709,2.84895,True,True
0770132a9c,Sr2MgFe5(PO4)6,1.5952,C2,monoclinic,5,Fe,26,3.0,-0.35574,-9e-05,0.00183,0.00081,-0.28186,-0.0014,-0.00152,-0.00182,-0.35037,-0.32932,0.0034,0.00335,3.32932,3.35574,True,True,3.32932,3.35574,True,True
0770132a9c,Sr2MgFe5(PO4)6,1.5952,C2,monoclinic,6,Fe,26,2.0,-0.76059,-0.00134,0.00165,-0.0026,-0.8756,0.00186,-0.00078,0.00199,-0.75623,-0.79747,0.0044,0.00243,2.79747,2.8756,True,True,2.79747,2.8756,True,True
0770132a9c,Sr2MgFe5(PO4)6,1.5952,C2,monoclinic,7,Fe,26,2.0,-0.10844,0.00294,-0.00047,0.00236,0.00177,0.00133,3e-05,0.00153,-0.11367,-0.07345,0.00431,0.00058,2.07345,2.11367,True,True,2.07345,2.11367,True,True
0770132a9c,Sr2MgFe5(PO4)6,1.5952,C2,monoclinic,8,P,15,5.0,2.7602,0.05083,0.00035,0.05223,2.71543,-0.00101,-7e-05,-0.00095,2.76103,2.74555,0.0729,0.0014,2.25445,2.28457,True,True,2.25445,2.28457,True,True
0770132a9c,Sr2MgFe5(PO4)6,1.5952,C2,monoclinic,9,P,15,5.0,2.4361,-0.01111,-0.00911,-0.01103,2.56172,-6e-05,-0.00581,4e-05,2.43466,2.47749,0.01902,0.0033,2.52251,2.56534,True,True,2.52251,2.56534,True,True
0770132a9c,Sr2MgFe5(PO4)6,1.5952,C2,monoclinic,10,P,15,5.0,2.41403,-0.02868,-0.00164,-0.02963,2.4461,0.00102,0.00171,0.00124,2.41078,2.42364,0.04134,0.00335,2.57636,2.58922,True,True,2.57636,2.58922,True,True
0770132a9c,Sr2MgFe5(PO4)6,1.5952,C2,monoclinic,11,P,15,5.0,1.61682,0.03491,-0.00012,0.03386,1.59394,0.00069,-9e-05,0.00088,1.61453,1.60843,0.04865,0.00105,3.39157,3.40606,True,True,3.3915699999999998,3.40606,True,True
0770132a9c,Sr2MgFe5(PO4)6,1.5952,C2,monoclinic,12,P,15,5.0,2.51346,0.02443,0.00634,0.0247,2.41048,-0.00094,0.00914,-0.00111,2.5093,2.47775,0.03651,0.0028,2.52225,2.58952,True,True,2.52225,2.58952,True,True
0770132a9c,Sr2MgFe5(PO4)6,1.5952,C2,monoclinic,13,P,15,5.0,1.69869,-0.08765,-0.00115,-0.08795,1.66181,-0.00022,-0.00073,-0.00011,1.70145,1.68732,0.12418,0.00041,3.31268,3.33819,True,True,3.3126800000000003,3.33819,True,True
0770132a9c,Sr2MgFe5(PO4)6,1.5952,C2,monoclinic,17,O,8,-2.0,0.66684,0.18874,0.00521,0.18861,0.80824,-0.00123,0.00262,-0.00072,0.65591,0.71033,0.26689,0.00258,2.71033,2.80824,True,True,2.71033,2.80824,True,True
0770132a9c,Sr2MgFe5(PO4)6,1.5952,C2,monoclinic,23,O,8,-2.0,0.67964,-0.03346,0.00083,-0.03344,0.78178,0.0005,-0.00156,-0.00038,0.67024,0.71055,0.04734,0.00239,2.71055,2.78178,True,True,2.71055,2.78178,True,True
0770132a9c,Sr2MgFe5(PO4)6,1.5952,C2,monoclinic,24,O,8,-2.0,0.02091,-0.21549,-0.00806,-0.21415,0.16762,-0.00224,-0.00532,-0.00198,0.03297,0.07383,0.30397,0.00274,2.07383,2.16762,True,True,2.07383,2.16762,True,True
0770132a9c,Sr2MgFe5(PO4)6,1.5952,C2,monoclinic,27,O,8,-2.0,0.09748,0.21196,0.0047,0.21242,0.01683,-0.00228,0.00763,-0.00219,0.10946,0.07459,0.30023,0.00293,2.07459,2.10946,True,True,2.07459,2.10946,True,True
0770132a9c,Sr2MgFe5(PO4)6,1.5952,C2,monoclinic,29,O,8,-2.0,-0.1507,0.28478,-0.00161,0.28668,0.04648,-0.00203,-0.00045,-0.0006,-0.14526,-0.08316,0.4041,0.0019,1.91684,2.04648,True,True,1.91684,2.04648,True,True
0770132a9c,Sr2MgFe5(PO4)6,1.5952,C2,monoclinic,34,O,8,-2.0,0.00489,-0.35954,-0.00132,-0.35983,-0.17879,-0.00069,-0.00284,0.00024,-0.0021,-0.05867,0.50868,0.00152,1.94133,2.00489,True,True,1.94133,2.00489,True,True
0778ee85f6,P2Au2Br7Cl,2.1116,P2_1,monoclinic,4,Au,79,3.0,-0.02051,3e-05,-0.00034,-0.00035,-0.05594,-0.00113,-0.0004,-0.00114,-0.02021,-0.03222,0.00173,0.00038,3.03222,3.05594,True,True,3.03222,3.05594,True,True
0778ee85f6,P2Au2Br7Cl,2.1116,P2_1,monoclinic,5,Au,79,3.0,-0.04393,0.00035,-0.00034,-3e-05,-0.0085,0.00114,-0.0004,0.00113,-0.04423,-0.03222,0.00173,0.00038,3.03222,3.04423,True,True,3.03222,3.04423,True,True
0778ee85f6,P2Au2Br7Cl,2.1116,P2_1,monoclinic,6,Au,79,3.0,0.0435,0.00041,7e-05,3e-05,0.07279,-0.00128,0.00018,-0.00128,0.04405,0.05345,0.00187,0.00038,2.94655,2.9565,True,True,2.9465500000000002,2.9565,True,True
0778ee85f6,P2Au2Br7Cl,2.1116,P2_1,monoclinic,7,Au,79,3.0,0.06339,-3e-05,7e-05,-0.00041,0.03411,0.00128,0.00018,0.00128,0.06284,0.05345,0.00187,0.00038,2.94655,2.96589,True,True,2.9465500000000002,2.96589,True,True
078158ac97,Cs6Re2MoH27,0.7095,P-62m,hexagonal,8,Mo,42,3.0,-1.59633,0.00013,-0.0,-0.00013,-1.59633,0.00033,-0.0,-0.00033,-1.59633,-1.59633,0.0005,0.00066,4.59633,4.59633,True,True,4.59633,4.59633,True,True
078158ac97,Cs6Re2MoH27,0.7095,P-62m,hexagonal,21,H,1,-0.56,-3.01429,0.00073,0.0023,-0.00073,-3.10244,-0.00673,0.0023,-0.0058,-3.01429,-3.04367,0.00952,0.00145,2.48811,2.54688,True,True,2.48367,2.54244,True,True
078158ac97,Cs6Re2MoH27,0.7095,P-62m,hexagonal,22,H,1,-0.56,-3.07529,0.03227,4e-05,0.02999,-2.9849,-0.00293,-0.00234,-0.00334,-3.0708,-3.04366,0.04434,0.00238,2.48811,2.51973,True,True,2.48366,2.51529,True,True
078158ac97,Cs6Re2MoH27,0.7095,P-62m,hexagonal,23,H,1,-0.56,-3.07081,-0.02999,-0.00234,-0.03227,-2.9849,-0.00293,4e-05,-0.00334,-3.07529,-3.04367,0.04434,0.00238,2.48811,2.51974,True,True,2.48367,2.51529,True,True
078158ac97,Cs6Re2MoH27,0.7095,P-62m,hexagonal,24,H,1,-0.56,-3.01204,-0.02999,4e-05,-0.03227,-3.10243,0.00334,-0.00234,0.00293,-3.01653,-3.04367,0.04434,0.00238,2.48811,2.54688,True,True,2.48367,2.54243,True,True
078158ac97,Cs6Re2MoH27,0.7095,P-62m,hexagonal,25,H,1,-0.56,-3.01652,0.03227,-0.00234,0.02999,-3.10243,0.00334,4e-05,0.00293,-3.01204,-3.04366,0.04434,0.00238,2.48811,2.54687,True,True,2.48366,2.54243,True,True
078158ac97,Cs6Re2MoH27,0.7095,P-62m,hexagonal,26,H,1,-0.56,-3.07305,0.00073,0.0023,-0.00073,-2.9849,0.0058,0.0023,0.00673,-3.07305,-3.04367,0.00952,0.00145,2.48811,2.5175,True,True,2.48367,2.51305,True,True
0790ac0c7f,Pr5LuU4O20,0.0991,P-1,triclinic,5,Lu,71,3.0,5.56509,0.0,0.00088,-0.0,5.56489,0.00022,-0.00088,-0.0001,5.5647,5.56489,0.00127,0.00176,2.56489,2.56509,True,True,2.56489,2.5650899999999996,True,True
079ae07a42,Pd2(SO4)3,0.4512,R-3,trigonal,0,Pd,46,3.0,0.89366,-0.00012,0.00047,2e-05,0.89223,-0.00031,0.00055,-0.00042,0.89455,0.89348,0.0009,0.00014,2.10652,2.10777,True,True,2.1065199999999997,2.10777,True,True
079ae07a42,Pd2(SO4)3,0.4512,R-3,trigonal,3,Pd,46,3.0,0.89236,-2e-05,-0.00055,0.00012,0.89467,-0.00031,-0.00047,-0.00042,0.89325,0.89343,0.0009,0.00014,2.10657,2.10764,True,True,2.10657,2.10764,True,True
079ae07a42,Pd2(SO4)3,0.4512,R-3,trigonal,4,S,16,6.0,3.2915,0.00321,0.00129,0.0043,3.26857,0.00045,0.00306,0.00072,3.29211,3.28406,0.00637,0.00177,2.71594,2.73143,True,True,2.71594,2.73143,True,True
079ae07a42,Pd2(SO4)3,0.4512,R-3,trigonal,5,S,16,6.0,3.29838,-0.01893,0.00123,-0.01932,3.25845,-0.00019,0.00058,0.0,3.29632,3.28438,0.02708,0.00065,2.71562,2.74155,True,True,2.71562,2.74155,True,True
079ae07a42,Pd2(SO4)3,0.4512,R-3,trigonal,6,S,16,6.0,3.29833,0.02609,-0.00125,0.02624,3.25675,0.00101,-0.00168,0.00088,3.29586,3.28364,0.03709,0.00043,2.71636,2.74325,True,True,2.71636,2.74325,True,True
079ae07a42,Pd2(SO4)3,0.4512,R-3,trigonal,7,S,16,6.0,3.27144,-0.02624,0.00168,-0.02609,3.31055,0.00101,0.00125,0.00088,3.26897,3.28365,0.03709,0.00043,2.71635,2.73103,True,True,2.71635,2.73103,True,True
079ae07a42,Pd2(SO4)3,0.4512,R-3,trigonal,8,S,16,6.0,3.27247,0.01932,-0.00058,0.01893,3.31033,-0.00019,-0.00123,0.0,3.27041,3.2844,0.02708,0.00065,2.7156,2.72959,True,True,2.7156,2.72959,True,True
079ae07a42,Pd2(SO4)3,0.4512,R-3,trigonal,9,S,16,6.0,3.27601,-0.0043,-0.00306,-0.00321,3.29956,0.00045,-0.00129,0.00072,3.27662,3.28407,0.00636,0.00177,2.71593,2.72399,True,True,2.71593,2.72399,True,True
079b387ee8,SrCa(ReH9)2,3.4485,P-3m1,trigonal,2,Re,75,7.0,-3.5309,3e-05,0.0,-3e-05,-3.53702,6e-05,-0.0,-6e-05,-3.5309,-3.53294,0.0001,0.00012,10.53294,10.53702,True,True,10.53294,10.53702,True,True
079b387ee8,SrCa(ReH9)2,3.4485,P-3m1,trigonal,3,Re,75,7.0,-3.535,4e-05,0.0,-3e-05,-3.52887,6e-05,-0.0,-6e-05,-3.535,-3.53296,0.0001,0.00012,10.53296,10.535,True,True,10.53296,10.535,True,True
079b387ee8,SrCa(ReH9)2,3.4485,P-3m1,trigonal,4,H,1,-1.0,1.25974,-0.007,0.00911,-0.00555,1.106,-0.0123,0.00791,-0.01359,1.25917,1.2083,0.02369,0.00145,2.2083,2.25974,True,True,2.2083,2.25974,True,True
079b387ee8,SrCa(ReH9)2,3.4485,P-3m1,trigonal,5,H,1,-1.0,1.25947,0.0117,-0.0012,0.01338,1.10602,-0.00083,0.0012,0.00083,1.25947,1.20832,0.0179,0.0024,2.20832,2.25947,True,True,2.20832,2.2594700000000003,True,True
079b387ee8,SrCa(ReH9)2,3.4485,P-3m1,trigonal,6,H,1,-1.0,1.2592,-0.007,-0.00791,-0.00555,1.10603,0.01359,-0.00911,0.0123,1.25976,1.20833,0.02369,0.00145,2.20833,2.25976,True,True,2.20833,2.25976,True,True
079b387ee8,SrCa(ReH9)2,3.4485,P-3m1,trigonal,15,H,1,-1.0,1.15743,0.00555,-0.00791,0.007,1.3106,-0.0123,-0.00911,-0.01359,1.15687,1.2083,0.02369,0.00145,2.2083,2.3106,True,True,2.2083,2.3106,True,True
079b387ee8,SrCa(ReH9)2,3.4485,P-3m1,trigonal,16,H,1,-1.0,1.15689,0.00555,0.00911,0.007,1.31062,0.01359,0.00791,0.0123,1.15745,1.20832,0.02369,0.00145,2.20832,2.31062,True,True,2.20832,2.31062,True,True
079b387ee8,SrCa(ReH9)2,3.4485,P-3m1,trigonal,21,H,1,-1.0,1.15717,-0.01338,-0.0012,-0.0117,1.31062,-0.00083,0.0012,0.00083,1.15717,1.20832,0.01789,0.0024,2.20832,2.31062,True,True,2.20832,2.31062,True,True
07a454246a,Ho2Ta5WO18,2.1437,P-1,triclinic,2,Ta,73,4.0,8.49078,-0.00065,-0.00071,0.00065,8.49013,0.00086,0.00071,0.0001,8.4895,8.49013,0.00162,0.00142,4.49013,4.49078,True,True,4.490130000000001,4.490780000000001,True,True
07a454246a,Ho2Ta5WO18,2.1437,P-1,triclinic,4,Ta,73,5.0,7.04152,-0.00017,-0.00283,-0.00039,6.98198,-0.00136,-0.00294,-0.00106,7.03809,7.02053,0.00445,0.0003,2.02053,2.04152,True,True,2.02053,2.0415200000000002,True,True
07a454246a,Ho2Ta5WO18,2.1437,P-1,triclinic,5,Ta,73,5.0,7.00319,0.00039,0.00294,0.00017,7.05931,-0.00136,0.00283,-0.00106,6.99975,7.02075,0.00445,0.0003,2.02075,2.05931,True,True,2.0207499999999996,2.05931,True,True
07a648264b,TiInRh3Se8,0.418,R3m,trigonal,0,Ti,22,4.0,1.58879,-0.00084,-0.0005,-0.00088,1.52964,-1e-05,-0.00026,3e-05,1.58741,1.56861,0.00134,0.00024,2.43139,2.47036,True,True,2.43139,2.47036,True,True
07a648264b,TiInRh3Se8,0.418,R3m,trigonal,1,In,49,3.0,0.94648,-3e-05,0.0013,0.00043,0.98427,-0.00017,0.00082,-0.00029,0.94582,0.95885,0.00163,0.00048,2.04115,2.05418,True,True,2.04115,2.05418,True,True
07a648264b,TiInRh3Se8,0.418,R3m,trigonal,2,Rh,45,3.0,-0.62823,-0.00039,-0.00149,-1e-05,-0.715,0.00079,0.0002,0.0009,-0.62743,-0.65689,0.00197,0.0017,3.65689,3.715,True,True,3.6568899999999998,3.715,True,True
07a648264b,TiInRh3Se8,0.418,R3m,trigonal,3,Rh,45,3.0,-0.64687,0.00085,-0.0011,0.00075,-0.67798,0.00017,-0.00026,-0.00018,-0.64582,-0.65689,0.00162,0.00084,3.65689,3.67798,True,True,3.6568899999999998,3.67798,True,True
07a648264b,TiInRh3Se8,0.418,R3m,trigonal,4,Rh,45,3.0,-0.64595,0.00025,-0.0006,-0.00065,-0.67798,0.00025,-0.00092,0.00036,-0.64674,-0.65689,0.00137,0.0009,3.65689,3.67798,True,True,3.6568899999999998,3.67798,True,True
07a648264b,TiInRh3Se8,0.418,R3m,trigonal,8,Se,34,-2.0,1.25006,-0.00019,0.00285,-1e-05,1.451,0.00026,0.0036,0.00028,1.24938,1.31681,0.00461,0.00075,3.31681,3.451,True,True,3.3168100000000003,3.451,True,True
07a648264b,TiInRh3Se8,0.418,R3m,trigonal,12,Se,34,-2.0,1.0144,-0.00037,-0.00127,-0.00025,0.9586,-0.00019,-0.00104,-8e-05,1.01346,0.99549,0.00171,0.00023,2.99549,3.0144,True,True,2.99549,3.0144,True,True
07a8196a5e,La2SmYB4I5,0.0587,Cm,monoclinic,4,B,5,-2.0,1.19827,0.00051,0.00061,0.00089,1.2409,-9e-05,-3e-05,2e-05,1.19825,1.21247,0.0012,0.00064,3.21247,3.2409,True,True,3.2124699999999997,3.2409,True,True
07a8196a5e,La2SmYB4I5,0.0587,Cm,monoclinic,5,B,5,-2.0,1.19824,-0.00092,-0.00048,-0.00055,1.2409,-5e-05,0.00011,7e-05,1.19828,1.21247,0.00118,0.00059,3.21247,3.2409,True,True,3.2124699999999997,3.2409,True,True
07a8196a5e,La2SmYB4I5,0.0587,Cm,monoclinic,7,B,5,-2.0,0.68446,-0.00021,0.00014,0.00013,0.56385,-0.00017,0.00014,6e-05,0.68462,0.64431,0.00037,0.00034,2.64431,2.68462,True,True,2.64431,2.68462,True,True
07a8196a5e,La2SmYB4I5,0.0587,Cm,monoclinic,10,I,53,-1.0,-3.47193,0.00024,-0.00016,-9e-05,-3.47307,-8e-05,-0.00012,-0.00025,-3.47215,-3.47238,0.00042,0.00033,2.47238,2.47307,True,True,2.47238,2.47307,True,True
07a8196a5e,La2SmYB4I5,0.0587,Cm,monoclinic,11,I,53,-1.0,-3.37285,0.00013,-0.00034,-0.00025,-3.38961,-0.00011,-0.00036,-0.00031,-3.3723,-3.37825,0.00066,0.00039,2.37825,2.38961,True,True,2.37825,2.38961,True,True
07a8196a5e,La2SmYB4I5,0.0587,Cm,monoclinic,12,I,53,-1.0,-3.57126,0.00028,-5e-05,-0.00028,-3.58277,1e-05,-7e-05,-0.00018,-3.5726,-3.57554,0.00044,0.00055,2.57554,2.58277,True,True,2.57554,2.58277,True,True
07aa956629,LaFe3As12Rh,0.4766,R-3,trigonal,1,Fe,26,3.0,-6.44144,-0.00031,-0.00031,0.00031,-6.4417,0.00083,0.00031,0.00101,-6.44195,-6.4417,0.00144,0.00062,9.4417,9.44195,True,True,9.4417,9.44195,True,True
07aa956629,LaFe3As12Rh,0.4766,R-3,trigonal,2,Fe,26,3.0,-6.44255,0.00023,0.00033,-0.00023,-6.4417,5e-05,-0.00033,0.00014,-6.44084,-6.4417,0.00059,0.00066,9.4417,9.44255,True,True,9.4417,9.44255,True,True
07aa956629,LaFe3As12Rh,0.4766,R-3,trigonal,3,Fe,26,3.0,-6.44152,3e-05,8e-05,-3e-05,-6.44169,-0.00092,-8e-05,-0.001,-6.44187,-6.44169,0.00136,0.00017,9.44169,9.44187,True,True,9.441690000000001,9.44187,True,True
07aa956629,LaFe3As12Rh,0.4766,R-3,trigonal,4,As,33,-1.25,1.92053,0.00148,0.00041,0.00315,1.90628,-0.00195,-0.00116,-0.00223,1.92058,1.9158,0.00474,0.00167,3.1658,3.17058,True,True,3.1658,3.17058,True,True
07aa956629,LaFe3As12Rh,0.4766,R-3,trigonal,5,As,33,-1.25,1.91101,-0.00315,0.00116,-0.00148,1.92531,-0.00195,-0.00041,-0.00223,1.91106,1.91579,0.00474,0.00167,3.16579,3.17531,True,True,3.1657900000000003,3.17531,True,True
07aa956629,LaFe3As12Rh,0.4766,R-3,trigonal,6,As,33,-1.25,1.86716,0.00143,-0.00085,0.00063,2.01436,0.0006,0.00465,0.00051,1.86587,1.91579,0.00504,0.0055,3.16579,3.26436,True,True,3.1657900000000003,3.26436,True,True
07aa956629,LaFe3As12Rh,0.4766,R-3,trigonal,7,As,33,-1.25,1.66342,0.00083,0.00206,0.00073,1.45488,0.00052,-0.00287,0.00015,1.66662,1.59497,0.00374,0.00493,2.84497,2.91662,True,True,2.84497,2.91662,True,True
07aa956629,LaFe3As12Rh,0.4766,R-3,trigonal,8,As,33,-1.25,1.58031,-0.00126,0.00096,-0.00144,1.62974,0.00167,0.00762,0.00242,1.57487,1.59497,0.00845,0.00666,2.84497,2.87974,True,True,2.84497,2.87974,True,True
07aa956629,LaFe3As12Rh,0.4766,R-3,trigonal,9,As,33,-1.25,1.52333,-0.00073,0.00287,-0.00083,1.73506,0.00052,-0.00206,0.00015,1.52652,1.59497,0.00374,0.00493,2.84497,2.98506,True,True,2.84497,2.98506,True,True
07aa956629,LaFe3As12Rh,0.4766,R-3,trigonal,10,As,33,-1.25,1.96572,-0.00063,-0.00465,-0.00143,1.81723,0.0006,0.00085,0.00051,1.96443,1.91579,0.00504,0.0055,3.16579,3.21572,True,True,3.1657900000000003,3.21572,True,True
07aa956629,LaFe3As12Rh,0.4766,R-3,trigonal,11,As,33,-1.25,1.91404,-0.00064,-0.00252,-0.00149,1.91452,0.00104,-0.00818,0.00095,1.91881,1.91579,0.00882,0.00566,3.16579,3.16881,True,True,3.1657900000000003,3.1688099999999997,True,True
07aa956629,LaFe3As12Rh,0.4766,R-3,trigonal,12,As,33,-1.25,1.91278,0.00149,0.00818,0.00064,1.91707,0.00104,0.00252,0.00095,1.91754,1.9158,0.00882,0.00566,3.1658,3.16754,True,True,3.1658,3.16754,True,True
07aa956629,LaFe3As12Rh,0.4766,R-3,trigonal,13,As,33,-1.25,1.61507,0.00144,-0.00762,0.00126,1.56021,0.00167,-0.00096,0.00242,1.60964,1.59497,0.00845,0.00666,2.84497,2.86507,True,True,2.84497,2.8650700000000002,True,True
07aa956629,LaFe3As12Rh,0.4766,R-3,trigonal,14,As,33,-1.25,1.56478,-9e-05,-0.00509,0.00013,1.65653,-0.0019,-0.00517,-0.00181,1.5636,1.59497,0.00772,0.00022,2.84497,2.90653,True,True,2.84497,2.90653,True,True
07aa956629,LaFe3As12Rh,0.4766,R-3,trigonal,15,As,33,-1.25,1.62634,-0.00013,0.00517,9e-05,1.53341,-0.0019,0.00509,-0.00181,1.62516,1.59497,0.00772,0.00022,2.84497,2.87634,True,True,2.84497,2.87634,True,True
07aa956629,LaFe3As12Rh,0.4766,R-3,trigonal,16,Rh,45,3.0,-5.11172,2e-05,-8e-05,-2e-05,-5.11162,-5e-05,8e-05,-0.00028,-5.11151,-5.11162,0.00031,0.00023,8.11162,8.11172,True,True,8.11162,8.11172,True,True
07ad277177,Ba2Eu(GaP2)2,0.0898,C2/c,monoclinic,6,Ga,31,3.0,0.78487,-0.00064,0.00036,-0.00053,0.81265,-0.00016,-7e-05,-0.00021,0.78577,0.79443,0.00094,0.00043,2.20557,2.21513,True,True,2.20557,2.2151300000000003,True,True
07ad277177,Ba2Eu(GaP2)2,0.0898,C2/c,monoclinic,7,Ga,31,3.0,0.80305,0.00075,0.00086,0.00053,0.77621,-0.00062,0.00036,-0.0005,0.80403,0.79443,0.00153,0.0005,2.20557,2.22379,True,True,2.20557,2.22379,True,True
07ad277177,Ba2Eu(GaP2)2,0.0898,C2/c,monoclinic,8,Ga,31,3.0,0.80309,0.00053,7e-05,0.00064,0.77621,-0.00016,-0.00036,-0.00021,0.80399,0.79443,0.00094,0.00043,2.20557,2.22379,True,True,2.20557,2.22379,True,True
07ad277177,Ba2Eu(GaP2)2,0.0898,C2/c,monoclinic,9,Ga,31,3.0,0.78483,-0.00053,-0.00036,-0.00075,0.81265,-0.00062,-0.00086,-0.0005,0.78581,0.79443,0.00153,0.0005,2.20557,2.21517,True,True,2.20557,2.21517,True,True
07b0bdabeb,TaRhSe4,0.2031,Pmn2_1,orthorhombic,4,Rh,45,3.0,-2.41105,0.00073,-2e-05,0.00115,-2.29167,0.00017,2e-05,-0.00017,-2.41105,-2.37126,0.00138,0.00043,5.37126,5.41105,True,True,5.3712599999999995,5.4110499999999995,True,True
07b0bdabeb,TaRhSe4,0.2031,Pmn2_1,orthorhombic,5,Rh,45,3.0,-2.41105,-0.00115,2e-05,-0.00073,-2.29167,0.00017,-2e-05,-0.00017,-2.41105,-2.37125,0.00138,0.00043,5.37125,5.41105,True,True,5.37125,5.4110499999999995,True,True
07b0bdabeb,TaRhSe4,0.2031,Pmn2_1,orthorhombic,6,Rh,45,3.0,-2.39191,0.0006,3e-05,0.00098,-2.49084,0.00018,-3e-05,-0.00018,-2.39191,-2.42489,0.00118,0.00038,5.42489,5.49084,True,True,5.4248899999999995,5.49084,True,True
07b0bdabeb,TaRhSe4,0.2031,Pmn2_1,orthorhombic,7,Rh,45,3.0,-2.39192,-0.00098,-3e-05,-0.0006,-2.49085,0.00018,3e-05,-0.00018,-2.39192,-2.42489,0.00118,0.00038,5.42489,5.49085,True,True,5.4248899999999995,5.49085,True,True
07b0bdabeb,TaRhSe4,0.2031,Pmn2_1,orthorhombic,10,Se,34,-2.0,0.18481,0.00058,-0.00075,0.00091,0.23012,0.00033,0.00075,-0.00033,0.18481,0.19991,0.00158,0.00149,2.19991,2.23012,True,True,2.19991,2.23012,True,True
07b0bdabeb,TaRhSe4,0.2031,Pmn2_1,orthorhombic,11,Se,34,-2.0,0.18481,-0.00091,0.00075,-0.00058,0.23012,0.00033,-0.00075,-0.00033,0.18481,0.19991,0.00158,0.00149,2.19991,2.23012,True,True,2.19991,2.23012,True,True
07b0bdabeb,TaRhSe4,0.2031,Pmn2_1,orthorhombic,12,Se,34,-2.0,1.52387,0.00073,-6e-05,-0.0001,1.5281,-4e-05,6e-05,4e-05,1.52387,1.52528,0.00074,0.00083,3.52528,3.5281,True,True,3.52528,3.5281000000000002,True,True
07b0bdabeb,TaRhSe4,0.2031,Pmn2_1,orthorhombic,13,Se,34,-2.0,1.52387,0.0001,6e-05,-0.00073,1.5281,-4e-05,-6e-05,4e-05,1.52387,1.52528,0.00074,0.00083,3.52528,3.5281,True,True,3.52528,3.5281000000000002,True,True
07b0bdabeb,TaRhSe4,0.2031,Pmn2_1,orthorhombic,16,Se,34,-2.0,1.35046,0.00149,6e-05,0.00067,1.33881,-5e-05,-6e-05,5e-05,1.35046,1.34658,0.00164,0.00082,3.34658,3.35046,True,True,3.3465800000000003,3.35046,True,True
07b0bdabeb,TaRhSe4,0.2031,Pmn2_1,orthorhombic,17,Se,34,-2.0,1.35046,-0.00067,-6e-05,-0.00149,1.33881,-5e-05,6e-05,5e-05,1.35046,1.34658,0.00164,0.00082,3.34658,3.35046,True,True,3.3465800000000003,3.35046,True,True
07b1fa0451,Tb5DyHoFeI12,0.0967,P1,triclinic,7,Fe,26,2.0,-6.96225,-0.00024,-0.00071,0.00039,-6.96269,4e-05,0.00064,8e-05,-6.96217,-6.96237,0.00106,0.00135,8.96237,8.96269,True,True,8.96237,8.96269,True,True
07b4e238eb,BaTeRuO6,0.1304,P-6c2,hexagonal,4,Ru,44,4.0,-0.41071,-0.00119,0.0,0.00119,-0.41071,0.00036,0.0,-0.00036,-0.41071,-0.41071,0.00177,0.00239,4.41071,4.41071,True,True,4.41071,4.41071,True,True
07b4e238eb,BaTeRuO6,0.1304,P-6c2,hexagonal,5,Ru,44,4.0,-0.43725,-0.0012,-0.0,0.0012,-0.43726,0.00036,-0.0,-0.00036,-0.43725,-0.43725,0.00178,0.00241,4.43725,4.43726,True,True,4.43725,4.43726,True,True
07b807be14,Y4Ho2ScFeO12,2.9207,P1,triclinic,7,Fe,26,3.0,-0.54702,-6e-05,0.00049,-5e-05,-0.54746,-0.00023,-0.00039,-0.00021,-0.5473,-0.54726,0.00071,0.00088,3.54726,3.54746,True,True,3.54726,3.54746,True,True
07c049c6b0,SmFe3Sb12Rh,0.1937,R-3,trigonal,1,Fe,26,3.0,-6.62622,0.00011,-0.00032,-0.00011,-6.62644,-0.0,0.00032,-0.00026,-6.62666,-6.62644,0.00055,0.00064,9.62644,9.62666,True,True,9.626439999999999,9.626660000000001,True,True
07c049c6b0,SmFe3Sb12Rh,0.1937,R-3,trigonal,2,Fe,26,3.0,-6.6268,0.00034,-0.00014,-0.00034,-6.62644,-0.00013,0.00014,0.00015,-6.62608,-6.62644,0.00055,0.00067,9.62644,9.6268,True,True,9.626439999999999,9.6268,True,True
07c049c6b0,SmFe3Sb12Rh,0.1937,R-3,trigonal,3,Fe,26,3.0,-6.62711,-0.00053,0.00059,0.00053,-6.62644,7e-05,-0.00059,-0.00025,-6.62576,-6.62644,0.00115,0.00118,9.62644,9.62711,True,True,9.626439999999999,9.62711,True,True
07c049c6b0,SmFe3Sb12Rh,0.1937,R-3,trigonal,4,Sb,51,-1.0,1.86717,0.00079,-0.00492,0.00027,1.80587,0.0003,-0.00055,-4e-05,1.87046,1.84783,0.00503,0.00437,2.84783,2.87046,True,True,2.84783,2.87046,True,True
07c049c6b0,SmFe3Sb12Rh,0.1937,R-3,trigonal,5,Sb,51,-1.0,2.09118,-0.00175,0.00248,-0.00247,2.0968,0.00014,-0.00157,0.00011,2.08871,2.09223,0.00422,0.00405,3.09223,3.0968,True,True,3.09223,3.0968,True,True
07c049c6b0,SmFe3Sb12Rh,0.1937,R-3,trigonal,6,Sb,51,-1.0,1.86672,0.0013,0.00014,0.00073,1.8109,-0.0003,3e-05,0.00022,1.86588,1.84783,0.00154,0.00056,2.84783,2.86672,True,True,2.84783,2.86672,True,True
07c049c6b0,SmFe3Sb12Rh,0.1937,R-3,trigonal,7,Sb,51,-1.0,2.11687,0.00192,0.00409,0.00117,2.04399,-0.00036,0.00487,-0.00016,2.11584,2.09223,0.00675,0.00078,3.09223,3.11687,True,True,3.09223,3.11687,True,True
07c049c6b0,SmFe3Sb12Rh,0.1937,R-3,trigonal,8,Sb,51,-1.0,2.02982,0.00051,-0.00284,0.0021,2.21102,0.00016,-4e-05,9e-05,2.03585,2.09223,0.00357,0.00279,3.09223,3.21102,True,True,3.09223,3.21102,True,True
07c049c6b0,SmFe3Sb12Rh,0.1937,R-3,trigonal,9,Sb,51,-1.0,1.82521,-0.00027,0.00055,-0.00079,1.8898,0.0003,0.00492,-4e-05,1.82849,1.84783,0.00503,0.00437,2.84783,2.8898,True,True,2.84783,2.8898,True,True
07c049c6b0,SmFe3Sb12Rh,0.1937,R-3,trigonal,10,Sb,51,-1.0,1.82978,-0.00073,-3e-05,-0.0013,1.88476,-0.0003,-0.00014,0.00022,1.82895,1.84783,0.00154,0.00056,2.84783,2.88476,True,True,2.84783,2.88476,True,True
07c049c6b0,SmFe3Sb12Rh,0.1937,R-3,trigonal,11,Sb,51,-1.0,1.90099,-0.00222,0.00073,-0.00132,1.7474,4e-05,-0.00294,-0.0001,1.89511,1.84783,0.00398,0.00367,2.84783,2.90099,True,True,2.84783,2.90099,True,True
07c049c6b0,SmFe3Sb12Rh,0.1937,R-3,trigonal,12,Sb,51,-1.0,2.14861,-0.0021,4e-05,-0.00051,1.97344,0.00016,0.00284,9e-05,2.15464,2.09223,0.00357,0.00279,3.09223,3.15464,True,True,3.09223,3.15464,True,True
07c049c6b0,SmFe3Sb12Rh,0.1937,R-3,trigonal,13,Sb,51,-1.0,2.06863,-0.00117,-0.00487,-0.00192,2.14047,-0.00036,-0.00409,-0.00016,2.06759,2.09223,0.00675,0.00078,3.09223,3.14047,True,True,3.09223,3.14047,True,True
07c049c6b0,SmFe3Sb12Rh,0.1937,R-3,trigonal,14,Sb,51,-1.0,1.80055,0.00132,0.00294,0.00222,1.94826,4e-05,-0.00073,-0.0001,1.79468,1.84783,0.00398,0.00367,2.84783,2.94826,True,True,2.84783,2.9482600000000003,True,True
07c049c6b0,SmFe3Sb12Rh,0.1937,R-3,trigonal,15,Sb,51,-1.0,2.09575,0.00247,0.00157,0.00175,2.08766,0.00014,-0.00248,0.00011,2.09328,2.09223,0.00422,0.00405,3.09223,3.09575,True,True,3.09223,3.09575,True,True
07c049c6b0,SmFe3Sb12Rh,0.1937,R-3,trigonal,16,Rh,45,1.0,-5.63701,4e-05,0.00013,-4e-05,-5.63701,-7e-05,-0.00013,6e-05,-5.63701,-5.63701,0.00021,0.00026,6.63701,6.63701,True,True,6.63701,6.63701,True,True
07c4037a10,RuRhF7,0.4881,Imma,orthorhombic,0,Ru,44,4.0,1.05726,0.00054,-0.00176,-0.00054,1.05719,-0.00047,0.00176,-0.00176,1.05711,1.05719,0.00318,0.00353,2.94281,2.94289,True,True,2.9428099999999997,2.9428900000000002,True,True
07c4037a10,RuRhF7,0.4881,Imma,orthorhombic,1,Ru,44,4.0,1.05774,0.00027,-0.00044,-0.00027,1.05719,-0.00141,0.00044,-0.00097,1.05663,1.05719,0.00186,0.00087,2.94281,2.94337,True,True,2.9428099999999997,2.94337,True,True
07c4bd37d9,Co2SiSe5,0.4061,P2/m,monoclinic,0,Co,27,4.0,-2.63141,-0.00023,-1e-05,-0.00026,-2.62815,-0.00013,1e-05,0.00013,-2.63141,-2.63032,0.00039,0.00026,6.63032,6.63141,True,True,6.63032,6.63141,True,True
07c4bd37d9,Co2SiSe5,0.4061,P2/m,monoclinic,1,Co,27,4.0,-2.62924,0.00026,-1e-05,0.00023,-2.6325,-0.00013,1e-05,0.00013,-2.62924,-2.63033,0.00039,0.00026,6.63033,6.6325,True,True,6.63033,6.6325,True,True
07c4bd37d9,Co2SiSe5,0.4061,P2/m,monoclinic,2,Co,27,4.0,-4.3985,-0.00147,-2e-05,-0.00144,-4.3723,4e-05,2e-05,-4e-05,-4.3985,-4.38977,0.00206,8e-05,8.38977,8.3985,True,True,8.38977,8.3985,True,True
07c4bd37d9,Co2SiSe5,0.4061,P2/m,monoclinic,3,Co,27,4.0,-4.38104,0.00144,-2e-05,0.00147,-4.40723,4e-05,2e-05,-4e-05,-4.38104,-4.38977,0.00206,8e-05,8.38977,8.40723,True,True,8.38977,8.40723,True,True
07c4bd37d9,Co2SiSe5,0.4061,P2/m,monoclinic,4,Si,14,2.0,3.85827,-0.0012,-0.00024,-0.00161,4.00122,4e-05,0.00024,-4e-05,3.85827,3.90592,0.00204,0.00048,1.90592,2.00122,True,True,1.90592,2.00122,True,True
07c4bd37d9,Co2SiSe5,0.4061,P2/m,monoclinic,8,Se,34,-2.0,1.39091,-0.00064,0.00036,0.00016,1.65216,-0.00019,-0.00036,0.00019,1.39091,1.478,0.00088,0.0008,3.478,3.65216,True,True,3.4779999999999998,3.6521600000000003,True,True
07c4bd37d9,Co2SiSe5,0.4061,P2/m,monoclinic,9,Se,34,-2.0,1.56508,-0.00016,0.00036,0.00064,1.30383,-0.00019,-0.00036,0.00019,1.56508,1.478,0.00088,0.0008,3.478,3.56508,True,True,3.4779999999999998,3.56508,True,True
07c4bd37d9,Co2SiSe5,0.4061,P2/m,monoclinic,10,Se,34,-2.0,0.01445,-0.0012,8e-05,-0.00245,0.02428,7e-05,-8e-05,-7e-05,0.01445,0.01772,0.00273,0.00125,2.01772,2.02428,True,True,2.01772,2.02428,True,True
07c4bd37d9,Co2SiSe5,0.4061,P2/m,monoclinic,11,Se,34,-2.0,0.021,0.00245,8e-05,0.0012,0.01117,7e-05,-8e-05,-7e-05,0.021,0.01772,0.00273,0.00125,2.01772,2.021,True,True,2.01772,2.021,True,True
07c4bd37d9,Co2SiSe5,0.4061,P2/m,monoclinic,12,Se,34,-2.0,1.10109,-0.00024,-0.00027,-0.00013,0.80437,0.00022,0.00027,-0.00022,1.10109,1.00218,0.00056,0.00054,3.00218,3.10109,True,True,3.00218,3.10109,True,True
07c4bd37d9,Co2SiSe5,0.4061,P2/m,monoclinic,13,Se,34,-2.0,0.90327,0.00013,-0.00027,0.00024,1.19999,0.00022,0.00027,-0.00022,0.90327,1.00218,0.00056,0.00054,3.00218,3.19999,True,True,3.00218,3.1999899999999997,True,True
07c4bd37d9,Co2SiSe5,0.4061,P2/m,monoclinic,14,Se,34,-2.0,1.1213,7e-05,-0.00034,-0.00012,1.16846,0.0001,0.00034,-0.0001,1.1213,1.13702,0.00053,0.00068,3.13702,3.16846,True,True,3.1370199999999997,3.16846,True,True
07c4bd37d9,Co2SiSe5,0.4061,P2/m,monoclinic,15,Se,34,-2.0,1.15274,0.00012,-0.00034,-7e-05,1.10558,0.0001,0.00034,-0.0001,1.15274,1.13702,0.00053,0.00068,3.13702,3.15274,True,True,3.1370199999999997,3.15274,True,True
07c745690b,HoMg3P7N12,3.7369,R3m,trigonal,10,P,15,3.86,-1.64042,0.0033,0.00205,0.00351,-1.54888,-3e-05,0.00118,-3e-05,-1.64307,-1.61079,0.00537,0.00087,5.46793,5.50021,True,True,5.47079,5.50307,True,True
07c84371e0,MgMnFe2(AsO3)8,1.8951,C2/m,monoclinic,0,Mg,12,2.0,4.24462,0.00065,-0.0,-0.00065,4.24497,0.00037,0.0,-0.00037,4.24533,4.24497,0.00106,0.0013,2.24497,2.24533,True,True,2.2449700000000004,2.24533,True,True
07c84371e0,MgMnFe2(AsO3)8,1.8951,C2/m,monoclinic,2,Fe,26,2.0,-0.42488,-0.00029,0.0015,-0.00024,-0.42457,0.00058,0.0015,-0.00058,-0.42422,-0.42456,0.0023,0.00116,2.42456,2.42488,True,True,2.42456,2.42488,True,True
07c84371e0,MgMnFe2(AsO3)8,1.8951,C2/m,monoclinic,3,Fe,26,2.0,-0.42489,0.00024,-0.0015,0.00029,-0.42455,0.00058,-0.0015,-0.00058,-0.42424,-0.42456,0.0023,0.00116,2.42456,2.42489,True,True,2.42456,2.42489,True,True
07caabcaaa,Ba8Li2Nb5SbO24,2.6557,P3m1,trigonal,10,Nb,41,5.0,7.33091,-0.00023,0.0,0.00023,7.32679,-1e-05,0.0,1e-05,7.33091,7.32954,0.00032,0.00046,2.32954,2.33091,True,True,2.3295399999999997,2.3309100000000003,True,True
07cf423cc7,Cs11RbSc2(FeSe6)2,0.5627,P1,triclinic,14,Fe,26,3.0,0.48015,-4e-05,-0.00013,-0.00018,0.47528,0.00015,-0.00043,0.00014,0.48045,0.47863,0.00053,0.0003,2.52137,2.52472,True,True,2.52137,2.52472,True,True
07cf423cc7,Cs11RbSc2(FeSe6)2,0.5627,P1,triclinic,15,Fe,26,3.0,0.52769,0.0001,-0.00067,-0.0001,0.53438,-0.0001,7e-05,-0.00018,0.52823,0.5301,0.00072,0.00074,2.4699,2.47231,True,True,2.4699,2.4723100000000002,True,True
07d0c00aa0,SrVWO6,1.924,P1,triclinic,1,V,23,4.0,7.184,-0.00049,-3e-05,0.00022,7.17123,0.00026,-0.00012,0.00179,7.18196,7.17906,0.00189,0.00154,3.17906,3.184,True,True,3.1790599999999998,3.184,True,True
07d3e8c53c,Tb4VRe(B8Mo)2,0.1956,Pm,monoclinic,4,V,23,5.0,2.34005,0.00311,-0.00171,-0.00525,2.41543,-0.00045,0.00171,0.00045,2.34005,2.36518,0.0066,0.00836,2.63482,2.65995,True,True,2.63482,2.65995,True,True
07d3e8c53c,Tb4VRe(B8Mo)2,0.1956,Pm,monoclinic,5,Re,75,3.0,0.97453,0.00341,-0.00188,-0.00447,0.71646,-0.00038,0.00188,0.00038,0.97453,0.8885,0.00624,0.00787,2.1115,2.28354,True,True,2.1115,2.28354,True,True
07de47c3e7,Ba3Na2(LiSb2)2,0.0632,C2/m,monoclinic,5,Li,3,1.0,-1.27918,0.00017,-0.00059,-0.00019,-1.29015,-1e-05,-0.00051,2e-05,-1.2796,-1.28298,0.00082,0.00036,2.28298,2.29015,True,True,2.2829800000000002,2.2901499999999997,True,True
07de47c3e7,Ba3Na2(LiSb2)2,0.0632,C2/m,monoclinic,6,Li,3,1.0,-1.28636,0.00019,0.00051,-0.00017,-1.27581,-1e-05,0.00059,2e-05,-1.28678,-1.28298,0.00082,0.00036,2.28298,2.28678,True,True,2.2829800000000002,2.2867800000000003,True,True
07de47c3e7,Ba3Na2(LiSb2)2,0.0632,C2/m,monoclinic,7,Sb,51,-3.0,0.09257,-0.00016,0.00011,0.00017,0.08557,-0.00053,-0.00176,-0.00069,0.09211,0.09008,0.00198,0.00187,3.09008,3.09257,True,True,3.09008,3.09257,True,True
07de47c3e7,Ba3Na2(LiSb2)2,0.0632,C2/m,monoclinic,8,Sb,51,-3.0,0.08805,-0.00017,0.00176,0.00016,0.0946,-0.00053,-0.00011,-0.00069,0.0876,0.09008,0.00198,0.00187,3.09008,3.0946,True,True,3.09008,3.0946,True,True
07e8faf130,LiCa6Ag(Bi2H)2,0.5479,Pmc2_1,orthorhombic,0,Li,3,1.0,-1.89796,0.00021,-0.00106,0.00066,-1.80955,-4e-05,0.00106,4e-05,-1.89796,-1.86849,0.00165,0.00212,2.86849,2.89796,True,True,2.86849,2.8979600000000003,True,True
07e8faf130,LiCa6Ag(Bi2H)2,0.5479,Pmc2_1,orthorhombic,1,Li,3,1.0,-1.83902,0.00021,0.00106,0.00066,-1.92743,-4e-05,-0.00106,4e-05,-1.83902,-1.86849,0.00165,0.00212,2.86849,2.92743,True,True,2.86849,2.92743,True,True
07e8faf130,LiCa6Ag(Bi2H)2,0.5479,Pmc2_1,orthorhombic,3,Ca,20,2.0,0.06419,0.00012,-0.00012,0.0006,-0.00351,-4e-05,0.00012,4e-05,0.06419,0.04162,0.00064,0.00048,1.95838,2.00351,True,True,1.95838,2.00351,True,True
07e8faf130,LiCa6Ag(Bi2H)2,0.5479,Pmc2_1,orthorhombic,14,Ag,47,1.0,-2.23278,-0.00079,-0.0007,-0.00069,-2.31586,4e-05,0.0007,-4e-05,-2.23278,-2.26048,0.00145,0.00141,3.26048,3.31586,True,True,3.26048,3.31586,True,True
07e8faf130,LiCa6Ag(Bi2H)2,0.5479,Pmc2_1,orthorhombic,15,Ag,47,1.0,-2.28817,-0.00079,0.0007,-0.00069,-2.20509,4e-05,-0.0007,-4e-05,-2.28817,-2.26048,0.00145,0.00141,3.26048,3.28817,True,True,3.26048,3.28817,True,True
07e8faf130,LiCa6Ag(Bi2H)2,0.5479,Pmc2_1,orthorhombic,16,Bi,83,-3.0,1.95665,0.00047,-0.00073,0.00022,1.95026,0.00013,0.00073,-0.00013,1.95665,1.95452,0.00117,0.00146,4.95452,4.95665,True,True,4.9545200000000005,4.95665,True,True
07e8faf130,LiCa6Ag(Bi2H)2,0.5479,Pmc2_1,orthorhombic,17,Bi,83,-3.0,1.95239,0.00047,0.00073,0.00022,1.95878,0.00013,-0.00073,-0.00013,1.95239,1.95452,0.00117,0.00146,4.95452,4.95878,True,True,4.9545200000000005,4.95878,True,True
07e8faf130,LiCa6Ag(Bi2H)2,0.5479,Pmc2_1,orthorhombic,18,Bi,83,-3.0,1.40684,-0.00073,-0.00032,-0.00089,1.39586,-1e-05,0.00032,1e-05,1.40684,1.40318,0.00124,0.00064,4.40318,4.40684,True,True,4.40318,4.40684,True,True
07e8faf130,LiCa6Ag(Bi2H)2,0.5479,Pmc2_1,orthorhombic,19,Bi,83,-3.0,1.39952,-0.00073,0.00032,-0.00089,1.4105,-1e-05,-0.00032,1e-05,1.39952,1.40318,0.00124,0.00064,4.40318,4.4105,True,True,4.40318,4.4105,True,True
07e8faf130,LiCa6Ag(Bi2H)2,0.5479,Pmc2_1,orthorhombic,20,Bi,83,-3.0,1.02357,0.00131,0.00103,0.0012,1.02849,-6e-05,-0.00103,6e-05,1.02357,1.02521,0.0023,0.00206,4.02521,4.02849,True,True,4.0252099999999995,4.02849,True,True
07e8faf130,LiCa6Ag(Bi2H)2,0.5479,Pmc2_1,orthorhombic,21,Bi,83,-3.0,1.02685,0.00131,-0.00103,0.0012,1.02193,-6e-05,0.00103,6e-05,1.02685,1.02521,0.0023,0.00206,4.02521,4.02685,True,True,4.0252099999999995,4.02685,True,True
07e8faf130,LiCa6Ag(Bi2H)2,0.5479,Pmc2_1,orthorhombic,22,Bi,83,-3.0,1.17058,-0.00099,0.00091,-0.00157,1.17458,-2e-05,-0.00091,2e-05,1.17058,1.17192,0.00226,0.00182,4.17192,4.17458,True,True,4.17192,4.17458,True,True
07e8faf130,LiCa6Ag(Bi2H)2,0.5479,Pmc2_1,orthorhombic,23,Bi,83,-3.0,1.17325,-0.00099,-0.00091,-0.00157,1.16925,-2e-05,0.00091,2e-05,1.17325,1.17192,0.00226,0.00182,4.17192,4.17325,True,True,4.17192,4.1732499999999995,True,True
07e8faf130,LiCa6Ag(Bi2H)2,0.5479,Pmc2_1,orthorhombic,24,H,1,-1.0,-3.03746,0.00089,-0.00041,0.00073,-2.90366,-0.00018,0.00041,0.00018,-3.03746,-2.99286,0.00131,0.00081,1.99286,2.03746,True,True,1.9928599999999999,2.03746,True,True
07e8faf130,LiCa6Ag(Bi2H)2,0.5479,Pmc2_1,orthorhombic,25,H,1,-1.0,-2.94826,0.00089,0.00041,0.00073,-3.08205,-0.00018,-0.00041,0.00018,-2.94826,-2.99286,0.00131,0.00081,1.99286,2.08205,True,True,1.9928599999999999,2.08205,True,True
07ebf16155,Gd6LuScO12,3.1933,R-3,trigonal,0,Gd,64,3.0,0.8468,-0.00089,-0.00039,0.00024,0.90879,-0.0009,-0.00022,-0.00111,0.85051,0.8687,0.00176,0.00113,2.1313,2.1532,True,True,2.1313,2.1532,True,True
07ebf16155,Gd6LuScO12,3.1933,R-3,trigonal,1,Gd,64,3.0,0.87451,0.00061,0.00113,0.00036,0.86058,-0.00091,0.00046,-0.00119,0.87102,0.8687,0.00206,0.00067,2.1313,2.13942,True,True,2.1313,2.13942,True,True
07ebf16155,Gd6LuScO12,3.1933,R-3,trigonal,2,Gd,64,3.0,0.86635,-0.00012,0.00202,-0.00106,0.87709,-0.00038,0.00167,0.0001,0.86265,0.8687,0.00286,0.00094,2.1313,2.13735,True,True,2.1313,2.13735,True,True
07ebf16155,Gd6LuScO12,3.1933,R-3,trigonal,3,Gd,64,3.0,0.88689,-0.00024,0.00022,0.00089,0.82861,-0.0009,0.00039,-0.00111,0.8906,0.8687,0.00176,0.00113,2.1313,2.17139,True,True,2.1313,2.17139,True,True
07ebf16155,Gd6LuScO12,3.1933,R-3,trigonal,4,Gd,64,3.0,0.86638,-0.00036,-0.00046,-0.00061,0.87682,-0.00091,-0.00113,-0.00119,0.86289,0.8687,0.00206,0.00067,2.1313,2.13711,True,True,2.1313,2.13711,True,True
07ebf16155,Gd6LuScO12,3.1933,R-3,trigonal,5,Gd,64,3.0,0.87475,0.00106,-0.00167,0.00012,0.86031,-0.00038,-0.00202,0.0001,0.87105,0.8687,0.00286,0.00094,2.1313,2.13969,True,True,2.1313,2.13969,True,True
07ee24c212,Sr6NbRh4O15,0.2022,R32,trigonal,7,Rh,45,4.0,1.08952,0.00017,0.00308,0.00015,1.01832,-0.00022,0.00189,-0.00015,1.08944,1.06576,0.00363,0.0012,2.93424,2.98168,True,True,2.93424,2.98168,True,True
07ee24c212,Sr6NbRh4O15,0.2022,R32,trigonal,8,Rh,45,4.0,1.04208,-0.00015,-0.00189,-0.00017,1.1132,-0.00022,-0.00308,-0.00015,1.042,1.06576,0.00363,0.0012,2.93424,2.958,True,True,2.93424,2.958,True,True
07f191fe45,Cs12V3PS16,1.744,Pm,monoclinic,12,V,23,5.0,2.14747,-7e-05,0.00125,-5e-05,2.1474,1e-05,0.00125,-1e-05,2.14733,2.1474,0.00176,3e-05,2.8526,2.85267,True,True,2.8526,2.85267,True,True
07f191fe45,Cs12V3PS16,1.744,Pm,monoclinic,13,V,23,5.0,2.12475,-0.00012,-0.00149,-5e-05,2.12483,1e-05,-0.00149,-1e-05,2.12491,2.12483,0.00211,7e-05,2.87517,2.87525,True,True,2.87517,2.87525,True,True
07f191fe45,Cs12V3PS16,1.744,Pm,monoclinic,14,V,23,5.0,2.12699,-0.0,-0.00156,9e-05,2.1269,1e-05,-0.00156,-1e-05,2.12681,2.1269,0.00221,9e-05,2.8731,2.87319,True,True,2.8731,2.87319,True,True
07f191fe45,Cs12V3PS16,1.744,Pm,monoclinic,15,P,15,5.0,2.87979,6e-05,0.00219,-7e-05,2.8799,1e-05,0.00219,-1e-05,2.88002,2.8799,0.0031,0.00014,2.1201,2.12021,True,True,2.1201,2.12021,True,True
07f2675476,CeZr4BiF22,0.1895,I222,orthorhombic,0,Ce,58,3.0,5.38497,4e-05,0.00032,-4e-05,5.38483,2e-05,-0.00032,7e-05,5.38469,5.38483,0.00046,0.00063,2.38483,2.38497,True,True,2.38483,2.38497,True,True
07f4c3c5da,K4Sr2TiAs4,1.2938,Cc,monoclinic,12,Ti,22,4.0,1.23829,-4e-05,-0.00054,-0.00029,1.22045,-7e-05,0.00015,0.00019,1.238,1.23224,0.00066,0.00069,2.76776,2.77955,True,True,2.76776,2.77955,True,True
07f4c3c5da,K4Sr2TiAs4,1.2938,Cc,monoclinic,13,Ti,22,4.0,1.23844,-6e-05,-0.00076,-0.00018,1.22045,0.00027,-0.00018,0.00023,1.23785,1.23224,0.00088,0.00058,2.76776,2.77955,True,True,2.76776,2.77955,True,True
080eb95df2,Mn7Zn(AsO5)4,0.1421,Pm,monoclinic,9,As,33,5.0,2.78904,0.01928,-0.00214,0.01853,2.70854,0.00018,0.00214,-0.00018,2.78904,2.76221,0.02691,0.00428,2.23779,2.29146,True,True,2.23779,2.29146,True,True
080f674fcb,KRb3V2(CuTe4)2,0.7156,C2,monoclinic,4,V,23,4.0,1.35371,0.00038,-0.00083,-0.0004,1.35504,-7e-05,0.00064,-9e-05,1.35638,1.35504,0.00119,0.00148,2.64496,2.64629,True,True,2.64496,2.64629,True,True
080f674fcb,KRb3V2(CuTe4)2,0.7156,C2,monoclinic,5,V,23,4.0,1.39681,0.00028,-0.00059,-0.00027,1.39818,-0.0001,0.00093,-5e-05,1.39955,1.39818,0.00118,0.00152,2.60182,2.60319,True,True,2.60182,2.6031899999999997,True,True
080fc3f82e,Ba8Tb4Al3FeO20,3.2529,P1,triclinic,15,Fe,26,3.0,-1.09772,0.00058,-0.0001,-0.00026,-1.04587,2e-05,0.00099,0.00031,-1.0972,-1.08027,0.00122,0.0011,4.08027,4.09772,True,True,4.0802700000000005,4.09772,True,True
081343668a,Cs3Rb(AlSb4)4,0.2943,Pm,monoclinic,4,Al,13,3.0,-0.83164,-0.00025,7e-05,0.00019,-0.83111,2e-05,-7e-05,-2e-05,-0.83164,-0.83146,0.00033,0.00043,3.83146,3.83164,True,True,3.83146,3.83164,True,True
081343668a,Cs3Rb(AlSb4)4,0.2943,Pm,monoclinic,5,Al,13,3.0,-0.73119,-3e-05,0.00024,0.00038,-0.72699,-1e-05,-0.00024,1e-05,-0.73119,-0.72979,0.00051,0.00048,3.72979,3.73119,True,True,3.72979,3.73119,True,True
081343668a,Cs3Rb(AlSb4)4,0.2943,Pm,monoclinic,6,Al,13,3.0,-0.88024,-0.00023,-0.00016,0.00025,-0.88481,3e-05,0.00016,-3e-05,-0.88024,-0.88176,0.00041,0.00048,3.88176,3.88481,True,True,3.88176,3.88481,True,True
081343668a,Cs3Rb(AlSb4)4,0.2943,Pm,monoclinic,7,Al,13,3.0,-0.73598,-0.00012,9e-05,0.00038,-0.73226,-1e-05,-9e-05,1e-05,-0.73598,-0.73474,0.00041,0.00049,3.73474,3.73598,True,True,3.73474,3.73598,True,True
08198d15e3,Ca7ThBi6,0.5772,R3,trigonal,0,Ca,20,2.0,-0.46165,0.00031,0.00045,-0.00031,-0.46915,0.00013,0.00045,0.00014,-0.46165,-0.46415,0.0008,0.00063,2.46415,2.46915,True,True,2.46415,2.46915,True,True
08198d15e3,Ca7ThBi6,0.5772,R3,trigonal,1,Ca,20,2.0,-0.10408,-0.0002,0.0,0.00035,-0.10187,4e-05,3e-05,-1e-05,-0.10405,-0.10334,0.0004,0.00055,2.10334,2.10408,True,True,2.10334,2.10408,True,True
08198d15e3,Ca7ThBi6,0.5772,R3,trigonal,2,Ca,20,2.0,-0.31825,-0.00035,0.00011,-0.00033,-0.32543,-0.00016,-0.00025,-0.00014,-0.3187,-0.32079,0.00059,0.00036,2.32079,2.32543,True,True,2.32079,2.32543,True,True
08198d15e3,Ca7ThBi6,0.5772,R3,trigonal,3,Ca,20,2.0,-0.32697,-0.00011,-0.00018,0.00033,-0.30873,2e-05,7e-05,-4e-05,-0.32669,-0.3208,0.0004,0.00044,2.3208,2.32697,True,True,2.3208,2.32697,True,True
08198d15e3,Ca7ThBi6,0.5772,R3,trigonal,4,Ca,20,2.0,-0.10308,3e-05,-0.00016,8e-05,-0.10399,-0.00015,7e-05,-0.00014,-0.1029,-0.10332,0.00028,0.00023,2.10332,2.10399,True,True,2.10332,2.10399,True,True
08198d15e3,Ca7ThBi6,0.5772,R3,trigonal,5,Ca,20,2.0,-0.10032,-0.00012,0.00025,-0.00014,-0.10913,-0.00013,-0.0,-0.00012,-0.10052,-0.10332,0.00036,0.00026,2.10332,2.10913,True,True,2.10332,2.10913,True,True
08198d15e3,Ca7ThBi6,0.5772,R3,trigonal,6,Ca,20,2.0,-0.32154,0.00027,-0.00045,0.00019,-0.31943,-0.0001,-0.00034,-6e-05,-0.32137,-0.32078,0.00067,0.00011,2.32078,2.32154,True,True,2.32078,2.32154,True,True
08198d15e3,Ca7ThBi6,0.5772,R3,trigonal,7,Th,90,4.0,-0.05111,0.00026,8e-05,-0.00026,-0.05612,0.00012,8e-05,0.00012,-0.05111,-0.05278,0.00042,0.00053,4.05278,4.05612,True,True,4.05278,4.05612,True,True
08198d15e3,Ca7ThBi6,0.5772,R3,trigonal,8,Bi,83,-3.0,0.36463,0.00012,0.00147,0.00012,0.3751,-0.00045,-0.00055,-0.00049,0.36385,0.36786,0.00171,0.00202,3.36786,3.3751,True,True,3.36786,3.3750999999999998,True,True
08198d15e3,Ca7ThBi6,0.5772,R3,trigonal,9,Bi,83,-3.0,0.23104,-0.00011,-0.00071,-4e-05,0.22354,0.00113,-0.00031,0.00123,0.2311,0.22856,0.00184,0.00039,3.22856,3.2311,True,True,3.22856,3.2311,True,True
08198d15e3,Ca7ThBi6,0.5772,R3,trigonal,10,Bi,83,-3.0,0.36607,-0.00032,0.00074,-0.00019,0.37137,0.00114,0.00062,0.0012,0.36618,0.36787,0.00195,0.00014,3.36787,3.37137,True,True,3.36787,3.3713699999999998,True,True
08198d15e3,Ca7ThBi6,0.5772,R3,trigonal,11,Bi,83,-3.0,0.22829,-6e-05,0.00046,-0.0001,0.23021,-0.00048,-0.00178,-0.00054,0.22713,0.22854,0.00198,0.00223,3.22854,3.23021,True,True,3.22854,3.23021,True,True
08198d15e3,Ca7ThBi6,0.5772,R3,trigonal,12,Bi,83,-3.0,0.3686,9e-05,-0.00042,0.00019,0.36575,-0.00052,0.00172,-0.00056,0.36928,0.36788,0.00194,0.00214,3.36788,3.36928,True,True,3.36788,3.36928,True,True
08198d15e3,Ca7ThBi6,0.5772,R3,trigonal,13,Bi,83,-3.0,0.22834,0.00019,-0.00164,0.00013,0.22789,-0.00058,0.0002,-0.00058,0.22944,0.22856,0.00186,0.00184,3.22856,3.22944,True,True,3.22856,3.22944,True,True
081ca60427,Er5MoRhO12,1.5713,C2,monoclinic,6,Rh,45,4.0,1.7433,0.00083,-0.00337,-0.00022,1.7432,8e-05,-0.00322,8e-05,1.7431,1.7432,0.00474,0.00105,2.2568,2.2569,True,True,2.2568,2.2569,True,True
081e92bd1c,Sm(S8I)3,1.752,R3m,trigonal,0,Sm,62,3.0,0.90875,-1e-05,1e-05,-1e-05,0.90859,-0.00047,-2e-05,0.00048,0.90822,0.90852,0.00067,0.00094,2.09148,2.09178,True,True,2.09148,2.09178,True,True
081e92bd1c,Sm(S8I)3,1.752,R3m,trigonal,25,I,53,5.0,-3.12,-6e-05,-3e-05,7e-05,-3.12007,-0.00019,0.00018,0.00048,-3.12138,-3.12048,0.00055,0.00067,8.12048,8.12138,True,True,8.12048,8.12138,True,True
081e92bd1c,Sm(S8I)3,1.752,R3m,trigonal,26,I,53,5.0,-3.12063,0.00023,-0.00012,-0.00022,-3.12033,-0.0003,0.00013,0.00037,-3.12049,-3.12048,0.0006,0.00067,8.12048,8.12063,True,True,8.12048,8.12063,True,True
081e92bd1c,Sm(S8I)3,1.752,R3m,trigonal,27,I,53,5.0,-3.12059,4e-05,1e-05,0.0003,-3.12007,-0.00051,-0.00014,0.00024,-3.12079,-3.12048,0.00065,0.00074,8.12048,8.12079,True,True,8.12048,8.12079,True,True
08239aabcc,Sr4Nb(MoO4)3,1.2746,P-1,triclinic,4,Nb,41,5.0,7.44588,-0.00026,-2e-05,0.00026,7.44509,-0.00026,2e-05,-0.00027,7.4443,7.44509,0.00052,0.00051,2.44509,2.44588,True,True,2.4450900000000004,2.44588,True,True
08279b5f39,Sb4Ir3RhS4,1.1282,R3,trigonal,0,Sb,51,-1.5,3.45803,0.00097,0.00097,0.00125,3.56596,0.00049,0.00043,0.00053,3.46028,3.49476,0.00204,0.00054,4.99476,5.06596,True,True,4.994759999999999,5.0659600000000005,True,True
08279b5f39,Sb4Ir3RhS4,1.1282,R3,trigonal,1,Sb,51,-1.5,3.4626,-0.00096,-0.00121,-0.00121,3.55827,-0.00064,-0.00088,-0.00055,3.46339,3.49476,0.00231,0.00033,4.99476,5.05827,True,True,4.994759999999999,5.05827,True,True
08279b5f39,Sb4Ir3RhS4,1.1282,R3,trigonal,2,Sb,51,-1.5,3.53264,-0.00118,0.00101,-0.0012,3.42106,-0.00041,0.0008,-0.00053,3.53056,3.49475,0.00223,0.00022,4.99475,5.03264,True,True,4.99475,5.03264,True,True
08279b5f39,Sb4Ir3RhS4,1.1282,R3,trigonal,3,Sb,51,-1.5,3.89722,0.0011,-0.00108,0.0011,3.78782,0.00057,-0.00057,0.00057,3.89648,3.86051,0.00214,0.00052,5.36051,5.39722,True,True,5.36051,5.39722,True,True
08279b5f39,Sb4Ir3RhS4,1.1282,R3,trigonal,4,Ir,77,3.67,-4.14205,-0.00052,0.00379,-0.00054,-4.31364,-0.00012,0.00399,-0.00016,-4.14149,-4.19906,0.00556,0.00021,7.86573,7.98031,True,True,7.86906,7.98364,True,True
08279b5f39,Sb4Ir3RhS4,1.1282,R3,trigonal,5,Ir,77,3.67,-4.24968,-0.00032,-0.00368,-0.00023,-4.09628,-0.00016,-0.00397,-0.00015,-4.25122,-4.19906,0.00543,0.00029,7.86573,7.91789,True,True,7.86906,7.92122,True,True
08279b5f39,Sb4Ir3RhS4,1.1282,R3,trigonal,6,Ir,77,3.67,-4.26111,0.00065,0.00338,0.00058,-4.07458,5e-05,0.00321,9e-05,-4.26148,-4.19906,0.00474,0.00017,7.86573,7.92815,True,True,7.86906,7.93148,True,True
08279b5f39,Sb4Ir3RhS4,1.1282,R3,trigonal,7,Rh,45,3.0,-3.62684,0.00048,-0.00365,0.00048,-3.80993,0.00015,-0.00368,0.00015,-3.62552,-3.68743,0.00523,3e-05,6.68743,6.80993,True,True,6.68743,6.80993,True,True
08279b5f39,Sb4Ir3RhS4,1.1282,R3,trigonal,8,S,16,-2.0,0.73303,0.00013,-0.00072,0.00013,0.69147,0.00037,-0.0016,0.00037,0.73373,0.71941,0.00184,0.00088,2.71941,2.73373,True,True,2.71941,2.73373,True,True
08279b5f39,Sb4Ir3RhS4,1.1282,R3,trigonal,9,S,16,-2.0,0.42128,-0.00034,0.00071,-0.00038,0.37756,-0.00028,0.0014,-0.00042,0.42158,0.40681,0.00173,0.00069,2.40681,2.42158,True,True,2.40681,2.42158,True,True
08279b5f39,Sb4Ir3RhS4,1.1282,R3,trigonal,10,S,16,-2.0,0.37974,-0.00011,-0.00099,-5e-05,0.46177,-0.00064,-0.00153,-0.00055,0.3789,0.40681,0.00201,0.00055,2.40681,2.46177,True,True,2.40681,2.46177,True,True
08279b5f39,Sb4Ir3RhS4,1.1282,R3,trigonal,11,S,16,-2.0,0.39513,0.0001,0.00148,7e-05,0.43051,0.0006,0.00239,0.00065,0.39478,0.40681,0.00295,0.00091,2.40681,2.43051,True,True,2.40681,2.43051,True,True
082eb89658,NaZr6In3CBr18,1.1907,P1,triclinic,10,C,6,-2.0,-6.33935,-1e-05,-0.00023,7e-05,-6.33684,5e-05,-0.00023,5e-05,-6.3391,-6.33843,0.00034,8e-05,4.33843,4.33935,True,True,4.33843,4.33935,True,True
082ef3b66d,Ca6PtO8,1.9212,Fm-3m,cubic,6,Pt,78,4.0,1.60272,0.0,-0.0,-0.0,1.60272,0.0,-0.0,0.0,1.60272,1.60272,0.0,0.0,2.39728,2.39728,True,True,2.3972800000000003,2.3972800000000003,True,True
082f43e660,Ho4MoSe5O24,3.8533,C2,monoclinic,5,Se,34,6.0,3.49121,0.04531,0.001,0.04518,3.51799,0.00017,-4e-05,5e-05,3.49115,3.50012,0.06399,0.00104,2.49988,2.50885,True,True,2.49988,2.50885,True,True
082f43e660,Ho4MoSe5O24,3.8533,C2,monoclinic,6,Se,34,6.0,3.50523,0.01124,-0.00116,0.01145,3.48993,-0.00036,-0.00062,-8e-05,3.5052,3.50012,0.0161,0.00054,2.49988,2.51007,True,True,2.49988,2.51007,True,True
082f43e660,Ho4MoSe5O24,3.8533,C2,monoclinic,7,Se,34,6.0,3.60683,0.00319,0.00041,0.00336,3.55589,-0.00061,0.00171,-9e-05,3.60648,3.58973,0.00499,0.0013,2.41027,2.44411,True,True,2.41027,2.44411,True,True
082f43e660,Ho4MoSe5O24,3.8533,C2,monoclinic,8,Se,34,6.0,3.59172,-0.03552,-0.00048,-0.03594,3.58485,0.00029,-6e-05,7e-05,3.59263,3.58974,0.05053,0.00043,2.41026,2.41515,True,True,2.41026,2.41515,True,True
082f43e660,Ho4MoSe5O24,3.8533,C2,monoclinic,9,Se,34,6.0,3.62443,-0.04434,0.0008,-0.04404,3.62311,0.00078,-0.00016,0.00069,3.62517,3.62424,0.06251,0.00096,2.37576,2.37689,True,True,2.37576,2.37689,True,True
0830c3d128,Cs2VAgTe4,0.7145,Fddd,orthorhombic,4,V,23,5.0,1.45238,6e-05,0.00021,-6e-05,1.45222,2e-05,-0.00021,4e-05,1.45206,1.45222,0.00031,0.00042,3.54778,3.54794,True,True,3.54778,3.54794,True,True
0830c3d128,Cs2VAgTe4,0.7145,Fddd,orthorhombic,5,V,23,5.0,1.45238,6e-05,0.00021,-6e-05,1.45222,2e-05,-0.00021,4e-05,1.45206,1.45222,0.00031,0.00042,3.54778,3.54794,True,True,3.54778,3.54794,True,True
08416d4fcf,CsYSe2O7,3.5873,R-3m,trigonal,5,Se,34,5.0,2.69661,-0.00262,-0.0003,-0.00303,2.76459,0.00012,-0.00063,0.00044,2.69663,2.71927,0.00409,0.00041,2.28073,2.30339,True,True,2.28073,2.30339,True,True
08416d4fcf,CsYSe2O7,3.5873,R-3m,trigonal,7,Se,34,5.0,2.74193,0.00303,0.00063,0.00261,2.67397,0.00012,0.0003,0.00044,2.74194,2.71928,0.00409,0.00041,2.28072,2.32603,True,True,2.28072,2.32603,True,True
084ea419d2,Rb3Ru2Cl9,0.4081,P6_3/mmc,hexagonal,6,Ru,44,3.0,-0.78563,-0.001,-0.0,0.001,-0.62256,0.0003,-0.0,-0.0003,-0.78563,-0.73127,0.00148,0.00201,3.73127,3.78563,True,True,3.73127,3.7856300000000003,True,True
084ea419d2,Rb3Ru2Cl9,0.4081,P6_3/mmc,hexagonal,7,Ru,44,3.0,-0.67691,-0.001,-0.0,0.001,-0.83998,0.0003,-0.0,-0.0003,-0.67691,-0.73127,0.00148,0.00201,3.73127,3.83998,True,True,3.73127,3.8399799999999997,True,True
084ea419d2,Rb3Ru2Cl9,0.4081,P6_3/mmc,hexagonal,8,Ru,44,3.0,-0.78562,-0.001,0.0,0.001,-0.62256,0.0003,0.0,-0.0003,-0.78562,-0.73127,0.00148,0.00201,3.73127,3.78562,True,True,3.73127,3.7856199999999998,True,True
084ea419d2,Rb3Ru2Cl9,0.4081,P6_3/mmc,hexagonal,9,Ru,44,3.0,-0.67691,-0.001,0.0,0.001,-0.83998,0.0003,0.0,-0.0003,-0.67691,-0.73127,0.00148,0.00201,3.73127,3.83998,True,True,3.73127,3.8399799999999997,True,True
084ea419d2,Rb3Ru2Cl9,0.4081,P6_3/mmc,hexagonal,10,Cl,17,-1.0,1.27481,-0.00101,-0.00281,-0.00034,1.27393,1e-05,-0.00281,-1e-05,1.27306,1.27393,0.00411,0.00066,2.27393,2.27481,True,True,2.27393,2.27481,True,True
084ea419d2,Rb3Ru2Cl9,0.4081,P6_3/mmc,hexagonal,11,Cl,17,-1.0,1.27306,0.00034,-0.00281,0.00101,1.27393,1e-05,-0.00281,-1e-05,1.27481,1.27393,0.00411,0.00066,2.27393,2.27481,True,True,2.27393,2.27481,True,True
084ea419d2,Rb3Ru2Cl9,0.4081,P6_3/mmc,hexagonal,12,Cl,17,-1.0,1.27481,0.00034,0.00281,0.00101,1.27394,1e-05,0.00281,-1e-05,1.27306,1.27394,0.00411,0.00066,2.27394,2.27481,True,True,2.27394,2.27481,True,True
084ea419d2,Rb3Ru2Cl9,0.4081,P6_3/mmc,hexagonal,15,Cl,17,-1.0,1.27393,0.00023,-0.0,-0.00294,1.27393,-0.00021,-0.0,0.00021,1.27393,1.27393,0.00296,0.00317,2.27393,2.27393,True,True,2.27393,2.27393,True,True
084ea419d2,Rb3Ru2Cl9,0.4081,P6_3/mmc,hexagonal,23,Cl,17,-1.0,1.27393,0.00294,0.0,-0.00023,1.27393,-0.00021,0.0,0.00021,1.27393,1.27393,0.00296,0.00317,2.27393,2.27393,True,True,2.27393,2.27393,True,True
084ea419d2,Rb3Ru2Cl9,0.4081,P6_3/mmc,hexagonal,24,Cl,17,-1.0,1.27306,-0.00101,0.00281,-0.00034,1.27393,1e-05,0.00281,-1e-05,1.27481,1.27393,0.00411,0.00066,2.27393,2.27481,True,True,2.27393,2.27481,True,True
0850c3d416,Sr13Pr7Si15P,0.0925,P1,triclinic,35,P,15,5.0,-1.78665,8e-05,0.00053,-0.00024,-1.73823,0.00028,0.00144,0.00012,-1.78323,-1.76937,0.00158,0.00091,6.76937,6.78665,True,True,6.76937,6.78665,True,True
0850e4fa69,Cs16ThSnSb8,0.164,F-43m,cubic,16,Th,90,4.0,-1.23925,-0.0,-0.0,-0.0,-1.23925,-0.0,0.0,-0.0,-1.23925,-1.23925,0.0,0.0,5.23925,5.23925,True,True,5.23925,5.23925,True,True
0850e4fa69,Cs16ThSnSb8,0.164,F-43m,cubic,17,Sn,50,4.0,-1.76656,-0.0,0.0,-0.0,-1.76656,0.0,-0.0,0.0,-1.76656,-1.76656,0.0,0.0,5.76656,5.76656,True,True,5.76656,5.76656,True,True
0850e4fa69,Cs16ThSnSb8,0.164,F-43m,cubic,18,Sb,51,-3.0,-0.56555,0.00011,0.0,0.00011,-0.56555,5e-05,-0.0,-5e-05,-0.56555,-0.56555,0.00018,0.0001,2.43445,2.43445,True,True,2.43445,2.43445,True,True
0850e4fa69,Cs16ThSnSb8,0.164,F-43m,cubic,19,Sb,51,-3.0,-0.78858,-6e-05,-0.00051,-5e-05,-0.78981,0.00033,0.00039,0.00038,-0.78785,-0.78875,0.00082,0.0009,2.21125,2.21215,True,True,2.21125,2.21215,True,True
0850e4fa69,Cs16ThSnSb8,0.164,F-43m,cubic,20,Sb,51,-3.0,-0.78801,-5e-05,0.00012,-6e-05,-0.78875,-3e-05,0.00012,3e-05,-0.78948,-0.78875,0.00019,5e-05,2.21125,2.21199,True,True,2.21125,2.21199,True,True
0850e4fa69,Cs16ThSnSb8,0.164,F-43m,cubic,21,Sb,51,-3.0,-0.78963,-6e-05,0.00039,-5e-05,-0.78766,-0.00038,-0.00051,-0.00033,-0.78889,-0.78873,0.00082,0.0009,2.21127,2.21234,True,True,2.21127,2.21234,True,True
0850e4fa69,Cs16ThSnSb8,0.164,F-43m,cubic,22,Sb,51,-3.0,-0.56341,0.00018,-0.0004,-0.00026,-0.56555,-2e-05,-0.0004,2e-05,-0.56768,-0.56555,0.00065,0.00044,2.43445,2.43659,True,True,2.43445,2.43659,True,True
0850e4fa69,Cs16ThSnSb8,0.164,F-43m,cubic,23,Sb,51,-3.0,-0.57077,-0.00015,0.00071,7e-05,-0.55728,-0.00019,-0.00031,-0.00016,-0.56863,-0.56556,0.00083,0.00102,2.43444,2.44272,True,True,2.43444,2.44272,True,True
0850e4fa69,Cs16ThSnSb8,0.164,F-43m,cubic,24,Sb,51,-3.0,-0.56247,-0.00015,-0.00031,7e-05,-0.57382,0.00016,0.00071,0.00019,-0.56034,-0.56555,0.00083,0.00102,2.43445,2.43966,True,True,2.43445,2.43966,True,True
0850e4fa69,Cs16ThSnSb8,0.164,F-43m,cubic,25,Sb,51,-3.0,-0.78875,0.00016,0.0,0.00016,-0.78875,8e-05,0.0,-8e-05,-0.78875,-0.78875,0.00025,0.00015,2.21125,2.21125,True,True,2.21125,2.21125,True,True
08564673b4,K16LaPaSb8,0.4915,F-43m,cubic,0,K,19,1.0,-1.34449,1e-05,0.0,1e-05,-1.34449,-0.00021,0.0,0.00021,-1.34449,-1.34449,0.00029,0.00042,2.34449,2.34449,True,True,2.34449,2.34449,True,True
08564673b4,K16LaPaSb8,0.4915,F-43m,cubic,1,K,19,1.0,-1.34616,-4e-05,0.00048,3e-05,-1.3409,-0.00028,-0.00024,-0.00041,-1.3464,-1.34449,0.00074,0.00072,2.34449,2.3464,True,True,2.34449,2.3464,True,True
08564673b4,K16LaPaSb8,0.4915,F-43m,cubic,2,K,19,1.0,-1.34473,7e-05,-0.00024,-7e-05,-1.34449,7e-05,-0.00024,-7e-05,-1.34424,-1.34449,0.00037,0.00014,2.34449,2.34473,True,True,2.34449,2.34473,True,True
08564673b4,K16LaPaSb8,0.4915,F-43m,cubic,3,K,19,1.0,-1.34257,-4e-05,-0.00024,3e-05,-1.34808,0.00041,0.00048,0.00028,-1.34282,-1.34449,0.00074,0.00072,2.34449,2.34808,True,True,2.34449,2.34808,True,True
08564673b4,K16LaPaSb8,0.4915,F-43m,cubic,16,La,57,3.0,-0.74675,-0.0,0.0,0.0,-0.74675,0.0,-0.0,0.0,-0.74675,-0.74675,0.0,0.0,3.74675,3.74675,True,True,3.74675,3.74675,True,True
08564673b4,K16LaPaSb8,0.4915,F-43m,cubic,17,Pa,91,5.0,-0.82583,0.0,0.0,0.0,-0.82583,-0.0,0.0,-0.0,-0.82583,-0.82583,0.0,0.0,5.82583,5.82583,True,True,5.82583,5.82583,True,True
08564673b4,K16LaPaSb8,0.4915,F-43m,cubic,18,Sb,51,-3.0,-0.23577,0.00032,-0.0,0.00032,-0.23577,0.00021,-0.0,-0.00021,-0.23577,-0.23577,0.00054,0.00041,2.76423,2.76423,True,True,2.76423,2.76423,True,True
08564673b4,K16LaPaSb8,0.4915,F-43m,cubic,19,Sb,51,-3.0,-0.94275,-0.00022,-0.00084,0.00018,-0.93509,0.00048,0.00052,0.00052,-0.94132,-0.93972,0.00125,0.00136,2.06028,2.06491,True,True,2.06028,2.0649100000000002,True,True
08564673b4,K16LaPaSb8,0.4915,F-43m,cubic,20,Sb,51,-3.0,-0.93829,0.00038,0.00032,-0.00042,-0.93972,-2e-05,0.00032,2e-05,-0.94115,-0.93972,0.00073,0.00081,2.06028,2.06171,True,True,2.06028,2.06171,True,True
08564673b4,K16LaPaSb8,0.4915,F-43m,cubic,21,Sb,51,-3.0,-0.9381,-0.00022,0.00052,0.00018,-0.94433,-0.00052,-0.00084,-0.00048,-0.93667,-0.9397,0.00125,0.00136,2.0603,2.06333,True,True,2.0603,2.06333,True,True
08564673b4,K16LaPaSb8,0.4915,F-43m,cubic,22,Sb,51,-3.0,-0.23498,0.0002,-0.00018,-0.00041,-0.23577,-7e-05,-0.00018,7e-05,-0.23656,-0.23577,0.00053,0.00061,2.76423,2.76502,True,True,2.76423,2.76502,True,True
08564673b4,K16LaPaSb8,0.4915,F-43m,cubic,23,Sb,51,-3.0,-0.23433,-0.00026,0.00072,5e-05,-0.23953,-0.00093,-0.00055,-0.0008,-0.23353,-0.2358,0.00155,0.00127,2.7642,2.76647,True,True,2.7641999999999998,2.76647,True,True
08564673b4,K16LaPaSb8,0.4915,F-43m,cubic,24,Sb,51,-3.0,-0.23804,-0.00026,-0.00055,5e-05,-0.23204,0.0008,0.00072,0.00093,-0.23724,-0.23577,0.00155,0.00127,2.76423,2.76796,True,True,2.76423,2.76796,True,True
08564673b4,K16LaPaSb8,0.4915,F-43m,cubic,25,Sb,51,-3.0,-0.93972,6e-05,-0.0,6e-05,-0.93972,6e-05,-0.0,-6e-05,-0.93972,-0.93972,0.00012,0.00012,2.06028,2.06028,True,True,2.06028,2.06028,True,True
085c59306c,Tb5VOsO12,0.7133,C2,monoclinic,6,Os,76,4.0,-0.38665,9e-05,-0.00075,-0.00016,-0.38719,-0.00033,-0.0009,-0.00019,-0.38773,-0.38719,0.00125,0.00026,4.38719,4.38773,True,True,4.38719,4.38773,True,True
086281092e,Tb2Dy2ZrPt3F28,2.4079,P1,triclinic,4,Zr,40,4.0,6.47046,-0.00074,6e-05,-0.00107,6.47123,-3e-05,0.00049,-6e-05,6.47128,6.47099,0.00139,0.00043,2.47099,2.47128,True,True,2.4709899999999996,2.47128,True,True
08635ba6a5,Tb3Bi(As4O9)2,3.276,P1,triclinic,2,Tb,65,3.0,4.99167,6e-05,0.00065,0.00061,5.00104,-5e-05,0.00139,0.0004,4.98582,4.99284,0.0017,0.00075,1.99284,2.00104,True,True,1.9928400000000002,2.0010399999999997,True,True
086a0d4d0b,Tm(NbSe2)3,0.2691,P6_3/mcm,hexagonal,3,Nb,41,3.0,0.35721,-0.00054,-0.0,0.00054,0.35721,-0.00046,-0.0,0.00046,0.35721,0.35721,0.00101,0.00109,2.64279,2.64279,True,True,2.6427899999999998,2.6427899999999998,True,True
086a0d4d0b,Tm(NbSe2)3,0.2691,P6_3/mcm,hexagonal,4,Nb,41,3.0,0.35721,-0.00054,0.0,0.00054,0.35721,-0.00046,0.0,0.00046,0.35721,0.35721,0.00101,0.00109,2.64279,2.64279,True,True,2.6427899999999998,2.6427899999999998,True,True
086da6cd22,Ba6TmPd4O15,0.4735,P1,triclinic,10,Pd,46,4.0,1.72605,0.00017,-0.00126,0.00013,1.71943,-0.00062,-0.00275,-0.00065,1.72941,1.72496,0.00316,0.00149,2.27504,2.28057,True,True,2.2750399999999997,2.28057,True,True
0873610e75,Zr5TiIn4CBr18,1.0451,P1,triclinic,10,C,6,-2.0,-5.74423,-1e-05,-0.00097,-0.0,-5.7665,0.00019,-0.00107,0.00018,-5.74399,-5.75157,0.00147,0.0001,3.75157,3.7665,True,True,3.75157,3.7664999999999997,True,True
087ecedb6d,RbBaNbS4,2.0652,Pnma,orthorhombic,8,Nb,41,5.0,2.818,-7e-05,-2e-05,0.0,2.81176,0.00011,2e-05,-0.00011,2.818,2.81592,0.00017,0.00021,2.18408,2.18824,True,True,2.18408,2.18824,True,True
087ecedb6d,RbBaNbS4,2.0652,Pnma,orthorhombic,9,Nb,41,5.0,2.818,-0.0,2e-05,7e-05,2.81176,0.00011,-2e-05,-0.00011,2.818,2.81592,0.00017,0.00021,2.18408,2.18824,True,True,2.18408,2.18824,True,True
087ecedb6d,RbBaNbS4,2.0652,Pnma,orthorhombic,10,Nb,41,5.0,2.81384,-7e-05,2e-05,0.0,2.82008,0.00011,-2e-05,-0.00011,2.81384,2.81592,0.00017,0.00021,2.18408,2.18616,True,True,2.18408,2.18616,True,True
087ecedb6d,RbBaNbS4,2.0652,Pnma,orthorhombic,11,Nb,41,5.0,2.81384,-0.0,-2e-05,7e-05,2.82008,0.00011,2e-05,-0.00011,2.81384,2.81592,0.00017,0.00021,2.18408,2.18616,True,True,2.18408,2.18616,True,True
0881263ab3,LaPrGdRuO7,0.196,P2_1/m,monoclinic,6,Ru,44,5.0,2.34269,-0.00047,-0.00032,0.00047,2.34086,-0.00052,0.00032,0.00016,2.33904,2.34086,0.00097,0.00094,2.65914,2.66096,True,True,2.65914,2.66096,True,True
0881263ab3,LaPrGdRuO7,0.196,P2_1/m,monoclinic,7,Ru,44,5.0,2.34269,-0.00047,0.00032,0.00047,2.34087,-0.00016,-0.00032,0.00052,2.33904,2.34087,0.00097,0.00094,2.65913,2.66096,True,True,2.65913,2.66096,True,True
088528268c,Ho3TmB16Mo3W,0.3212,Pm,monoclinic,22,Mo,42,3.33,1.46664,0.00543,0.0028,-0.00397,1.1796,-0.00052,-0.0028,0.00052,1.46664,1.37096,0.00784,0.0094,1.96237,2.15373,True,True,1.9590400000000001,2.1504000000000003,True,True
0885743e3a,Tb3PrSm2CoBr10,0.1454,P1,triclinic,6,Co,27,1.0,-6.24498,-0.00014,-0.00021,-0.00012,-6.25168,0.00018,-0.00045,-2e-05,-6.24451,-6.24705,0.00057,0.00024,7.24705,7.25168,True,True,7.24705,7.25168,True,True
0887b1f405,NaMn3CoO8,1.3308,C2/m,monoclinic,4,Co,27,4.0,1.91717,-0.00043,-0.00296,0.00043,1.91955,-0.00037,0.00296,-0.0006,1.92192,1.91955,0.00429,0.00592,2.08045,2.08283,True,True,2.08045,2.08283,True,True
0887f64104,K5ZrAs3,1.0207,P2_1/c,monoclinic,20,Zr,40,4.0,1.62151,-0.0,4e-05,-0.00013,1.62122,0.00054,0.00016,0.00078,1.62138,1.62137,0.00097,0.00024,2.37863,2.37878,True,True,2.3786300000000002,2.37878,True,True
0887f64104,K5ZrAs3,1.0207,P2_1/c,monoclinic,21,Zr,40,4.0,1.62123,0.00013,4e-05,0.0,1.62152,-0.00078,0.00016,-0.00054,1.62136,1.62137,0.00097,0.00024,2.37863,2.37877,True,True,2.3786300000000002,2.3787700000000003,True,True
0887f64104,K5ZrAs3,1.0207,P2_1/c,monoclinic,22,Zr,40,4.0,1.62136,0.00013,-0.00016,0.0,1.62152,0.00054,-4e-05,0.00078,1.62123,1.62137,0.00097,0.00024,2.37863,2.37877,True,True,2.3786300000000002,2.3787700000000003,True,True
0887f64104,K5ZrAs3,1.0207,P2_1/c,monoclinic,23,Zr,40,4.0,1.62138,-0.0,-0.00016,-0.00013,1.62122,-0.00078,-4e-05,-0.00054,1.62151,1.62137,0.00097,0.00024,2.37863,2.37878,True,True,2.3786300000000002,2.37878,True,True
088b986132,Nd3Sm(SeO4)6,3.9993,R3,trigonal,4,Se,34,6.0,3.71207,-0.05345,-0.00121,-0.05361,3.71998,-1e-05,-0.00134,1e-05,3.71149,3.71452,0.07573,0.00016,2.28548,2.28851,True,True,2.28548,2.28851,True,True
088b986132,Nd3Sm(SeO4)6,3.9993,R3,trigonal,5,Se,34,6.0,3.71703,0.00158,0.00201,0.00163,3.70933,-0.00016,0.00239,-9e-05,3.71718,3.71452,0.00387,0.00038,2.28548,2.29067,True,True,2.28548,2.29067,True,True
088b986132,Nd3Sm(SeO4)6,3.9993,R3,trigonal,6,Se,34,6.0,3.70705,0.05141,-0.00046,0.0516,3.72902,0.00038,-0.00107,0.00036,3.70745,3.7145,0.07285,0.00061,2.2855,2.29295,True,True,2.2855,2.29295,True,True
088b986132,Nd3Sm(SeO4)6,3.9993,R3,trigonal,7,Se,34,6.0,3.69532,0.04985,0.00116,0.04962,3.68711,-0.0001,0.00104,-0.00014,3.69486,3.69243,0.07035,0.00023,2.30757,2.31289,True,True,2.30757,2.31289,True,True
088b986132,Nd3Sm(SeO4)6,3.9993,R3,trigonal,8,Se,34,6.0,3.69925,-0.04961,0.00104,-0.04938,3.67859,0.00023,0.00055,0.00022,3.69943,3.69242,0.07001,0.00049,2.30758,2.32141,True,True,2.30758,2.32141,True,True
088b986132,Nd3Sm(SeO4)6,3.9993,R3,trigonal,9,Se,34,6.0,3.68859,-0.00101,-0.00202,-0.00092,3.70003,-0.00022,-0.00158,-0.00019,3.68867,3.69243,0.00292,0.00045,2.30757,2.31141,True,True,2.30757,2.31141,True,True
088c1e5562,Ca3Cd2Fe(SiO3)6,2.6899,P1,triclinic,5,Fe,26,2.0,-0.67439,0.00073,-0.00174,-0.00054,-0.64878,0.00029,0.00247,0.00049,-0.67467,-0.66595,0.00321,0.00421,2.66595,2.67467,True,True,2.66595,2.67467,True,True
088c4bdcb8,CsLi2TaSe4,2.2713,Ama2,orthorhombic,6,Ta,73,5.0,2.90663,-1e-05,0.00048,-8e-05,2.90672,1e-05,0.00048,-1e-05,2.90681,2.90672,0.00068,7e-05,2.09328,2.09337,True,True,2.09328,2.09337,True,True
088c4bdcb8,CsLi2TaSe4,2.2713,Ama2,orthorhombic,7,Ta,73,5.0,2.90675,-1e-05,-0.00039,-0.00014,2.90672,0.0,-0.00039,-0.0,2.90669,2.90672,0.00057,0.00013,2.09328,2.09331,True,True,2.09328,2.09331,True,True
088fbb5e81,Ti4V7GaO20,1.3875,P1,triclinic,1,Ti,22,4.0,6.48424,-0.00066,0.00061,0.00063,6.50408,-0.0002,0.00085,0.00022,6.48276,6.49036,0.00142,0.00129,2.49036,2.50408,True,True,2.49036,2.50408,True,True
088fbb5e81,Ti4V7GaO20,1.3875,P1,triclinic,2,Ti,22,4.0,6.36923,-0.00069,9e-05,0.00123,6.37013,-0.00013,-0.00055,0.00014,6.36659,6.36865,0.00153,0.00193,2.36865,2.37013,True,True,2.3686499999999997,2.3701299999999996,True,True
088fbb5e81,Ti4V7GaO20,1.3875,P1,triclinic,3,Ti,22,4.0,6.24944,-0.00042,0.00221,0.00189,6.24517,0.0001,0.00131,0.00026,6.24674,6.24711,0.00323,0.00231,2.24711,2.24944,True,True,2.24711,2.24944,True,True
088fbb5e81,Ti4V7GaO20,1.3875,P1,triclinic,8,V,23,3.0,5.10239,-0.00125,0.00076,0.00073,5.08326,3e-05,0.00056,0.00017,5.10255,5.09606,0.00173,0.00198,2.09606,2.10255,True,True,2.0960599999999996,2.10255,True,True
088fbb5e81,Ti4V7GaO20,1.3875,P1,triclinic,27,O,8,-2.0,-4.04097,0.0012,-0.00573,0.00018,-4.00585,-0.00034,-0.00552,-0.00044,-4.04157,-4.02946,0.00807,0.00103,2.02946,2.04157,True,True,2.0294600000000003,2.04157,True,True
088fbd6645,SrLa4Tb2FeBr12,0.6517,P1,triclinic,7,Fe,26,2.0,-6.2609,-0.00071,-0.00108,3e-05,-6.28949,3e-05,0.00194,0.00018,-6.26072,-6.27037,0.00234,0.00302,8.27037,8.28949,True,True,8.27037,8.28949,True,True
0897ce6603,Ba4ScRuO8,0.1866,Cmmm,orthorhombic,5,Ru,44,5.0,2.2501,-0.00015,0.0,0.00015,2.24919,3e-05,0.0,-3e-05,2.24829,2.24919,0.00022,0.00031,2.75081,2.75171,True,True,2.75081,2.75171,True,True
0897ce6603,Ba4ScRuO8,0.1866,Cmmm,orthorhombic,10,O,8,-2.0,-4.15796,-0.00042,-0.00378,0.00015,-4.1569,-7e-05,-0.00378,7e-05,-4.15584,-4.1569,0.00537,0.00057,2.1569,2.15796,True,True,2.1569000000000003,2.15796,True,True
0897ce6603,Ba4ScRuO8,0.1866,Cmmm,orthorhombic,13,O,8,-2.0,-4.15796,-0.00015,0.00378,0.00042,-4.1569,-7e-05,0.00378,7e-05,-4.15584,-4.1569,0.00537,0.00057,2.1569,2.15796,True,True,2.1569000000000003,2.15796,True,True
0898a6dd3c,NdTlCr2(TeO6)2,1.2699,P-3,trigonal,2,Cr,24,3.0,5.21853,0.00039,2e-05,-0.00039,5.249,8e-05,2e-05,-7e-05,5.21856,5.2287,0.00057,0.00078,2.2287,2.249,True,True,2.2287,2.2489999999999997,True,True
0898a6dd3c,NdTlCr2(TeO6)2,1.2699,P-3,trigonal,3,Cr,24,3.0,5.23944,0.00039,1e-05,-0.00039,5.20898,8e-05,0.0,-7e-05,5.23945,5.22929,0.00057,0.00079,2.22929,2.23945,True,True,2.2292899999999998,2.2394499999999997,True,True
089a8bc943,Cs2U(I2O)2,1.4131,P2_1/c,monoclinic,4,U,92,6.0,3.43407,-2e-05,0.00011,2e-05,3.43369,-0.00037,-0.00011,-0.00035,3.43331,3.43369,0.00053,0.00022,2.56631,2.56669,True,True,2.56631,2.56669,True,True
089a8bc943,Cs2U(I2O)2,1.4131,P2_1/c,monoclinic,5,U,92,6.0,3.43331,-2e-05,-0.00011,2e-05,3.43369,-0.00037,0.00011,-0.00035,3.43407,3.43369,0.00053,0.00022,2.56631,2.56669,True,True,2.56631,2.56669,True,True
089b9c7a09,Dy4VRe(B8Mo)2,0.2044,Pm,monoclinic,4,V,23,5.0,2.52205,0.00338,0.00207,-0.0055,2.40614,-0.00044,-0.00207,0.00044,2.52205,2.48341,0.00711,0.00887,2.51659,2.59386,True,True,2.51659,2.59386,True,True
089b9c7a09,Dy4VRe(B8Mo)2,0.2044,Pm,monoclinic,5,Re,75,3.0,0.8657,0.00351,0.00222,-0.00484,1.1756,-0.00035,-0.00222,0.00035,0.8657,0.969,0.00677,0.00835,2.031,2.1343,True,True,2.031,2.1343,True,True
089ec09709,K7Sb(SO4)6,2.6053,R-3,trigonal,8,S,16,6.0,3.16259,0.05376,-0.00209,0.05422,3.11205,0.00203,-0.00063,0.00158,3.15083,3.14182,0.07643,0.00146,2.85818,2.88795,True,True,2.85818,2.88795,True,True
089ec09709,K7Sb(SO4)6,2.6053,R-3,trigonal,9,S,16,6.0,3.13531,0.07253,-0.00073,0.07274,3.14303,0.00268,-0.00191,0.00241,3.14712,3.14182,0.1028,0.00118,2.85818,2.86469,True,True,2.85818,2.86469,True,True
089ec09709,K7Sb(SO4)6,2.6053,R-3,trigonal,10,S,16,6.0,3.14757,0.04668,-0.00266,0.0454,3.12847,-0.00466,-0.00093,-0.00399,3.14941,3.14182,0.06547,0.00173,2.85818,2.87153,True,True,2.85818,2.87153,True,True
089ec09709,K7Sb(SO4)6,2.6053,R-3,trigonal,11,S,16,6.0,3.13281,-0.05422,0.00063,-0.05376,3.17159,0.00203,0.00209,0.00158,3.12105,3.14182,0.07643,0.00146,2.85818,2.87895,True,True,2.85818,2.87895,True,True
089ec09709,K7Sb(SO4)6,2.6053,R-3,trigonal,12,S,16,6.0,3.13652,-0.07274,0.00191,-0.07253,3.14061,0.00268,0.00073,0.00241,3.14833,3.14182,0.1028,0.00118,2.85818,2.86348,True,True,2.85818,2.86348,True,True
089ec09709,K7Sb(SO4)6,2.6053,R-3,trigonal,13,S,16,6.0,3.13423,-0.0454,0.00093,-0.04668,3.15517,-0.00466,0.00266,-0.00399,3.13606,3.14182,0.06547,0.00173,2.85818,2.86577,True,True,2.85818,2.86577,True,True
089fce386a,Y5Ho(Cu3Sb4)2,0.31,I-4,tetragonal,6,Cu,29,1.0,-1.98083,0.00011,-0.00012,0.00041,-1.9806,-0.00064,-0.00015,-0.00082,-1.98006,-1.9805,0.00114,0.0003,2.9805,2.98083,True,True,2.9805,2.98083,True,True
089fce386a,Y5Ho(Cu3Sb4)2,0.31,I-4,tetragonal,7,Cu,29,1.0,-1.97895,-0.00022,0.00026,0.00012,-1.98485,-0.00053,0.00029,-0.00079,-1.97874,-1.98085,0.00106,0.00034,2.98085,2.98485,True,True,2.98085,2.98485,True,True
089fce386a,Y5Ho(Cu3Sb4)2,0.31,I-4,tetragonal,8,Cu,29,1.0,-1.9825,1e-05,-0.00148,-0.00015,-1.97554,0.0003,0.00165,0.00035,-1.98419,-1.98074,0.00227,0.00313,2.98074,2.98419,True,True,2.98074,2.98419,True,True
089fce386a,Y5Ho(Cu3Sb4)2,0.31,I-4,tetragonal,9,Cu,29,1.0,-1.97942,-5e-05,-0.00192,-0.00021,-1.98242,0.00022,0.00144,0.00039,-1.98176,-1.9812,0.00245,0.00336,2.9812,2.98242,True,True,2.9812000000000003,2.9824200000000003,True,True
089fce386a,Y5Ho(Cu3Sb4)2,0.31,I-4,tetragonal,10,Cu,29,1.0,-1.95629,6e-05,0.00155,-8e-05,-1.95558,0.0003,-0.00155,0.00042,-1.95458,-1.95548,0.00225,0.0031,2.95548,2.95629,True,True,2.95548,2.95629,True,True
089fce386a,Y5Ho(Cu3Sb4)2,0.31,I-4,tetragonal,11,Cu,29,1.0,-1.98361,7e-05,0.00148,-8e-05,-1.98295,0.0003,-0.00145,0.00043,-1.98223,-1.98293,0.00214,0.00293,2.98293,2.98361,True,True,2.98293,2.98361,True,True
089fce386a,Y5Ho(Cu3Sb4)2,0.31,I-4,tetragonal,12,Sb,51,-3.0,-0.93682,-0.00052,0.00092,0.00051,-0.91959,0.00084,0.0011,-1e-05,-0.93668,-0.93103,0.00181,0.00102,2.06897,2.08041,True,True,2.06897,2.08041,True,True
089fce386a,Y5Ho(Cu3Sb4)2,0.31,I-4,tetragonal,13,Sb,51,-3.0,-0.88773,0.00049,-0.00015,-0.00065,-0.95803,0.00047,0.00015,-0.00042,-0.88828,-0.91134,0.00105,0.00114,2.08866,2.11227,True,True,2.08866,2.11227,True,True
089fce386a,Y5Ho(Cu3Sb4)2,0.31,I-4,tetragonal,14,Sb,51,-3.0,-0.93717,0.00124,0.00048,0.00136,-0.91148,-0.00055,-0.00127,0.00033,-0.94391,-0.93085,0.00238,0.00175,2.06915,2.08852,True,True,2.06915,2.08852,True,True
089fce386a,Y5Ho(Cu3Sb4)2,0.31,I-4,tetragonal,15,Sb,51,-3.0,-0.92526,-0.00123,-0.0017,-0.00115,-0.89057,-0.00063,0.00029,0.00022,-0.91883,-0.91155,0.0025,0.00199,2.08845,2.10943,True,True,2.08845,2.10943,True,True
089fce386a,Y5Ho(Cu3Sb4)2,0.31,I-4,tetragonal,16,Sb,51,-3.0,-0.90479,0.00067,-0.0001,-0.00071,-0.98398,0.00038,6e-05,-0.00046,-0.9049,-0.93122,0.00115,0.00138,2.06878,2.09521,True,True,2.06878,2.09521,True,True
089fce386a,Y5Ho(Cu3Sb4)2,0.31,I-4,tetragonal,17,Sb,51,-3.0,-0.91519,-0.00053,0.00137,0.00042,-0.90452,0.00079,0.0009,-0.0001,-0.91511,-0.91161,0.00194,0.00095,2.08839,2.09548,True,True,2.08839,2.0954800000000002,True,True
089fce386a,Y5Ho(Cu3Sb4)2,0.31,I-4,tetragonal,18,Sb,51,-3.0,-0.91728,0.00126,0.00077,0.00138,-0.89189,-0.00061,-0.00161,0.0003,-0.92414,-0.9111,0.00268,0.00238,2.0889,2.10811,True,True,2.0888999999999998,2.10811,True,True
089fce386a,Y5Ho(Cu3Sb4)2,0.31,I-4,tetragonal,19,Sb,51,-3.0,-0.94526,-0.00136,-0.00146,-0.00118,-0.90887,-0.00069,0.00027,0.00012,-0.93798,-0.9307,0.00244,0.00173,2.0693,2.09113,True,True,2.0693,2.09113,True,True
08a5f25701,Cs2SbP2S7,1.776,C2/m,monoclinic,8,P,15,5.0,2.53103,-7e-05,-0.0006,0.00026,2.49328,-0.00079,-0.00019,-0.0008,2.53366,2.51932,0.00131,0.00041,2.48068,2.50672,True,True,2.48068,2.50672,True,True
08a5f25701,Cs2SbP2S7,1.776,C2/m,monoclinic,9,P,15,5.0,2.50498,-0.00026,0.00019,7e-05,2.54537,-0.00079,0.0006,-0.0008,2.50762,2.51932,0.00131,0.00041,2.48068,2.49502,True,True,2.48068,2.49502,True,True
08a7b7196c,Th(SeO4)2,3.7539,R3,trigonal,6,Se,34,6.0,3.96325,0.02071,0.00048,0.02137,3.94459,0.00029,0.00051,4e-05,3.96343,3.95709,0.02977,0.00066,2.04291,2.05541,True,True,2.04291,2.05541,True,True
08a7b7196c,Th(SeO4)2,3.7539,R3,trigonal,7,Se,34,6.0,3.95848,0.01042,-0.00045,0.01068,3.95571,-7e-05,-5e-05,0.00019,3.95709,3.95709,0.01493,0.0004,2.04291,2.04429,True,True,2.04291,2.04429,True,True
08a7b7196c,Th(SeO4)2,3.7539,R3,trigonal,8,Se,34,6.0,3.95702,0.00434,0.0011,0.00387,3.95794,-0.0,0.00118,-0.0002,3.95632,3.95709,0.00604,0.00047,2.04291,2.04368,True,True,2.04291,2.04368,True,True
08a7b7196c,Th(SeO4)2,3.7539,R3,trigonal,15,O,8,-2.0,0.00348,-0.00978,0.001,-0.00981,-0.13095,0.00015,-0.00033,6e-05,0.00383,-0.04121,0.01389,0.00133,1.95879,2.00383,True,True,1.95879,2.00383,True,True
08a8d037c2,Rb3AsIrBr9,1.7146,P-3m1,trigonal,8,Ir,77,3.0,0.23938,-2e-05,-0.0,2e-05,0.2799,2e-05,-0.0,-2e-05,0.23938,0.25289,4e-05,5e-05,2.74711,2.76062,True,True,2.74711,2.76062,True,True
08a8d037c2,Rb3AsIrBr9,1.7146,P-3m1,trigonal,9,Ir,77,3.0,0.26639,-2e-05,0.0,2e-05,0.22588,2e-05,0.0,-2e-05,0.26639,0.25289,4e-05,5e-05,2.74711,2.77412,True,True,2.74711,2.77412,True,True
08a92f8805,Lu3U2O10,0.1097,C2/m,monoclinic,1,Lu,71,3.0,5.00562,-0.00013,0.00045,0.00013,5.00566,-0.00104,-0.00045,-0.00115,5.00569,5.00566,0.00169,0.00091,2.00566,2.00569,True,True,2.0056599999999998,2.0056900000000004,True,True
08af70be48,CsRb13(PaAs4)2,0.7664,Pm,monoclinic,14,Pa,91,5.0,1.5296,-0.00023,0.00012,-0.00033,1.5301,0.00013,0.00012,-0.00013,1.53059,1.5301,0.00047,0.00026,3.4699,3.4704,True,True,3.4699,3.4703999999999997,True,True
08af70be48,CsRb13(PaAs4)2,0.7664,Pm,monoclinic,15,Pa,91,5.0,1.60177,0.00031,0.00026,0.00027,1.6012,3e-05,0.00026,-3e-05,1.60063,1.6012,0.00055,6e-05,3.3988,3.39937,True,True,3.3988,3.3993700000000002,True,True
08af9254dc,Na10Ca2TaVAs8,0.9442,P1,triclinic,12,Ta,73,5.0,1.47803,-0.00075,-7e-05,-0.00028,1.45606,2e-05,0.00023,3e-05,1.47834,1.47081,0.00084,0.00047,3.52919,3.54394,True,True,3.52919,3.54394,True,True
08af9254dc,Na10Ca2TaVAs8,0.9442,P1,triclinic,13,V,23,4.0,0.40388,-0.00022,-0.00031,9e-05,0.37454,0.00016,2e-05,0.00012,0.40456,0.39433,0.00044,0.00033,3.60567,3.62546,True,True,3.60567,3.62546,True,True
08af9254dc,Na10Ca2TaVAs8,0.9442,P1,triclinic,17,As,33,-3.0,-1.00421,-0.00031,0.00445,0.00025,-0.97319,-8e-05,0.00443,-0.00015,-1.00733,-0.99491,0.00629,0.00056,2.00509,2.02681,True,True,2.00509,2.0268100000000002,True,True
08b7b46386,V2Re4O17F,1.792,Cm,monoclinic,2,Re,75,7.0,4.18749,-0.01149,-0.00198,-0.01196,4.17368,0.00143,-0.00258,0.00153,4.1905,4.18389,0.01703,0.00059,2.81611,2.82632,True,True,2.81611,2.82632,True,True
08b7b46386,V2Re4O17F,1.792,Cm,monoclinic,3,Re,75,7.0,4.46336,0.00952,0.0013,0.00921,4.44391,-0.00091,0.00195,-0.00083,4.46684,4.45804,0.01351,0.00065,2.54196,2.55609,True,True,2.5419600000000004,2.55609,True,True
08b7b46386,V2Re4O17F,1.792,Cm,monoclinic,4,Re,75,7.0,3.71309,0.01084,0.00194,0.0116,3.71521,0.00181,0.00136,0.00208,3.71614,3.71481,0.01629,0.00076,3.28519,3.28691,True,True,3.28519,3.28691,True,True
08b7b46386,V2Re4O17F,1.792,Cm,monoclinic,5,Re,75,7.0,3.52797,-0.01233,-0.00067,-0.0118,3.48032,-0.00337,0.0,-0.003,3.53118,3.51315,0.01767,0.00068,3.48685,3.51968,True,True,3.48685,3.51968,True,True
08b900f8da,KReO3F2,3.1198,P2_1/m,monoclinic,2,Re,75,7.0,3.9815,0.00016,-0.00177,-0.00016,3.96175,0.00206,-0.00177,0.00234,3.9815,3.97492,0.004,0.00032,3.02508,3.03825,True,True,3.02508,3.03825,True,True
08b900f8da,KReO3F2,3.1198,P2_1/m,monoclinic,3,Re,75,7.0,3.9683,0.00016,0.00177,-0.00016,3.98805,0.00206,0.00177,0.00234,3.9683,3.97488,0.004,0.00032,3.02512,3.0317,True,True,3.02512,3.0317,True,True
08ba2715a8,Cs5BaPaAs4,0.8022,Cc,monoclinic,12,Pa,91,5.0,1.63663,0.00012,-0.00038,-0.00014,1.65343,0.00017,-0.00039,3e-05,1.63669,1.64225,0.0006,0.00026,3.35775,3.36337,True,True,3.3577500000000002,3.3633699999999997,True,True
08ba2715a8,Cs5BaPaAs4,0.8022,Cc,monoclinic,13,Pa,91,5.0,1.63659,0.00024,0.00016,-6e-05,1.65343,5e-05,0.0,3e-05,1.63673,1.64225,0.0003,0.0003,3.35775,3.36341,True,True,3.3577500000000002,3.36341,True,True
08bd352b15,Li5Cr(ReH9)3,0.8099,Amm2,orthorhombic,5,Cr,24,3.0,-0.14547,0.00209,-0.00236,0.00914,-0.14889,-5e-05,-0.00236,5e-05,-0.15232,-0.1489,0.00996,0.00705,3.1489,3.15232,True,True,3.1489,3.15232,True,True
08bd352b15,Li5Cr(ReH9)3,0.8099,Amm2,orthorhombic,6,Re,75,3.0,-3.08918,-0.01021,-0.00132,-0.0097,-3.08831,0.00087,-0.00132,-0.00087,-3.08744,-3.08831,0.01426,0.00173,6.08831,6.08918,True,True,6.08831,6.08918,True,True
08bd352b15,Li5Cr(ReH9)3,0.8099,Amm2,orthorhombic,7,Re,75,3.0,-3.08908,-0.02856,-0.00028,-0.02776,-3.08835,0.00036,-0.00028,-0.00036,-3.08762,-3.08835,0.03983,0.00079,6.08835,6.08908,True,True,6.08835,6.08908,True,True
08bd352b15,Li5Cr(ReH9)3,0.8099,Amm2,orthorhombic,8,Re,75,3.0,-3.37194,0.02186,0.00053,0.02458,-3.3695,0.00137,0.00053,-0.00137,-3.36707,-3.3695,0.03296,0.00275,6.3695,6.37194,True,True,6.3695,6.37194,True,True
08c7eea4f1,HoRe6PbO24,0.159,P-6,hexagonal,1,Re,75,6.83,3.59258,0.02666,0.00219,0.02613,3.5923,-0.00011,0.00219,0.00011,3.59201,3.5923,0.03746,0.00053,3.24104,3.24132,True,True,3.2377000000000002,3.23799,True,True
08c7eea4f1,HoRe6PbO24,0.159,P-6,hexagonal,2,Re,75,6.83,3.3857,-0.00285,0.00151,-0.00413,3.38721,-0.00021,0.00151,0.00021,3.38872,3.38721,0.00547,0.00128,3.44612,3.44763,True,True,3.44279,3.4443,True,True
08c7eea4f1,HoRe6PbO24,0.159,P-6,hexagonal,3,Re,75,6.83,3.59115,-0.01236,0.00334,-0.01359,3.59226,7e-05,0.00334,-7e-05,3.59337,3.59226,0.01897,0.00124,3.24107,3.24218,True,True,3.23774,3.2388500000000002,True,True
08c7eea4f1,HoRe6PbO24,0.159,P-6,hexagonal,4,Re,75,6.83,3.3871,0.00596,-0.00416,0.00555,3.38723,2e-05,-0.00416,-2e-05,3.38736,3.38723,0.01005,0.00041,3.4461,3.44623,True,True,3.44277,3.4429,True,True
08c7eea4f1,HoRe6PbO24,0.159,P-6,hexagonal,5,Re,75,6.83,3.59311,-0.01291,-0.00553,-0.01394,3.59228,0.00031,-0.00553,-0.00031,3.59145,3.59228,0.02055,0.00103,3.24105,3.24188,True,True,3.23772,3.23855,True,True
08c7eea4f1,HoRe6PbO24,0.159,P-6,hexagonal,6,Re,75,6.83,3.38883,-0.00198,0.00265,-0.00254,3.3872,0.00044,0.00265,-0.00044,3.38556,3.3872,0.00498,0.00089,3.44614,3.44777,True,True,3.4428,3.44444,True,True
08d025616e,K5Rb(VTe4)2,0.6224,Pmn2_1,orthorhombic,12,V,23,5.0,1.43804,0.00013,0.00052,-2e-05,1.4373,2e-05,0.00052,-2e-05,1.43655,1.4373,0.00075,0.00015,3.5627,3.56345,True,True,3.5627,3.56345,True,True
08d025616e,K5Rb(VTe4)2,0.6224,Pmn2_1,orthorhombic,13,V,23,5.0,1.43655,0.00013,-0.00052,-2e-05,1.4373,2e-05,-0.00052,-2e-05,1.43804,1.4373,0.00075,0.00015,3.5627,3.56345,True,True,3.5627,3.56345,True,True
08d025616e,K5Rb(VTe4)2,0.6224,Pmn2_1,orthorhombic,14,V,23,5.0,1.428,2e-05,0.00063,-0.00026,1.42882,2e-05,0.00063,-2e-05,1.42963,1.42882,0.00093,0.00028,3.57118,3.572,True,True,3.57118,3.572,True,True
08d025616e,K5Rb(VTe4)2,0.6224,Pmn2_1,orthorhombic,15,V,23,5.0,1.42963,2e-05,-0.00063,-0.00026,1.42882,2e-05,-0.00063,-2e-05,1.428,1.42882,0.00093,0.00028,3.57118,3.572,True,True,3.57118,3.572,True,True
08db1bd847,FeGe3(SO4)6,2.7128,R3,trigonal,0,Fe,26,2.0,-0.88293,-0.00079,-0.00043,-0.0008,-0.84428,6e-05,-0.00064,5e-05,-0.88257,-0.86992,0.00137,0.0002,2.86992,2.88293,True,True,2.86992,2.88293,True,True
08db1bd847,FeGe3(SO4)6,2.7128,R3,trigonal,4,S,16,5.67,3.3576,0.01667,0.00248,0.01891,3.30604,0.00107,0.00375,0.00121,3.3573,3.34031,0.02565,0.00224,2.32635,2.36063,True,True,2.32969,2.36396,True,True
08db1bd847,FeGe3(SO4)6,2.7128,R3,trigonal,5,S,16,5.67,3.35882,0.01344,0.00253,0.01398,3.30434,0.00038,0.00125,0.0003,3.35777,3.34031,0.0196,0.00128,2.32636,2.36233,True,True,2.32969,2.36566,True,True
08db1bd847,FeGe3(SO4)6,2.7128,R3,trigonal,6,S,16,5.67,3.36718,0.03832,0.00068,0.03814,3.28921,0.00143,0.00029,0.0016,3.36458,3.34032,0.05411,0.00039,2.32635,2.37746,True,True,2.3296799999999998,2.3807899999999997,True,True
08db1bd847,FeGe3(SO4)6,2.7128,R3,trigonal,7,S,16,5.67,3.36048,-0.0747,0.00121,-0.0745,3.44312,-7e-05,0.00113,-0.0002,3.35906,3.38755,0.10552,0.00021,2.27911,2.30761,True,True,2.28245,2.31094,True,True
08db1bd847,FeGe3(SO4)6,2.7128,R3,trigonal,8,S,16,5.67,3.35902,0.02844,-0.001,0.02845,3.44445,-0.0,-0.00069,-1e-05,3.35917,3.38755,0.04024,0.0003,2.27912,2.30765,True,True,2.28245,2.31098,True,True
08db1bd847,FeGe3(SO4)6,2.7128,R3,trigonal,9,S,16,5.67,3.37721,0.00096,-0.00499,0.00107,3.40733,9e-05,-0.00494,0.00022,3.3782,3.38758,0.00717,0.00013,2.27909,2.28946,True,True,2.28242,2.29279,True,True
08dc299743,NdSmTa5WO18,2.0565,P1,triclinic,2,Ta,73,5.0,7.11092,-0.00025,0.0014,-0.00044,7.08811,0.00064,0.00037,0.00067,7.11326,7.1041,0.00179,0.00103,2.1041,2.11326,True,True,2.1041,2.1132600000000004,True,True
08dc299743,NdSmTa5WO18,2.0565,P1,triclinic,3,Ta,73,5.0,7.04437,0.00043,0.00214,0.00031,7.12092,-0.0001,0.00136,-0.00012,7.04315,7.06948,0.00259,0.00078,2.06948,2.12092,True,True,2.0694800000000004,2.12092,True,True
08dc299743,NdSmTa5WO18,2.0565,P1,triclinic,4,Ta,73,4.0,8.35321,-0.00058,-0.0008,0.00052,8.35223,4e-05,-0.00031,-0.00045,8.3539,8.35312,0.00124,0.0011,4.35312,4.3539,True,True,4.3531200000000005,4.353899999999999,True,True
08dc299743,NdSmTa5WO18,2.0565,P1,triclinic,5,Ta,73,5.0,7.05555,-0.00041,-0.00113,-0.00037,6.97879,-0.00027,-0.00201,-0.00033,7.05296,7.0291,0.00241,0.00087,2.0291,2.05555,True,True,2.0290999999999997,2.05555,True,True
08dc299743,NdSmTa5WO18,2.0565,P1,triclinic,6,Ta,73,5.0,7.10569,0.00042,-0.00077,0.00021,7.13651,0.00045,-0.00164,0.0005,7.10784,7.11668,0.00199,0.00087,2.11668,2.13651,True,True,2.1166799999999997,2.1365100000000004,True,True
08e28d5aac,K5SrTaP4,1.4121,Cc,monoclinic,12,Ta,73,5.0,-0.54119,0.00017,-0.00034,-0.0001,-0.52509,0.00027,0.00015,0.00013,-0.54138,-0.53589,0.00052,0.00049,5.53589,5.54138,True,True,5.53589,5.54138,True,True
08e28d5aac,K5SrTaP4,1.4121,Cc,monoclinic,13,Ta,73,5.0,-0.54147,-4e-05,0.0003,-0.00022,-0.52509,3e-05,0.00078,2e-05,-0.5411,-0.53589,0.00086,0.00048,5.53589,5.54147,True,True,5.53589,5.54147,True,True
08ea879e4f,KRb3(GaSb4)4,0.2271,Pm,monoclinic,4,Ga,31,3.0,-0.72973,0.00051,-0.00011,0.00059,-0.72468,1e-05,0.00011,-1e-05,-0.72973,-0.72805,0.0008,0.00023,3.72805,3.72973,True,True,3.72805,3.72973,True,True
08ea879e4f,KRb3(GaSb4)4,0.2271,Pm,monoclinic,5,Ga,31,3.0,-0.72436,-0.00059,-0.00012,-0.00052,-0.72824,0.0,0.00012,-0.0,-0.72436,-0.72565,0.0008,0.00023,3.72565,3.72824,True,True,3.72565,3.72824,True,True
08ea879e4f,KRb3(GaSb4)4,0.2271,Pm,monoclinic,6,Ga,31,3.0,-0.71543,0.00054,0.00017,0.00055,-0.71959,-1e-05,-0.00017,1e-05,-0.71543,-0.71681,0.00081,0.00033,3.71681,3.71959,True,True,3.7168099999999997,3.71959,True,True
08ea879e4f,KRb3(GaSb4)4,0.2271,Pm,monoclinic,7,Ga,31,3.0,-0.72266,-0.00064,5e-05,-0.00052,-0.71668,1e-05,-5e-05,-1e-05,-0.72266,-0.72067,0.00083,0.00012,3.72067,3.72266,True,True,3.72067,3.72266,True,True
08f72c16c1,RbAlTe3O8,2.6381,P-1,triclinic,2,Al,13,3.0,5.15734,-0.00045,0.00016,0.00045,5.1565,-0.00018,-0.00016,-0.00064,5.15565,5.1565,0.00095,0.0009,2.1565,2.15734,True,True,2.1565000000000003,2.1573399999999996,True,True
08f72c16c1,RbAlTe3O8,2.6381,P-1,triclinic,3,Al,13,3.0,6.25255,-0.00075,0.00113,0.00075,6.2526,-8e-05,-0.00113,-7e-05,6.25264,6.2526,0.00193,0.00227,3.2526,3.25264,True,True,3.2526,3.2526400000000004,True,True
08f72c16c1,RbAlTe3O8,2.6381,P-1,triclinic,8,Te,52,4.0,1.78429,-0.00107,-0.00016,-0.00077,1.72409,-0.00035,-0.00081,-0.00039,1.78333,1.7639,0.00164,0.00065,2.2361,2.27591,True,True,2.2361,2.27591,True,True
08f72c16c1,RbAlTe3O8,2.6381,P-1,triclinic,9,Te,52,4.0,1.74448,0.00077,0.00081,0.00107,1.80371,-0.00035,0.00016,-0.00039,1.74352,1.7639,0.00164,0.00065,2.2361,2.25648,True,True,2.2361,2.25648,True,True
090713af94,Co5Hg(AsO4)4,1.5355,P-1,triclinic,4,Co,27,2.0,-0.02303,-0.00011,-7e-05,0.00011,-0.02194,-0.00046,7e-05,7e-05,-0.02085,-0.02194,0.0005,0.00053,2.02194,2.02303,True,True,2.02194,2.02303,True,True
090a12fbe1,CuPtRhSe4,0.4301,Imma,orthorhombic,2,Pt,78,4.0,-0.55135,-0.00023,0.00142,0.00023,-0.55065,-0.00135,-0.00142,-0.00084,-0.54994,-0.55065,0.00259,0.00285,4.55065,4.55135,True,True,4.55065,4.55135,True,True
090a12fbe1,CuPtRhSe4,0.4301,Imma,orthorhombic,3,Pt,78,4.0,-0.55069,-1e-05,0.00025,1e-05,-0.55063,0.00064,-0.00025,-0.00085,-0.55058,-0.55063,0.00112,0.00148,4.55063,4.55069,True,True,4.55063,4.55069,True,True
090a12fbe1,CuPtRhSe4,0.4301,Imma,orthorhombic,4,Rh,45,3.0,-0.9519,-8e-05,-0.00139,8e-05,-0.95142,0.00083,0.00139,0.00138,-0.95094,-0.95142,0.00254,0.00277,3.95142,3.9519,True,True,3.95142,3.9519,True,True
090a12fbe1,CuPtRhSe4,0.4301,Imma,orthorhombic,5,Rh,45,3.0,-0.95019,0.00029,-0.00014,-0.00029,-0.95142,-0.00028,0.00014,0.00027,-0.95266,-0.95142,0.0006,0.00058,3.95142,3.95266,True,True,3.95142,3.95266,True,True
090a12fbe1,CuPtRhSe4,0.4301,Imma,orthorhombic,6,Se,34,-2.0,0.21208,7e-05,0.00378,-0.00032,0.13545,9e-05,0.00388,-0.0,0.21452,0.18735,0.00543,0.00038,2.18735,2.21452,True,True,2.18735,2.21452,True,True
090a12fbe1,CuPtRhSe4,0.4301,Imma,orthorhombic,7,Se,34,-2.0,0.45705,-0.00023,0.00167,0.00011,0.58152,0.00057,0.00266,0.00043,0.45577,0.49811,0.00323,0.00099,2.49811,2.58152,True,True,2.49811,2.5815200000000003,True,True
090a12fbe1,CuPtRhSe4,0.4301,Imma,orthorhombic,8,Se,34,-2.0,0.16018,0.00032,-0.00388,-7e-05,0.23925,9e-05,-0.00378,-0.0,0.16262,0.18735,0.00543,0.00038,2.18735,2.23925,True,True,2.18735,2.23925,True,True
090a12fbe1,CuPtRhSe4,0.4301,Imma,orthorhombic,9,Se,34,-2.0,0.14673,-7e-05,-0.00315,-0.00018,0.26937,-0.00032,-0.00406,-0.00041,0.14595,0.18735,0.00517,0.00091,2.18735,2.26937,True,True,2.18735,2.26937,True,True
090a12fbe1,CuPtRhSe4,0.4301,Imma,orthorhombic,10,Se,34,-2.0,0.54046,-0.00011,-0.00266,0.00023,0.4147,0.00057,-0.00167,0.00043,0.53917,0.49811,0.00323,0.00099,2.49811,2.54046,True,True,2.49811,2.54046,True,True
090a12fbe1,CuPtRhSe4,0.4301,Imma,orthorhombic,11,Se,34,-2.0,0.47381,-0.00079,0.00105,-0.00069,0.54701,-0.0002,0.00094,0.00011,0.47353,0.49812,0.00177,0.00031,2.49812,2.54701,True,True,2.49812,2.54701,True,True
090a12fbe1,CuPtRhSe4,0.4301,Imma,orthorhombic,12,Se,34,-2.0,0.22875,0.00018,0.00406,7e-05,0.10533,-0.00032,0.00315,-0.00041,0.22797,0.18735,0.00517,0.00091,2.18735,2.22875,True,True,2.18735,2.22875,True,True
090a12fbe1,CuPtRhSe4,0.4301,Imma,orthorhombic,13,Se,34,-2.0,0.5227,0.00069,-0.00094,0.00079,0.44922,-0.0002,-0.00105,0.00011,0.52242,0.49812,0.00177,0.00031,2.49812,2.5227,True,True,2.49812,2.5227,True,True
090bc9e7f9,Cs3V4Cr3O16,2.1081,P-1,triclinic,20,O,8,-2.0,-3.99526,-0.00139,0.0004,-0.00174,-4.02811,-0.00096,0.00474,-0.0006,-3.98939,-4.00425,0.00537,0.00434,2.00425,2.02811,True,True,2.00425,2.02811,True,True
090bc9e7f9,Cs3V4Cr3O16,2.1081,P-1,triclinic,24,O,8,-2.0,-4.01911,0.00174,-0.00474,0.00139,-3.9804,-0.00096,-0.0004,-0.0006,-4.01324,-4.00425,0.00537,0.00434,2.00425,2.01911,True,True,2.00425,2.0191100000000004,True,True
090cc67869,Ba4GaTcN6,1.2592,Cmc2_1,orthorhombic,10,Tc,43,7.0,1.56505,-0.00026,-0.00058,-0.00045,1.61711,-0.00051,-0.00051,-0.00021,1.56236,1.5815,0.00108,0.0003,5.4185,5.43764,True,True,5.4185,5.43764,True,True
090cc67869,Ba4GaTcN6,1.2592,Cmc2_1,orthorhombic,11,Tc,43,7.0,1.56505,0.00045,0.00058,0.00026,1.61711,0.00021,0.00051,0.00051,1.56236,1.58151,0.00108,0.0003,5.41849,5.43764,True,True,5.41849,5.43764,True,True
091403d0bc,KRbBaCaSb2,1.1976,Pmc2_1,orthorhombic,6,Ca,20,2.0,-0.48931,-0.00014,0.00011,-0.0,-0.46557,-9e-05,-0.00011,9e-05,-0.48931,-0.48139,0.00025,0.00022,2.48139,2.48931,True,True,2.48139,2.48931,True,True
091403d0bc,KRbBaCaSb2,1.1976,Pmc2_1,orthorhombic,7,Ca,20,2.0,-0.47348,-0.00014,-0.00011,-0.0,-0.49722,-9e-05,0.00011,9e-05,-0.47348,-0.48139,0.00025,0.00022,2.48139,2.49722,True,True,2.48139,2.49722,True,True
091403d0bc,KRbBaCaSb2,1.1976,Pmc2_1,orthorhombic,8,Sb,51,-3.0,-0.36283,-0.00049,-0.00056,-0.00055,-0.35898,1e-05,0.00056,-1e-05,-0.36283,-0.36155,0.00109,0.00113,2.63845,2.64102,True,True,2.63845,2.64102,True,True
091403d0bc,KRbBaCaSb2,1.1976,Pmc2_1,orthorhombic,9,Sb,51,-3.0,-0.81665,0.00013,0.00083,0.00019,-0.81409,-2e-05,-0.00083,2e-05,-0.81665,-0.8158,0.0012,0.00166,2.1842,2.18591,True,True,2.1842,2.18591,True,True
091403d0bc,KRbBaCaSb2,1.1976,Pmc2_1,orthorhombic,10,Sb,51,-3.0,-0.36026,-0.00049,0.00056,-0.00055,-0.36412,1e-05,-0.00056,-1e-05,-0.36026,-0.36155,0.00109,0.00113,2.63845,2.63974,True,True,2.63845,2.6397399999999998,True,True
091403d0bc,KRbBaCaSb2,1.1976,Pmc2_1,orthorhombic,11,Sb,51,-3.0,-0.81494,0.00013,-0.00083,0.00019,-0.81751,-2e-05,0.00083,2e-05,-0.81494,-0.8158,0.0012,0.00166,2.1842,2.18506,True,True,2.1842,2.18506,True,True
091c91e64e,Cs5Fe(ReH9)3,0.5021,Amm2,orthorhombic,5,Fe,26,1.0,-1.79847,-0.00555,0.00021,-0.00925,-1.79882,0.00023,0.00021,-0.00023,-1.79917,-1.79882,0.0108,0.00369,2.79882,2.79917,True,True,2.79882,2.79917,True,True
091c91e64e,Cs5Fe(ReH9)3,0.5021,Amm2,orthorhombic,6,Re,75,7.0,-2.58465,0.05682,-0.00145,0.05678,-2.58488,0.00032,-0.00145,-0.00032,-2.58511,-2.58488,0.08036,0.00064,9.58488,9.58511,True,True,9.58488,9.58511,True,True
091c91e64e,Cs5Fe(ReH9)3,0.5021,Amm2,orthorhombic,7,Re,75,7.0,-2.5845,-0.02031,0.00385,-0.01962,-2.58486,-0.00012,0.00385,0.00012,-2.58522,-2.58486,0.02877,0.00069,9.58486,9.58522,True,True,9.584859999999999,9.58522,True,True
091c91e64e,Cs5Fe(ReH9)3,0.5021,Amm2,orthorhombic,8,Re,75,7.0,2.89934,-0.06389,-0.00117,-0.06412,2.89827,-0.00033,-0.00117,0.00033,2.89719,2.89827,0.09053,0.00067,4.10173,4.10281,True,True,4.10173,4.10281,True,True
091c91e64e,Cs5Fe(ReH9)3,0.5021,Amm2,orthorhombic,18,H,1,-1.0,2.07159,0.01493,-0.00976,0.01374,2.07398,0.00042,-0.00976,-0.00042,2.07636,2.07398,0.02455,0.00119,3.07398,3.07636,True,True,3.07398,3.07636,True,True
091c91e64e,Cs5Fe(ReH9)3,0.5021,Amm2,orthorhombic,19,H,1,-1.0,2.0714,-0.2529,0.00372,-0.25201,2.07396,-0.0004,0.00372,0.0004,2.07652,2.07396,0.35706,0.00089,3.07396,3.07652,True,True,3.07396,3.07652,True,True
091c91e64e,Cs5Fe(ReH9)3,0.5021,Amm2,orthorhombic,20,H,1,-1.0,2.64739,0.3159,0.00924,0.31744,2.64692,-0.00065,0.00924,0.00065,2.64644,2.64692,0.44803,0.00153,3.64692,3.64739,True,True,3.64692,3.64739,True,True
091c91e64e,Cs5Fe(ReH9)3,0.5021,Amm2,orthorhombic,21,H,1,-1.0,2.47328,0.00533,0.00457,0.00569,1.96463,0.00516,0.00589,0.00447,2.46488,2.30093,0.01277,0.00132,3.30093,3.47328,True,True,3.30093,3.47328,True,True
091c91e64e,Cs5Fe(ReH9)3,0.5021,Amm2,orthorhombic,22,H,1,-1.0,2.13334,0.17312,-0.00255,0.17206,2.63725,0.00078,-0.00257,0.00139,2.13225,2.30095,0.24411,0.00106,3.30095,3.63725,True,True,3.30095,3.63725,True,True
091c91e64e,Cs5Fe(ReH9)3,0.5021,Amm2,orthorhombic,23,H,1,-1.0,0.86592,-0.13981,-0.00016,-0.13934,1.33412,0.00279,-0.00069,0.003,0.86267,1.0209,0.19743,0.00052,2.0209,2.33412,True,True,2.0209,2.33412,True,True
091c91e64e,Cs5Fe(ReH9)3,0.5021,Amm2,orthorhombic,24,H,1,-1.0,1.17913,-0.13981,-0.00069,-0.13934,0.70769,-0.003,-0.00016,-0.00279,1.17589,1.0209,0.19743,0.00052,2.0209,2.17913,True,True,2.0209,2.17913,True,True
091c91e64e,Cs5Fe(ReH9)3,0.5021,Amm2,orthorhombic,25,H,1,-1.0,2.46964,0.17312,-0.00257,0.17206,1.96465,-0.00139,-0.00255,-0.00078,2.46855,2.30095,0.24411,0.00106,3.30095,3.46964,True,True,3.30095,3.46964,True,True
091c91e64e,Cs5Fe(ReH9)3,0.5021,Amm2,orthorhombic,26,H,1,-1.0,2.13698,0.00533,0.00589,0.00569,2.63723,-0.00447,0.00457,-0.00516,2.12858,2.30093,0.01277,0.00132,3.30093,3.63723,True,True,3.30093,3.63723,True,True
0920018416,Ba2Na4(TcH9)3,1.6639,Amm2,orthorhombic,6,Tc,43,5.0,-0.65668,-0.0007,-0.00201,0.00071,-0.65668,-0.00025,-0.00201,0.00025,-0.65668,-0.65668,0.00303,0.00141,5.65668,5.65668,True,True,5.65668,5.65668,True,True
0920018416,Ba2Na4(TcH9)3,1.6639,Amm2,orthorhombic,7,Tc,43,5.0,-1.98127,-0.15766,0.00944,-0.15848,-1.9823,0.00019,0.00944,-0.00019,-1.98333,-1.9823,0.22394,0.00081,6.9823,6.98333,True,True,6.9823,6.9833300000000005,True,True
0920018416,Ba2Na4(TcH9)3,1.6639,Amm2,orthorhombic,8,Tc,43,5.0,-1.98351,0.15851,0.00944,0.15769,-1.98248,0.00019,0.00944,-0.00019,-1.98145,-1.98248,0.22399,0.00081,6.98248,6.98351,True,True,6.98248,6.98351,True,True
0920018416,Ba2Na4(TcH9)3,1.6639,Amm2,orthorhombic,15,H,1,-0.85,1.4311,-9e-05,-0.00412,0.0001,1.4311,-6e-05,-0.00412,6e-05,1.4311,1.4311,0.00583,0.00019,2.28295,2.28296,True,True,2.2811,2.2811,True,True
092c512c5b,Cs3La(NbS4)2,2.0514,C2/c,monoclinic,8,Nb,41,5.0,2.93216,1e-05,0.00078,-1e-05,2.93504,9e-05,0.00051,5e-05,2.93225,2.93315,0.00094,0.00026,2.06685,2.06784,True,True,2.06685,2.06784,True,True
092c512c5b,Cs3La(NbS4)2,2.0514,C2/c,monoclinic,9,Nb,41,5.0,2.92021,-0.00023,-0.00034,-0.00022,2.95987,-6e-05,-0.00051,-2e-05,2.91994,2.93334,0.0007,0.00018,2.06666,2.08006,True,True,2.06666,2.08006,True,True
092c512c5b,Cs3La(NbS4)2,2.0514,C2/c,monoclinic,10,Nb,41,5.0,2.94674,0.00022,0.00051,0.00023,2.90681,-6e-05,0.00034,-2e-05,2.94647,2.93334,0.0007,0.00018,2.06666,2.09319,True,True,2.06666,2.09319,True,True
092c512c5b,Cs3La(NbS4)2,2.0514,C2/c,monoclinic,11,Nb,41,5.0,2.93405,1e-05,-0.00051,-1e-05,2.93126,9e-05,-0.00078,5e-05,2.93414,2.93315,0.00094,0.00026,2.06685,2.06874,True,True,2.06685,2.06874,True,True
092e63c320,SrCa3(ReN3)4,1.9143,C2,monoclinic,4,Re,75,7.0,4.15289,0.00285,-0.00077,0.00149,4.19635,0.0003,-0.00113,0.00014,4.15231,4.16718,0.00351,0.00136,2.83282,2.84769,True,True,2.83282,2.84769,True,True
092e63c320,SrCa3(ReN3)4,1.9143,C2,monoclinic,5,Re,75,7.0,4.18198,0.00634,-0.00043,0.00411,4.13801,-0.00016,-0.001,-0.00018,4.18155,4.16718,0.00763,0.00222,2.83282,2.86199,True,True,2.83282,2.8619899999999996,True,True
092e63c320,SrCa3(ReN3)4,1.9143,C2,monoclinic,6,Re,75,7.0,4.11657,-0.00623,-0.00031,-0.00844,4.12635,-0.00018,-0.00091,-0.00019,4.11598,4.11963,0.01054,0.00221,2.88037,2.88402,True,True,2.88037,2.8840199999999996,True,True
092e63c320,SrCa3(ReN3)4,1.9143,C2,monoclinic,7,Re,75,7.0,4.12335,-0.0029,0.00061,-0.0042,4.11292,0.00047,0.00012,0.00037,4.12263,4.11963,0.00518,0.00131,2.88037,2.88708,True,True,2.88037,2.88708,True,True
0933b39611,P(WCl6)2,0.1823,P2_1/m,monoclinic,0,P,15,4.0,1.36311,0.00016,-0.00015,8e-05,1.36279,5e-05,0.00015,-5e-05,1.36311,1.363,0.00029,0.0003,2.637,2.63721,True,True,2.637,2.63721,True,True
0933b39611,P(WCl6)2,0.1823,P2_1/m,monoclinic,1,P,15,4.0,1.3629,-8e-05,-0.00015,-0.00016,1.36322,5e-05,0.00015,-5e-05,1.3629,1.363,0.00029,0.0003,2.637,2.6371,True,True,2.637,2.6371,True,True
09372a0260,Y2Hf5TcF30,1.8078,C2,monoclinic,7,Tc,43,4.0,0.66808,-0.00029,-0.00071,0.00014,0.66871,0.00042,3e-05,0.00031,0.66934,0.66871,0.00094,0.00074,3.33129,3.33192,True,True,3.33129,3.33192,True,True
0937c5cdde,Cs2LiPSe4,1.6987,Fddd,orthorhombic,6,P,15,5.0,1.80718,-1e-05,-0.00036,1e-05,1.80754,-8e-05,0.00036,-4e-05,1.80789,1.80754,0.00052,0.00073,3.19246,3.19282,True,True,3.19246,3.19282,True,True
0937c5cdde,Cs2LiPSe4,1.6987,Fddd,orthorhombic,7,P,15,5.0,1.80718,-1e-05,-0.00036,1e-05,1.80754,-8e-05,0.00036,-4e-05,1.80789,1.80754,0.00052,0.00073,3.19246,3.19282,True,True,3.19246,3.19282,True,True
0938ed9d74,SmGd5YRhO12,1.9929,P1,triclinic,1,Gd,64,3.0,1.00982,0.00051,0.00242,-0.00063,0.99214,0.00092,0.00292,0.00111,1.0079,1.00329,0.00414,0.00114,1.99671,2.00786,True,True,1.99671,2.00786,True,True
0938ed9d74,SmGd5YRhO12,1.9929,P1,triclinic,5,Gd,64,3.0,1.01985,-0.00122,0.00081,-0.00015,0.94014,-0.00011,0.00211,-0.00022,1.01899,0.99299,0.00258,0.0013,2.00701,2.05986,True,True,2.00701,2.05986,True,True
0938ed9d74,SmGd5YRhO12,1.9929,P1,triclinic,15,O,8,-2.0,0.17846,-5e-05,-0.0031,-0.00023,0.17451,-0.00093,-0.00511,-0.00088,0.17859,0.17718,0.00611,0.00201,2.17718,2.17859,True,True,2.17718,2.17859,True,True
0946a61e59,Sr2CeTh3Se10,0.6179,Pc,monoclinic,4,Ce,58,3.0,5.16332,3e-05,-7e-05,-8e-05,5.16267,0.00016,-0.0,0.0001,5.1632,5.16306,0.00022,0.00011,2.16306,2.16332,True,True,2.1630599999999998,2.1633199999999997,True,True
0946a61e59,Sr2CeTh3Se10,0.6179,Pc,monoclinic,5,Ce,58,3.0,5.1632,3e-05,0.0,-8e-05,5.16267,-0.0001,7e-05,-0.00016,5.16332,5.16306,0.00022,0.00011,2.16306,2.16332,True,True,2.1630599999999998,2.1633199999999997,True,True
094871cdcf,RbSnPS4,1.9609,P2_1/c,monoclinic,8,P,15,5.0,2.4385,-4e-05,0.00018,-4e-05,2.44343,3e-05,-6e-05,4e-05,2.43986,2.4406,0.00021,0.00024,2.5594,2.5615,True,True,2.5594,2.5615,True,True
094871cdcf,RbSnPS4,1.9609,P2_1/c,monoclinic,9,P,15,5.0,2.44269,4e-05,0.00018,4e-05,2.43776,-4e-05,-6e-05,-3e-05,2.44133,2.4406,0.00021,0.00024,2.5594,2.56224,True,True,2.5594,2.56224,True,True
094871cdcf,RbSnPS4,1.9609,P2_1/c,monoclinic,10,P,15,5.0,2.44133,4e-05,6e-05,4e-05,2.43776,3e-05,-0.00018,4e-05,2.44269,2.44059,0.00021,0.00024,2.55941,2.56224,True,True,2.55941,2.56224,True,True
094871cdcf,RbSnPS4,1.9609,P2_1/c,monoclinic,11,P,15,5.0,2.43986,-4e-05,6e-05,-4e-05,2.44343,-4e-05,-0.00018,-3e-05,2.4385,2.44059,0.00021,0.00024,2.55941,2.5615,True,True,2.55941,2.5615,True,True
09491f974d,Dy5VOsO12,0.4922,C2,monoclinic,6,Os,76,4.0,-0.41879,0.00014,0.00081,-0.00061,-0.41982,-0.00018,0.00068,-0.00034,-0.42085,-0.41982,0.00129,0.00076,4.41982,4.42085,True,True,4.41982,4.42085,True,True
09499b6348,BaNa8Sr(ReN3)4,1.7766,C2,monoclinic,10,Re,75,6.0,3.17681,0.00131,0.00084,0.00064,3.1879,0.00061,0.00053,0.00064,3.17323,3.17932,0.00197,0.00067,2.82068,2.82677,True,True,2.82068,2.82677,True,True
09499b6348,BaNa8Sr(ReN3)4,1.7766,C2,monoclinic,11,Re,75,6.0,3.18563,4e-05,0.00038,-0.00017,3.17067,0.00165,-0.00052,0.00169,3.18147,3.17926,0.00245,0.00091,2.82074,2.82933,True,True,2.82074,2.82933,True,True
09499b6348,BaNa8Sr(ReN3)4,1.7766,C2,monoclinic,12,Re,75,6.0,3.15088,-0.00015,-0.00021,-0.00107,3.15598,0.00054,-0.00019,0.0007,3.14689,3.15125,0.00142,0.00092,2.84875,2.85311,True,True,2.84875,2.85311,True,True
09499b6348,BaNa8Sr(ReN3)4,1.7766,C2,monoclinic,13,Re,75,6.0,3.15596,-0.00048,0.0003,-0.00085,3.14646,0.00139,-0.00085,0.00131,3.15118,3.1512,0.00232,0.00114,2.8488,2.85354,True,True,2.8488,2.85354,True,True
09516f4d21,PrSmCr2F14,1.6067,P2_1,monoclinic,6,Cr,24,4.0,6.04789,0.00072,0.00081,0.00129,6.02097,0.00146,0.00034,0.00167,6.04821,6.03903,0.00281,0.00057,2.03903,2.04821,True,True,2.0390300000000003,2.04821,True,True
09516f4d21,PrSmCr2F14,1.6067,P2_1,monoclinic,7,Cr,24,4.0,6.03016,-0.00129,0.00081,-0.00072,6.05708,-0.00167,0.00034,-0.00146,6.02984,6.03903,0.00281,0.00057,2.03903,2.05708,True,True,2.0390300000000003,2.05708,True,True
0954294634,ZnNiPtO4,0.5969,Imma,orthorhombic,4,Pt,78,4.0,1.70474,-0.00063,-0.00197,0.00063,1.70339,-0.00075,0.00197,-0.00014,1.70204,1.70339,0.00302,0.00394,2.29661,2.29796,True,True,2.2966100000000003,2.29796,True,True
0954294634,ZnNiPtO4,0.5969,Imma,orthorhombic,5,Pt,78,4.0,1.70112,0.00016,0.00027,-0.00016,1.70339,-3e-05,-0.00027,0.00058,1.70566,1.70339,0.00074,0.00061,2.29661,2.29888,True,True,2.2966100000000003,2.29888,True,True
09611e34c7,Pr3NdV3PtF28,1.9545,P1,triclinic,2,Pr,59,3.0,4.99551,-0.0004,0.00042,-0.00031,5.05019,-0.00052,0.00079,-0.00034,4.99538,5.0137,0.0012,0.00038,2.0137,2.05019,True,True,2.0137,2.0501899999999997,True,True
09650ed89f,Nd5MnRhO12,0.2154,C2,monoclinic,4,Nd,60,2.8,4.87985,-0.0002,-0.00113,-4e-05,4.87863,0.00016,-0.00092,-0.00017,4.87741,4.87863,0.00149,0.00033,2.07863,2.07985,True,True,2.0786300000000004,2.0798500000000004,True,True
09650ed89f,Nd5MnRhO12,0.2154,C2,monoclinic,5,Mn,25,7.0,2.29265,0.0,-0.00069,-0.00015,2.28919,9e-05,-0.00083,0.00021,2.28574,2.28919,0.00111,0.00015,4.71081,4.71426,True,True,4.71081,4.7142599999999995,True,True
096b09b6f0,K4Na8Li4Si15Sn,1.0614,Pm,monoclinic,12,Li,3,1.0,-1.339,-0.00013,-0.0011,4e-05,-1.33753,-0.00026,0.00058,-0.00043,-1.33912,-1.33855,0.00135,0.00168,2.33855,2.33912,True,True,2.3385499999999997,2.3391200000000003,True,True
096b09b6f0,K4Na8Li4Si15Sn,1.0614,Pm,monoclinic,13,Li,3,1.0,-1.19072,-8e-05,-0.00047,-1e-05,-1.18063,0.00043,0.00071,0.00036,-1.19164,-1.18767,0.00102,0.00118,2.18767,2.19164,True,True,2.18767,2.19164,True,True
096b09b6f0,K4Na8Li4Si15Sn,1.0614,Pm,monoclinic,14,Li,3,1.0,-1.33912,-4e-05,0.00058,0.00013,-1.33753,-0.00026,-0.0011,-0.00043,-1.339,-1.33855,0.00135,0.00168,2.33855,2.33912,True,True,2.3385499999999997,2.3391200000000003,True,True
096b09b6f0,K4Na8Li4Si15Sn,1.0614,Pm,monoclinic,15,Li,3,1.0,-1.19164,1e-05,0.00071,8e-05,-1.18063,0.00043,-0.00047,0.00036,-1.19073,-1.18767,0.00102,0.00118,2.18767,2.19164,True,True,2.18767,2.19164,True,True
096b09b6f0,K4Na8Li4Si15Sn,1.0614,Pm,monoclinic,31,Sn,50,4.0,1.06319,9e-05,-0.00028,-9e-05,1.09954,0.00011,-0.00028,-9e-05,1.06319,1.07531,0.00044,0.0002,2.92469,2.93681,True,True,2.92469,2.93681,True,True
096ffbef0e,Ho3Er2MoRhO12,1.5669,P1,triclinic,6,Rh,45,4.0,1.79481,0.00028,-0.00201,-0.00087,1.7787,0.0001,-0.00186,4e-05,1.79552,1.78968,0.00289,0.00115,2.21032,2.2213,True,True,2.2103200000000003,2.2213000000000003,True,True
09798e9da2,K12Na8Zr4(As3P)3,0.9951,P1,triclinic,20,Zr,40,4.0,1.38713,0.00028,-0.00011,0.0,1.38314,0.00029,-0.00012,0.00048,1.38646,1.38558,0.00065,0.00028,2.61442,2.61686,True,True,2.61442,2.61686,True,True
09798e9da2,K12Na8Zr4(As3P)3,0.9951,P1,triclinic,21,Zr,40,4.0,0.56596,0.0,0.00091,-7e-05,0.57589,0.00021,-0.0003,-5e-05,0.56921,0.57035,0.00099,0.00121,3.42965,3.43404,True,True,3.42965,3.43404,True,True
09798e9da2,K12Na8Zr4(As3P)3,0.9951,P1,triclinic,22,Zr,40,4.0,1.37998,0.0003,0.00034,-4e-05,1.37762,-0.0003,-0.0003,-0.00043,1.38222,1.37994,0.00075,0.00064,2.62006,2.62238,True,True,2.62006,2.6223799999999997,True,True
09798e9da2,K12Na8Zr4(As3P)3,0.9951,P1,triclinic,23,Zr,40,4.0,1.27081,0.00027,-0.00024,-4e-05,1.26758,-0.0005,-0.00011,-0.00032,1.27023,1.26954,0.00071,0.00031,2.73046,2.73242,True,True,2.73046,2.7324200000000003,True,True
097aaeeb91,Nd6YRhO12,2.125,R-3,trigonal,7,Rh,45,3.0,0.89986,4e-05,-6e-05,-4e-05,0.89843,0.0001,6e-05,0.00016,0.89701,0.89843,0.00021,0.00011,2.10157,2.10299,True,True,2.10157,2.10299,True,True
097ddf5994,Na4SnPtO6,2.169,C2,monoclinic,5,Pt,78,4.0,0.93177,7e-05,-0.00089,-9e-05,0.93186,0.00059,0.00257,0.00074,0.93195,0.93186,0.00288,0.00346,3.06814,3.06823,True,True,3.06814,3.06823,True,True
097fdbedec,Na4FeSbO6,2.2728,C2,monoclinic,4,Fe,26,3.0,0.49921,0.00023,-0.0016,-1e-05,0.49933,0.00021,-0.00048,0.00022,0.49979,0.49944,0.00171,0.00112,2.50056,2.50079,True,True,2.50056,2.50079,True,True
0980c8888b,Rb8Ba4ZrSnP8,0.7927,P1,triclinic,12,Zr,40,4.0,-0.53988,3e-05,5e-05,-0.00054,-0.51906,-0.00045,-8e-05,-0.00016,-0.53936,-0.53277,0.00073,0.00057,4.53277,4.53988,True,True,4.53277,4.53988,True,True
0980c8888b,Rb8Ba4ZrSnP8,0.7927,P1,triclinic,13,Sn,50,2.0,-0.36512,-0.00012,-0.00027,-0.00038,-0.35242,0.00016,7e-05,0.00037,-0.36455,-0.3607,0.00063,0.00034,2.3607,2.36512,True,True,2.3607,2.36512,True,True
0982ba2db4,KRb4SrNbAs4,0.99,P1,triclinic,12,Nb,41,5.0,0.76109,-5e-05,-0.00039,0.00064,0.79113,7e-05,5e-05,0.0,0.7602,0.77081,0.00076,0.00069,4.22919,4.2398,True,True,4.22919,4.2398,True,True
0982ba2db4,KRb4SrNbAs4,0.99,P1,triclinic,13,Nb,41,5.0,0.72548,3e-05,0.00018,0.00013,0.75423,-0.0001,0.00091,0.00018,0.72515,0.73495,0.00096,0.00074,4.26505,4.27485,True,True,4.2650500000000005,4.27485,True,True
098403e1ae,Pt2ICl7,1.2567,P1,triclinic,0,Pt,78,4.0,0.53744,-0.00065,0.00103,-0.00031,0.53445,0.0003,-3e-05,0.00032,0.53729,0.53639,0.00133,0.00106,3.46361,3.46555,True,True,3.46361,3.46555,True,True
098403e1ae,Pt2ICl7,1.2567,P1,triclinic,1,Pt,78,4.0,0.35279,-0.00041,-0.00014,-0.00012,0.38177,-0.0004,0.00014,-0.00063,0.35296,0.3625,0.00089,0.00028,3.6375,3.64721,True,True,3.6375,3.64721,True,True
098983c0b7,Pr4HfTc3F28,1.7052,P1,triclinic,4,Hf,72,4.0,6.20074,-0.00047,-0.00036,-0.00061,6.24333,6e-05,-0.00087,-3e-05,6.20081,6.21496,0.00122,0.00051,2.21496,2.24333,True,True,2.2149599999999996,2.2433300000000003,True,True
098983c0b7,Pr4HfTc3F28,1.7052,P1,triclinic,5,Tc,43,4.0,1.73921,-0.00071,0.00054,-0.00064,1.77082,4e-05,0.00062,-0.00012,1.73904,1.74969,0.00126,0.00016,2.25031,2.26096,True,True,2.25031,2.26096,True,True
098983c0b7,Pr4HfTc3F28,1.7052,P1,triclinic,6,Tc,43,4.0,1.64598,0.00043,0.00061,0.00058,1.64498,4e-05,0.00016,-6e-05,1.64606,1.64567,0.00096,0.00045,2.35433,2.35502,True,True,2.35433,2.3550199999999997,True,True
098983c0b7,Pr4HfTc3F28,1.7052,P1,triclinic,7,Tc,43,4.0,1.75198,0.00086,-0.00027,0.00095,1.73913,2e-05,-0.00049,-0.0001,1.75196,1.74769,0.0014,0.00022,2.25231,2.26087,True,True,2.25231,2.2608699999999997,True,True
09959298f1,Cs(CoO2)4,1.1268,R-3m,trigonal,1,Co,27,4.0,1.92432,-0.00186,-0.00521,0.00186,1.92728,-0.00168,0.00521,-0.00189,1.93025,1.92728,0.00822,0.01041,2.07272,2.07568,True,True,2.07272,2.07568,True,True
09959298f1,Cs(CoO2)4,1.1268,R-3m,trigonal,2,Co,27,4.0,1.9237,-0.00164,-0.00405,0.00164,1.92728,-0.00301,0.00405,-0.00383,1.93087,1.92728,0.00786,0.00809,2.07272,2.0763,True,True,2.07272,2.0763,True,True
09959298f1,Cs(CoO2)4,1.1268,R-3m,trigonal,3,Co,27,4.0,1.91048,-0.00123,-0.0038,0.00123,1.91083,-0.00239,0.0038,-0.0032,1.91118,1.91083,0.00692,0.0076,2.08917,2.08952,True,True,2.08917,2.0895200000000003,True,True
099a8ed925,Dy3Zr4UF28,0.2197,P1,triclinic,7,U,92,3.0,5.34117,0.0001,-0.00103,1e-05,5.37331,-0.00028,-0.00063,-0.00018,5.34099,5.35182,0.00126,0.0004,2.35182,2.37331,True,True,2.35182,2.37331,True,True
099d10c1ed,Cs4Li2(ReH9)3,4.4916,Amm2,orthorhombic,6,Re,75,7.0,-3.02264,-0.00091,0.00015,0.00098,-3.02334,-0.00072,0.00015,0.00072,-3.02403,-3.02334,0.0017,0.00189,10.02334,10.02403,True,True,10.023340000000001,10.02403,True,True
099d10c1ed,Cs4Li2(ReH9)3,4.4916,Amm2,orthorhombic,7,Re,75,7.0,-3.02213,0.01943,0.00317,0.02046,-3.02331,0.00028,0.00317,-0.00028,-3.02448,-3.02331,0.02857,0.00104,10.02331,10.02448,True,True,10.02331,10.02448,True,True
099d10c1ed,Cs4Li2(ReH9)3,4.4916,Amm2,orthorhombic,8,Re,75,7.0,1.2591,0.10546,0.0039,0.10553,1.25866,-5e-05,0.0039,5e-05,1.25821,1.25866,0.14929,9e-05,5.74134,5.74179,True,True,5.74134,5.74179,True,True
099d10c1ed,Cs4Li2(ReH9)3,4.4916,Amm2,orthorhombic,18,H,1,-1.0,2.37431,-0.01763,-0.00869,-0.0192,2.37412,0.00066,-0.00869,-0.00066,2.37393,2.37412,0.02883,0.00157,3.37412,3.37431,True,True,3.37412,3.37431,True,True
099d10c1ed,Cs4Li2(ReH9)3,4.4916,Amm2,orthorhombic,19,H,1,-1.0,2.37399,-0.17558,0.00428,-0.1754,2.37411,-0.00117,0.00428,0.00117,2.37423,2.37411,0.24826,0.00234,3.37411,3.37423,True,True,3.37411,3.37423,True,True
099d10c1ed,Cs4Li2(ReH9)3,4.4916,Amm2,orthorhombic,20,H,1,-1.0,1.87992,0.14811,0.00475,0.14739,1.87804,-0.00084,0.00475,0.00084,1.87617,1.87804,0.20906,0.00169,2.87804,2.87992,True,True,2.87804,2.8799200000000003,True,True
099d10c1ed,Cs4Li2(ReH9)3,4.4916,Amm2,orthorhombic,21,H,1,-1.0,1.70087,-0.00737,0.00145,-0.00814,1.4038,0.0082,-0.00063,0.00673,1.71084,1.60517,0.01535,0.00208,2.60517,2.71084,True,True,2.60517,2.71084,True,True
099d10c1ed,Cs4Li2(ReH9)3,4.4916,Amm2,orthorhombic,22,H,1,-1.0,1.5002,0.08766,-0.00178,0.0881,1.80655,0.00388,-0.00175,0.00404,1.50877,1.60517,0.12444,0.00044,2.60517,2.80655,True,True,2.60517,2.80655,True,True
099d10c1ed,Cs4Li2(ReH9)3,4.4916,Amm2,orthorhombic,23,H,1,-1.0,2.06863,-0.10236,-0.0019,-0.10289,2.57065,0.00321,-0.00234,0.00349,2.06566,2.23498,0.14524,0.00054,3.23498,3.57065,True,True,3.23498,3.57065,True,True
099d10c1ed,Cs4Li2(ReH9)3,4.4916,Amm2,orthorhombic,24,H,1,-1.0,2.4043,-0.10236,-0.00234,-0.10289,1.89931,-0.00349,-0.0019,-0.00321,2.40133,2.23498,0.14524,0.00054,3.23498,3.4043,True,True,3.23498,3.4043,True,True
099d10c1ed,Cs4Li2(ReH9)3,4.4916,Amm2,orthorhombic,25,H,1,-1.0,1.70157,0.08766,-0.00175,0.0881,1.4038,-0.00404,-0.00178,-0.00388,1.71015,1.60517,0.12444,0.00044,2.60517,2.71015,True,True,2.60517,2.71015,True,True
099d10c1ed,Cs4Li2(ReH9)3,4.4916,Amm2,orthorhombic,26,H,1,-1.0,1.4995,-0.00737,-0.00063,-0.00814,1.80654,-0.00673,0.00145,-0.0082,1.50947,1.60517,0.01535,0.00208,2.60517,2.80654,True,True,2.60517,2.80654,True,True
099f9ef167,Pr3Nd2(RuO6)2,0.2252,C2/m,monoclinic,2,Pr,59,2.0,4.41268,0.00255,0.00014,-0.00255,4.4143,-0.00011,-0.00014,7e-05,4.41592,4.4143,0.00361,0.0051,2.4143,2.41592,True,True,2.4143,2.41592,True,True
099f9ef167,Pr3Nd2(RuO6)2,0.2252,C2/m,monoclinic,5,Ru,44,5.0,0.82187,-0.00104,-7e-05,-0.00349,0.82051,-0.00052,-0.00054,-0.0006,0.81915,0.82051,0.00376,0.00244,4.17949,4.18085,True,True,4.17949,4.1808499999999995,True,True
099f9ef167,Pr3Nd2(RuO6)2,0.2252,C2/m,monoclinic,6,Ru,44,5.0,0.82188,0.00349,0.00054,0.00104,0.82051,-0.00052,7e-05,-0.0006,0.81915,0.82051,0.00376,0.00244,4.17949,4.18085,True,True,4.17949,4.1808499999999995,True,True
099fd13f8b,ZnNi3(BrO3)8,3.7181,P1,triclinic,4,Br,35,5.0,2.51582,0.00909,-0.00171,0.00979,2.53486,-0.00067,-0.00224,-0.00051,2.51455,2.52174,0.01368,0.0007,2.47826,2.48545,True,True,2.47826,2.48545,True,True
099fd13f8b,ZnNi3(BrO3)8,3.7181,P1,triclinic,5,Br,35,5.0,2.65171,-0.00548,-0.00135,-0.00458,2.64523,0.00056,-0.00219,0.00052,2.65237,2.64977,0.00762,0.0009,2.35023,2.35477,True,True,2.35023,2.35477,True,True
099fd13f8b,ZnNi3(BrO3)8,3.7181,P1,triclinic,6,Br,35,5.0,2.54714,-0.00162,-0.00135,-0.0009,2.58335,-0.00058,-0.00238,-0.00054,2.54669,2.55906,0.0034,0.00103,2.44094,2.45331,True,True,2.44094,2.45331,True,True
099fd13f8b,ZnNi3(BrO3)8,3.7181,P1,triclinic,7,Br,35,5.0,2.2873,-0.00277,-0.00111,-0.00187,2.2654,0.00037,-0.00168,0.00041,2.28808,2.28026,0.00394,0.0009,2.71974,2.7346,True,True,2.71974,2.7346,True,True
099fd13f8b,ZnNi3(BrO3)8,3.7181,P1,triclinic,8,Br,35,5.0,2.36709,-0.00724,-0.00227,-0.00694,2.39632,-0.00096,-0.0022,-0.00053,2.36863,2.37735,0.01057,0.00044,2.62265,2.63291,True,True,2.62265,2.63291,True,True
099fd13f8b,ZnNi3(BrO3)8,3.7181,P1,triclinic,9,Br,35,5.0,2.23021,0.00599,-0.00237,0.0061,2.18909,0.00043,-0.00216,0.00063,2.22951,2.21627,0.00917,0.00021,2.78373,2.81091,True,True,2.78373,2.81091,True,True
099fd13f8b,ZnNi3(BrO3)8,3.7181,P1,triclinic,10,Br,35,5.0,1.90267,0.00157,-0.00224,0.0018,1.86054,0.00046,-0.00221,0.00079,1.90216,1.88846,0.00406,0.00034,3.11154,3.13946,True,True,3.1115399999999998,3.1394599999999997,True,True
099fd13f8b,ZnNi3(BrO3)8,3.7181,P1,triclinic,11,Br,35,5.0,2.3242,0.00111,-0.00276,0.00139,2.35459,-0.0006,-0.00237,-0.00028,2.32416,2.33432,0.0041,0.00039,2.66568,2.67584,True,True,2.66568,2.67584,True,True
09aaadc84a,Nd4Mn6FeAgO20,0.7055,Pm,monoclinic,6,Mn,25,4.0,1.75032,-0.00022,-0.00071,-0.00015,1.74673,3e-05,-0.00128,0.00012,1.74796,1.74833,0.00149,0.00058,2.25167,2.25327,True,True,2.25167,2.25327,True,True
09aaadc84a,Nd4Mn6FeAgO20,0.7055,Pm,monoclinic,8,Mn,25,4.0,1.74796,-0.00022,0.00128,-0.00015,1.74673,-0.00012,0.00071,-3e-05,1.75032,1.74833,0.00149,0.00058,2.25167,2.25327,True,True,2.25167,2.25327,True,True
09aaadc84a,Nd4Mn6FeAgO20,0.7055,Pm,monoclinic,10,Fe,26,3.0,0.17573,0.00017,0.00135,0.00052,0.238,-8e-05,-0.00135,8e-05,0.17573,0.19649,0.00199,0.0027,2.80351,2.82427,True,True,2.80351,2.82427,True,True
09aaadc84a,Nd4Mn6FeAgO20,0.7055,Pm,monoclinic,21,O,8,-2.0,0.10356,0.00042,0.0043,0.00099,0.21221,-0.00023,-0.0043,0.00023,0.10356,0.13978,0.00619,0.0086,2.13978,2.21221,True,True,2.13978,2.21221,True,True
09b26c01b2,K3Cr(SO4)3,2.893,R-3,trigonal,8,S,16,6.0,3.67333,0.05388,0.00076,0.0533,3.71268,-0.0004,0.00162,-0.00051,3.67032,3.68544,0.07581,0.00086,2.31456,2.32968,True,True,2.31456,2.32968,True,True
09b26c01b2,K3Cr(SO4)3,2.893,R-3,trigonal,9,S,16,6.0,3.7306,-0.02713,-0.00027,-0.02654,3.59748,0.0001,0.00098,-0.00057,3.72824,3.68544,0.03797,0.00125,2.31456,2.40252,True,True,2.31456,2.40252,True,True
09b26c01b2,K3Cr(SO4)3,2.893,R-3,trigonal,10,S,16,6.0,3.67156,-0.00433,-0.00292,-0.00456,3.71557,0.00072,-0.00238,0.00068,3.6692,3.68544,0.0074,0.00054,2.31456,2.3308,True,True,2.31456,2.3308,True,True
09b26c01b2,K3Cr(SO4)3,2.893,R-3,trigonal,11,S,16,6.0,3.70057,-0.0533,-0.00162,-0.05388,3.6582,-0.0004,-0.00076,-0.00051,3.69756,3.68544,0.07581,0.00086,2.31456,2.3418,True,True,2.31456,2.3418,True,True
09b26c01b2,K3Cr(SO4)3,2.893,R-3,trigonal,12,S,16,6.0,3.64264,0.02654,-0.00098,0.02713,3.7734,0.0001,0.00027,-0.00057,3.64028,3.68544,0.03797,0.00125,2.31456,2.35972,True,True,2.31456,2.35972,True,True
09b26c01b2,K3Cr(SO4)3,2.893,R-3,trigonal,13,S,16,6.0,3.70169,0.00456,0.00238,0.00433,3.65531,0.00072,0.00292,0.00068,3.69932,3.68544,0.0074,0.00054,2.31456,2.34469,True,True,2.31456,2.34469,True,True
09b5b88536,Pr7NdTe(IrO8)3,0.223,P1,triclinic,9,Ir,77,6.0,3.11355,0.00068,0.00134,-0.00016,3.11046,-0.00054,-0.00056,-0.00065,3.11043,3.11148,0.00182,0.0019,2.88852,2.88957,True,True,2.88852,2.88957,True,True
09b5b88536,Pr7NdTe(IrO8)3,0.223,P1,triclinic,10,Ir,77,6.0,3.24869,0.00066,-0.00015,0.00023,3.21543,0.00065,0.00159,0.00073,3.24789,3.23734,0.002,0.00174,2.76266,2.78457,True,True,2.76266,2.78457,True,True
09b5b88536,Pr7NdTe(IrO8)3,0.223,P1,triclinic,11,Ir,77,6.0,3.01339,0.00021,-0.00026,-0.00044,3.05224,-0.0006,0.00246,-0.00071,3.01506,3.0269,0.00269,0.00272,2.9731,2.98661,True,True,2.9731,2.98661,True,True
09c1178c27,Tb2VGeF14,2.0718,P-1,triclinic,4,V,23,4.0,6.76274,0.00045,5e-05,7e-05,6.75581,8e-05,0.00022,-0.00033,6.76222,6.76026,0.00061,0.0004,2.76026,2.76274,True,True,2.7602599999999997,2.76274,True,True
09c1178c27,Tb2VGeF14,2.0718,P-1,triclinic,5,V,23,4.0,6.75829,-7e-05,-0.00022,-0.00045,6.76471,8e-05,-5e-05,-0.00033,6.75778,6.76026,0.00061,0.0004,2.76026,2.76471,True,True,2.7602599999999997,2.76471,True,True
09c981fcb0,DyTlCu2(TeO6)2,0.2611,P-3,trigonal,4,Te,52,6.0,3.69771,-0.00013,0.0,0.00013,3.68494,6e-05,1e-05,-8e-05,3.6977,3.69345,0.00021,0.00026,2.30655,2.31506,True,True,2.30655,2.31506,True,True
09c981fcb0,DyTlCu2(TeO6)2,0.2611,P-3,trigonal,5,Te,52,6.0,3.68483,-0.00013,-3e-05,0.00013,3.69754,7e-05,-1e-05,-8e-05,3.68477,3.68905,0.00021,0.00026,2.31095,2.31523,True,True,2.31095,2.31523,True,True
09cb50eee0,Cs2Rb2Zr6FeBr18,1.3082,P-1,triclinic,10,Fe,26,2.0,-8.47083,-1e-05,-2e-05,1e-05,-8.4708,-2e-05,2e-05,-3e-05,-8.47078,-8.4708,4e-05,3e-05,10.4708,10.47083,True,True,10.4708,10.47083,True,True
09ccdd059e,Fe4BiSb7Te4,0.3577,P1,triclinic,0,Fe,26,3.0,-6.26901,-0.00139,0.00334,-0.00232,-5.98095,-0.00016,0.00228,0.00015,-6.26819,-6.17272,0.00487,0.00106,9.17272,9.26901,True,True,9.17272,9.26901,True,True
09ccdd059e,Fe4BiSb7Te4,0.3577,P1,triclinic,1,Fe,26,3.0,-4.70924,-0.00022,0.00515,-7e-05,-4.74056,-9e-05,0.00453,-0.00031,-4.70919,-4.71966,0.00687,0.00062,7.71966,7.74056,True,True,7.71966,7.74056,True,True
09ccdd059e,Fe4BiSb7Te4,0.3577,P1,triclinic,2,Fe,26,3.0,-7.0611,0.00182,0.00089,0.0021,-7.19942,0.00028,0.00178,-0.00017,-7.06096,-7.10716,0.00343,0.00089,10.10716,10.19942,True,True,10.10716,10.19942,True,True
09ccdd059e,Fe4BiSb7Te4,0.3577,P1,triclinic,3,Fe,26,3.0,-5.50139,-0.00025,-0.00369,-0.00022,-5.60669,0.00043,-0.00288,0.00053,-5.50171,-5.5366,0.00474,0.00081,8.5366,8.60669,True,True,8.5366,8.60669,True,True
09ccdd059e,Fe4BiSb7Te4,0.3577,P1,triclinic,5,Sb,51,-1.0,1.94998,0.00161,-0.00012,0.00101,1.95655,0.00059,-0.00192,0.00071,1.95215,1.95289,0.00286,0.00181,2.95289,2.95655,True,True,2.95289,2.95655,True,True
09ccdd059e,Fe4BiSb7Te4,0.3577,P1,triclinic,6,Sb,51,-1.0,2.28766,-0.0027,-0.0067,-0.00235,2.37026,-0.00013,-0.00404,-0.00019,2.28812,2.31535,0.00861,0.00265,3.31535,3.37026,True,True,3.31535,3.37026,True,True
09ccdd059e,Fe4BiSb7Te4,0.3577,P1,triclinic,7,Sb,51,-1.0,1.97319,-0.00275,0.00356,-0.00256,1.63442,0.00063,0.00276,0.00023,1.97173,1.85978,0.0059,0.0008,2.85978,2.97319,True,True,2.8597799999999998,2.9731899999999998,True,True
09ccdd059e,Fe4BiSb7Te4,0.3577,P1,triclinic,8,Sb,51,-1.0,2.71735,-0.00016,-0.00783,-0.00015,2.66767,-0.00088,-0.01028,-0.00072,2.71544,2.70015,0.01298,0.00244,3.70015,3.71735,True,True,3.70015,3.71735,True,True
09ccdd059e,Fe4BiSb7Te4,0.3577,P1,triclinic,9,Sb,51,-1.0,1.37561,-0.00295,-9e-05,-0.0028,1.70455,-0.00013,0.00038,8e-05,1.37595,1.48537,0.00409,0.00047,2.48537,2.70455,True,True,2.48537,2.7045500000000002,True,True
09ccdd059e,Fe4BiSb7Te4,0.3577,P1,triclinic,10,Sb,51,-1.0,1.35311,0.00123,-0.00385,0.00111,1.06895,-0.00064,-0.00607,-0.0007,1.35092,1.25766,0.00744,0.00221,2.25766,2.35311,True,True,2.25766,2.35311,True,True
09ccdd059e,Fe4BiSb7Te4,0.3577,P1,triclinic,11,Sb,51,-1.0,2.16948,0.00179,0.00487,0.00204,2.09228,-0.00026,0.0066,-0.00028,2.17012,2.14396,0.00865,0.00173,3.14396,3.17012,True,True,3.14396,3.17012,True,True
09ccdd059e,Fe4BiSb7Te4,0.3577,P1,triclinic,12,Te,52,-2.0,2.0038,0.00401,-0.00505,0.00325,2.38953,0.00093,-0.004,0.00053,2.00419,2.13251,0.00832,0.00105,4.13251,4.38953,True,True,4.13251,4.389530000000001,True,True
09ccdd059e,Fe4BiSb7Te4,0.3577,P1,triclinic,13,Te,52,-2.0,1.779,0.00154,0.0004,0.00151,1.47366,0.00017,0.00244,0.0004,1.77892,1.6772,0.00331,0.00204,3.6772,3.779,True,True,3.6772,3.779,True,True
09ccdd059e,Fe4BiSb7Te4,0.3577,P1,triclinic,14,Te,52,-2.0,1.14816,-0.00021,0.00027,0.00062,1.4641,-0.00074,0.00061,-0.00084,1.14796,1.25341,0.00146,0.00083,3.25341,3.4641,True,True,3.2534099999999997,3.4641,True,True
09ccdd059e,Fe4BiSb7Te4,0.3577,P1,triclinic,15,Te,52,-2.0,2.19714,-0.00246,0.00386,-0.00255,2.09423,0.00057,0.00434,0.00093,2.19994,2.16377,0.00689,0.00048,4.16377,4.19994,True,True,4.1637699999999995,4.19994,True,True
09d357d451,AgAu(SO4)2,1.1627,P2_1/c,monoclinic,4,S,16,6.0,3.60816,-0.06431,0.00105,-0.06317,3.54327,0.00127,0.00271,0.00124,3.60758,3.58634,0.09021,0.00166,2.41366,2.45673,True,True,2.41366,2.45673,True,True
09d357d451,AgAu(SO4)2,1.1627,P2_1/c,monoclinic,5,S,16,6.0,3.60758,-0.06431,-0.00271,-0.06317,3.54328,-0.00124,-0.00105,-0.00127,3.60816,3.58634,0.09021,0.00166,2.41366,2.45672,True,True,2.41366,2.45672,True,True
09d357d451,AgAu(SO4)2,1.1627,P2_1/c,monoclinic,6,S,16,6.0,3.5651,0.06317,-0.00271,0.06431,3.6294,0.00127,-0.00105,0.00124,3.56451,3.58634,0.09021,0.00166,2.41366,2.43549,True,True,2.41366,2.43549,True,True
09d357d451,AgAu(SO4)2,1.1627,P2_1/c,monoclinic,7,S,16,6.0,3.56451,0.06317,0.00105,0.06431,3.6294,-0.00124,0.00271,-0.00127,3.5651,3.58634,0.09021,0.00166,2.41366,2.43549,True,True,2.41366,2.43549,True,True
09d7a7615e,Cs4BiSb3Pt2,0.6832,Pm,monoclinic,5,Sb,51,-3.0,0.43723,0.00033,-7e-05,-2e-05,0.43771,5e-05,-7e-05,-5e-05,0.4382,0.43771,0.00036,0.00035,3.43771,3.4382,True,True,3.43771,3.4382,True,True
09d7a7615e,Cs4BiSb3Pt2,0.6832,Pm,monoclinic,6,Sb,51,-3.0,0.52151,-6e-05,0.00018,-0.00024,0.52126,-0.00014,0.00018,0.00014,0.52101,0.52126,0.00041,0.00028,3.52126,3.52151,True,True,3.52126,3.52151,True,True
09d7a7615e,Cs4BiSb3Pt2,0.6832,Pm,monoclinic,7,Sb,51,-3.0,0.16964,0.00023,0.00018,0.00019,0.16936,5e-05,0.00018,-5e-05,0.16908,0.16936,0.0004,0.0001,3.16936,3.16964,True,True,3.16936,3.1696400000000002,True,True
09d7a7615e,Cs4BiSb3Pt2,0.6832,Pm,monoclinic,8,Pt,78,2.0,-2.66075,-0.00016,-0.00069,-0.00012,-2.6725,6e-05,0.0005,-1e-05,-2.65981,-2.66436,0.00088,0.00119,4.66436,4.6725,True,True,4.66436,4.672499999999999,True,True
09d7a7615e,Cs4BiSb3Pt2,0.6832,Pm,monoclinic,9,Pt,78,2.0,-2.6689,-0.00016,0.0005,-0.00012,-2.65621,1e-05,-0.00069,-6e-05,-2.66796,-2.66435,0.00088,0.00119,4.66435,4.6689,True,True,4.664350000000001,4.6689,True,True
09ddad8cff,Rb3Co2Cl9,1.2257,P6_3/mmc,hexagonal,6,Co,27,3.0,-0.26013,-0.00066,-0.0,0.00066,-0.19729,2e-05,-0.0,-2e-05,-0.26013,-0.23919,0.00093,0.00131,3.23919,3.26013,True,True,3.23919,3.26013,True,True
09ddad8cff,Rb3Co2Cl9,1.2257,P6_3/mmc,hexagonal,7,Co,27,3.0,-0.21824,-0.00066,0.0,0.00066,-0.28108,2e-05,0.0,-2e-05,-0.21824,-0.23919,0.00093,0.00131,3.23919,3.28108,True,True,3.23919,3.28108,True,True
09ddad8cff,Rb3Co2Cl9,1.2257,P6_3/mmc,hexagonal,8,Co,27,3.0,-0.26013,-0.00066,0.0,0.00066,-0.1973,2e-05,0.0,-2e-05,-0.26013,-0.23919,0.00093,0.00131,3.23919,3.26013,True,True,3.23919,3.26013,True,True
09ddad8cff,Rb3Co2Cl9,1.2257,P6_3/mmc,hexagonal,9,Co,27,3.0,-0.21824,-0.00066,-0.0,0.00066,-0.28108,2e-05,-0.0,-2e-05,-0.21824,-0.23919,0.00093,0.00131,3.23919,3.28108,True,True,3.23919,3.28108,True,True
09e7fa7e13,Tm2VPtF14,2.0109,P2_1,monoclinic,4,V,23,4.0,6.43731,0.00165,-0.0001,0.00169,6.4687,0.00021,0.00058,-0.00053,6.43677,6.44759,0.0025,0.00074,2.44759,2.4687,True,True,2.44759,2.4687,True,True
09e7fa7e13,Tm2VPtF14,2.0109,P2_1,monoclinic,5,V,23,4.0,6.45788,-0.00169,-0.0001,-0.00165,6.42649,0.00053,0.00058,-0.00021,6.45842,6.44759,0.0025,0.00074,2.44759,2.45842,True,True,2.44759,2.4584200000000003,True,True
09e7fa7e13,Tm2VPtF14,2.0109,P2_1,monoclinic,6,Pt,78,4.0,1.94657,-0.00028,-0.00187,2e-05,1.94299,-0.00031,-0.00139,3e-05,1.94609,1.94522,0.00237,0.00048,2.05478,2.05701,True,True,2.05478,2.05701,True,True
09e7fa7e13,Tm2VPtF14,2.0109,P2_1,monoclinic,7,Pt,78,4.0,1.94386,-2e-05,-0.00187,0.00028,1.94744,-3e-05,-0.00139,0.00031,1.94435,1.94522,0.00237,0.00048,2.05478,2.05614,True,True,2.05478,2.05614,True,True
09e9fb5797,Cd3Hg(SeO4)4,1.5091,P-1,triclinic,4,Se,34,6.0,3.55886,-0.01238,0.00274,-0.01237,3.59585,-0.00013,0.00154,-0.00028,3.55924,3.57132,0.01779,0.0012,2.42868,2.44114,True,True,2.42868,2.44114,True,True
09e9fb5797,Cd3Hg(SeO4)4,1.5091,P-1,triclinic,5,Se,34,6.0,3.52731,-0.00751,-0.00204,-0.00733,3.5581,-9e-05,-0.00102,0.00016,3.52742,3.53761,0.01074,0.00102,2.46239,2.47269,True,True,2.46239,2.47269,True,True
09e9fb5797,Cd3Hg(SeO4)4,1.5091,P-1,triclinic,6,Se,34,6.0,3.5478,0.00733,0.00102,0.00751,3.51712,-9e-05,0.00204,0.00016,3.54791,3.53761,0.01074,0.00102,2.46239,2.48288,True,True,2.46239,2.48288,True,True
09e9fb5797,Cd3Hg(SeO4)4,1.5091,P-1,triclinic,7,Se,34,6.0,3.5834,0.01237,-0.00154,0.01238,3.54678,-0.00013,-0.00274,-0.00028,3.58378,3.57132,0.01779,0.0012,2.42868,2.45322,True,True,2.42868,2.45322,True,True
09ef56a889,DyErIrO6,0.1196,P2_1,monoclinic,8,Ir,77,6.0,3.46626,0.00115,-0.00073,0.00034,3.50937,0.0007,0.00226,0.00065,3.46235,3.47932,0.00282,0.00299,2.52068,2.53765,True,True,2.52068,2.53765,True,True
09ef56a889,DyErIrO6,0.1196,P2_1,monoclinic,9,Ir,77,6.0,3.46626,-0.00034,0.00073,-0.00115,3.50937,-0.00065,-0.00226,-0.0007,3.46235,3.47932,0.00282,0.00299,2.52068,2.53765,True,True,2.52068,2.53765,True,True
09ef56a889,DyErIrO6,0.1196,P2_1,monoclinic,10,Ir,77,6.0,3.37739,0.00019,1e-05,-0.00033,3.29877,-0.00072,0.00262,-0.00074,3.38003,3.35206,0.00284,0.00261,2.64794,2.70123,True,True,2.64794,2.70123,True,True
09ef56a889,DyErIrO6,0.1196,P2_1,monoclinic,11,Ir,77,6.0,3.3774,0.00033,-1e-05,-0.00019,3.29877,0.00074,-0.00262,0.00072,3.38003,3.35207,0.00284,0.00261,2.64793,2.70123,True,True,2.64793,2.70123,True,True
09f1cc4655,DyErV2(WO6)2,1.6913,Pc,monoclinic,4,V,23,3.0,5.63993,-0.00099,0.00356,0.00036,5.51857,0.00064,0.00433,0.00025,5.64048,5.59966,0.00574,0.00135,2.59966,2.64048,True,True,2.59966,2.64048,True,True
09f1cc4655,DyErV2(WO6)2,1.6913,Pc,monoclinic,5,V,23,3.0,5.5588,-0.00099,0.00433,0.00036,5.68072,-0.00025,0.00356,-0.00064,5.55935,5.59962,0.00574,0.00135,2.59962,2.68072,True,True,2.59962,2.68072,True,True
09f1cc4655,DyErV2(WO6)2,1.6913,Pc,monoclinic,6,V,23,3.0,5.88353,-0.00035,-0.00331,0.00141,5.75204,-0.00057,-0.00307,-0.00084,5.88475,5.84011,0.00486,0.00177,2.84011,2.88475,True,True,2.84011,2.8847500000000004,True,True
09f1cc4655,DyErV2(WO6)2,1.6913,Pc,monoclinic,7,V,23,3.0,5.79552,-0.00035,-0.00307,0.00141,5.92823,0.00084,-0.00331,0.00057,5.79674,5.84016,0.00486,0.00177,2.84016,2.92823,True,True,2.84016,2.92823,True,True
09f2439128,Rb8Ba4SiSnAs8,0.3212,P1,triclinic,12,Si,14,4.0,0.67557,-7e-05,-0.00012,-0.00028,0.65068,-8e-05,0.00017,0.00016,0.67532,0.66719,0.0004,0.00029,3.33281,3.34932,True,True,3.3328100000000003,3.34932,True,True
09f2439128,Rb8Ba4SiSnAs8,0.3212,P1,triclinic,13,Sn,50,4.0,1.32741,9e-05,0.00015,-0.00015,1.32887,-0.00028,0.00016,-0.00021,1.32824,1.32817,0.00045,0.00023,2.67183,2.67259,True,True,2.67183,2.67259,True,True
09f670882d,Cs12Na8Hf3TiAs12,0.9151,C2,monoclinic,20,Hf,72,4.0,1.68265,-0.00011,-0.00127,5e-05,1.68278,-7e-05,-0.00056,-8e-05,1.6829,1.68278,0.0014,0.00071,2.31722,2.31735,True,True,2.31722,2.3173500000000002,True,True
09f670882d,Cs12Na8Hf3TiAs12,0.9151,C2,monoclinic,21,Hf,72,4.0,1.46287,5e-05,0.00159,0.00024,1.46305,4e-05,0.00119,5e-05,1.46322,1.46305,0.00201,0.0004,2.53695,2.53713,True,True,2.53695,2.5371300000000003,True,True
09f670882d,Cs12Na8Hf3TiAs12,0.9151,C2,monoclinic,22,Hf,72,4.0,1.70256,-6e-05,0.00059,0.0001,1.70268,-8e-05,0.00129,-8e-05,1.70281,1.70268,0.00143,0.0007,2.29732,2.29744,True,True,2.29732,2.29744,True,True
09f670882d,Cs12Na8Hf3TiAs12,0.9151,C2,monoclinic,23,Ti,22,4.0,0.91009,-7e-05,-0.00033,8e-05,0.91024,9e-05,-0.00158,0.0001,0.91039,0.91024,0.00163,0.00126,3.08976,3.08991,True,True,3.08976,3.08991,True,True
09f6b4fdc0,Tb4DyErNiBr10,0.507,P1,triclinic,6,Ni,28,1.0,-5.53604,-9e-05,0.00018,0.0,-5.50947,0.00014,-0.0002,0.00017,-5.5363,-5.52727,0.00036,0.00038,6.52727,6.5363,True,True,6.52727,6.5363,True,True
