material_id,dataset,formula,unit_cell_formula,num_atoms,bandgap_eV,max_asr_drift_e,avg_bec_trace,split_type
JVASP-12014,jarvis,ZrBrN,Zr6Br6N6,18,1.47,6e-05,0.0,train
JVASP-12015,jarvis,PdSeO3,Pd2Se2O6,10,1.154,2e-05,-0.0,train
JVASP-12017,jarvis,NbBr2O,Nb4Br8O4,16,0.767,2e-05,0.0,train
JVASP-12018,jarvis,SrSbSe2F,Sr2Sb2Se4F2,10,0.193,1e-05,-0.0,train
JVASP-12026,jarvis,Nb(SeBr)2,Nb4Se8Br8,20,0.817,4e-05,-0.0,train
JVASP-12027,jarvis,ZrBrN,Zr2Br2N2,6,1.872,2e-05,-0.0,train
JVASP-11815,jarvis,Li3VO4,Li6V2O8,16,3.827,0.00436,0.0001,train
JVASP-11820,jarvis,BaNiO3,Ba2Ni2O6,10,1.091,2e-05,0.0,train
JVASP-119,jarvis,Rb2Te,Rb8Te4,12,1.887,0.008,-0.0007,train
JVASP-1195,jarvis,ZnO,Zn2O2,4,0.965,1e-05,-0.0,train
JVASP-1198,jarvis,ZnTe,Zn4Te4,8,1.057,0.0,0.0,train
JVASP-10001,jarvis,Li2ZrTeO6,Li6Zr3Te3O18,30,2.857,0.00188,-0.0,train
JVASP-10013,jarvis,KGeNO,K4Ge4N4O4,16,2.894,0.0435,0.0012,train
JVASP-10039,jarvis,Mg(SbO2)2,Mg2Sb4O8,14,1.837,0.00175,0.0001,train
JVASP-10080,jarvis,CaZrSi2O7,Ca2Zr2Si4O14,22,4.792,0.01046,-0.0003,train
JVASP-10088,jarvis,KCrP2S7,K2Cr2P4S14,22,1.153,0.02886,-0.0006,train
JVASP-10122,jarvis,NaP,Na8P8,16,0.943,0.03,-0.0012,train
JVASP-10479,jarvis,RbS,Rb6S6,12,1.735,1e-05,-0.0,train
JVASP-10480,jarvis,RbSe,Rb6Se6,12,0.871,1e-05,0.0,train
JVASP-10493,jarvis,Li3AsO4,Li6As2O8,16,4.384,0.0087,0.0004,train
JVASP-10496,jarvis,NaAlO2,Na4Al4O8,16,4.145,0.00436,0.0001,train
JVASP-10499,jarvis,Cu2SiS3,Cu8Si4S12,24,1.331,4e-05,0.0,train
JVASP-10572,jarvis,Rb3NbO8,Rb6Nb2O16,24,2.683,6e-05,-0.0,train
JVASP-10576,jarvis,BaAl2B2O7,Ba3Al6B6O21,36,4.691,6e-05,0.0,train
JVASP-10587,jarvis,Ag2GeS3,Ag8Ge4S12,24,0.365,0.36912,-0.0084,train
JVASP-10591,jarvis,ZnS,Zn6S6,12,2.102,0.00898,-0.0007,train
JVASP-12028,jarvis,InBr3,In4Br12,16,2.31,4e-05,0.0,train
JVASP-12033,jarvis,YI3,Y6I18,24,2.676,3e-05,0.0,train
JVASP-12038,jarvis,AlHO2,Al2H2O4,8,5.168,2e-05,-0.0,train
JVASP-12051,jarvis,BiOF,Bi6O6F6,18,2.983,3e-05,0.0,train
JVASP-12058,jarvis,Si3H,Si6H2,8,0.959,1e-05,0.0,train
JVASP-12164,jarvis,YBr3,Y4Br12,16,3.59,4e-05,-0.0,train
JVASP-12165,jarvis,NdIO,Nd2I2O2,6,3.679,2e-05,-0.0,train
JVASP-12166,jarvis,HoBrO,Ho6Br6O6,18,3.77,6e-05,0.0,train
JVASP-12167,jarvis,ErClO,Er2Cl2O2,6,5.089,0.0,0.0,train
JVASP-12168,jarvis,Hg(ClO3)2,Hg2Cl4O12,18,3.289,0.05105,-0.0006,train
JVASP-12178,jarvis,Li2WS4,Li2W1S4,7,1.318,2e-05,0.0,train
JVASP-11187,jarvis,Rb2LiAsO4,Rb8Li4As4O16,32,3.905,0.03564,0.0006,train
JVASP-11192,jarvis,NaGe2N3,Na4Ge8N12,24,2.479,4e-05,0.0,train
JVASP-11200,jarvis,Na2PtSe2,Na8Pt4Se8,20,0.995,4e-05,0.0,train
JVASP-1121,jarvis,SrSe,Sr4Se4,8,2.24,0.01684,-0.0021,train
JVASP-11212,jarvis,KAsSe2,K8As8Se16,32,1.532,0.04184,-0.0007,train
JVASP-1127,jarvis,KTaO3,K1Ta1O3,5,2.228,0.00614,-0.0012,train
JVASP-1133,jarvis,CeO2,Ce4O8,12,2.211,0.00988,0.0007,train
JVASP-1136,jarvis,BaF2,Ba4F8,12,6.82,0.02608,-0.0022,train
JVASP-11387,jarvis,Li2GeO3,Li8Ge4O12,24,3.695,4e-05,0.0,train
JVASP-11399,jarvis,Sc4C3,Sc16C12,28,0.315,0.47104,-0.0168,train
JVASP-11412,jarvis,SrAl2B2O7,Sr3Al6B6O21,36,4.727,6e-05,0.0,train
JVASP-12103,jarvis,AuBr,Au4Br4,8,1.504,0.0,0.0,train
JVASP-12110,jarvis,HfNCl,Hf6N6Cl6,18,2.212,3e-05,-0.0,train
JVASP-12112,jarvis,ScBrO,Sc2Br2O2,6,3.222,1e-05,-0.0,train
JVASP-12119,jarvis,CrAg(PS3)2,Cr2Ag2P4S12,20,0.812,4e-05,-0.0,train
JVASP-12122,jarvis,ScIO,Sc4I4O4,12,1.946,1e-05,0.0,train
JVASP-12125,jarvis,ZnWO4,Zn4W4O16,24,0.615,6e-05,0.0,train
JVASP-12129,jarvis,ZnCl2,Zn2Cl4,6,3.758,0.0,0.0,train
JVASP-10173,jarvis,SbTe,Sb6Te6,12,0.084,2e-05,-0.0,train
JVASP-10177,jarvis,SbAsO4,Sb2As2O8,12,3.247,2e-05,0.0,train
JVASP-10178,jarvis,HfSO,Hf4S4O4,12,2.87,2e-05,-0.0,train
JVASP-10179,jarvis,MgGeN2,Mg4Ge4N8,16,2.854,0.0043,-0.0002,train
JVASP-10181,jarvis,GeO2,Ge4O8,12,3.207,0.00128,-0.0,train
JVASP-10190,jarvis,SrP,Sr6P6,12,0.65,2e-05,0.0,train
JVASP-10213,jarvis,Li2ZnGeO4,Li4Zn2Ge2O8,16,3.257,0.01105,0.0002,train
JVASP-1023,jarvis,Te,Te3,3,0.165,0.0,0.0,train
JVASP-11436,jarvis,CoAsS,Co4As4S4,12,0.893,4e-05,-0.0,train
JVASP-1145,jarvis,KCl,K4Cl4,8,5.326,0.01608,-0.0019,train
JVASP-11481,jarvis,RbLiCrO4,Rb2Li2Cr2O8,14,2.793,0.0597,0.0028,train
JVASP-11490,jarvis,Na4CoO3,Na16Co4O12,32,0.441,0.01904,-0.0003,train
JVASP-11492,jarvis,Na2NiO2,Na8Ni4O8,20,0.858,4e-05,-0.0,train
JVASP-12131,jarvis,HfIN,Hf6I6N6,18,0.99,3e-05,-0.0,train
JVASP-12136,jarvis,ZrNCl,Zr6N6Cl6,18,1.77,0.0,-0.0,train
JVASP-12138,jarvis,CuBi(PSe3)2,Cu2Bi2P4Se12,20,0.574,4e-05,0.0,train
JVASP-12141,jarvis,Ba(BSe3)2,Ba4B8Se24,36,1.626,4e-05,0.0,train
JVASP-1240,jarvis,LiNbO3,Li6Nb6O18,30,3.339,6e-05,0.0,train
JVASP-12437,jarvis,KInP2S7,K2In2P4S14,22,2.021,0.00888,-0.0001,train
JVASP-1245,jarvis,CdF2,Cd4F8,12,3.063,0.0056,-0.0005,train
JVASP-12452,jarvis,K2PbO3,K8Pb4O12,24,1.312,4e-05,-0.0,train
JVASP-12460,jarvis,ClO3,Cl8O24,32,1.221,0.46262,0.0048,train
JVASP-12464,jarvis,ZnCl2,Zn4Cl8,12,3.948,4e-05,-0.0,train
JVASP-12467,jarvis,LiIO3,Li2I2O6,10,3.663,1e-05,0.0,train
JVASP-11074,jarvis,HoAgSe2,Ho4Ag4Se8,16,1.233,0.01724,-0.0007,train
JVASP-1109,jarvis,SnS,Sn4S4,8,1.018,0.0275,0.0014,train
JVASP-11119,jarvis,ZnSnO3,Zn6Sn6O18,30,1.329,6e-05,-0.0,train
JVASP-1112,jarvis,PbS,Pb4S4,8,0.564,0.01812,0.0023,train
JVASP-11129,jarvis,KPrSiSe4,K2Pr2Si2Se8,14,2.131,2e-05,-0.0,train
JVASP-11133,jarvis,CuB(CN)4,Cu1B1C4N4,10,3.312,0.00918,-0.0009,train
JVASP-1115,jarvis,PbSe,Pb4Se4,8,0.513,0.0058,0.0007,train
JVASP-11152,jarvis,PdF4,Pd8F32,40,0.768,8e-05,-0.0,train
JVASP-11169,jarvis,K3NbO8,K6Nb2O16,24,2.647,6e-05,-0.0,train
JVASP-10662,jarvis,Na2PdS2,Na8Pd4S8,20,1.059,0.0,-0.0,train
JVASP-10663,jarvis,Na2PtS2,Na8Pt4S8,20,1.27,4e-05,-0.0,train
JVASP-1067,jarvis,Bi2Se3,Bi6Se9,15,0.319,3e-05,-0.0,train
JVASP-10675,jarvis,AgB(CN)4,Ag1B1C4N4,10,4.285,0.00812,-0.0007,train
JVASP-10676,jarvis,Na4ReN3,Na16Re4N12,32,2.506,0.0327,-0.0004,train
JVASP-107,jarvis,SiC,Si4C4,8,2.495,2e-05,-0.0,train
JVASP-10706,jarvis,RbAs,Rb8As8,16,0.676,0.03966,-0.0014,train
JVASP-11598,jarvis,Al5CuSe8,Al20Cu4Se32,56,0.735,0.0355,0.0006,train
JVASP-116,jarvis,MgO,Mg4O4,8,5.131,0.00072,0.0001,train
JVASP-11661,jarvis,Fe3PO7,Fe9P3O21,33,0.197,6e-05,0.0,train
JVASP-1167,jarvis,BeS,Be4S4,8,3.395,0.0,0.0,train
JVASP-1169,jarvis,ThO2,Th4O8,12,4.823,0.03076,-0.0026,train
JVASP-11696,jarvis,K3CrO8,K6Cr2O16,24,1.582,6e-05,0.0,train
JVASP-11697,jarvis,LiFeAs2O7,Li2Fe2As4O14,22,0.633,2e-05,-0.0,train
JVASP-1171,jarvis,Na2S,Na8S4,12,2.59,0.00336,-0.0003,train
JVASP-1207,jarvis,CdAs2,Cd4As8,12,0.109,0.11068,-0.0058,train
JVASP-12086,jarvis,ThI4,Th4I16,20,1.98,2e-05,-0.0,train
JVASP-12088,jarvis,SiP,Si24P24,48,1.244,7e-05,-0.0,train
JVASP-10973,jarvis,CoHgC4(SeN)4,Co2Hg2C8Se8N8,28,0.835,0.05452,0.0007,train
JVASP-10979,jarvis,Ag3PS4,Ag6P2S8,16,1.154,0.02418,-0.001,train
JVASP-11006,jarvis,KAlO2,K4Al4O8,16,4.152,0.00252,0.0001,train
JVASP-1103,jarvis,TePb,Te4Pb4,8,1.119,0.99708,-0.1244,train
JVASP-11052,jarvis,CaMn2F10,Ca2Mn4F20,26,0.608,0.20708,0.003,train
JVASP-11719,jarvis,LiCo(CO)4,Li1Co1C4O4,10,3.906,0.13362,-0.012,train
JVASP-11724,jarvis,NaV(OF)2,Na2V2O4F4,12,2.125,2e-05,-0.0,train
JVASP-1174,jarvis,GaAs,Ga4As4,8,0.085,0.0,0.0,train
JVASP-11748,jarvis,Na4FeO3,Na16Fe4O12,32,0.744,0.16194,-0.0018,train
JVASP-11769,jarvis,MnTeMoO6,Mn2Te2Mo2O12,18,1.034,0.57687,-0.0106,train
JVASP-11775,jarvis,Na3MoNO3,Na6Mo2N2O6,16,3.81,0.03815,0.0009,train
JVASP-11782,jarvis,Rb2LiVO4,Rb8Li4V4O16,32,3.769,0.03082,0.0003,train
JVASP-11785,jarvis,LiMnBO3,Li3Mn3B3O9,18,1.63,0.0175,0.0002,train
JVASP-12151,jarvis,Ni(HO)2,Ni3H6O6,15,0.616,0.00291,0.0002,train
JVASP-12152,jarvis,Zr(MoO4)2,Zr2Mo4O16,22,2.837,0.33532,-0.0053,train
JVASP-12158,jarvis,Y2GeI2,Y6Ge3I6,15,0.222,3e-05,-0.0,train
JVASP-1216,jarvis,Cu2O,Cu4O2,6,0.644,0.00436,-0.0007,train
JVASP-12160,jarvis,Al2Si4O11,Al2Si4O11,17,4.289,1e-05,-0.0,train
JVASP-12161,jarvis,HgPSe3,Hg8P8Se24,40,1.004,4e-05,0.0,train
JVASP-12181,jarvis,As2Se3,As8Se12,20,1.136,2e-05,-0.0,train
JVASP-12183,jarvis,VBr2,V1Br2,3,1.143,1e-05,-0.0,train
JVASP-12186,jarvis,SiAs2,Si8As16,24,0.872,4e-05,0.0,train
JVASP-12188,jarvis,AuClO2,Au4Cl4O8,16,0.844,0.18094,0.0016,train
JVASP-12193,jarvis,SnF4,Sn2F8,10,3.368,0.00139,-0.0001,train
JVASP-122,jarvis,SnSe2,Sn1Se2,3,0.471,0.0,0.0,train
JVASP-10123,jarvis,KP,K8P8,16,1.132,0.03076,-0.0016,train
JVASP-10124,jarvis,RbSb,Rb8Sb8,16,0.606,0.05918,-0.001,train
JVASP-10125,jarvis,Rb2S3,Rb8S12,20,1.382,4e-05,0.0,train
JVASP-10126,jarvis,Rb2Se3,Rb8Se12,20,0.712,4e-05,0.0,train
JVASP-10128,jarvis,SnF2,Sn4F8,12,3.572,2e-05,0.0,train
JVASP-10129,jarvis,SnF2,Sn4F8,12,3.453,0.0466,-0.0021,train
JVASP-10141,jarvis,Hg3(SF)2,Hg12S8F8,28,1.909,0.005,-0.0002,train
JVASP-10142,jarvis,GeF2,Ge4F8,12,4.299,0.0,-0.0,train
JVASP-10154,jarvis,K2Se3,K8Se12,20,0.69,4e-05,0.0,train
JVASP-12235,jarvis,TiMnO3,Ti6Mn6O18,30,0.609,0.04014,-0.0009,train
JVASP-1225,jarvis,Bi2O3,Bi8O12,20,2.189,2e-05,0.0,train
JVASP-12252,jarvis,Na3VS3O,Na12V4S12O4,32,1.874,0.24334,-0.0025,train
JVASP-12274,jarvis,InGaS3,In4Ga4S12,20,1.547,4e-05,0.0,train
JVASP-1231,jarvis,BaTiO3,Ba3Ti3O9,15,2.444,3e-05,0.0,train
JVASP-12314,jarvis,Ga2PbO4,Ga8Pb4O16,28,3.626,0.00416,-0.0001,train
JVASP-12331,jarvis,K2Pb2O3,K8Pb8O12,28,1.968,0.07238,-0.0026,train
JVASP-12384,jarvis,Rb2PbO3,Rb8Pb4O12,24,1.37,4e-05,-0.0,train
JVASP-12393,jarvis,UO3,U4O12,16,1.971,0.03118,-0.0013,train
JVASP-10240,jarvis,KAlSiO4,K2Al2Si2O8,14,4.75,0.00393,0.0001,train
JVASP-10241,jarvis,TeO2,Te4O8,12,3.112,2e-05,0.0,train
JVASP-10250,jarvis,Tl4SiS4,Tl16Si4S16,36,1.996,0.06249,0.0001,train
JVASP-10264,jarvis,SbIrS,Sb4Ir4S4,12,1.414,0.0,0.0,train
JVASP-10271,jarvis,K3SbSe4,K18Sb6Se24,48,1.224,0.07407,0.0006,train
JVASP-104,jarvis,TiO2,Ti4O8,12,2.023,0.00244,0.0001,train
JVASP-11997,jarvis,As,As8,8,0.077,0.0,0.0,train
JVASP-12005,jarvis,SbAsO3,Sb4As4O12,20,3.398,4e-05,0.0,train
JVASP-1201,jarvis,CuCl,Cu4Cl4,8,0.729,0.0,0.0,train
JVASP-12010,jarvis,MoO3,Mo4O12,16,1.92,2e-05,-0.0,train
JVASP-12013,jarvis,CrGeTe3,Cr6Ge6Te18,30,0.303,4e-05,-0.0,train
JVASP-10727,jarvis,RbCd(NO2)3,Rb3Cd3N9O18,33,2.234,3e-05,0.0,train
JVASP-10734,jarvis,Ca(SbO2)4,Ca2Sb8O16,26,1.519,0.0068,-0.0,train
JVASP-10736,jarvis,Mg(SbO2)4,Mg1Sb4O8,13,1.358,0.00507,-0.0003,train
JVASP-10785,jarvis,LiGaSe2,Li4Ga4Se8,16,2.094,0.01068,-0.0003,train
JVASP-10797,jarvis,BAsO4,B3As3O12,18,4.146,0.00202,-0.0,train
JVASP-10806,jarvis,TiO2,Ti12O24,36,2.389,0.14979,-0.0024,train
JVASP-10852,jarvis,TiZn(BiO3)2,Ti1Zn1Bi2O6,10,0.896,0.00252,0.0001,train
JVASP-1130,jarvis,LiF,Li4F4,8,9.479,0.00188,0.0002,train
JVASP-11300,jarvis,MgSnF4,Mg2Sn2F8,12,3.698,0.00064,-0.0,train
JVASP-11315,jarvis,MgNiF4,Mg4Ni4F16,24,1.106,0.1164,-0.0016,train
JVASP-11321,jarvis,ZnSbF5,Zn2Sb2F10,14,4.122,0.00443,0.0002,train
JVASP-10862,jarvis,Al2Se3,Al8Se12,20,1.945,0.04308,-0.0016,train
JVASP-10867,jarvis,SiC,Si15C15,30,2.25,0.03156,-0.0007,train
JVASP-10875,jarvis,AlAgO2,Al4Ag4O8,16,0.985,0.0066,-0.0002,train
JVASP-10883,jarvis,KTbGeS4,K2Tb2Ge2S8,14,2.325,0.14439,0.0011,train
JVASP-10884,jarvis,KPrGeSe4,K2Pr2Ge2Se8,14,1.521,0.2092,0.005,train
JVASP-10908,jarvis,CaTi2F10,Ca2Ti4F20,26,4.126,0.0359,-0.0006,train
JVASP-1091,jarvis,ZrNiSn,Zr4Ni4Sn4,12,0.486,0.0,0.0,train
JVASP-10913,jarvis,CaBiAsO6,Ca2Bi2As2O12,18,0.367,0.07196,-0.0028,train
JVASP-11507,jarvis,MoO3,Mo4O12,16,2.252,0.00734,-0.0001,train
JVASP-11523,jarvis,SbF4,Sb2F8,10,2.438,0.00186,-0.0002,train
JVASP-11550,jarvis,Ca2SnN2,Ca8Sn4N8,20,0.834,0.01072,0.0002,train
JVASP-11572,jarvis,BiF4,Bi2F8,10,1.285,0.00102,-0.0,train
JVASP-11597,jarvis,Al5CuS8,Al20Cu4S32,56,1.585,0.02011,0.0004,train
JVASP-1345,jarvis,YbTe,Yb4Te4,8,1.486,0.03132,-0.0039,train
JVASP-1351,jarvis,YbS,Yb4S4,8,2.207,0.08296,-0.0104,train
JVASP-1357,jarvis,SrTe,Sr4Te4,8,1.772,0.08828,-0.011,train
JVASP-1360,jarvis,Li2O,Li8O4,12,5.448,0.00384,-0.0003,train
JVASP-1366,jarvis,Li3Sb,Li12Sb4,16,0.919,0.07056,-0.0035,train
JVASP-137,jarvis,SiS2,Si4S8,12,2.727,0.0,0.0,train
JVASP-1372,jarvis,AlAs,Al4As4,8,1.681,0.0,0.0,train
JVASP-12570,jarvis,NdH3(CO2)3,Nd3H9C9O18,39,4.368,6e-05,-0.0,train
JVASP-12571,jarvis,HgHOF,Hg4H4O4F4,16,1.395,0.04524,-0.0006,train
JVASP-12574,jarvis,SrGe(HO2)2,Sr4Ge4H8O16,32,4.265,0.03904,-0.0003,train
JVASP-12575,jarvis,BaH4O3,Ba2H8O6,16,4.419,0.00906,-0.0002,train
JVASP-12577,jarvis,H2O2,H8O8,16,4.202,0.06764,-0.0029,train
JVASP-12586,jarvis,PHF2,P4H4F8,16,3.518,0.0265,0.0003,train
JVASP-1261,jarvis,HgF,Hg4F4,8,1.83,0.0,0.0,train
JVASP-12481,jarvis,BNCl2,B9N9Cl18,36,2.68,0.02067,0.0003,train
JVASP-125,jarvis,PtS2,Pt1S2,3,0.721,1e-05,-0.0,train
JVASP-12500,jarvis,AgHgSI,Ag4Hg4S4I4,16,1.233,0.01026,-0.0006,train
JVASP-12508,jarvis,Th3Bi4,Th12Bi16,28,0.12,0.31245,0.0111,train
JVASP-12517,jarvis,Bi(BO2)3,Bi2B6O12,20,3.973,4e-05,0.0,train
JVASP-12519,jarvis,Zn(IO3)2,Zn2I4O12,18,3.145,0.03608,0.0009,train
JVASP-12522,jarvis,Hg(IO3)2,Hg2I4O12,18,2.74,0.01318,-0.0004,train
JVASP-12528,jarvis,GeBi2O5,Ge4Bi8O20,32,2.445,0.02754,-0.0005,train
JVASP-12551,jarvis,YH3(CO2)3,Y3H9C9O18,39,4.228,0.00537,0.0,train
JVASP-12554,jarvis,LiH2N,Li8H16N8,32,3.518,0.00647,-0.0002,train
JVASP-1256,jarvis,PbF2,Pb4F8,12,4.582,0.01,-0.0008,train
JVASP-12562,jarvis,BeAlH5,Be2Al2H10,14,3.744,2e-05,0.0,train
JVASP-12564,jarvis,LiMgH3,Li6Mg6H18,30,4.292,6e-05,0.0,train
JVASP-12567,jarvis,Mg3Si2H4O9,Mg3Si2H4O9,18,4.408,0.00256,0.0,train
JVASP-12916,jarvis,Br2O,Br8O4,12,1.141,4e-05,-0.0,train
JVASP-12932,jarvis,RbBrF4,Rb4Br4F16,24,3.07,4e-05,0.0,train
JVASP-1294,jarvis,BaSe,Ba4Se4,8,1.915,0.1704,-0.0213,train
JVASP-12952,jarvis,Na3PS4,Na6P2S8,16,2.234,0.00754,-0.0004,train
JVASP-1297,jarvis,Na2Se,Na8Se4,12,2.173,0.00912,-0.0007,train
JVASP-12978,jarvis,Li10BrN3,Li10Br1N3,14,1.712,0.00888,0.0004,train
JVASP-12983,jarvis,Sr(BiO2)2,Sr4Bi8O16,28,2.48,4e-05,0.0,train
JVASP-13891,jarvis,Yb(NdS2)2,Yb4Nd8S16,28,1.69,0.10803,-0.0019,train
JVASP-13894,jarvis,FePb2(CN)6,Fe1Pb2C6N6,15,3.373,0.01887,-0.0,train
JVASP-1390,jarvis,SrO,Sr4O4,8,3.405,0.0566,-0.0071,train
JVASP-13904,jarvis,AgClO2,Ag4Cl4O8,16,0.783,4e-05,0.0,train
JVASP-13915,jarvis,H2SeO4,H8Se4O16,28,3.401,0.01866,-0.0001,train
JVASP-13916,jarvis,AlCl3,Al4Cl12,16,5.254,4e-05,0.0,train
JVASP-13928,jarvis,Pd(SeCl3)2,Pd4Se8Cl24,36,1.629,0.68526,0.0081,train
JVASP-12763,jarvis,Li7SbO6,Li21Sb3O18,42,3.719,0.05979,-0.0005,train
JVASP-12782,jarvis,Be4TeO7,Be16Te4O28,48,1.467,5e-05,-0.0,train
JVASP-12790,jarvis,LiBO2,Li4B4O8,16,7.473,4e-05,-0.0,train
JVASP-1285,jarvis,BaO2,Ba2O4,6,2.327,2e-05,0.0,train
JVASP-12862,jarvis,In5AgSe8,In5Ag1Se8,14,0.215,0.21225,-0.0117,train
JVASP-12870,jarvis,LiAlO2,Li3Al3O6,12,6.76,0.00549,-0.0003,train
JVASP-1288,jarvis,Li2S,Li8S4,12,3.502,0.00196,-0.0002,train
JVASP-1300,jarvis,MgS,Mg4S4,8,2.945,0.00612,-0.0007,train
JVASP-13017,jarvis,GaCuCl4,Ga2Cu2Cl8,12,1.885,2e-05,-0.0,train
JVASP-13028,jarvis,Pd(Se3Cl)2,Pd2Se12Cl4,18,1.01,2e-05,0.0,train
JVASP-13040,jarvis,Na4SnS4,Na8Sn2S8,18,2.053,0.03104,-0.0011,train
JVASP-13047,jarvis,K4Sb2O3,K8Sb4O6,18,1.388,0.02712,0.0009,train
JVASP-13058,jarvis,ZnCN2,Zn8C8N16,32,3.582,0.05335,-0.0006,train
JVASP-1306,jarvis,BaO,Ba4O4,8,2.048,0.11592,-0.0145,train
JVASP-13066,jarvis,IO2F,I4O8F4,16,2.765,0.07878,-0.001,train
JVASP-13067,jarvis,TlBSe3,Tl2B2Se6,10,0.923,0.0225,-0.0001,train
JVASP-13081,jarvis,Ba(BS2)2,Ba4B8S16,28,2.673,0.04788,-0.0007,train
JVASP-1375,jarvis,Li3N,Li3N1,4,1.292,0.00191,-0.0003,train
JVASP-13762,jarvis,PbS,Pb4S4,8,1.293,0.0,0.0,train
JVASP-13785,jarvis,GaTeCl,Ga4Te4Cl4,12,2.005,4e-05,-0.0,train
JVASP-13789,jarvis,AlICl6,Al2I2Cl12,16,2.134,0.24279,0.0088,train
JVASP-13792,jarvis,SCl,S32Cl32,64,2.531,0.31479,-0.0022,train
JVASP-13795,jarvis,Ca2IN,Ca4I2N2,8,2.406,0.02558,-0.0018,train
JVASP-1381,jarvis,Li2Se,Li8Se4,12,3.252,0.00488,-0.0004,train
JVASP-13815,jarvis,MgGeO3,Mg4Ge4O12,20,2.734,0.01096,-0.0003,train
JVASP-13085,jarvis,AuBrF6,Au2Br2F12,16,1.927,0.2051,0.0069,train
JVASP-13087,jarvis,Si2CN4,Si8C4N16,28,4.464,0.00324,-0.0,train
JVASP-1309,jarvis,CaSe,Ca4Se4,8,2.137,0.05748,-0.0072,train
JVASP-13093,jarvis,Mg5(HO3)2,Mg5H2O6,13,4.264,2e-05,0.0,train
JVASP-13094,jarvis,Mg4H2O5,Mg4H2O5,11,4.547,2e-05,-0.0,train
JVASP-13095,jarvis,Mg3(HO2)2,Mg6H4O8,18,4.25,2e-05,0.0,train
JVASP-131,jarvis,SnS2,Sn1S2,3,1.224,1e-05,0.0,train
JVASP-13103,jarvis,Sr2SnS4,Sr8Sn4S16,28,2.444,0.00928,-0.0002,train
JVASP-13113,jarvis,Tl2ZnI4,Tl4Zn2I8,14,2.798,0.03673,0.0009,train
JVASP-1312,jarvis,BP,B4P4,8,1.515,0.0,0.0,train
JVASP-1501,jarvis,KPrTe2,K3Pr3Te6,12,1.265,0.04509,-0.0014,train
JVASP-1504,jarvis,NaTaN2,Na3Ta3N6,12,1.33,0.05589,-0.0031,train
JVASP-1507,jarvis,NaHoS2,Na3Ho3S6,12,2.328,0.01932,-0.0002,train
JVASP-1510,jarvis,RbNdTe2,Rb3Nd3Te6,12,1.288,0.04611,-0.0021,train
JVASP-1513,jarvis,TiCoSb,Ti4Co4Sb4,12,1.071,4e-05,0.0,train
JVASP-1516,jarvis,RbHoO2,Rb3Ho3O6,12,3.678,0.00483,0.0002,train
JVASP-1519,jarvis,ScCuS2,Sc1Cu1S2,4,0.926,1e-05,0.0,train
JVASP-1393,jarvis,GaP,Ga4P4,8,1.482,0.0,0.0,train
JVASP-13942,jarvis,Nb3SBr7,Nb3S1Br7,11,0.74,3e-05,-0.0,train
JVASP-13950,jarvis,BeBr2,Be4Br8,12,5.436,0.00304,-0.0002,train
JVASP-13955,jarvis,Bi2TeSe2,Bi6Te3Se6,15,0.618,0.0,0.0,train
JVASP-13963,jarvis,ScOF,Sc4O4F4,12,4.586,0.05632,-0.0022,train
JVASP-13971,jarvis,Nd2O3,Nd2O3,5,1.577,0.00394,-0.0001,train
JVASP-1399,jarvis,Li2Te,Li8Te4,12,2.605,0.00136,-0.0001,train
JVASP-14002,jarvis,LiYMo3O8,Li1Y1Mo3O8,13,1.327,0.04043,-0.0012,train
JVASP-14003,jarvis,LiScMo3O8,Li1Sc1Mo3O8,13,1.236,0.04132,-0.0013,train
JVASP-12881,jarvis,FeSeCl7,Fe2Se2Cl14,18,1.139,0.01057,0.0004,train
JVASP-12889,jarvis,Na4SnO3,Na16Sn4O12,32,1.987,0.11118,0.0012,train
JVASP-12896,jarvis,PtI2,Pt4I8,12,1.125,2e-05,-0.0,train
JVASP-12900,jarvis,TlI3,Tl4I12,16,1.417,4e-05,-0.0,train
JVASP-12904,jarvis,GeH3Cl,Ge4H12Cl4,20,4.615,4e-05,0.0,train
JVASP-1291,jarvis,YbO,Yb4O4,8,3.581,0.01184,-0.0015,train
JVASP-12910,jarvis,SrH4O3,Sr2H8O6,16,4.546,0.00257,0.0001,train
JVASP-12912,jarvis,Ga2TeSe2,Ga8Te4Se8,20,1.633,4e-05,-0.0,train
JVASP-14011,jarvis,KCN,K2C2N2,6,4.967,2e-05,-0.0,train
JVASP-14047,jarvis,Rb3Mo2Cl9,Rb6Mo4Cl18,28,0.677,4e-05,0.0,train
JVASP-1405,jarvis,CaO,Ca4O4,8,3.742,0.02244,-0.0028,train
JVASP-14072,jarvis,ErF3,Er4F12,16,8.094,0.0005,-0.0,train
JVASP-1408,jarvis,AlSb,Al4Sb4,8,1.322,0.0,0.0,train
JVASP-14101,jarvis,InCu(PSe3)2,In2Cu2P4Se12,20,0.142,2e-05,0.0,train
JVASP-1411,jarvis,LiN3,Li2N6,8,3.713,0.00468,-0.0003,train
JVASP-14116,jarvis,YF3,Y4F12,16,7.874,0.00056,0.0,train
JVASP-14125,jarvis,Tl2Sn2S3,Tl8Sn8S12,28,0.562,0.40366,0.0053,train
JVASP-1315,jarvis,BaS,Ba4S4,8,2.148,0.13816,-0.0172,train
JVASP-13178,jarvis,LiCrP2O7,Li2Cr2P4O14,22,1.716,0.00926,-0.0002,train
JVASP-1318,jarvis,CaTe,Ca4Te4,8,1.559,0.01732,-0.002,train
JVASP-1321,jarvis,BeSe,Be4Se4,8,2.848,0.0,0.0,train
JVASP-1327,jarvis,AlP,Al4P4,8,1.794,0.0,0.0,train
JVASP-13283,jarvis,Pr5CuSe8,Pr10Cu2Se16,28,1.0,0.25058,-0.0074,train
JVASP-13286,jarvis,NbBi3O7,Nb1Bi3O7,11,1.826,0.00252,-0.0001,train
JVASP-1480,jarvis,GaCuO2,Ga3Cu3O6,12,1.01,0.0726,-0.002,train
JVASP-1483,jarvis,KErS2,K3Er3S6,12,2.362,0.01416,0.0003,train
JVASP-1486,jarvis,KPrO2,K3Pr3O6,12,3.654,0.01476,-0.0007,train
JVASP-1489,jarvis,NdCuO2,Nd3Cu3O6,12,2.475,0.00711,0.0001,train
JVASP-149,jarvis,TcS2,Tc4S8,12,0.929,1e-05,0.0,train
JVASP-1492,jarvis,YSbPt,Y4Sb4Pt4,12,0.033,4e-05,-0.0,train
JVASP-1495,jarvis,NaLi2Sb,Na4Li8Sb4,16,0.929,0.0308,-0.0018,train
JVASP-1498,jarvis,NaInO2,Na3In3O6,12,2.154,0.01023,0.0001,train
JVASP-13318,jarvis,Ba(NdSe2)2,Ba4Nd8Se16,28,1.69,0.36676,-0.0106,train
JVASP-13321,jarvis,Ca(SmS2)2,Ca4Sm8S16,28,2.108,0.0154,-0.0003,train
JVASP-1333,jarvis,CaS,Ca4S4,8,2.347,0.03732,-0.0046,train
JVASP-13333,jarvis,Nd5AgSe8,Nd10Ag2Se16,28,1.462,0.27506,-0.0079,train
JVASP-13339,jarvis,Nd2CdSe4,Nd8Cd4Se16,28,1.023,0.15683,-0.0047,train
JVASP-13345,jarvis,Pr2CdS4,Pr8Cd4S16,28,1.652,0.05943,-0.0018,train
JVASP-13346,jarvis,K6Fe2O5,K12Fe4O10,26,0.872,0.03856,-0.0006,train
JVASP-1264,jarvis,K2O,K8O4,12,2.034,0.00924,-0.0008,train
JVASP-12640,jarvis,FePO4,Fe3P3O12,18,1.07,0.00575,-0.0002,train
JVASP-12668,jarvis,V2Pb3O8,V4Pb6O16,26,2.861,0.15704,-0.0038,train
JVASP-1267,jarvis,BaTe,Ba4Te4,8,1.605,0.17164,-0.0214,train
JVASP-1270,jarvis,K2S,K8S4,12,2.384,0.00412,-0.0003,train
JVASP-12701,jarvis,Li2MnPO4F,Li4Mn2P2O8F2,18,1.82,0.00312,-0.0001,train
JVASP-14127,jarvis,SCl2,S8Cl16,24,1.935,0.2652,-0.0033,train
JVASP-14156,jarvis,LiYF4,Li4Y4F16,24,8.15,0.00108,-0.0,train
JVASP-14165,jarvis,LiSO3F,Li4S4O12F4,24,6.199,0.03306,0.0011,train
JVASP-1417,jarvis,SrO2,Sr2O4,6,3.101,2e-05,-0.0,train
JVASP-1420,jarvis,Na2Te,Na8Te4,12,2.137,0.00848,-0.0007,train
JVASP-13827,jarvis,MgSiO3,Mg4Si4O12,20,5.262,0.00732,0.0,train
JVASP-13856,jarvis,GaSe,Ga6Se6,12,0.835,3e-05,-0.0,train
JVASP-13868,jarvis,Na2SiF6,Na6Si3F18,27,7.266,0.00121,0.0,train
JVASP-1387,jarvis,Na2O,Na8O4,12,2.214,0.0054,-0.0004,train
JVASP-13290,jarvis,Al5CuS8,Al20Cu4S32,56,1.585,0.02028,0.0004,train
JVASP-13291,jarvis,Ca4Sb2S,Ca16Sb8S4,28,1.141,0.68144,-0.012,train
JVASP-13292,jarvis,Sm2CdS4,Sm8Cd4S16,28,1.764,0.04608,-0.0014,train
JVASP-13299,jarvis,Dy5AgS8,Dy10Ag2S16,28,1.713,0.01821,-0.0004,train
JVASP-1330,jarvis,Be2C,Be8C4,12,1.492,0.00444,-0.0004,train
JVASP-13304,jarvis,Pr2CdSe4,Pr8Cd4Se16,28,1.0,0.16142,-0.0049,train
JVASP-13307,jarvis,Sr(YS2)2,Sr4Y8S16,28,2.224,0.03114,-0.0008,train
JVASP-152,jarvis,SiP2,Si8P16,24,1.194,2e-05,0.0,train
JVASP-15210,jarvis,TmSnAu,Tm4Sn4Au4,12,0.04,0.18332,-0.0153,train
JVASP-1522,jarvis,NaNbN2,Na3Nb3N6,12,0.892,0.0438,-0.0024,train
JVASP-1525,jarvis,CaHgO2,Ca3Hg3O6,12,2.303,0.07788,-0.0023,train
JVASP-15348,jarvis,BeAlB,Be4Al4B4,12,0.101,0.02876,-0.0024,train
JVASP-1546,jarvis,RbErO2,Rb3Er3O6,12,3.706,0.01317,0.0005,train
JVASP-1549,jarvis,RbTmO2,Rb3Tm3O6,12,3.722,0.00273,0.0001,train
JVASP-143,jarvis,GaS,Ga4S4,8,1.5,2e-05,0.0,train
JVASP-1432,jarvis,NaTlO2,Na3Tl3O6,12,0.715,0.02124,-0.0012,train
JVASP-14343,jarvis,CNCl,C2N2Cl2,6,5.7,1e-05,0.0,train
JVASP-1435,jarvis,LiAlSi,Li4Al4Si4,12,0.231,0.0,0.0,train
JVASP-1438,jarvis,NaCrSe2,Na3Cr3Se6,12,0.808,0.05598,-0.0039,train
JVASP-14396,jarvis,SNF,S8N8F8,24,3.345,0.17832,-0.0057,train
JVASP-1441,jarvis,ScNiSb,Sc4Ni4Sb4,12,0.263,0.0,0.0,train
JVASP-14410,jarvis,K2HfF6,K4Hf2F12,18,7.328,0.0015,0.0001,train
JVASP-13367,jarvis,Ca3SiO5,Ca6Si2O10,18,3.031,0.0106,-0.0004,train
JVASP-13373,jarvis,Sr(PrSe2)2,Sr4Pr8Se16,28,1.804,0.31156,-0.0089,train
JVASP-13374,jarvis,Sm5AgS8,Sm10Ag2S16,28,1.621,0.01922,-0.0005,train
JVASP-13375,jarvis,Na4C2O5,Na8C4O10,22,2.872,0.01734,0.0003,train
JVASP-13379,jarvis,Al2CdCl8,Al4Cd2Cl16,22,3.764,0.08002,0.0012,train
JVASP-1339,jarvis,K2Te,K8Te4,12,2.187,0.01308,-0.0011,train
JVASP-13393,jarvis,Sb5IO7,Sb10I2O14,26,2.46,0.00413,0.0,train
JVASP-13404,jarvis,RbGeBr3,Rb4Ge4Br12,20,1.815,0.05612,-0.0,train
JVASP-13427,jarvis,Sr4Zn3F14,Sr4Zn3F14,21,5.06,0.00038,-0.0,train
JVASP-14213,jarvis,TlP5,Tl4P20,24,1.128,0.1028,0.0011,train
JVASP-14223,jarvis,Nd(AlBr4)3,Nd3Al9Br36,48,3.396,0.16113,0.0015,train
JVASP-1423,jarvis,AuSe,Au4Se4,8,0.01,0.0,0.0,train
JVASP-14248,jarvis,Ca2MgSi2O7,Ca4Mg2Si4O14,24,4.787,0.01113,0.0001,train
JVASP-14253,jarvis,KAl(SO4)2,K1Al1S2O8,12,6.056,0.02256,-0.0006,train
JVASP-14258,jarvis,BaF2,Ba2F4,6,5.865,0.00068,0.0001,train
JVASP-1426,jarvis,ScSnAu,Sc4Sn4Au4,12,0.197,0.0,0.0,train
JVASP-1429,jarvis,NaNO2,Na2N2O4,8,2.414,2e-05,0.0,train
JVASP-155,jarvis,PdS2,Pd4S8,12,0.052,4e-05,0.0,train
JVASP-15536,jarvis,LuSnAu,Lu4Sn4Au4,12,0.01,0.00784,0.0006,train
JVASP-1555,jarvis,LiZnN,Li4Zn4N4,12,0.826,0.0,0.0,train
JVASP-1561,jarvis,NaScO2,Na3Sc3O6,12,4.037,0.00651,-0.0004,train
JVASP-1573,jarvis,RbNdO2,Rb3Nd3O6,12,3.449,0.01356,-0.0008,train
JVASP-1576,jarvis,RbSmO2,Rb3Sm3O6,12,3.517,0.01389,-0.0008,train
JVASP-1585,jarvis,KTlO2,K3Tl3O6,12,0.995,0.04272,-0.0018,train
JVASP-1588,jarvis,RbTlO2,Rb3Tl3O6,12,0.984,0.05718,-0.0023,train
JVASP-15909,jarvis,LiMgP,Li4Mg4P4,12,0.061,0.10196,0.0085,train
JVASP-1594,jarvis,KScO2,K3Sc3O6,12,3.678,0.0063,0.0003,train
JVASP-1600,jarvis,KYO2,K3Y3O6,12,4.142,0.00213,0.0,train
JVASP-1603,jarvis,K2Se,K8Se4,12,2.171,0.00992,-0.0008,train
JVASP-1444,jarvis,CrAgSe2,Cr3Ag3Se6,12,0.288,3e-05,-0.0,train
JVASP-1450,jarvis,NdTlS2,Nd3Tl3S6,12,1.71,0.04002,-0.0017,train
JVASP-1453,jarvis,AlCuO2,Al3Cu3O6,12,2.064,0.05157,-0.0014,train
JVASP-1459,jarvis,TmNiSb,Tm4Ni4Sb4,12,0.228,4e-05,-0.0,train
JVASP-1462,jarvis,KCrS2,K3Cr3S6,12,1.152,0.02382,-0.0003,train
JVASP-1474,jarvis,LiCrS2,Li1Cr1S2,4,0.711,0.00888,-0.0015,train
JVASP-12711,jarvis,Li2NiPO4F,Li4Ni2P2O8F2,18,0.825,0.00216,-0.0001,train
JVASP-12728,jarvis,Hg2P2S7,Hg4P4S14,22,1.739,0.00452,0.0001,train
JVASP-12739,jarvis,Au2O3,Au16O24,40,0.973,0.00016,-0.0,train
JVASP-12741,jarvis,Ga2TeS2,Ga8Te4S8,20,2.072,0.04556,-0.002,train
JVASP-12751,jarvis,SeOF2,Se4O4F8,16,3.757,0.36148,0.0065,train
JVASP-12753,jarvis,P10Au7I,P10Au7I1,18,0.568,0.14191,-0.004,train
JVASP-1276,jarvis,SrS,Sr4S4,8,2.54,0.06288,-0.0079,train
JVASP-13350,jarvis,TaBi3O7,Ta1Bi3O7,11,2.024,0.00261,-0.0001,train
JVASP-13351,jarvis,Sr(NdS2)2,Sr4Nd8S16,28,2.127,0.18136,-0.0052,train
JVASP-13354,jarvis,Nd2CdS4,Nd8Cd4S16,28,1.692,0.04864,-0.0017,train
JVASP-13355,jarvis,Ca(NdTe2)2,Ca4Nd8Te16,28,1.17,0.0593,-0.0015,train
JVASP-13357,jarvis,Li7NbO6,Li21Nb3O18,42,3.567,0.00204,-0.0,train
JVASP-13358,jarvis,Al5CuSe8,Al20Cu4Se32,56,0.735,0.03655,0.0006,train
JVASP-13361,jarvis,Nd5AgS8,Nd10Ag2S16,28,1.598,0.05153,-0.001,train
JVASP-13365,jarvis,Ca(PrTe2)2,Ca4Pr8Te16,28,1.166,0.05863,-0.0015,train
JVASP-1636,jarvis,LiZnAs,Li4Zn4As4,12,0.541,4e-05,0.0,train
JVASP-16410,jarvis,NaC,Na4C4,8,3.725,0.00088,0.0,train
JVASP-1645,jarvis,MgCN2,Mg3C3N6,12,3.95,0.24162,-0.0068,train
JVASP-1648,jarvis,KErTe2,K3Er3Te6,12,1.331,0.15081,-0.0093,train
JVASP-1666,jarvis,RbHoS2,Rb3Ho3S6,12,2.336,0.06477,-0.0037,train
JVASP-1687,jarvis,LiZnP,Li4Zn4P4,12,1.47,4e-05,0.0,train
JVASP-1696,jarvis,BaLiAs,Ba1Li1As1,3,0.659,1e-05,-0.0,train
JVASP-1699,jarvis,ThSbRh,Th4Sb4Rh4,12,0.787,0.0,0.0,train
JVASP-170,jarvis,MgCl2,Mg3Cl6,9,5.641,3e-05,-0.0,train
JVASP-1705,jarvis,RbPrSe2,Rb3Pr3Se6,12,1.869,0.03504,-0.0021,train
JVASP-1708,jarvis,RbNdSe2,Rb3Nd3Se6,12,1.864,0.0393,-0.0024,train
JVASP-1606,jarvis,NaErSe2,Na3Er3Se6,12,1.958,0.08457,-0.006,train
JVASP-1609,jarvis,NaRhO2,Na3Rh3O6,12,1.317,0.00219,0.0001,train
JVASP-161,jarvis,PbI2,Pb3I6,9,2.272,3e-05,0.0,train
JVASP-1615,jarvis,KSmTe2,K3Sm3Te6,12,1.256,0.05676,-0.0028,train
JVASP-1738,jarvis,Rb2Se,Rb8Se4,12,1.842,0.00864,-0.0007,train
JVASP-1744,jarvis,KNdTe2,K3Nd3Te6,12,1.255,0.05049,-0.0022,train
JVASP-1756,jarvis,HfSnPd,Hf4Sn4Pd4,12,0.409,0.0,-0.0,train
JVASP-176,jarvis,SbI3,Sb6I18,24,2.061,6e-05,0.0,train
JVASP-1762,jarvis,SrCN2,Sr3C3N6,12,3.229,0.03834,0.0011,train
JVASP-1669,jarvis,RbErS2,Rb3Er3S6,12,2.358,0.0654,-0.0036,train
JVASP-167,jarvis,MgI2,Mg1I2,3,3.625,0.0,0.0,train
JVASP-1672,jarvis,RbTmS2,Rb3Tm3S6,12,2.373,0.07341,-0.0041,train
JVASP-1675,jarvis,RbLuS2,Rb3Lu3S6,12,2.387,0.12333,0.0059,train
JVASP-1684,jarvis,NbFeSb,Nb4Fe4Sb4,12,0.748,4e-05,-0.0,train
JVASP-1924,jarvis,InBr,In4Br4,8,1.556,0.2941,-0.016,train
JVASP-19255,jarvis,Mg2Mo3O8,Mg4Mo6O16,26,1.714,0.6585,-0.0167,train
JVASP-1927,jarvis,VCl2,V1Cl2,3,1.26,1e-05,0.0,train
JVASP-1933,jarvis,CdCl2,Cd3Cl6,9,3.342,3e-05,-0.0,train
JVASP-1936,jarvis,XeF2,Xe2F4,6,2.302,0.0244,0.0009,train
JVASP-1942,jarvis,KI,K4I4,8,4.092,0.02412,-0.003,train
JVASP-1945,jarvis,RbI,Rb4I4,8,3.969,0.04728,-0.0059,train
JVASP-1948,jarvis,CuBr,Cu4Br4,8,0.632,0.0,0.0,train
JVASP-2002,jarvis,LiH,Li4H4,8,3.558,0.08592,-0.0107,train
JVASP-2005,jarvis,NaH,Na4H4,8,4.845,0.00792,-0.001,train
JVASP-2008,jarvis,HoHSe,Ho1H1Se1,3,1.698,1e-05,-0.0,train
JVASP-20128,jarvis,CF4,C4F16,20,9.643,0.03544,0.0012,train
JVASP-2014,jarvis,RbH,Rb4H4,8,2.971,0.07008,0.0087,train
JVASP-20165,jarvis,N2,N8,8,7.165,0.0,0.0,train
JVASP-2017,jarvis,LiCoO2,Li3Co3O6,12,1.005,0.01125,-0.0003,train
JVASP-1951,jarvis,NaBr,Na4Br4,8,4.404,0.00068,0.0001,train
JVASP-1954,jarvis,AgCl,Ag4Cl4,8,0.925,0.00024,0.0,train
JVASP-1957,jarvis,AgI,Ag4I4,8,1.26,0.0,0.0,train
JVASP-1963,jarvis,BiTeI,Bi1Te1I1,3,1.2,1e-05,-0.0,train
JVASP-1969,jarvis,Ca2BrN,Ca6Br3N3,12,2.393,0.04527,-0.0015,train
JVASP-1972,jarvis,Sr2NCl,Sr6N3Cl3,12,1.921,0.01959,-0.0011,train
JVASP-1768,jarvis,ScAgSe2,Sc1Ag1Se2,4,0.765,0.02359,-0.0043,train
JVASP-1771,jarvis,TmAgTe2,Tm1Ag1Te2,4,0.701,0.02967,-0.0052,train
JVASP-1774,jarvis,MgSe,Mg4Se4,8,2.782,0.0,0.0,train
JVASP-1783,jarvis,PrCuO2,Pr3Cu3O6,12,2.422,0.00756,0.0002,train
JVASP-1717,jarvis,RbTbSe2,Rb3Tb3Se6,12,1.914,0.0522,-0.0033,train
JVASP-1720,jarvis,RbHoSe2,Rb3Ho3Se6,12,1.942,0.05616,-0.0036,train
JVASP-1723,jarvis,RbErSe2,Rb3Er3Se6,12,1.965,0.05421,-0.0034,train
JVASP-1726,jarvis,RbLuSe2,Rb3Lu3Se6,12,2.019,0.05772,-0.0042,train
JVASP-173,jarvis,BBr3,B2Br6,8,3.688,2e-05,0.0,train
JVASP-1732,jarvis,SrCeN2,Sr3Ce3N6,12,1.251,0.01602,-0.0008,train
JVASP-1984,jarvis,HgBr,Hg4Br4,8,1.818,0.89466,-0.038,train
JVASP-1987,jarvis,InI,In4I4,8,1.616,0.64492,-0.0308,train
JVASP-1993,jarvis,KBr,K4Br4,8,4.602,0.02216,-0.0027,train
JVASP-1996,jarvis,NaI,Na4I4,8,3.851,0.00176,-0.0002,train
JVASP-1999,jarvis,RbCl,Rb4Cl4,8,5.075,0.03472,-0.0043,train
JVASP-182,jarvis,SiC,Si6C6,12,2.303,2e-05,0.0,train
JVASP-1828,jarvis,LiErS2,Li3Er3S6,12,2.04,0.02148,-0.0008,train
JVASP-1837,jarvis,LiYSe2,Li3Y3Se6,12,1.599,0.03312,-0.0012,train
JVASP-1840,jarvis,LiDySe2,Li3Dy3Se6,12,1.56,0.01815,-0.0009,train
JVASP-2020,jarvis,NiCl2,Ni3Cl6,9,0.781,0.0,-0.0,train
JVASP-20202,jarvis,SiF4,Si2F8,10,7.852,2e-05,0.0,train
JVASP-2029,jarvis,IBr,I4Br4,8,1.246,0.46548,0.0195,train
JVASP-20292,jarvis,NdF3,Nd6F18,24,7.808,0.00182,-0.0,train
JVASP-20309,jarvis,KF,K4F4,8,6.461,0.01392,-0.0017,train
JVASP-20310,jarvis,AlF3,Al6F18,24,8.24,0.00702,0.0003,train
JVASP-2032,jarvis,Ba2PCl,Ba6P3Cl3,12,1.063,0.18723,0.0011,train
JVASP-20326,jarvis,NaF,Na4F4,8,6.583,0.00476,-0.0006,train
JVASP-18878,jarvis,CoHO2,Co3H3O6,12,0.824,0.00204,0.0002,train
JVASP-1891,jarvis,LuNiSb,Lu4Ni4Sb4,12,0.192,0.1,-0.0083,train
JVASP-1894,jarvis,NaInS2,Na3In3S6,12,1.848,0.02979,-0.001,train
JVASP-18981,jarvis,As2O5,As8O20,28,1.731,0.01032,-0.0003,train
JVASP-18997,jarvis,Si3N4,Si12N16,28,4.84,0.02764,-0.0003,train
JVASP-19004,jarvis,S2N,S16N8,24,1.3,0.03056,0.0008,train
JVASP-2068,jarvis,MgBr2,Mg1Br2,3,4.478,1e-05,-0.0,train
JVASP-207,jarvis,GeS,Ge4S4,8,0.825,0.34326,-0.0158,train
JVASP-2071,jarvis,RbBiS2,Rb3Bi3S6,12,1.438,0.06882,-0.0037,train
JVASP-2077,jarvis,DyTlS2,Dy3Tl3S6,12,1.652,0.03564,0.0005,train
JVASP-20792,jarvis,PrF3,Pr6F18,24,7.779,0.00194,0.0,train
JVASP-2080,jarvis,ZrCoBi,Zr4Co4Bi4,12,0.986,0.0,-0.0,train
JVASP-20800,jarvis,CaF2,Ca4F8,12,7.589,0.0028,-0.0002,train
JVASP-20822,jarvis,NaMgF3,Na4Mg4F12,20,7.266,0.00148,-0.0,train
JVASP-1786,jarvis,SmCuO2,Sm3Cu3O6,12,2.587,0.00297,-0.0,train
JVASP-1789,jarvis,LiRhO2,Li3Rh3O6,12,1.473,0.02088,-0.0005,train
JVASP-179,jarvis,GeI2,Ge3I6,9,2.062,0.10925,0.0029,train
JVASP-1792,jarvis,CuRhO2,Cu3Rh3O6,12,0.906,0.051,-0.0007,train
JVASP-1795,jarvis,RbYO2,Rb3Y3O6,12,3.793,0.00168,-0.0,train
JVASP-1804,jarvis,KPrS2,K3Pr3S6,12,2.254,0.04293,-0.0024,train
JVASP-1816,jarvis,KHoS2,K3Ho3S6,12,2.356,0.08016,-0.0045,train
JVASP-21193,jarvis,Ne,Ne4,4,12.196,0.0022,-0.0005,train
JVASP-21201,jarvis,F2,F8,8,2.299,0.00136,0.0001,train
JVASP-21206,jarvis,H2,H2,2,2.865,0.00018,0.0001,train
JVASP-2121,jarvis,As2Ru,As4Ru2,6,0.567,0.00604,0.0006,train
JVASP-21210,jarvis,Xe,Xe4,4,6.149,0.01572,0.001,train
JVASP-21211,jarvis,Se,Se3,3,0.898,0.01125,-0.002,train
JVASP-21214,jarvis,H2,H4,4,8.619,0.00024,0.0,train
JVASP-21247,jarvis,Zn4B6O13,Zn8B12O26,46,3.611,0.00563,-0.0001,train
JVASP-21253,jarvis,Te2SO7,Te4S2O14,20,3.538,0.04654,0.0007,train
JVASP-1846,jarvis,LiErSe2,Li3Er3Se6,12,1.649,0.02181,-0.0012,train
JVASP-1849,jarvis,Li2AgSb,Li8Ag4Sb4,16,0.097,0.0,0.0,train
JVASP-1852,jarvis,KYTe2,K3Y3Te6,12,1.325,0.0531,-0.0026,train
JVASP-18556,jarvis,Na3Li3N2,Na3Li3N2,8,0.036,0.08242,0.0076,train
JVASP-1903,jarvis,ErNiSb,Er4Ni4Sb4,12,0.244,4e-05,0.0,train
JVASP-1906,jarvis,NaN3,Na3N9,12,3.971,0.03543,-0.001,train
JVASP-1909,jarvis,NaInSe2,Na3In3Se6,12,1.001,0.06516,-0.0039,train
JVASP-19109,jarvis,BaGa4S7,Ba2Ga8S14,24,2.454,0.14234,-0.0024,train
JVASP-1915,jarvis,InSe,In6Se6,12,0.174,3e-05,-0.0,train
JVASP-1918,jarvis,HgI,Hg4I4,8,1.476,0.35752,0.0153,train
JVASP-1921,jarvis,RbBr,Rb4Br4,8,4.436,0.0432,-0.0054,train
JVASP-20834,jarvis,RbBF4,Rb4B4F16,24,8.361,0.07378,0.0013,train
JVASP-2085,jarvis,SiRu,Si4Ru4,8,0.242,2e-05,0.0,train
JVASP-20862,jarvis,Na2BeF4,Na8Be4F16,28,7.005,0.003,0.0,train
JVASP-2088,jarvis,BaS3,Ba2S6,8,1.462,2e-05,-0.0,train
JVASP-20882,jarvis,KMgF3,K1Mg1F3,5,7.682,0.00015,0.0,train
JVASP-20890,jarvis,NaBF4,Na4B4F16,24,8.35,0.0214,0.0004,train
JVASP-20901,jarvis,BPO4,B2P2O8,12,7.618,2e-05,-0.0,train
JVASP-21970,jarvis,Rb2HfF6,Rb2Hf1F6,9,7.528,0.00024,-0.0,train
JVASP-21974,jarvis,Rb2ThF6,Rb2Th1F6,9,6.754,1e-05,-0.0,train
JVASP-21982,jarvis,BaGeF6,Ba3Ge3F18,24,5.692,0.00831,0.0003,train
JVASP-2205,jarvis,Al2HgSe4,Al4Hg2Se8,14,1.462,2e-05,0.0,train
JVASP-2211,jarvis,Al2CdSe4,Al4Cd2Se8,14,2.094,2e-05,0.0,train
JVASP-2217,jarvis,Hg2GeSe4,Hg4Ge2Se8,14,0.286,0.52132,-0.0322,train
JVASP-2220,jarvis,Nd2SO2,Nd2S1O2,5,2.992,0.00138,-0.0001,train
JVASP-2226,jarvis,Pr2SO2,Pr2S1O2,5,2.975,0.00129,-0.0001,train
JVASP-20907,jarvis,RbCaF3,Rb1Ca1F3,5,6.844,0.00133,0.0003,train
JVASP-2091,jarvis,PbF4,Pb2F8,10,1.849,2e-05,-0.0,train
JVASP-20918,jarvis,Na2SiF6,Na6Si3F18,27,7.402,0.00233,0.0,train
JVASP-2097,jarvis,GaF3,Ga6F18,24,5.03,0.00876,0.0003,train
JVASP-210,jarvis,HfS2,Hf1S2,3,1.078,1e-05,0.0,train
JVASP-2100,jarvis,BaS2,Ba4S8,12,1.625,0.00216,0.0001,train
JVASP-21400,jarvis,Y2Be2SiO7,Y4Be4Si2O14,24,5.419,0.00532,-0.0001,train
JVASP-21436,jarvis,KLiSO4,K2Li2S2O8,14,5.612,0.0022,-0.0001,train
JVASP-21446,jarvis,KBe2BO3F2,K3Be6B3O9F6,27,6.542,3e-05,-0.0,train
JVASP-2145,jarvis,Al4C3,Al12C9,21,1.527,0.06774,-0.0028,train
JVASP-21454,jarvis,Ho2Be2SiO7,Ho4Be4Si2O14,24,5.265,0.00394,-0.0001,train
JVASP-21476,jarvis,RbBe2BO3F2,Rb2Be4B2O6F4,18,6.357,4e-05,-0.0,train
JVASP-21485,jarvis,SmF3,Sm4F12,16,8.037,0.00054,-0.0,train
JVASP-21497,jarvis,Li2CaSiO4,Li4Ca2Si2O8,16,5.782,4e-05,0.0,train
JVASP-21503,jarvis,BaTm2F8,Ba2Tm4F16,22,7.518,0.00122,-0.0,train
JVASP-21530,jarvis,Li2SiO3,Li8Si4O12,24,5.507,4e-05,0.0,train
JVASP-2154,jarvis,ZnF2,Zn2F4,6,3.632,0.00068,-0.0,train
JVASP-2157,jarvis,SbF3,Sb4F12,16,4.626,4e-05,-0.0,train
JVASP-21570,jarvis,LiYbAlF6,Li2Yb2Al2F12,18,8.122,0.00022,0.0,train
JVASP-216,jarvis,HfSe2,Hf1Se2,3,0.534,1e-05,-0.0,train
JVASP-21603,jarvis,NaPF6,Na4P4F24,32,7.343,0.00104,-0.0,train
JVASP-21025,jarvis,Na5Al3F14,Na10Al6F28,44,7.006,0.00162,-0.0,train
JVASP-21037,jarvis,Na2ThF6,Na2Th1F6,9,7.052,1e-05,-0.0,train
JVASP-21069,jarvis,BaSiF6,Ba3Si3F18,24,7.933,0.00225,0.0001,train
JVASP-21091,jarvis,LiSi2N3,Li4Si8N12,24,5.301,4e-05,0.0,train
JVASP-21101,jarvis,KCaF3,K4Ca4F12,20,7.082,0.00132,0.0,train
JVASP-21122,jarvis,K2NaScF6,K8Na4Sc4F24,40,7.037,0.01064,0.0002,train
JVASP-21143,jarvis,LiCaAlF6,Li2Ca2Al2F12,18,8.094,0.00058,0.0,train
JVASP-21161,jarvis,KLiBeF4,K2Li2Be2F8,14,7.12,0.00388,0.0,train
JVASP-21262,jarvis,TiCdO3,Ti4Cd4O12,20,2.384,0.18378,-0.0038,train
JVASP-21263,jarvis,Na6MnS4,Na12Mn2S8,22,1.527,0.08694,-0.0025,train
JVASP-21265,jarvis,K6HgS4,K12Hg2S8,22,1.657,0.17188,-0.0052,train
JVASP-213,jarvis,HfSe3,Hf2Se6,8,0.346,0.0,0.0,train
JVASP-2130,jarvis,Au2S,Au4S2,6,2.149,0.00708,-0.0012,train
JVASP-2133,jarvis,HgO,Hg4O4,8,1.217,0.00512,-0.0,train
JVASP-21388,jarvis,SrLiAlF6,Sr2Li2Al2F12,18,7.704,0.00192,0.0001,train
JVASP-2139,jarvis,P2Ru,P4Ru2,6,0.514,0.0019,0.0002,train
JVASP-21618,jarvis,ScF3,Sc1F3,4,6.158,0.00073,0.0002,train
JVASP-21683,jarvis,TbF3,Tb4F12,16,8.098,0.00058,0.0,train
JVASP-2169,jarvis,GeS,Ge4S4,8,1.32,0.0,0.0,train
JVASP-21717,jarvis,RbF,Rb4F4,8,5.959,0.02784,-0.0035,train
JVASP-2172,jarvis,P2Os,P4Os2,6,0.797,0.00822,0.0007,train
JVASP-2178,jarvis,NaS,Na4S4,8,1.278,0.01346,-0.0012,train
JVASP-21785,jarvis,LiBF4,Li3B3F12,18,8.749,0.01704,0.0006,train
JVASP-2035,jarvis,MnI2,Mn1I2,3,1.047,1e-05,-0.0,train
JVASP-2038,jarvis,MnCl2,Mn3Cl6,9,1.553,3e-05,0.0,train
JVASP-2041,jarvis,MnBr2,Mn1Br2,3,1.419,1e-05,0.0,train
JVASP-21788,jarvis,BaBeF4,Ba4Be4F16,24,8.015,0.00312,0.0,train
JVASP-2181,jarvis,As2Os,As4Os2,6,0.614,0.00282,-0.0002,train
JVASP-21825,jarvis,BaBe2Si2O7,Ba2Be4Si4O14,24,6.056,0.00106,-0.0,train
JVASP-2190,jarvis,K2O2,K8O8,16,2.696,0.00248,0.0001,train
JVASP-21928,jarvis,Rb3NaBe2F8,Rb3Na1Be2F8,14,7.183,0.00083,0.0,train
JVASP-21935,jarvis,Li3PO4,Li6P2O8,16,6.343,0.00818,0.0003,train
JVASP-2196,jarvis,SnF4,Sn2F8,10,3.159,0.00294,0.0002,train
JVASP-21969,jarvis,Rb2ZrF6,Rb2Zr1F6,9,6.822,0.00152,0.0001,train
JVASP-22498,jarvis,MgSnF6,Mg3Sn3F18,24,5.165,0.01563,-0.0002,train
JVASP-2250,jarvis,TbAgTe2,Tb2Ag2Te4,8,0.869,2e-05,0.0,train
JVASP-22518,jarvis,RbPS3,Rb4P4S12,20,1.7,0.1058,-0.0015,train
JVASP-22520,jarvis,BeF2,Be3F6,9,8.702,3e-05,-0.0,train
JVASP-22522,jarvis,BeO,Be4O4,8,7.293,0.0,0.0,train
JVASP-22524,jarvis,CaCl2,Ca2Cl4,6,5.289,0.00728,0.0003,train
JVASP-22525,jarvis,SrClF,Sr2Cl2F2,6,5.95,0.00072,0.0001,train
JVASP-22526,jarvis,SrBrF,Sr2Br2F2,6,5.293,0.00636,-0.0004,train
JVASP-22527,jarvis,SrCl2,Sr4Cl8,12,5.498,0.03736,-0.0031,train
JVASP-22528,jarvis,CaCl2,Ca2Cl4,6,5.422,0.00222,0.0,train
JVASP-22529,jarvis,CaClF,Ca2Cl2F2,6,5.652,2e-05,-0.0,train
JVASP-22531,jarvis,Bi2SO2,Bi4S2O4,10,0.935,0.00994,-0.0007,train
JVASP-22532,jarvis,BrF5,Br4F20,24,3.168,4e-05,-0.0,train
JVASP-22533,jarvis,IF7,I4F28,32,1.512,0.08476,0.0012,train
JVASP-22535,jarvis,RbLiCl2,Rb4Li4Cl8,16,5.355,0.00464,0.0001,train
JVASP-22536,jarvis,KSc2F7,K2Sc4F14,20,5.763,0.0337,0.0007,train
JVASP-22583,jarvis,TlAsF6,Tl3As3F18,24,4.313,0.00549,0.0002,train
JVASP-22586,jarvis,Rb2NiF6,Rb8Ni4F24,36,1.606,0.02044,0.0006,train
JVASP-2259,jarvis,YOF,Y6O6F6,18,5.232,0.04209,-0.0005,train
JVASP-22592,jarvis,Cu2WS4,Cu4W2S8,14,0.901,4e-05,-0.0,train
JVASP-22602,jarvis,BeF2,Be3F6,9,8.212,0.00372,0.0003,train
JVASP-22603,jarvis,TlF,Tl4F4,8,3.097,2e-05,-0.0,train
JVASP-22611,jarvis,SiO2,Si4O8,12,5.543,0.00235,0.0001,train
JVASP-22613,jarvis,NiPbF6,Ni3Pb3F18,24,0.915,0.02109,0.0008,train
JVASP-22360,jarvis,Rb2GeF6,Rb8Ge4F24,36,6.081,0.00652,0.0002,train
JVASP-22366,jarvis,Rb2MgF4,Rb4Mg2F8,14,6.804,0.01256,-0.0002,train
JVASP-2238,jarvis,KSnSb,K2Sn2Sb2,6,0.314,0.0,0.0,train
JVASP-22382,jarvis,Nd2Be2SiO7,Nd4Be4Si2O14,24,5.157,0.01111,-0.0002,train
JVASP-22385,jarvis,LiPF6,Li3P3F18,24,8.026,0.00165,-0.0001,train
JVASP-22386,jarvis,LiAsF6,Li3As3F18,24,5.203,0.0021,-0.0001,train
JVASP-22440,jarvis,SrBeF4,Sr4Be4F16,24,7.988,0.00138,0.0,train
JVASP-22445,jarvis,GeF4,Ge2F8,10,5.075,4e-05,0.0,train
JVASP-22537,jarvis,CClF3,C4Cl4F12,20,6.69,2e-05,-0.0,train
JVASP-22540,jarvis,LiMgP,Li4Mg4P4,12,1.738,0.0,0.0,train
JVASP-22541,jarvis,H4BrN,H4Br1N1,6,4.368,1e-05,0.0,train
JVASP-22544,jarvis,AgAsF6,Ag4As4F24,32,1.434,0.00572,0.0002,train
JVASP-22545,jarvis,LiYSe2,Li4Y4Se8,16,1.625,0.16142,-0.0042,train
JVASP-22547,jarvis,Ba(GaTe2)2,Ba2Ga4Te8,14,0.688,0.4399,-0.0112,train
JVASP-2265,jarvis,CdGeP2,Cd4Ge4P8,16,0.482,4e-05,-0.0,train
JVASP-22651,jarvis,SnCl2,Sn4Cl8,12,3.218,0.16898,0.0058,train
JVASP-22652,jarvis,ScSbPd,Sc4Sb4Pd4,12,0.296,0.0,0.0,train
JVASP-22653,jarvis,Sr3BiN,Sr3Bi1N1,5,0.307,0.09325,-0.0186,train
JVASP-22654,jarvis,CuI,Cu2I2,4,1.647,0.04017,0.0038,train
JVASP-22656,jarvis,HgIBr,Hg4I4Br4,12,1.889,0.79162,0.0212,train
JVASP-22657,jarvis,LiMgBi,Li4Mg4Bi4,12,0.534,4e-05,-0.0,train
JVASP-22659,jarvis,Ag2HgI4,Ag2Hg1I4,7,0.928,1e-05,-0.0,train
JVASP-22661,jarvis,Rb2TeBr6,Rb4Te2Br12,18,1.962,0.06154,-0.0023,train
JVASP-22662,jarvis,NaN3,Na2N6,8,4.04,0.00126,-0.0001,train
JVASP-22664,jarvis,SeBr,Se8Br8,16,1.057,4e-05,0.0,train
JVASP-22665,jarvis,BeI2,Be4I8,12,4.039,0.00768,-0.0003,train
JVASP-22667,jarvis,CaBr2,Ca2Br4,6,4.549,0.00466,0.0003,train
JVASP-22668,jarvis,K4ZnAs2,K12Zn3As6,21,0.807,0.86496,-0.0149,train
JVASP-22673,jarvis,BN,B2N2,4,4.469,1e-05,0.0,train
JVASP-22674,jarvis,K2NiF6,K8Ni4F24,36,1.535,0.02228,0.0006,train
JVASP-22676,jarvis,HCl,H4Cl4,8,5.815,2e-05,0.0,train
JVASP-22677,jarvis,CaO2,Ca2O4,6,2.982,0.00822,0.0006,train
JVASP-22566,jarvis,RbAlF4,Rb1Al1F4,6,7.364,0.00111,0.0,train
JVASP-22567,jarvis,SnO2,Sn2O4,6,0.895,0.0095,-0.0014,train
JVASP-22571,jarvis,SiO2,Si4O8,12,5.832,2e-05,0.0,train
JVASP-22572,jarvis,SiO2,Si8O16,24,5.74,2e-05,0.0,train
JVASP-22573,jarvis,TiO2,Ti8O16,24,2.682,0.27908,-0.0039,train
JVASP-22575,jarvis,SiO2,Si8O16,24,5.751,4e-05,-0.0,train
JVASP-22578,jarvis,SiO2,Si8O16,24,5.703,0.00256,-0.0,train
JVASP-22581,jarvis,ZnS,Zn12S12,24,2.11,0.0627,-0.002,train
JVASP-22548,jarvis,RbNO3,Rb6N6O18,30,3.042,0.21231,0.0047,train
JVASP-22549,jarvis,Ga2Te3,Ga8Te12,20,0.589,0.31406,-0.0101,train
JVASP-22550,jarvis,CaSnF6,Ca3Sn3F18,24,5.488,0.00363,0.0001,train
JVASP-22551,jarvis,N2O5,N4O10,14,0.932,0.0136,-0.0006,train
JVASP-22552,jarvis,NbSbRu,Nb4Sb4Ru4,12,0.369,4e-05,0.0,train
JVASP-22558,jarvis,KAlF4,K1Al1F4,6,7.23,0.00125,0.0001,train
JVASP-2256,jarvis,ZnSiAs2,Zn4Si4As8,16,0.881,4e-05,-0.0,train
JVASP-22560,jarvis,K2PdO2,K4Pd2O4,10,1.464,4e-05,-0.0,train
JVASP-22563,jarvis,Na2CN2,Na4C2N4,10,3.375,0.00302,-0.0001,train
JVASP-2373,jarvis,Ga2HgSe4,Ga4Hg2Se8,14,0.872,0.0,-0.0,train
JVASP-2376,jarvis,ZnSiP2,Zn4Si4P8,16,1.428,4e-05,0.0,train
JVASP-2379,jarvis,Pr2SeO2,Pr2Se1O2,5,2.323,0.00564,-0.0007,train
JVASP-2382,jarvis,Ga2HgS4,Ga4Hg2S8,14,1.533,2e-05,0.0,train
JVASP-2385,jarvis,NaZnP,Na2Zn2P2,6,0.835,1e-05,-0.0,train
JVASP-23862,jarvis,NaCl,Na4Cl4,8,5.321,0.0038,0.0002,train
JVASP-23863,jarvis,CaCl2,Ca2Cl4,6,5.289,0.00184,-0.0001,train
JVASP-23865,jarvis,SrClF,Sr2Cl2F2,6,5.95,0.00072,0.0001,train
JVASP-22639,jarvis,SiSe2,Si4Se8,12,1.742,0.09024,-0.0028,train
JVASP-22640,jarvis,BaI2,Ba3I6,9,2.984,2e-05,0.0,train
JVASP-22643,jarvis,SiC,Si5C5,10,2.067,0.0,0.0,train
JVASP-22645,jarvis,Cd(InSe2)2,Cd2In4Se8,14,0.689,4e-05,-0.0,train
JVASP-22646,jarvis,CdBr2,Cd3Br6,9,2.682,3e-05,-0.0,train
JVASP-22648,jarvis,Ag2Se,Ag8Se4,12,0.504,0.1196,-0.0033,train
JVASP-22709,jarvis,MgAs4,Mg4As16,20,0.84,0.04576,0.001,train
JVASP-22711,jarvis,Na3VO4,Na6V2O8,16,3.782,0.0,-0.0,train
JVASP-22713,jarvis,K4I2O,K8I4O2,14,1.386,0.43872,-0.0126,train
JVASP-22715,jarvis,KCaBi,K2Ca2Bi2,6,1.098,0.1165,-0.009,train
JVASP-22716,jarvis,K2GeF6,K2Ge1F6,9,5.966,0.0023,0.0002,train
JVASP-22718,jarvis,Rb2GeF6,Rb2Ge1F6,9,5.99,0.00304,0.0003,train
JVASP-22719,jarvis,RbMgF3,Rb1Mg1F3,5,7.649,0.00171,0.0003,train
JVASP-22720,jarvis,Ba2SbAu,Ba8Sb4Au4,16,0.7,0.20136,-0.0126,train
JVASP-22721,jarvis,PbBr2,Pb2Br4,6,2.64,0.00702,-0.0009,train
JVASP-2301,jarvis,SmSF,Sm2S2F2,6,1.307,0.02513,-0.0017,train
JVASP-23033,jarvis,BaCaAlF7,Ba4Ca4Al4F28,40,7.443,0.02568,-0.0002,train
JVASP-2307,jarvis,K2TiF6,K2Ti1F6,9,4.7,0.00374,0.0003,train
JVASP-231,jarvis,MoSe2,Mo3Se6,9,0.993,3e-05,0.0,train
JVASP-2316,jarvis,PrSF,Pr2S2F2,6,1.329,0.018,-0.0011,train
JVASP-22691,jarvis,Na2H4Pt,Na4H8Pt2,14,2.501,0.01816,-0.0012,train
JVASP-22696,jarvis,Y2SeO2,Y2Se1O2,5,2.351,0.00276,-0.0005,train
JVASP-22697,jarvis,SbO2F,Sb4O8F4,16,1.458,0.00788,-0.0003,train
JVASP-22698,jarvis,LiAgF2,Li2Ag2F4,8,1.737,0.00182,-0.0002,train
JVASP-22699,jarvis,BiOF,Bi2O2F2,6,2.821,0.02375,-0.0019,train
JVASP-22704,jarvis,Ca3CdO4,Ca6Cd2O8,16,2.818,0.00506,-0.0001,train
JVASP-22705,jarvis,Sr4Sb2O,Sr8Sb4O2,14,1.011,0.26938,-0.0132,train
JVASP-22708,jarvis,Rb4I2O,Rb8I4O2,14,0.854,0.45244,-0.0144,train
JVASP-22679,jarvis,Rb2H6Pt,Rb8H24Pt4,36,3.889,0.0054,-0.0001,train
JVASP-22680,jarvis,K2H4Pd,K4H8Pd2,14,2.872,0.0094,-0.0006,train
JVASP-22682,jarvis,Sr2MgH6,Sr2Mg1H6,9,3.025,0.00872,-0.0003,train
JVASP-22685,jarvis,CdTe,Cd4Te4,8,0.526,0.0,0.0,train
JVASP-22687,jarvis,Sr2HN,Sr6H3N3,12,1.864,0.0075,-0.0005,train
JVASP-22689,jarvis,Ba2H6Ru,Ba8H24Ru4,36,1.854,0.002,0.0001,train
JVASP-22690,jarvis,Ba2H6Os,Ba8H24Os4,36,1.938,0.00103,0.0,train
JVASP-22722,jarvis,MoBr3,Mo4Br12,16,0.558,0.03764,0.0013,train
JVASP-22729,jarvis,Sr2SbAu,Sr8Sb4Au4,16,0.771,0.90808,0.0567,train
JVASP-22734,jarvis,KNbO3,K1Nb1O3,5,1.526,0.00025,0.0,train
JVASP-22735,jarvis,LiCaAs,Li4Ca4As4,12,1.883,0.01736,-0.0014,train
JVASP-22736,jarvis,NaCaAs,Na4Ca4As4,12,1.796,0.05336,-0.0044,train
JVASP-22614,jarvis,SiO2,Si18O36,54,5.677,0.03708,-0.0001,train
JVASP-22616,jarvis,PNF2,P4N4F8,16,5.834,4e-05,0.0,train
JVASP-22618,jarvis,ZnS,Zn2S2,4,2.139,1e-05,-0.0,train
JVASP-2262,jarvis,ScCuO2,Sc2Cu2O4,8,2.468,0.00372,0.0,train
JVASP-22623,jarvis,ZnS,Zn10S10,20,2.095,0.03678,-0.0011,train
JVASP-22625,jarvis,SO3,S4O12,16,5.354,0.00474,0.0001,train
JVASP-22633,jarvis,SiC,Si8C8,16,2.06,0.00284,-0.0001,train
JVASP-22634,jarvis,P3N5,P12N20,32,3.849,0.00061,-0.0,train
JVASP-22636,jarvis,RbSb2,Rb4Sb8,12,0.385,0.23392,-0.0073,train
JVASP-23973,jarvis,H4OF2,H16O4F8,28,7.275,0.01256,-0.0002,train
JVASP-23980,jarvis,KHF2,K4H4F8,16,7.406,0.0044,0.0002,train
JVASP-240,jarvis,NiO2,Ni1O2,3,0.702,1e-05,-0.0,train
JVASP-2400,jarvis,Tl2SiF6,Tl8Si4F24,36,5.04,0.02768,-0.0008,train
JVASP-24017,jarvis,LiHF2,Li3H3F6,12,8.422,0.00858,-0.0002,train
JVASP-24028,jarvis,MgH4(ClO)2,Mg2H8Cl4O4,18,5.54,0.0065,-0.0,train
JVASP-2409,jarvis,Rb2HgO2,Rb4Hg2O4,10,2.198,0.1594,-0.0053,train
JVASP-2415,jarvis,CdSnP2,Cd4Sn4P8,16,0.127,4e-05,0.0,train
JVASP-24414,jarvis,MnSnF6,Mn3Sn3F18,24,1.027,0.02049,-0.0002,train
JVASP-24426,jarvis,KHoBeF6,K2Ho2Be2F12,18,7.767,0.00621,0.0002,train
JVASP-24429,jarvis,NiPtF6,Ni3Pt3F18,24,0.9,0.00141,-0.0,train
JVASP-24447,jarvis,KrF2,Kr2F4,6,2.424,0.01864,-0.0022,train
JVASP-2445,jarvis,Tl3VS4,Tl6V2S8,16,1.892,0.0,0.0,train
JVASP-24465,jarvis,K2Sr(PO3)4,K4Sr2P8O24,38,5.942,0.05006,-0.0009,train
JVASP-2448,jarvis,GaAgSe2,Ga4Ag4Se8,16,0.21,4e-05,-0.0,train
JVASP-2454,jarvis,Sm2SO2,Sm2S1O2,5,3.043,0.00229,-0.0003,train
JVASP-24554,jarvis,K5ThF9,K20Th4F36,60,6.323,0.00013,0.0,train
JVASP-2457,jarvis,NbCu3S4,Nb1Cu3S4,8,1.64,1e-05,0.0,train
JVASP-23870,jarvis,SrBrF,Sr2Br2F2,6,5.293,0.00734,-0.0005,train
JVASP-23878,jarvis,Na4Al3Si3ClO12,Na8Al6Si6Cl2O24,46,4.836,0.00526,-0.0001,train
JVASP-23888,jarvis,SrCl2,Sr4Cl8,12,5.498,0.03648,-0.003,train
JVASP-23901,jarvis,Ca4Cl6O,Ca8Cl12O2,22,5.553,0.0749,-0.0021,train
JVASP-2391,jarvis,GaAgTe2,Ga4Ag4Te8,16,0.105,6e-05,0.0,train
JVASP-2394,jarvis,Na2HgO2,Na4Hg2O4,10,1.819,0.00968,-0.0,train
JVASP-23958,jarvis,PH6NO4,P4H24N4O16,48,5.812,0.00913,-0.0001,train
JVASP-23967,jarvis,H4CN2O,H8C2N4O2,16,5.166,0.09442,-0.0018,train
JVASP-234,jarvis,NiO2,Ni2O4,6,0.821,0.01964,-0.0015,train
JVASP-23438,jarvis,RbGaO2,Rb8Ga8O16,32,2.755,0.00785,-0.0002,train
JVASP-23439,jarvis,TeO3,Te4O12,16,1.376,0.00192,0.0,train
JVASP-2346,jarvis,Cd(GaS2)2,Cd2Ga4S8,14,2.113,2e-05,-0.0,train
JVASP-2349,jarvis,KLiTe,K2Li2Te2,6,2.649,0.08058,-0.0051,train
JVASP-2355,jarvis,ZnGeP2,Zn4Ge4P8,16,1.054,2e-05,0.0,train
JVASP-2367,jarvis,CdSiP2,Cd4Si4P8,16,1.461,0.0,0.0,train
JVASP-2277,jarvis,Cd(GaSe2)2,Cd2Ga4Se8,14,1.318,2e-05,-0.0,train
JVASP-22880,jarvis,Na2GeF6,Na6Ge3F18,27,5.888,0.00124,0.0,train
JVASP-2289,jarvis,K2PtF6,K2Pt1F6,9,2.555,0.00347,0.0003,train
JVASP-22891,jarvis,K2ErF5,K8Er4F20,32,7.256,0.0138,0.0001,train
JVASP-22904,jarvis,K2SmF5,K8Sm4F20,32,7.138,0.0036,0.0,train
JVASP-2292,jarvis,BaZrO3,Ba1Zr1O3,5,3.25,0.00094,-0.0002,train
JVASP-2295,jarvis,GaCuTe2,Ga4Cu4Te8,16,0.166,4e-05,-0.0,train
JVASP-22958,jarvis,KSmF4,K4Sm4F16,24,7.55,0.01012,-0.0001,train
JVASP-23,jarvis,CdTe,Cd4Te4,8,0.498,0.0,0.0,train
JVASP-2475,jarvis,K2HgO2,K4Hg2O4,10,2.251,0.04512,-0.0014,train
JVASP-24767,jarvis,Li8SiO6,Li16Si2O12,30,4.919,0.0138,0.0003,train
JVASP-2478,jarvis,KZnF3,K1Zn1F3,5,4.16,0.00172,0.0003,train
JVASP-24792,jarvis,Si,Si8,8,0.731,0.0728,-0.0091,train
JVASP-2481,jarvis,Al2CdS4,Al4Cd2S8,14,2.864,4e-05,-0.0,train
JVASP-2484,jarvis,NaSbF6,Na4Sb4F24,32,4.918,0.00396,0.0001,train
JVASP-24860,jarvis,BaAlBO3F2,Ba2Al2B2O6F4,16,6.653,0.00032,0.0,train
JVASP-2487,jarvis,NaMgAs,Na2Mg2As2,6,1.157,0.04131,-0.0069,train
JVASP-24872,jarvis,K2MnF4,K4Mn2F8,14,1.405,0.00556,-0.0,train
JVASP-25049,jarvis,Se,Se18,18,1.252,0.07668,-0.0032,train
JVASP-25055,jarvis,C,C8,8,2.851,0.0316,-0.0014,train
JVASP-25095,jarvis,H2,H4,4,9.03,0.00032,-0.0001,train
JVASP-25104,jarvis,Cl2,Cl8,8,2.319,0.09824,-0.0053,train
JVASP-24643,jarvis,AcCl3,Ac2Cl6,8,5.127,0.0007,-0.0,train
JVASP-24644,jarvis,BrF5,Br4F20,24,3.169,4e-05,-0.0,train
JVASP-24650,jarvis,BaHgS2,Ba4Hg4S8,16,1.157,0.04676,-0.0009,train
JVASP-24653,jarvis,AlCuCl4,Al2Cu2Cl8,12,2.742,2e-05,-0.0,train
JVASP-24657,jarvis,AsF3,As4F12,16,5.183,0.00688,0.0003,train
JVASP-2466,jarvis,CaMg2N2,Ca1Mg2N2,5,2.487,0.00233,-0.0002,train
JVASP-24674,jarvis,H7NF4,H42N6F24,72,7.533,0.13872,-0.0006,train
JVASP-24699,jarvis,RbLiCl2,Rb4Li4Cl8,16,5.355,0.00364,0.0001,train
JVASP-2472,jarvis,CdPtF6,Cd3Pt3F18,24,2.444,0.01428,0.0006,train
JVASP-2427,jarvis,GaAgS2,Ga4Ag4S8,16,0.937,4e-05,-0.0,train
JVASP-2430,jarvis,Zn(GaS2)2,Zn1Ga2S4,7,2.295,2e-05,0.0,train
JVASP-24305,jarvis,IOF3,I4O4F12,20,3.44,0.08756,0.002,train
JVASP-2433,jarvis,Ca4P2O,Ca8P4O2,14,1.269,0.05876,-0.0034,train
JVASP-2436,jarvis,NaSbS2,Na4Sb4S8,16,0.756,0.01732,-0.0005,train
JVASP-2439,jarvis,Nd2TeO2,Nd4Te2O4,10,1.716,0.04384,-0.0029,train
JVASP-25109,jarvis,O2,O4,4,1.508,0.00118,0.0003,train
JVASP-25138,jarvis,N2,N2,2,2.34,0.00018,0.0,train
JVASP-25144,jarvis,P,P8,8,0.056,0.0,0.0,train
JVASP-25149,jarvis,Si,Si4,4,0.56,0.00064,-0.0001,train
JVASP-25167,jarvis,He,He2,2,17.733,8e-05,-0.0,train
JVASP-2517,jarvis,NdZnAsO,Nd2Zn2As2O2,8,0.848,0.08446,-0.004,train
JVASP-25170,jarvis,H2,H4,4,8.591,0.00024,0.0,train
JVASP-25171,jarvis,C,C16,16,2.743,0.114,-0.0071,train
JVASP-25172,jarvis,N2,N8,8,7.165,0.00044,-0.0001,train
JVASP-25182,jarvis,C,C4,4,3.764,0.00156,-0.0002,train
JVASP-2526,jarvis,KMgSb,K2Mg2Sb2,6,1.403,2e-05,-0.0,train
JVASP-25272,jarvis,O2,O6,6,1.206,0.00228,0.0002,train
JVASP-25277,jarvis,O2,O4,4,1.278,0.0012,0.0002,train
JVASP-25278,jarvis,He,He4,4,17.968,0.00048,0.0001,train
JVASP-25286,jarvis,H2,H4,4,9.03,0.00032,-0.0001,train
JVASP-25288,jarvis,H2,H4,4,9.016,8e-05,-0.0,train
JVASP-25192,jarvis,S,S9,9,1.958,1e-05,-0.0,train
JVASP-252,jarvis,PbO,Pb2O2,4,1.472,1e-05,0.0,train
JVASP-25204,jarvis,F2,F8,8,2.591,0.00172,0.0002,train
JVASP-25205,jarvis,F2,F8,8,2.302,0.00132,0.0001,train
JVASP-25210,jarvis,Te,Te3,3,0.165,1e-05,-0.0,train
JVASP-25213,jarvis,Kr,Kr2,2,7.258,0.01198,-0.0045,train
JVASP-25223,jarvis,Ar,Ar2,2,8.712,0.0007,-0.0003,train
JVASP-2523,jarvis,KAuS,K4Au4S4,12,2.296,4e-05,0.0,train
JVASP-25243,jarvis,C,C16,16,3.091,0.0104,-0.0006,train
JVASP-2529,jarvis,NaMgSb,Na2Mg2Sb2,6,1.172,0.12393,-0.0143,train
JVASP-25306,jarvis,C,C8,8,4.457,0.0008,0.0001,train
JVASP-25307,jarvis,N2,N4,4,6.839,0.00026,-0.0001,train
JVASP-25335,jarvis,S,S18,18,1.96,0.00108,0.0,train
JVASP-25340,jarvis,H2,H4,4,8.842,0.00028,-0.0001,train
JVASP-25379,jarvis,H2,H8,8,9.052,0.00032,0.0,train
JVASP-2460,jarvis,NdOF,Nd6O6F6,18,4.505,0.01482,-0.0,train
JVASP-24616,jarvis,SrBe3O4,Sr2Be6O8,16,4.268,0.00354,0.0001,train
JVASP-24624,jarvis,Ag3P11,Ag6P22,28,0.908,0.05656,-0.0017,train
JVASP-24625,jarvis,PICl6,P2I2Cl12,16,1.981,0.27013,0.0056,train
JVASP-24626,jarvis,NaHF2,Na3H3F6,12,7.136,0.00348,0.0,train
JVASP-24628,jarvis,Hg3(SeCl)2,Hg12Se8Cl8,28,1.728,0.07744,-0.0027,train
JVASP-24629,jarvis,Hg3(TeCl)2,Hg12Te8Cl8,28,1.762,0.10082,-0.0036,train
JVASP-24630,jarvis,Hg3(TeBr)2,Hg12Te8Br8,28,1.653,0.02654,0.0009,train
JVASP-24911,jarvis,CaGaBO4,Ca8Ga8B8O32,56,4.088,0.0768,-0.0003,train
JVASP-24927,jarvis,HfVF6,Hf4V4F24,32,1.639,0.00369,0.0001,train
JVASP-2493,jarvis,ZnCu2GeS4,Zn2Cu4Ge2S8,16,0.325,4e-05,-0.0,train
JVASP-24936,jarvis,Dy3CuSiS7,Dy6Cu2Si2S14,24,1.868,0.01696,-0.0006,train
JVASP-24968,jarvis,Pr4S3NCl3,Pr8S6N2Cl6,22,3.019,0.08158,-0.0025,train
JVASP-25,jarvis,Bi2Te3,Bi6Te9,15,0.351,3e-05,-0.0,train
JVASP-25035,jarvis,TeOF2,Te4O4F8,16,4.164,0.01402,0.0003,train
JVASP-25043,jarvis,Se,Se3,3,0.898,0.01152,-0.0019,train
JVASP-25380,jarvis,O2,O16,16,1.127,0.01228,-0.0003,train
JVASP-25382,jarvis,Kr,Kr2,2,7.246,0.00144,-0.0007,train
JVASP-25391,jarvis,Kr,Kr9,9,7.262,0.00141,-0.0,train
JVASP-25392,jarvis,Kr,Kr4,4,7.263,0.00502,0.0002,train
JVASP-25394,jarvis,Xe,Xe2,2,6.134,0.0015,-0.0007,train
JVASP-254,jarvis,PbS,Pb4S4,8,0.564,0.01784,0.0022,train
JVASP-25415,jarvis,Si,Si8,8,0.566,0.19968,-0.0089,train
JVASP-25416,jarvis,N2,N8,8,4.335,0.00084,0.0001,train
JVASP-2544,jarvis,KNbO3,K3Nb3O9,15,2.089,3e-05,-0.0,train
JVASP-25823,jarvis,Ag2HgSI2,Ag8Hg4S4I8,24,1.169,0.01216,-0.0003,train
JVASP-25875,jarvis,NbCl3O,Nb4Cl12O4,20,2.664,0.10042,0.0024,train
JVASP-25876,jarvis,RbVF3,Rb1V1F3,5,0.844,0.00157,0.0003,train
JVASP-25889,jarvis,NClOF4,N4Cl4O4F16,28,1.922,0.01036,-0.0003,train
JVASP-2592,jarvis,TaTl3S4,Ta2Tl6S8,16,2.654,4e-05,-0.0,train
JVASP-25966,jarvis,SrTa4O11,Sr2Ta8O22,32,3.619,0.01145,-0.0003,train
JVASP-2598,jarvis,Mg3NF3,Mg3N1F3,7,3.927,0.0018,-0.0003,train
JVASP-26,jarvis,P,P8,8,0.012,0.0,0.0,train
JVASP-260,jarvis,PbS,Pb2S2,4,1.293,0.09456,-0.0056,train
JVASP-2610,jarvis,K2AgAs,K8Ag4As4,16,1.287,0.17366,0.0023,train
JVASP-2616,jarvis,RbScO2,Rb2Sc2O4,8,3.538,0.00308,0.0002,train
JVASP-2619,jarvis,Tl3AsSe3,Tl9As3Se9,21,0.696,0.09837,0.0004,train
JVASP-26323,jarvis,PrBi2IO4,Pr1Bi2I1O4,8,1.357,0.01793,-0.0014,train
JVASP-26327,jarvis,TmBi2ClO4,Tm1Bi2Cl1O4,8,1.497,0.00553,-0.0005,train
JVASP-26335,jarvis,TmBi2BrO4,Tm1Bi2Br1O4,8,1.529,0.00611,-0.0006,train
JVASP-26336,jarvis,NaCNO,Na3C3N3O3,12,4.575,3e-05,0.0,train
JVASP-26337,jarvis,ErBi2BrO4,Er1Bi2Br1O4,8,1.504,0.00632,-0.0003,train
JVASP-26341,jarvis,SiO2,Si4O8,12,5.93,4e-05,-0.0,train
JVASP-26342,jarvis,HgPb2(ClO)2,Hg2Pb4Cl4O4,14,2.401,0.01112,-0.0003,train
JVASP-26345,jarvis,TbBi2ClO4,Tb1Bi2Cl1O4,8,1.385,0.00334,-0.0004,train
JVASP-26360,jarvis,TbBi2BrO4,Tb1Bi2Br1O4,8,1.44,0.00684,-0.0006,train
JVASP-27269,jarvis,Y2Be2GeO7,Y4Be4Ge2O14,24,4.755,0.01135,0.0004,train
JVASP-2727,jarvis,AlCuTe2,Al4Cu4Te8,16,1.102,4e-05,0.0,train
JVASP-2739,jarvis,Rb2PtF6,Rb2Pt1F6,9,2.612,0.00296,0.0003,train
JVASP-27401,jarvis,NbSbRu,Nb4Sb4Ru4,12,0.369,0.0,0.0,train
JVASP-2745,jarvis,CaPtF6,Ca3Pt3F18,24,2.696,0.0057,0.0002,train
JVASP-2748,jarvis,ZnPtF6,Zn3Pt3F18,24,2.182,0.02322,0.0004,train
JVASP-27495,jarvis,Ca3TaGa3(SiO7)2,Ca3Ta1Ga3Si2O14,23,4.071,0.0197,-0.0006,train
JVASP-275,jarvis,PtO2,Pt1O2,3,1.51,1e-05,-0.0,train
JVASP-2550,jarvis,BaAg2GeS4,Ba2Ag4Ge2S8,16,0.574,2e-05,-0.0,train
JVASP-25515,jarvis,KH3F4,K6H18F24,48,7.775,0.0741,-0.0003,train
JVASP-25518,jarvis,K4Au6S5,K8Au12S10,30,1.513,0.01872,0.0004,train
JVASP-25551,jarvis,PH2F3,P4H8F12,24,6.654,4e-05,-0.0,train
JVASP-25577,jarvis,K2LiBO3,K8Li4B4O12,28,4.135,0.00418,0.0001,train
JVASP-25602,jarvis,KNiIO6,K1Ni1I1O6,9,1.189,1e-05,0.0,train
JVASP-25626,jarvis,BaSi6N8O,Ba2Si12N16O2,32,4.262,0.00304,-0.0,train
JVASP-25632,jarvis,KBi(PS3)2,K2Bi2P4S12,20,2.171,0.02681,0.0008,train
JVASP-25647,jarvis,YbClF,Yb2Cl2F2,6,6.035,0.00032,-0.0,train
JVASP-2565,jarvis,KZnP,K2Zn2P2,6,0.938,0.10914,-0.0121,train
JVASP-25658,jarvis,Zn4P6N12O,Zn8P12N24O2,46,3.05,0.02228,-0.0004,train
JVASP-25696,jarvis,Nd3CuSiS7,Nd6Cu2Si2S14,24,1.689,0.05999,-0.0017,train
JVASP-25743,jarvis,KVF3,K1V1F3,5,0.812,0.00116,0.0002,train
JVASP-2577,jarvis,RbAuO2,Rb4Au4O8,16,1.566,0.00332,0.0001,train
JVASP-25775,jarvis,Cd2BiAsO6,Cd8Bi4As4O24,40,1.97,0.08465,-0.0004,train
JVASP-25797,jarvis,KNaThF6,K2Na2Th2F12,18,7.204,0.01511,0.0003,train
JVASP-2580,jarvis,RbHgF3,Rb1Hg1F3,5,0.546,0.00576,-0.0011,train
JVASP-25802,jarvis,Y3CuGeS7,Y6Cu2Ge2S14,24,1.722,0.18857,-0.0053,train
JVASP-26393,jarvis,NbTlBr4O,Nb2Tl2Br8O2,14,1.334,0.24884,0.0047,train
JVASP-26395,jarvis,Ca4Bi2O,Ca8Bi4O2,14,0.837,0.3109,-0.0168,train
JVASP-26396,jarvis,PrBi2BrO4,Pr1Bi2Br1O4,8,1.289,0.0083,-0.0007,train
JVASP-26397,jarvis,DyBi2ClO4,Dy1Bi2Cl1O4,8,1.411,0.00443,-0.0004,train
JVASP-26401,jarvis,YClO,Y6Cl6O6,18,4.284,0.03924,-0.0007,train
JVASP-26404,jarvis,SrBiBrO2,Sr4Bi4Br4O8,20,3.233,0.0,0.0,train
JVASP-26405,jarvis,SmBi2IO4,Sm1Bi2I1O4,8,1.438,0.01632,-0.0013,train
JVASP-26409,jarvis,YBi2ClO4,Y1Bi2Cl1O4,8,1.43,0.00205,-0.0002,train
JVASP-26410,jarvis,LiScAs2O7,Li2Sc2As4O14,22,3.653,2e-05,0.0,train
JVASP-26365,jarvis,RbGeIO6,Rb1Ge1I1O6,9,2.526,2e-05,-0.0,train
JVASP-26368,jarvis,DyZnPO,Dy6Zn6P6O6,24,1.26,0.11191,-0.0036,train
JVASP-26370,jarvis,SmBi2BrO4,Sm1Bi2Br1O4,8,1.368,0.00764,-0.0006,train
JVASP-26382,jarvis,NaScAs2O7,Na2Sc2As4O14,22,3.648,4e-05,-0.0,train
JVASP-26384,jarvis,HoBi2IO4,Ho1Bi2I1O4,8,1.538,0.0144,-0.0011,train
JVASP-26387,jarvis,ErBi2IO4,Er1Bi2I1O4,8,1.557,0.0281,0.0,train
JVASP-26392,jarvis,YBi2IO4,Y1Bi2I1O4,8,1.527,0.01445,-0.0011,train
JVASP-28399,jarvis,WS2,W2S4,6,0.945,0.05738,-0.0033,train
JVASP-28400,jarvis,Te2W,Te2W1,3,1.285,0.00556,0.0011,train
JVASP-28402,jarvis,MoWSe4,Mo2W2Se8,12,1.159,0.14914,-0.0014,train
JVASP-28403,jarvis,WSeS,W2Se2S2,6,0.704,0.00146,0.0001,train
JVASP-28405,jarvis,TeWS,Te2W2S2,6,0.249,0.04159,0.0044,train
JVASP-28407,jarvis,WSe2,W2Se4,6,1.219,0.06535,0.0042,train
JVASP-28409,jarvis,Te2Mo,Te2Mo1,3,1.228,0.00201,-0.0001,train
JVASP-28410,jarvis,WSe2,W1Se2,3,1.334,0.00735,-0.0014,train
JVASP-26414,jarvis,Ba2CuBrO2,Ba6Cu3Br3O6,18,2.444,0.0699,0.0013,train
JVASP-26416,jarvis,DyBi2BrO4,Dy1Bi2Br1O4,8,1.461,0.00653,-0.0006,train
JVASP-26472,jarvis,Sm3CuSiS7,Sm6Cu2Si2S14,24,1.681,0.02782,-0.001,train
JVASP-2649,jarvis,BaP3,Ba4P12,16,0.594,0.23444,-0.0053,train
JVASP-2652,jarvis,K2ReF6,K2Re1F6,9,1.468,0.00696,0.0006,train
JVASP-266,jarvis,InP,In4P4,8,0.331,0.0,0.0,train
JVASP-2667,jarvis,Al2ZnTe4,Al4Zn2Te8,14,1.699,2e-05,0.0,train
JVASP-2670,jarvis,Al2CdTe4,Al4Cd2Te8,14,1.669,2e-05,0.0,train
JVASP-26725,jarvis,SrNiF6,Sr3Ni3F18,24,1.19,0.03105,0.0009,train
JVASP-2673,jarvis,Al2HgTe4,Al4Hg2Te8,14,1.116,4e-05,-0.0,train
JVASP-2709,jarvis,K2PdF6,K2Pd1F6,9,2.01,0.00899,0.0009,train
JVASP-27155,jarvis,KTa(GeO3)3,K2Ta2Ge6O18,28,3.541,0.05239,-0.0001,train
JVASP-27156,jarvis,RbTa(GeO3)3,Rb2Ta2Ge6O18,28,3.514,0.05189,-0.0002,train
JVASP-27158,jarvis,TaTl(GeO3)3,Ta2Tl2Ge6O18,28,3.654,0.05143,-0.0004,train
JVASP-27170,jarvis,MnH4(ClO)2,Mn2H8Cl4O4,18,1.662,0.00524,-0.0002,train
JVASP-2718,jarvis,RbRuF6,Rb3Ru3F18,24,1.156,0.00618,0.0002,train
JVASP-272,jarvis,PtO2,Pt2O4,6,1.47,1e-05,-0.0,train
JVASP-2724,jarvis,AlCuSe2,Al4Cu4Se8,16,1.069,2e-05,0.0,train
JVASP-28381,jarvis,PdCl2,Pd2Cl4,6,0.561,0.04462,0.0027,train
JVASP-28383,jarvis,CN2,C2N4,6,4.693,0.06888,-0.0039,train
JVASP-28387,jarvis,Te2W,Te4W2,6,0.892,0.04228,-0.0015,train
JVASP-28390,jarvis,K2Mg2Si2O7,K2Mg2Si2O7,13,5.477,0.00403,0.0002,train
JVASP-28392,jarvis,SiO2,Si2O4,6,5.116,0.00106,-0.0002,train
JVASP-28393,jarvis,CdS,Cd1S1,2,0.886,0.03026,-0.0106,train
JVASP-28397,jarvis,SiS,Si4S4,8,0.658,2e-05,-0.0,train
JVASP-27504,jarvis,NaY3SiS7,Na2Y6Si2S14,24,2.206,0.01664,-0.0006,train
JVASP-2751,jarvis,Sr(ZnP)2,Sr1Zn2P2,5,0.767,0.04566,-0.0062,train
JVASP-27515,jarvis,NaBe4SbO7,Na2Be8Sb2O14,26,3.553,0.00184,-0.0001,train
JVASP-27525,jarvis,BaAl4S7,Ba2Al8S14,24,3.102,0.03554,-0.0007,train
JVASP-27529,jarvis,NaAlSiO4,Na4Al4Si4O16,28,4.618,0.00774,0.0003,train
JVASP-27530,jarvis,Na6ZnS4,Na12Zn2S8,22,2.237,0.01464,-0.0006,train
JVASP-27532,jarvis,LiInP2O7,Li2In2P4O14,22,4.283,0.02891,-0.0009,train
JVASP-2754,jarvis,Sr(CdP)2,Sr1Cd2P2,5,0.725,0.06489,-0.0096,train
JVASP-2757,jarvis,Ba(MgP)2,Ba1Mg2P2,5,1.151,0.04278,-0.0062,train
JVASP-26829,jarvis,NaLi3(H2N)4,Na2Li6H16N8,32,2.827,0.00468,-0.0001,train
JVASP-2685,jarvis,Rb2PtS2,Rb4Pt2S4,10,1.276,0.0538,0.0012,train
JVASP-2688,jarvis,LiNbS2,Li2Nb2S4,8,0.787,0.0873,-0.0074,train
JVASP-2691,jarvis,NaNbS2,Na2Nb2S4,8,0.748,0.10186,-0.0085,train
JVASP-2697,jarvis,NaNbSe2,Na2Nb2Se4,8,0.626,0.12842,-0.0108,train
JVASP-2700,jarvis,ThSeO,Th2Se2O2,6,0.969,0.01336,-0.0019,train
JVASP-2703,jarvis,Na3Sb,Na6Sb2,8,0.51,0.06616,-0.0071,train
JVASP-27049,jarvis,CrCuO2,Cr3Cu3O6,12,1.048,0.01914,-0.0004,train
JVASP-2784,jarvis,Ba4As2O,Ba8As4O2,14,0.668,0.11718,-0.0061,train
JVASP-2796,jarvis,TlSbF6,Tl3Sb3F18,24,3.924,0.01035,0.0004,train
JVASP-2802,jarvis,Tl3SbS3,Tl9Sb3S9,21,1.45,0.06714,-0.0018,train
JVASP-281,jarvis,SnO,Sn2O2,4,0.505,0.0,0.0,train
JVASP-2820,jarvis,KLiS,K2Li2S2,6,3.347,0.00689,-0.0008,train
JVASP-2823,jarvis,K2CuP,K8Cu4P4,16,1.248,0.04956,-0.0012,train
JVASP-2826,jarvis,NaLiS,Na2Li2S2,6,3.34,0.00294,-0.0004,train
JVASP-2829,jarvis,NaPrO2,Na4Pr4O8,16,3.624,0.01196,-0.0006,train
JVASP-26756,jarvis,Al(IO3)3,Al2I6O18,26,3.309,0.00767,-0.0001,train
JVASP-26759,jarvis,TlAsF6,Tl3As3F18,24,4.305,0.00537,0.0002,train
JVASP-2676,jarvis,MgPdF6,Mg3Pd3F18,24,1.941,0.01467,0.0004,train
JVASP-26785,jarvis,Na2TiF6,Na6Ti3F18,27,4.737,0.00886,-0.0,train
JVASP-2679,jarvis,CaPdF6,Ca3Pd3F18,24,2.17,0.00102,0.0,train
JVASP-26809,jarvis,RbTl(SO4)2,Rb3Tl3S6O24,36,2.074,7e-05,0.0,train
JVASP-2835,jarvis,Ba(AgS)2,Ba1Ag2S2,5,0.924,0.04266,-0.0062,train
JVASP-28372,jarvis,GaP,Ga6P6,12,1.155,0.2691,-0.0131,train
JVASP-28374,jarvis,CN2,C2N4,6,2.017,0.02098,-0.0013,train
JVASP-28375,jarvis,HoSI,Ho2S2I2,6,2.57,2e-05,-0.0,train
JVASP-28376,jarvis,MoSeS,Mo4Se4S4,12,0.624,0.13504,-0.0073,train
JVASP-2763,jarvis,Ba(MgAs)2,Ba1Mg2As2,5,1.152,0.0348,-0.0049,train
JVASP-27655,jarvis,Zn2W3O8,Zn4W6O16,26,0.647,0.00768,-0.0003,train
JVASP-2775,jarvis,BaTiF6,Ba3Ti3F18,24,4.284,0.0078,0.0003,train
JVASP-2778,jarvis,Sr4P2O,Sr8P4O2,14,1.221,0.05788,-0.0029,train
JVASP-2781,jarvis,Sr4As2O,Sr8As4O2,14,1.221,0.09808,-0.0054,train
JVASP-27814,jarvis,PHF4,P4H4F16,24,7.547,0.00824,0.0,train
JVASP-27815,jarvis,PH2F3,P4H8F12,24,6.652,4e-05,-0.0,train
JVASP-28436,jarvis,Cu2WSe4,Cu4W2Se8,14,0.887,0.2021,0.0076,train
JVASP-2844,jarvis,K2Te2Pt,K4Te4Pt2,10,0.864,0.0839,-0.0,train
JVASP-28443,jarvis,IrI3,Ir4I12,16,1.194,0.02454,0.0011,train
JVASP-28449,jarvis,ThTe3,Th2Te6,8,0.417,1e-05,-0.0,train
JVASP-28451,jarvis,NbCl2O,Nb4Cl8O4,16,0.816,0.02502,-0.0003,train
JVASP-28453,jarvis,WSe2,W3Se6,9,1.126,0.80991,0.0306,train
JVASP-2853,jarvis,RbLiS,Rb2Li2S2,6,3.062,2e-05,-0.0,train
JVASP-28532,jarvis,Mo2W(Se2S)2,Mo2W1Se4S2,9,0.608,0.16631,0.006,train
JVASP-28537,jarvis,Te2MoW2(SeS)2,Te4Mo2W4Se4S4,18,0.167,0.28718,-0.0036,train
JVASP-28541,jarvis,Mo3(Se2S)2,Mo6Se8S4,18,0.521,0.2039,-0.0094,train
JVASP-28544,jarvis,MoW2(SeS2)2,Mo2W4Se4S8,18,0.686,0.04632,-0.0014,train
JVASP-28545,jarvis,MoW2(SeS2)2,Mo2W4Se4S8,18,0.696,0.04574,-0.0014,train
JVASP-28513,jarvis,Mo(WSe3)2,Mo2W4Se12,18,1.045,0.04558,-0.0015,train
JVASP-28515,jarvis,Te2Mo(WS2)2,Te2Mo1W2S4,9,0.068,0.0782,0.0059,train
JVASP-28520,jarvis,MoW2(SeS2)2,Mo2W4Se4S8,18,0.654,0.04826,-0.0012,train
JVASP-28529,jarvis,MoW2(Se2S)2,Mo2W4Se8S4,18,0.549,0.044,-0.0013,train
JVASP-28416,jarvis,Te2W,Te8W4,12,0.95,0.06974,-0.0046,train
JVASP-28417,jarvis,TeWSe,Te4W4Se4,12,0.513,0.0193,-0.0013,train
JVASP-28420,jarvis,MoSeS,Mo4Se4S4,12,0.624,0.13502,-0.0071,train
JVASP-28422,jarvis,MoW(SeS)2,Mo2W2Se4S4,12,0.588,0.02876,-0.0019,train
JVASP-28423,jarvis,TeMoS,Te2Mo2S2,6,0.048,0.08603,0.0103,train
JVASP-28597,jarvis,MoWSeS3,Mo2W2Se2S6,12,0.707,0.17756,0.0049,train
JVASP-28598,jarvis,TeMoWSe2S,Te2Mo2W2Se4S2,12,0.072,0.07856,0.0063,train
JVASP-28607,jarvis,Te2MoW3(Se2S)2,Te2Mo1W3Se4S2,12,0.108,0.41424,-0.0076,train
JVASP-28619,jarvis,Te2MoW3(Se2S)2,Te2Mo1W3Se4S2,12,0.365,0.02638,0.0003,train
JVASP-2862,jarvis,KLiSe,K2Li2Se2,6,2.816,0.0308,-0.002,train
JVASP-28628,jarvis,MoW3(Se3S)2,Mo1W3Se6S2,12,0.453,0.51634,0.0142,train
JVASP-28460,jarvis,Te2Mo(WSe2)2,Te2Mo1W2Se4,9,0.448,0.00487,0.0,train
JVASP-28462,jarvis,Te4Mo(WSe)2,Te8Mo2W4Se4,18,0.26,0.07972,-0.0001,train
JVASP-28466,jarvis,MoW2(Se2S)2,Mo2W4Se8S4,18,0.608,0.0451,-0.0022,train
JVASP-28467,jarvis,Te4Mo(WSe)2,Te4Mo1W2Se2,9,0.394,0.00371,-0.0002,train
JVASP-28568,jarvis,Te2Mo2W(SeS)2,Te4Mo4W2Se4S4,18,0.033,0.15122,0.0042,train
JVASP-28569,jarvis,Mo(WS3)2,Mo2W4S12,18,0.827,0.04956,-0.0015,train
JVASP-28571,jarvis,Te2W3Se4,Te2W3Se4,9,0.851,0.12887,-0.0045,train
JVASP-28576,jarvis,Te4W3Se2,Te8W6Se4,18,0.377,0.02934,-0.0006,train
JVASP-28578,jarvis,Mo3W(SeS)4,Mo6W2Se8S8,24,0.649,0.0519,-0.0019,train
JVASP-28579,jarvis,MoW(SeS)2,Mo2W2Se4S4,12,0.671,0.60579,0.0167,train
JVASP-28493,jarvis,MoW2(SeS2)2,Mo1W2Se2S4,9,0.74,0.0116,0.0003,train
JVASP-28498,jarvis,Te4Mo(WSe)2,Te4Mo1W2Se2,9,0.736,0.01345,0.001,train
JVASP-2850,jarvis,Na3SbSe4,Na6Sb2Se8,16,1.057,2e-05,0.0,train
JVASP-28504,jarvis,Te4Mo2WSe2,Te4Mo2W1Se2,9,0.307,0.04492,-0.002,train
JVASP-28511,jarvis,Te2Mo2WSe4,Te2Mo2W1Se4,9,0.836,0.02921,0.0008,train
JVASP-28512,jarvis,Te4Mo2WSe2,Te4Mo2W1Se2,9,0.288,0.07305,0.0023,train
JVASP-28469,jarvis,Te4Mo2WSe2,Te8Mo4W2Se4,18,0.266,0.0927,-0.0022,train
JVASP-28471,jarvis,Te2W3(SeS)2,Te4W6Se4S4,18,0.308,0.05344,0.0008,train
JVASP-28474,jarvis,Te2MoW2(SeS)2,Te4Mo2W4Se4S4,18,0.078,0.22636,-0.002,train
JVASP-28476,jarvis,MoW2(Se2S)2,Mo2W4Se8S4,18,0.606,0.14922,0.0013,train
JVASP-28480,jarvis,Te2Mo2WSe4,Te2Mo2W1Se4,9,0.528,0.00293,-0.0001,train
JVASP-28489,jarvis,Te2Mo(WSe2)2,Te2Mo1W2Se4,9,0.746,0.00343,-0.0002,train
JVASP-28490,jarvis,Te2Mo(WSe2)2,Te4Mo2W4Se8,18,0.474,0.14384,0.0011,train
JVASP-28580,jarvis,MoW(SeS)2,Mo4W4Se8S8,24,0.572,0.05708,-0.002,train
JVASP-28590,jarvis,Te2Mo3W(Se2S)2,Te2Mo3W1Se4S2,12,0.067,0.68916,0.0103,train
JVASP-28593,jarvis,TeMo2Se2S,Te2Mo4Se4S2,12,0.053,0.07637,0.0061,train
JVASP-28594,jarvis,Te2MoWS2,Te4Mo2W2S4,12,0.146,0.12581,0.0101,train
JVASP-28554,jarvis,Te2Mo2W(SeS)2,Te2Mo2W1Se2S2,9,0.116,0.05514,0.0049,train
JVASP-28557,jarvis,Mo2W(SeS2)2,Mo4W2Se4S8,18,0.689,0.04274,-0.0009,train
JVASP-28559,jarvis,Mo2W(SeS2)2,Mo2W1Se2S4,9,0.775,0.11536,0.0042,train
JVASP-28563,jarvis,Te2Mo3(SeS)2,Te4Mo6Se4S4,18,0.017,0.14476,0.0038,train
JVASP-28565,jarvis,Te2Mo2W(SeS)2,Te4Mo4W2Se4S4,18,0.051,0.16984,-0.0,train
JVASP-28566,jarvis,Te2Mo3S4,Te4Mo6S8,18,0.088,0.32928,0.0105,train
JVASP-28636,jarvis,MoW(SeS)2,Mo2W2Se4S4,12,0.586,0.03606,-0.0011,train
JVASP-28638,jarvis,Te4Mo3WS4,Te4Mo3W1S4,12,0.061,0.53783,0.0224,train
JVASP-28640,jarvis,Te2MoW3(Se2S)2,Te2Mo1W3Se4S2,12,0.214,0.3653,-0.0085,train
JVASP-28643,jarvis,TeMoWSe2S,Te2Mo2W2Se4S2,12,0.143,0.03372,-0.0015,train
JVASP-28644,jarvis,MoWSe3S,Mo2W2Se6S2,12,0.461,0.51489,0.0142,train
JVASP-28649,jarvis,Mo3W(Se3S)2,Mo3W1Se6S2,12,0.489,0.64669,0.0178,train
JVASP-2865,jarvis,Ca4As2O,Ca8As4O2,14,1.237,0.09666,-0.0054,train
JVASP-28650,jarvis,MoW(SeS)2,Mo2W2Se4S4,12,0.657,0.13683,0.0037,train
JVASP-28660,jarvis,Te2MoWSeS,Te4Mo2W2Se2S2,12,0.136,0.61971,0.0198,train
JVASP-28668,jarvis,MoWS4,Mo4W4S16,24,0.779,0.20892,-0.0071,train
JVASP-28670,jarvis,MoWSeS3,Mo2W2Se2S6,12,0.68,0.22101,0.0062,train
JVASP-28674,jarvis,MoWSeS3,Mo2W2Se2S6,12,0.723,0.26013,-0.0073,train
JVASP-2868,jarvis,RbNaS,Rb2Na2S2,6,2.544,0.00304,-0.0003,train
JVASP-28681,jarvis,TeMoWSe2S,Te2Mo2W2Se4S2,12,0.052,0.58108,-0.0118,train
JVASP-28682,jarvis,Te2MoWSeS,Te4Mo2W2Se2S2,12,0.071,0.08585,0.0066,train
JVASP-28683,jarvis,MoW3(SeS3)2,Mo2W6Se4S12,24,0.761,0.44624,0.0048,train
JVASP-28702,jarvis,MoWSeS3,Mo2W2Se2S6,12,0.712,0.16163,-0.0046,train
JVASP-28704,jarvis,Mo3W(Se3S)2,Mo3W1Se6S2,12,0.502,0.7716,0.0213,train
JVASP-28849,jarvis,Te8MoW3,Te8Mo1W3,12,0.913,0.80485,-0.0225,train
JVASP-28850,jarvis,Te6MoW3Se2,Te6Mo1W3Se2,12,0.345,0.51909,0.0142,train
JVASP-28864,jarvis,MoW3(Se3S)2,Mo1W3Se6S2,12,0.498,0.34098,0.0094,train
JVASP-28866,jarvis,Te6MoW3Se2,Te6Mo1W3Se2,12,0.357,0.23399,-0.0068,train
JVASP-28943,jarvis,MoW3(SeS)4,Mo1W3Se4S4,12,0.571,0.00862,0.0002,train
JVASP-28945,jarvis,Te2MoW3(Se2S)2,Te2Mo1W3Se4S2,12,0.39,0.92568,-0.0258,train
JVASP-28947,jarvis,TeMoWSe2S,Te2Mo2W2Se4S2,12,0.154,0.24514,-0.005,train
JVASP-28948,jarvis,Te2MoW3(Se2S)2,Te2Mo1W3Se4S2,12,0.321,0.43983,-0.012,train
JVASP-2895,jarvis,Ho2CF2,Ho2C1F2,5,1.168,0.00586,-0.0009,train
JVASP-28952,jarvis,TeMoWSe3,Te4Mo4W4Se12,24,0.579,0.54724,-0.0017,train
JVASP-28956,jarvis,MoWSe3S,Mo2W2Se6S2,12,0.568,0.53948,0.0148,train
JVASP-28959,jarvis,Te2MoWSeS,Te4Mo2W2Se2S2,12,0.224,0.2845,-0.0128,train
JVASP-28809,jarvis,TeMoWSe2S,Te2Mo2W2Se4S2,12,0.237,0.03349,0.0024,train
JVASP-28810,jarvis,Te2Mo3WSe6,Te2Mo3W1Se6,12,0.579,0.26492,0.0064,train
JVASP-28814,jarvis,TeMoWSe3,Te2Mo2W2Se6,12,0.642,0.14264,0.004,train
JVASP-28818,jarvis,Te3W2Se,Te6W4Se2,12,0.333,0.09652,0.0024,train
JVASP-28822,jarvis,MoW3(Se3S)2,Mo1W3Se6S2,12,0.527,0.50019,0.0138,train
JVASP-28823,jarvis,TeW2SeS2,Te2W4Se2S4,12,0.211,0.06215,0.0017,train
JVASP-28898,jarvis,Te2MoW3(Se2S)2,Te2Mo1W3Se4S2,12,0.1,0.22526,-0.0038,train
JVASP-28902,jarvis,Te2W2SeS,Te4W4Se2S2,12,0.194,0.83114,-0.022,train
JVASP-28769,jarvis,MoW(SeS)2,Mo2W2Se4S4,12,1.015,0.15462,0.0042,train
JVASP-28770,jarvis,MoWSe3S,Mo2W2Se6S2,12,0.495,0.58484,0.0161,train
JVASP-28773,jarvis,MoSeS,Mo4Se4S4,12,0.594,0.32119,-0.0111,train
JVASP-28779,jarvis,Te2Mo3WSe6,Te2Mo3W1Se6,12,0.586,0.12357,0.0023,train
JVASP-28783,jarvis,Te2Mo3W(Se2S)2,Te2Mo3W1Se4S2,12,0.207,0.31563,0.0105,train
JVASP-28784,jarvis,Mo3W(Se3S)2,Mo3W1Se6S2,12,0.503,0.66663,0.0183,train
JVASP-28827,jarvis,W2SeS3,W8Se4S12,24,0.659,0.68694,0.0079,train
JVASP-28828,jarvis,WSeS,W8Se8S8,24,0.566,0.09216,-0.0005,train
JVASP-28830,jarvis,TeW2S3,Te4W8S12,24,0.296,0.06936,0.0002,train
JVASP-28841,jarvis,TeMoWSe3,Te2Mo2W2Se6,12,0.632,0.99063,-0.0274,train
JVASP-28843,jarvis,Te2MoWSe2,Te4Mo2W2Se4,12,0.384,0.25481,0.0068,train
JVASP-28846,jarvis,TeMoWSe3,Te2Mo2W2Se6,12,0.559,0.52425,-0.0157,train
JVASP-28848,jarvis,Te2MoW3(Se2S)2,Te2Mo1W3Se4S2,12,0.28,0.19062,-0.0044,train
JVASP-28713,jarvis,MoW(SeS)2,Mo2W2Se4S4,12,0.633,0.30269,0.0082,train
JVASP-28731,jarvis,Te2Mo3W(Se2S)2,Te2Mo3W1Se4S2,12,0.159,0.03866,0.0029,train
JVASP-28733,jarvis,MoS2,Mo4S8,12,0.921,0.18368,-0.0109,train
JVASP-28734,jarvis,TeMoWSe2S,Te4Mo4W4Se8S4,24,0.156,0.36462,-0.0042,train
JVASP-28741,jarvis,TeMo2SeS2,Te2Mo4Se2S4,12,0.131,0.16279,0.0081,train
JVASP-28746,jarvis,TeMo2Se2S,Te2Mo4Se4S2,12,0.14,0.11102,0.0054,train
JVASP-28750,jarvis,MoWSeS3,Mo2W2Se2S6,12,0.753,0.04122,-0.0013,train
JVASP-28751,jarvis,Mo3W(SeS3)2,Mo3W1Se2S6,12,0.89,0.83405,0.023,train
JVASP-28753,jarvis,Mo2SeS3,Mo4Se2S6,12,0.953,0.842,0.0232,train
JVASP-28754,jarvis,TeMoWSeS2,Te2Mo2W2Se2S4,12,0.252,0.42153,0.0139,train
JVASP-28761,jarvis,Mo3W(SeS3)2,Mo6W2Se4S12,24,0.843,0.05154,-0.0016,train
JVASP-28764,jarvis,Mo3W(SeS3)2,Mo3W1Se2S6,12,0.796,0.03926,-0.0013,train
JVASP-28765,jarvis,MoWS4,Mo4W4S16,24,0.94,0.67906,0.0081,train
JVASP-28767,jarvis,Te2Mo3WSe6,Te4Mo6W2Se12,24,0.54,0.36964,-0.0065,train
JVASP-28768,jarvis,Te4Mo3WSe4,Te8Mo6W2Se8,24,0.364,0.09674,-0.0028,train
JVASP-28965,jarvis,MoW3(SeS3)2,Mo1W3Se2S6,12,0.706,0.52601,-0.0148,train
JVASP-28966,jarvis,MoW3(Se3S)2,Mo1W3Se6S2,12,0.548,0.87514,0.0242,train
JVASP-28968,jarvis,Te4MoW3(SeS)2,Te4Mo1W3Se2S2,12,0.221,0.18337,-0.0034,train
JVASP-28969,jarvis,MoW3(SeS)4,Mo2W6Se8S8,24,0.653,0.4231,0.0044,train
JVASP-28970,jarvis,TeMoWSeS2,Te2Mo2W2Se2S4,12,0.095,0.0773,0.0043,train
JVASP-2898,jarvis,RbTeAu,Rb2Te2Au2,6,1.032,0.03762,-0.002,train
JVASP-28983,jarvis,Te2MoW3(SeS2)2,Te2Mo1W3Se2S4,12,0.03,0.74943,-0.0169,train
JVASP-28985,jarvis,TeMoWSe2S,Te4Mo4W4Se8S4,24,0.297,0.39996,-0.004,train
JVASP-28994,jarvis,Te4MoW3(SeS)2,Te4Mo1W3Se2S2,12,0.193,0.47247,-0.0123,train
JVASP-28995,jarvis,Te2MoW3(Se2S)2,Te2Mo1W3Se4S2,12,0.258,0.31875,0.0097,train
JVASP-28996,jarvis,Te2MoWSeS,Te4Mo2W2Se2S2,12,0.081,0.47581,0.0166,train
JVASP-28792,jarvis,TeMo2SeS2,Te2Mo4Se2S4,12,0.142,0.18467,-0.0025,train
JVASP-28794,jarvis,Te2Mo3WS6,Te2Mo3W1S6,12,0.154,0.40237,0.0138,train
JVASP-28796,jarvis,Mo3W(SeS3)2,Mo3W1Se2S6,12,0.704,0.01254,-0.0005,train
JVASP-28799,jarvis,TeMo2Se3,Te4Mo8Se12,24,0.583,0.37494,-0.0065,train
JVASP-2880,jarvis,Rb2HgF4,Rb4Hg2F8,14,1.806,0.00508,0.0002,train
JVASP-28801,jarvis,Mo2SeS3,Mo8Se4S12,24,0.793,0.25776,-0.0081,train
JVASP-28806,jarvis,Te2Mo3W(SeS2)2,Te2Mo3W1Se2S4,12,0.122,0.55193,0.0187,train
JVASP-28912,jarvis,Te2Mo(WSe2)3,Te2Mo1W3Se6,12,0.643,0.11329,-0.0029,train
JVASP-28913,jarvis,Te2MoWSe2,Te4Mo2W2Se4,12,0.332,0.36236,-0.0103,train
JVASP-28917,jarvis,Te2Mo(WSe2)3,Te2Mo1W3Se6,12,0.638,0.18832,-0.005,train
JVASP-28919,jarvis,Te4MoW3Se4,Te4Mo1W3Se4,12,0.326,0.02141,0.0004,train
JVASP-28928,jarvis,TeW2Se2S,Te2W4Se4S2,12,0.406,0.11461,-0.0029,train
JVASP-28942,jarvis,TeMoWSe2S,Te2Mo2W2Se4S2,12,0.199,0.02941,0.0016,train
JVASP-28870,jarvis,WSeS,W8Se8S8,24,0.521,0.06872,-0.0025,train
JVASP-28872,jarvis,TeW2SeS2,Te4W8Se4S8,24,0.178,0.67924,-0.0049,train
JVASP-28875,jarvis,TeW2Se2S,Te4W8Se8S4,24,0.319,0.79018,-0.0105,train
JVASP-28876,jarvis,W2Se3S,W4Se6S2,12,0.478,0.11438,0.0031,train
JVASP-28886,jarvis,TeW2Se2S,Te2W4Se4S2,12,0.311,0.18058,-0.0046,train
JVASP-28889,jarvis,Te2W2SeS,Te4W4Se2S2,12,0.101,0.29583,-0.0011,train
JVASP-29053,jarvis,Te6MoW3Se2,Te6Mo1W3Se2,12,0.337,0.42874,0.0116,train
JVASP-29056,jarvis,Te4MoW3Se4,Te4Mo1W3Se4,12,0.499,0.14755,-0.0043,train
JVASP-29057,jarvis,Te4MoW3(SeS)2,Te4Mo1W3Se2S2,12,0.212,0.16224,-0.0089,train
JVASP-290,jarvis,SnS2,Sn2S4,6,1.101,1e-05,0.0,train
JVASP-2901,jarvis,RbAuS,Rb4Au4S4,12,2.173,4e-05,0.0,train
JVASP-29013,jarvis,MoW3(SeS3)2,Mo2W6Se4S12,24,0.73,0.97282,0.0121,train
JVASP-29015,jarvis,Te3MoWSe,Te12Mo4W4Se4,24,0.227,0.74074,-0.0001,train
JVASP-29018,jarvis,MoW3S8,Mo2W6S16,24,0.833,0.4235,-0.0026,train
JVASP-29019,jarvis,Te2Mo(WS2)3,Te2Mo1W3S6,12,0.094,0.18959,-0.0059,train
JVASP-29285,jarvis,Mg(CN)2,Mg2C4N4,10,6.247,0.00836,-0.0006,train
JVASP-29288,jarvis,Cd(CN)2,Cd2C4N4,10,6.15,0.00132,-0.0,train
JVASP-29289,jarvis,ZnC2S2(OF)6,Zn3C6S6O18F18,51,5.96,6e-05,0.0,train
JVASP-29292,jarvis,TbHO2,Tb2H2O4,8,4.84,0.00881,-0.0005,train
JVASP-2931,jarvis,Al2Te5,Al4Te10,14,1.055,4e-05,-0.0,train
JVASP-29314,jarvis,Zr(MoO4)2,Zr1Mo2O8,11,3.172,0.1306,-0.0043,train
JVASP-29317,jarvis,Zn(CN)2,Zn2C4N4,10,5.987,0.00196,-0.0002,train
JVASP-29322,jarvis,PbI2,Pb6I12,18,2.257,3e-05,0.0,train
JVASP-29028,jarvis,Te3MoWSe,Te6Mo2W2Se2,12,0.373,0.42094,0.0112,train
JVASP-29030,jarvis,Te3MoWSe,Te6Mo2W2Se2,12,0.39,0.79678,0.0218,train
JVASP-29039,jarvis,Te2Mo(WSe2)3,Te4Mo2W6Se12,24,0.808,0.44694,0.0052,train
JVASP-29042,jarvis,Te2MoWSeS,Te4Mo2W2Se2S2,12,0.127,0.0544,0.0038,train
JVASP-29369,jarvis,AgCNO,Ag2C2N2O2,8,1.371,0.60167,-0.0252,train
JVASP-29371,jarvis,HgPb2(ClO)2,Hg2Pb4Cl4O4,14,2.401,0.01042,-0.0003,train
JVASP-29372,jarvis,NbI2O,Nb4I8O4,16,0.681,0.08058,-0.0014,train
JVASP-29374,jarvis,TiZn(BiO3)2,Ti1Zn1Bi2O6,10,0.895,2e-05,0.0,train
JVASP-29376,jarvis,PbO,Pb4O4,8,2.294,2e-05,0.0,train
JVASP-29377,jarvis,TiZn(BiO3)2,Ti1Zn1Bi2O6,10,1.689,2e-05,-0.0,train
JVASP-29378,jarvis,Tl2O,Tl8O4,12,0.647,2e-05,0.0,train
JVASP-29380,jarvis,YClO,Y6Cl6O6,18,4.286,3e-05,-0.0,train
JVASP-29211,jarvis,Te2Mo3W(Se2S)2,Te2Mo3W1Se4S2,12,0.367,0.02914,0.001,train
JVASP-29215,jarvis,Si3H,Si18H6,24,0.963,0.10629,-0.0032,train
JVASP-2922,jarvis,K3AuO,K3Au1O1,5,0.519,0.0111,-0.0022,train
JVASP-29245,jarvis,USeO5,U2Se2O10,14,2.019,0.07831,-0.0027,train
JVASP-29263,jarvis,Ag3SnP7,Ag6Sn2P14,22,0.447,3e-05,-0.0,train
JVASP-2928,jarvis,RbLiSe,Rb2Li2Se2,6,2.576,0.0,0.0,train
JVASP-29281,jarvis,Cd(CN)2,Cd2C4N4,10,5.51,0.01234,0.0008,train
JVASP-29282,jarvis,Zn(CN)2,Zn2C4N4,10,5.896,0.00144,-0.0001,train
JVASP-29283,jarvis,NiO2,Ni3O6,9,0.806,0.03663,0.0015,train
JVASP-29284,jarvis,Sn(PS3)2,Sn3P6S18,27,1.038,0.02745,-0.0006,train
JVASP-29097,jarvis,Te2MoWSe2,Te4Mo2W2Se4,12,0.323,0.83614,0.0229,train
JVASP-29102,jarvis,Te2Mo,Te8Mo4,12,0.783,0.3323,-0.0203,train
JVASP-29106,jarvis,Te4Mo3W(SeS)2,Te4Mo3W1Se2S2,12,0.337,0.75872,0.0216,train
JVASP-29122,jarvis,Te2MoWSeS,Te4Mo2W2Se2S2,12,0.151,0.08147,0.0043,train
JVASP-29152,jarvis,TeMoWSe3,Te2Mo2W2Se6,12,0.665,0.15192,-0.0044,train
JVASP-2916,jarvis,BaCuSeF,Ba2Cu2Se2F2,8,1.56,0.02877,-0.0027,train
JVASP-29163,jarvis,MoWSe3S,Mo2W2Se6S2,12,0.551,0.77213,0.0214,train
JVASP-29164,jarvis,Te2Mo3WSe6,Te2Mo3W1Se6,12,0.58,0.52794,0.0137,train
JVASP-29330,jarvis,Al2Si2H4O9,Al2Si2H4O9,17,5.123,0.00039,0.0,train
JVASP-29339,jarvis,Nb(SeBr)2,Nb2Se4Br4,10,0.912,1e-05,0.0,train
JVASP-29343,jarvis,Zn(InS2)2,Zn3In6S12,21,0.181,0.29319,-0.0113,train
JVASP-29345,jarvis,Th(TeI)2,Th2Te4I4,10,0.867,1e-05,-0.0,train
JVASP-29365,jarvis,NiO2,Ni1O2,3,0.774,0.00138,0.0003,train
JVASP-29367,jarvis,SnO,Sn2O2,4,1.923,0.0,-0.0,train
JVASP-29368,jarvis,Ba2DyBiO6,Ba8Dy4Bi4O24,40,1.821,0.02006,0.0005,train
JVASP-29391,jarvis,CuBiSCl2,Cu4Bi4S4Cl8,20,0.731,0.10414,0.0007,train
JVASP-29401,jarvis,Al(HO)3,Al2H6O6,14,5.406,0.0005,-0.0,train
JVASP-29402,jarvis,Hg(BiS2)2,Hg2Bi4S8,14,1.042,0.08328,-0.0014,train
JVASP-29417,jarvis,Te2SO7,Te4S2O14,20,3.634,0.09066,0.0002,train
JVASP-29420,jarvis,AgBiSCl2,Ag4Bi4S4Cl8,20,1.093,0.11096,0.001,train
JVASP-29443,jarvis,NbIO2,Nb4I4O8,16,0.798,4e-05,0.0,train
JVASP-2919,jarvis,Fe(SiP)4,Fe1Si4P4,9,1.101,1e-05,-0.0,train
JVASP-29190,jarvis,Te6Mo3WSe2,Te6Mo3W1Se2,12,0.285,0.01069,-0.0007,train
JVASP-29191,jarvis,Te4Mo3WSe4,Te4Mo3W1Se4,12,0.496,0.03971,0.0008,train
JVASP-29192,jarvis,Te4Mo3WSe4,Te4Mo3W1Se4,12,0.366,0.89015,0.0244,train
JVASP-29193,jarvis,TeMoWSe3,Te2Mo2W2Se6,12,0.651,0.13073,-0.0034,train
JVASP-29196,jarvis,Te2MoWSe2,Te4Mo2W2Se4,12,0.386,0.39398,-0.0112,train
JVASP-29210,jarvis,TeMoWSe3,Te2Mo2W2Se6,12,0.66,0.14253,0.0038,train
JVASP-29550,jarvis,C3N4,C6N8,14,1.435,0.0087,-0.0002,train
JVASP-29558,jarvis,BiBr3,Bi4Br12,16,2.69,0.04488,-0.001,train
JVASP-29559,jarvis,FeP4,Fe4P16,20,0.801,0.0,-0.0,train
JVASP-29560,jarvis,HfBrN,Hf2Br2N2,6,2.204,1e-05,-0.0,train
JVASP-29572,jarvis,AgBi(PSe3)2,Ag6Bi6P12Se36,60,1.18,6e-05,0.0,train
JVASP-29576,jarvis,ZnB2(CN)8,Zn1B2C8N8,19,5.463,0.32699,0.0061,train
JVASP-29588,jarvis,MgCl2,Mg4Cl8,12,3.71,0.0088,-0.0004,train
JVASP-29590,jarvis,BN,B4N4,8,3.822,0.0057,0.0005,train
JVASP-29505,jarvis,TlSbO3,Tl4Sb4O12,20,2.368,0.00036,0.0,train
JVASP-29506,jarvis,V2MoO8,V4Mo2O16,22,1.003,4e-05,0.0,train
JVASP-29511,jarvis,CuCClO,Cu2C2Cl2O2,8,2.296,0.01672,-0.0009,train
JVASP-29516,jarvis,CdTeMoO6,Cd2Te2Mo2O12,18,3.077,0.03432,0.0002,train
JVASP-2952,jarvis,Ba2HfS4,Ba4Hf2S8,14,0.912,0.04444,-0.0016,train
JVASP-29522,jarvis,V2Te2O7F2,V2Te2O7F2,13,0.655,0.13953,-0.0033,train
JVASP-29526,jarvis,ZnTeMoO6,Zn2Te2Mo2O12,18,2.985,0.06562,-0.0006,train
JVASP-29527,jarvis,PbI2,Pb3I6,9,2.252,0.00335,-0.0002,train
JVASP-29528,jarvis,PbI2,Pb5I10,15,2.311,0.00572,-0.0001,train
JVASP-29129,jarvis,Te2Mo3W(Se2S)2,Te4Mo6W2Se8S4,24,0.321,0.82644,0.0004,train
JVASP-29135,jarvis,Te4Mo3WSe4,Te4Mo3W1Se4,12,0.488,0.44962,0.0122,train
JVASP-29138,jarvis,Te4MoW3Se4,Te4Mo1W3Se4,12,0.311,0.05589,-0.0019,train
JVASP-29141,jarvis,Te2Mo2SeS,Te8Mo8Se4S4,24,0.015,0.14494,0.0038,train
JVASP-29144,jarvis,MoW3(Se3S)2,Mo1W3Se6S2,12,0.516,0.41229,0.0114,train
JVASP-29145,jarvis,TeMoWSe3,Te2Mo2W2Se6,12,0.583,0.8923,0.0236,train
JVASP-29148,jarvis,MoW3Se8,Mo1W3Se8,12,1.085,0.59447,0.017,train
JVASP-29151,jarvis,Te2MoWSe2,Te4Mo2W2Se4,12,0.378,0.53467,-0.0152,train
JVASP-2946,jarvis,Sr2ZnN2,Sr4Zn2N4,10,0.91,0.03892,-0.0019,train
JVASP-29461,jarvis,TeOF2,Te4O4F8,16,4.164,0.01283,0.0003,train
JVASP-29468,jarvis,Hg3AsS4Cl,Hg6As2S8Cl2,18,1.334,0.06778,-0.0025,train
JVASP-29480,jarvis,Nb(PS4)2,Nb8P16S64,88,1.246,0.00014,0.0,train
JVASP-29499,jarvis,CdBiS2Br,Cd4Bi4S8Br4,20,1.781,0.0316,-0.0005,train
JVASP-29639,jarvis,CdI2,Cd6I12,18,2.172,0.06036,0.0005,train
JVASP-29642,jarvis,MgCl2,Mg2Cl4,6,4.641,0.00378,0.0002,train
JVASP-29643,jarvis,HgCN2,Hg4C4N8,16,1.994,0.01146,-0.0003,train
JVASP-29645,jarvis,CdI2,Cd6I12,18,2.221,0.01983,-0.0002,train
JVASP-29646,jarvis,MgCl2,Mg1Cl2,3,5.066,0.00113,-0.0003,train
JVASP-29647,jarvis,Bi2Pb2Se5,Bi2Pb2Se5,9,0.493,1e-05,0.0,train
JVASP-29648,jarvis,CdI2,Cd6I12,18,2.225,0.0169,-0.0003,train
JVASP-29529,jarvis,PbI2,Pb7I14,21,2.277,0.00939,-0.0001,train
JVASP-29532,jarvis,CdI2,Cd4I8,12,2.142,0.02917,-0.0014,train
JVASP-29534,jarvis,CdI2,Cd6I12,18,2.199,0.03049,-0.0,train
JVASP-29538,jarvis,CdI2,Cd6I12,18,2.215,0.02692,-0.0001,train
JVASP-29539,jarvis,PbI2,Pb2I4,6,2.259,2e-05,-0.0,train
JVASP-29542,jarvis,PbI2,Pb4I8,12,2.249,2e-05,0.0,train
JVASP-29173,jarvis,MoW3(SeS)4,Mo1W3Se4S4,12,0.655,0.55651,-0.0155,train
JVASP-29175,jarvis,Te2MoW3(Se2S)2,Te2Mo1W3Se4S2,12,0.314,0.06526,-0.0015,train
JVASP-29180,jarvis,Te4Mo3WSe4,Te4Mo3W1Se4,12,0.473,0.44495,-0.0127,train
JVASP-29184,jarvis,Te6Mo3WSe2,Te6Mo3W1Se2,12,0.295,0.06143,-0.0021,train
JVASP-29189,jarvis,Te2MoWSe2,Te4Mo2W2Se4,12,0.391,0.47579,0.0129,train
JVASP-296,jarvis,SnSe,Sn4Se4,8,0.395,0.0,0.0,train
JVASP-29602,jarvis,ZnBr2,Zn3Br6,9,3.094,0.04224,-0.0025,train
JVASP-29604,jarvis,CdI2,Cd4I8,12,2.175,1e-05,0.0,train
JVASP-29607,jarvis,CdI2,Cd8I16,24,2.182,0.05892,0.0002,train
JVASP-2961,jarvis,RbAu3Se2,Rb1Au3Se2,6,1.663,0.06197,0.002,train
JVASP-29613,jarvis,CuI,Cu6I6,12,1.648,1e-05,-0.0,train
JVASP-29621,jarvis,AgAuCl4,Ag4Au4Cl16,24,0.559,0.03034,0.0009,train
JVASP-29622,jarvis,SnPSe3,Sn4P4Se12,20,1.506,0.15926,0.0016,train
JVASP-29796,jarvis,U(HO2)2,U2H4O8,14,1.785,0.0075,0.0001,train
JVASP-29798,jarvis,AlHO2,Al4H4O8,16,5.206,0.0022,-0.0,train
JVASP-29799,jarvis,Zn(HO)2,Zn1H2O2,5,2.666,0.00077,-0.0,train
JVASP-29800,jarvis,Zn(HO)2,Zn2H4O4,10,2.665,0.00182,-0.0001,train
JVASP-29802,jarvis,Te(HO2)2,Te2H4O8,14,1.717,4e-05,0.0,train
JVASP-29805,jarvis,Cd(HO)2,Cd2H4O4,10,1.795,2e-05,-0.0,train
JVASP-29859,jarvis,Fe(HO)2,Fe2H4O4,10,0.75,2e-05,-0.0,train
JVASP-29863,jarvis,Ni(HO)2,Ni1H2O2,5,0.928,1e-05,-0.0,train
JVASP-29864,jarvis,U(HO2)2,U4H8O16,28,1.905,0.02759,-0.0003,train
JVASP-29867,jarvis,Ni(HO)2,Ni1H2O2,5,0.929,1e-05,0.0,train
JVASP-29869,jarvis,AlHO2,Al4H4O8,16,5.614,4e-05,0.0,train
JVASP-2988,jarvis,LiBeAs,Li2Be2As2,6,1.217,0.0728,0.0012,train
JVASP-29880,jarvis,BN,B2N2,4,3.655,0.00142,-0.0002,train
JVASP-29886,jarvis,CdCl2,Cd1Cl2,3,2.823,1e-05,0.0,train
JVASP-29888,jarvis,ZrNCl,Zr4N4Cl4,12,3.018,0.02888,-0.0016,train
JVASP-299,jarvis,SnSe,Sn4Se4,8,0.708,2e-05,0.0,train
JVASP-29908,jarvis,ZrP2(HO3)2,Zr1P2H2O6,11,4.505,0.00197,-0.0,train
JVASP-2991,jarvis,Ca(MgAs)2,Ca1Mg2As2,5,1.374,0.02537,-0.004,train
JVASP-29915,jarvis,CdHClO,Cd2H2Cl2O2,8,2.504,2e-05,0.0,train
JVASP-2994,jarvis,Ca(MgSb)2,Ca1Mg2Sb2,5,0.901,0.01851,-0.0029,train
JVASP-29945,jarvis,ZrNCl,Zr2N2Cl2,6,1.418,0.04809,-0.0067,train
JVASP-29071,jarvis,Te2MoWSe2,Te8Mo4W4Se8,24,0.618,0.45058,-0.0041,train
JVASP-29079,jarvis,Te2MoWSeS,Te8Mo4W4Se4S4,24,0.207,0.4563,-0.0043,train
JVASP-29083,jarvis,Te2MoWSe2,Te4Mo2W2Se4,12,0.371,0.00602,-0.0002,train
JVASP-29089,jarvis,TeMoWSeS2,Te2Mo2W2Se2S4,12,0.1,0.53104,0.0189,train
JVASP-29657,jarvis,FeCl2,Fe1Cl2,3,0.613,0.00287,0.0005,train
JVASP-29666,jarvis,TiCl3,Ti8Cl24,32,0.178,4e-05,-0.0,train
JVASP-2967,jarvis,SmOF,Sm6O6F6,18,4.69,0.01386,-0.0001,train
JVASP-29672,jarvis,CdI2,Cd8I16,24,2.179,0.05825,0.0002,train
JVASP-29673,jarvis,HgBr2,Hg3Br6,9,1.412,1e-05,-0.0,train
JVASP-29701,jarvis,Lu2CCl2,Lu6C3Cl6,15,1.114,3e-05,0.0,train
JVASP-29713,jarvis,ZrIN,Zr6I6N6,18,0.776,6e-05,0.0,train
JVASP-29714,jarvis,AgI,Ag4I4,8,1.411,2e-05,0.0,train
JVASP-29781,jarvis,AlHO2,Al4H4O8,16,5.615,4e-05,0.0,train
JVASP-29782,jarvis,AlHO2,Al4H4O8,16,5.614,4e-05,0.0,train
JVASP-29785,jarvis,AlHO2,Al2H2O4,8,4.716,0.00176,-0.0002,train
JVASP-29788,jarvis,ScHO2,Sc4H4O8,16,4.398,2e-05,0.0,train
JVASP-2979,jarvis,SrTiN2,Sr2Ti2N4,8,0.818,0.02068,-0.0012,train
JVASP-29793,jarvis,Al(HO)3,Al2H6O6,14,5.28,2e-05,0.0,train
JVASP-29794,jarvis,Al(HO)3,Al2H6O6,14,5.326,0.00116,-0.0,train
JVASP-29795,jarvis,Al(HO)3,Al2H6O6,14,5.522,0.00073,-0.0,train
JVASP-29815,jarvis,Co(HO)2,Co2H4O4,10,0.685,2e-05,0.0,train
JVASP-2982,jarvis,NdZnPO,Nd6Zn6P6O6,24,1.219,0.12858,-0.0037,train
JVASP-29829,jarvis,Mg(HO)2,Mg1H2O2,5,4.637,1e-05,0.0,train
JVASP-29840,jarvis,Al(HO)3,Al4H12O12,28,5.408,0.00144,-0.0,train
JVASP-29841,jarvis,Al(HO)3,Al2H6O6,14,5.323,0.00119,-0.0,train
JVASP-29843,jarvis,Al(HO)3,Al4H12O12,28,5.407,0.00134,-0.0,train
JVASP-29858,jarvis,Fe(HO)2,Fe1H2O2,5,0.75,0.00125,0.0002,train
JVASP-3018,jarvis,Yb(ZnP)2,Yb1Zn2P2,5,0.814,0.0744,-0.0104,train
JVASP-30183,jarvis,TmClO,Tm2Cl2O2,6,5.151,1e-05,0.0,train
JVASP-30185,jarvis,SmIO,Sm2I2O2,6,3.661,0.0171,-0.0018,train
JVASP-30189,jarvis,TmBrO,Tm2Br2O2,6,4.553,0.0,-0.0,train
JVASP-30191,jarvis,MgCl2O,Mg4Cl8O4,16,2.952,0.05008,0.0016,train
JVASP-30193,jarvis,SmIO,Sm6I6O6,18,2.215,0.04056,-0.0014,train
JVASP-30194,jarvis,TmBrO,Tm2Br2O2,6,4.378,0.01784,0.0009,train
JVASP-29624,jarvis,YbI2,Yb1I2,3,3.655,1e-05,0.0,train
JVASP-29627,jarvis,CdI2,Cd5I10,15,2.171,0.03588,-0.0014,train
JVASP-29633,jarvis,CdI2,Cd5I10,15,2.206,0.03727,-0.0015,train
JVASP-29635,jarvis,C3N4,C9N12,21,1.302,0.03675,-0.0008,train
JVASP-29637,jarvis,CdI2,Cd6I12,18,2.186,0.0492,0.0003,train
JVASP-29638,jarvis,CdI2,Cd6I12,18,2.198,0.02809,0.0002,train
JVASP-29946,jarvis,PbI2,Pb9I18,27,2.254,3e-05,-0.0,train
JVASP-29958,jarvis,Ba2Bi6O11,Ba2Bi6O11,19,1.218,0.36312,-0.0062,train
JVASP-29967,jarvis,Bi2PbSe4,Bi6Pb3Se12,21,0.444,6e-05,0.0,train
JVASP-2997,jarvis,Sr(MgSb)2,Sr1Mg2Sb2,5,1.068,0.02105,-0.0028,train
JVASP-29974,jarvis,Ag3SI,Ag6S2I2,10,0.253,0.2167,-0.0075,train
JVASP-29975,jarvis,Bi2Te4Pb,Bi6Te12Pb3,21,0.532,3e-05,0.0,train
JVASP-29980,jarvis,Bi7(S3Cl)3,Bi7S9Cl3,19,0.939,0.168,-0.0028,train
JVASP-3000,jarvis,Ba(MgSb)2,Ba1Mg2Sb2,5,0.912,0.02491,-0.0031,train
JVASP-30119,jarvis,MoO3,Mo2O6,8,1.974,0.02186,-0.001,train
JVASP-3012,jarvis,NaBeAs,Na2Be2As2,6,1.499,0.0452,-0.0072,train
JVASP-30120,jarvis,MoO3,Mo4O12,16,1.151,0.0032,0.0001,train
JVASP-30162,jarvis,HoBrO,Ho2Br2O2,6,4.466,2e-05,-0.0,train
JVASP-30163,jarvis,BiOF,Bi6O6F6,18,3.35,0.00396,0.0002,train
JVASP-30166,jarvis,HoIO,Ho2I2O2,6,3.52,2e-05,0.0,train
JVASP-30173,jarvis,SbOF,Sb4O4F4,12,3.048,0.02038,-0.0007,train
JVASP-30175,jarvis,YIO,Y2I2O2,6,3.499,1e-05,0.0,train
JVASP-30178,jarvis,TiOF2,Ti4O4F8,16,3.252,0.43892,-0.0153,train
JVASP-29721,jarvis,In2Te5,In4Te10,14,0.727,0.08961,-0.0049,train
JVASP-29727,jarvis,FePH5CO4,Fe2P2H10C2O8,24,0.804,0.03186,-0.0005,train
JVASP-29731,jarvis,Zn(BH4)2,Zn2B4H16,22,4.371,0.00196,-0.0,train
JVASP-29752,jarvis,PbClF,Pb2Cl2F2,6,3.856,0.22709,0.0128,train
JVASP-29759,jarvis,PbCN2,Pb4C4N8,16,1.77,0.0696,-0.0014,train
JVASP-3003,jarvis,Ca(ZnP)2,Ca1Zn2P2,5,0.906,0.06224,-0.0087,train
JVASP-30047,jarvis,BN,B4N4,8,3.686,0.0,0.0,train
JVASP-3006,jarvis,Ca(CdP)2,Ca1Cd2P2,5,0.833,0.0471,-0.0064,train
JVASP-30064,jarvis,Ag2H2IOF,Ag4H4I2O2F2,14,1.048,0.04846,-0.0011,train
JVASP-30067,jarvis,CdCl2,Cd1Cl2,3,3.399,0.00497,-0.0007,train
JVASP-30068,jarvis,Al2Si2H4O9,Al2Si2H4O9,17,5.124,0.00022,0.0,train
JVASP-30103,jarvis,MoO3,Mo4O12,16,1.158,0.00325,-0.0001,train
JVASP-30263,jarvis,VOF2,V2O2F4,8,2.36,2e-05,0.0,train
JVASP-3030,jarvis,K2PAu,K8P4Au4,16,0.956,0.07156,-0.002,train
JVASP-30348,jarvis,TmClO,Tm6Cl6O6,18,4.848,3e-05,0.0,train
JVASP-30203,jarvis,AgBrO4,Ag4Br4O16,24,0.617,0.0352,-0.0007,train
JVASP-30257,jarvis,VOF3,V4O4F12,20,2.734,0.16284,-0.0035,train
JVASP-30258,jarvis,VOF3,V2O2F6,10,2.472,0.14622,-0.0089,train
JVASP-30475,jarvis,LuBrO,Lu2Br2O2,6,4.338,1e-05,-0.0,train
JVASP-30478,jarvis,PrBrO,Pr2Br2O2,6,4.417,0.00798,-0.0004,train
JVASP-3048,jarvis,Yb4As2O,Yb8As4O2,14,0.98,0.15614,-0.0075,train
JVASP-30494,jarvis,SnBrCl,Sn2Br2Cl2,6,1.354,0.08058,0.0076,train
JVASP-30495,jarvis,B2(CN2)3,B6C9N18,33,2.088,8e-05,-0.0,train
JVASP-30500,jarvis,ScClO,Sc2Cl2O2,6,2.669,0.36864,-0.0204,train
JVASP-30504,jarvis,HAuO2,H2Au2O4,8,1.215,0.01766,0.0006,train
JVASP-30548,jarvis,FeS2,Fe3S6,9,0.409,3e-05,0.0,train
JVASP-30559,jarvis,NiO2,Ni3O6,9,0.843,0.01371,0.0003,train
JVASP-30560,jarvis,NiO2,Ni3O6,9,0.777,0.00345,0.0003,train
JVASP-30565,jarvis,TiO2,Ti3O6,9,2.324,0.00816,-0.0006,train
JVASP-30569,jarvis,SnO2,Sn3O6,9,1.477,0.0,-0.0,train
JVASP-3036,jarvis,BaNaP,Ba3Na3P3,9,0.864,1e-05,0.0,train
JVASP-30365,jarvis,FeHO2,Fe1H1O2,4,0.1,1e-05,-0.0,train
JVASP-30375,jarvis,TiMn2O6,Ti2Mn4O12,18,0.936,0.0434,-0.0015,train
JVASP-30378,jarvis,HfSnO3,Hf6Sn6O18,30,2.452,0.07453,0.0013,train
JVASP-3039,jarvis,Ba4Sb2O,Ba8Sb4O2,14,0.615,4e-05,-0.0,train
JVASP-30404,jarvis,TiGeO3,Ti6Ge6O18,30,1.238,3e-05,-0.0,train
JVASP-3042,jarvis,NaSrAs,Na3Sr3As3,9,1.059,1e-05,-0.0,train
JVASP-30438,jarvis,Sb2S2O,Sb4S4O2,10,1.291,0.01177,-0.0003,train
JVASP-3045,jarvis,K2AgP,K8Ag4P4,16,1.26,0.08736,0.0005,train
JVASP-30452,jarvis,B2S3,B12S18,30,1.331,0.04974,-0.0014,train
JVASP-30453,jarvis,GaHO2,Ga4H4O8,16,2.985,4e-05,0.0,train
JVASP-30454,jarvis,Mg2PbO4,Mg4Pb2O8,14,1.312,0.00834,-0.0003,train
JVASP-30460,jarvis,BiS2,Bi8S16,24,1.17,4e-05,0.0,train
JVASP-30472,jarvis,LuIO,Lu2I2O2,6,3.339,2e-05,-0.0,train
JVASP-3081,jarvis,NaAlTe2,Na4Al4Te8,16,1.641,0.28464,-0.0064,train
JVASP-3084,jarvis,Na3SbS4,Na6Sb2S8,16,1.892,0.02788,-0.0007,train
JVASP-3090,jarvis,BaHfN2,Ba2Hf2N4,8,1.298,0.01926,-0.0018,train
JVASP-3096,jarvis,Tl2SnF6,Tl2Sn1F6,9,4.346,0.002,0.0002,train
JVASP-3099,jarvis,TiTl2F6,Ti1Tl2F6,9,3.589,0.00486,-0.0003,train
JVASP-31013,jarvis,K2MgF4,K4Mg2F8,14,6.956,0.00334,-0.0,train
JVASP-31081,jarvis,Li3NbO4,Li24Nb8O32,64,3.759,0.02956,-0.0004,train
JVASP-3114,jarvis,SrMg2N2,Sr1Mg2N2,5,2.083,0.00275,-0.0004,train
JVASP-31146,jarvis,H3ClO,H9Cl3O3,15,5.408,3e-05,0.0,train
JVASP-31243,jarvis,K2NaTiOF5,K4Na2Ti2O2F10,20,3.924,2e-05,-0.0,train
JVASP-3126,jarvis,TaCu3S4,Ta1Cu3S4,8,2.057,0.0,0.0,train
JVASP-31290,jarvis,CoCuO2,Co3Cu3O6,12,0.626,0.04575,-0.0008,train
JVASP-3135,jarvis,TbSF,Tb2S2F2,6,1.354,0.00406,-0.0004,train
JVASP-3138,jarvis,Nd2TeS2,Nd2Te1S2,5,1.589,0.01537,0.0002,train
JVASP-3144,jarvis,GaAgO2,Ga2Ag2O4,8,0.788,0.01602,-0.0007,train
JVASP-3147,jarvis,ScAgO2,Sc2Ag2O4,8,2.294,0.0048,-0.0001,train
JVASP-3150,jarvis,Ac2O3,Ac2O3,5,3.765,0.00213,0.0003,train
JVASP-3153,jarvis,LiZnPS4,Li2Zn2P2S8,14,2.864,2e-05,-0.0,train
JVASP-3159,jarvis,Rb2Pd3S4,Rb8Pd12S16,36,1.134,8e-05,-0.0,train
JVASP-3162,jarvis,KSbS2,K4Sb4S8,16,1.43,4e-05,0.0,train
JVASP-3165,jarvis,K4ZnP2,K12Zn3P6,21,1.018,0.63282,-0.0107,train
JVASP-3171,jarvis,RbUO3,Rb1U1O3,5,0.528,0.0006,-0.0,train
JVASP-3174,jarvis,Ca3PN,Ca3P1N1,5,0.821,0.02715,-0.0054,train
JVASP-3177,jarvis,Mg(BeN)2,Mg1Be2N2,5,4.406,0.00056,-0.0,train
JVASP-31796,jarvis,WSe2,W4Se8,12,1.045,0.05424,-0.004,train
JVASP-30506,jarvis,AgBiO2,Ag2Bi2O4,8,1.493,0.00524,0.0001,train
JVASP-30507,jarvis,AgBiO2,Ag2Bi2O4,8,1.304,1e-05,-0.0,train
JVASP-30510,jarvis,AuO2F,Au4O8F4,16,0.884,0.01772,-0.0006,train
JVASP-30512,jarvis,AuBrO2,Au4Br4O8,16,0.678,0.28058,0.0041,train
JVASP-30514,jarvis,RbAgO2,Rb4Ag4O8,16,1.139,0.01364,-0.0002,train
JVASP-30515,jarvis,KAgO2,K4Ag4O8,16,1.035,0.01098,-0.0001,train
JVASP-30535,jarvis,Mg(SbO2)4,Mg1Sb4O8,13,1.364,0.00472,-0.0003,train
JVASP-3063,jarvis,KAuSe,K4Au4Se4,12,2.046,0.0,0.0,train
JVASP-30632,jarvis,SbN,Sb2N2,4,1.102,0.0,-0.0,train
JVASP-30637,jarvis,YSnF5,Y2Sn2F10,14,3.157,0.21016,-0.0049,train
JVASP-30643,jarvis,BiF4,Bi2F8,10,1.285,0.00099,-0.0,train
JVASP-30645,jarvis,YFeF5,Y2Fe2F10,14,0.56,0.0031,0.0002,train
JVASP-30647,jarvis,TiZn(BiO3)2,Ti1Zn1Bi2O6,10,1.689,0.00746,-0.0005,train
JVASP-30658,jarvis,Mg(SbO2)4,Mg1Sb4O8,13,1.714,0.00455,-0.0002,train
JVASP-30671,jarvis,AlSbO3,Al6Sb6O18,30,1.299,0.02128,-0.0005,train
JVASP-3069,jarvis,Li2CeP2,Li2Ce1P2,5,0.843,0.0058,0.001,train
JVASP-31147,jarvis,NaYF4,Na4Y4F16,24,7.302,0.154,-0.0023,train
JVASP-31151,jarvis,Na3HfF7,Na6Hf2F14,22,6.418,0.00294,0.0001,train
JVASP-31154,jarvis,BH6N,B2H12N2,16,6.179,0.00208,-0.0001,train
JVASP-31158,jarvis,Mg(InTe2)2,Mg2In4Te8,14,0.632,2e-05,-0.0,train
JVASP-31161,jarvis,LiMgP,Li4Mg4P4,12,1.738,0.0,0.0,train
JVASP-31163,jarvis,TmCuSe2,Tm1Cu1Se2,4,1.274,1e-05,-0.0,train
JVASP-31165,jarvis,BrO2F,Br4O8F4,16,2.544,0.1494,-0.0031,train
JVASP-31166,jarvis,Sn(PS3)2,Sn3P6S18,27,1.038,0.02754,-0.0006,train
JVASP-31167,jarvis,SnHgF6,Sn3Hg3F18,24,2.415,0.02451,-0.0003,train
JVASP-3195,jarvis,NdSeF,Nd2Se2F2,6,1.037,0.09437,-0.0071,train
JVASP-32,jarvis,Al2O3,Al12O18,30,6.43,0.0024,-0.0001,train
JVASP-3201,jarvis,YAgTe2,Y2Ag2Te4,8,0.844,0.0,0.0,train
JVASP-3207,jarvis,CuBS2,Cu4B4S8,16,1.872,4e-05,-0.0,train
JVASP-32106,jarvis,SbTe2F6,Sb2Te4F12,18,0.721,0.02506,-0.0002,train
JVASP-32138,jarvis,H2CO3,H8C4O12,24,5.942,0.13572,-0.0026,train
JVASP-31168,jarvis,AcOF,Ac4O4F4,12,4.368,0.0,0.0,train
JVASP-3117,jarvis,NaPN2,Na4P4N8,16,4.866,4e-05,-0.0,train
JVASP-31173,jarvis,Sr(AlTe2)2,Sr2Al4Te8,14,1.782,0.26184,-0.0064,train
JVASP-31174,jarvis,AgAsF6,Ag4As4F24,32,1.434,0.00572,0.0001,train
JVASP-31176,jarvis,CdPbF6,Cd3Pb3F18,24,2.291,0.02538,-0.0004,train
JVASP-31185,jarvis,LiMgN,Li4Mg4N4,12,2.786,4e-05,0.0,train
JVASP-31190,jarvis,Ba(GaTe2)2,Ba2Ga4Te8,14,0.687,0.43966,-0.0111,train
JVASP-31191,jarvis,Sr(PrS2)2,Sr4Pr8S16,28,2.123,0.18016,-0.0052,train
JVASP-31195,jarvis,Li7BiO6,Li7Bi1O6,14,1.896,0.0007,-0.0,train
JVASP-3072,jarvis,LiBeP,Li2Be2P2,6,1.347,0.04531,0.0011,train
JVASP-30724,jarvis,NiO2,Ni2O4,6,0.82,0.002,-0.0001,train
JVASP-3075,jarvis,LiZnSb,Li2Zn2Sb2,6,0.522,1e-05,-0.0,train
JVASP-30763,jarvis,Ta2O5,Ta8O20,28,3.113,0.14032,0.0015,train
JVASP-3078,jarvis,TiS3,Ti2S6,8,0.306,1e-05,0.0,train
JVASP-308,jarvis,TiO2,Ti3O6,9,2.354,3e-05,0.0,train
JVASP-32451,jarvis,H5CNO2,H10C2N2O4,18,4.753,0.00482,-0.0001,train
JVASP-3246,jarvis,Cd(GaTe2)2,Cd2Ga4Te8,14,0.97,4e-05,0.0,train
JVASP-3249,jarvis,Nd2SeO2,Nd2Se1O2,5,2.314,0.0059,-0.0007,train
JVASP-3252,jarvis,Sm2SeO2,Sm2Se1O2,5,2.316,0.00805,-0.0012,train
JVASP-3258,jarvis,Ho2SeO2,Ho2Se1O2,5,2.318,0.00445,-0.0007,train
JVASP-3261,jarvis,Er2SeO2,Er2Se1O2,5,2.327,0.00531,-0.0008,train
JVASP-3264,jarvis,CdPdF6,Cd3Pd3F18,24,1.882,0.01515,0.0004,train
JVASP-3057,jarvis,RbCaSb,Rb2Ca2Sb2,6,1.75,0.01745,-0.0026,train
JVASP-30586,jarvis,TiO2,Ti3O6,9,2.355,0.00717,-0.0006,train
JVASP-30598,jarvis,MoF4,Mo2F8,10,0.575,0.00152,0.0001,train
JVASP-30604,jarvis,SbF5,Sb2F10,12,0.568,0.04162,-0.0011,train
JVASP-30621,jarvis,TeO3,Te6O18,24,0.187,0.03792,-0.0012,train
JVASP-30626,jarvis,SbF4,Sb2F8,10,2.438,0.00189,-0.0002,train
JVASP-32735,jarvis,InI3,In4I12,16,1.878,0.02098,-0.0005,train
JVASP-32739,jarvis,AlPNCl5,Al2P2N2Cl10,16,3.839,0.05463,0.0012,train
JVASP-32742,jarvis,ReNCl4,Re2N2Cl8,12,0.914,0.0525,-0.0012,train
JVASP-32744,jarvis,Pd(Se3Br)2,Pd1Se6Br2,9,0.807,0.00751,0.0003,train
JVASP-32747,jarvis,SiSe2,Si4Se8,12,1.141,0.35504,-0.0207,train
JVASP-32749,jarvis,BiI,Bi8I8,16,0.82,0.0716,-0.001,train
JVASP-32768,jarvis,ZrCl4,Zr2Cl8,10,3.495,0.04255,0.0017,train
JVASP-32778,jarvis,BiSeBr,Bi4Se4Br4,12,1.584,0.17252,0.007,train
JVASP-32786,jarvis,SbBr3,Sb4Br12,16,2.831,0.03856,0.0018,train
JVASP-32143,jarvis,P2S7,P4S14,18,1.754,0.02079,-0.0003,train
JVASP-32153,jarvis,MgAlF5,Mg2Al2F10,14,4.809,0.01546,0.0005,train
JVASP-32156,jarvis,Mn(SbS2)2,Mn4Sb8S16,28,0.618,0.304,-0.0035,train
JVASP-32180,jarvis,MgTe(H4O3)3,Mg3Te3H36O27,69,4.338,0.01446,0.0001,train
JVASP-32267,jarvis,H2SeO3,H8Se4O12,24,4.357,0.00972,0.0002,train
JVASP-3228,jarvis,SrLiP,Sr2Li2P2,6,1.396,0.03376,-0.0026,train
JVASP-32797,jarvis,PbCl4,Pb4Cl16,20,1.445,0.0465,0.0011,train
JVASP-32820,jarvis,SnICl,Sn4I4Cl4,12,2.462,0.58064,0.0173,train
JVASP-32829,jarvis,PbIBr,Pb4I4Br4,12,2.533,0.02958,0.0009,train
JVASP-32834,jarvis,InCl,In4Cl4,8,1.593,0.09448,-0.0028,train
JVASP-3285,jarvis,AlAgSe2,Al4Ag4Se8,16,1.219,4e-05,0.0,train
JVASP-32942,jarvis,BiSeCl,Bi4Se4Cl4,12,1.867,0.24934,0.0076,train
JVASP-3180,jarvis,KAuF6,K3Au3F18,24,2.003,0.00663,0.0002,train
JVASP-3183,jarvis,SrCuSF,Sr2Cu2S2F2,8,1.774,0.0527,-0.0025,train
JVASP-31842,jarvis,TiSCl6O,Ti2S2Cl12O2,18,2.317,0.75291,-0.0099,train
JVASP-31882,jarvis,FeN3ClO3,Fe2N6Cl2O6,16,1.294,0.05821,0.0023,train
JVASP-31901,jarvis,SbI3(BrCl3)2,Sb1I3Br2Cl6,12,0.754,0.01053,0.0,train
JVASP-31903,jarvis,GaCl3,Ga2Cl6,8,3.919,0.00362,0.0,train
JVASP-3192,jarvis,KAg2PS4,K2Ag4P2S8,16,1.057,2e-05,-0.0,train
JVASP-31921,jarvis,NO2,N12O24,36,0.754,4e-05,0.0,train
JVASP-31940,jarvis,ReH8(NCl3)2,Re4H32N8Cl24,68,0.851,0.02093,0.0003,train
JVASP-33031,jarvis,H4CSN2,H8C2S2N4,16,2.893,0.01846,-0.0005,train
JVASP-33032,jarvis,BH3,B4H12,16,5.438,0.0002,-0.0,train
JVASP-33035,jarvis,CSO,C2S2O2,6,4.617,0.00464,0.0002,train
JVASP-33037,jarvis,HgN3,Hg4N12,16,2.189,0.06674,0.0006,train
JVASP-33058,jarvis,HOF,H4O4F4,12,3.198,0.02094,0.0006,train
JVASP-3306,jarvis,Si4P4Ru,Si4P4Ru1,9,1.523,1e-05,-0.0,train
JVASP-33066,jarvis,AlH2PbO2F3,Al2H4Pb2O4F6,18,4.682,0.01475,-0.0005,train
JVASP-33072,jarvis,SnH4(NF)2,Sn2H8N4F4,18,3.138,0.00984,-0.0002,train
JVASP-3315,jarvis,BeCN2,Be4C4N8,16,4.136,4e-05,-0.0,train
JVASP-3318,jarvis,Zn(GaSe2)2,Zn1Ga2Se4,7,1.408,1e-05,-0.0,train
JVASP-32943,jarvis,AsN(OF3)2,As2N2O4F12,20,3.05,0.00114,-0.0,train
JVASP-32973,jarvis,SnC2(SN)2,Sn2C4S4N4,14,2.479,0.20698,0.009,train
JVASP-32986,jarvis,IF7,I4F28,32,1.513,0.10016,0.0014,train
JVASP-32999,jarvis,HNO,H8N8O8,24,3.122,0.23536,-0.0033,train
JVASP-33000,jarvis,H2SO4,H8S4O16,28,6.162,0.02312,-0.0003,train
JVASP-33004,jarvis,H5NO,H20N4O4,28,4.82,0.0055,-0.0001,train
JVASP-33027,jarvis,HF,H4F4,8,7.349,0.0,0.0,train
JVASP-33028,jarvis,ZnH8(N2Cl)2,Zn2H16N8Cl4,30,4.84,0.01752,-0.0002,train
JVASP-3369,jarvis,K3MnO4,K6Mn2O8,16,1.151,2e-05,0.0,train
JVASP-33718,jarvis,F2,F8,8,2.638,0.00388,0.0003,train
JVASP-3372,jarvis,Rb2NiO2,Rb4Ni2O4,10,1.002,0.00334,0.0002,train
JVASP-33797,jarvis,AcI3,Ac2I6,8,2.041,0.01822,-0.0003,train
JVASP-33798,jarvis,SeI2,Se2I4,6,0.843,0.05018,0.0047,train
JVASP-33799,jarvis,SeBr2,Se2Br4,6,0.824,0.01584,0.0023,train
JVASP-33802,jarvis,TeI2,Te2I4,6,0.633,0.0391,0.0044,train
JVASP-33806,jarvis,PmBr3,Pm2Br6,8,2.414,0.05063,0.0037,train
JVASP-33809,jarvis,PmI3,Pm2I6,8,1.603,0.06552,0.0045,train
JVASP-33812,jarvis,NdI3,Nd2I6,8,1.584,0.05961,0.0032,train
JVASP-33813,jarvis,HoI3,Ho2I6,8,1.738,0.05004,-0.0016,train
JVASP-33818,jarvis,BrCl,Br2Cl2,4,0.678,0.0,0.0,train
JVASP-33820,jarvis,DyI3,Dy2I6,8,1.716,0.04588,-0.0013,train
JVASP-3231,jarvis,BaLiP,Ba2Li2P2,6,0.977,0.03482,-0.0033,train
JVASP-32329,jarvis,As(S8I)3,As3S72I9,84,1.914,0.31053,-0.0003,train
JVASP-32345,jarvis,MoCl4O,Mo2Cl8O2,12,1.368,0.48666,-0.0133,train
JVASP-32367,jarvis,HgNO2,Hg4N4O8,16,1.795,0.74262,0.008,train
JVASP-32394,jarvis,Sn(CO2)2,Sn2C4O8,14,2.593,0.00822,-0.0002,train
JVASP-32398,jarvis,B4CCl6O,B12C3Cl18O3,36,4.06,0.04581,0.0006,train
JVASP-32414,jarvis,SiC(ClF)3,Si4C4Cl12F12,32,6.117,0.13708,0.0013,train
JVASP-32419,jarvis,H12C5N2O,H24C10N4O2,40,5.096,0.00913,-0.0,train
JVASP-32441,jarvis,SbS2NCl6,Sb2S4N2Cl12,20,1.181,0.04582,-0.001,train
JVASP-3333,jarvis,Tb2TeO2,Tb4Te2O4,10,1.352,0.07544,-0.005,train
JVASP-33344,jarvis,SnH8(CI)4,Sn2H16C8I8,34,3.009,0.02776,-0.0005,train
JVASP-3336,jarvis,Dy2TeO2,Dy4Te2O4,10,1.277,0.0834,-0.0055,train
JVASP-3339,jarvis,KAgSe,K2Ag2Se2,6,0.564,1e-05,-0.0,train
JVASP-3342,jarvis,Ga2HgTe4,Ga4Hg2Te8,14,0.596,4e-05,0.0,train
JVASP-33602,jarvis,MoH2Cl2O3,Mo2H4Cl4O6,16,2.322,0.2829,0.0056,train
JVASP-33678,jarvis,Mg(CO2)2,Mg2C4O8,14,3.544,0.01886,-0.0006,train
JVASP-33679,jarvis,BCl(OF2)2,B4Cl4O8F16,32,2.127,0.12988,-0.0014,train
JVASP-33182,jarvis,Pb4SeBr6,Pb4Se1Br6,11,2.111,0.00413,0.0001,train
JVASP-3321,jarvis,Zn(GaTe2)2,Zn2Ga4Te8,14,0.99,4e-05,-0.0,train
JVASP-3324,jarvis,Pr2TeO2,Pr4Te2O4,10,1.791,0.03818,-0.0025,train
JVASP-33308,jarvis,BH5CN2,B4H20C4N8,36,5.385,0.00356,0.0,train
JVASP-33313,jarvis,BH3OF4,B2H6O2F8,18,8.097,0.01409,0.0005,train
JVASP-33315,jarvis,B5H9,B10H18,28,5.505,0.00924,-0.0003,train
JVASP-33316,jarvis,MnH8(N2Cl)2,Mn2H16N8Cl4,30,1.687,0.06324,-0.0009,train
JVASP-33326,jarvis,BH3NF4,B2H6N2F8,18,8.164,0.00258,0.0001,train
JVASP-33823,jarvis,LuCl3,Lu2Cl6,8,3.393,0.02318,0.0011,train
JVASP-33824,jarvis,TmI3,Tm2I6,8,1.802,0.0612,-0.0017,train
JVASP-33828,jarvis,LuI3,Lu2I6,8,1.86,0.07092,-0.0015,train
JVASP-33829,jarvis,ErI3,Er2I6,8,1.773,0.0565,-0.0021,train
JVASP-33830,jarvis,LuBr3,Lu2Br6,8,2.695,0.04548,0.0022,train
JVASP-33837,jarvis,TbI3,Tb2I6,8,1.691,0.03866,0.0023,train
JVASP-33838,jarvis,TbBr3,Tb2Br6,8,2.511,0.04449,0.003,train
JVASP-33839,jarvis,TeBr2,Te2Br4,6,0.673,0.0203,-0.0017,train
JVASP-3384,jarvis,K2NiO2,K4Ni2O4,10,0.723,0.04002,-0.0012,train
JVASP-33845,jarvis,SmCl3,Sm2Cl6,8,3.104,0.00454,0.0002,train
JVASP-33846,jarvis,ErCl3,Er2Cl6,8,3.294,0.01542,-0.0012,train
JVASP-33859,jarvis,SiH8,Si2H16,18,7.29,0.01754,-0.0005,train
JVASP-33874,jarvis,H3F2,H6F4,10,8.846,0.0019,0.0002,train
JVASP-33878,jarvis,H2C,H8C4,12,6.554,0.00244,-0.0001,train
JVASP-33885,jarvis,CO2,C4O8,12,4.315,0.01324,-0.0005,train
JVASP-33892,jarvis,H2CSO4,H8C4S4O16,32,6.253,0.22084,0.0021,train
JVASP-33894,jarvis,AgNO2,Ag4N4O8,16,1.188,0.03806,-0.0019,train
JVASP-33896,jarvis,InGeCl3,In1Ge1Cl3,5,1.924,0.02811,-0.0056,train
JVASP-33897,jarvis,InSnCl3,In1Sn1Cl3,5,2.287,0.01262,0.0024,train
JVASP-33960,jarvis,TeMoS,Te8Mo8S8,24,0.8,0.81116,-0.0017,train
JVASP-3408,jarvis,In2HgTe4,In4Hg2Te8,14,0.404,2e-05,0.0,train
JVASP-34138,jarvis,MoS2,Mo2S4,6,0.92,0.01598,-0.0023,train
JVASP-34208,jarvis,Pm2O3,Pm2O3,5,4.015,0.00081,0.0001,train
JVASP-34210,jarvis,Rb4CO4,Rb8C2O8,18,0.739,0.0271,0.0004,train
JVASP-34213,jarvis,CaCO3,Ca4C4O12,20,5.883,0.01524,-0.0005,train
JVASP-34214,jarvis,U(BiO3)2,U1Bi2O6,9,1.665,0.00123,0.0001,train
JVASP-34219,jarvis,SiO2,Si3O6,9,5.986,2e-05,0.0,train
JVASP-34220,jarvis,Li4CO4,Li8C2O8,18,4.704,0.00322,0.0001,train
JVASP-34221,jarvis,LiGeBO4,Li4Ge4B4O16,28,2.808,0.06512,-0.0011,train
JVASP-34224,jarvis,Li4CO4,Li8C2O8,18,4.179,0.0077,0.0001,train
JVASP-34227,jarvis,K4CO4,K8C2O8,18,1.329,0.03262,-0.0016,train
JVASP-3417,jarvis,BaPbF6,Ba3Pb3F18,24,2.849,0.00636,0.0002,train
JVASP-34195,jarvis,Na4CO4,Na8C2O8,18,2.49,0.01632,0.0002,train
JVASP-34197,jarvis,KNO2,K1N1O2,4,2.518,0.00081,0.0002,train
JVASP-3420,jarvis,InAgS2,In4Ag4S8,16,0.293,2e-05,-0.0,train
JVASP-34204,jarvis,SrSnO3,Sr1Sn1O3,5,1.264,0.00661,-0.0013,train
JVASP-34241,jarvis,KClO3,K3Cl3O9,15,5.044,3e-05,0.0,train
JVASP-34244,jarvis,Li4CO4,Li12C3O12,27,4.78,0.006,-0.0001,train
JVASP-34245,jarvis,Rb4CO4,Rb8C2O8,18,2.002,6e-05,0.0,train
JVASP-34247,jarvis,RbClO4,Rb4Cl4O16,24,5.503,8e-05,0.0,train
JVASP-34249,jarvis,HfO2,Hf4O8,12,4.037,0.04224,-0.0035,train
JVASP-34250,jarvis,K4CO4,K8C2O8,18,1.951,4e-05,0.0,train
JVASP-34255,jarvis,Rb4CO4,Rb8C2O8,18,0.568,4e-05,-0.0,train
JVASP-34258,jarvis,K4CO4,K8C2O8,18,2.939,4e-05,0.0,train
JVASP-3426,jarvis,Li2GePbS4,Li4Ge2Pb2S8,16,2.328,2e-05,-0.0,train
JVASP-34260,jarvis,Rb4CO4,Rb12C3O12,27,2.511,6e-05,-0.0,train
JVASP-34262,jarvis,K4CO4,K4C1O4,9,3.208,0.0,0.0,train
JVASP-34263,jarvis,Li4CO4,Li8C2O8,18,4.884,4e-05,0.0,train
JVASP-34265,jarvis,AgClO4,Ag4Cl4O16,24,2.4,0.08776,0.0031,train
JVASP-34267,jarvis,Li4CO4,Li8C2O8,18,5.465,0.0067,-0.0001,train
JVASP-34268,jarvis,Na4CO4,Na4C1O4,9,2.559,0.00084,-0.0001,train
JVASP-34269,jarvis,AlBiO3,Al6Bi6O18,30,2.917,7e-05,-0.0,train
JVASP-35067,jarvis,KMgBi,K2Mg2Bi2,6,0.555,0.38404,-0.0356,train
JVASP-35078,jarvis,SrF2,Sr2F4,6,6.475,0.00085,0.0001,train
JVASP-35097,jarvis,Th2HN3,Th2H1N3,6,1.76,0.0012,0.0,train
JVASP-35106,jarvis,Al3GaN4,Al3Ga1N4,8,3.641,0.00112,-0.0001,train
JVASP-35107,jarvis,AlB3N4,Al1B3N4,8,3.889,0.00256,-0.0003,train
JVASP-35108,jarvis,Al3BN4,Al3B1N4,8,3.598,0.00347,-0.0004,train
JVASP-34961,jarvis,NaCN,Na2C2N2,6,5.254,0.0625,-0.0035,train
JVASP-3498,jarvis,Cd(InSe2)2,Cd2In4Se8,14,0.862,4e-05,-0.0,train
JVASP-3501,jarvis,Na2PtO2,Na4Pt2O4,10,1.652,0.04928,-0.0011,train
JVASP-35012,jarvis,NdTeCl,Nd2Te2Cl2,6,0.501,0.25938,-0.0185,train
JVASP-35027,jarvis,PdCl2,Pd2Cl4,6,0.652,0.03524,0.0026,train
JVASP-35038,jarvis,PrTeCl,Pr2Te2Cl2,6,0.503,0.15946,-0.0127,train
JVASP-3504,jarvis,NaInTe2,Na4In4Te8,16,0.84,0.62488,-0.0146,train
JVASP-35057,jarvis,KMgAs,K2Mg2As2,6,1.365,0.04584,-0.0067,train
JVASP-34273,jarvis,AgClO2,Ag4Cl4O8,16,0.9,0.0084,-0.0001,train
JVASP-34278,jarvis,Na4CO4,Na12C3O12,27,1.651,0.00519,-0.0002,train
JVASP-34279,jarvis,LiNbO3,Li4Nb4O12,20,3.339,0.01102,-0.0003,train
JVASP-34280,jarvis,Na4CO4,Na12C3O12,27,2.558,0.00759,0.0002,train
JVASP-34284,jarvis,Na4CO4,Na4C1O4,9,2.499,0.00399,0.0001,train
JVASP-34285,jarvis,Rb4CO4,Rb4C1O4,9,2.512,0.04287,0.0035,train
JVASP-34289,jarvis,TiO2,Ti3O6,9,3.483,3e-05,0.0,train
JVASP-34290,jarvis,Zr2SN2,Zr2S1N2,5,0.861,0.00699,-0.0007,train
JVASP-34291,jarvis,SiO2,Si4O8,12,4.036,0.00143,-0.0001,train
JVASP-34292,jarvis,GaPO4,Ga4P4O16,24,4.565,4e-05,-0.0,train
JVASP-34228,jarvis,MgO,Mg2O2,4,3.798,0.0,0.0,train
JVASP-34229,jarvis,K4CO4,K8C2O8,18,3.205,0.0046,-0.0,train
JVASP-3423,jarvis,KInTe2,K4In4Te8,16,1.115,0.31132,-0.0099,train
JVASP-34231,jarvis,ScBiO3,Sc1Bi1O3,5,0.926,0.00022,0.0,train
JVASP-34235,jarvis,Li4CO4,Li8C2O8,18,5.481,0.00904,-0.0002,train
JVASP-34236,jarvis,BeZnO2,Be4Zn4O8,16,2.972,4e-05,-0.0,train
JVASP-34237,jarvis,V2CdO6,V2Cd1O6,9,2.072,0.00614,-0.0004,train
JVASP-34239,jarvis,Li4CO4,Li12C3O12,27,4.154,0.00915,0.0002,train
JVASP-34240,jarvis,Li4CO4,Li8C2O8,18,4.885,0.02998,0.0004,train
JVASP-34621,jarvis,SiO2,Si8O16,24,5.701,6e-05,-0.0,train
JVASP-34636,jarvis,SiO2,Si4O8,12,5.102,1e-05,-0.0,train
JVASP-34637,jarvis,BaNa2(SiO3)2,Ba2Na4Si4O12,22,4.501,2e-05,0.0,train
JVASP-34642,jarvis,BaMnF4,Ba4Mn4F16,24,2.046,0.00424,0.0001,train
JVASP-34650,jarvis,SiO2,Si4O8,12,5.291,2e-05,0.0,train
JVASP-34653,jarvis,InBiO3,In4Bi4O12,20,2.846,2e-05,0.0,train
JVASP-34659,jarvis,SiO2,Si4O8,12,5.68,3e-05,0.0,train
JVASP-34432,jarvis,Ta2Tl3Cu3S8,Ta2Tl3Cu3S8,16,1.843,0.05374,0.0001,train
JVASP-34436,jarvis,TePbO3,Te4Pb4O12,20,2.787,0.00337,-0.0001,train
JVASP-34447,jarvis,SiO2,Si8O16,24,5.646,0.00714,-0.0001,train
JVASP-34452,jarvis,KTeHOF4,K2Te2H2O2F8,16,5.249,0.11232,0.0021,train
JVASP-34498,jarvis,BaF2,Ba4F8,12,7.091,0.00072,0.0,train
JVASP-3450,jarvis,TiPbO3,Ti1Pb1O3,5,1.813,1e-05,0.0,train
JVASP-34507,jarvis,SrGeO3,Sr3Ge3O9,15,3.02,0.01224,-0.0006,train
JVASP-34521,jarvis,Ag3AsS3,Ag18As6S18,42,1.078,0.0174,0.0002,train
JVASP-34537,jarvis,ZnS,Zn8S8,16,2.11,0.06296,-0.0018,train
JVASP-34560,jarvis,Zn2SiO4,Zn8Si4O16,28,2.949,4e-05,-0.0,train
JVASP-34584,jarvis,SiO2,Si4O8,12,2.859,1e-05,0.0,train
JVASP-34586,jarvis,ZnS,Zn8S8,16,2.096,2e-05,0.0,train
JVASP-3459,jarvis,In2HgSe4,In4Hg2Se8,14,0.516,2e-05,-0.0,train
JVASP-34591,jarvis,LiYF4,Li4Y4F16,24,8.149,0.00096,-0.0,train
JVASP-3561,jarvis,TlIO3,Tl3I3O9,15,2.867,3e-05,0.0,train
JVASP-35621,jarvis,Tl3VSe4,Tl6V2Se8,16,1.532,0.71806,-0.0441,train
JVASP-35654,jarvis,Hf2SN2,Hf2S1N2,5,1.149,0.00861,-0.0009,train
JVASP-35662,jarvis,LiCaF3,Li1Ca1F3,5,6.579,0.00122,0.0002,train
JVASP-35664,jarvis,Mg(BeP)2,Mg1Be2P2,5,0.801,0.05478,-0.007,train
JVASP-3567,jarvis,BiIO,Bi2I2O2,6,1.576,2e-05,-0.0,train
JVASP-3486,jarvis,Cd(InTe2)2,Cd2In4Te8,14,0.715,4e-05,-0.0,train
JVASP-34888,jarvis,Zr3GeO8,Zr6Ge2O16,24,4.143,3e-05,-0.0,train
JVASP-3489,jarvis,VCu3Se4,V1Cu3Se4,8,0.975,1e-05,0.0,train
JVASP-34894,jarvis,H2O2,H8O8,16,4.603,0.03346,-0.0013,train
JVASP-34910,jarvis,PrZr3F15,Pr3Zr9F45,57,6.069,0.07528,-0.0008,train
JVASP-3492,jarvis,RbInTe2,Rb4In4Te8,16,1.203,0.20152,-0.0075,train
JVASP-34942,jarvis,HoClO,Ho2Cl2O2,6,5.208,0.00378,-0.0004,train
JVASP-34946,jarvis,RbHF2,Rb4H4F8,16,7.148,0.0038,0.0002,train
JVASP-3543,jarvis,BaIF,Ba2I2F2,6,4.038,0.0,-0.0,train
JVASP-35453,jarvis,Sm2AlNO3,Sm4Al2N2O6,14,1.232,0.02592,-0.0013,train
JVASP-3546,jarvis,K2PdCl4,K2Pd1Cl4,7,1.518,0.02682,0.0025,train
JVASP-35462,jarvis,Rb2ZnF4,Rb4Zn2F8,14,4.781,0.00762,0.0004,train
JVASP-35479,jarvis,Mn(AlTe2)2,Mn2Al4Te8,14,0.359,0.0795,-0.0049,train
JVASP-3549,jarvis,KBrO3,K3Br3O9,15,3.762,3e-05,-0.0,train
JVASP-34311,jarvis,H6CNF,H18C3N3F3,27,6.163,6e-05,-0.0,train
JVASP-34317,jarvis,SnS,Sn4S4,8,1.575,0.41636,0.0121,train
JVASP-34318,jarvis,Ba3Ga2(Ge2O7)2,Ba3Ga2Ge4O14,23,2.353,0.0032,0.0001,train
JVASP-3432,jarvis,Mn(GaS2)2,Mn2Ga4S8,14,1.032,0.03654,-0.001,train
JVASP-34330,jarvis,SiO2,Si6O12,18,5.506,0.00919,0.0003,train
JVASP-34340,jarvis,CaF2,Ca1F2,3,5.251,0.00055,-0.0001,train
JVASP-34351,jarvis,Ba3BPO7,Ba6B2P2O14,24,3.254,0.02072,0.0006,train
JVASP-34355,jarvis,Ho3CuSnS7,Ho6Cu2Sn2S14,24,1.452,0.02766,-0.0008,train
JVASP-35221,jarvis,Li2SiSnS4,Li4Si2Sn2S8,16,2.021,0.01094,-0.0005,train
JVASP-35230,jarvis,LuO3,Lu8O24,32,1.529,0.00756,-0.0002,train
JVASP-3525,jarvis,K2PtCl4,K2Pt1Cl4,7,1.618,0.00412,0.0003,train
JVASP-35258,jarvis,K2Cu(ClF)2,K8Cu4Cl8F8,28,0.612,0.04776,0.0013,train
JVASP-35260,jarvis,Na6ZnSe4,Na12Zn2Se8,22,1.755,0.03364,-0.0011,train
JVASP-35314,jarvis,PrHSe,Pr2H2Se2,6,2.104,0.0031,-0.0003,train
JVASP-35368,jarvis,UTl2O4,U2Tl4O8,14,1.586,0.24874,-0.0063,train
JVASP-3537,jarvis,TeRhCl,Te4Rh4Cl4,12,0.723,2e-05,0.0,train
JVASP-34660,jarvis,SiO2,Si4O8,12,5.503,2e-05,0.0,train
JVASP-34672,jarvis,Ca2BiAsO6,Ca8Bi4As4O24,40,3.31,4e-05,-0.0,train
JVASP-34674,jarvis,SiO2,Si8O16,24,5.673,0.0,0.0,train
JVASP-34676,jarvis,SiO2,Si8O16,24,5.581,2e-05,-0.0,train
JVASP-3468,jarvis,Zn(InTe2)2,Zn2In4Te8,14,0.771,6e-05,-0.0,train
JVASP-34685,jarvis,SiO2,Si8O16,24,5.472,4e-05,-0.0,train
JVASP-34696,jarvis,NaLiCO3,Na3Li3C3O9,18,4.679,4e-05,-0.0,train
JVASP-34704,jarvis,Cu3TeS3Cl,Cu9Te3S9Cl3,24,0.848,6e-05,-0.0,train
JVASP-34705,jarvis,CrBiO3,Cr6Bi6O18,30,0.765,0.00294,-0.0001,train
JVASP-35109,jarvis,AlGa3N4,Al1Ga3N4,8,2.42,0.00265,-0.0003,train
JVASP-35117,jarvis,BaAl2(SiO4)2,Ba1Al2Si2O8,13,5.019,0.00103,-0.0,train
JVASP-35118,jarvis,BaAl2(SiO4)2,Ba1Al2Si2O8,13,5.019,0.00101,-0.0,train
JVASP-35120,jarvis,BaCa3O4,Ba1Ca3O4,8,2.303,0.00261,-0.0003,train
JVASP-35123,jarvis,BeGeN2,Be4Ge4N8,16,3.524,0.00212,-0.0,train
JVASP-35125,jarvis,BaSr2Mg(SiO4)2,Ba1Sr2Mg1Si2O8,14,5.262,0.00032,0.0,train
JVASP-3513,jarvis,YbBr2,Yb2Br4,6,4.75,0.00564,-0.0005,train
JVASP-35137,jarvis,CeZrO4,Ce2Zr2O8,12,2.076,0.0079,0.0004,train
JVASP-35141,jarvis,CeZr7O16,Ce1Zr7O16,24,2.472,0.00392,-0.0001,train
JVASP-35505,jarvis,Sr2ZrO4,Sr4Zr2O8,14,3.268,0.01542,-0.0008,train
JVASP-35506,jarvis,Sr4Bi2O,Sr8Bi4O2,14,0.928,0.18978,-0.0096,train
JVASP-3552,jarvis,PbClF,Pb2Cl2F2,6,3.816,0.0,0.0,train
JVASP-35528,jarvis,Cd(AgI2)2,Cd2Ag4I8,14,1.611,0.01694,-0.0007,train
JVASP-35541,jarvis,NbTl3Se4,Nb2Tl6Se8,16,1.986,0.06914,-0.0043,train
JVASP-35542,jarvis,GeRu,Ge4Ru4,8,0.126,0.89096,-0.1112,train
JVASP-35597,jarvis,LiNbSe2,Li2Nb2Se4,8,0.672,0.11278,-0.0097,train
JVASP-35605,jarvis,ZrZnF6,Zr4Zn4F24,32,6.252,0.03168,0.0009,train
JVASP-35607,jarvis,NdBrO2,Nd2Br2O4,8,3.14,0.00167,-0.0,train
JVASP-3438,jarvis,LiInSe2,Li4In4Se8,16,1.576,4e-05,-0.0,train
JVASP-34385,jarvis,Y3GaO6,Y12Ga4O24,40,3.87,0.00144,-0.0,train
JVASP-34397,jarvis,MoSBr,Mo16S16Br16,48,0.885,8e-05,-0.0,train
JVASP-34401,jarvis,Tb3CuSnS7,Tb6Cu2Sn2S14,24,1.501,0.0245,-0.0005,train
JVASP-34410,jarvis,Na2Zn2O3,Na8Zn8O12,28,1.483,0.01109,-0.0002,train
JVASP-34417,jarvis,Ba3Si6N4O9,Ba3Si6N4O9,22,4.687,0.00182,0.0001,train
JVASP-35152,jarvis,Ga3BN4,Ga3B1N4,8,2.624,0.00555,-0.0007,train
JVASP-35159,jarvis,KNa2BN2,K2Na4B2N4,12,2.21,0.0103,-0.0006,train
JVASP-3516,jarvis,CaBr2,Ca2Br4,6,4.55,0.00568,0.0004,train
JVASP-35162,jarvis,LaPO4,La4P4O16,24,5.509,0.13392,0.0044,train
JVASP-35164,jarvis,Li4Ca2Mg(SiN3)2,Li8Ca4Mg2Si4N12,30,3.512,0.00782,0.0,train
JVASP-35168,jarvis,LiBeBO3,Li2Be2B2O6,12,6.499,0.00239,0.0,train
JVASP-35176,jarvis,Mg2SiO4,Mg8Si4O16,28,5.066,0.02056,0.0002,train
JVASP-35180,jarvis,Sr4S3O,Sr4S3O1,8,2.176,0.00166,-0.0002,train
JVASP-34760,jarvis,RbClO3,Rb3Cl3O9,15,5.183,3e-05,0.0,train
JVASP-34772,jarvis,LiBr,Li4Br4,8,5.342,0.00052,0.0,train
JVASP-34773,jarvis,NaClO3,Na4Cl4O12,20,5.7,0.05482,-0.0027,train
JVASP-34782,jarvis,H2CO,H36C18O18,72,6.261,0.03678,0.0003,train
JVASP-34788,jarvis,AlHO2,Al2H2O4,8,6.248,2e-05,-0.0,train
JVASP-34790,jarvis,SrH12(ClO3)2,Sr1H12Cl2O6,21,5.099,0.01023,0.0003,train
JVASP-34791,jarvis,MgH12SO9,Mg3H36S3O27,69,5.275,0.01177,0.0001,train
JVASP-35741,jarvis,CaGaGeH,Ca1Ga1Ge1H1,4,0.568,0.0894,-0.015,train
JVASP-35743,jarvis,BaGaGeH,Ba1Ga1Ge1H1,4,0.135,0.14851,-0.024,train
JVASP-35744,jarvis,Ba2NF,Ba6N3F3,12,0.966,0.01098,-0.0008,train
JVASP-35745,jarvis,BaCaO2,Ba1Ca1O2,4,2.139,0.00914,-0.0007,train
JVASP-35746,jarvis,Ba2BrN,Ba6Br3N3,12,1.187,0.01314,-0.0007,train
JVASP-35747,jarvis,Ba2NCl,Ba6N3Cl3,12,1.145,0.00747,-0.0003,train
JVASP-35748,jarvis,AlSb,Al2Sb2,4,1.058,0.0376,-0.0074,train
JVASP-35756,jarvis,TmSbPd,Tm4Sb4Pd4,12,0.405,0.0888,-0.0073,train
JVASP-35774,jarvis,HoNiBi,Ho4Ni4Bi4,12,0.162,0.2686,-0.0224,train
JVASP-35686,jarvis,LuAgO2,Lu3Ag3O6,12,2.386,0.02934,-0.0007,train
JVASP-35691,jarvis,Sr2SO,Sr2S1O1,4,2.258,0.00669,-0.001,train
JVASP-35692,jarvis,KInO2,K3In3O6,12,2.353,0.00621,-0.0002,train
JVASP-35694,jarvis,AgRhO2,Ag3Rh3O6,12,0.734,0.12327,-0.0034,train
JVASP-35695,jarvis,MgSe,Mg2Se2,4,2.802,0.00448,-0.0011,train
JVASP-35738,jarvis,CaZnSe2,Ca1Zn1Se2,4,1.572,0.01745,-0.0031,train
JVASP-35739,jarvis,CaGaSiH,Ca1Ga1Si1H1,4,0.415,0.05231,-0.0086,train
JVASP-35776,jarvis,BaC2,Ba3C6,9,1.466,0.0249,0.001,train
JVASP-3579,jarvis,PbBrF,Pb2Br2F2,6,2.945,0.00085,0.0001,train
JVASP-35808,jarvis,Ca(BeAs)2,Ca1Be2As2,5,0.819,0.02749,-0.0028,train
JVASP-35817,jarvis,TiSnO3,Ti1Sn1O3,5,1.147,0.00417,-0.0008,train
JVASP-3582,jarvis,K2ReBr6,K8Re4Br24,36,0.713,0.06872,0.0017,train
JVASP-35827,jarvis,Ba2ClF3,Ba2Cl1F3,6,5.876,0.00072,0.0001,train
JVASP-35828,jarvis,Ba2H3I,Ba2H3I1,6,2.271,0.00096,-0.0001,train
JVASP-35832,jarvis,Ca2H3Br,Ca2H3Br1,6,1.801,0.0083,-0.0004,train
JVASP-35835,jarvis,CeO2,Ce2O4,6,0.884,0.01944,0.0004,train
JVASP-35181,jarvis,ZrSiO4,Zr2Si2O8,12,4.083,0.00052,0.0,train
JVASP-35190,jarvis,SrZrO3,Sr2Zr2O6,10,3.381,0.00284,-0.0001,train
JVASP-35195,jarvis,RbMgBO3,Rb4Mg4B4O12,24,4.678,0.01848,0.0008,train
JVASP-35205,jarvis,SiGeN2O,Si4Ge4N8O4,20,3.523,0.00772,-0.0002,train
JVASP-35206,jarvis,ZnSiN2,Zn4Si4N8,16,3.534,0.00316,-0.0001,train
JVASP-35218,jarvis,Sn4SF6,Sn12S3F18,33,2.692,0.17124,0.0034,train
JVASP-3522,jarvis,ZnCl2,Zn4Cl8,12,3.94,0.0,0.0,train
JVASP-36018,jarvis,GeC,Ge4C4,8,1.927,0.05348,-0.0067,train
JVASP-3603,jarvis,NdClO,Nd2Cl2O2,6,4.721,0.0014,-0.0,train
JVASP-36108,jarvis,BaO2,Ba2O4,6,2.07,0.00196,-0.0001,train
JVASP-36115,jarvis,KYS2,K3Y3S6,12,2.405,0.05472,-0.0035,train
JVASP-35966,jarvis,LuTlSe2,Lu3Tl3Se6,12,1.134,0.10569,-0.0007,train
JVASP-35975,jarvis,LiScS2,Li3Sc3S6,12,1.477,0.03747,-0.0012,train
JVASP-35986,jarvis,LiB,Li8B8,16,1.505,0.08976,-0.0056,train
JVASP-3600,jarvis,ZrIN,Zr2I2N2,6,1.333,2e-05,0.0,train
JVASP-36000,jarvis,SnS2,Sn4S8,12,1.534,0.14,-0.0037,train
JVASP-36001,jarvis,NaLiICl,Na1Li1I1Cl1,4,4.488,0.00723,-0.0012,train
JVASP-35892,jarvis,HfTaNO3,Hf1Ta1N1O3,6,1.951,0.00755,-0.0005,train
JVASP-35894,jarvis,HfO2,Hf2O4,6,4.725,0.00158,0.0002,train
JVASP-35909,jarvis,KMgP,K2Mg2P2,6,1.872,0.04539,-0.0048,train
JVASP-3594,jarvis,SrIF,Sr2I2F2,6,4.534,2e-05,0.0,train
JVASP-35954,jarvis,Y2MgS4,Y16Mg8S32,56,1.842,0.01207,0.0002,train
JVASP-35956,jarvis,Li(CN)2,Li4C8N8,20,2.228,0.1279,-0.0021,train
JVASP-35963,jarvis,LuTlS2,Lu3Tl3S6,12,1.335,0.05526,0.0009,train
JVASP-36118,jarvis,KNaH2,K1Na1H2,4,3.111,0.00334,0.0007,train
JVASP-36123,jarvis,InSb,In2Sb2,4,0.001,0.13182,-0.0186,train
JVASP-36124,jarvis,HoTlTe2,Ho3Tl3Te6,12,0.685,0.12723,-0.0043,train
JVASP-36126,jarvis,HoTlS2,Ho3Tl3S6,12,1.544,0.03843,0.0005,train
JVASP-36144,jarvis,GaBN2,Ga1B1N2,4,3.353,0.00414,-0.0007,train
JVASP-3615,jarvis,NdBrO,Nd2Br2O2,6,4.507,2e-05,-0.0,train
JVASP-36153,jarvis,ErTlTe2,Er3Tl3Te6,12,0.704,0.13101,-0.0042,train
JVASP-36154,jarvis,DyTlTe2,Dy3Tl3Te6,12,0.673,0.12303,-0.0043,train
JVASP-36157,jarvis,CuI,Cu4I4,8,0.942,0.13328,-0.0051,train
JVASP-36165,jarvis,CaSe,Ca4Se4,8,3.301,0.01192,-0.0015,train
JVASP-3618,jarvis,BaBrF,Ba2Br2F2,6,4.906,0.0046,-0.0003,train
JVASP-36187,jarvis,BrCl,Br4Cl4,8,1.637,0.00554,0.0004,train
JVASP-36190,jarvis,BaGaSiH,Ba1Ga1Si1H1,4,0.62,0.05885,-0.0097,train
JVASP-36193,jarvis,BeSe,Be2Se2,4,0.974,0.02671,-0.0047,train
JVASP-36235,jarvis,SrC2,Sr3C6,9,1.861,0.00249,0.0002,train
JVASP-36237,jarvis,RuO2,Ru4O8,12,0.792,0.13488,-0.0112,train
JVASP-36238,jarvis,MgTe,Mg4Te4,8,0.607,0.01588,-0.002,train
JVASP-3627,jarvis,NdCl3,Nd2Cl6,8,4.374,0.00368,0.0003,train
JVASP-36308,jarvis,BeSiAs2,Be4Si4As8,16,1.193,0.0188,-0.001,train
JVASP-36309,jarvis,BeGeAs2,Be4Ge4As8,16,0.677,0.22552,-0.0131,train
JVASP-36311,jarvis,MgO,Mg1O1,2,2.994,0.0038,-0.0019,train
JVASP-36313,jarvis,MgO,Mg1O1,2,3.647,0.00487,-0.0013,train
JVASP-36326,jarvis,NaH,Na1H1,2,1.775,0.00346,-0.0017,train
JVASP-3633,jarvis,PrCl3,Pr2Cl6,8,4.406,0.00168,0.0001,train
JVASP-36358,jarvis,CrO2,Cr4O8,12,0.647,0.41876,-0.0349,train
JVASP-3636,jarvis,AsI3,As6I18,24,2.016,6e-05,-0.0,train
JVASP-36365,jarvis,PrN,Pr4N4,8,1.765,0.02292,-0.0028,train
JVASP-36369,jarvis,PrN,Pr1N1,2,0.176,0.17276,-0.0229,train
JVASP-36382,jarvis,Ca2Sn,Ca8Sn4,12,0.688,0.038,-0.003,train
JVASP-36385,jarvis,Ca2Si,Ca8Si4,12,0.64,0.07248,-0.006,train
JVASP-36388,jarvis,ScP,Sc4P4,8,1.581,0.06592,-0.0081,train
JVASP-3639,jarvis,PrBr3,Pr2Br6,8,3.526,0.0044,0.0003,train
JVASP-36391,jarvis,ScN,Sc4N4,8,2.576,0.0198,-0.0024,train
JVASP-36289,jarvis,LiF,Li1F1,2,8.106,9e-05,0.0,train
JVASP-3630,jarvis,BI3,B2I6,8,2.651,0.00549,0.0003,train
JVASP-36303,jarvis,MgSnAs2,Mg4Sn4As8,16,0.412,0.28396,-0.0151,train
JVASP-36306,jarvis,BeSiP2,Be4Si4P8,16,1.325,0.03424,-0.0021,train
JVASP-36307,jarvis,BeSnP2,Be4Sn4P8,16,0.9,0.07764,-0.0042,train
JVASP-36589,jarvis,MgGeO3,Mg1Ge1O3,5,1.135,0.00208,-0.0004,train
JVASP-36592,jarvis,MgTiO3,Mg1Ti1O3,5,1.934,0.002,-0.0004,train
JVASP-3660,jarvis,Cu2HgI4,Cu4Hg2I8,14,0.514,2e-05,0.0,train
JVASP-36612,jarvis,CaHfO3,Ca1Hf1O3,5,3.784,0.0003,-0.0001,train
JVASP-36617,jarvis,CdSiO3,Cd1Si1O3,5,0.78,0.00141,-0.0003,train
JVASP-36622,jarvis,CaGeO3,Ca1Ge1O3,5,0.687,0.00655,-0.0013,train
JVASP-36630,jarvis,MgSiO3,Mg1Si1O3,5,2.921,0.00011,-0.0,train
JVASP-36637,jarvis,MgZrO3,Mg1Zr1O3,5,1.003,0.00659,-0.0013,train
JVASP-36638,jarvis,SrSiO3,Sr1Si1O3,5,3.036,0.00028,0.0,train
JVASP-362,jarvis,ZrSe3,Zr2Se6,8,0.297,2e-05,-0.0,train
JVASP-36201,jarvis,AlGaN2,Al1Ga1N2,4,2.946,0.00438,-0.0007,train
JVASP-36202,jarvis,AlBN2,Al1B1N2,4,3.307,0.00198,-0.0003,train
JVASP-36204,jarvis,BP,B2P2,4,1.377,0.01446,-0.0023,train
JVASP-36205,jarvis,TmTlTe2,Tm3Tl3Te6,12,0.711,0.13509,-0.004,train
JVASP-3621,jarvis,BiBrO,Bi2Br2O2,6,2.293,0.07451,0.0039,train
JVASP-36222,jarvis,TiO2,Ti4O8,12,1.188,0.22236,-0.0185,train
JVASP-36223,jarvis,TiGePt,Ti4Ge4Pt4,12,0.941,0.50276,-0.0417,train
JVASP-36442,jarvis,BaBrCl,Ba4Br4Cl4,12,4.483,0.0007,-0.0,train
JVASP-36446,jarvis,BeGeP2,Be4Ge4P8,16,0.873,0.00698,-0.0003,train
JVASP-36461,jarvis,Ca3SbAs,Ca3Sb1As1,5,0.579,0.08421,-0.0168,train
JVASP-36464,jarvis,Ca3P2,Ca3P2,5,0.508,0.06494,-0.013,train
JVASP-36467,jarvis,Ca3SbP,Ca3Sb1P1,5,0.708,0.05265,-0.0105,train
JVASP-36471,jarvis,Sr3PN,Sr3P1N1,5,0.519,0.03385,-0.0067,train
JVASP-3648,jarvis,HgBr2,Hg4Br8,12,2.075,4e-05,0.0,train
JVASP-3651,jarvis,BrF3,Br4F12,16,2.081,0.0,0.0,train
JVASP-36517,jarvis,Na2CoP2O7,Na4Co2P4O14,24,0.757,0.04159,-0.0006,train
JVASP-36395,jarvis,Ca2Ge,Ca8Ge4,12,0.674,0.07328,-0.0061,train
JVASP-36396,jarvis,Ca2Pb,Ca8Pb4,12,0.705,0.0518,-0.0043,train
JVASP-36402,jarvis,RuC,Ru4C4,8,0.661,0.0152,-0.0019,train
JVASP-36406,jarvis,CN2,C2N4,6,0.485,0.01626,-0.0019,train
JVASP-36407,jarvis,SrO,Sr1O1,2,2.778,0.00093,-0.0005,train
JVASP-36408,jarvis,SnC,Sn4C4,8,0.748,0.16592,-0.0207,train
JVASP-36413,jarvis,BaSiC,Ba2Si2C2,6,0.261,0.07458,-0.0042,train
JVASP-36529,jarvis,ZrZnN2,Zr1Zn1N2,4,2.142,0.00282,-0.0002,train
JVASP-36531,jarvis,HfZnN2,Hf1Zn1N2,4,2.361,0.00369,-0.0006,train
JVASP-3654,jarvis,ScCl3,Sc6Cl18,24,3.535,6e-05,-0.0,train
JVASP-3657,jarvis,Rb2PtCl6,Rb8Pt4Cl24,36,1.716,0.02876,0.0008,train
JVASP-36580,jarvis,TiZnN2,Ti4Zn4N8,16,2.389,0.01074,-0.0005,train
JVASP-36582,jarvis,MgGeAs2,Mg4Ge4As8,16,0.554,0.13068,-0.0058,train
JVASP-36584,jarvis,MgSnO3,Mg1Sn1O3,5,1.176,0.00783,-0.0016,train
JVASP-36585,jarvis,BaSiO3,Ba1Si1O3,5,1.476,0.00593,-0.0012,train
JVASP-36587,jarvis,HfMgO3,Hf1Mg1O3,5,1.118,0.0083,-0.0016,train
JVASP-36985,jarvis,MgTlF3,Mg1Tl1F3,5,4.802,0.0053,0.0011,train
JVASP-36988,jarvis,TlZnF3,Tl1Zn1F3,5,4.383,0.00309,0.0006,train
JVASP-36991,jarvis,KCaBr3,K1Ca1Br3,5,4.164,0.00122,-0.0,train
JVASP-36996,jarvis,MnTlF3,Mn2Tl2F6,10,1.471,0.00218,0.0002,train
JVASP-37007,jarvis,YN,Y1N1,2,0.06,0.47412,-0.0785,train
JVASP-37013,jarvis,KO3,K2O6,8,0.804,0.00798,-0.0003,train
JVASP-37014,jarvis,K2O,K8O4,12,2.001,0.00256,0.0001,train
JVASP-37015,jarvis,K2O,K4O2,6,1.991,0.00094,0.0001,train
JVASP-37017,jarvis,K2O2,K6O6,12,2.305,0.00222,-0.0001,train
JVASP-36720,jarvis,VCu3Te4,V1Cu3Te4,8,0.551,0.09978,-0.0119,train
JVASP-36725,jarvis,KCaSiHO4,K2Ca2Si2H2O8,16,4.622,0.00149,0.0001,train
JVASP-36727,jarvis,RbBaSiHO4,Rb2Ba2Si2H2O8,16,4.107,0.03012,-0.0008,train
JVASP-36728,jarvis,KBaSiHO4,K2Ba2Si2H2O8,16,4.225,0.02076,-0.0007,train
JVASP-36751,jarvis,LaAuO2,La3Au3O6,12,2.56,0.10053,0.0066,train
JVASP-36754,jarvis,LiAuO2,Li4Au4O8,16,1.704,0.03526,0.0009,train
JVASP-36755,jarvis,LiAuO2,Li4Au4O8,16,1.358,0.00536,-0.0003,train
JVASP-37188,jarvis,WN2,W1N2,3,1.758,0.01107,-0.0003,train
JVASP-3720,jarvis,K2MgH4,K4Mg2H8,14,3.964,0.07802,-0.0017,train
JVASP-37207,jarvis,SiPbO3,Si1Pb1O3,5,2.036,0.00324,0.0006,train
JVASP-37209,jarvis,SiSnO3,Si1Sn1O3,5,1.368,0.00808,-0.0016,train
JVASP-37219,jarvis,SmGaO3,Sm1Ga1O3,5,2.899,0.00151,-0.0003,train
JVASP-3723,jarvis,SrHClO,Sr2H2Cl2O2,8,5.206,2e-05,-0.0,train
JVASP-3726,jarvis,CaHI,Ca2H2I2,6,3.616,1e-05,-0.0,train
JVASP-3729,jarvis,SrHI,Sr2H2I2,6,3.608,0.0,0.0,train
JVASP-37301,jarvis,SrCa3O4,Sr1Ca3O4,8,3.38,0.00065,0.0001,train
JVASP-37303,jarvis,SnI2,Sn2I4,6,1.279,0.05122,-0.0083,train
JVASP-3702,jarvis,CaHCl,Ca2H2Cl2,6,3.8,0.03605,-0.0019,train
JVASP-37022,jarvis,K2O,K6O3,9,2.34,0.00221,0.0002,train
JVASP-3705,jarvis,SrHCl,Sr2H2Cl2,6,3.981,0.00395,-0.0001,train
JVASP-37065,jarvis,TbTlS2,Tb3Tl3S6,12,1.644,0.03222,0.0004,train
JVASP-37067,jarvis,TbTlTe2,Tb3Tl3Te6,12,0.663,0.11922,-0.0044,train
JVASP-37071,jarvis,NaTbS2,Na3Tb3S6,12,2.292,0.01992,-0.0001,train
JVASP-37072,jarvis,NaTbSe2,Na3Tb3Se6,12,1.862,0.07587,-0.0054,train
JVASP-36832,jarvis,RbAgO2,Rb1Ag1O2,4,0.805,0.00215,0.0004,train
JVASP-36835,jarvis,NaAuO2,Na2Au2O4,8,1.351,0.0013,0.0001,train
JVASP-36837,jarvis,SrAuO2,Sr4Au4O8,16,1.606,0.181,0.0037,train
JVASP-3684,jarvis,K2PtCl6,K8Pt4Cl24,36,1.646,0.0058,-0.0002,train
JVASP-36842,jarvis,KAgO2,K4Ag4O8,16,1.233,0.02844,0.0005,train
JVASP-36844,jarvis,AgRhO2,Ag2Rh2O4,8,0.611,0.03088,-0.0014,train
JVASP-36846,jarvis,RbAgO2,Rb4Ag4O8,16,1.249,0.17024,0.0037,train
JVASP-36847,jarvis,PbAuO2,Pb2Au2O4,8,0.59,0.00397,0.0001,train
JVASP-36648,jarvis,MgTe,Mg2Te2,4,1.121,0.01577,-0.0034,train
JVASP-36659,jarvis,ZnCdSe2,Zn1Cd1Se2,4,0.712,0.03894,-0.0079,train
JVASP-36668,jarvis,Ca(BeP)2,Ca1Be2P2,5,0.844,0.03897,-0.0047,train
JVASP-36670,jarvis,Be3N2,Be3N2,5,4.629,0.00071,-0.0001,train
JVASP-36671,jarvis,Bi2O3,Bi2O3,5,0.114,0.00589,-0.0011,train
JVASP-36677,jarvis,TiPN3,Ti2P2N6,10,0.591,0.00456,-0.0002,train
JVASP-36681,jarvis,YWN3,Y4W4N12,20,1.543,0.03188,0.0007,train
JVASP-36689,jarvis,SrWN3,Sr2W2N6,10,1.125,0.00161,0.0001,train
JVASP-3687,jarvis,MgH2,Mg2H4,6,4.085,0.00052,0.0001,train
JVASP-36873,jarvis,BSb,B4Sb4,8,0.945,0.01696,-0.0021,train
JVASP-36876,jarvis,CaTlF3,Ca1Tl1F3,5,4.633,0.00481,-0.001,train
JVASP-36877,jarvis,CaTlCl3,Ca1Tl1Cl3,5,4.421,0.00094,0.0002,train
JVASP-36881,jarvis,RbSrCl3,Rb1Sr1Cl3,5,4.788,0.00086,-0.0001,train
JVASP-36888,jarvis,RbPbBr3,Rb1Pb1Br3,5,2.062,0.02154,-0.003,train
JVASP-36889,jarvis,RbSnF3,Rb1Sn1F3,5,3.697,0.00097,0.0001,train
JVASP-36893,jarvis,RbCaCl3,Rb1Ca1Cl3,5,5.222,0.00019,0.0,train
JVASP-36894,jarvis,RbCaBr3,Rb1Ca1Br3,5,4.352,0.00031,0.0,train
JVASP-36898,jarvis,LiSnCl3,Li2Sn2Cl6,10,3.727,0.01302,-0.0006,train
JVASP-36756,jarvis,LiAgO2,Li2Ag2O4,8,0.71,0.0007,-0.0,train
JVASP-36759,jarvis,AgBiO2,Ag2Bi2O4,8,0.806,0.0019,-0.0001,train
JVASP-36760,jarvis,KAgO2,K1Ag1O2,4,0.675,0.00286,-0.0002,train
JVASP-36772,jarvis,AgAuO2,Ag2Au2O4,8,0.719,0.00874,0.0005,train
JVASP-36780,jarvis,LiAgO2,Li2Ag2O4,8,0.618,0.01432,0.0002,train
JVASP-36784,jarvis,LiAgO2,Li2Ag2O4,8,0.762,0.00856,0.0004,train
JVASP-3741,jarvis,BaHBr,Ba2H2Br2,6,3.417,0.00363,-0.0002,train
JVASP-3747,jarvis,CrClO,Cr2Cl2O2,6,0.496,0.0,0.0,train
JVASP-3750,jarvis,MnH4(BrO)2,Mn1H4Br2O2,9,1.615,0.16378,-0.0069,train
JVASP-37603,jarvis,Sr3CdO4,Sr3Cd1O4,8,0.617,0.0265,-0.0033,train
JVASP-3762,jarvis,K2PdBr4,K2Pd1Br4,7,1.306,0.01298,-0.0013,train
JVASP-37639,jarvis,Zn3CdS4,Zn3Cd1S4,8,1.717,0.00928,-0.0012,train
JVASP-3768,jarvis,RbIO3,Rb3I3O9,15,2.631,3e-05,0.0,train
JVASP-37693,jarvis,Ge2O3,Ge2O3,5,0.777,0.00018,0.0,train
JVASP-37073,jarvis,KTbS2,K3Tb3S6,12,2.369,0.06507,-0.0038,train
JVASP-37075,jarvis,SmTlTe2,Sm3Tl3Te6,12,0.649,0.05859,-0.001,train
JVASP-37079,jarvis,SmTlSe2,Sm3Tl3Se6,12,1.226,0.04257,-0.001,train
JVASP-3708,jarvis,BaHCl,Ba2H2Cl2,6,3.582,0.00236,-0.0,train
JVASP-37080,jarvis,SmTlS2,Sm3Tl3S6,12,1.991,0.04995,-0.0021,train
JVASP-3711,jarvis,BaHI,Ba2H2I2,6,3.021,0.01126,-0.0007,train
JVASP-37111,jarvis,RbYS2,Rb3Y3S6,12,2.387,0.05154,-0.003,train
JVASP-36958,jarvis,InGeCl3,In6Ge6Cl18,30,2.84,0.13217,0.0017,train
JVASP-36959,jarvis,LiSnCl3,Li6Sn6Cl18,30,3.576,0.02521,0.0008,train
JVASP-3696,jarvis,BaLiH3,Ba1Li1H3,5,2.444,0.00534,-0.0011,train
JVASP-36962,jarvis,KCaCl3,K1Ca1Cl3,5,4.974,0.00231,-0.0002,train
JVASP-36966,jarvis,RbPbCl3,Rb1Pb1Cl3,5,2.526,0.00686,-0.0009,train
JVASP-36974,jarvis,KGeCl3,K6Ge6Cl18,30,2.528,0.01458,0.0002,train
JVASP-36975,jarvis,CaTlF3,Ca6Tl6F18,30,4.596,0.01878,0.0002,train
JVASP-36977,jarvis,TlCdF3,Tl1Cd1F3,5,3.992,0.00235,-0.0005,train
JVASP-36980,jarvis,TlHgF3,Tl1Hg1F3,5,2.131,0.00351,-0.0004,train
JVASP-36982,jarvis,TlGeF3,Tl1Ge1F3,5,3.305,0.00153,-0.0003,train
JVASP-36788,jarvis,KAuO2,K4Au4O8,16,1.489,0.00922,-0.0,train
JVASP-36795,jarvis,BaAuO2,Ba4Au4O8,16,1.236,0.54648,-0.0129,train
JVASP-368,jarvis,ZrS3,Zr2S6,8,1.206,2e-05,0.0,train
JVASP-36801,jarvis,AgClO2,Ag4Cl4O8,16,0.701,0.0196,-0.0008,train
JVASP-36806,jarvis,AgAsO2,Ag4As4O8,16,2.33,0.01862,0.0006,train
JVASP-3681,jarvis,Ag2HgI4,Ag4Hg2I8,14,1.066,2e-05,-0.0,train
JVASP-36816,jarvis,CdAuO2,Cd2Au2O4,8,1.033,0.00485,0.0004,train
JVASP-36829,jarvis,CuBiO2,Cu2Bi2O4,8,1.001,0.20015,-0.0079,train
JVASP-36830,jarvis,CuBiO2,Cu4Bi4O8,16,0.791,0.78982,-0.017,train
JVASP-37115,jarvis,RbNaH2,Rb1Na1H2,4,2.578,0.00423,0.0009,train
JVASP-37117,jarvis,PrTlTe2,Pr3Tl3Te6,12,0.682,0.03954,-0.0006,train
JVASP-37118,jarvis,PrTlSe2,Pr3Tl3Se6,12,1.227,0.02769,-0.0007,train
JVASP-37124,jarvis,PrN,Pr2N2,4,1.079,0.00648,0.0005,train
JVASP-37134,jarvis,NdTlTe2,Nd3Tl3Te6,12,0.665,0.04581,-0.0007,train
JVASP-37157,jarvis,NaSmSe2,Na3Sm3Se6,12,1.801,0.06666,-0.0048,train
JVASP-37159,jarvis,NaSmS2,Na3Sm3S6,12,2.225,0.02241,0.0,train
JVASP-37160,jarvis,NaScS2,Na3Sc3S6,12,1.692,0.03204,-0.0006,train
JVASP-37161,jarvis,NaPrSe2,Na3Pr3Se6,12,1.78,0.05208,-0.004,train
JVASP-37163,jarvis,NaNdS2,Na3Nd3S6,12,2.229,0.06462,-0.004,train
JVASP-37164,jarvis,NaNdSe2,Na3Nd3Se6,12,1.789,0.05667,-0.0042,train
JVASP-37167,jarvis,NaHoSe2,Na3Ho3Se6,12,1.933,0.08133,-0.0057,train
JVASP-3717,jarvis,AlH3,Al6H18,24,2.464,0.02766,-0.0005,train
JVASP-3792,jarvis,IrBr3,Ir4Br12,16,1.423,4e-05,0.0,train
JVASP-37945,jarvis,AcF3,Ac2F6,8,6.854,0.01094,-0.001,train
JVASP-37999,jarvis,Na3PS4,Na6P2S8,16,2.508,0.00806,0.0005,train
JVASP-38000,jarvis,Li3ClO,Li3Cl1O1,5,5.339,0.00161,-0.0003,train
JVASP-38001,jarvis,Na3BrO,Na3Br1O1,5,2.131,0.00375,-0.0007,train
JVASP-38026,jarvis,ScOF,Sc2O2F2,6,4.342,0.07601,-0.004,train
JVASP-38027,jarvis,SbBrO,Sb2Br2O2,6,1.699,0.13775,0.0074,train
JVASP-36902,jarvis,MnInF3,Mn1In1F3,5,1.39,0.00113,0.0002,train
JVASP-36914,jarvis,RbCaI3,Rb1Ca1I3,5,3.603,0.00224,-0.0004,train
JVASP-36918,jarvis,BaHfS3,Ba2Hf2S6,10,0.736,0.0362,-0.0027,train
JVASP-36919,jarvis,MgAgF3,Mg1Ag1F3,5,2.121,0.00024,-0.0,train
JVASP-36927,jarvis,KGeBr3,K1Ge1Br3,5,1.411,0.05424,0.0108,train
JVASP-3693,jarvis,Mg2FeH6,Mg8Fe4H24,36,1.935,0.03092,0.0009,train
JVASP-36947,jarvis,InPbCl3,In1Pb1Cl3,5,3.004,0.00567,0.001,train
JVASP-36951,jarvis,BaHfO3,Ba1Hf1O3,5,3.683,0.0017,-0.0003,train
JVASP-36954,jarvis,InSnBr3,In6Sn6Br18,30,2.312,0.02018,0.0005,train
JVASP-37304,jarvis,SrGaGeH,Sr1Ga1Ge1H1,4,0.442,0.10951,-0.0176,train
JVASP-37313,jarvis,SrHgO2,Sr3Hg3O6,12,2.367,0.039,-0.0011,train
JVASP-3732,jarvis,Sr2H6Ru,Sr8H24Ru4,36,2.179,0.00167,-0.0,train
JVASP-37329,jarvis,Tb2Be2O5,Tb2Be2O5,9,2.54,0.01028,0.0005,train
JVASP-37338,jarvis,SnPbO3,Sn1Pb1O3,5,1.222,0.00367,-0.0007,train
JVASP-3735,jarvis,CaHBr,Ca2H2Br2,6,3.96,2e-05,-0.0,train
JVASP-37353,jarvis,SnBr2,Sn2Br4,6,1.821,0.01704,-0.0021,train
JVASP-3738,jarvis,SrHBr,Sr2H2Br2,6,4.074,1e-05,-0.0,train
JVASP-37390,jarvis,SrGaSiH,Sr1Ga1Si1H1,4,0.572,0.06575,-0.0109,train
JVASP-37406,jarvis,TbAgSe2,Tb4Ag4Se8,16,0.47,0.26102,-0.0153,train
JVASP-38029,jarvis,SnClF,Sn2Cl2F2,6,2.919,0.00526,0.0005,train
JVASP-38030,jarvis,SnBrF,Sn2Br2F2,6,2.281,0.04056,-0.0037,train
JVASP-38031,jarvis,ScClO,Sc2Cl2O2,6,3.824,0.13706,-0.0077,train
JVASP-38032,jarvis,SbClO,Sb2Cl2O2,6,2.064,0.00302,-0.0003,train
JVASP-38043,jarvis,YWN3,Y2W2N6,10,1.647,0.00208,0.0001,train
JVASP-3807,jarvis,TmIO,Tm2I2O2,6,3.43,1e-05,0.0,train
JVASP-3810,jarvis,YCl3,Y4Cl12,16,4.565,6e-05,0.0,train
JVASP-38113,jarvis,YWN3,Y6W6N18,30,1.594,0.01993,0.0004,train
JVASP-38158,jarvis,HgF2,Hg2F4,6,1.377,0.00264,-0.0,train
JVASP-3780,jarvis,LuSBr,Lu2S2Br2,6,2.856,1e-05,0.0,train
JVASP-3783,jarvis,Ca3AsBr3,Ca3As1Br3,7,1.565,0.00026,-0.0,train
JVASP-37833,jarvis,ErZnAsO,Er2Zn2As2O2,8,1.298,0.07486,-0.0063,train
JVASP-37856,jarvis,Dy3Sb4Au3,Dy12Sb16Au12,40,0.608,0.1968,-0.0049,train
JVASP-37910,jarvis,DyAlO3,Dy1Al1O3,5,3.166,0.00035,-0.0001,train
JVASP-37916,jarvis,BaSr3O4,Ba1Sr3O4,8,2.509,0.00203,-0.0003,train
JVASP-3816,jarvis,PI3,P2I6,8,1.972,1e-05,0.0,train
JVASP-38208,jarvis,Rb3P,Rb12P4,16,0.767,0.13736,-0.0086,train
JVASP-3825,jarvis,ErSCl,Er2S2Cl2,6,2.844,2e-05,-0.0,train
JVASP-38268,jarvis,RbMgPO4,Rb4Mg4P4O16,28,4.776,0.01888,0.0003,train
JVASP-3828,jarvis,K2TcCl6,K8Tc4Cl24,36,0.995,0.0098,0.0003,train
JVASP-38303,jarvis,RbNa2Sb,Rb4Na8Sb4,16,0.841,0.23388,-0.0146,train
JVASP-3834,jarvis,K2PtBr6,K8Pt4Br24,36,1.113,0.01008,-0.0003,train
JVASP-3837,jarvis,InClO,In2Cl2O2,6,2.416,1e-05,-0.0,train
JVASP-38395,jarvis,BeF2,Be2F4,6,7.04,0.00124,0.0001,train
JVASP-3840,jarvis,InBrO,In2Br2O2,6,2.06,2e-05,-0.0,train
JVASP-3846,jarvis,BPS4,B2P2S8,12,1.932,2e-05,-0.0,train
JVASP-3849,jarvis,AuI,Au4I4,8,1.404,0.0,0.0,train
JVASP-38507,jarvis,NaBH4,Na4B4H16,24,6.629,0.00204,-0.0001,train
JVASP-39100,jarvis,SiGeN2O,Si2Ge2N4O2,10,3.77,0.00615,-0.0003,train
JVASP-3912,jarvis,AcBr3,Ac2Br6,8,4.186,0.00162,0.0001,train
JVASP-3915,jarvis,NdBr3,Nd4Br12,16,2.654,2e-05,-0.0,train
JVASP-3918,jarvis,SmBr3,Sm4Br12,16,2.691,4e-05,-0.0,train
JVASP-39186,jarvis,ScAgO2,Sc3Ag3O6,12,2.287,0.0453,-0.0016,train
JVASP-3924,jarvis,U(OF)2,U3O6F6,15,2.289,3e-05,-0.0,train
JVASP-3927,jarvis,PrClO,Pr2Cl2O2,6,4.647,0.0022,0.0,train
JVASP-38814,jarvis,NdB2HF10,Nd2B4H2F20,28,7.939,0.02392,-0.0003,train
JVASP-3894,jarvis,TiNCl,Ti2N2Cl2,6,0.608,1e-05,-0.0,train
JVASP-3897,jarvis,RhBr3,Rh4Br12,16,1.167,4e-05,-0.0,train
JVASP-39,jarvis,AlN,Al2N2,4,4.474,1e-05,0.0,train
JVASP-3903,jarvis,Bi2Te2S,Bi6Te6S3,15,0.304,3e-05,-0.0,train
JVASP-3906,jarvis,CdBr2,Cd2Br4,6,2.742,2e-05,0.0,train
JVASP-3909,jarvis,Sn(SbTe2)2,Sn3Sb6Te12,21,0.201,3e-05,0.0,train
JVASP-39095,jarvis,SiO2,Si4O8,12,5.684,0.00249,-0.0001,train
JVASP-39536,jarvis,ZnCdS2,Zn1Cd1S2,4,1.373,0.01289,-0.0025,train
JVASP-3954,jarvis,SBr,S8Br8,16,1.707,4e-05,0.0,train
JVASP-3963,jarvis,K2PdF4,K4Pd2F8,14,1.965,0.01216,0.0005,train
JVASP-3966,jarvis,K3BrO,K3Br1O1,5,1.017,0.00787,-0.0015,train
JVASP-39688,jarvis,YbCl2,Yb2Cl4,6,5.566,0.0016,-0.0001,train
JVASP-3972,jarvis,Pd(SCl3)2,Pd1S2Cl6,9,1.452,0.00969,0.0006,train
JVASP-3936,jarvis,ThNCl,Th2N2Cl2,6,2.542,0.0,-0.0,train
JVASP-3939,jarvis,ThBrN,Th2Br2N2,6,2.647,1e-05,0.0,train
JVASP-39414,jarvis,OF3,O2F6,8,0.828,0.00082,-0.0001,train
JVASP-3942,jarvis,ThIN,Th2I2N2,6,2.824,2e-05,-0.0,train
JVASP-39436,jarvis,NdCuTeO,Nd2Cu2Te2O2,8,1.533,0.03784,0.0008,train
JVASP-39496,jarvis,NaYSi,Na4Y4Si4,12,0.212,0.22956,-0.019,train
JVASP-39508,jarvis,KYSn,K4Y4Sn4,12,0.797,0.4612,-0.0382,train
JVASP-3978,jarvis,P2Pd,P8Pd4,12,0.553,0.10244,0.0058,train
JVASP-3981,jarvis,K4CdP2,K8Cd2P4,14,0.88,0.79098,-0.0201,train
JVASP-39858,jarvis,YbF2,Yb2F4,6,6.992,0.00128,0.0001,train
JVASP-3987,jarvis,DyCl3,Dy4Cl12,16,3.605,4e-05,0.0,train
JVASP-3990,jarvis,ErSeI,Er2Se2I2,6,2.194,2e-05,-0.0,train
JVASP-3993,jarvis,Sc2CCl2,Sc2C1Cl2,5,0.86,0.0,0.0,train
JVASP-3861,jarvis,SmClO,Sm2Cl2O2,6,4.863,0.00278,-0.0002,train
JVASP-38613,jarvis,H4CN2O,H8C2N4O2,16,5.166,0.08559,-0.0016,train
JVASP-38635,jarvis,KF2,K2F4,6,1.325,0.0024,0.0003,train
JVASP-3870,jarvis,Rb2SeCl6,Rb8Se4Cl24,36,2.395,0.00484,0.0001,train
JVASP-3876,jarvis,Rb2ZrCl6,Rb8Zr4Cl24,36,3.488,0.05121,0.0014,train
JVASP-3879,jarvis,Tl2SnCl6,Tl8Sn4Cl24,36,2.148,0.00379,-0.0001,train
JVASP-40205,jarvis,CaSnS3,Ca4Sn4S12,20,0.518,0.13836,-0.0047,train
JVASP-40246,jarvis,Ba2Sc2O5,Ba2Sc2O5,9,1.883,0.46166,-0.017,train
JVASP-4026,jarvis,BiTeCl,Bi2Te2Cl2,6,1.217,2e-05,0.0,train
JVASP-40306,jarvis,Sr2CdAs2,Sr8Cd4As8,20,0.597,0.28218,-0.0108,train
JVASP-4035,jarvis,TaI2O,Ta4I8O4,16,0.872,3e-05,0.0,train
JVASP-40360,jarvis,RbSrCO3F,Rb1Sr1C1O3F1,7,4.248,1e-05,0.0,train
JVASP-40385,jarvis,TbBS3,Tb4B4S12,20,2.424,0.01708,-0.0003,train
JVASP-4005,jarvis,Na3ClO,Na3Cl1O1,5,2.261,0.00041,-0.0001,train
JVASP-4008,jarvis,K4Br2O,K8Br4O2,14,1.002,0.22818,-0.0061,train
JVASP-40117,jarvis,AgBr,Ag4Br4,8,1.031,0.0,0.0,train
JVASP-40128,jarvis,Bi3BrO4,Bi6Br2O8,16,0.936,0.04114,-0.0018,train
JVASP-40153,jarvis,Ca2SnS4,Ca4Sn2S8,14,1.01,0.47966,-0.0162,train
JVASP-40157,jarvis,Ca2SnS4,Ca6Sn3S12,21,0.851,0.05769,-0.0019,train
JVASP-40176,jarvis,K3TaF8,K12Ta4F32,48,3.547,0.05178,0.0007,train
JVASP-40195,jarvis,Ca2SnS4,Ca4Sn2S8,14,0.73,0.0835,-0.0028,train
JVASP-40198,jarvis,Ca2SnS4,Ca8Sn4S16,28,1.006,0.24112,-0.0055,train
JVASP-4020,jarvis,DySBr,Dy2S2Br2,6,2.771,0.0,-0.0,train
JVASP-40476,jarvis,LiCuS,Li4Cu4S4,12,1.027,0.0,-0.0,train
JVASP-40477,jarvis,Li4TiS4,Li8Ti2S8,18,2.359,6e-05,0.0,train
JVASP-40481,jarvis,LiAgF4,Li1Ag1F4,6,0.918,0.00246,-0.0001,train
JVASP-40491,jarvis,Ge2N2O,Ge8N8O4,20,2.49,4e-05,0.0,train
JVASP-40499,jarvis,RbCaCO3F,Rb3Ca3C3O9F3,21,4.526,0.02576,-0.0005,train
JVASP-4050,jarvis,Ca(MgBi)2,Ca1Mg2Bi2,5,0.634,0.05406,-0.0102,train
JVASP-4053,jarvis,Ba(MgBi)2,Ba1Mg2Bi2,5,0.596,0.07107,-0.0116,train
JVASP-4056,jarvis,PrIO,Pr2I2O2,6,3.686,2e-05,0.0,train
JVASP-4059,jarvis,SmBrO,Sm2Br2O2,6,4.411,2e-05,0.0,train
JVASP-4119,jarvis,Mg(HO)2,Mg1H2O2,5,4.636,1e-05,-0.0,train
JVASP-4122,jarvis,YAgO2,Y2Ag2O4,8,2.698,0.00066,-0.0,train
JVASP-4125,jarvis,AcClO,Ac2Cl2O2,6,4.415,0.00206,0.0001,train
JVASP-41264,jarvis,AcTlTe2,Ac4Tl4Te8,16,0.922,0.96948,-0.0606,train
JVASP-4128,jarvis,AcBrO,Ac2Br2O2,6,4.276,0.00496,-0.0003,train
JVASP-41319,jarvis,NaPaO3,Na1Pa1O3,5,3.28,0.00096,-0.0002,train
JVASP-41380,jarvis,Mg(BeAs)2,Mg1Be2As2,5,0.693,0.02775,-0.0035,train
JVASP-41388,jarvis,TmF3,Tm2F6,8,5.813,0.00054,0.0001,train
JVASP-41404,jarvis,YbTiO3,Yb1Ti1O3,5,1.947,0.00085,-0.0002,train
JVASP-4143,jarvis,KBiO2,K4Bi4O8,16,2.002,0.0042,0.0002,train
JVASP-41760,jarvis,BaNa2Mg(PO4)2,Ba1Na2Mg1P2O8,14,5.534,0.00124,0.0001,train
JVASP-41780,jarvis,Ba2AsAu,Ba8As4Au4,16,0.563,0.08836,-0.0055,train
JVASP-4180,jarvis,HgCl2,Hg4Cl8,12,2.659,2e-05,-0.0,train
JVASP-4183,jarvis,BeCl2,Be4Cl8,12,6.48,0.00192,-0.0001,train
JVASP-4186,jarvis,Te2Br,Te16Br8,24,0.152,4e-05,-0.0,train
JVASP-41948,jarvis,Rb2Zr2O5,Rb2Zr2O5,9,1.885,0.18404,-0.0073,train
JVASP-41970,jarvis,BaNaH3Pd,Ba2Na2H6Pd2,12,1.587,0.0108,-0.0003,train
JVASP-40763,jarvis,KBaP,K4Ba4P4,12,1.218,0.52252,-0.0435,train
JVASP-40764,jarvis,ZrFeTe,Zr4Fe4Te4,12,1.213,0.25032,-0.0204,train
JVASP-4077,jarvis,K4HgAs2,K12Hg3As6,21,0.787,3e-05,0.0,train
JVASP-40772,jarvis,YNiP,Y4Ni4P4,12,0.58,0.0534,-0.0044,train
JVASP-40774,jarvis,TiSiPd,Ti4Si4Pd4,12,0.837,0.51856,-0.0428,train
JVASP-40775,jarvis,TiFeSe,Ti4Fe4Se4,12,1.025,0.41652,-0.0346,train
JVASP-40398,jarvis,Rb2Hf2O5,Rb2Hf2O5,9,1.848,0.15946,-0.0062,train
JVASP-4041,jarvis,Ti(CuS)4,Ti2Cu8S8,18,1.473,4e-05,0.0,train
JVASP-40416,jarvis,Pr3SiAgS7,Pr6Si2Ag2S14,24,1.749,0.03086,-0.0011,train
JVASP-40428,jarvis,KYGeS4,K2Y2Ge2S8,14,2.322,0.07347,0.0009,train
JVASP-40432,jarvis,K2BaCdSb2,K4Ba2Cd2Sb4,12,0.21,0.64936,-0.0289,train
JVASP-4044,jarvis,KAuSe2,K2Au2Se4,8,0.859,2e-05,-0.0,train
JVASP-4047,jarvis,Li4NCl,Li12N3Cl3,18,1.962,0.08301,0.0007,train
JVASP-40474,jarvis,NaTlO,Na4Tl4O4,12,0.58,0.0054,0.0001,train
JVASP-40475,jarvis,Li5Si2BiO8,Li10Si4Bi2O16,32,2.853,0.0137,0.0002,train
JVASP-40798,jarvis,LiMgP,Li4Mg4P4,12,1.894,0.00412,-0.0002,train
JVASP-4080,jarvis,Pd(SeBr3)2,Pd1Se2Br6,9,1.19,0.04897,0.0023,train
JVASP-40800,jarvis,ZrSnPd,Zr4Sn4Pd4,12,0.494,0.15528,-0.0128,train
JVASP-40810,jarvis,ScGeAu,Sc4Ge4Au4,12,0.344,0.21376,-0.0177,train
JVASP-40811,jarvis,LiZnP,Li4Zn4P4,12,1.227,0.07644,-0.0064,train
JVASP-40816,jarvis,NaLiPt,Na4Li4Pt4,12,0.423,0.1502,-0.0125,train
JVASP-40819,jarvis,TiSiPt,Ti4Si4Pt4,12,0.97,0.37652,-0.0312,train
JVASP-40824,jarvis,ZrSiPt,Zr4Si4Pt4,12,1.368,0.07864,-0.0065,train
JVASP-40776,jarvis,ZrSiPd,Zr4Si4Pd4,12,0.772,0.1228,-0.0102,train
JVASP-40780,jarvis,MgScGa,Mg4Sc4Ga4,12,0.149,0.39572,-0.0329,train
JVASP-40788,jarvis,TiFeTe,Ti4Fe4Te4,12,1.101,0.58452,-0.0486,train
JVASP-40790,jarvis,ScNiP,Sc4Ni4P4,12,0.576,0.10028,-0.0083,train
JVASP-40793,jarvis,ScCoTe,Sc4Co4Te4,12,0.902,0.05352,-0.0044,train
JVASP-40825,jarvis,TaTlPt,Ta4Tl4Pt4,12,1.07,0.4546,-0.0378,train
JVASP-40826,jarvis,ZrSnPt,Zr4Sn4Pt4,12,0.998,0.1018,-0.0084,train
JVASP-4083,jarvis,ClF,Cl4F4,8,2.092,2e-05,-0.0,train
JVASP-40835,jarvis,LiCaRh,Li4Ca4Rh4,12,0.35,0.02852,-0.0024,train
JVASP-40842,jarvis,BaNaSb,Ba4Na4Sb4,12,0.415,0.12268,-0.0102,train
JVASP-40843,jarvis,SrCaSi,Sr4Ca4Si4,12,0.564,0.1978,-0.0164,train
JVASP-40858,jarvis,Ba2BiAu,Ba8Bi4Au4,16,0.632,0.57092,0.0357,train
JVASP-4089,jarvis,RbBiO2,Rb4Bi4O8,16,2.192,4e-05,-0.0,train
JVASP-40900,jarvis,LiSiBiO4,Li4Si4Bi4O16,28,3.527,0.01604,-0.0001,train
JVASP-4152,jarvis,NdO2,Nd4O8,12,3.604,0.00148,-0.0,train
JVASP-41550,jarvis,KSrCO3F,K1Sr1C1O3F1,7,4.187,1e-05,-0.0,train
JVASP-41602,jarvis,Na2Hf2O5,Na2Hf2O5,9,2.15,0.07996,-0.0034,train
JVASP-4164,jarvis,Tl3VO4,Tl6V2O8,16,2.564,4e-05,-0.0,train
JVASP-4173,jarvis,AuCl,Au8Cl8,16,1.73,0.025,-0.0009,train
JVASP-41730,jarvis,KNdGeS4,K2Nd2Ge2S8,14,2.272,0.12682,0.001,train
JVASP-41734,jarvis,TaTlO3,Ta1Tl1O3,5,0.93,4e-05,0.0,train
JVASP-40901,jarvis,NbBiO4,Nb1Bi1O4,6,2.468,1e-05,0.0,train
JVASP-40948,jarvis,KAcTe2,K4Ac4Te8,16,0.967,0.49748,-0.031,train
JVASP-4095,jarvis,K4BeAs2,K12Be3As6,21,1.0,0.39072,-0.0068,train
JVASP-41,jarvis,SiO2,Si3O6,9,5.986,2e-05,-0.0,train
JVASP-41004,jarvis,YbH2,Yb4H8,12,3.294,0.0021,-0.0,train
JVASP-4101,jarvis,Bi2Te2Se,Bi6Te6Se3,15,0.23,6e-05,-0.0,train
JVASP-41051,jarvis,Nd3SiAgS7,Nd6Si2Ag2S14,24,1.75,0.03679,-0.0014,train
JVASP-41082,jarvis,LiAcTe2,Li4Ac4Te8,16,0.692,0.8458,-0.0528,train
JVASP-41120,jarvis,YbO2,Yb2O4,6,3.571,0.01908,-0.0008,train
JVASP-42024,jarvis,PrBS3,Pr4B4S12,20,2.498,0.01548,-0.0003,train
JVASP-4204,jarvis,PdBr2,Pd4Br8,12,0.59,4e-05,0.0,train
JVASP-42067,jarvis,PaTlO3,Pa1Tl1O3,5,2.97,0.00108,-0.0002,train
JVASP-42082,jarvis,KPAuSe3,K4P4Au4Se12,24,0.948,0.54668,-0.0082,train
JVASP-42095,jarvis,PbCl2,Pb2Cl4,6,3.114,0.00338,-0.0005,train
JVASP-4210,jarvis,Te2I,Te16I8,24,0.213,2e-05,0.0,train
JVASP-42122,jarvis,PmF3,Pm2F6,8,5.611,0.00772,-0.0009,train
JVASP-40634,jarvis,NaSi2BH2O7,Na2Si4B2H4O14,26,4.18,0.03658,-0.0004,train
JVASP-40636,jarvis,Si2O5,Si8O20,28,3.228,0.84844,-0.0122,train
JVASP-40651,jarvis,NaCoO2,Na2Co2O4,8,0.837,0.003,-0.0001,train
JVASP-40681,jarvis,LiMnPO4,Li4Mn4P4O16,28,2.522,0.02304,-0.0002,train
JVASP-40683,jarvis,LiMnPO4,Li3Mn3P3O12,21,2.186,0.00135,-0.0,train
JVASP-40696,jarvis,LiMnPO4,Li4Mn4P4O16,28,2.168,0.15808,-0.0022,train
JVASP-4071,jarvis,GaCuI4,Ga2Cu2I8,12,1.517,2e-05,-0.0,train
JVASP-42957,jarvis,VRhO4,V4Rh4O16,24,0.194,2e-05,-0.0,train
JVASP-4298,jarvis,SN,S4N4,8,2.721,2e-05,-0.0,train
JVASP-4304,jarvis,Rb2Te,Rb8Te4,12,1.61,0.02524,-0.001,train
JVASP-43079,jarvis,LiCuS,Li2Cu2S2,6,0.967,0.03514,-0.0039,train
JVASP-4331,jarvis,Na3As,Na6As2,8,0.228,2e-05,0.0,train
JVASP-43368,jarvis,AgClO3,Ag4Cl4O12,20,2.89,0.02928,0.0014,train
JVASP-43384,jarvis,MgO,Mg12O12,24,3.835,2e-05,0.0,train
JVASP-43392,jarvis,ZrO2,Zr2O4,6,3.598,0.01134,-0.0012,train
JVASP-43427,jarvis,K2O,K4O2,6,2.106,1e-05,0.0,train
JVASP-4346,jarvis,P4S3,P16S12,28,2.305,4e-05,-0.0,train
JVASP-43520,jarvis,CrO3,Cr2O6,8,1.589,2e-05,-0.0,train
JVASP-4358,jarvis,GaSe,Ga4Se4,8,0.678,2e-05,0.0,train
JVASP-43585,jarvis,Na4MnO4,Na8Mn2O8,18,0.303,0.07522,-0.0016,train
JVASP-43598,jarvis,LiMnF3,Li4Mn4F12,20,2.3,0.00348,-0.0002,train
JVASP-4361,jarvis,As2O3,As8O12,20,3.406,2e-05,-0.0,train
JVASP-43637,jarvis,Na2O,Na6O3,9,2.028,1e-05,-0.0,train
JVASP-4216,jarvis,SiAs,Si12As12,24,0.981,2e-05,-0.0,train
JVASP-42181,jarvis,Na3VO4,Na6V2O8,16,3.883,0.06605,0.002,train
JVASP-4219,jarvis,AlI3,Al4I12,16,3.017,4e-05,-0.0,train
JVASP-42228,jarvis,LiCu2PO4,Li2Cu4P2O8,16,0.965,0.84582,0.023,train
JVASP-42243,jarvis,Li2VP2HO8,Li4V2P4H2O16,28,0.014,0.27325,-0.0044,train
JVASP-42298,jarvis,Li6Fe(OF)3,Li18Fe3O9F9,39,1.035,0.00822,0.0001,train
JVASP-42301,jarvis,LiMnPH2O5,Li2Mn2P2H4O10,20,1.913,0.01902,0.0005,train
JVASP-42470,jarvis,CrCuO2,Cr3Cu3O6,12,1.036,0.00084,0.0001,train
JVASP-4249,jarvis,GaI3,Ga4I12,16,1.971,0.01796,0.0001,train
JVASP-42495,jarvis,Na2FeO2,Na8Fe4O8,20,0.088,4e-05,0.0,train
JVASP-42559,jarvis,Na4CrO3,Na16Cr4O12,32,0.411,0.77762,-0.0081,train
JVASP-4258,jarvis,MoBr3,Mo4Br12,16,0.578,3e-05,0.0,train
JVASP-42597,jarvis,LiVF4,Li1V1F4,6,1.21,0.00053,0.0001,train
JVASP-42605,jarvis,Li4CoO3F,Li16Co4O12F4,36,0.739,0.08784,0.0012,train
JVASP-42656,jarvis,Yb4Br6O,Yb8Br12O2,22,4.69,0.00763,-0.0003,train
JVASP-42689,jarvis,LiMnPH2O5,Li2Mn2P2H4O10,20,1.908,0.09364,0.0013,train
JVASP-4282,jarvis,CrBr3,Cr6Br18,24,1.299,3e-05,0.0,train
JVASP-42941,jarvis,TiSnO4,Ti2Sn2O8,12,2.269,0.09252,-0.0054,train
JVASP-42945,jarvis,CrCuO2,Cr3Cu3O6,12,1.036,0.00087,0.0001,train
JVASP-42709,jarvis,VOF3,V4O4F12,20,2.658,0.01655,-0.0003,train
JVASP-4273,jarvis,AsCl3,As4Cl12,16,3.692,0.0,0.0,train
JVASP-42738,jarvis,Li4Mn3Fe(BO3)4,Li4Mn3Fe1B4O12,24,0.033,0.00396,-0.0001,train
JVASP-43820,jarvis,Li2CrP2O7,Li4Cr2P4O14,24,0.796,0.05584,-0.001,train
JVASP-43910,jarvis,Li2MnF4,Li8Mn4F16,28,2.42,0.00765,-0.0002,train
JVASP-43915,jarvis,Sm2TeO6,Sm6Te3O18,27,2.936,0.00536,-0.0001,train
JVASP-43916,jarvis,Li2VF4,Li8V4F16,28,1.648,0.01433,0.0003,train
JVASP-43920,jarvis,BaYF5,Ba1Y1F5,7,6.696,0.00011,-0.0,train
JVASP-43925,jarvis,Ge2N2O,Ge8N8O4,20,2.533,0.00808,-0.0003,train
JVASP-43938,jarvis,Li2VF4,Li8V4F16,28,1.511,0.04066,-0.0005,train
JVASP-42332,jarvis,Li2MnP2HO8,Li4Mn2P4H2O16,28,0.821,0.06841,-0.0008,train
JVASP-42337,jarvis,VOF3,V2O2F6,10,2.861,1e-05,0.0,train
JVASP-42378,jarvis,Na2SnO2,Na8Sn4O8,20,2.465,0.02336,0.0007,train
JVASP-42396,jarvis,V4O3F5,V8O6F10,24,0.1,2e-05,-0.0,train
JVASP-42411,jarvis,Ti3MnO8,Ti6Mn2O16,24,1.637,0.04072,-0.0011,train
JVASP-42416,jarvis,Na4WO4,Na8W2O8,18,2.285,0.0909,-0.0018,train
JVASP-43093,jarvis,LiSb(TeO4)3,Li1Sb1Te3O12,17,1.331,0.01274,-0.0004,train
JVASP-43094,jarvis,Ti3TeO8,Ti3Te1O8,12,3.189,2e-05,0.0,train
JVASP-43125,jarvis,Cr3Sb(PO4)4,Cr3Sb1P4O16,24,0.944,0.519,-0.0023,train
JVASP-4313,jarvis,PS,P16S16,32,1.929,4e-05,0.0,train
JVASP-43142,jarvis,LiV3O8,Li2V6O16,24,1.418,0.13648,0.0017,train
JVASP-43170,jarvis,NaMnO2,Na2Mn2O4,8,0.901,0.00418,0.0003,train
JVASP-43226,jarvis,TiMnO4,Ti2Mn2O8,12,0.488,0.6549,-0.0365,train
JVASP-43293,jarvis,Li5Ti6FeO16,Li5Ti6Fe1O16,28,1.116,0.2536,0.0031,train
JVASP-43301,jarvis,LiMnO2,Li4Mn4O8,16,0.274,4e-05,-0.0,train
JVASP-44636,jarvis,TiMn3O8,Ti2Mn6O16,24,0.857,0.3642,-0.0099,train
JVASP-44705,jarvis,Mn(SbO3)4,Mn1Sb4O12,17,1.242,0.13719,-0.0064,train
JVASP-4471,jarvis,KPF6,K3P3F18,24,7.555,0.00615,0.0001,train
JVASP-4489,jarvis,CdPS3,Cd4P4S12,20,1.761,4e-05,0.0,train
JVASP-44993,jarvis,Li2HfO3,Li4Hf2O6,12,4.311,0.21192,-0.0088,train
JVASP-44228,jarvis,ZrMnO3,Zr6Mn6O18,30,1.465,0.01385,-0.0,train
JVASP-4426,jarvis,CaSiO3,Ca2Si2O6,10,4.123,0.0014,-0.0001,train
JVASP-44329,jarvis,Li8FeO5F,Li8Fe1O5F1,15,0.644,0.00029,-0.0,train
JVASP-4438,jarvis,CrSiTe3,Cr6Si6Te18,30,0.553,6e-05,-0.0,train
JVASP-4507,jarvis,KNO3,K3N3O9,15,3.02,3e-05,0.0,train
JVASP-4510,jarvis,ScPS4,Sc2P2S8,12,1.737,1e-05,-0.0,train
JVASP-4513,jarvis,GaAg(PSe3)2,Ga2Ag2P4Se12,20,0.362,4e-05,0.0,train
JVASP-4516,jarvis,SiO2,Si4O8,12,5.739,0.00732,0.0,train
JVASP-45246,jarvis,Na3Sr3GaP4,Na6Sr6Ga2P8,22,0.673,0.31975,-0.0104,train
JVASP-45285,jarvis,Ba3Ti3(BO6)2,Ba3Ti3B2O12,20,2.172,0.3597,-0.0104,train
JVASP-44489,jarvis,Al2CO,Al8C4O4,16,2.969,0.00266,-0.0001,train
JVASP-44555,jarvis,KSiPCO7,K2Si2P2C2O14,22,5.992,0.01975,-0.0005,train
JVASP-44556,jarvis,KTiPCO7,K2Ti2P2C2O14,22,2.849,0.2073,-0.0049,train
JVASP-44564,jarvis,LiTlPHO3,Li4Tl4P4H4O12,28,4.206,0.19108,-0.0019,train
JVASP-44620,jarvis,LiY3WO8,Li1Y3W1O8,13,2.915,2e-05,0.0,train
JVASP-43968,jarvis,LiVF3,Li4V4F12,20,1.425,0.00276,-0.0001,train
JVASP-43975,jarvis,LiNiBO3,Li3Ni3B3O9,18,0.443,0.03226,0.0002,train
JVASP-43984,jarvis,Li2AlFeO4,Li4Al2Fe2O8,16,1.419,0.36253,-0.0076,train
JVASP-44000,jarvis,LiMnF3,Li2Mn2F6,10,2.392,0.00151,-0.0001,train
JVASP-44065,jarvis,VBO4,V2B2O8,12,2.754,2e-05,-0.0,train
JVASP-4364,jarvis,As2O3,As8O12,20,3.818,2e-05,-0.0,train
JVASP-43671,jarvis,Li2TiNiO4,Li2Ti1Ni1O4,8,0.697,0.0014,-0.0,train
JVASP-43776,jarvis,Ge2N2O,Ge8N8O4,20,2.363,0.01376,-0.0005,train
JVASP-43799,jarvis,LiVF3,Li4V4F12,20,1.386,0.00678,-0.0003,train
JVASP-43807,jarvis,Na7NbO6,Na7Nb1O6,14,3.017,0.00096,-0.0,train
JVASP-45375,jarvis,C3N4,C12N16,28,4.038,0.00199,-0.0,train
JVASP-45394,jarvis,B4PbO7,B8Pb2O14,24,4.363,0.00128,-0.0,train
JVASP-45407,jarvis,K3Ta3(BO6)2,K3Ta3B2O12,20,2.755,0.11213,-0.0027,train
JVASP-4543,jarvis,Rb3YF6,Rb6Y2F12,20,5.126,0.0119,-0.0001,train
JVASP-4564,jarvis,AlPO4,Al2P2O8,12,5.891,0.0,-0.0,train
JVASP-4567,jarvis,YAlO3,Y2Al2O6,10,3.978,0.00092,-0.0001,train
JVASP-45292,jarvis,HgB4O7,Hg2B8O14,24,1.827,0.01006,-0.0002,train
JVASP-45298,jarvis,NaS2,Na16S32,48,1.984,0.01816,0.0001,train
JVASP-4531,jarvis,P4S5,P8S10,18,2.227,2e-05,0.0,train
JVASP-45315,jarvis,NaSm3SiS7,Na2Sm6Si2S14,24,2.074,0.00576,0.0001,train
JVASP-45318,jarvis,Na6ZnS4,Na12Zn2S8,22,2.237,0.01464,-0.0006,train
JVASP-45320,jarvis,LiInP2O7,Li2In2P4O14,22,4.284,0.02512,-0.0008,train
JVASP-45327,jarvis,Li2SnTeO6,Li4Sn2Te2O12,20,2.221,0.00616,-0.0001,train
JVASP-45367,jarvis,Al6Cd4SO12,Al12Cd8S2O24,46,2.82,0.00434,-0.0001,train
JVASP-46796,jarvis,Li3CrPCO7,Li6Cr2P2C2O14,26,1.259,0.22307,-0.0032,train
JVASP-46813,jarvis,VOF,V4O4F4,12,0.203,4e-05,-0.0,train
JVASP-46820,jarvis,Li5SbS,Li5Sb1S1,7,0.929,0.02602,-0.0017,train
JVASP-46866,jarvis,LiMn5O3F5,Li3Mn15O9F15,42,0.323,0.14817,-0.0023,train
JVASP-4696,jarvis,SrLiP,Sr1Li1P1,3,0.899,1e-05,-0.0,train
JVASP-46993,jarvis,Na2NiO2,Na4Ni2O4,10,0.679,0.0034,0.0002,train
JVASP-47085,jarvis,LiFe(SiO3)2,Li2Fe2Si4O12,20,1.356,4e-05,0.0,train
JVASP-47091,jarvis,LiMnPO4,Li2Mn2P2O8,14,2.203,0.00346,0.0001,train
JVASP-47105,jarvis,LiMnPO4,Li2Mn2P2O8,14,2.484,0.01592,0.0001,train
JVASP-47122,jarvis,LiCoO2,Li2Co2O4,8,1.007,0.00092,-0.0001,train
JVASP-47125,jarvis,Li2FeSiO4,Li4Fe2Si2O8,16,0.232,2e-05,0.0,train
JVASP-45961,jarvis,LiSiPCO7,Li2Si2P2C2O14,22,6.132,0.02112,0.0003,train
JVASP-45963,jarvis,LiGePCO7,Li2Ge2P2C2O14,22,3.905,0.15839,-0.0028,train
JVASP-45968,jarvis,TmTaO4,Tm4Ta4O16,24,3.635,4e-05,0.0,train
JVASP-4597,jarvis,K2HfF6,K2Hf1F6,9,7.248,3e-05,-0.0,train
JVASP-45986,jarvis,YBiO3,Y6Bi6O18,30,3.169,6e-05,0.0,train
JVASP-45991,jarvis,SmTaO4,Sm4Ta4O16,24,3.545,4e-05,0.0,train
JVASP-45992,jarvis,YHO2,Y4H4O8,16,4.361,0.021,-0.0008,train
JVASP-45994,jarvis,BaY2F8,Ba2Y4F16,22,7.307,0.00112,-0.0,train
JVASP-46001,jarvis,Li3SbS4,Li12Sb4S16,32,1.473,0.04296,0.0002,train
JVASP-46189,jarvis,Li2FeBO4,Li8Fe4B4O16,32,0.994,0.15126,-0.0017,train
JVASP-46248,jarvis,Li2AlVO4,Li4Al2V2O8,16,0.665,0.29594,-0.0063,train
JVASP-46250,jarvis,Li2CrO4,Li4Cr2O8,14,2.823,0.10906,0.0039,train
JVASP-4627,jarvis,TlTe3Pt2,Tl2Te6Pt4,12,0.081,3e-05,-0.0,train
JVASP-46283,jarvis,Li2CrO4,Li4Cr2O8,14,2.677,0.0037,0.0002,train
JVASP-4636,jarvis,Mg(AlSe2)2,Mg3Al6Se12,21,1.223,0.0,0.0,train
JVASP-4639,jarvis,AgCN,Ag3C3N3,9,3.333,0.01686,-0.0006,train
JVASP-46005,jarvis,Sr2HfO4,Sr4Hf2O8,14,3.771,0.01322,-0.0007,train
JVASP-46022,jarvis,Lu3AlO6,Lu12Al4O24,40,4.54,0.0132,-0.0001,train
JVASP-46044,jarvis,KNdO2,K2Nd2O4,8,3.797,0.0015,0.0,train
JVASP-46084,jarvis,Dy2SeO2,Dy4Se2O4,10,2.222,0.58224,-0.0389,train
JVASP-46090,jarvis,Dy2SeO2,Dy2Se1O2,5,2.192,0.0041,-0.0006,train
JVASP-46403,jarvis,LiSbTe2WO12,Li1Sb1Te2W1O12,17,2.022,0.01068,-0.0003,train
JVASP-46477,jarvis,Li2VBO4,Li4V2B2O8,16,0.595,0.31958,-0.0067,train
JVASP-46527,jarvis,Ba3Ti2O7,Ba6Ti4O14,24,2.238,0.63294,-0.0092,train
JVASP-46536,jarvis,Li2CrO3,Li8Cr4O12,24,0.392,4e-05,0.0,train
JVASP-4657,jarvis,GaS,Ga6S6,12,1.346,3e-05,0.0,train
JVASP-4666,jarvis,GaTe,Ga4Te4,8,0.163,0.0,0.0,train
JVASP-46672,jarvis,Mn4OF6,Mn8O2F12,22,1.429,0.16984,-0.0051,train
JVASP-47196,jarvis,VF4,V2F8,10,0.742,0.01912,0.0006,train
JVASP-47210,jarvis,BaCaI4,Ba1Ca1I4,6,3.352,0.01735,-0.0016,train
JVASP-4723,jarvis,GeO2,Ge4O8,12,1.675,0.00824,-0.0005,train
JVASP-47237,jarvis,LiMnPO4,Li4Mn4P4O16,28,2.087,0.043,-0.0015,train
JVASP-47250,jarvis,LiFePO4,Li4Fe4P4O16,28,0.695,0.03768,-0.0013,train
JVASP-47262,jarvis,VF5,V2F10,12,3.106,0.00273,-0.0001,train
JVASP-47283,jarvis,TaCrO4,Ta4Cr4O16,24,1.007,0.00286,-0.0001,train
JVASP-47301,jarvis,LiVF6,Li2V2F12,16,2.81,0.00624,0.0003,train
JVASP-47303,jarvis,Li2MnF6,Li4Mn2F12,18,2.221,0.03491,-0.0006,train
JVASP-4570,jarvis,BN,B2N2,4,3.645,1e-05,-0.0,train
JVASP-45784,jarvis,Li3VF6,Li6V2F12,20,0.093,0.07314,-0.0008,train
JVASP-45788,jarvis,LiV(PO4)2,Li2V2P4O16,24,0.964,0.08178,-0.0012,train
JVASP-45835,jarvis,LiVSiO4,Li4V4Si4O16,28,1.094,0.86132,-0.0307,train
JVASP-45841,jarvis,Li2V(CO3)2,Li4V2C4O12,22,1.047,0.00762,0.0001,train
JVASP-45849,jarvis,LiCoPO4,Li4Co4P4O16,28,0.814,0.00624,0.0001,train
JVASP-47331,jarvis,Li3VF8,Li6V2F16,24,1.101,2e-05,0.0,train
JVASP-47337,jarvis,Li2Fe2SiO6,Li4Fe4Si2O12,22,0.329,4e-05,-0.0,train
JVASP-47371,jarvis,Li4FeSi2O7,Li8Fe2Si4O14,28,0.303,0.01712,-0.0003,train
JVASP-47387,jarvis,Li2MnO2F,Li4Mn2O4F2,12,0.034,2e-05,-0.0,train
JVASP-47453,jarvis,Li4FeO3,Li8Fe2O6,16,0.651,0.03714,0.0017,train
JVASP-47709,jarvis,BaCO3,Ba2C2O6,10,4.482,1e-05,-0.0,train
JVASP-47722,jarvis,Li3V2O6,Li3V2O6,11,0.285,2e-05,0.0,train
JVASP-47766,jarvis,LiCrSiO4,Li4Cr4Si4O16,28,1.072,0.01338,-0.0003,train
JVASP-47811,jarvis,LiFeSiO4,Li3Fe3Si3O12,21,0.924,0.00453,-0.0002,train
JVASP-47823,jarvis,LiFeSiO4,Li3Fe3Si3O12,21,1.193,0.00381,-0.0001,train
JVASP-4843,jarvis,BN,B3N3,6,4.366,0.00201,-0.0001,train
JVASP-48445,jarvis,MnOF,Mn4O4F4,12,0.037,0.78806,-0.0432,train
JVASP-4849,jarvis,AlN,Al2N2,4,3.688,0.0,0.0,train
JVASP-48544,jarvis,Li2VF4,Li4V2F8,14,1.493,0.00308,0.0001,train
JVASP-48548,jarvis,Li3VO3F2,Li3V1O3F2,9,2.488,0.00174,-0.0,train
JVASP-4855,jarvis,ErAg(PSe3)2,Er2Ag2P4Se12,20,1.651,4e-05,0.0,train
JVASP-48573,jarvis,VO2F,V4O8F4,16,1.357,0.37206,-0.0079,train
JVASP-48577,jarvis,VOF3,V4O4F12,20,2.05,4e-05,-0.0,train
JVASP-47515,jarvis,Li4MnSi2O7,Li8Mn2Si4O14,28,2.039,0.01342,-0.0002,train
JVASP-47535,jarvis,Rb2CoO3,Rb8Co4O12,24,0.013,8e-05,0.0,train
JVASP-47558,jarvis,Li5V(SiO4)2,Li10V2Si4O16,32,0.855,0.0085,0.0002,train
JVASP-47677,jarvis,LiCoPO4,Li2Co2P2O8,14,0.824,0.00342,-0.0001,train
JVASP-47996,jarvis,Li2MnF4,Li4Mn2F8,14,2.731,2e-05,0.0,train
JVASP-48024,jarvis,LiMnF3,Li4Mn4F12,20,2.229,0.00646,-0.0003,train
JVASP-46694,jarvis,Li3Mn5OF11,Li3Mn5O1F11,20,1.731,0.44366,-0.0072,train
JVASP-46695,jarvis,VOF3,V4O4F12,20,2.772,0.14686,-0.0048,train
JVASP-46735,jarvis,LiFeSiO4,Li4Fe4Si4O16,28,1.133,0.03242,0.0003,train
JVASP-46739,jarvis,LiFe2(PO4)2,Li1Fe2P2O8,13,0.083,1e-05,0.0,train
JVASP-46743,jarvis,Li3MnSi2O7,Li3Mn1Si2O7,13,1.284,0.00035,-0.0,train
JVASP-46747,jarvis,Li2MnSi3O8,Li2Mn1Si3O8,14,1.288,0.00302,-0.0001,train
JVASP-46772,jarvis,Li3VPCO7,Li6V2P2C2O14,26,1.223,0.57223,-0.0114,train
JVASP-46775,jarvis,Li2Si2NiO6,Li4Si4Ni2O12,22,0.219,0.77935,-0.0186,train
JVASP-46789,jarvis,Li2Si3NiO8,Li4Si6Ni2O16,28,0.422,0.00848,-0.0,train
JVASP-4825,jarvis,NaMgF3,Na4Mg4F12,20,7.152,0.00536,0.0002,train
JVASP-48267,jarvis,Li5(CoO3)2,Li5Co2O6,13,0.341,1e-05,0.0,train
JVASP-48276,jarvis,LiMn(PO3)3,Li3Mn3P9O27,42,2.641,0.00889,0.0001,train
JVASP-4828,jarvis,AlPO4,Al4P4O16,24,5.438,0.0248,-0.0004,train
JVASP-4840,jarvis,Ca3N2,Ca3N2,5,1.982,0.00288,-0.0004,train
JVASP-50051,jarvis,NaHoO2,Na4Ho4O8,16,4.479,0.07752,-0.0036,train
JVASP-50053,jarvis,NaLiO,Na2Li2O2,6,3.39,0.00126,-0.0001,train
JVASP-50060,jarvis,DyTlO2,Dy3Tl3O6,12,1.633,0.03981,0.0013,train
JVASP-50070,jarvis,ScTlO2,Sc3Tl3O6,12,1.118,0.02127,0.0002,train
JVASP-50080,jarvis,DyHO2,Dy4H4O8,16,4.215,0.00346,-0.0001,train
JVASP-50083,jarvis,LiBiB2O5,Li2Bi2B4O10,18,3.714,4e-05,-0.0,train
JVASP-48112,jarvis,LiMn2(BO3)2,Li1Mn2B2O6,11,0.199,2e-05,0.0,train
JVASP-48125,jarvis,LiV3O8,Li2V6O16,24,1.099,0.0066,-0.0001,train
JVASP-48128,jarvis,Li2MnF4,Li2Mn1F4,7,2.96,0.00165,0.0,train
JVASP-48137,jarvis,LiMnF3,Li4Mn4F12,20,2.363,0.042,-0.001,train
JVASP-49361,jarvis,K6CdTe4,K12Cd2Te8,22,1.517,0.68504,-0.0209,train
JVASP-49368,jarvis,Y3CuSnS7,Y6Cu2Sn2S14,24,1.485,0.16922,-0.005,train
JVASP-49375,jarvis,Nd3SiAgSe7,Nd6Si2Ag2Se14,24,1.507,0.01754,-0.0004,train
JVASP-49391,jarvis,Rb3SbSe3,Rb12Sb4Se12,28,2.249,0.01408,0.0005,train
JVASP-4957,jarvis,TiPbO3,Ti1Pb1O3,5,1.67,0.00168,-0.0003,train
JVASP-49730,jarvis,Ca2CoSi2O7,Ca4Co2Si4O14,24,0.94,0.01264,0.0001,train
JVASP-49752,jarvis,SrO,Sr2O2,4,3.078,0.00136,0.0001,train
JVASP-48579,jarvis,VOF3,V4O4F12,20,2.962,0.7336,-0.0242,train
JVASP-4858,jarvis,TmAg(PSe3)2,Tm2Ag2P4Se12,20,1.667,2e-05,-0.0,train
JVASP-48583,jarvis,VO2F,V1O2F1,4,2.526,0.01033,-0.0011,train
JVASP-48586,jarvis,Mn2OF2,Mn8O4F8,20,0.639,0.16872,-0.0028,train
JVASP-48609,jarvis,FePO4,Fe2P2O8,12,1.302,0.04896,-0.0014,train
JVASP-48660,jarvis,LiY3WO8,Li2Y6W2O16,26,2.317,2e-05,0.0,train
JVASP-49768,jarvis,NaTmO2,Na4Tm4O8,16,4.624,0.02476,-0.0012,train
JVASP-49782,jarvis,Ba2HfO4,Ba4Hf2O8,14,3.476,0.01442,-0.0009,train
JVASP-49784,jarvis,NaSbO2,Na4Sb4O8,16,1.41,0.01432,0.0003,train
JVASP-49791,jarvis,ScTlO2,Sc4Tl4O8,16,1.162,0.03546,-0.001,train
JVASP-49795,jarvis,Al2O3,Al8O12,20,4.396,4e-05,-0.0,train
JVASP-49796,jarvis,ZrO2,Zr4O8,12,3.914,0.01032,0.0005,train
JVASP-49798,jarvis,Li2CuPO4,Li4Cu2P2O8,16,1.577,0.03091,0.001,train
JVASP-49814,jarvis,Li2AgF3,Li2Ag1F3,6,2.106,0.00518,0.0002,train
JVASP-49819,jarvis,Tm2SeO2,Tm4Se2O4,10,2.125,0.04204,-0.0028,train
JVASP-49936,jarvis,NaTmO2,Na3Tm3O6,12,4.534,0.00171,0.0,train
JVASP-49938,jarvis,Tm2TeO2,Tm2Te1O2,5,0.561,0.01459,-0.0023,train
JVASP-49940,jarvis,Er2TeO2,Er2Te1O2,5,0.643,0.01316,-0.0021,train
JVASP-49952,jarvis,BaSrI4,Ba3Sr3I12,18,3.318,0.02148,-0.0008,train
JVASP-49962,jarvis,KHoO2,K3Ho3O6,12,4.06,0.00861,0.0004,train
JVASP-49974,jarvis,SmTlO2,Sm3Tl3O6,12,1.85,0.03705,0.0011,train
JVASP-49166,jarvis,SnB4O7,Sn2B8O14,24,3.754,0.00295,-0.0,train
JVASP-49173,jarvis,Li2TeO4,Li8Te4O16,28,2.373,0.03761,0.0008,train
JVASP-4918,jarvis,K3VO4,K6V2O8,16,3.647,2e-05,0.0,train
JVASP-49182,jarvis,Sr4Al6SO16,Sr8Al12S2O32,54,4.579,0.05476,0.0008,train
JVASP-49192,jarvis,Pr2Be2GeO7,Pr4Be4Ge2O14,24,4.382,0.01378,0.0004,train
JVASP-49193,jarvis,Sm2Be2GeO7,Sm4Be4Ge2O14,24,4.564,0.00208,0.0,train
JVASP-49194,jarvis,Er2Be2GeO7,Er4Be4Ge2O14,24,4.587,0.13074,0.0052,train
JVASP-49205,jarvis,ZnP4,Zn4P16,20,0.987,0.04186,-0.0008,train
JVASP-49210,jarvis,Na6MnTe4,Na12Mn2Te8,22,1.451,0.23916,-0.007,train
JVASP-49214,jarvis,Zn4B6SeO12,Zn8B12Se2O24,46,4.562,0.002,-0.0,train
JVASP-49227,jarvis,K3Nb3(BO6)2,K3Nb3B2O12,20,1.984,0.20761,-0.005,train
JVASP-49330,jarvis,Pr3SiAgSe7,Pr6Si2Ag2Se14,24,1.503,0.01626,-0.0002,train
JVASP-49337,jarvis,Ho3CuSiS7,Ho6Cu2Si2S14,24,1.918,0.02642,-0.001,train
JVASP-49344,jarvis,K3SbSe3,K12Sb4Se12,28,2.244,0.07804,-0.0028,train
JVASP-49820,jarvis,HfZrO4,Hf2Zr2O8,12,3.636,0.00814,-0.0004,train
JVASP-49833,jarvis,SrCa2I6,Sr1Ca2I6,9,3.667,0.00203,0.0001,train
JVASP-49838,jarvis,Li2CeO3,Li4Ce2O6,12,2.571,0.0153,0.0011,train
JVASP-49840,jarvis,LiLuO2,Li3Lu3O6,12,4.89,0.00147,0.0001,train
JVASP-49842,jarvis,TmTlO2,Tm3Tl3O6,12,1.443,0.04569,0.0017,train
JVASP-49848,jarvis,HoTlO2,Ho3Tl3O6,12,1.574,0.04062,0.0014,train
JVASP-49861,jarvis,LiLuO2,Li4Lu4O8,16,4.959,0.16076,0.0082,train
JVASP-49898,jarvis,Sr2CaI6,Sr2Ca1I6,9,3.62,0.00074,0.0,train
JVASP-49907,jarvis,CaBe3O4,Ca2Be6O8,16,4.062,0.00129,-0.0001,train
JVASP-49934,jarvis,ErTlO2,Er3Tl3O6,12,1.508,0.04155,0.0015,train
JVASP-49993,jarvis,LuTlO2,Lu3Tl3O6,12,1.676,0.04035,0.0009,train
JVASP-5,jarvis,TiO2,Ti2O4,6,1.769,0.00432,-0.0006,train
JVASP-50006,jarvis,RbTaO3,Rb3Ta3O9,15,2.391,3e-05,0.0,train
JVASP-50021,jarvis,CaPbI4,Ca2Pb2I8,12,2.663,0.23906,0.0059,train
JVASP-50029,jarvis,Na2O,Na4O2,6,1.212,0.0063,-0.0009,train
JVASP-50046,jarvis,SmTlO2,Sm2Tl2O4,8,1.878,0.00354,-0.0001,train
JVASP-48918,jarvis,Li4V2OF7,Li8V4O2F14,28,0.277,0.85402,-0.0102,train
JVASP-48921,jarvis,Li6FeO5F,Li6Fe1O5F1,13,0.879,0.00057,0.0,train
JVASP-48933,jarvis,WOF4,W2O2F8,12,4.343,4e-05,0.0,train
JVASP-4912,jarvis,K2Se5,K8Se20,28,0.725,4e-05,0.0,train
JVASP-49137,jarvis,Li2MnSiO4,Li4Mn2Si2O8,16,1.892,4e-05,0.0,train
JVASP-49154,jarvis,Ba3NbGa3(SiO7)2,Ba3Nb1Ga3Si2O14,23,3.377,0.00534,-0.0001,train
JVASP-48182,jarvis,LiV(PO3)3,Li3V3P9O27,42,1.128,0.01704,0.0002,train
JVASP-48198,jarvis,Li4MnSb2WO12,Li4Mn1Sb2W1O12,20,1.004,0.00738,-0.0002,train
JVASP-48213,jarvis,LiP2WO7,Li2P4W2O14,22,1.233,0.01785,0.0004,train
JVASP-48224,jarvis,LiFe(CO3)2,Li2Fe2C4O12,20,0.69,0.17942,-0.0041,train
JVASP-48228,jarvis,LiCoSiO4,Li4Co4Si4O16,28,0.821,0.00152,0.0,train
JVASP-48236,jarvis,Li2Fe(SiO3)2,Li4Fe2Si4O12,22,0.28,0.55487,-0.0101,train
JVASP-50102,jarvis,ScHO2,Sc2H2O4,8,3.708,0.00085,0.0001,train
JVASP-50104,jarvis,DyClO,Dy2Cl2O2,6,5.143,0.00316,-0.0003,train
JVASP-50107,jarvis,Tb2SeO2,Tb2Se1O2,5,2.347,0.01097,-0.0016,train
JVASP-50139,jarvis,Na2O,Na8O4,12,2.208,0.0058,-0.0002,train
JVASP-50160,jarvis,Rb2O,Rb4O2,6,1.554,0.0012,0.0002,train
JVASP-50167,jarvis,CdBiO3,Cd6Bi6O18,30,0.767,6e-05,0.0,train
JVASP-50168,jarvis,KRbO,K2Rb2O2,6,1.794,0.00188,-0.0002,train
JVASP-48662,jarvis,Li2MnF6,Li2Mn1F6,9,2.057,0.00361,0.0004,train
JVASP-48721,jarvis,Li2CoSiO4,Li4Co2Si2O8,16,0.406,4e-05,0.0,train
JVASP-4885,jarvis,Rb2S5,Rb8S20,28,1.679,0.10358,-0.0012,train
JVASP-4891,jarvis,K2S5,K8S20,28,1.641,0.10166,-0.0025,train
JVASP-50191,jarvis,Na6BeO4,Na12Be2O8,22,2.288,0.00392,0.0001,train
JVASP-50197,jarvis,GaBiO3,Ga6Bi6O18,30,3.181,6e-05,-0.0,train
JVASP-50214,jarvis,Y2SeO2,Y4Se2O4,10,2.329,0.5834,-0.0389,train
JVASP-50229,jarvis,LiCuO,Li4Cu4O4,12,1.09,0.0318,-0.0005,train
JVASP-50250,jarvis,LiSbO2,Li4Sb4O8,16,2.259,0.0012,-0.0,train
JVASP-50255,jarvis,HoHO2,Ho2H2O4,8,4.257,0.00116,-0.0001,train
JVASP-50529,jarvis,NbRhO4,Nb4Rh4O16,24,0.854,4e-05,-0.0,train
JVASP-50608,jarvis,Mg2TiO4,Mg8Ti4O16,28,3.37,0.0092,-0.0002,train
JVASP-50610,jarvis,LiSiBiO4,Li4Si4Bi4O16,28,3.651,0.00976,0.0002,train
JVASP-50613,jarvis,BaCaI4,Ba3Ca3I12,18,2.999,0.03048,-0.0012,train
JVASP-50615,jarvis,BaCa2I6,Ba1Ca2I6,9,3.762,0.00885,-0.0004,train
JVASP-50620,jarvis,LiCoS2,Li3Co3S6,12,0.579,0.01446,-0.0008,train
JVASP-50674,jarvis,LiCu2PO4,Li2Cu4P2O8,16,0.687,0.00618,-0.0002,train
JVASP-50684,jarvis,LiCu2PO4,Li2Cu4P2O8,16,0.961,0.1047,0.0019,train
JVASP-51010,jarvis,Ca(HO)2,Ca2H4O4,10,4.464,2e-05,0.0,train
JVASP-51016,jarvis,BaH4O3,Ba2H8O6,16,4.445,0.01317,-0.0003,train
JVASP-51020,jarvis,SrH4O3,Sr2H8O6,16,4.545,0.00247,0.0001,train
JVASP-51026,jarvis,KHO,K4H4O4,12,4.144,0.0256,-0.0007,train
JVASP-51035,jarvis,Ca(HO)2,Ca1H2O2,5,4.464,1e-05,-0.0,train
JVASP-50294,jarvis,LiBiB2O5,Li2Bi2B4O10,18,3.552,0.00533,0.0001,train
JVASP-50307,jarvis,NaDyO2,Na4Dy4O8,16,4.415,0.07376,-0.0033,train
JVASP-50345,jarvis,BaMgO2,Ba3Mg3O6,12,3.392,2e-05,-0.0,train
JVASP-50346,jarvis,Zr2N2O,Zr8N8O4,20,2.042,0.006,-0.0002,train
JVASP-50351,jarvis,Na3AsO4,Na6As2O8,16,3.435,0.03027,0.0005,train
JVASP-50365,jarvis,BaNa4O3,Ba4Na16O12,32,1.805,0.04982,-0.0011,train
JVASP-50374,jarvis,Li2TiTeO6,Li4Ti2Te2O12,20,2.34,0.006,-0.0003,train
JVASP-50389,jarvis,Rb2ZrO3,Rb8Zr4O12,24,3.92,4e-05,-0.0,train
JVASP-50860,jarvis,Tm2SeO2,Tm2Se1O2,5,2.298,0.00557,-0.0008,train
JVASP-50866,jarvis,LiCoS2,Li2Co2S4,8,0.563,0.03972,-0.0033,train
JVASP-50873,jarvis,Li2H2SeO5,Li4H4Se2O10,20,4.046,0.02505,-0.0,train
JVASP-50884,jarvis,ScBiO3,Sc6Bi6O18,30,3.264,6e-05,-0.0,train
JVASP-50889,jarvis,NaSmO2,Na4Sm4O8,16,3.987,0.01924,-0.0009,train
JVASP-50893,jarvis,NaLuO2,Na4Lu4O8,16,4.698,0.00696,-0.0003,train
JVASP-50903,jarvis,Pb2O3,Pb4O6,10,0.23,1e-05,-0.0,train
JVASP-50918,jarvis,YHO2,Y2H2O4,8,5.082,2e-05,-0.0,train
JVASP-50936,jarvis,KNdO2,K3Nd3O6,12,3.702,0.01389,-0.0011,train
JVASP-50953,jarvis,Ba2SrI6,Ba2Sr1I6,9,3.572,0.00021,-0.0,train
JVASP-50964,jarvis,BaSr2I6,Ba1Sr2I6,9,3.872,0.00023,0.0,train
JVASP-50995,jarvis,NaHO,Na4H4O4,12,3.492,0.00624,-0.0003,train
JVASP-50996,jarvis,NbHO3,Nb4H4O12,20,2.334,0.15529,0.0047,train
JVASP-50997,jarvis,H3NO,H12N4O4,20,3.886,0.00112,0.0,train
JVASP-51007,jarvis,RbHO,Rb4H4O4,12,3.914,0.00128,0.0001,train
JVASP-51070,jarvis,BC2N,B1C2N1,4,2.05,0.00321,-0.0004,train
JVASP-51076,jarvis,InS,In4S4,8,1.016,0.005,0.0001,train
JVASP-51260,jarvis,TlBCl2,Tl4B4Cl8,16,0.799,0.001,0.0001,train
JVASP-51286,jarvis,LiBBr2,Li4B4Br8,16,0.7,0.05896,0.0037,train
JVASP-50438,jarvis,Li3SbS4,Li6Sb2S8,16,2.015,0.04427,0.0009,train
JVASP-50450,jarvis,ZrSeO,Zr4Se4O4,12,2.013,0.0,-0.0,train
JVASP-50456,jarvis,LiCuSi2O5,Li2Cu2Si4O10,18,2.279,0.04751,0.0008,train
JVASP-50463,jarvis,Li4CuSi2O7,Li8Cu2Si4O14,28,0.692,0.0248,-0.0005,train
JVASP-50476,jarvis,Ca2Ti6N2O11,Ca2Ti6N2O11,21,1.985,0.03093,-0.0007,train
JVASP-50487,jarvis,LiTeHO4,Li1Te1H1O4,7,1.544,0.00074,-0.0001,train
JVASP-50767,jarvis,Li4CuF7,Li16Cu4F28,48,0.808,0.00012,0.0,train
JVASP-50804,jarvis,LiAgF2,Li4Ag4F8,16,0.628,0.0038,0.0001,train
JVASP-50821,jarvis,Rb2SnO3,Rb8Sn4O12,24,2.386,4e-05,-0.0,train
JVASP-50837,jarvis,Bi4O3F7,Bi4O3F7,14,0.106,0.0039,0.0002,train
JVASP-50692,jarvis,LiAgF2,Li2Ag2F4,8,1.452,0.00275,-0.0002,train
JVASP-50712,jarvis,Li3Sb(PO4)2,Li3Sb1P2O8,14,3.156,0.00868,0.0003,train
JVASP-50720,jarvis,Li3CuF4,Li6Cu2F8,16,2.323,0.04516,0.001,train
JVASP-50738,jarvis,LiCuCO3,Li3Cu3C3O9,18,1.824,0.05978,0.002,train
JVASP-50766,jarvis,Na5SbO5,Na10Sb2O10,22,1.83,4e-05,-0.0,train
JVASP-51343,jarvis,HBr,H4Br4,8,4.665,2e-05,0.0,train
JVASP-51344,jarvis,NaHF2,Na1H1F2,4,7.103,0.00088,0.0002,train
JVASP-51352,jarvis,Ag3SI,Ag3S1I1,5,0.591,1e-05,0.0,train
JVASP-51358,jarvis,TlInS2,Tl1In1S2,4,0.273,0.04472,0.0047,train
JVASP-51363,jarvis,LiHF2,Li2H2F4,8,9.106,0.00082,-0.0001,train
JVASP-51364,jarvis,NaPH3NO3,Na2P2H6N2O6,18,5.476,0.01779,-0.0006,train
JVASP-51369,jarvis,InHO2,In2H2O4,8,2.077,0.0134,-0.0007,train
JVASP-51376,jarvis,BaLiH3,Ba1Li1H3,5,1.68,0.00755,-0.0015,train
JVASP-51392,jarvis,HCl,H4Cl4,8,2.585,0.60532,-0.0252,train
JVASP-51393,jarvis,HBr,H2Br2,4,1.13,0.30164,-0.0251,train
JVASP-51398,jarvis,NaN3,Na1N3,4,4.069,0.00032,-0.0001,train
JVASP-51410,jarvis,ScF3,Sc2F6,8,4.861,0.00234,0.0003,train
JVASP-51411,jarvis,H2O,H16O8,24,5.234,4e-05,-0.0,train
JVASP-51415,jarvis,YOF,Y4O4F4,12,5.022,0.06384,-0.0025,train
JVASP-51428,jarvis,Ca2PI,Ca4P2I2,8,1.603,2e-05,-0.0,train
JVASP-51734,jarvis,Yb4Mg3H14,Yb4Mg3H14,21,3.288,0.00111,0.0,train
JVASP-51740,jarvis,YbMgNiH4,Yb4Mg4Ni4H16,28,1.96,0.25738,-0.0092,train
JVASP-51744,jarvis,Na2H4Pd,Na4H8Pd2,14,2.585,0.02874,-0.0013,train
JVASP-51745,jarvis,Na3VH6O7,Na9V3H18O21,51,3.891,0.03938,-0.0003,train
JVASP-51750,jarvis,K2H6Pt,K8H24Pt4,36,4.037,0.00112,0.0,train
JVASP-5176,jarvis,CuBr,Cu2Br2,4,1.012,0.0,0.0,train
JVASP-5185,jarvis,C(ClF)2,C8Cl16F16,40,5.732,0.22608,-0.0021,train
JVASP-51854,jarvis,HCN,H2C2N2,6,6.526,0.00088,0.0,train
JVASP-51876,jarvis,CO2,C2O4,6,6.713,0.00046,0.0,train
JVASP-51680,jarvis,CaHClO,Ca2H2Cl2O2,8,5.622,2e-05,-0.0,train
JVASP-51700,jarvis,RbP(HO2)2,Rb4P4H8O16,32,5.774,0.01604,-0.0001,train
JVASP-51706,jarvis,TbH3(CO2)3,Tb3H9C9O18,39,4.248,7e-05,0.0,train
JVASP-51714,jarvis,SrMgH4,Sr4Mg4H16,24,3.05,4e-05,0.0,train
JVASP-51719,jarvis,KPH2SO3,K2P2H4S2O6,16,4.783,2e-05,0.0,train
JVASP-51721,jarvis,RbHO,Rb2H2O2,6,3.481,0.00166,-0.0001,train
JVASP-51728,jarvis,Ca4Mg3H14,Ca4Mg3H14,21,3.365,0.0033,0.0,train
JVASP-5173,jarvis,PbI2,Pb1I2,3,2.242,1e-05,-0.0,train
JVASP-5146,jarvis,InAg(PS3)2,In2Ag2P4S12,20,0.979,2e-05,0.0,train
JVASP-51552,jarvis,K3VO4,K6V2O8,16,3.662,4e-05,0.0,train
JVASP-5158,jarvis,MoCl3,Mo4Cl12,16,0.432,0.0924,-0.0033,train
JVASP-51609,jarvis,Na2V2ZnO7,Na4V4Zn2O14,24,3.067,0.4594,0.0063,train
JVASP-51662,jarvis,Al2O3,Al8O12,20,4.927,0.0022,-0.0001,train
JVASP-51663,jarvis,FeCuC5N6O,Fe2Cu2C10N12O2,28,0.983,0.0147,-0.0004,train
JVASP-51672,jarvis,BaH2O3,Ba2H4O6,12,3.009,0.00504,-0.0002,train
JVASP-51673,jarvis,SrH2O3,Sr2H4O6,12,3.428,0.02291,-0.0006,train
JVASP-52322,jarvis,BaCa2I6,Ba2Ca4I12,18,3.734,0.01934,-0.0003,train
JVASP-52341,jarvis,SbOF,Sb4O4F4,12,3.601,2e-05,0.0,train
JVASP-52356,jarvis,BaSrO2,Ba1Sr1O2,4,2.269,0.00851,-0.0007,train
JVASP-5236,jarvis,PCl3,P4Cl12,16,3.771,2e-05,0.0,train
JVASP-52369,jarvis,LiSnPO4,Li2Sn2P2O8,14,3.186,2e-05,0.0,train
JVASP-52376,jarvis,CaPbI4,Ca1Pb1I4,6,2.879,1e-05,-0.0,train
JVASP-52377,jarvis,PNO,P4N4O4,12,5.298,2e-05,-0.0,train
JVASP-52436,jarvis,CoHO2,Co2H2O4,8,0.788,0.01062,-0.0007,train
JVASP-52438,jarvis,MnPH6NO5,Mn2P2H12N2O10,28,2.041,0.04252,-0.0007,train
JVASP-5188,jarvis,PbIF,Pb2I2F2,6,2.013,2e-05,0.0,train
JVASP-51882,jarvis,BN,B4N4,8,5.91,0.001,-0.0,train
JVASP-51899,jarvis,Dy3BWO9,Dy6B2W2O18,28,3.272,0.00144,-0.0,train
JVASP-51901,jarvis,Na4CO4,Na8C2O8,18,3.787,0.0103,-0.0002,train
JVASP-51903,jarvis,Li4CO4,Li8C2O8,18,5.804,0.00146,-0.0,train
JVASP-5191,jarvis,SbSBr,Sb4S4Br4,12,1.71,2e-05,0.0,train
JVASP-5194,jarvis,SbSeI,Sb4Se4I4,12,1.363,4e-05,-0.0,train
JVASP-5197,jarvis,SbSI,Sb4S4I4,12,1.16,2e-05,-0.0,train
JVASP-52261,jarvis,LiAgF4,Li1Ag1F4,6,0.916,0.00181,0.0002,train
JVASP-52263,jarvis,SmAgO2,Sm3Ag3O6,12,2.728,0.01059,-0.0002,train
JVASP-52268,jarvis,LaAgO2,La3Ag3O6,12,3.114,0.09243,0.0074,train
JVASP-52271,jarvis,LiAgF2,Li2Ag2F4,8,1.395,1e-05,0.0,train
JVASP-52274,jarvis,CaCdO2,Ca1Cd1O2,4,0.538,0.00554,-0.0012,train
JVASP-52281,jarvis,Mg3ZnO4,Mg6Zn2O8,16,3.636,0.00602,-0.0003,train
JVASP-52282,jarvis,Li2AgF5,Li2Ag1F5,8,1.091,2e-05,0.0,train
JVASP-52299,jarvis,TaGaO4,Ta2Ga2O8,12,3.44,0.0,0.0,train
JVASP-52209,jarvis,LiCu(PO3)2,Li1Cu1P2O6,10,1.86,2e-05,-0.0,train
JVASP-52227,jarvis,TbBi5O9,Tb1Bi5O9,15,1.848,0.0021,-0.0001,train
JVASP-52228,jarvis,HoBO3,Ho4B4O12,20,4.714,4e-05,0.0,train
JVASP-52234,jarvis,LiCuF2,Li3Cu3F6,12,1.985,0.00357,0.0002,train
JVASP-5224,jarvis,HgI2,Hg2I4,6,0.969,0.0,-0.0,train
JVASP-52600,jarvis,Bi2O3,Bi2O3,5,1.165,0.00128,0.0001,train
JVASP-52602,jarvis,CaC2,Ca2C4,6,2.49,0.03088,-0.0018,train
JVASP-52605,jarvis,H2O,H16O8,24,5.502,0.00056,-0.0,train
JVASP-5266,jarvis,Sr2InI5,Sr8In4I20,32,2.827,0.08588,-0.0011,train
JVASP-5269,jarvis,BiSI,Bi4S4I4,12,1.767,2e-05,0.0,train
JVASP-52751,jarvis,Li4WO5,Li8W2O10,20,3.118,6e-05,-0.0,train
JVASP-52768,jarvis,K2NaVOF5,K4Na2V2O2F10,20,0.959,4e-05,0.0,train
JVASP-53106,jarvis,TlSbS2,Tl2Sb2S4,8,1.096,0.01526,0.0012,train
JVASP-53111,jarvis,Ag3SI,Ag9S3I3,15,0.364,3e-05,0.0,train
JVASP-53125,jarvis,NaClO2,Na2Cl2O4,8,2.579,0.08342,-0.0035,train
JVASP-53137,jarvis,NaHo2F7,Na1Ho2F7,10,6.714,0.0011,-0.0001,train
JVASP-53146,jarvis,KNO3,K3N3O9,15,3.071,3e-05,-0.0,train
JVASP-53148,jarvis,AlSbO4,Al2Sb2O8,12,1.768,0.00766,-0.0005,train
JVASP-53171,jarvis,RbHF2,Rb4H4F8,16,7.148,4e-05,0.0,train
JVASP-53194,jarvis,GaPO4,Ga2P2O8,12,4.814,2e-05,-0.0,train
JVASP-52134,jarvis,H2O,H4O2,6,5.72,2e-05,0.0,train
JVASP-5215,jarvis,Bi2Se3,Bi8Se12,20,0.985,4e-05,-0.0,train
JVASP-52171,jarvis,NdOF,Nd4O4F4,12,5.287,0.0,-0.0,train
JVASP-52179,jarvis,Be(CN)2,Be2C4N4,10,6.024,0.00534,-0.0004,train
JVASP-5218,jarvis,SbCl5,Sb2Cl10,12,1.261,2e-05,0.0,train
JVASP-52189,jarvis,Ca2SiB2O7,Ca4Si2B4O14,24,6.081,0.00108,-0.0,train
JVASP-52196,jarvis,LiAgF2,Li4Ag4F8,16,1.531,0.00178,-0.0001,train
JVASP-5200,jarvis,BiSeI,Bi4Se4I4,12,1.529,4e-05,0.0,train
JVASP-52004,jarvis,CaAlH5,Ca4Al4H20,28,3.347,0.00478,-0.0,train
JVASP-52006,jarvis,HgC2(SN)2,Hg1C2S2N2,7,2.092,0.00554,0.0001,train
JVASP-5203,jarvis,SbSI,Sb4S4I4,12,1.607,4e-05,0.0,train
JVASP-5212,jarvis,CS2NClO2,C4S8N4Cl4O8,28,2.58,0.61456,0.0101,train
JVASP-52492,jarvis,NbNO,Nb4N4O4,12,1.026,4e-05,-0.0,train
JVASP-52493,jarvis,NbO2F,Nb4O8F4,16,2.36,0.00376,-0.0002,train
JVASP-52497,jarvis,YbB4O7,Yb2B8O14,24,7.497,0.00646,-0.0002,train
JVASP-52514,jarvis,LiAgF2,Li1Ag1F2,4,1.862,0.01751,-0.0004,train
JVASP-52516,jarvis,SbO2F,Sb4O8F4,16,1.42,0.01918,0.0001,train
JVASP-52528,jarvis,LiSbO3,Li4Sb4O12,20,1.34,0.00202,-0.0001,train
JVASP-5254,jarvis,BiSBr,Bi4S4Br4,12,1.945,2e-05,-0.0,train
JVASP-52957,jarvis,AsH6NO4,As4H24N4O16,48,4.301,0.03983,-0.0003,train
JVASP-5296,jarvis,CaH2,Ca2H4,6,1.055,0.00834,-0.0009,train
JVASP-53030,jarvis,WO3,W1O3,4,0.579,0.01217,-0.003,train
JVASP-53034,jarvis,Yb(DyS2)2,Yb4Dy8S16,28,2.183,0.02194,-0.0005,train
JVASP-53045,jarvis,NaYbF4,Na2Yb2F8,12,0.182,0.07559,-0.002,train
JVASP-5308,jarvis,MnO2,Mn1O2,3,0.676,1e-05,0.0,train
JVASP-53082,jarvis,TlNO2,Tl1N1O2,4,1.358,1e-05,0.0,train
JVASP-53100,jarvis,Na3AlF6,Na9Al3F18,30,7.056,0.00291,0.0001,train
JVASP-52542,jarvis,BaYF5,Ba4Y4F20,28,7.478,0.00115,-0.0,train
JVASP-52543,jarvis,TiBi2O5,Ti4Bi8O20,32,2.716,0.16921,-0.0022,train
JVASP-52555,jarvis,SrCa2I6,Sr3Ca6I18,27,3.605,0.00595,-0.0001,train
JVASP-5257,jarvis,GaSeBr7,Ga2Se2Br14,18,1.993,0.26223,0.0051,train
JVASP-52572,jarvis,LiAgF2,Li1Ag1F2,4,1.866,1e-05,-0.0,train
JVASP-52594,jarvis,HCl,H2Cl2,4,5.285,0.0,0.0,train
JVASP-5260,jarvis,Bi2TeI,Bi4Te2I2,8,0.011,1e-05,0.0,train
JVASP-52867,jarvis,KP(HO2)2,K4P4H8O16,32,5.998,0.0188,0.0002,train
JVASP-52872,jarvis,RbHS,Rb2H2S2,6,3.243,0.00203,-0.0002,train
JVASP-52900,jarvis,H2O,H16O8,24,5.567,4e-05,0.0,train
JVASP-52903,jarvis,Be(HO)2,Be4H8O8,20,5.828,0.00204,-0.0,train
JVASP-52904,jarvis,PHN2,P4H4N8,16,4.909,0.00416,-0.0001,train
JVASP-52905,jarvis,RbH2N,Rb2H4N2,8,2.208,0.02168,-0.0012,train
JVASP-5329,jarvis,Xe(OF)2,Xe4O8F8,20,1.759,0.35728,-0.0045,train
JVASP-53326,jarvis,YbS2,Yb4S8,12,1.321,0.0012,0.0,train
JVASP-53341,jarvis,Bi2O3,Bi4O6,10,1.019,0.00124,0.0001,train
JVASP-53347,jarvis,In2S3,In4S6,10,1.001,0.02336,-0.0013,train
JVASP-5335,jarvis,Nb(SeCl)2,Nb2Se4Cl4,10,0.967,1e-05,0.0,train
JVASP-53350,jarvis,H2O,H16O8,24,5.329,0.00136,-0.0,train
JVASP-53358,jarvis,Tb2YbS4,Tb8Yb4S16,28,2.162,0.02248,-0.0006,train
JVASP-5416,jarvis,Ge2S3I2,Ge8S12I8,28,2.023,2e-05,0.0,train
JVASP-5431,jarvis,SNCl,S6N6Cl6,18,2.08,3e-05,0.0,train
JVASP-5437,jarvis,CBrN,C2Br2N2,6,4.896,0.0,0.0,train
JVASP-5443,jarvis,BaBrCl,Ba4Br4Cl4,12,4.761,2e-05,0.0,train
JVASP-53385,jarvis,Na3PO4,Na6P2O8,16,4.172,0.01276,0.0005,train
JVASP-53395,jarvis,NaErF4,Na4Er4F16,24,7.139,0.17132,-0.0027,train
JVASP-53396,jarvis,AlHO2,Al2H2O4,8,5.341,0.00114,-0.0001,train
JVASP-53402,jarvis,RbPbF3,Rb2Pb2F6,10,4.001,0.00378,0.0003,train
JVASP-53411,jarvis,Sm2PbSe4,Sm8Pb4Se16,28,1.761,0.28272,0.0033,train
JVASP-53421,jarvis,Ag3SI,Ag3S1I1,5,0.17,0.04266,-0.0046,train
JVASP-53435,jarvis,Sm2ZnS4,Sm8Zn4S16,28,1.4,0.05316,-0.0019,train
JVASP-5344,jarvis,SbBr3,Sb4Br12,16,2.851,2e-05,-0.0,train
JVASP-53442,jarvis,Nd2PbSe4,Nd8Pb4Se16,28,1.759,0.30324,0.0034,train
JVASP-53457,jarvis,Pr2PbSe4,Pr8Pb4Se16,28,1.747,0.30421,0.0037,train
JVASP-53509,jarvis,Yb(HoS2)2,Yb4Ho8S16,28,2.206,0.02508,-0.0006,train
JVASP-5353,jarvis,AlPS4,Al2P2S8,12,2.48,3e-05,0.0,train
JVASP-53535,jarvis,Sm2PbS4,Sm8Pb4S16,28,2.22,0.17565,0.0018,train
JVASP-53552,jarvis,KPF6,K3P3F18,24,7.539,0.00603,-0.0001,train
JVASP-53575,jarvis,Pr2PbS4,Pr8Pb4S16,28,2.249,0.19811,0.0023,train
JVASP-5278,jarvis,KHCO3,K2H2C2O6,12,5.394,0.01249,0.0004,train
JVASP-5281,jarvis,SiH4,Si4H16,20,6.144,2e-05,0.0,train
JVASP-52824,jarvis,ScF3,Sc2F6,8,4.701,0.00212,0.0002,train
JVASP-5284,jarvis,SrH2,Sr2H4,6,1.678,0.00576,-0.0008,train
JVASP-52849,jarvis,Al5HO8,Al10H2O16,28,4.757,0.0003,-0.0,train
JVASP-52863,jarvis,RbBe2F5,Rb2Be4F10,16,7.609,2e-05,0.0,train
JVASP-53460,jarvis,TaAlO4,Ta2Al2O8,12,1.879,0.01332,-0.0007,train
JVASP-53461,jarvis,Ba3Bi2F12,Ba3Bi2F12,17,5.19,0.00224,0.0001,train
JVASP-53462,jarvis,ErCuSe2,Er1Cu1Se2,4,1.233,1e-05,0.0,train
JVASP-53466,jarvis,NaPrS2,Na4Pr4S8,16,2.0,0.14868,-0.0041,train
JVASP-53468,jarvis,Dy2PbS4,Dy8Pb4S16,28,2.24,0.1576,0.0017,train
JVASP-53478,jarvis,Yb(NdS2)2,Yb4Nd8S16,28,2.063,0.02188,-0.0007,train
JVASP-53484,jarvis,TlPF6,Tl3P3F18,24,5.992,0.00273,-0.0,train
JVASP-53485,jarvis,Ca3UN4,Ca6U2N8,16,1.481,0.0561,0.0024,train
JVASP-53578,jarvis,Tb2PbS4,Tb8Pb4S16,28,2.235,0.16605,0.0017,train
JVASP-53584,jarvis,Yb(SmS2)2,Yb4Sm8S16,28,2.091,0.02336,-0.0006,train
JVASP-53592,jarvis,Ca(HoSe2)2,Ca1Ho2Se4,7,1.142,0.01254,-0.0006,train
JVASP-53602,jarvis,Zn2GeS4,Zn4Ge2S8,14,2.255,2e-05,0.0,train
JVASP-5362,jarvis,As4S3,As16S12,28,1.808,4e-05,0.0,train
JVASP-54433,jarvis,KTeOF3,K2Te2O2F6,12,4.17,0.10733,0.0054,train
JVASP-54443,jarvis,LiIO3,Li2I2O6,10,3.662,2e-05,0.0,train
JVASP-54453,jarvis,VCuO3,V1Cu1O3,5,0.958,1e-05,-0.0,train
JVASP-54469,jarvis,YClO,Y2Cl2O2,6,1.893,0.03646,-0.0023,train
JVASP-54473,jarvis,MnF2,Mn4F8,12,2.168,2e-05,0.0,train
JVASP-5449,jarvis,PbBr2,Pb4Br8,12,3.173,2e-05,-0.0,train
JVASP-54507,jarvis,RbPbIO6,Rb2Pb2I2O12,18,1.42,0.00653,0.0002,train
JVASP-54553,jarvis,LiNbWO6,Li2Nb2W2O12,18,2.385,0.06392,-0.0013,train
JVASP-5365,jarvis,CrCl3,Cr4Cl12,16,1.493,4e-05,-0.0,train
JVASP-5371,jarvis,S3(NCl)2,S6N4Cl4,14,1.412,1e-05,-0.0,train
JVASP-5374,jarvis,BiI,Bi16I16,32,0.557,2e-05,0.0,train
JVASP-53954,jarvis,HCN,H2C2N2,6,6.526,0.00088,0.0,train
JVASP-53976,jarvis,CO2,C2O4,6,6.713,0.00048,0.0,train
JVASP-53982,jarvis,BN,B4N4,8,5.91,0.001,-0.0,train
JVASP-54957,jarvis,MgCl2,Mg2Cl4,6,4.472,0.04748,0.0025,train
JVASP-54966,jarvis,KNa(BH4)2,K1Na1B2H8,12,6.386,2e-05,-0.0,train
JVASP-55019,jarvis,Na2LiN,Na4Li2N2,8,0.884,0.01396,-0.0017,train
JVASP-5503,jarvis,TeAuCl7,Te2Au2Cl14,18,1.466,2e-05,-0.0,train
JVASP-5521,jarvis,S(ClO)2,S8Cl16O16,40,3.686,0.11872,-0.0017,train
JVASP-55211,jarvis,RbN3,Rb1N3,4,3.954,0.00121,-0.0001,train
JVASP-5461,jarvis,AlSbI6,Al4Sb4I24,32,1.935,0.0618,0.0011,train
JVASP-54625,jarvis,TiCdF6,Ti3Cd3F18,24,4.341,0.00495,0.0002,train
JVASP-54662,jarvis,Ta2O5,Ta4O10,14,2.519,0.00666,-0.0002,train
JVASP-54667,jarvis,NaHO,Na3H3O3,9,3.716,3e-05,-0.0,train
JVASP-54668,jarvis,NaHO,Na3H3O3,9,3.716,3e-05,-0.0,train
JVASP-54670,jarvis,Cd(HO)2,Cd2H4O4,10,1.798,1e-05,0.0,train
JVASP-54686,jarvis,NdHO2,Nd2H2O4,8,4.185,1e-05,-0.0,train
JVASP-54701,jarvis,H2SO4,H8S4O16,28,6.163,0.0193,-0.0002,train
JVASP-54710,jarvis,H3BrO,H9Br3O3,15,4.468,3e-05,0.0,train
JVASP-5485,jarvis,CdI2,Cd2I4,6,2.119,2e-05,0.0,train
JVASP-54869,jarvis,BaAlSiH,Ba1Al1Si1H1,4,0.807,1e-05,-0.0,train
JVASP-54873,jarvis,TlI,Tl4I4,8,2.119,0.38344,-0.0479,train
JVASP-54884,jarvis,Mg(BH4)2,Mg2B4H16,22,5.928,0.00098,-0.0,train
JVASP-54897,jarvis,ZnTe,Zn3Te3,6,1.057,1e-05,0.0,train
JVASP-54921,jarvis,Ge3N4,Ge12N16,28,1.753,0.03025,-0.0011,train
JVASP-54772,jarvis,Al5HO8,Al10H2O16,28,5.266,0.00024,-0.0,train
JVASP-54773,jarvis,HoHO2,Ho2H2O4,8,4.182,0.00263,-0.0002,train
JVASP-54803,jarvis,Ga2Os,Ga16Os8,24,0.666,0.11655,-0.0025,train
JVASP-5482,jarvis,CSO,C3S3O3,9,4.642,0.00309,-0.0001,train
JVASP-54821,jarvis,LiI,Li2I2,4,4.553,0.0,-0.0,train
JVASP-54742,jarvis,Be(HO)2,Be4H8O8,20,5.747,0.00172,-0.0,train
JVASP-54749,jarvis,Ba(H2O3)2,Ba2H8O12,22,2.951,0.00037,0.0,train
JVASP-54751,jarvis,HIO3,H4I4O12,20,3.099,0.01434,-0.0004,train
JVASP-54753,jarvis,H5NO,H20N4O4,28,4.819,0.00456,-0.0001,train
JVASP-54758,jarvis,Te(HO)6,Te1H6O6,13,2.656,3e-05,0.0,train
JVASP-54759,jarvis,NaHO,Na2H2O2,6,3.652,1e-05,-0.0,train
JVASP-54760,jarvis,LiHO,Li4H4O4,12,4.351,2e-05,-0.0,train
JVASP-54761,jarvis,NaHO,Na2H2O2,6,3.8,2e-05,0.0,train
JVASP-54711,jarvis,H3BrO,H3Br1O1,5,4.468,1e-05,0.0,train
JVASP-54719,jarvis,H4N2O3,H8N4O6,18,0.544,0.08214,0.0016,train
JVASP-54723,jarvis,Y(HO)3,Y2H6O6,14,3.897,0.00082,-0.0,train
JVASP-54729,jarvis,MoH4O5,Mo2H8O10,20,2.531,0.02878,-0.0001,train
JVASP-54730,jarvis,MoH4O5,Mo2H8O10,20,2.263,0.02699,-0.0005,train
JVASP-54737,jarvis,Be(HO)2,Be4H8O8,20,5.745,0.00188,-0.0,train
JVASP-55967,jarvis,Pb7(ClF6)2,Pb7Cl2F12,21,4.397,0.01353,0.0004,train
JVASP-5602,jarvis,Nb3TeCl7,Nb6Te2Cl14,22,0.698,4e-05,-0.0,train
JVASP-56047,jarvis,LiI,Li2I2,4,4.558,0.00319,-0.0005,train
JVASP-56060,jarvis,K2SnBr6,K8Sn4Br24,36,0.933,0.00568,-0.0001,train
JVASP-5611,jarvis,SrThBr6,Sr2Th2Br12,16,2.75,3e-05,-0.0,train
JVASP-56190,jarvis,CuI,Cu2I2,4,1.297,0.0,-0.0,train
JVASP-56219,jarvis,LiB6C,Li4B24C4,32,1.432,0.03764,-0.0005,train
JVASP-56248,jarvis,Dy3CuSiSe7,Dy6Cu2Si2Se14,24,1.677,0.0182,-0.0007,train
JVASP-56261,jarvis,Ge3As4,Ge3As4,7,0.192,1e-05,0.0,train
JVASP-56271,jarvis,TlCl,Tl4Cl4,8,2.724,0.22216,-0.0277,train
JVASP-56283,jarvis,Sr2IN,Sr6I3N3,12,1.999,0.05193,-0.0036,train
JVASP-56856,jarvis,VFeSb,V4Fe4Sb4,12,0.514,4e-05,0.0,train
JVASP-56861,jarvis,Sr2C(NCl)2,Sr4C2N4Cl4,14,4.403,0.00964,-0.0003,train
JVASP-56991,jarvis,DyTlSe2,Dy3Tl3Se6,12,1.308,0.06699,-0.001,train
JVASP-57,jarvis,MoSe2,Mo2Se4,6,0.906,2e-05,0.0,train
JVASP-57006,jarvis,Lu2(CN2)3,Lu6C9N18,33,3.759,7e-05,0.0,train
JVASP-5701,jarvis,CuAsSe2,Cu3As3Se6,12,0.576,0.16041,0.0087,train
JVASP-57020,jarvis,TbCl3,Tb2Cl6,8,4.254,0.00237,0.0001,train
JVASP-55536,jarvis,Dy2Be2GeO7,Dy4Be4Ge2O14,24,4.601,0.01078,0.0003,train
JVASP-55541,jarvis,TiCdO3,Ti4Cd4O12,20,2.349,0.01126,-0.0004,train
JVASP-55606,jarvis,LiIO3,Li4I4O12,20,3.609,0.05474,-0.0012,train
JVASP-55611,jarvis,Ba4Cl6O,Ba8Cl12O2,22,4.51,0.02422,0.0007,train
JVASP-55631,jarvis,Bi2O3,Bi8O12,20,1.404,0.0462,0.0006,train
JVASP-55638,jarvis,BCl2,B8Cl16,24,2.839,4e-05,0.0,train
JVASP-55695,jarvis,Sr7(H6Br)2,Sr7H12Br2,21,3.923,0.0011,-0.0,train
JVASP-55696,jarvis,LiHSeO3,Li4H4Se4O12,24,4.344,0.06714,0.0009,train
JVASP-55701,jarvis,CaH12(ClO3)2,Ca1H12Cl2O6,21,5.056,0.0036,0.0001,train
JVASP-55704,jarvis,HIO3,H4I4O12,20,3.085,0.0632,-0.0008,train
JVASP-55712,jarvis,CaH12(BrO3)2,Ca1H12Br2O6,21,4.185,0.0097,0.0002,train
JVASP-55735,jarvis,H12OsN5Cl3O,H24Os2N10Cl6O2,44,2.298,0.1579,-0.0016,train
JVASP-5575,jarvis,Nb2Te6I,Nb8Te24I4,36,0.5,2e-05,0.0,train
JVASP-55806,jarvis,KMnPH2O5,K2Mn2P2H4O10,20,2.028,0.0315,0.0007,train
JVASP-5524,jarvis,SCl2O,S4Cl8O4,16,3.435,0.06632,0.0012,train
JVASP-55257,jarvis,BaSi3SnO9,Ba2Si6Sn2O18,28,3.929,0.0016,0.0,train
JVASP-55267,jarvis,RbAgSe4,Rb4Ag4Se16,24,1.066,0.0323,0.0002,train
JVASP-55269,jarvis,K3AsSe3,K12As4Se12,28,2.071,0.04764,-0.0017,train
JVASP-55301,jarvis,Ca2CoSi2O7,Ca4Co2Si4O14,24,0.94,0.01176,0.0001,train
JVASP-56301,jarvis,YbMgSn,Yb3Mg3Sn3,9,0.104,0.27918,-0.0004,train
JVASP-56315,jarvis,BaAg2GeSe4,Ba2Ag4Ge2Se8,16,0.273,0.0646,-0.0021,train
JVASP-56397,jarvis,Tl2SnHgTe4,Tl4Sn2Hg2Te8,16,0.067,0.26988,-0.0102,train
JVASP-56468,jarvis,MnTlCl3,Mn1Tl1Cl3,5,0.985,0.00013,0.0,train
JVASP-56474,jarvis,AgBr,Ag2Br2,4,0.789,0.01366,-0.0024,train
JVASP-56488,jarvis,Sn3As4,Sn3As4,7,0.362,2e-05,-0.0,train
JVASP-56525,jarvis,SrAlSiH,Sr1Al1Si1H1,4,0.71,1e-05,0.0,train
JVASP-5653,jarvis,AlTeI7,Al2Te2I14,18,1.774,2e-05,0.0,train
JVASP-5656,jarvis,AlSeBr7,Al2Se2Br14,18,2.135,2e-05,-0.0,train
JVASP-5659,jarvis,HfCl4,Hf2Cl8,10,3.912,2e-05,-0.0,train
JVASP-56593,jarvis,Si3As4,Si3As4,7,0.522,2e-05,-0.0,train
JVASP-56606,jarvis,Pr3OsI3,Pr6Os2I6,14,0.059,3e-05,0.0,train
JVASP-56648,jarvis,BaWO4,Ba4W4O16,24,2.177,0.05558,0.0008,train
JVASP-56652,jarvis,Sm3BWO9,Sm6B2W2O18,28,3.288,0.00433,-0.0001,train
JVASP-5668,jarvis,TaCl4,Ta4Cl16,20,1.101,0.01838,-0.0004,train
JVASP-56688,jarvis,Ag6Mo2ClO7F3,Ag6Mo2Cl1O7F3,19,1.655,0.03729,0.0013,train
JVASP-56757,jarvis,Sr(Si3N4)2,Sr2Si12N16,30,3.337,0.00462,0.0001,train
JVASP-56758,jarvis,KC2IN2,K2C4I2N4,12,4.211,0.47262,0.0072,train
JVASP-56763,jarvis,TlSbSe2,Tl4Sb4Se8,16,0.709,0.06932,0.0005,train
JVASP-5677,jarvis,Al2Te3,Al16Te24,40,1.776,7e-05,0.0,train
JVASP-56798,jarvis,HoSbPd,Ho4Sb4Pd4,12,0.434,0.08368,-0.007,train
JVASP-5680,jarvis,Hg2TeO3,Hg4Te2O6,12,2.041,2e-05,-0.0,train
JVASP-5683,jarvis,GaTeI7,Ga2Te2I14,18,1.556,2e-05,-0.0,train
JVASP-57144,jarvis,NaLiCO3,Na3Li3C3O9,18,4.898,0.18697,0.0064,train
JVASP-57155,jarvis,CaCO3,Ca3C3O9,15,5.104,0.00084,0.0,train
JVASP-57159,jarvis,KAlF4,K4Al4F16,24,7.298,0.00228,0.0,train
JVASP-57161,jarvis,LiLuF4,Li4Lu4F16,24,8.175,0.13556,0.0027,train
JVASP-57180,jarvis,Dy3CuSnS7,Dy6Cu2Sn2S14,24,1.476,0.025,-0.0007,train
JVASP-57182,jarvis,Ca4Al6O13,Ca8Al12O26,46,4.101,0.0059,-0.0001,train
JVASP-5722,jarvis,SiH,Si2H2,4,2.05,1e-05,-0.0,train
JVASP-57226,jarvis,CrO3,Cr2O6,8,1.893,2e-05,-0.0,train
JVASP-57237,jarvis,HoF3,Ho4F12,16,8.087,0.00178,-0.0001,train
JVASP-57241,jarvis,V2CdO6,V4Cd2O12,18,2.122,0.0111,-0.0005,train
JVASP-57245,jarvis,NaNiIO6,Na1Ni1I1O6,9,1.162,2e-05,0.0,train
JVASP-57251,jarvis,XeO3,Xe4O12,16,1.662,0.03638,-0.0009,train
JVASP-57252,jarvis,BaCrF5,Ba4Cr4F20,28,1.728,0.06103,-0.0013,train
JVASP-57264,jarvis,GePb3O5,Ge1Pb3O5,9,2.024,2e-05,-0.0,train
JVASP-57290,jarvis,Na6PbO5,Na12Pb2O10,24,1.24,4e-05,0.0,train
JVASP-57291,jarvis,CuBi(WO4)2,Cu1Bi1W2O8,12,1.203,2e-05,0.0,train
JVASP-57293,jarvis,Nd3BWO9,Nd6B2W2O18,28,3.303,0.00499,-0.0001,train
JVASP-57313,jarvis,Mn4Bi3NO15,Mn4Bi3N1O15,23,0.903,0.22827,-0.0033,train
JVASP-5740,jarvis,Na3Li3N2,Na3Li3N2,8,0.036,0.08242,0.0076,train
JVASP-57433,jarvis,Ag5P(S2Cl)2,Ag10P2S8Cl4,24,1.35,4e-05,0.0,train
JVASP-57444,jarvis,LiAlSiO4,Li3Al3Si3O12,21,4.801,0.00058,-0.0,train
JVASP-57479,jarvis,ScF3,Sc3F9,12,6.212,3e-05,-0.0,train
JVASP-57482,jarvis,La2MoO6,La4Mo2O12,18,3.567,4e-05,0.0,train
JVASP-57507,jarvis,InBi2S4Cl,In2Bi4S8Cl2,16,1.575,0.06072,-0.0016,train
JVASP-57518,jarvis,SrCa(CO3)2,Sr2Ca2C4O12,20,4.927,0.00184,0.0,train
JVASP-57571,jarvis,K2MnF6,K4Mn2F12,18,2.45,0.04846,0.0019,train
JVASP-57574,jarvis,AlPO4,Al3P3O12,18,5.63,0.01169,0.0005,train
JVASP-57579,jarvis,MgF2,Mg2F4,6,6.458,0.01124,0.0013,train
JVASP-5758,jarvis,CIN,C3I3N3,9,4.301,0.03459,-0.0013,train
JVASP-57604,jarvis,NaMgF3,Na1Mg1F3,5,6.338,0.00074,0.0001,train
JVASP-57618,jarvis,Tb3CuSiS7,Tb6Cu2Si2S14,24,1.831,0.01422,-0.0005,train
JVASP-57661,jarvis,MgF2,Mg4F8,12,7.26,0.00064,-0.0,train
JVASP-57072,jarvis,SeO2,Se4O8,12,3.552,2e-05,-0.0,train
JVASP-57102,jarvis,Ga(IO3)3,Ga2I6O18,26,3.255,0.0149,-0.0002,train
JVASP-57117,jarvis,Y3CuSiS7,Y6Cu2Si2S14,24,1.788,0.21011,-0.0061,train
JVASP-57125,jarvis,ZnS,Zn14S14,28,2.092,0.01108,0.0002,train
JVASP-57128,jarvis,TeO2,Te4O8,12,3.041,2e-05,0.0,train
JVASP-5713,jarvis,Nb3TeI7,Nb6Te2I14,22,0.504,4e-05,-0.0,train
JVASP-57138,jarvis,SiO2,Si8O16,24,5.325,0.0014,-0.0,train
JVASP-57140,jarvis,NaSb(PS3)2,Na2Sb2P4S12,20,2.02,0.0168,0.0001,train
JVASP-58361,jarvis,SmZrF7,Sm2Zr2F14,18,6.207,0.0245,-0.0005,train
JVASP-58368,jarvis,BeO,Be4O4,8,7.605,0.00252,-0.0001,train
JVASP-58370,jarvis,SiO2,Si8O16,24,5.682,4e-05,0.0,train
JVASP-58383,jarvis,AlF3,Al1F3,4,7.803,0.00084,0.0002,train
JVASP-58385,jarvis,SiO2,Si8O16,24,5.805,0.00874,0.0004,train
JVASP-5839,jarvis,AlSiTe3,Al2Si2Te6,10,1.206,2e-05,0.0,train
JVASP-58394,jarvis,SiO2,Si8O16,24,5.317,0.00152,-0.0001,train
JVASP-58400,jarvis,K2HfF6,K8Hf4F24,36,7.48,0.0084,0.0002,train
JVASP-57665,jarvis,BeO,Be4O4,8,8.761,0.00268,0.0003,train
JVASP-5767,jarvis,PdSCl,Pd12S12Cl12,36,0.918,6e-05,0.0,train
JVASP-57703,jarvis,KAlF4,K2Al2F8,12,7.481,0.00378,0.0002,train
JVASP-57712,jarvis,CaSO4,Ca3S3O12,18,5.833,0.00246,0.0001,train
JVASP-57746,jarvis,LiYF4,Li2Y2F8,12,7.525,0.0019,-0.0001,train
JVASP-57748,jarvis,AlPO4,Al4P4O16,24,5.733,6e-05,-0.0,train
JVASP-57770,jarvis,RbAlF4,Rb4Al4F16,24,7.54,0.00369,0.0001,train
JVASP-57777,jarvis,KCaF3,K1Ca1F3,5,6.537,0.00226,0.0004,train
JVASP-57785,jarvis,RbAlF4,Rb2Al2F8,12,7.523,0.00436,0.0003,train
JVASP-57788,jarvis,AlPO4,Al3P3O12,18,5.953,0.00441,0.0001,train
JVASP-57792,jarvis,Li2GeF6,Li6Ge3F18,27,6.091,0.00235,-0.0,train
JVASP-57797,jarvis,SrB4O7,Sr2B8O14,24,7.352,0.00368,-0.0001,train
JVASP-58291,jarvis,CO,C4O4,8,5.81,0.00358,-0.0004,train
JVASP-58322,jarvis,KLiSO4,K2Li2S2O8,14,5.642,0.00684,0.0,train
JVASP-58325,jarvis,Na2MgAlF7,Na8Mg4Al4F28,44,7.066,0.25224,-0.0021,train
JVASP-58331,jarvis,Na2LiAlF6,Na4Li2Al2F12,20,7.737,0.00046,0.0,train
JVASP-58333,jarvis,CaBPO5,Ca3B3P3O15,24,5.696,0.00166,-0.0,train
JVASP-58345,jarvis,SiO2,Si3O6,9,5.672,0.00163,0.0001,train
JVASP-58348,jarvis,SiO2,Si2O4,6,5.573,0.00444,-0.0003,train
JVASP-5809,jarvis,MgPSe3,Mg6P6Se18,30,2.067,6e-05,0.0,train
JVASP-5812,jarvis,Ga2PdBr8,Ga4Pd2Br16,22,1.368,0.07424,0.0013,train
JVASP-5815,jarvis,Ga2PdI8,Ga4Pd2I16,22,0.999,0.07122,0.001,train
JVASP-5821,jarvis,S(IO3)2,S4I8O24,36,1.85,0.02204,0.0001,train
JVASP-58243,jarvis,BaLiF3,Ba1Li1F3,5,6.735,0.00122,0.0002,train
JVASP-58251,jarvis,CaF2,Ca4F8,12,7.986,0.00038,-0.0,train
JVASP-58260,jarvis,SiO2,Si3O6,9,5.672,0.00161,0.0001,train
JVASP-58268,jarvis,CaB4O7,Ca2B8O14,24,6.374,0.00544,-0.0001,train
JVASP-57519,jarvis,LiAlSiO4,Li4Al4Si4O16,28,5.378,0.00516,0.0001,train
JVASP-57520,jarvis,Ca2Al2SiO7,Ca4Al4Si2O14,24,4.584,0.00979,0.0001,train
JVASP-57524,jarvis,UOF4,U9O9F36,54,2.551,0.20988,-0.0013,train
JVASP-57539,jarvis,AlF3,Al12F36,48,7.895,0.00368,-0.0,train
JVASP-57547,jarvis,LiZnPO4,Li4Zn4P4O16,28,4.399,0.00898,0.0002,train
JVASP-57559,jarvis,Pr3CuSnS7,Pr6Cu2Sn2S14,24,1.765,0.03579,-0.0014,train
JVASP-57560,jarvis,Ag2S,Ag4S2,6,1.074,2e-05,-0.0,train
JVASP-57562,jarvis,CaF2,Ca2F4,6,6.408,0.00194,0.0002,train
JVASP-57570,jarvis,TbCl2F,Tb4Cl8F4,16,4.89,0.00662,-0.0002,train
JVASP-57806,jarvis,Ag3SI,Ag3S1I1,5,0.838,0.0052,-0.001,train
JVASP-57807,jarvis,SiO2,Si8O16,24,5.415,0.00058,0.0,train
JVASP-57823,jarvis,H2CO2,H8C4O8,20,4.916,0.02292,-0.0004,train
JVASP-57852,jarvis,KNaSO4,K2Na2S2O8,14,5.506,0.01971,0.001,train
JVASP-57876,jarvis,B2O3,B8O12,20,8.811,4e-05,0.0,train
JVASP-5806,jarvis,PAuS4,P2Au2S8,12,1.037,0.01034,-0.0004,train
JVASP-58863,jarvis,Al2CdCl8,Al4Cd2Cl16,22,3.764,0.07462,0.0011,train
JVASP-58877,jarvis,Sb5IO7,Sb10I2O14,26,2.46,0.00474,0.0,train
JVASP-58914,jarvis,Sr4Zn3F14,Sr4Zn3F14,21,5.06,0.0004,-0.0,train
JVASP-58958,jarvis,Rb3BiSe3,Rb12Bi4Se12,28,2.001,0.0114,0.0004,train
JVASP-58993,jarvis,K3BiTe3,K12Bi4Te12,28,1.432,0.40106,-0.0143,train
JVASP-59062,jarvis,Pb7(BrF6)2,Pb7Br2F12,21,4.16,0.02748,0.0008,train
JVASP-58413,jarvis,LiSiBO4,Li2Si2B2O8,14,6.789,2e-05,0.0,train
JVASP-58438,jarvis,K2LiAlF6,K8Li4Al4F24,40,8.148,0.00847,0.0002,train
JVASP-5845,jarvis,NbI5,Nb4I20,24,0.542,4e-05,0.0,train
JVASP-5851,jarvis,CrBrO,Cr2Br2O2,6,0.352,0.0,-0.0,train
JVASP-58833,jarvis,SCl2,S8Cl16,24,1.935,0.2583,-0.0028,train
JVASP-61514,jarvis,LiAuF6,Li3Au3F18,24,2.015,0.01023,0.0003,train
JVASP-61574,jarvis,BAsO4,B2As2O8,12,4.469,0.00452,-0.0003,train
JVASP-62288,jarvis,Li3As,Li6As2,8,0.764,0.01338,-0.0011,train
JVASP-62345,jarvis,As2PbO6,As2Pb1O6,9,2.27,0.00101,-0.0,train
JVASP-62390,jarvis,BAsO4,B2As2O8,12,4.469,0.0072,-0.0004,train
JVASP-62464,jarvis,Ca(AsO3)2,Ca1As2O6,9,3.479,0.00214,-0.0002,train
JVASP-62618,jarvis,BN,B2N2,4,4.46,0.00174,-0.0002,train
JVASP-60,jarvis,Te2Mo,Te4Mo2,6,0.765,0.0,0.0,train
JVASP-600,jarvis,ReSe2,Re4Se8,12,1.069,2e-05,0.0,train
JVASP-60623,jarvis,Ge3Sb2O9,Ge6Sb4O18,28,3.037,3e-05,-0.0,train
JVASP-66109,jarvis,BaSiCl,Ba4Si4Cl4,12,0.602,0.01344,-0.0011,train
JVASP-66402,jarvis,BaCdTe,Ba4Cd4Te4,12,1.548,0.20812,-0.0173,train
JVASP-66430,jarvis,BaWCl,Ba4W4Cl4,12,1.016,0.15996,0.0133,train
JVASP-66441,jarvis,BaWBr,Ba4W4Br4,12,0.978,0.39352,0.0328,train
JVASP-66505,jarvis,BaMgTe,Ba4Mg4Te4,12,1.044,0.33352,-0.0278,train
JVASP-66546,jarvis,BaNaSb,Ba4Na4Sb4,12,0.693,0.03528,-0.0029,train
JVASP-66565,jarvis,BaNaCl,Ba4Na4Cl4,12,0.635,0.13036,0.0108,train
JVASP-66567,jarvis,BaZnTe,Ba4Zn4Te4,12,1.623,0.80052,0.0667,train
JVASP-60632,jarvis,Mg3Si2H4O9,Mg6Si4H8O18,36,4.406,0.00023,0.0,train
JVASP-60695,jarvis,KV3(SeO6)2,K2V6Se4O24,36,2.341,0.08368,-0.0014,train
JVASP-60702,jarvis,Pd(Se4Cl)2,Pd4Se32Cl8,44,1.197,4e-05,-0.0,train
JVASP-60703,jarvis,HgI2,Hg16I32,48,1.045,5e-05,0.0,train
JVASP-61150,jarvis,Hg(AsO3)2,Hg1As2O6,9,0.741,0.01114,-0.0009,train
JVASP-59262,jarvis,PNO,P8N8O8,24,5.148,0.0014,-0.0,train
JVASP-59263,jarvis,Li5GaO4,Li10Ga2O8,20,3.882,0.00188,-0.0001,train
JVASP-59408,jarvis,ZnSbAsO5,Zn4Sb4As4O20,32,3.005,0.04454,-0.0002,train
JVASP-59498,jarvis,CaAlF5,Ca4Al4F20,28,7.517,0.00158,0.0,train
JVASP-59548,jarvis,NdF3,Nd6F18,24,7.862,0.00116,0.0,train
JVASP-66686,jarvis,KBaBi,K4Ba4Bi4,12,1.024,0.07004,-0.0058,train
JVASP-67684,jarvis,NaBeBr,Na2Be2Br2,6,0.666,0.20702,-0.0331,train
JVASP-67836,jarvis,LiBeBr,Li2Be2Br2,6,0.531,0.34004,-0.0466,train
JVASP-69329,jarvis,Ba2BiBr,Ba8Bi4Br4,16,0.939,0.02324,-0.0015,train
JVASP-69348,jarvis,BaZnCl2,Ba1Zn1Cl2,4,1.144,0.0203,-0.0034,train
JVASP-70148,jarvis,BeBiF3,Be1Bi1F3,5,1.052,0.00242,-0.0005,train
JVASP-70152,jarvis,Sr2BeSb2,Sr4Be2Sb4,10,1.322,0.03632,-0.0034,train
JVASP-70426,jarvis,Li2BeCl2,Li4Be2Cl4,10,2.386,0.00928,-0.0009,train
JVASP-63657,jarvis,BN,B8N8,16,3.706,0.0012,0.0,train
JVASP-63690,jarvis,BN,B3N3,6,4.267,0.00041,-0.0,train
JVASP-63743,jarvis,BN,B2N2,4,3.655,0.0014,-0.0002,train
JVASP-63810,jarvis,LiBC,Li2B2C2,6,1.272,0.03306,0.0018,train
JVASP-63938,jarvis,BaNaBr,Ba4Na4Br4,12,0.609,0.2672,0.0222,train
JVASP-64991,jarvis,Be2NbRh,Be4Nb2Rh2,8,0.562,0.182,-0.011,train
JVASP-7655,jarvis,Nb2O5,Nb4O10,14,1.84,0.01492,-0.0003,train
JVASP-7658,jarvis,SrC2,Sr4C8,12,2.401,0.01496,-0.0004,train
JVASP-7659,jarvis,NaLi2N,Na4Li8N4,16,2.797,0.0014,-0.0001,train
JVASP-7661,jarvis,BaLiP,Ba1Li1P1,3,0.724,0.0,0.0,train
JVASP-7663,jarvis,SrS,Sr1S1,2,1.777,0.0158,-0.0079,train
JVASP-7665,jarvis,SrTe,Sr1Te1,2,0.64,0.02235,-0.0112,train
JVASP-7670,jarvis,BaSe,Ba1Se1,2,1.258,0.01178,-0.0059,train
JVASP-7671,jarvis,CdSe,Cd2Se2,4,0.499,1e-05,0.0,train
JVASP-7675,jarvis,Sm2O3,Sm2O3,5,4.069,0.0008,0.0001,train
JVASP-7678,jarvis,MgSe,Mg4Se4,8,2.117,0.02172,-0.0027,train
JVASP-7066,jarvis,Al2S3,Al12S18,30,3.131,0.0176,0.0004,train
JVASP-72972,jarvis,TaBe2Rh,Ta2Be4Rh2,8,0.574,0.01412,-0.0013,train
JVASP-74304,jarvis,SrBeBr2,Sr2Be2Br4,8,0.912,0.01646,0.0014,train
JVASP-75,jarvis,WSe2,W2Se4,6,1.046,1e-05,0.0,train
JVASP-7629,jarvis,SnS,Sn4S4,8,0.371,0.20884,-0.026,train
JVASP-7630,jarvis,BAs,B4As4,8,1.415,0.0,0.0,train
JVASP-7632,jarvis,CdSnSb2,Cd4Sn4Sb8,16,0.07,0.84332,-0.0333,train
JVASP-7633,jarvis,SiO2,Si4O8,12,2.21,0.15908,-0.0133,train
JVASP-7634,jarvis,GeSe2,Ge4Se8,12,1.236,2e-05,0.0,train
JVASP-7635,jarvis,YSF,Y2S2F2,6,1.405,0.15496,-0.0089,train
JVASP-7638,jarvis,KAgC2,K1Ag1C2,4,2.42,0.00121,0.0001,train
JVASP-7640,jarvis,KZnSb,K1Zn1Sb1,3,0.269,1e-05,-0.0,train
JVASP-63018,jarvis,Li2BF5,Li8B4F20,32,7.873,0.00588,0.0,train
JVASP-63216,jarvis,Li3As,Li6As2,8,0.764,0.00878,-0.0006,train
JVASP-63291,jarvis,BaB2F8,Ba2B4F16,22,8.456,0.00528,0.0002,train
JVASP-63373,jarvis,Ni(AsO3)2,Ni1As2O6,9,0.884,0.00175,-0.0002,train
JVASP-62681,jarvis,BN,B2N2,4,4.435,0.00172,-0.0002,train
JVASP-62756,jarvis,BN,B2N2,4,4.436,0.0017,-0.0002,train
JVASP-62778,jarvis,BN,B2N2,4,4.46,0.00174,-0.0002,train
JVASP-62798,jarvis,LiBC,Li2B2C2,6,1.272,0.03278,0.0018,train
JVASP-62940,jarvis,BN,B2N2,4,4.46,0.00174,-0.0002,train
JVASP-62970,jarvis,KLi2As,K2Li4As2,8,0.889,0.04172,-0.0036,train
JVASP-62975,jarvis,BN,B2N2,4,4.46,0.00174,-0.0002,train
JVASP-62989,jarvis,KBe2BO3F2,K2Be4B2O6F4,18,6.556,0.04438,0.0007,train
JVASP-7642,jarvis,KAlTe2,K4Al4Te8,16,1.951,0.13944,-0.0045,train
JVASP-7643,jarvis,NaAlSe2,Na4Al4Se8,16,2.439,0.10832,-0.0052,train
JVASP-7646,jarvis,YOF,Y2O2F2,6,5.237,0.01263,-0.0005,train
JVASP-7648,jarvis,ZnS,Zn4S4,8,2.112,2e-05,0.0,train
JVASP-7651,jarvis,K2CuSb,K8Cu4Sb4,16,1.248,0.0179,-0.0009,train
JVASP-7653,jarvis,NaAuC2,Na1Au1C2,4,1.524,0.00915,0.0011,train
JVASP-7654,jarvis,KAuC2,K1Au1C2,4,2.013,0.01365,0.0013,train
JVASP-59103,jarvis,Zn3(PS4)2,Zn6P4S16,26,2.374,0.00172,0.0,train
JVASP-59104,jarvis,Tl2S5,Tl8S20,28,1.613,0.20372,-0.0,train
JVASP-59112,jarvis,As(S8I)3,As3S72I9,84,1.913,0.31185,-0.0003,train
JVASP-59132,jarvis,Tb3GaO6,Tb12Ga4O24,40,3.714,0.00867,-0.0001,train
JVASP-59143,jarvis,Hg4OF6,Hg8O2F12,22,0.224,0.18648,-0.0059,train
JVASP-59181,jarvis,CrOF3,Cr4O4F12,20,0.954,0.04718,-0.0015,train
JVASP-59208,jarvis,Na5MnO4,Na10Mn2O8,20,0.894,0.01602,-0.0002,train
JVASP-59226,jarvis,LiV(PO4)2,Li2V2P4O16,24,0.732,0.32397,-0.0046,train
JVASP-59246,jarvis,TaGaO4,Ta4Ga4O16,24,3.196,0.01174,-0.0003,train
JVASP-7754,jarvis,Er2SO2,Er2S1O2,5,3.186,0.00108,-0.0001,train
JVASP-7756,jarvis,NbAgO3,Nb1Ag1O3,5,1.426,0.00104,-0.0002,train
JVASP-7759,jarvis,Y2SO2,Y2S1O2,5,3.116,0.00117,0.0001,train
JVASP-7760,jarvis,BaTiO3,Ba1Ti1O3,5,1.749,1e-05,-0.0,train
JVASP-7761,jarvis,MgS,Mg4S4,8,3.582,0.0,0.0,train
JVASP-7762,jarvis,MgTe,Mg4Te4,8,2.495,0.0,0.0,train
JVASP-7764,jarvis,Sc2O3,Sc2O3,5,3.566,0.02427,-0.0015,train
JVASP-7766,jarvis,Tb2O3,Tb2O3,5,4.212,0.00503,-0.0004,train
JVASP-76948,jarvis,LiZn2Cu,Li2Zn4Cu2,8,1.311,0.17156,0.0068,train
JVASP-7715,jarvis,YNiSb,Y4Ni4Sb4,12,0.274,0.0,-0.0,train
JVASP-7723,jarvis,SrS3,Sr4S12,16,1.065,4e-05,0.0,train
JVASP-7732,jarvis,KAg2AsO4,K2Ag4As2O8,16,0.249,2e-05,-0.0,train
JVASP-7746,jarvis,NaSnN,Na2Sn2N2,6,1.156,2e-05,0.0,train
JVASP-7751,jarvis,Tb2SO2,Tb2S1O2,5,3.095,0.00093,-0.0001,train
JVASP-7752,jarvis,Dy2SO2,Dy2S1O2,5,3.125,0.0008,-0.0002,train
JVASP-7753,jarvis,Ho2SO2,Ho2S1O2,5,3.155,0.00105,-0.0002,train
JVASP-7683,jarvis,HoSF,Ho2S2F2,6,1.39,0.00432,-0.0006,train
JVASP-7684,jarvis,ErSF,Er2S2F2,6,1.421,0.00582,-0.0007,train
JVASP-7686,jarvis,Sn(HgSe2)2,Sn2Hg4Se8,14,0.109,4e-05,-0.0,train
JVASP-7691,jarvis,YbC2,Yb2C4,6,1.142,0.02482,-0.0024,train
JVASP-7693,jarvis,ScAuO2,Sc2Au2O4,8,1.915,0.00792,-0.0002,train
JVASP-7767,jarvis,Dy2O3,Dy2O3,5,4.277,0.00556,-0.0004,train
JVASP-7768,jarvis,Ho2O3,Ho2O3,5,4.342,0.00715,-0.0007,train
JVASP-7770,jarvis,Tm2O3,Tm2O3,5,4.491,0.00657,-0.0006,train
JVASP-7772,jarvis,YN,Y4N4,8,2.233,0.0044,-0.0004,train
JVASP-7773,jarvis,SrHfO3,Sr1Hf1O3,5,3.886,1e-05,0.0,train
JVASP-7776,jarvis,BN,B4N4,8,5.055,0.0012,-0.0001,train
JVASP-7777,jarvis,LaF3,La4F12,16,6.143,0.40556,0.0253,train
JVASP-78461,jarvis,SrS,Sr4S4,8,2.54,0.0628,-0.0078,train
JVASP-78494,jarvis,CaO2,Ca2O4,6,2.564,0.0009,-0.0001,train
JVASP-78506,jarvis,K2Pt,K8Pt4,12,1.397,0.00764,-0.0006,train
JVASP-78507,jarvis,Rb2Pd,Rb4Pd2,6,0.978,0.0136,0.0001,train
JVASP-78513,jarvis,MgF2,Mg2F4,6,6.174,0.00166,0.0002,train
JVASP-78529,jarvis,Li2Te,Li8Te4,12,2.605,0.00144,-0.0001,train
JVASP-78579,jarvis,BeF2,Be2F4,6,7.005,0.00256,0.0003,train
JVASP-78583,jarvis,NaBeSb,Na4Be4Sb4,12,1.195,0.04284,-0.0036,train
JVASP-78584,jarvis,BaAuCl,Ba4Au4Cl4,12,2.263,0.00856,0.0007,train
JVASP-7833,jarvis,SnTe,Sn4Te4,8,0.107,0.06692,0.0083,train
JVASP-78357,jarvis,GaN,Ga4N4,8,1.786,0.02096,-0.0026,train
JVASP-7836,jarvis,BN,B4N4,8,4.813,0.0,0.0,train
JVASP-7837,jarvis,Si,Si4,4,0.56,0.00064,-0.0001,train
JVASP-78422,jarvis,MgSe,Mg4Se4,8,2.117,0.02168,-0.0027,train
JVASP-7844,jarvis,AlN,Al4N4,8,3.545,0.0,0.0,train
JVASP-78446,jarvis,BN,B2N2,4,3.841,0.00962,0.0008,train
JVASP-7845,jarvis,BaC2,Ba2C4,6,1.791,0.00972,0.0004,train
JVASP-78628,jarvis,KCN,K2C2N2,6,5.444,0.02386,-0.0011,train
JVASP-78629,jarvis,PrOF,Pr4O4F4,12,5.177,0.00752,-0.0006,train
JVASP-78630,jarvis,SmOF,Sm4O4F4,12,5.48,0.0018,-0.0001,train
JVASP-78633,jarvis,YOF,Y4O4F4,12,5.761,0.0072,-0.0006,train
JVASP-78663,jarvis,BaCl2,Ba4Cl8,12,5.594,0.02024,-0.0013,train
JVASP-78707,jarvis,HCN,H2C2N2,6,6.283,0.00088,0.0,train
JVASP-78748,jarvis,NaLiTe,Na4Li4Te4,12,2.072,0.02212,-0.0018,train
JVASP-7778,jarvis,Na4CO4,Na8C2O8,18,2.477,0.01582,-0.0004,train
JVASP-7780,jarvis,AlN,Al4N4,8,4.893,0.0004,-0.0001,train
JVASP-7784,jarvis,LiC,Li4C4,8,3.482,0.00202,-0.0002,train
JVASP-7785,jarvis,SnS,Sn4S4,8,0.614,0.0,0.0,train
JVASP-7786,jarvis,ZnSnF6,Zn3Sn3F18,24,3.775,0.02316,-0.0001,train
JVASP-7787,jarvis,CdSnF6,Cd3Sn3F18,24,3.859,0.01893,-0.0003,train
JVASP-7789,jarvis,Rb2O,Rb8O4,12,1.607,0.01228,-0.0009,train
JVASP-7790,jarvis,ZnPdF6,Zn3Pd3F18,24,1.709,0.02499,0.0005,train
JVASP-7791,jarvis,UCdO4,U3Cd3O12,18,2.081,0.00378,0.0001,train
JVASP-7814,jarvis,MgCN2,Mg4C4N8,16,4.004,0.02068,-0.0012,train
JVASP-7815,jarvis,BeSiN2,Be4Si4N8,16,3.837,4e-05,0.0,train
JVASP-7816,jarvis,CaC2,Ca4C8,12,2.243,0.08708,-0.0024,train
JVASP-7821,jarvis,BN,B8N8,16,1.613,0.00718,-0.0002,train
JVASP-78857,jarvis,NbCoSn,Nb4Co4Sn4,12,1.057,0.16716,-0.0138,train
JVASP-78874,jarvis,GaAgO2,Ga3Ag3O6,12,0.752,0.11523,-0.0033,train
JVASP-7888,jarvis,Li2MnO2,Li2Mn1O2,5,1.13,0.07218,0.0102,train
JVASP-78940,jarvis,CSO,C3S3O3,9,4.64,0.0054,-0.0002,train
JVASP-7902,jarvis,SrS2,Sr4S8,12,1.585,0.11952,0.0059,train
JVASP-7903,jarvis,P3N5,P6N10,16,2.806,4e-05,0.0,train
JVASP-79204,jarvis,BN,B2N2,4,5.431,0.00286,-0.0005,train
JVASP-79211,jarvis,KPrS2,K3Pr3S6,12,2.297,0.04452,-0.0026,train
JVASP-79227,jarvis,AlAgO2,Al3Ag3O6,12,1.237,0.09615,-0.0028,train
JVASP-79251,jarvis,TlF,Tl2F2,4,3.021,0.0057,-0.0009,train
JVASP-79259,jarvis,CaAlSiH,Ca1Al1Si1H1,4,0.546,0.01723,-0.0028,train
JVASP-7926,jarvis,ThSnPt,Th4Sn4Pt4,12,0.639,0.0,-0.0,train
JVASP-79269,jarvis,TlBr,Tl4Br4,8,2.208,0.24568,-0.0124,train
JVASP-79329,jarvis,Sr2SbAu,Sr8Sb4Au4,16,0.771,0.9082,0.0568,train
JVASP-79475,jarvis,CaZrN2,Ca3Zr3N6,12,0.562,0.0792,-0.0043,train
JVASP-78795,jarvis,WS2,W1S2,3,1.824,0.0356,-0.0056,train
JVASP-7881,jarvis,Li2NiO2,Li4Ni2O4,10,0.58,0.00608,-0.0,train
JVASP-78811,jarvis,SrF2,Sr4F8,12,7.077,0.00124,-0.0001,train
JVASP-78819,jarvis,K2S,K8S4,12,2.384,0.00396,-0.0003,train
JVASP-78841,jarvis,KNO2,K2N2O4,8,2.454,0.00268,-0.0001,train
JVASP-78848,jarvis,CeSe2,Ce2Se4,6,0.572,0.08962,0.0042,train
JVASP-78850,jarvis,CeSe2,Ce1Se2,3,0.906,0.02242,0.0026,train
JVASP-78852,jarvis,CeSe2,Ce3Se6,9,0.868,0.06495,0.0057,train
JVASP-79513,jarvis,NaN3,Na2N6,8,0.793,0.01728,-0.0008,train
JVASP-79515,jarvis,KC,K3C3,6,0.588,0.00126,0.0002,train
JVASP-79526,jarvis,CaO,Ca4O4,8,2.008,0.85768,-0.0365,train
JVASP-79549,jarvis,NaN3,Na1N3,4,4.019,0.00032,-0.0001,train
JVASP-79550,jarvis,NaI,Na4I4,8,2.831,0.01052,-0.0011,train
JVASP-79557,jarvis,NaN3,Na2N6,8,0.82,0.00102,0.0,train
JVASP-79566,jarvis,YTlTe2,Y3Tl3Te6,12,0.685,0.10176,-0.0034,train
JVASP-79569,jarvis,MgO,Mg2O2,4,3.666,0.00108,-0.0001,train
JVASP-79794,jarvis,NaCoO2,Na3Co3O6,12,0.876,0.00219,-0.0,train
JVASP-79803,jarvis,HoTlSe2,Ho3Tl3Se6,12,1.323,0.07401,-0.0009,train
JVASP-79806,jarvis,ErTlSe2,Er3Tl3Se6,12,1.298,0.08118,-0.0009,train
JVASP-7982,jarvis,Pr2O3,Pr2O3,5,3.895,0.00089,0.0001,train
JVASP-7987,jarvis,BaTe2,Ba4Te8,12,0.613,0.62192,0.033,train
JVASP-7793,jarvis,AlTlO2,Al8Tl8O16,32,2.285,0.01352,-0.0004,train
JVASP-7795,jarvis,TlGaO2,Tl6Ga6O12,24,2.217,0.00152,0.0,train
JVASP-7803,jarvis,CdTe,Cd3Te3,6,0.107,0.25203,-0.0169,train
JVASP-7804,jarvis,Se,Se3,3,0.898,0.01125,-0.002,train
JVASP-7812,jarvis,KZnAs,K1Zn1As1,3,0.225,1e-05,-0.0,train
JVASP-8010,jarvis,BaTe,Ba1Te1,2,0.768,0.04684,-0.0234,train
JVASP-8012,jarvis,SrC2,Sr2C4,6,1.796,0.00222,-0.0003,train
JVASP-80202,jarvis,K2HgSe,K6Hg3Se3,12,1.922,0.00351,0.0003,train
JVASP-80243,jarvis,Rb2AuI,Rb4Au2I2,8,3.273,0.1287,-0.0053,train
JVASP-8025,jarvis,TiF2,Ti4F8,12,0.804,0.00092,0.0001,train
JVASP-8029,jarvis,BaTiO3,Ba1Ti1O3,5,1.764,0.00449,-0.0009,train
JVASP-8031,jarvis,CdSiAs2,Cd4Si4As8,16,0.363,4e-05,0.0,train
JVASP-79621,jarvis,H2,H8,8,8.253,0.0004,0.0,train
JVASP-79624,jarvis,GaP,Ga2P2,4,1.263,0.05438,-0.0118,train
JVASP-7966,jarvis,ZrPbO3,Zr2Pb2O6,10,2.809,2e-05,-0.0,train
JVASP-7974,jarvis,InSe,In4Se4,8,0.23,0.04648,-0.0019,train
JVASP-79757,jarvis,AlCuS2,Al3Cu3S6,12,1.421,0.02025,-0.0012,train
JVASP-79759,jarvis,CuBO2,Cu3B3O6,12,1.689,0.10908,-0.0035,train
JVASP-79775,jarvis,LiTbSe2,Li3Tb3Se6,12,1.556,0.03903,-0.0016,train
JVASP-8033,jarvis,NaNbO3,Na1Nb1O3,5,1.632,0.00114,-0.0002,train
JVASP-8034,jarvis,TlS,Tl8S8,16,0.669,0.04164,0.0016,train
JVASP-8036,jarvis,BaSO4,Ba4S4O16,24,4.562,0.05504,0.0022,train
JVASP-8038,jarvis,Sr2SnO4,Sr4Sn2O8,14,2.868,0.00178,-0.0001,train
JVASP-8039,jarvis,BN,B8N8,16,3.706,0.0012,0.0,train
JVASP-8041,jarvis,HgTe,Hg3Te3,6,0.522,2e-05,-0.0,train
JVASP-8044,jarvis,TbNiSb,Tb4Ni4Sb4,12,0.294,0.0,-0.0,train
JVASP-8047,jarvis,ZnSe,Zn2Se2,4,1.255,1e-05,0.0,train
JVASP-8048,jarvis,Ba2ZrS4,Ba4Zr2S8,14,0.672,2e-05,0.0,train
JVASP-7991,jarvis,ZnO,Zn4O4,8,1.078,0.0056,-0.0007,train
JVASP-7992,jarvis,GeO2,Ge3O6,9,3.245,1e-05,0.0,train
JVASP-7999,jarvis,Li3N,Li6N2,8,1.628,0.00562,-0.0003,train
JVASP-8001,jarvis,IrF3,Ir6F18,24,1.225,0.00852,0.0002,train
JVASP-8003,jarvis,CdS,Cd4S4,8,0.993,0.0,0.0,train
JVASP-8004,jarvis,CaC2,Ca2C4,6,1.444,0.01886,-0.0015,train
JVASP-8005,jarvis,SiOs,Si4Os4,8,0.503,0.0,0.0,train
JVASP-8006,jarvis,C,C16,16,2.743,0.114,-0.0071,train
JVASP-8049,jarvis,CdSnAs2,Cd4Sn4As8,16,0.101,0.47928,-0.0123,train
JVASP-8051,jarvis,ZnGeAs2,Zn4Ge4As8,16,0.079,0.77212,-0.0102,train
JVASP-8052,jarvis,Ga2CoS4,Ga4Co2S8,14,0.415,2e-05,0.0,train
JVASP-8053,jarvis,NaTaO3,Na1Ta1O3,5,2.332,0.00089,-0.0002,train
JVASP-8055,jarvis,Ba(CuS)2,Ba2Cu4S4,10,0.572,0.05524,-0.004,train
JVASP-8056,jarvis,KAsF6,K3As3F18,24,5.095,0.00078,0.0,train
JVASP-8057,jarvis,KNbO3,K1Nb1O3,5,1.525,1e-05,0.0,train
JVASP-8060,jarvis,NaCuO2,Na2Cu2O4,8,0.564,0.05242,0.0022,train
JVASP-8097,jarvis,NdSF,Nd2S2F2,6,1.311,0.03243,-0.0021,train
JVASP-81,jarvis,GaSe,Ga4Se4,8,0.725,2e-05,-0.0,train
JVASP-8101,jarvis,CaTiO3,Ca1Ti1O3,5,1.869,0.00041,0.0001,train
JVASP-8108,jarvis,PrCuSO,Pr2Cu2S2O2,8,1.856,0.00316,-0.0003,train
JVASP-8109,jarvis,HgS,Hg3S3,6,1.399,0.00597,0.0008,train
JVASP-8113,jarvis,AgCNO,Ag2C2N2O2,8,3.18,0.13341,0.0058,train
JVASP-8170,jarvis,RbTe,Rb4Te4,8,0.858,0.01064,0.0003,train
JVASP-8173,jarvis,RbNaO,Rb2Na2O2,6,2.535,0.00235,-0.0002,train
JVASP-8174,jarvis,Sb2TeSe2,Sb6Te3Se6,15,0.4,3e-05,-0.0,train
JVASP-8175,jarvis,Ca2SiO4,Ca4Si2O8,14,4.515,0.0073,-0.0002,train
JVASP-8178,jarvis,FeSi,Fe4Si4,8,0.153,0.0,0.0,train
JVASP-8182,jarvis,AlP,Al2P2,4,2.05,0.0,-0.0,train
JVASP-8183,jarvis,AlAs,Al2As2,4,1.808,0.0,0.0,train
JVASP-8184,jarvis,GaP,Ga2P2,4,1.263,0.0,-0.0,train
JVASP-8115,jarvis,KNaO,K2Na2O2,6,2.649,0.00588,-0.0007,train
JVASP-81152,jarvis,Li2CuAg,Li4Cu2Ag2,8,1.961,0.013,-0.0005,train
JVASP-8116,jarvis,YCuO2,Y3Cu3O6,12,2.877,0.00177,0.0,train
JVASP-8118,jarvis,SiC,Si2C2,4,2.618,0.0,0.0,train
JVASP-8119,jarvis,ScSbPt,Sc4Sb4Pt4,12,0.582,0.0,0.0,train
JVASP-8120,jarvis,CaZnSO,Ca2Zn2S2O2,8,2.888,0.0,0.0,train
JVASP-8121,jarvis,Ca3AsN,Ca3As1N1,5,0.759,0.02622,-0.0052,train
JVASP-8126,jarvis,NaCuTe,Na2Cu2Te2,6,0.754,0.05802,-0.0094,train
JVASP-8127,jarvis,K2Sn2O3,K6Sn6O9,21,1.21,0.05346,0.0002,train
JVASP-8128,jarvis,BaSe3,Ba2Se6,8,0.996,1e-05,-0.0,train
JVASP-8145,jarvis,HgO,Hg3O3,6,1.307,0.01399,0.001,train
JVASP-8146,jarvis,AlAgS2,Al1Ag1S2,4,1.84,1e-05,0.0,train
JVASP-8147,jarvis,Mg3As2,Mg3As2,5,1.107,0.05089,-0.01,train
JVASP-8148,jarvis,Rb2O2,Rb4O4,8,2.177,0.0038,-0.0,train
JVASP-8150,jarvis,SiO2,Si4O8,12,4.9,0.00652,-0.0005,train
JVASP-8152,jarvis,Li3Sb,Li6Sb2,8,0.607,0.0152,-0.0014,train
JVASP-8153,jarvis,Mg2SiO4,Mg4Si2O8,14,4.021,2e-05,-0.0,train
JVASP-8155,jarvis,LiGaO2,Li3Ga3O6,12,4.054,0.01665,-0.0009,train
JVASP-8076,jarvis,CdGeAs2,Cd4Ge4As8,16,0.145,0.20734,0.0075,train
JVASP-8080,jarvis,ZnSnAs2,Zn4Sn4As8,16,0.002,0.0399,-0.002,train
JVASP-8083,jarvis,KNbO3,K2Nb2O6,10,1.888,0.04506,0.001,train
JVASP-8087,jarvis,RbCuC2,Rb2Cu2C4,8,2.116,0.00425,0.0004,train
JVASP-8090,jarvis,AlTlF4,Al1Tl1F4,6,4.586,0.00213,0.0002,train
JVASP-8092,jarvis,ErSnAu,Er4Sn4Au4,12,0.053,0.23788,-0.0198,train
JVASP-8093,jarvis,BaCeO3,Ba1Ce1O3,5,2.542,0.00142,0.0003,train
JVASP-8094,jarvis,NaCrS2,Na3Cr3S6,12,1.068,0.01407,-0.0007,train
JVASP-8061,jarvis,SrHfO3,Sr1Hf1O3,5,3.886,0.00041,-0.0001,train
JVASP-8062,jarvis,BaCO3,Ba3C3O9,15,4.828,3e-05,0.0,train
JVASP-8064,jarvis,ScCuO2,Sc3Cu3O6,12,2.399,0.01464,-0.0005,train
JVASP-8065,jarvis,GeO2,Ge2O4,6,1.366,0.00418,-0.0007,train
JVASP-8067,jarvis,C,C4,4,3.764,0.00156,-0.0002,train
JVASP-8070,jarvis,Na2PdC2,Na2Pd1C2,5,0.89,0.01837,-0.0012,train
JVASP-8071,jarvis,GaCuSe2,Ga4Cu4Se8,16,0.087,0.36738,-0.0119,train
JVASP-8072,jarvis,NiP2,Ni4P8,12,0.492,0.0,0.0,train
JVASP-80721,jarvis,YAgS2,Y3Ag3S6,12,1.7,0.09966,-0.0039,train
JVASP-80722,jarvis,AgH,Ag2H2,4,0.795,0.03104,-0.0027,train
JVASP-8157,jarvis,BaThO3,Ba1Th1O3,5,3.338,0.00585,-0.0011,train
JVASP-8158,jarvis,SiC,Si4C4,8,1.62,0.0,0.0,train
JVASP-8160,jarvis,UO3,U1O3,4,1.871,0.02072,-0.0015,train
JVASP-8161,jarvis,ThSO,Th2S2O2,6,1.269,0.00632,-0.0008,train
JVASP-8162,jarvis,RbScO2,Rb3Sc3O6,12,3.399,0.00822,0.0004,train
JVASP-8166,jarvis,GaGeTe,Ga6Ge6Te6,18,0.053,3e-05,0.0,train
JVASP-8167,jarvis,ZrSO,Zr2S2O2,6,0.956,0.00752,-0.0012,train
JVASP-8169,jarvis,GaN,Ga4N4,8,1.786,0.0,0.0,train
JVASP-81285,jarvis,LiZn2Cu,Li2Zn4Cu2,8,1.311,0.17228,0.0069,train
JVASP-8129,jarvis,GeS2,Ge4S8,12,2.218,2e-05,-0.0,train
JVASP-8130,jarvis,SiS2,Si4S8,12,3.086,2e-05,-0.0,train
JVASP-8135,jarvis,Li2UO4,Li4U2O8,14,2.234,0.01784,0.0006,train
JVASP-8136,jarvis,Na2UO4,Na4U2O8,14,2.166,0.01054,-0.0005,train
JVASP-8137,jarvis,Ba2ZnF6,Ba4Zn2F12,18,5.041,0.02502,0.0006,train
JVASP-8138,jarvis,NaAlO2,Na3Al3O6,12,5.309,0.00744,-0.0003,train
JVASP-81432,jarvis,Ba2AsBr,Ba8As4Br4,16,0.949,0.02276,-0.0014,train
JVASP-8144,jarvis,SrSO4,Sr4S4O16,24,4.024,0.03768,0.0015,train
JVASP-81991,jarvis,SnS,Sn4S4,8,0.613,0.25104,0.0058,train
JVASP-82,jarvis,ZrS2,Zr1S2,3,0.911,1e-05,0.0,train
JVASP-8205,jarvis,KAg2SbS4,K2Ag4Sb2S8,16,0.244,2e-05,0.0,train
JVASP-8206,jarvis,Mg(AlC)2,Mg1Al2C2,5,2.003,0.00736,-0.0013,train
JVASP-8214,jarvis,Tl3AsS3,Tl9As3S9,21,1.082,0.04644,-0.0008,train
JVASP-8215,jarvis,Te3As2,Te9As6,15,0.328,3e-05,-0.0,train
JVASP-8217,jarvis,K3SbS4,K6Sb2S8,16,2.07,6e-05,0.0,train
JVASP-8218,jarvis,HfS3,Hf2S6,8,1.183,1e-05,0.0,train
JVASP-8185,jarvis,GaAs,Ga2As2,4,0.098,0.0,0.0,train
JVASP-8186,jarvis,ZnTe,Zn2Te2,4,1.079,0.06646,-0.0143,train
JVASP-81865,jarvis,LiCuAu2,Li2Cu2Au4,8,1.285,0.01874,-0.0008,train
JVASP-8187,jarvis,TaCuN2,Ta3Cu3N6,12,0.578,0.06192,-0.0035,train
JVASP-819,jarvis,Ar,Ar4,4,8.718,0.01524,-0.0025,train
JVASP-8190,jarvis,Cu2WS4,Cu2W1S4,7,0.787,1e-05,-0.0,train
JVASP-8191,jarvis,ZrPdF6,Zr3Pd3F18,24,1.07,0.00312,0.0001,train
JVASP-8196,jarvis,SmCuSeO,Sm2Cu2Se2O2,8,1.474,0.01038,-0.0009,train
JVASP-8198,jarvis,HgS,Hg3S3,6,1.399,0.00663,0.0009,train
JVASP-8235,jarvis,AlCuO2,Al3Cu3O6,12,2.066,0.04932,-0.0012,train
JVASP-8238,jarvis,CrF6,Cr3F18,21,1.919,0.00534,0.0002,train
JVASP-8243,jarvis,BiOF,Bi2O2F2,6,2.821,0.02362,-0.0019,train
JVASP-8248,jarvis,NiO2,Ni3O6,9,0.777,0.00342,0.0003,train
JVASP-8256,jarvis,TiO2,Ti3O6,9,2.331,0.00819,-0.0005,train
JVASP-8257,jarvis,SnO2,Sn3O6,9,1.472,0.00516,-0.0003,train
JVASP-8259,jarvis,AlCuO2,Al2Cu2O4,8,2.088,0.00474,-0.0002,train
JVASP-8490,jarvis,InSe,In4Se4,8,0.877,2e-05,0.0,train
JVASP-8263,jarvis,MgV2O6,Mg2V4O12,18,1.787,0.00296,-0.0001,train
JVASP-8266,jarvis,TiO2,Ti3O6,9,2.355,0.00723,-0.0006,train
JVASP-8288,jarvis,BiN,Bi2N2,4,0.295,0.03198,0.001,train
JVASP-8302,jarvis,SbF5,Sb2F10,12,0.568,0.0416,-0.001,train
JVASP-8303,jarvis,AlVF5,Al2V2F10,14,1.016,0.00222,0.0001,train
JVASP-8305,jarvis,CaSnF4,Ca1Sn1F4,6,4.007,0.00307,0.0001,train
JVASP-8316,jarvis,MnAlF5,Mn2Al2F10,14,2.379,0.00134,0.0001,train
JVASP-8514,jarvis,SiSe2,Si4Se8,12,1.614,0.00356,-0.0002,train
JVASP-8518,jarvis,TlInSe2,Tl4In4Se8,16,0.973,0.06444,-0.0037,train
JVASP-8432,jarvis,InAgSe2,In4Ag4Se8,16,0.084,0.64668,-0.0048,train
JVASP-8454,jarvis,PbO,Pb4O4,8,2.292,0.02624,-0.0007,train
JVASP-8456,jarvis,GeO2,Ge3O6,9,0.973,0.01242,0.001,train
JVASP-8464,jarvis,RbPbF3,Rb1Pb1F3,5,3.499,0.00279,0.0004,train
JVASP-8329,jarvis,SbN,Sb2N2,4,1.097,0.00886,-0.0016,train
JVASP-8332,jarvis,ZnNiF6,Zn3Ni3F18,24,1.147,0.02691,0.0011,train
JVASP-8337,jarvis,TiZnF6,Ti3Zn3F18,24,4.079,0.00696,0.0002,train
JVASP-8344,jarvis,YSnF5,Y2Sn2F10,14,3.156,0.21068,-0.0049,train
JVASP-8347,jarvis,CaNiF6,Ca3Ni3F18,24,1.425,0.00666,0.0003,train
JVASP-8352,jarvis,MnZnF6,Mn3Zn3F18,24,1.963,0.01482,0.0006,train
JVASP-8362,jarvis,YCuO2,Y3Cu3O6,12,2.876,0.00138,0.0,train
JVASP-8369,jarvis,AlCuSe2,Al4Cu4Se8,16,1.069,0.04408,-0.0024,train
JVASP-8370,jarvis,AlCuS2,Al4Cu4S8,16,1.896,0.01896,-0.001,train
JVASP-8583,jarvis,AgBr,Ag4Br4,8,0.792,0.02156,-0.0027,train
JVASP-8586,jarvis,KCl,K1Cl1,2,5.348,0.00063,0.0003,train
JVASP-8587,jarvis,TbCl3,Tb4Cl12,16,3.581,0.0,-0.0,train
JVASP-8588,jarvis,RbCl,Rb1Cl1,2,5.336,0.00313,-0.0016,train
JVASP-8590,jarvis,RbI,Rb1I1,2,3.748,0.00177,-0.0006,train
JVASP-8596,jarvis,NaBeH3,Na1Be1H3,5,1.667,0.00265,-0.0005,train
JVASP-8598,jarvis,CuH4(OF)2,Cu2H8O4F4,18,0.526,0.00858,-0.0002,train
JVASP-8599,jarvis,GaHO2,Ga2H2O4,8,3.315,2e-05,-0.0,train
JVASP-8554,jarvis,InCuSe2,In4Cu4Se8,16,0.006,0.09804,-0.0033,train
JVASP-8557,jarvis,TlI,Tl4I4,8,2.204,0.36214,-0.0148,train
JVASP-8561,jarvis,AgI,Ag2I2,4,1.284,1e-05,0.0,train
JVASP-8562,jarvis,CuI,Cu3I3,6,1.25,0.0,-0.0,train
JVASP-8563,jarvis,LiI,Li4I4,8,4.581,0.0246,-0.0018,train
JVASP-8564,jarvis,KI,K1I1,2,3.632,0.00353,-0.0017,train
JVASP-8566,jarvis,AgI,Ag4I4,8,0.629,0.01256,-0.0016,train
JVASP-8533,jarvis,NaO3,Na2O6,8,0.477,0.0,0.0,train
JVASP-8537,jarvis,HfPbO3,Hf1Pb1O3,5,2.539,0.01255,-0.0024,train
JVASP-8539,jarvis,TlInS2,Tl3In3S6,12,0.734,0.91146,0.0232,train
JVASP-8545,jarvis,ZrSnPd,Zr4Sn4Pd4,12,0.092,0.25204,-0.0206,train
JVASP-855,jarvis,Cl2,Cl8,8,2.325,0.09816,-0.0052,train
JVASP-8551,jarvis,ThNiSn,Th4Ni4Sn4,12,0.323,4e-05,-0.0,train
JVASP-8574,jarvis,BiOF,Bi2O2F2,6,3.258,0.00161,0.0002,train
JVASP-8576,jarvis,K2Os(Cl2O)2,K4Os2Cl8O4,18,1.605,0.01868,-0.0008,train
JVASP-8578,jarvis,TlCl,Tl1Cl1,2,2.208,0.00026,-0.0001,train
JVASP-8579,jarvis,HgI2,Hg4I8,12,1.766,2e-05,0.0,train
JVASP-8581,jarvis,Li3Bi,Li12Bi4,16,0.572,0.16704,-0.0098,train
JVASP-8371,jarvis,ZnCu2GeS4,Zn2Cu4Ge2S8,16,0.325,0.15618,-0.0055,train
JVASP-8381,jarvis,YMnF5,Y2Mn2F10,14,2.065,0.01064,-0.0002,train
JVASP-8388,jarvis,MoWO6,Mo1W1O6,8,2.134,0.00092,0.0,train
JVASP-8395,jarvis,SnO2,Sn4O8,12,1.623,0.0145,-0.0007,train
JVASP-8397,jarvis,SnS2,Sn4S8,12,1.537,0.13976,-0.005,train
JVASP-8399,jarvis,TiS2,Ti4S8,12,1.379,0.12896,-0.0008,train
JVASP-840,jarvis,Br,Br8,8,1.308,0.01956,0.0008,train
JVASP-8600,jarvis,NaHO,Na4H4O4,12,3.18,0.0008,-0.0,train
JVASP-8601,jarvis,NaHO,Na2H2O2,6,3.196,0.00042,-0.0,train
JVASP-8602,jarvis,RbCaH3,Rb1Ca1H3,5,3.345,0.0014,0.0003,train
JVASP-8603,jarvis,CuH,Cu2H2,4,0.676,0.0,0.0,train
JVASP-8605,jarvis,LiNd2HO3,Li2Nd4H2O6,14,2.054,0.00278,-0.0001,train
JVASP-8606,jarvis,SrLiH3,Sr1Li1H3,5,2.364,0.00249,-0.0005,train
JVASP-8607,jarvis,KH2N,K2H4N2,8,2.383,0.00109,-0.0,train
JVASP-8639,jarvis,CrHO2,Cr2H2O4,8,1.113,4e-05,0.0,train
JVASP-8640,jarvis,LiMnO2,Li2Mn2O4,8,0.717,0.00092,0.0,train
JVASP-8641,jarvis,Mn(HO)2,Mn1H2O2,5,0.856,1e-05,-0.0,train
JVASP-8642,jarvis,MnO2,Mn3O6,9,0.735,0.03357,0.0013,train
JVASP-8645,jarvis,NiO2,Ni3O6,9,0.778,0.00345,0.0003,train
JVASP-8650,jarvis,LiCuPO4,Li2Cu2P2O8,14,0.232,2e-05,0.0,train
JVASP-8655,jarvis,KAuO2,K1Au1O2,4,1.181,0.01481,0.0014,train
JVASP-8704,jarvis,Bi2CO5,Bi4C2O10,16,1.231,0.00688,-0.0002,train
JVASP-8705,jarvis,Mg2H2O3,Mg2H2O3,7,4.068,1e-05,0.0,train
JVASP-8706,jarvis,YAuO2,Y2Au2O4,8,2.764,0.00306,-0.0002,train
JVASP-8713,jarvis,ScNiBi,Sc4Ni4Bi4,12,0.177,0.0,-0.0,train
JVASP-8714,jarvis,YNiBi,Y4Ni4Bi4,12,0.183,4e-05,0.0,train
JVASP-8728,jarvis,TiSnPt,Ti4Sn4Pt4,12,0.832,0.0,-0.0,train
JVASP-8656,jarvis,Tl2O,Tl12O6,18,0.621,0.34503,-0.0041,train
JVASP-8664,jarvis,SO2,S4O8,12,2.646,0.0,0.0,train
JVASP-8666,jarvis,TlAgI2,Tl4Ag4I8,16,1.833,0.01396,-0.0005,train
JVASP-8668,jarvis,CI4,C2I8,10,0.941,0.19728,-0.0066,train
JVASP-8670,jarvis,SbTeI,Sb2Te2I2,6,0.891,0.0492,-0.0031,train
JVASP-8671,jarvis,Li2MnBr4,Li4Mn2Br8,14,1.606,0.00632,-0.0,train
JVASP-8673,jarvis,Li3BrO,Li3Br1O1,5,4.672,0.00119,-0.0002,train
JVASP-8679,jarvis,Li2MgBr4,Li4Mg2Br8,14,4.784,0.00616,-0.0001,train
JVASP-8682,jarvis,AuCN,Au1C1N1,3,1.363,1e-05,0.0,train
JVASP-8801,jarvis,HoTaO4,Ho1Ta1O4,6,2.498,0.00153,-0.0001,train
JVASP-8804,jarvis,Ag3AuS2,Ag9Au3S6,18,1.702,0.00708,-0.0,train
JVASP-8805,jarvis,Li2HN,Li4H2N2,8,3.463,2e-05,0.0,train
JVASP-8813,jarvis,MgGeP2,Mg4Ge4P8,16,1.487,2e-05,0.0,train
JVASP-8733,jarvis,NaClO2,Na4Cl4O8,16,2.554,0.00408,-0.0002,train
JVASP-8748,jarvis,KClO2,K4Cl4O8,16,2.226,0.02368,-0.0005,train
JVASP-8750,jarvis,VSbRu,V4Sb4Ru4,12,0.39,0.0,0.0,train
JVASP-8753,jarvis,Ni(HO)2,Ni1H2O2,5,0.937,0.0,0.0,train
JVASP-8756,jarvis,Ag2S,Ag8S4,12,1.101,0.0,-0.0,train
JVASP-8757,jarvis,HBr,H4Br4,8,4.657,2e-05,0.0,train
JVASP-8761,jarvis,Ag2S,Ag6S3,9,0.277,1e-05,-0.0,train
JVASP-8762,jarvis,CuBr,Cu2Br2,4,0.624,0.03314,-0.0077,train
JVASP-8766,jarvis,Nd2O3,Nd2O3,5,0.916,0.00424,-0.0008,train
JVASP-8768,jarvis,SF4,S2F8,10,1.498,0.03878,-0.0036,train
JVASP-8816,jarvis,Ag3AuS2,Ag3Au1S2,6,1.208,1e-05,-0.0,train
JVASP-8818,jarvis,Sr2H5Rh,Sr4H10Rh2,16,0.651,2e-05,0.0,train
JVASP-8822,jarvis,PHN2,P4H4N8,16,4.713,2e-05,0.0,train
JVASP-8823,jarvis,CuCN,Cu3C3N3,9,2.633,0.01176,0.0004,train
JVASP-8826,jarvis,Na2CeO3,Na2Ce1O3,6,1.743,0.0173,0.0023,train
JVASP-8828,jarvis,Zn2GeSe4,Zn4Ge2Se8,14,1.326,0.0,-0.0,train
JVASP-9580,jarvis,GaPO4,Ga3P3O12,18,4.656,0.00333,0.0001,train
JVASP-9583,jarvis,Ge2N2O,Ge8N8O4,20,2.701,8e-05,0.0,train
JVASP-9585,jarvis,Ag3PO4,Ag6P2O8,16,0.332,0.00374,0.0002,train
JVASP-9595,jarvis,NaCdF3,Na6Cd6F18,30,3.565,6e-05,-0.0,train
JVASP-96,jarvis,ZnSe,Zn4Se4,8,1.224,0.0,0.0,train
JVASP-9600,jarvis,TlNO2,Tl3N3O6,12,1.5,1e-05,0.0,train
JVASP-9603,jarvis,Si2N2O,Si8N8O4,20,5.124,5e-05,-0.0,train
JVASP-9604,jarvis,NaNbO3,Na6Nb6O18,30,2.755,6e-05,-0.0,train
JVASP-9137,jarvis,TeO2,Te4O8,12,3.041,0.02096,-0.0006,train
JVASP-9141,jarvis,C3N4,C12N16,28,3.191,0.00012,0.0,train
JVASP-9149,jarvis,Th3As4,Th12As16,28,0.334,0.00892,0.0003,train
JVASP-9151,jarvis,CdP2,Cd4P8,12,1.419,2e-05,-0.0,train
JVASP-9159,jarvis,Ga2S3,Ga8S12,20,1.677,0.03708,-0.0011,train
JVASP-9161,jarvis,TeO2,Te4O8,12,3.041,0.02092,-0.0006,train
JVASP-9170,jarvis,P4S5,P8S10,18,2.231,0.12325,0.0038,train
JVASP-8774,jarvis,LiYS2,Li4Y4S8,16,2.01,0.10516,-0.0054,train
JVASP-8779,jarvis,LiDyS2,Li4Dy4S8,16,1.997,0.12148,-0.0062,train
JVASP-8781,jarvis,BiTeBr,Bi1Te1Br1,3,1.131,1e-05,0.0,train
JVASP-8784,jarvis,Sr(GaTe2)2,Sr2Ga4Te8,14,0.383,0.69702,-0.0183,train
JVASP-8788,jarvis,Ba(InTe2)2,Ba2In4Te8,14,1.018,0.48214,-0.017,train
JVASP-8795,jarvis,Zn(InSe2)2,Zn2In4Se8,14,0.809,2e-05,-0.0,train
JVASP-8800,jarvis,H4NCl,H4N1Cl1,6,5.288,0.0,0.0,train
JVASP-907,jarvis,Kr,Kr4,4,7.26,0.00224,-0.0005,train
JVASP-9085,jarvis,KS,K6S6,12,1.478,3e-05,-0.0,train
JVASP-9088,jarvis,Ga2Se3,Ga8Se12,20,0.993,0.17328,-0.0069,train
JVASP-9089,jarvis,CaP,Ca6P6,12,0.372,2e-05,0.0,train
JVASP-9091,jarvis,Th3P4,Th12P16,28,0.327,0.02886,-0.001,train
JVASP-9097,jarvis,KTe,K6Te6,12,0.199,2e-05,-0.0,train
JVASP-91,jarvis,C,C8,8,4.457,0.0008,0.0001,train
JVASP-9286,jarvis,Zn(SnO2)4,Zn1Sn4O8,13,1.513,0.00136,-0.0001,train
JVASP-9374,jarvis,ZnGeN2,Zn4Ge4N8,16,1.866,0.036,-0.0015,train
JVASP-9381,jarvis,Ga3PO7,Ga9P3O21,33,3.426,9e-05,-0.0,train
JVASP-9389,jarvis,CaCO3,Ca2C2O6,10,4.38,2e-05,0.0,train
JVASP-9390,jarvis,HgSO4,Hg2S2O8,12,1.491,3e-05,-0.0,train
JVASP-9401,jarvis,NaGaO2,Na4Ga4O8,16,3.001,0.00744,-0.0003,train
JVASP-9407,jarvis,LiAlO2,Li4Al4O8,16,4.963,0.00132,0.0,train
JVASP-9408,jarvis,SbPO4,Sb2P2O8,12,4.065,2e-05,-0.0,train
JVASP-9426,jarvis,LiTaO3,Li6Ta6O18,30,3.767,7e-05,0.0,train
JVASP-9427,jarvis,MgSiN2,Mg4Si4N8,16,4.46,0.00164,-0.0,train
JVASP-9444,jarvis,BaZnF4,Ba4Zn4F16,24,4.786,4e-05,0.0,train
JVASP-9449,jarvis,Mg2PN3,Mg8P4N12,24,4.047,4e-05,-0.0,train
JVASP-9454,jarvis,Ba2Ti3Tl2O10,Ba2Ti3Tl2O10,17,0.805,0.00524,-0.0002,train
JVASP-9906,jarvis,Mg(SnO2)2,Mg4Sn8O16,28,0.258,0.01562,-0.0004,train
JVASP-9946,jarvis,Ca2YSnO5,Ca4Y2Sn2O10,18,2.543,0.00137,0.0001,train
JVASP-9990,jarvis,Ca5B3O9F,Ca10B6O18F2,36,4.511,0.07958,-0.0008,train
JVASP-8684,jarvis,Mg2Al2Se5,Mg2Al2Se5,9,1.307,0.01534,-0.0011,train
JVASP-8689,jarvis,UCO5,U2C2O10,14,2.48,2e-05,-0.0,train
JVASP-8690,jarvis,MgC2,Mg2C4,6,2.75,0.0017,-0.0003,train
JVASP-86924,jarvis,ZrTe5,Zr4Te20,24,0.014,0.54596,-0.0144,train
JVASP-8693,jarvis,LiAuC2,Li1Au1C2,4,1.561,0.00827,0.0007,train
JVASP-8703,jarvis,BC2N,B2C4N2,8,2.458,0.00094,-0.0001,train
JVASP-9609,jarvis,Na2SiO3,Na8Si4O12,24,4.147,4e-05,0.0,train
JVASP-9644,jarvis,BiO2,Bi8O16,24,0.836,0.02162,0.0005,train
JVASP-9671,jarvis,Ca(SbO2)2,Ca4Sb8O16,28,2.649,0.01084,0.0001,train
JVASP-9674,jarvis,K3TaO8,K6Ta2O16,24,3.232,4e-05,-0.0,train
JVASP-9702,jarvis,Ag3AsSe3,Ag18As6Se18,42,0.63,0.02343,-0.0003,train
JVASP-9704,jarvis,AlAsO4,Al3As3O12,18,4.095,0.0039,0.0001,train
JVASP-9705,jarvis,ReTeS,Re16Te16S16,48,0.241,0.98072,-0.02,train
JVASP-9717,jarvis,Rb3TaO8,Rb6Ta2O16,24,3.26,6e-05,0.0,train
JVASP-9732,jarvis,CdSO4,Cd2S2O8,12,3.364,2e-05,-0.0,train
JVASP-9734,jarvis,Tl3PO4,Tl6P2O8,16,2.698,0.00869,0.0003,train
JVASP-9738,jarvis,Na2GeO3,Na8Ge4O12,24,3.129,2e-05,0.0,train
JVASP-9743,jarvis,LiGaO2,Li4Ga4O8,16,3.346,0.00176,-0.0,train
JVASP-9765,jarvis,LiCdBO3,Li3Cd3B3O9,18,2.313,0.02999,0.0008,train
JVASP-9772,jarvis,AgHgAsS3,Ag4Hg4As4S12,24,1.161,0.04748,0.0001,train
JVASP-9788,jarvis,Na2ZnSiO4,Na4Zn2Si2O8,16,3.442,0.00401,0.0001,train
JVASP-9224,jarvis,Mg(BiO3)2,Mg2Bi4O12,18,0.18,0.08876,-0.002,train
JVASP-9225,jarvis,Mg(SbO3)2,Mg2Sb4O12,18,1.532,0.0273,-0.0007,train
JVASP-9226,jarvis,MgTa2O6,Mg2Ta4O12,18,3.122,0.02932,-0.0006,train
JVASP-9228,jarvis,Zn(SbO3)2,Zn2Sb4O12,18,1.176,0.04664,-0.0012,train
JVASP-9231,jarvis,Ta2ZnO6,Ta4Zn2O12,18,2.915,0.06063,-0.0014,train
JVASP-9234,jarvis,V2ZnO6,V4Zn2O12,18,1.678,0.0011,0.0,train
JVASP-9244,jarvis,MgV2O6,Mg2V4O12,18,1.663,0.3225,-0.006,train
JVASP-9282,jarvis,Mg(SbO2)4,Mg1Sb4O8,13,1.714,0.00457,-0.0002,train
JVASP-9285,jarvis,Zn(SbO2)4,Zn1Sb4O8,13,1.592,0.00199,-0.0001,train
JVASP-9789,jarvis,Na2ZnGeO4,Na4Zn2Ge2O8,16,2.78,0.01354,0.0003,train
JVASP-9790,jarvis,Na2MgSiO4,Na4Mg2Si2O8,16,4.102,0.0111,0.0003,train
JVASP-9793,jarvis,CdCu2SiS4,Cd2Cu4Si2S8,16,1.04,0.37753,0.0078,train
JVASP-9802,jarvis,Mg(BiO2)2,Mg4Bi8O16,28,1.811,0.00642,0.0001,train
JVASP-9866,jarvis,Mg(SnO2)2,Mg4Sn8O16,28,0.258,0.0164,-0.0004,train
JVASP-9876,jarvis,Ca2AlBiO5,Ca8Al4Bi4O20,36,2.526,0.01116,-0.0001,train
JVASP-9481,jarvis,MgTiSiO5,Mg2Ti2Si2O10,16,2.937,0.0024,-0.0001,train
JVASP-9487,jarvis,TiZnSiO5,Ti2Zn2Si2O10,16,2.98,0.01312,-0.0005,train
JVASP-95,jarvis,CdS,Cd2S2,4,1.056,0.0,0.0,train
JVASP-9536,jarvis,MnZnF4,Mn2Zn2F8,12,1.606,0.00126,0.0,train
JVASP-9563,jarvis,Zn2Bi2O5,Zn4Bi4O10,18,1.541,0.07877,0.001,train
JVASP-9564,jarvis,Mg2Sb2O5,Mg4Sb4O10,18,0.865,0.13879,-0.0019,train
JVASP-9565,jarvis,Zn2Sb2O5,Zn4Sb4O10,18,2.026,0.01052,0.0001,train
