material_id,formula,crystal_system,space_group,num_atoms,split_type
mp-1110760,K2RbBiBr6,Cubic,Fm-3m,10,train
mp-9784,BaBAsO5,Trigonal,P3_121,24,train
mp-989400,Rb2NaGaF6,Cubic,Fm-3m,10,train
mp-1216548,Tm4CdS7,Monoclinic,Cm,12,train
mp-1377713,Zn3Sn2O7,Orthorhombic,Cmc2_1,24,train
mp-24266,Ca2BHN2,Orthorhombic,Pnma,24,train
mp-555026,AlF3,Tetragonal,P4/mbm,40,train
mp-1031834,SrCaMg6O8,Tetragonal,P4/mmm,16,train
mp-306,B2O3,Trigonal,P3_121,15,train
mp-4547,,,,5,train
mp-8290,BaSnF6,Trigonal,R-3,8,train
mp-766387,RbAl11O17,Hexagonal,P6_3/mmc,58,train
mp-1110872,K2YAgCl6,Cubic,Fm-3m,10,train
mp-1519036,Sr2DySbO6,Cubic,Fm-3m,10,train
mp-812,Ho2O3,Cubic,Ia-3,40,train
mp-643446,Ca2AlH8S2Cl(O6F)2,Tetragonal,I4/m,28,train
mp-1520515,Ba2TbBiO6,Cubic,Pn-3,40,train
mp-554015,CsK(ClO4)2,Trigonal,R-3m,12,train
mp-19282,Sr2ZnWO6,Cubic,Fm-3m,10,train
mp-29397,SiTePt,Orthorhombic,Pbca,24,train
mp-546810,Rb(CO)2,Monoclinic,C2/m,10,train
mp-1189051,Ho3GaS6,Orthorhombic,Cmc2_1,20,train
mp-1213736,Cs2LaBr5,Orthorhombic,Pnma,32,train
mp-989579,,,,10,train
mp-1521649,BaZr2SnO6,Orthorhombic,Cmmm,10,train
mp-3838,Li5ReN4,Orthorhombic,Pmmn,20,train
mp-6240,LiIn(SiO3)2,Monoclinic,C2/c,20,train
mp-1019589,Ce3Zr5O16,Orthorhombic,C222,24,train
mp-9775,NaSrAs,Hexagonal,P-62m,9,train
mp-556761,Ba5As3ClO12,Hexagonal,P6_3/m,42,train
mp-10234,Sr2BN2F,Orthorhombic,Pnma,24,train
mp-10572,NaPN2,Tetragonal,I-42d,8,train
mp-556592,TlBi(PS3)2,Monoclinic,P2_1,20,train
mp-999274,RbNaH2,Tetragonal,P4/mmm,4,train
mp-5193,SrZrS3,Orthorhombic,Pnma,20,train
mp-861504,PrBO3,Orthorhombic,Pnma,20,train
mp-1206388,NaAgC2,Tetragonal,P4/mmm,4,train
mp-1522327,BaSrTbNbO6,Cubic,F-43m,10,train
mp-7421,KZnAs,Hexagonal,P6_3/mmc,6,train
mp-581696,CsLu2Cu3Se5,Orthorhombic,Cmcm,22,train
mp-1193100,Sr(YSe2)2,Orthorhombic,Pnma,28,train
mp-541626,K3Nb3Ge2O13,Hexagonal,P-62m,42,train
mp-1179937,PbClF,Tetragonal,P4/nmm,6,train
mp-1250261,SiO2,Hexagonal,P-6m2,54,train
mp-3196,NdGaO3,Orthorhombic,Pnma,20,train
mp-1227109,CaSmAl3O7,Orthorhombic,Cmm2,24,train
mp-756334,K2Sr2O3,Monoclinic,P2_1/c,14,train
mp-1245363,Ca7PbN6,Orthorhombic,Ibam,28,train
mp-1111441,K2RbInF6,Cubic,Fm-3m,10,train
mp-1232317,K2ZnSe2,Orthorhombic,Ibam,10,train
mp-1228030,Ba4Bi2O,Tetragonal,I4mm,7,train
mp-675564,La2Th8O19,Tetragonal,P-4m2,29,train
mp-27546,CaClF,Tetragonal,P4/nmm,6,train
mp-13995,Hg2GeO4,Orthorhombic,Fddd,14,train
mp-1228894,AlGaN2,Trigonal,P3m1,4,train
mp-8454,,,,2,train
mp-1113443,Cs2BiAuCl6,Cubic,Fm-3m,10,train
mp-569051,MgH2,Orthorhombic,Pbcn,12,train
mp-569707,BiSeBr,Orthorhombic,Pnma,12,train
mp-550908,SrHfO3,Tetragonal,P4/mbm,10,train
mp-11738,Na3PS3O,Orthorhombic,Cmc2_1,16,train
mp-1111493,K3ErCl6,Cubic,Fm-3m,10,train
mp-998197,RbCaCl3,Tetragonal,P4mm,5,train
mp-1519209,SrCaYSbO6,Cubic,F-43m,10,train
mp-1520756,Sr2NbSbO6,Cubic,Fm-3m,10,train
mp-27377,K4Zr5O12,Trigonal,P-3m1,21,train
mp-16559,KHo2CuSe4,Orthorhombic,Cmcm,16,train
mp-1218454,SrCa3Hf4O12,Monoclinic,Pm,20,train
mp-1218739,Sr2NbGaO6,Cubic,Fm-3m,10,train
mp-15988,Li2CuSb,Cubic,F-43m,4,train
mp-551740,Li4CO4,Tetragonal,I-42m,9,train
mp-8374,Na2S,Hexagonal,P6_3/mmc,6,train
mp-1180494,Mg7Si2(H3O7)2,Hexagonal,P6_3,58,train
mp-1517312,KLaZrSnO6,Cubic,F-43m,10,train
mp-569149,,,,9,train
mp-1206644,Ba2ScNbO6,Cubic,Fm-3m,10,train
mp-1189272,CsAlTe3,Monoclinic,P2_1/c,20,train
mp-1208777,Sr3NbGa3(SiO7)2,Trigonal,P321,23,train
mp-28982,Pd(PbCl3)2,Monoclinic,P2_1/c,18,train
mp-556866,,,,12,train
mp-1189357,Cs3LiBr4,Orthorhombic,C222_1,16,train
mp-1193473,KZn4SbO7,Hexagonal,P6_3mc,26,train
mp-1183496,Ca2Pr2O5,Tetragonal,P4/mmm,9,train
mp-1072104,GeO2,Tetragonal,P4_2/mnm,6,train
mp-1009083,MgSnP2,Tetragonal,I-42d,8,train
mp-23044,VBiO4,Tetragonal,I4_1/a,12,train
mp-23004,CsMgCl3,Hexagonal,P6_3/mmc,10,train
mp-1199246,Ba5B3BrO9,Orthorhombic,C222_1,36,train
mp-1520987,BaSrPrVO6,Orthorhombic,P222,40,train
mp-1112760,Cs2KLuCl6,Cubic,Fm-3m,10,train
mp-1206497,Cs3CoF6,Cubic,Fm-3m,10,train
mp-756951,LiSbO3,Monoclinic,C2/m,10,train
mp-760052,Hf2N2O,Monoclinic,Cm,15,train
mp-555993,CrAg3ClO4,Tetragonal,P4/nmm,18,train
mp-1222947,LaNO4,Orthorhombic,Pmmn,12,train
mp-989608,,,,10,train
mp-1111284,Li3ScCl6,Cubic,Fm-3m,10,train
mp-1209039,Sm2BeGa2O7,Tetragonal,P-42_1m,24,train
mp-557347,Ca2As3Pb3ClO12,Hexagonal,P6_3/m,42,train
mp-27272,Ca3PI3,Cubic,I4_132,28,train
mp-1206106,Rb3NdF6,Cubic,Fm-3m,10,train
mp-754501,Ca(CuO)2,Tetragonal,I4_1/amd,10,train
mp-15687,KZnAs,Hexagonal,P-6m2,3,train
mp-33588,,,,8,train
mp-559826,ErCuS2,Orthorhombic,Pnma,16,train
mp-1102900,Ag2S,Orthorhombic,Cmcm,12,train
mp-5840,LiScO2,Tetragonal,I4_1/amd,8,train
mp-866941,CaSnS3,Monoclinic,P2_1/c,20,train
mp-756301,Cd(CoO2)2,Cubic,Fd-3m,14,train
mp-961659,TiSiPd,Cubic,F-43m,3,train
mp-556741,KNaThF6,Trigonal,P-3,18,train
mp-18199,Sr3TaAs3O,Orthorhombic,Pnma,32,train
mp-12262,CsBeF3,Orthorhombic,Pnma,20,train
mp-1044601,Ca(BiO2)2,Trigonal,P3m1,42,train
mp-558016,CaMgAsO4F,Monoclinic,C2/c,16,train
mp-1521862,NaDySnWO6,Cubic,F-43m,10,train
mp-1634,MoSe2,Hexagonal,P6_3/mmc,6,train
mp-17905,Cs2Hg6S7,Tetragonal,P4_2nm,30,train
mp-1376266,YAg(WO4)2,Monoclinic,P2/c,24,train
mp-39387,SrLiTa2O6F,Orthorhombic,Imma,22,train
mp-1147533,BiBOF4,Orthorhombic,Aem2,14,train
mp-1228141,Ba3CaTa2O9,Trigonal,P-3m1,15,train
mp-1113818,Rb2AlCuF6,Cubic,Fm-3m,10,train
mp-1210722,MgTeMoO6,Orthorhombic,P2_12_12,18,train
mp-28955,Mg3BN3,Hexagonal,P6_3/mmc,14,train
mp-23505,K2TeBr6,Cubic,Fm-3m,9,train
mp-1044222,CaTiCo(PO4)3,Trigonal,R3c,36,train
mp-1219000,Sn4TeSe3,Monoclinic,Pm,8,train
mp-13383,ScAg(PSe3)2,Trigonal,P-31c,20,train
mp-673848,Ce2Dy2O7,Orthorhombic,Pmma,22,train
mp-9872,K4BeP2,Trigonal,R-3m,7,train
mp-1217292,Ti3TePb4O13,Trigonal,R3m,21,train
mp-31097,KAlH4,Orthorhombic,Pnma,24,train
mp-1224117,HgH2SO5,Orthorhombic,Pna2_1,36,train
mp-17927,Ba(DyTe2)2,Orthorhombic,Pnma,28,train
mp-1110686,Rb2CuSbCl6,Cubic,Fm-3m,10,train
mp-863746,TbBr3,Hexagonal,P6_3/mmc,8,train
mp-1110875,K3YCl6,Cubic,Fm-3m,10,train
mp-682,NaF,Cubic,Fm-3m,2,train
mp-1747,K2Te,Cubic,Fm-3m,3,train
mp-1209097,RbTa(BO3)2,Orthorhombic,Pmn2_1,20,train
mp-14193,K2ThF6,Hexagonal,P-62m,9,train
mp-572537,K4CO4,Tetragonal,P4_2/nmc,18,train
mp-1227041,CaNdAlO4,Tetragonal,I4mm,7,train
mp-1220821,NaBi3(BrO2)2,Orthorhombic,Amm2,10,train
mp-33032,La2O3,Cubic,Pm-3m,5,train
mp-7896,,,,4,train
mp-1194517,Nd2SeOF2,Hexagonal,P6_3/m,36,train
mp-568018,RbSb2,Monoclinic,C2/m,6,train
mp-5777,BaTiO3,Orthorhombic,Amm2,5,train
mp-6521,LiLaTiO4,Tetragonal,P4/nmm,14,train
mp-28099,SBr,Orthorhombic,Aea2,8,train
mp-1016827,MgGeO3,Cubic,Pm-3m,5,train
mp-1206641,KTl2GaF6,Cubic,Fm-3m,10,train
mp-997088,KAgO2,Orthorhombic,Cmcm,8,train
mp-556364,Ca2SiCl2O3,Tetragonal,I4/m,32,train
mp-1518329,KSmHf2O6,Cubic,Fm-3m,10,train
mp-20098,,,,7,train
mp-1101930,MgO,Cubic,Pm-3n,12,train
mp-1246359,Li6SeN4,Tetragonal,P4_2/nmc,22,train
mp-3721,SrHfO3,Tetragonal,I4/mcm,10,train
mp-560588,ZnS,Hexagonal,P6_3mc,4,train
mp-505825,Cs2PtC2,Trigonal,P-3m1,5,train
mp-21511,K2NaInP2,Orthorhombic,Ibam,12,train
mp-754967,BaTeO4,Orthorhombic,Pbcn,24,train
mp-1176776,LiCoS2,Cubic,Fd-3m,16,train
mp-1228119,BaPb3(NO3)8,Trigonal,R-3,36,train
mp-1206187,Rb2LiRhCl6,Trigonal,P-3m1,10,train
mp-8616,ScAg(PS3)2,Trigonal,P-31c,20,train
mp-555342,Na2CaSiO4,Cubic,P2_13,32,train
mp-1207136,RbAgC2,Tetragonal,P4/mmm,4,train
mp-19259,Sr4Al6WO16,Cubic,I-43m,27,train
mp-4674,BNF8,Tetragonal,P-42_1m,40,train
mp-1112962,Cs3YI6,Cubic,Fm-3m,10,train
mp-1225550,DySbTe3,Trigonal,R3m,5,train
mp-1968,La2O3,Trigonal,P-3m1,5,train
mp-1208756,Sr2TbTaO6,Monoclinic,P2_1/c,20,train
mp-561751,CsErS2,Trigonal,R-3m,4,train
mp-643,ThO2,Cubic,Fm-3m,3,train
mp-1215443,ZnGaPS,Trigonal,R3m,4,train
mp-16934,BaLaAlO4,Orthorhombic,P2_12_12_1,28,train
mp-1222303,LiNdS2,Trigonal,R-3m,4,train
mp-754794,La2S2O,Orthorhombic,Pnma,20,train
mp-1522216,KPrHf2O6,Cubic,Fm-3m,10,train
mp-17057,Sr2SnSe3F2,Orthorhombic,Pnma,32,train
mp-1111200,K2TlAsI6,Cubic,Fm-3m,10,train
mp-863260,,,,5,train
mp-1218019,SrPbS2,Trigonal,R-3m,4,train
mp-1191101,KMgBO3,Cubic,P2_13,24,train
mp-1179697,RbTiCu3Se4,Cubic,P-43m,9,train
mp-1220682,NaYF4,Tetragonal,P4/mmm,6,train
mp-675124,In4SnS8,Trigonal,R3m,13,train
mp-1043566,CaSn2(PO5)2,Orthorhombic,Fddd,30,train
mp-1112645,Cs3YBr6,Cubic,Fm-3m,10,train
mp-1079707,CaO,Cubic,Fm-3m,8,train
mp-1516994,Sr2NdSbO6,Cubic,Fm-3m,10,train
mp-1112940,Cs2AgSbCl6,Cubic,Fm-3m,10,train
mp-1102429,HfN2,Cubic,Pa-3,12,train
mp-4675,NaTaO3,Tetragonal,P4/mbm,10,train
mp-30100,Li2B2Se5,Monoclinic,C2/c,18,train
mp-22957,,,,6,train
mp-27436,PaCl5,Monoclinic,C2/c,12,train
mp-1187792,Tl2S,Trigonal,P31m,27,train
mp-8352,SiO2,Cubic,Fd-3m,6,train
mp-1522772,KLaDyBiO6,Cubic,F-43m,10,train
mp-1208734,Sr4SnPbO8,Tetragonal,P4/mmm,14,train
mp-557092,Y3Si2Cl5O6,Monoclinic,C2/m,32,train
mp-24084,KH,Cubic,Fm-3m,2,train
mp-1100414,VSiRh,Cubic,F-43m,3,train
mp-769364,Dy(BiO2)3,Trigonal,R-3,20,train
mp-554364,MgBeAl4O8,Hexagonal,P6_3mc,56,train
mp-766163,TiSn9O20,Monoclinic,C2/m,30,train
mp-569304,C,Trigonal,R-3m,4,train
mp-1523151,SrCaSmBiO6,Tetragonal,P42_12,20,train
mp-1246710,Ba3AlN3,Hexagonal,P6_3/m,14,train
mp-754403,ZrO2,Tetragonal,I4_1/amd,6,train
mp-561375,Pr10S19,Tetragonal,P4_2/n,58,train
mp-754199,BaSrI4,Monoclinic,C2/c,12,train
mp-866617,Cs2Sr2(CO3)3,Cubic,I2_13,32,train
mp-36734,CeThO4,Tetragonal,P4/mmm,6,train
mp-12317,,,,4,train
mp-1516632,BaNaSmWO6,Orthorhombic,Pnnn,40,train
mp-14243,Cd3TeO6,Monoclinic,P2_1/c,20,train
mp-541628,CsTeF5,Orthorhombic,Pnma,28,train
mp-555119,SrTaF7,Monoclinic,P2_1/m,18,train
mp-14552,Ba2SrUO6,Monoclinic,P2_1/c,20,train
mp-3317,SmRhO3,Orthorhombic,Pnma,20,train
mp-11055,CsSn,Tetragonal,I4_1/acd,32,train
mp-989570,,,,10,train
mp-616218,Cd(In2I3)2,Tetragonal,P4/mnc,22,train
mp-755060,Cs2O,Orthorhombic,Pnnm,6,train
mp-1345923,MgTiO3,Orthorhombic,Pnma,20,train
mp-29590,Sn2OF5,Monoclinic,C2/m,16,train
mp-17148,Na3GaSe3,Monoclinic,P2_1/c,28,train
mp-989567,,,,10,train
mp-1097038,LiAl2H6BrO6,Hexagonal,P6_3/mcm,32,train
mp-1522558,BaCaBiSbO6,Cubic,F-43m,10,train
mp-645743,VAgTeO5,Monoclinic,P2_1/c,32,train
mp-1112651,Cs3InBr6,Cubic,Fm-3m,10,train
mp-554941,,,,10,train
mp-1518070,Ca2YBiO6,Cubic,Fm-3m,10,train
mp-1110966,K2PrAgI6,Cubic,Fm-3m,10,train
mp-752949,BiOF,Trigonal,R-3m,6,train
mp-864982,DyBr3,Hexagonal,P6_3/mmc,8,train
mp-569548,,,,10,train
mp-1368283,CaTi2S5,Orthorhombic,Pmmn,16,train
mp-1111088,Na2AlAuF6,Cubic,Fm-3m,10,train
mp-2371,,,,7,train
mp-19717,TePb,Cubic,Fm-3m,2,train
mp-1207192,NdHSe,Hexagonal,P6_3/mmc,6,train
mp-24084,KH,Cubic,Fm-3m,2,train
mp-11191,CrSi2,Hexagonal,P6_422,9,train
mp-1222878,LaTaTiO6,Orthorhombic,Pna2_1,36,train
mp-358,HgTe,Trigonal,P3_121,6,train
mp-850779,HoTa7O19,Hexagonal,P-6c2,54,train
mp-1147619,Li3YBr6,Monoclinic,C2/c,20,train
mp-1205553,Sr2LuTaO6,Cubic,Fm-3m,10,train
mp-11982,Sr2CaTeO6,Monoclinic,P2_1/c,20,train
mp-1080041,Cs2NaBiCl6,Cubic,Fm-3m,10,train
mp-36641,Cd(Ga3Te5)2,Monoclinic,C2,17,train
mp-1372210,VPO5,Orthorhombic,Fdd2,28,train
mp-560611,HoCuS2,Orthorhombic,Pnma,16,train
mp-1221958,MgZn3O4,Monoclinic,Cm,8,train
mp-17660,SrPrCuSe3,Orthorhombic,Pnma,24,train
mp-1232054,La2MgSe4,Cubic,Fd-3m,14,train
mp-999470,NaNdS2,Trigonal,R-3m,4,train
aaadzfhm,LiYMg14O16,Tetragonal,P4/mmm,32,train
mp-29483,MgInBr3,Orthorhombic,Pnma,20,train
mp-3502,Zn2Te3O8,Monoclinic,C2/c,26,train
mp-6057,TlSnPS4,Orthorhombic,Pna2_1,28,train
mp-16870,Ba2CdSe3,Orthorhombic,Pnma,24,train
mp-989571,,,,10,train
mp-774417,Sn3P6WO24,Trigonal,R3,34,train
mp-1048795,MgTa2O6,Orthorhombic,Pmn2_1,18,train
mp-1113963,Rb2NaScCl6,Cubic,Fm-3m,10,train
mp-1099263,CsMg6BO8,Tetragonal,P4/mmm,16,train
mp-19833,,,,8,train
mp-23656,Na4Ga3Si3ClO12,Cubic,P-43n,46,train
mp-1227687,Ca4Al6WO16,Tetragonal,I-4,27,train
mp-1110646,Rb2NaNdF6,Cubic,Fm-3m,10,train
mp-27684,Tl4O3,Monoclinic,P2_1/m,14,train
mp-569060,Cs2PSe5,Triclinic,P-1,16,train
mp-1222715,Li2Ti2AsPO10,Orthorhombic,Pmc2_1,32,train
mp-1111782,CsRb2ErCl6,Cubic,Fm-3m,10,train
mp-752895,Li3CuF4,Orthorhombic,Pmn2_1,16,train
mp-579086,KSrNb2O6F,Orthorhombic,Immm,22,train
mp-558298,Zn3TeAs2Pb3O14,Trigonal,P321,23,train
mp-998749,KCaBr3,Monoclinic,Cm,5,train
mp-979264,Te6RhCl3,Trigonal,R-3c,20,train
mp-754578,TmGaO3,Orthorhombic,Pnma,20,train
mp-777814,Na6Sn2O7,Monoclinic,C2/c,30,train
mp-547017,LiAlAs2O7,Monoclinic,C2,11,train
mp-754329,,,,10,train
mp-1072208,DyOF,Trigonal,R-3m,6,train
mp-555286,,,,12,train
mp-5811,CsPbF3,Cubic,Pm-3m,5,train
mp-1209159,RbSc(WO4)2,Trigonal,P-3m1,12,train
mp-13548,Cs2Pt,Hexagonal,P6_3/mmc,6,train
mp-7084,SrCaSi,Orthorhombic,Pnma,12,train
mp-675022,CsPbCl3,Cubic,Pm-3m,5,train
mp-570256,,,,7,train
mp-778152,Sc2Pt2O7,Cubic,Fd-3m,22,train
mp-1113896,Rb2ScInF6,Cubic,Fm-3m,10,train
mp-28752,Ta7Cu3O19,Hexagonal,P6_3/m,58,train
mp-1222469,LiAl(SiO3)2,Orthorhombic,C222,10,train
mp-9158,LiCuO2,Monoclinic,C2/m,4,train
mp-1190441,LiSbF4,Cubic,P2_13,24,train
mp-571461,K4ZnAs2,Trigonal,R-3m,7,train
aaadinqt,Sr2YNbO6,Cubic,Pn-3,40,train
mp-4175,,,,8,train
mp-568761,AgTe,Orthorhombic,Pnma,32,train
mp-23373,BaZnCl4,Orthorhombic,Pnna,24,train
mp-1196918,K2TaF7,Orthorhombic,Pnma,40,train
mp-12931,SmTaO4,Monoclinic,P2/c,12,train
mp-8136,ThSO,Tetragonal,P4/nmm,6,train
mp-1245742,Sr11(CN5)2,Tetragonal,P4_2/mnm,46,train
mp-1222136,Mg2TeSe,Trigonal,R3m,4,train
mp-23065,CsCu2Cl3,Orthorhombic,Cmcm,12,train
mp-1111193,K2ScTlBr6,Cubic,Fm-3m,10,train
mp-1047036,Ca(AgO2)2,Tetragonal,I4_1/a,14,train
mp-1101890,PRuSe,Monoclinic,P2_1/c,12,train
mp-10381,,,,8,train
mp-28072,La2Be2O5,Monoclinic,C2/c,18,train
mp-2206289,Al11TlO17,Hexagonal,P6_3/mmc,58,train
mp-1110675,K2RbBiF6,Cubic,Fm-3m,10,train
mp-23056,Sr2BrN,Trigonal,R-3m,4,train
mp-35909,AgBiI4,Orthorhombic,Imma,12,train
mp-1009084,BeSnAs2,Tetragonal,I-42d,8,train
mp-556063,PrP3(HO2)6,Hexagonal,P-6,22,train
mp-11112,Tb(BO2)3,Orthorhombic,Ibam,20,train
mp-558731,Li2TeS3,Monoclinic,P2_1/c,24,train
mp-9383,,,,4,train
mp-1225893,CsHF2,Tetragonal,P4/mmm,4,train
mp-1517590,KNdYSbO6,Cubic,F-43m,10,train
mp-1105618,KBe2BO3F2,Trigonal,R-3c,18,train
mp-558188,AgHg2AsO4,Orthorhombic,Pbam,32,train
mp-23710,MgH2,Tetragonal,P4_2/mnm,6,train
mp-21166,,,,12,train
mp-556489,Ta2SnO6,Monoclinic,C2/c,18,train
mp-1209937,NdLuO3,Orthorhombic,Pnma,20,train
mp-561102,InBiO3,Orthorhombic,Pnma,20,train
mp-20458,PtPbF6,Trigonal,R-3m,8,train
mp-18741,RbLiCrO4,Trigonal,P31c,14,train
mp-995194,KBaSiHO4,Monoclinic,P2_1,16,train
mp-1111022,Na2InGaF6,Cubic,Fm-3m,10,train
mp-1227756,Ca2LaGeS4Cl3,Orthorhombic,Cmc2_1,22,train
mp-1208181,Tl2PtI6,Tetragonal,P4/mnc,18,train
mp-1213326,CsTm(NbBr3)6,Trigonal,P-31c,52,train
mp-1019560,Ca2B2O5,Orthorhombic,P2_12_12_1,36,train
mp-27552,TlPbI3,Orthorhombic,Cmcm,10,train
mp-1112369,Cs3ErCl6,Cubic,Fm-3m,10,train
mp-1196191,BNF8,Orthorhombic,Pbcm,40,train
mp-1190812,AsH6NO4,Tetragonal,I-42d,24,train
mp-1192676,La3CoW(SO2)3,Hexagonal,P6_3/m,28,train
mp-1103940,Li6PBrO5,Cubic,F-43m,13,train
mp-1102318,LiCdBO3,Triclinic,P-1,12,train
mp-1522867,BaSrSmSbO6,Orthorhombic,P222,40,train
mp-1178561,AgClO3,Trigonal,R3m,5,train
mp-703316,LaMg2H7,Tetragonal,P4_12_12,40,train
mp-9244,,,,6,train
mp-1021466,CsPPb(IF3)2,Tetragonal,P4/mmm,11,train
mp-989577,LiTl2GaF6,Cubic,Fm-3m,10,train
mp-1191062,BaReH9,Orthorhombic,Cmcm,22,train
mp-559766,Cs3LiF4,Monoclinic,C2/m,16,train
mp-1042442,Mg2Sn3O8,Hexagonal,P6_3mc,26,train
mp-1191720,TlAgTeO3,Orthorhombic,Iba2,24,train
mp-6163,Cs2NaGaF6,Trigonal,R-3m,20,train
mp-39866,BaSm4Si3SeO12,Hexagonal,P6_3,42,train
mp-3897,SmPS4,Tetragonal,I4_1/acd,48,train
mp-8262,K2P3,Orthorhombic,Fmmm,10,train
mp-1211227,LaHf2F11,Orthorhombic,Ibam,28,train
mp-23214,,,,6,train
mp-8564,CsK2Sc(PO4)2,Trigonal,P-3m1,14,train
mp-753947,LuHO2,Orthorhombic,Pmn2_1,8,train
mp-758389,LiNb(TeO4)3,Monoclinic,P2,17,train
mp-1029595,Na3OsN2,Monoclinic,P2_1/c,24,train
mp-1223355,KRb2CO3F,Monoclinic,C2,16,train
mp-1220851,NaAlSiO4,Orthorhombic,Pmc2_1,28,train
mp-733954,BaRuO5,Trigonal,R-3c,42,train
mp-1516557,Sr2TbNbO6,Cubic,Pn-3,40,train
mp-22303,Rb3InS3,Monoclinic,C2/m,14,train
mp-1985,C3N4,Hexagonal,P6_3/m,14,train
mp-4468,CuSbS2,Orthorhombic,Pnma,16,train
mp-17808,Nb2Zn4O9,Trigonal,P-3c1,30,train
mp-16152,Pr2Te2O7,Cubic,Fd-3m,22,train
mp-1522073,BaSrSmNbO6,Orthorhombic,P222,40,train
mp-17243,Pr3CuSnSe7,Hexagonal,P6_3,24,train
mp-1185319,LiCl,Hexagonal,P6_3mc,4,train
mp-1212517,HfBr4,Cubic,Pa-3,40,train
mp-1110626,RbNa2CoF6,Cubic,Fm-3m,10,train
mp-1111968,Cs2RbAsF6,Cubic,Fm-3m,10,train
mp-28980,K3BiSe3,Cubic,P2_13,28,train
mp-1029633,CaSnN2,Orthorhombic,Pna2_1,16,train
mp-1179251,Sr2CaMoO6,Orthorhombic,Pmmn,20,train
mp-22917,CuBr,Tetragonal,P4/nmm,4,train
mp-8630,SbIrS,Cubic,P2_13,12,train
mp-989563,Rb2NaTlCl6,Cubic,Fm-3m,10,train
mp-540703,Cs2S,Orthorhombic,Pnma,12,train
mp-1103194,SbSBr,Orthorhombic,Pnma,12,train
mp-23879,Ca(HO)2,Trigonal,P-3m1,5,train
mp-1031510,NaMg6AlO8,Tetragonal,P4/mmm,16,train
mp-17161,K6CdO4,Hexagonal,P6_3mc,22,train
mp-1182890,AlCu3PbSe4,Cubic,P-43m,9,train
mp-8076,Na3SbO3,Cubic,I-43m,28,train
mp-1516631,KLaCeSnO6,Tetragonal,P4_2/nnm,40,train
mp-29529,NaSnP,Hexagonal,P6_3mc,6,train
mp-1519625,BaNaCeBiO6,Cubic,F-43m,10,train
mp-28345,Zr6CI12,Trigonal,R-3,19,train
mp-1189460,NaAlH8(NF3)2,Cubic,Fm-3m,18,train
mp-1096794,Al2Zn2S5,Hexagonal,P6_3mc,18,train
mp-5078,,,,12,train
mp-567524,K3Ga3As4,Orthorhombic,Pnna,40,train
mp-28243,RbLiCl2,Orthorhombic,Cmcm,8,train
mp-1111372,K2TlGaF6,Cubic,Fm-3m,10,train
mp-1215967,Zr2Ti(PbO3)3,Monoclinic,Cm,15,train
mp-1153,Li2S,Cubic,Fm-3m,3,train
mp-1199844,BaBPF10,Hexagonal,P-62m,39,train
mp-18914,K2MoO4,Monoclinic,C2/m,14,train
mp-768176,TmTaO4,Orthorhombic,Cmc2_1,12,train
mp-1112109,Cs2TlBiCl6,Cubic,Fm-3m,10,train
mp-690542,Li4WO5,Tetragonal,I4/m,10,train
mp-28591,Na4HgP2,Trigonal,R-3m,7,train
mp-1209189,RbSr2Br5,Monoclinic,P2_1/c,32,train
mp-1006891,KSmSe2,Trigonal,R-3m,4,train
mp-621112,Cs5Nb2S4Cl9,Orthorhombic,Immm,20,train
mp-1065577,MgO,Hexagonal,P6_3/mmc,4,train
mp-304,,,,12,train
mp-557385,K4Ru(NO2)6,Trigonal,R-3,23,train
mp-1047384,BiF5,Orthorhombic,Cmcm,12,train
mp-29364,,,,11,train
mp-1521577,KCaTiBiO6,Cubic,F-43m,10,train
mp-634812,H2O,Orthorhombic,C222_1,12,train
mp-8085,Mg3P2,Cubic,Pn-3m,10,train
mp-1520046,BaCaHfSnO6,Cubic,F-43m,10,train
mp-961673,TiFeTe,Cubic,F-43m,3,train
mp-1287,,,,12,train
mp-753345,Ba2CaI6,Trigonal,P-31m,9,train
mp-1110818,Rb2PrAgBr6,Cubic,Fm-3m,10,train
mp-754537,LiLuO2,Trigonal,R-3m,4,train
mp-22186,In6Ge2PtO9,Cubic,Fm-3m,18,train
mp-1222224,MgTiNb2(PbO3)4,Orthorhombic,Pmm2,20,train
mp-1111508,Na2ErCuCl6,Cubic,Fm-3m,10,train
mp-557506,Na3Ca2BiO6,Orthorhombic,Fddd,24,train
mp-1207889,WI2,Orthorhombic,Cmce,36,train
mp-756622,LiY3WO8,Monoclinic,P2,13,train
mp-3977,CsB3O5,Orthorhombic,P2_12_12_1,36,train
mp-752418,La2Se2O,Orthorhombic,Pnma,20,train
mp-4092,SrSeO4,Monoclinic,P2_1/c,24,train
mp-1112951,Cs3AsI6,Cubic,Fm-3m,10,train
mp-17434,K2SmF5,Orthorhombic,Pnma,32,train
mp-567196,Cs3Sb2Cl9,Trigonal,P-3m1,14,train
mp-1020626,Zr2Ga(PO4)3,Trigonal,R-3c,36,train
mp-643257,,,,7,train
mp-733653,CaAl2Si2(H2O5)2,Orthorhombic,Cmcm,38,train
mp-780049,LuTa7O19,Hexagonal,P-6c2,54,train
mp-1232272,Pm2MgS4,Orthorhombic,Pnma,28,train
mp-1522669,KLaDyBiO6,Tetragonal,P4_2/nnm,40,train
mp-1001786,LiScS2,Trigonal,R-3m,4,train
mp-1113675,Rb2NaIrF6,Cubic,Fm-3m,10,train
mp-753000,NaSb3O8,Monoclinic,P2_1/c,24,train
mp-1214796,Cs2SbF5,Orthorhombic,Cmcm,16,train
mp-569812,,,,10,train
mp-769397,MgSO3,Trigonal,R-3,30,train
mp-1042976,CaTi2O5,Orthorhombic,Cmcm,16,train
mp-1111195,K2TlSbBr6,Cubic,Fm-3m,10,train
mp-754604,BaBePO4F,Monoclinic,Cc,16,train
mp-1007637,KNaH2,Tetragonal,P4/mmm,4,train
mp-3632,YSF,Hexagonal,P6_3/mmc,12,train
mp-696752,KP(HO2)2,Tetragonal,I-42d,16,train
mp-998745,TlZnF3,Cubic,Pm-3m,5,train
mp-7631,SiC,Hexagonal,P6_3mc,12,train
mp-559200,Cd(InS2)2,Cubic,Fd-3m,14,train
mp-756908,Li3SbO3,Cubic,P2_13,28,train
mp-6942,Ho2CdS4,Cubic,Fd-3m,14,train
mp-546864,Y2C(NO)2,Trigonal,P-3m1,7,train
mp-1228476,Ba3In2WO9,Orthorhombic,Immm,30,train
mp-39419,NdTiCdSbO7,Tetragonal,P4_122,44,train
mp-557673,RbBe2P3O10,Monoclinic,C2/c,32,train
mp-1096972,GaAgS2,Trigonal,R3m,4,train
mp-10223,,,,10,train
mp-1211306,KSm(MoO4)2,Monoclinic,C2/c,24,train
mp-556228,Na5Ca4P4O16F,Tetragonal,I-4,30,train
mp-1550,,,,2,train
mp-7609,SbOF,Orthorhombic,Pnma,12,train
mp-1189541,NaBrO3,Cubic,P2_13,20,train
mp-542435,Li3ScN2,Cubic,Ia-3,48,train
mp-1101094,Cs2CeCl6,Trigonal,P-3m1,9,train
mp-770574,La2MgI8,Monoclinic,C2/c,22,train
mp-561518,Mg2BiAsO6,Orthorhombic,Cmcm,20,train
mp-1114186,Rb2YInI6,Cubic,Fm-3m,10,train
mp-1516254,BaNaBiWO6,Orthorhombic,Pnnn,40,train
mp-754184,ErAlO3,Hexagonal,P6_3/mmc,10,train
mp-567503,PbI2,Hexagonal,P6_3mc,6,train
mp-3427,LiAlO2,Tetragonal,P4_12_12,16,train
mp-917,CaC2,Monoclinic,C2/m,6,train
mp-1244,SrGe2,Orthorhombic,Pnma,24,train
mp-22914,CuCl,Cubic,F-43m,2,train
mp-1103730,Na4Mg(GeSe3)2,Monoclinic,C2,13,train
mp-1591,Al4C3,Trigonal,R-3m,7,train
mp-33588,Ca2NF,Tetragonal,I4_1/amd,8,train
mp-690684,Na2BH4ClO4,Tetragonal,P4/nmm,24,train
mp-27805,Ba3SiS5,Orthorhombic,Pnma,36,train
mp-10796,HgSeO4,Orthorhombic,Pmn2_1,12,train
mp-28295,,,,10,train
mp-772086,Ba4Sn3O10,Orthorhombic,Cmce,34,train
mp-8922,Cd(SbO3)2,Trigonal,P-31m,9,train
mp-1112977,Cs3BiI6,Cubic,Fm-3m,10,train
mp-571166,,,,6,train
mp-760468,LiSi2BiO6,Monoclinic,C2/c,20,train
mp-1342,,,,2,train
mp-1521688,BaCaNdSbO6,Orthorhombic,Pnnn,40,train
mp-239,,,,8,train
mp-9794,Rb2GeSe3,Monoclinic,C2/m,12,train
mp-7472,RbAuO2,Orthorhombic,Cmcm,8,train
mp-29591,Sb3ClO4,Monoclinic,P2/c,16,train
mp-754345,LiTaO3,Tetragonal,P4/mbm,10,train
mp-17167,Be3Cd4Si3TeO12,Cubic,P-43n,46,train
mp-772825,Ta2BeO6,Orthorhombic,Pnma,36,train
mp-7914,NaScO2,Trigonal,R-3m,4,train
mp-27381,CsSnI3,Orthorhombic,Pnma,20,train
mp-1101401,RbPrO2,Trigonal,R-3m,4,train
mp-632319,,,,2,train
mp-559928,SiO2,Hexagonal,P6_3/mmc,18,train
mp-31235,BaNaBi,Hexagonal,P-62m,9,train
mp-10378,Cs3Sb,Cubic,Fm-3m,4,train
mp-1518258,BaNaNdWO6,Cubic,F-43m,10,train
mp-753378,TaGaO4,Orthorhombic,Pnc2,12,train
mp-1794,,,,2,train
mp-14249,Th(PS3)2,Tetragonal,P4_2/m,18,train
mp-1105696,Pr(ErS2)3,Monoclinic,P2_1/m,20,train
mp-1110801,Rb2YAgBr6,Cubic,Fm-3m,10,train
mp-1111386,K2RbAlF6,Cubic,Fm-3m,10,train
mp-1078562,SrAgSF,Tetragonal,P4/nmm,8,train
mp-1521108,KNdZrSnO6,Cubic,F-43m,10,train
mp-1192527,Ba4Li2(CdP2)3,Orthorhombic,Cmcm,30,train
mp-5914,Li3BN2,Tetragonal,I4_1/amd,24,train
mp-1079615,Ba2UCdO6,Cubic,Fm-3m,10,train
mp-13109,,,,10,train
mp-1200414,Sr(BH)12,Trigonal,P31c,50,train
mp-1218487,SrCa3(SnO3)4,Monoclinic,Pm,20,train
mp-755183,DyTlO2,Trigonal,R-3m,4,train
mp-8840,Na5InO4,Orthorhombic,Pmmn,20,train
mp-2064,RbF,Cubic,Pm-3m,2,train
mp-1224318,GeTe2Pb,Tetragonal,P4/mmm,4,train
mp-29798,TlBrO3,Trigonal,R3m,5,train
mp-1103351,Na4Mg(SiSe3)2,Monoclinic,C2,13,train
mp-1008680,TiGePt,Cubic,F-43m,3,train
mp-1218602,Sr3Nd4O9,Monoclinic,Cc,32,train
mp-1220266,Nd3HoZr4O14,Trigonal,R-3m,22,train
mp-768342,SrNb2O4,Orthorhombic,Pbcm,28,train
mp-1235867,Ba6LiNb2Ir(ClO6)2,Trigonal,P3m1,24,train
mp-3080,Ca5(Ga3O7)2,Orthorhombic,Cmc2_1,50,train
mp-1228173,Ba4CaZr5O15,Tetragonal,P4/mmm,25,train
mp-352,HfO2,Monoclinic,P2_1/c,12,train
mp-1222296,LiSmS2,Trigonal,R-3m,4,train
mp-545482,PdSeO3,Monoclinic,P2_1/m,10,train
mp-1178360,DyInO3,Orthorhombic,Pnma,20,train
mp-780772,Ta2O5,Monoclinic,Cm,21,train
mp-1113018,Cs2LiDyCl6,Cubic,Fm-3m,10,train
mp-5122,,,,12,train
mp-568802,KBi(PSe3)2,Monoclinic,P2_1,20,train
mp-559378,Ba5Ta2Cl2O9,Hexagonal,P6_3/mmc,36,train
mp-642725,CaHClO,Hexagonal,P6_3mc,8,train
mp-9317,,,,12,train
mp-1111744,Na2YCuBr6,Cubic,Fm-3m,10,train
mp-560151,AlPO4,Hexagonal,P6_422,18,train
mp-676801,K7Th6F31,Trigonal,R3,44,train
mp-3277,BAsO4,Tetragonal,I-4,6,train
mp-2902906,Na8Al6Si6SO28,Cubic,P23,49,train
mp-27171,Hg2P2S7,Monoclinic,C2,11,train
mp-752498,Li2VOF5,Orthorhombic,Imm2,9,train
mp-755266,Li4Ti3O8,Monoclinic,C2/m,15,train
mp-14652,Cs2P3,Orthorhombic,Fmmm,10,train
mp-556639,DyNbO4,Monoclinic,C2/c,12,train
mp-1516484,KLaCeSnO6,Cubic,F-43m,10,train
mp-1201737,CaSnO6,Cubic,Pn-3,32,train
mp-1205825,Ba2MgMoO6,Cubic,Fm-3m,10,train
mp-1017567,Hf2SN2,Trigonal,P-3m1,5,train
mp-12444,,,,8,train
mp-1223465,KBaY(BO2)6,Trigonal,R3,21,train
mp-614603,CsI,Cubic,Fm-3m,2,train
mp-7940,,,,8,train
mp-1227014,Cd2Ga2Se5,Monoclinic,P2_1,18,train
mp-10694,ScF3,Cubic,Pm-3m,4,train
mp-9262,Cs2PtF6,Cubic,Fm-3m,9,train
mp-5881,CoSbS,Orthorhombic,Pbca,24,train
mp-41918,SrLaNbZnO6,Cubic,F-43m,10,train
mp-11520,YNiSb,Cubic,F-43m,3,train
mp-21510,,,,12,train
mp-756084,BaNa4O3,Monoclinic,Cc,16,train
mp-23995,Al2P3(HO3)3,Hexagonal,P6_3/m,34,train
mp-1208643,SrHfS3,Orthorhombic,Pnma,20,train
mp-1222739,Li2MgBr4,Orthorhombic,Imma,14,train
mp-1226884,Cd3Si2Pb3O10,Trigonal,P3m1,18,train
mp-1111952,Cs2AlTlF6,Cubic,Fm-3m,10,train
mp-1070456,Be3N2,Trigonal,R3m,5,train
mp-30373,RbAu,Cubic,Pm-3m,2,train
mp-643002,Mg2H6Os,Cubic,Fm-3m,9,train
mp-571544,KTiPSe5,Monoclinic,C2/m,16,train
mp-1209295,RbBi3F10,Cubic,Fm-3m,28,train
mp-1068577,ZrPbO3,Cubic,Pm-3m,5,train
mp-554719,Mg3B(HO2)3,Hexagonal,P6_3/m,26,train
mp-553025,CaBiClO2,Monoclinic,P2_1/m,10,train
mp-625452,Pr(HO)3,Hexagonal,P6_3/m,14,train
mp-5246,KNbO3,Orthorhombic,Amm2,5,train
mp-1024051,Na2Zn2Se3,Tetragonal,P4_32_12,28,train
mp-1179075,SrScCu3Se4,Cubic,P-43m,9,train
mp-14006,,,,8,train
mp-8130,CaGeO3,Orthorhombic,Pnma,20,train
mp-1104810,Sr(GaS2)2,Orthorhombic,Cccm,14,train
mp-5487,Sr3SiO5,Tetragonal,P4/ncc,36,train
mp-768766,Tb3SbO7,Orthorhombic,Cmcm,22,train
mp-9664,K3BP2,Monoclinic,C2/c,12,train
mp-1071625,CSe2,Orthorhombic,Cmce,6,train
mp-3075,TlGeS2,Orthorhombic,Pnma,32,train
mp-1105684,Tb2Te3,Orthorhombic,Fddd,20,train
mp-1111150,K2LiCoF6,Cubic,Fm-3m,10,train
mp-1205636,Ba2DyPaO6,Cubic,Fm-3m,10,train
mp-767471,Li5SbS,Monoclinic,P2_1/m,28,train
mp-1190588,Ba2Cd(BO2)6,Trigonal,R-3,21,train
mp-862671,ThF4,Monoclinic,C2/c,30,train
mp-28994,KLi2As,Orthorhombic,Pmmn,8,train
mp-581833,,,,4,train
mp-1067744,YTlSe2,Trigonal,R-3m,4,train
mp-760417,,,,7,train
mp-558430,BaB2F8,Monoclinic,C2/m,11,train
mp-1193627,NaCaBe2B2O6F,Monoclinic,Cc,26,train
mp-19215,CaCrO4,Tetragonal,I4_1/amd,12,train
mp-1219905,Pr5S2N3Cl2,Monoclinic,C2/m,24,train
mp-16792,Ba4LiTa3O12,Hexagonal,P6_3mc,40,train
mp-1222411,LiCa2CuN2,Tetragonal,P4_2/mnm,12,train
mp-768482,Bi2(SO4)3,Trigonal,R-3c,34,train
mp-17035,K3Sc(PO4)2,Trigonal,P-3,42,train
mp-2241358,Ba2ErMgSbO6,Monoclinic,Cm,11,train
mp-10543,K3SbO4,Monoclinic,P2/c,16,train
mp-384,MgP4,Monoclinic,P2_1/c,10,train
mp-1227164,CaPr2BeO5,Orthorhombic,Pna2_1,36,train
mp-27608,Be4TeO7,Cubic,F-43m,12,train
mp-754408,Ba2SrI6,Monoclinic,C2/c,18,train
mp-23268,NaI,Cubic,Fm-3m,2,train
mp-1224514,GeTe5Pb4,Trigonal,R-3m,10,train
mp-1031108,NaLaMg6O8,Tetragonal,P4/mmm,16,train
mp-3216222,YbCl3,Hexagonal,P6_3/mmc,8,train
mp-682,NaF,Cubic,Fm-3m,2,train
mp-560894,Li4Be3P3ClO12,Cubic,P-43n,46,train
mp-23331,Si3(BiO3)4,Cubic,I-43d,38,train
mp-2018036,Mg(BrO3)2,Monoclinic,C2/m,9,train
mp-24199,LiHF2,Trigonal,R-3m,4,train
mp-752569,La3ScO6,Trigonal,R-3,20,train
mp-8763,Tm2S2O,Monoclinic,P2_1/c,20,train
mp-571467,,,,10,train
mp-1096944,CsNbO3,Cubic,Pm-3m,5,train
mp-9760,BaTb2PdO5,Tetragonal,P4/mbm,18,train
mp-18160,Cs2SrV4O12,Tetragonal,P4/mmm,19,train
mp-1189528,Ca2ScSbO6,Monoclinic,P2_1/c,20,train
mp-559481,BaVClO3,Orthorhombic,Pnma,24,train
mp-7090,NaMgSb,Tetragonal,P4/nmm,6,train
mp-2756220,RbSc3F10,Orthorhombic,Pmma,28,train
mp-29862,SnBr2,Orthorhombic,Pnma,12,train
mp-1207618,YSeClO3,Orthorhombic,Pnma,24,train
mp-1209253,RbCaHfF7,Orthorhombic,Cmcm,20,train
mp-1211746,KCd(PO3)3,Hexagonal,P-6c2,28,train
mp-1209980,NaLiBeF4,Orthorhombic,Pnma,28,train
mp-14526,Na4Hf2(GeO4)3,Trigonal,R-3c,42,train
mp-4081,TaCu3Se4,Cubic,P-43m,8,train
mp-1188939,Al(ClO2)3,Trigonal,R-3c,20,train
mp-1519555,Sr2CeZrO6,Cubic,Pn-3,40,train
mp-7895,Rb2O2,Orthorhombic,Immm,4,train
mp-4138,Rb2CO3,Monoclinic,P2_1/c,24,train
mp-1232332,ZnCu2SiSe4,Tetragonal,I-4,8,train
mp-570258,Ca3(AlN2)2,Monoclinic,C2/c,18,train
mp-1517767,KCaCeSbO6,Cubic,F-43m,10,train
mp-3666,,,,10,train
mp-22901,KI,Cubic,Pm-3m,2,train
mp-23067,,,,9,train
mp-8256,ZnPtF6,Trigonal,R-3,8,train
mp-1194579,Dy2SeOF2,Hexagonal,P6_3/m,36,train
mp-984696,Hf(TlTe)4,Trigonal,R-3,27,train
mp-20782,,,,8,train
mp-779545,Na3CuO2,Trigonal,R-3c,12,train
mp-555150,KTa(BO3)2,Orthorhombic,Pmn2_1,20,train
mp-776470,Hf3N4,Orthorhombic,Pnma,28,train
mp-216,Sc2O3,Cubic,Ia-3,40,train
mp-1873,,,,6,train
mp-1111471,Cs2CuBiCl6,Cubic,Fm-3m,10,train
mp-1223605,KPr5(CCl5)2,Hexagonal,P6_3,36,train
mp-989512,LiTl2InCl6,Cubic,Fm-3m,10,train
mp-864662,HoCl3,Hexagonal,P6_3/mmc,8,train
mp-1112709,Cs2KSbI6,Cubic,Fm-3m,10,train
mp-567628,Rb2LiDyBr6,Cubic,Fm-3m,10,train
mp-7774,,,,8,train
mp-1225870,CsTaS3,Hexagonal,P6_3mc,10,train
mp-1110931,KInBr3,Cubic,Fm-3m,10,train
mp-989531,Cs2KGaF6,Cubic,Fm-3m,10,train
mp-2392,Th2Se5,Orthorhombic,Pbcn,28,train
mp-758054,LiAgF4,Monoclinic,C2/c,12,train
mp-998612,,,,10,train
mp-558099,Nb2Tl5S4Br9,Orthorhombic,Immm,20,train
mp-1079788,Sr4SO3,Cubic,Pm-3m,8,train
mp-1218358,SrCaTi2O6,Orthorhombic,Pmc2_1,20,train
mp-1084840,TiZn(BiO3)2,Monoclinic,Cm,10,train
mp-3521,NaBF4,Orthorhombic,Cmcm,12,train
mp-5857,MgAl2O4,Orthorhombic,Pnma,28,train
mp-1078250,Cs2AgBiBr6,Cubic,Fm-3m,10,train
mp-1209982,NaMoO3F,Monoclinic,P2_1/m,12,train
mp-1219113,SmBiS3,Orthorhombic,Pnma,20,train
mp-2651,PrF3,Trigonal,P-3c1,24,train
mp-1194197,La3SiN4F,Orthorhombic,Pnma,36,train
mp-12533,La2Hf2O7,Cubic,Fd-3m,22,train
mp-1080295,CeSe2,Tetragonal,I4_1/amd,6,train
mp-1247478,Na3NbN2,Monoclinic,P2_1/c,24,train
mp-1110887,K3BiCl6,Cubic,Fm-3m,10,train
mp-862947,Ba2BiAu,Cubic,Fm-3m,4,train
mp-17986,TiTl2O3,Orthorhombic,Pnma,24,train
mp-37216,,,,8,train
mp-22734,HfPbO3,Orthorhombic,Pbam,40,train
mp-1518578,SrCaNdSbO6,Cubic,F-43m,10,train
mp-6798,,,,10,train
mp-1020608,SiP2O7,Monoclinic,P2_1/c,20,train
mp-37498,Li5NCl2,Monoclinic,P2/m,16,train
mp-558243,Ba2InClO3,Tetragonal,P4/nmm,14,train
mp-1226592,CeZr3O8,Triclinic,P1,12,train
mp-3924,,,,8,train
mp-1080428,NbBr4,Monoclinic,C2/m,10,train
mp-1521751,BaSrYSbO6,Cubic,F-43m,10,train
mp-1193797,Ba(DySe2)2,Orthorhombic,Pnma,28,train
mp-1213194,CuTeSeBr,Monoclinic,P2_1/c,16,train
mp-999447,NaSmTe2,Trigonal,R-3m,4,train
mp-1746,MgF2,Cubic,Pa-3,12,train
mp-1220861,NaLa6Ga3S14,Trigonal,P3,24,train
mp-3953,CaCO3,Trigonal,R-3c,10,train
mp-23197,TlI,Cubic,Pm-3m,2,train
mp-8401,CsMgF3,Cubic,Pm-3m,5,train
mp-1403065,TiZnF6,Trigonal,R-3,8,train
mp-1114104,Rb3YBr6,Cubic,Fm-3m,10,train
mp-1110702,Rb2NaNdCl6,Cubic,Fm-3m,10,train
mp-1217848,Tb(CuS)3,Trigonal,R-3,14,train
mp-15157,Cs2CaF4,Tetragonal,I4/mmm,7,train
mp-1981564,NaLiTi3O7,Orthorhombic,Fmmm,24,train
mp-608314,Rb2ZnCl4,Orthorhombic,Pnma,28,train
mp-1210455,Na3La(AsO4)2,Trigonal,P-3m1,14,train
mp-570270,NbSeCl3,Monoclinic,P2/c,20,train
mp-754846,Ce2Nd2O7,Cubic,Fd-3m,22,train
mp-13680,BaBOF3,Orthorhombic,Pnma,24,train
mp-1220785,NaLaTi2O6,Orthorhombic,Pmn2_1,20,train
mp-1112446,K2TbAgCl6,Cubic,Fm-3m,10,train
mp-1247227,Sr5(VN3)2,Monoclinic,C2/c,26,train
mp-7457,SnF2,Tetragonal,P4_12_12,12,train
mp-560993,CaAl12Si4O27,Trigonal,P-3,44,train
mp-1111209,K2RbLuCl6,Cubic,Fm-3m,10,train
mp-753445,Sb4O5F2,Monoclinic,P2_1/c,22,train
mp-558713,LiAlSiO4,Hexagonal,P6_222,21,train
mp-1195090,CsY(SeO3)2,Cubic,Pa-3,40,train
mp-569639,TlCl,Cubic,Fm-3m,2,train
mp-24113,SnH8(NF3)2,Trigonal,P-3m1,17,train
mp-1206062,Ba2PrPaO6,Cubic,Fm-3m,10,train
mp-2758,SrSe,Cubic,Fm-3m,2,train
mp-1215896,YPaO4,Tetragonal,P4/mmm,6,train
mp-1112669,Cs2LiTbCl6,Cubic,Fm-3m,10,train
mp-1210373,Na2Ca(CO3)2,Hexagonal,P6_3mc,22,train
mp-23040,,,,4,train
mp-978504,SmGaO3,Cubic,Pm-3m,5,train
mp-23884,SrGe(HO2)2,Tetragonal,I-42d,16,train
mp-989639,,,,10,train
mp-559759,CaAlBO4,Orthorhombic,Ccc2,28,train
mp-546551,Na4CO4,Tetragonal,I-42m,9,train
mp-4351,K2B2S7,Monoclinic,C2/c,22,train
mp-1208319,TbTiClO3,Monoclinic,C2/m,12,train
mp-7421,,,,6,train
mp-6566,NaZnAsO4,Hexagonal,P6_3,42,train
mp-1214189,Be3Si3C4SO12,Cubic,P-43n,46,train
mp-776970,Li5SbS4,Orthorhombic,Pmmn,20,train
mp-1113117,Cs3GaF6,Cubic,Fm-3m,10,train
mp-753775,BaCaI4,Tetragonal,P4/mmm,6,train
mp-32880,,,,2,train
mp-989616,CaWN3,Monoclinic,C2/m,10,train
mp-15788,LiYS2,Trigonal,R-3m,4,train
mp-569939,AgBi2Se3Cl,Monoclinic,P2_1/m,14,train
mp-40802,BaSrLaBiO6,Cubic,F-43m,10,train
mp-1105917,CaTi4(PdO4)3,Cubic,Im-3,20,train
mp-1111013,KNa2GaF6,Cubic,Fm-3m,10,train
mp-1346382,Ca2Bi2O5,Orthorhombic,Pbam,18,train
mp-23475,Rb2PbCl6,Cubic,Fm-3m,9,train
mp-6613,Ba2YTaO6,Cubic,Fm-3m,10,train
mp-1520541,BaSrLaVO6,Orthorhombic,P222,40,train
mp-28302,K4CdP2,Trigonal,R-3m,7,train
mp-1106181,Ca2LaSbO6,Monoclinic,P2_1/c,20,train
mp-4975,RbZnF3,Hexagonal,P6_3/mmc,30,train
mp-1522228,KCaPrWO6,Cubic,F-43m,10,train
mp-1522582,KCePrGeO6,Cubic,F-43m,10,train
mp-546011,YZnAsO,Tetragonal,P4/nmm,8,train
mp-1391273,ZnNiF6,Trigonal,R-3,8,train
mp-4165,TaNO,Monoclinic,P2_1/c,12,train
mp-28873,,,,5,train
mp-1219205,Sm3SOF5,Monoclinic,Pm,20,train
mp-22264,CsSr2Nb3O10,Tetragonal,P4/mmm,16,train
mp-1188344,CsLiCl2,Monoclinic,C2/c,16,train
mp-7534,K2Cd2O3,Monoclinic,P2_1/c,14,train
mp-1110684,Rb2LiBiCl6,Cubic,Fm-3m,10,train
mp-38011,,,,3,train
aaactzvj,NaMg14AlO16,Tetragonal,P4/mmm,32,train
mp-1213261,CsTb2Cl7,Orthorhombic,Pnma,40,train
mp-752450,Ba2SrI6,Cubic,Ia-3,36,train
mp-505511,CoAsSe,Orthorhombic,Pbca,24,train
mp-555203,Sr5B3ClO9,Orthorhombic,C222_1,36,train
mp-2883,Sm2Sn2O7,Cubic,Fd-3m,22,train
mp-765970,Ti3Sn7O20,Orthorhombic,Cmmm,30,train
mp-1112103,Cs2YTlCl6,Cubic,Fm-3m,10,train
mp-28274,Ba3In2F12,Tetragonal,P4/mbm,34,train
mp-1232370,YPO4,Hexagonal,P6_222,18,train
mp-27210,RbTlF4,Orthorhombic,Pbcm,24,train
mp-1040874,CaTi4O9,Tetragonal,P4/n,28,train
mp-1217841,Tb(CuSe)3,Trigonal,R-3,14,train
mp-3901,NdNbO4,Monoclinic,C2/c,12,train
mp-1232057,Sm2MgSe4,Tetragonal,I-42d,14,train
mp-1188957,Te6IrBr3,Trigonal,R-3c,20,train
mp-557734,KIn(WO4)2,Trigonal,P-3m1,24,train
mp-33508,TaGaO4,Orthorhombic,Pna2_1,24,train
mp-865194,TmF3,Tetragonal,I4/mmm,4,train
mp-755705,SrLaI5,Monoclinic,P2_1/m,14,train
mp-696804,RbHS,Monoclinic,P2_1/m,6,train
mp-13097,NaZnAs,Tetragonal,P4/nmm,6,train
mp-1522387,KNdZr2O6,Cubic,Fm-3m,10,train
mp-1110886,K3GaBr6,Cubic,Fm-3m,10,train
mp-7657,K3SiTe3,Monoclinic,C2/m,14,train
mp-1047244,Mg(AgO2)2,Tetragonal,I4_1/a,14,train
mp-9125,,,,9,train
mp-905,LaF3,Trigonal,P-3c1,24,train
mp-17389,Pr3SiAgSe7,Hexagonal,P6_3,24,train
mp-1219880,Pr6Ge3S14,Trigonal,P3,23,train
mp-1224845,GaAgSeS,Orthorhombic,I2_12_12_1,8,train
mp-573204,Cs2KBiF6,Cubic,Fm-3m,10,train
mp-1182786,CsLi2(HO)3,Monoclinic,P2_1/m,18,train
mp-1228396,Ba2CeZrO6,Tetragonal,P4/mmm,10,train
mp-14017,,,,8,train
mp-1180796,KCu3SnSe4,Cubic,P-43m,9,train
mp-1032029,SrMg6ZnO8,Tetragonal,P4/mmm,16,train
mp-22935,CsBrF,Tetragonal,I4/mmm,6,train
mp-697168,MgH6(NCl)2,Orthorhombic,Imma,22,train
mp-557650,Sr3P6(N4O3)2,Trigonal,P-3,23,train
mp-2218975,MgNb2(GaO4)2,Monoclinic,Cm,13,train
mp-989570,Cs2CaSnCl6,Cubic,Fm-3m,10,train
mp-189,,,,8,train
mp-23751,CsMgH3,Trigonal,R-3m,15,train
mp-568273,LiI,Hexagonal,P6_3/mmc,4,train
mp-1213783,Cs2YCl5,Orthorhombic,Pnma,32,train
mp-1047563,Ca(SbO2)2,Orthorhombic,Pbcm,28,train
mp-1209133,RbY(WO4)2,Monoclinic,C2/c,24,train
mp-1095230,CaSeO4,Tetragonal,I4_1/a,12,train
mp-5730,Ba(BO2)2,Trigonal,R3c,42,train
mp-695476,NaSr8LaTi10O30,Tetragonal,P4/mmm,50,train
mp-8415,K2HfF6,Hexagonal,P-62m,9,train
mp-1044294,MgTiCo(PO4)3,Trigonal,R3c,36,train
mp-1195358,Ho2SeOF2,Hexagonal,P6_3/m,36,train
mp-5331,AlPO4,Trigonal,P3_121,18,train
mp-760396,TaAlO4,Tetragonal,I4_1md,12,train
mp-3919,KBO2,Trigonal,R-3c,24,train
mp-697331,Mg2NiH4,Monoclinic,C2/c,28,train
mp-567677,GeI2,Hexagonal,P-6m2,3,train
mp-558054,SrLi2Ta2O7,Orthorhombic,Cmcm,24,train
mp-6088,LaCuSO,Tetragonal,P4/nmm,8,train
mp-22212,NaSbO3,Orthorhombic,Pnma,20,train
mp-1111018,KNa2AsF6,Cubic,Fm-3m,10,train
mp-1111296,KTlCl3,Cubic,Fm-3m,10,train
mp-1191803,Ag5TePO4,Tetragonal,P4/nmm,22,train
mp-3982,KCuO2,Orthorhombic,Cmcm,8,train
mp-7936,,,,8,train
mp-3347048,Na4LiCl5,Monoclinic,C2/m,10,train
mp-1516222,BaSrNdVO6,Cubic,F-43m,10,train
mp-677780,Ca2MgSi2O7,Tetragonal,P-42_1m,24,train
mp-1213389,CsLu(TaBr3)6,Trigonal,P-31c,52,train
mp-1216543,Tl3V(SeS)2,Orthorhombic,Fmm2,8,train
mp-1223049,La4Br3ClO4,Orthorhombic,Amm2,12,train
mp-12509,,,,8,train
mp-1347575,Ca2YBiO5,Monoclinic,Cc,18,train
mp-1227387,Ca(ErTe2)2,Monoclinic,P2/m,7,train
mp-8376,MgAlBO4,Orthorhombic,Pnma,28,train
mp-568441,MgH2,Orthorhombic,Pbca,24,train
mp-772187,AlGaO3,Orthorhombic,Pna2_1,40,train
mp-1228614,Ba2Ag8S7,Orthorhombic,Pmn2_1,34,train
mp-569571,,,,20,train
mp-567714,Rb2AgBr3,Orthorhombic,Pnma,24,train
mp-1099712,K5Na3Ta2Nb6O24,Orthorhombic,Amm2,40,train
mp-10798,HgSeO3,Monoclinic,P2_1/c,20,train
mp-1013726,Cd4SF6,Tetragonal,P4_2/nmc,22,train
mp-28562,RbAsSe2,Monoclinic,C2/c,32,train
mp-1112054,CsK2AsCl6,Cubic,Fm-3m,10,train
mp-567583,CsSbCl6,Monoclinic,C2/c,16,train
mp-1208140,Tl3GeF7,Tetragonal,P4/mbm,22,train
mp-5769,Li3SbO4,Monoclinic,P2/c,16,train
mp-1214046,Ca3Si4,Hexagonal,P6_3/m,42,train
mp-9338,Ba2MgSi2O7,Tetragonal,P-42_1m,24,train
mp-23897,Rb3H(SeO4)2,Monoclinic,C2/c,28,train
mp-1211868,La2MgSnO6,Monoclinic,P2_1/c,20,train
mp-18247,Sr3ScRhO6,Trigonal,R-3c,22,train
mp-9588,LiP,Monoclinic,P2_1/c,16,train
mp-541646,Cs3Ru2Cl9,Hexagonal,P6_3/mmc,28,train
mp-7219,Na2ZrSe3,Monoclinic,C2/m,12,train
mp-568883,Pr3SiSe2N3,Trigonal,R-3,54,train
mp-625718,Y(HO)3,Hexagonal,P6_3/m,14,train
mp-557940,KNd(CO3)2,Orthorhombic,Pmn2_1,40,train
mp-15954,As2Rh,Monoclinic,P2_1/c,12,train
mp-1042253,Mg(SnO2)2,Monoclinic,C2/m,14,train
mp-753802,Sc2Ti2O7,Monoclinic,C2/m,11,train
mp-1211725,K2RbNdV2O8,Trigonal,P-3m1,14,train
mp-573204,,,,10,train
mp-1153970,Zn4InGaO7,Hexagonal,P6_3/mmc,26,train
mp-23553,GeBi2O5,Orthorhombic,Pnma,32,train
mp-1110594,Rb2CoAuF6,Cubic,Fm-3m,10,train
mp-568619,SiC,Trigonal,P3m1,10,train
mp-13859,K3SiF7,Tetragonal,P4/mbm,22,train
mp-568346,HfBrN,Orthorhombic,Pmmn,6,train
mp-998915,K2O,Cubic,Fm-3m,6,train
mp-669304,Cs3Tb2Br9,Trigonal,R-3c,28,train
mp-1519691,BaNaLaWO6,Cubic,F-43m,10,train
mp-1222847,LaY3Sc4O12,Monoclinic,Pm,20,train
mp-17708,Ge3Sb2O9,Hexagonal,P6_3/m,28,train
mp-1519429,KBaLaWO6,Orthorhombic,Pnnn,40,train
mp-1080306,CeSe2,Tetragonal,I4/m,12,train
mp-1179690,Rh2O3,Orthorhombic,Pnma,20,train
mp-8234,BaTe3,Tetragonal,P-42_1m,8,train
mp-865101,NaLi2Bi,Cubic,Fm-3m,4,train
mp-768074,LiTaWO6,Tetragonal,P4_122,36,train
mp-1227216,CaLa2BeO5,Orthorhombic,Pna2_1,36,train
mp-1188095,SnPbS3,Orthorhombic,Pnma,20,train
mp-1120728,GaSeCl,Orthorhombic,Pnnm,12,train
mp-1209338,Rb2Sr(PO3)4,Tetragonal,I-4,19,train
mp-20282,,,,10,train
mp-5273,KPrTe2,Trigonal,R-3m,4,train
mp-1214784,AsOsSe,Monoclinic,P2_1/c,12,train
mp-4340,TbPO4,Tetragonal,I4_1/amd,12,train
mp-1076510,K5Na3Ta8O24,Tetragonal,P4/mmm,40,train
mp-1111397,CsRb2CoF6,Cubic,Fm-3m,10,train
aaahbkly,Cs2DyAgCl6,Cubic,Fm-3m,10,train
mp-573358,CsBSe3,Monoclinic,P2_1/c,20,train
mp-697181,CsLi2(HO)3,Monoclinic,P2_1/m,18,train
mp-7571,KNbF6,Tetragonal,P4_2/mcm,16,train
mp-1205612,Rb3SmF6,Cubic,Fm-3m,10,train
mp-16662,Ba6Nd2Ti4O17,Hexagonal,P6_3/mmc,58,train
mp-771699,Sb2O5,Monoclinic,P2_1/c,28,train
mp-8470,NaPrO2,Tetragonal,I4_1/amd,8,train
mp-1113650,Rb2TlCoF6,Cubic,Fm-3m,10,train
mp-9323,Tb2S3,Orthorhombic,Pnma,20,train
mp-29521,RbBiO2,Monoclinic,C2/c,8,train
mp-1189242,Dy3GaS6,Orthorhombic,Cmc2_1,20,train
mp-1218499,Sr3LaTa3O12,Trigonal,R3m,19,train
mp-558830,ZnTeMoO6,Orthorhombic,P2_12_12,18,train
mp-1079559,CdPSe3,Trigonal,R-3,10,train
mp-1219645,RbBi4Se7,Monoclinic,C2/m,24,train
mp-768368,,,,7,train
mp-36033,PrOF,Cubic,F-43m,3,train
mp-552234,SrBiBrO2,Orthorhombic,Cmcm,10,train
mp-752402,BaSrI4,Orthorhombic,Pbcn,24,train
mp-1206273,Ba3UO6,Cubic,Fm-3m,10,train
mp-27243,,,,7,train
mp-704718,Pt3I8,Tetragonal,P4_12_12,44,train
mp-10760,MgSe,Cubic,Fm-3m,2,train
mp-17700,SnWO4,Orthorhombic,Pnna,24,train
mp-1111295,KTlF3,Cubic,Fm-3m,10,train
mp-16610,Ge3Os2,Orthorhombic,Pbcn,40,train
mp-1046855,Ca(SbO2)2,Cubic,Fd-3m,14,train
mp-567885,C3N4,Hexagonal,P-6m2,14,train
mp-636731,Zr(MoO4)2,Orthorhombic,Pmn2_1,22,train
mp-626037,Si2H2O5,Monoclinic,C2,18,train
mp-18921,NaCoO2,Trigonal,R-3m,4,train
mp-1237057,CaTi2PbO6,Tetragonal,P4mm,10,train
mp-23009,Ca2BrN,Trigonal,R-3m,4,train
mp-756202,Ba2SrI6,Monoclinic,P2_1/c,18,train
mp-571306,,,,16,train
mp-9144,,,,8,train
mp-768873,Y2GeO5,Monoclinic,P2_1/c,32,train
mp-567636,VFeSb,Cubic,F-43m,3,train
mp-753727,Y3I7O,Hexagonal,P6_3mc,22,train
mp-1943,GaSe,Hexagonal,P6_3/mmc,8,train
mp-1519537,BaSrCe2O6,Monoclinic,P2_1/m,20,train
mp-1222141,Mg2TeS,Trigonal,R3m,4,train
mp-755104,Ba2YCl7,Monoclinic,C2/c,20,train
mp-1100409,LiCaSb,Cubic,F-43m,3,train
mp-555548,MgAlPO5,Monoclinic,P2_1/c,32,train
mp-1113409,Cs2NdAuCl6,Cubic,Fm-3m,10,train
mp-1208860,SmAl3(BO3)4,Trigonal,R32,20,train
mp-17120,Cs6K3AlSb4,Hexagonal,P6_3/mmc,28,train
mp-1397126,Ca2Ti3O8,Monoclinic,C2/m,13,train
mp-3762,,,,8,train
mp-1207120,Ba2LiIO6,Cubic,Fm-3m,10,train
mp-1111019,KNa2AlF6,Cubic,Fm-3m,10,train
mp-1517218,Sr2TbSbO6,Cubic,Fm-3m,10,train
mp-1193520,Sr(ErSe2)2,Orthorhombic,Pnma,28,train
mp-11019,,,,8,train
mp-7667,K2S3,Orthorhombic,Cmc2_1,10,train
mp-540584,K2PdO2,Orthorhombic,Immm,5,train
mp-1227065,CaLa2ZrO6,Cubic,Fm-3m,10,train
mp-1105235,BH(PbO2)2,Monoclinic,C2/m,16,train
mp-7499,Tl2Sn2S5,Monoclinic,C2/c,18,train
mp-33335,MgAl2O4,Trigonal,P3m1,42,train
mp-8809,BaLa2PtO5,Tetragonal,P4/mbm,18,train
mp-28075,,,,9,train
mp-1520834,KHf2BiO6,Cubic,Fm-3m,10,train
mp-7441,KP,Orthorhombic,P2_12_12_1,16,train
mp-21043,RbPbF3,Cubic,Pm-3m,5,train
mp-1173486,SmBO3,Orthorhombic,Pnma,20,train
mp-1221076,NaCaScZn(SiO3)4,Monoclinic,C2,20,train
mp-7986,CaSnO3,Cubic,Pm-3m,5,train
mp-1110756,K2RbNdCl6,Cubic,Fm-3m,10,train
mp-1181864,GaN,Hexagonal,P6_3mc,8,train
mp-22971,SbSBr,Orthorhombic,Pnma,12,train
mp-1179003,SrYCu3Se4,Cubic,P-43m,9,train
mp-16183,Tl2B2Se7,Monoclinic,C2/c,22,train
mp-32594,Sm2Se3,Tetragonal,I-42d,40,train
mp-1228759,Ba4Ge2Pb(Se4Br)2,Orthorhombic,Pmn2_1,34,train
mp-3070,,,,12,train
mp-18224,Rb6Ge2O7,Monoclinic,P2_1/c,30,train
mp-15349,Li2GeO3,Orthorhombic,Cmc2_1,12,train
mp-24012,HoHSe,Hexagonal,P-6m2,3,train
mp-1214427,BaErAl3SiN4O3,Hexagonal,P6_3mc,26,train
mp-3589,,,,6,train
mp-3941,LiYF4,Tetragonal,P4/nbm,12,train
mp-1111739,Na2LiBiBr6,Cubic,Fm-3m,10,train
mp-1226758,CdBiBrO2,Tetragonal,I4mm,5,train
mp-15317,Rb2NaHoF6,Cubic,Fm-3m,10,train
mp-1103067,FePSe,Monoclinic,P2_1/c,12,train
mp-1212119,KCaAs(H4O3)4,Orthorhombic,Amm2,31,train
mp-863261,Sr2CdAs2,Orthorhombic,Cmc2_1,10,train
mp-1523298,KLaNbInO6,Cubic,F-43m,10,train
mp-985701,AgAs3H2O9,Triclinic,P-1,30,train
mp-1208773,Sr2TlBr5,Monoclinic,P2_1/c,32,train
mp-11736,ZrSiO4,Tetragonal,I4_1/a,12,train
mp-776239,Zr2N2O,Monoclinic,C2/c,30,train
mp-1047437,Ca(CuO2)2,Tetragonal,I4_1/a,14,train
mp-755756,,,,5,train
mp-567373,LaCN2Cl,Monoclinic,P2_1/m,10,train
mp-7029,SiO2,Tetragonal,P4_32_12,12,train
mp-15549,K2LiAlF6,Trigonal,R-3m,20,train
mp-1192439,Ba(ErS2)2,Orthorhombic,Pnma,28,train
mp-8892,LiInF4,Orthorhombic,Pbcn,24,train
mp-675374,Al2PbSe4,Orthorhombic,Cccm,14,train
mp-1173753,Na2Ga2Se3,Monoclinic,C2/m,14,train
mp-559084,Na4Al3Ge3BrO12,Cubic,P-43n,46,train
mp-1019541,BaCa3O4,Cubic,Pm-3m,8,train
mp-1111092,Na2YAgF6,Cubic,Fm-3m,10,train
mp-2030,,,,12,train
mp-754517,,,,9,train
mp-649595,CaMgSiO4,Orthorhombic,Pnma,28,train
mp-778451,Na6Sn2O7,Monoclinic,C2/c,30,train
mp-17380,Ba2Ca(PdO2)3,Orthorhombic,Fmmm,24,train
mp-1210277,Na3PrV2O8,Trigonal,P-3m1,14,train
mp-18640,LiTi2(PO4)3,Trigonal,R-3c,36,train
mp-1112909,Cs2YCuCl6,Cubic,Fm-3m,10,train
mp-4019,CaTiO3,Orthorhombic,Pnma,20,train
mp-1246318,Zn5(SiN3)2,Monoclinic,C2/c,26,train
mp-756063,RbNbO3,Monoclinic,C2/m,20,train
mp-730,P2Pt,Cubic,Pa-3,12,train
mp-24608,K2AlH2OF5,Orthorhombic,Cmcm,22,train
mp-29513,CsXeF7,Cubic,P2_13,36,train
mp-1523090,Sr2ZrGeO6,Cubic,Fm-3m,10,train
mp-1103189,LaTeCl,Orthorhombic,Pnma,12,train
mp-1516795,Sr2NdSbO6,Cubic,Pn-3,40,train
mp-1517982,BaZrInSbO6,Cubic,F-43m,10,train
mp-28328,RbI3,Orthorhombic,Pnma,16,train
mp-7487,BaO,Tetragonal,P4/nmm,4,train
mp-12558,LiMgAs,Cubic,F-43m,3,train
mp-9186,CdSeO3,Orthorhombic,Pnma,20,train
mp-1227567,Bi4PbS7,Monoclinic,Cm,12,train
mp-17056,LiZnPO4,Trigonal,R3,42,train
mp-1190981,Sr2ZnS3,Orthorhombic,Pnma,24,train
mp-4673,SrHfO3,Orthorhombic,Cmcm,20,train
mp-380,ZnSe,Hexagonal,P6_3mc,4,train
mp-13815,Rb2NaErF6,Cubic,Fm-3m,10,train
mp-736,Li3P,Hexagonal,P6_3/mmc,8,train
mp-27132,Zr2P2O9,Orthorhombic,Cmce,26,train
mp-1541564,CsTlF4,Orthorhombic,Pbcm,24,train
mp-9126,,,,9,train
mp-1521423,Sr2TbVO6,Cubic,Fm-3m,10,train
mp-1112126,Cs2RbLaCl6,Cubic,Fm-3m,10,train
mp-643392,Ca(HO)2,Monoclinic,P2_1/c,20,train
mp-14039,K2NaRhF6,Cubic,Fm-3m,10,train
mp-1210092,NaBi(MoO4)2,Tetragonal,I-4,12,train
mp-1066131,YTlS2,Trigonal,R-3m,4,train
mp-5928,,,,7,train
mp-19295,LuVO4,Tetragonal,I4_1/a,12,train
mp-8725,HfSnS3,Orthorhombic,Pnma,20,train
mp-2030,RuS2,Cubic,Pa-3,12,train
mp-776093,CsAsO3,Orthorhombic,Pbcm,20,train
mp-1213080,CsNbCl6,Monoclinic,C2/c,16,train
mp-1246362,Ca3(SbN2)2,Monoclinic,C2/c,18,train
mp-863678,KZn4(SbO4)3,Trigonal,R3,20,train
mp-13596,K2ZrF6,Orthorhombic,Cmcm,18,train
mp-8884,ZnTe,Hexagonal,P6_3mc,4,train
mp-1111532,Na2ScCuCl6,Cubic,Fm-3m,10,train
mp-29212,Tl4PbI6,Orthorhombic,Pbam,22,train
mp-1209018,Sc2TlCu3S5,Orthorhombic,Cmcm,22,train
mp-1218711,Sr5V3HO13,Hexagonal,P6_3,44,train
mp-999549,WN2,Hexagonal,P-6m2,3,train
mp-504922,UPbO4,Orthorhombic,Pbcm,24,train
mp-1206188,CaTlI3,Orthorhombic,Cmcm,10,train
mp-2223708,K3MgSbS4,Orthorhombic,Fmm2,9,train
mp-1110926,K3NdBr6,Cubic,Fm-3m,10,train
mp-556176,Li2ZrF6,Monoclinic,C2/c,18,train
mp-1216293,UBi4WO12,Tetragonal,P4/mmm,18,train
mp-570590,CdBiSe2Br,Orthorhombic,Pnma,20,train
mp-865324,LuCl3,Hexagonal,P6_3/mmc,8,train
mp-773864,TiSnO4,Tetragonal,I-4m2,6,train
mp-7911,,,,12,train
mp-1112628,Cs2YInCl6,Cubic,Fm-3m,10,train
mp-1111279,Na2CuBiF6,Cubic,Fm-3m,10,train
mp-21283,Cs2PbO3,Orthorhombic,Cmcm,12,train
mp-37030,TaBi3O7,Monoclinic,Cm,11,train
mp-3967,NaNO,Monoclinic,P2_1/c,24,train
mp-3707,CaGe2O5,Monoclinic,C2/c,16,train
mp-1103213,SbTeOs,Monoclinic,P2_1/c,12,train
mp-570097,,,,7,train
mp-556934,KNaSiF6,Orthorhombic,Pnma,36,train
mp-1110765,Rb2CuBiI6,Cubic,Fm-3m,10,train
mp-9113,CsBeAsO4,Orthorhombic,Pna2_1,28,train
mp-3248,TbAsO4,Tetragonal,I4_1/amd,12,train
mp-13868,,,,10,train
mp-559456,KNd(WO4)2,Monoclinic,C2/m,24,train
mp-754853,CaHfO3,Orthorhombic,Pnma,20,train
mp-2552,TeO3,Trigonal,R-3c,8,train
mp-20832,Zn(InTe2)2,Tetragonal,I-4,7,train
mp-1190339,Na3Ca3AlSb4,Hexagonal,P6_3mc,22,train
mp-1102083,BaMgF4,Orthorhombic,Cmcm,12,train
mp-1191026,YPS,Orthorhombic,Pnma,24,train
mp-1007823,GaBN2,Tetragonal,P-4m2,4,train
mp-768422,TmHO2,Monoclinic,P2_1/c,16,train
mp-863759,CsK2Bi,Cubic,Fm-3m,4,train
mp-1112501,Cs2TlBiI6,Cubic,Fm-3m,10,train
mp-561384,ZrF4,Tetragonal,P4_2/m,40,train
mp-1209293,PrSBr,Monoclinic,P2_1/c,12,train
mp-18578,TlZnAsO4,Monoclinic,P2_1,28,train
mp-3078,CdSiAs2,Tetragonal,I-42d,8,train
mp-29252,Sn2ClF3,Cubic,P2_13,24,train
mp-6606,SrYSi4N7,Hexagonal,P6_3mc,26,train
mp-28626,,,,12,train
mp-33723,BiTeBr,Trigonal,P3m1,3,train
mp-1208835,Sr2AlSbO6,Cubic,Fm-3m,10,train
mp-1193583,Ba(HoS2)2,Orthorhombic,Pnma,28,train
mp-12626,K2SrBe2F8,Trigonal,R-3m,13,train
mp-5588,,,,8,train
mp-2763561,NaYF4,Trigonal,P3,18,train
mp-756930,BaCaO2,Orthorhombic,Pnma,16,train
mp-8756,,,,6,train
mp-1112114,Cs2RbYCl6,Cubic,Fm-3m,10,train
mp-28266,,,,6,train
mp-29787,Ba5Pt2O9,Trigonal,P321,48,train
mp-7260,P4S5,Monoclinic,P2_1/m,18,train
mp-1112416,Rb2TbCuCl6,Cubic,Fm-3m,10,train
mp-1191565,SmPS,Orthorhombic,Pnma,24,train
mp-1201635,Tb2ZrSe5,Orthorhombic,Pnma,32,train
mp-996968,AgBiO2,Monoclinic,P2_1/m,8,train
mp-672253,CuHgSCl,Orthorhombic,Pmma,16,train
mp-556595,Nd4Cu2O7,Monoclinic,C2/m,13,train
mp-1216051,Y7ReO14,Trigonal,R-3m,22,train
mp-9698,Rb6AlSb3,Monoclinic,P2_1/m,20,train
mp-1521551,Sr2CeSiO6,Cubic,Fm-3m,10,train
mp-723540,K6BiH3(Cl2F)4,Hexagonal,P6_3/mmc,44,train
mp-1114259,Na3RhF6,Cubic,Fm-3m,10,train
mp-1213894,CaYBO4,Orthorhombic,Pnma,28,train
mp-755436,Na3VO4,Orthorhombic,Pmn2_1,16,train
mp-1223441,KBaLiZnF6,Cubic,F-43m,10,train
mp-1214836,Al3BC3,Hexagonal,P6_3/mmc,14,train
mp-6872,K3SiN(OF2)3,Hexagonal,P6_3/mmc,28,train
mp-1246567,InGa2N3,Orthorhombic,Cmc2_1,12,train
mp-977417,NdB2HF10,Monoclinic,P2_1/m,28,train
mp-23703,LiH,Cubic,Fm-3m,2,train
mp-863695,PmI3,Hexagonal,P6_3/mmc,8,train
mp-558212,KNaNdNbO5,Tetragonal,P4/nmm,18,train
mp-1178386,CsTe4,Monoclinic,P2_1/c,20,train
mp-7548,BaSe3,Tetragonal,P-42_1m,8,train
mp-17747,Y3CuSnS7,Hexagonal,P6_3,24,train
mp-1194742,Ba3B3Pb2BrO9,Orthorhombic,C222_1,36,train
mp-1195050,SnIr2Se5,Monoclinic,P2/m,16,train
mp-1190869,NaBH4,Orthorhombic,Pnma,24,train
mp-10495,NdCuS2,Monoclinic,P2_1/c,16,train
mp-8187,,,,10,train
mp-13978,Rb2ThF6,Hexagonal,P-62m,9,train
mp-35388,LiSmSe2,Tetragonal,I4_1/amd,8,train
mp-7233,,,,5,train
mp-36031,Ca(LaTe2)2,Tetragonal,I-42d,14,train
mp-29835,K2SnTe3,Orthorhombic,Cmce,24,train
mp-569779,ScSbPd,Cubic,F-43m,3,train
mp-42897,NaPrTiNbO6F,Tetragonal,P4_122,44,train
mp-22304,Cd(InSe2)2,Tetragonal,I-4,7,train
mp-561902,CsAg3S2,Monoclinic,C2/m,12,train
mp-1210097,NaPr(CO3)2,Orthorhombic,Pmc2_1,20,train
mp-1190680,Mg(BH4)2,Tetragonal,I-4m2,22,train
mp-1219637,RbNaCa2Nb4O13,Tetragonal,P4/mmm,21,train
mp-1226831,Ce3ZrO8,Tetragonal,P4/mmm,12,train
mp-1202745,Si,Trigonal,P-3m1,58,train
mp-20459,,,,5,train
mp-568273,,,,4,train
mp-1227978,BaGa2SiSe6,Triclinic,P1,10,train
mp-570045,Sm3CuSiSe7,Hexagonal,P6_3,24,train
mp-1188364,Tl2Hg3S4,Monoclinic,C2/c,18,train
mp-546633,KClO4,Cubic,F-43m,6,train
mp-3524,LiPN2,Tetragonal,I-42d,8,train
mp-27455,YCl3,Monoclinic,C2/m,8,train
mp-752573,Ba(NaSi2)2,Orthorhombic,Ima2,28,train
mp-1173362,PrSO,Monoclinic,C2/m,6,train
mp-13974,Ho2SeO2,Trigonal,P-3m1,5,train
mp-1110852,K3PrF6,Cubic,Fm-3m,10,train
mp-1523004,NaSrTbSeO6,Cubic,F-43m,10,train
mp-546125,,,,12,train
mp-999127,NaTbSe2,Trigonal,R-3m,4,train
mp-1044853,TiO2,Trigonal,P3m1,36,train
mp-1192816,Cs3SbSe3,Cubic,P2_13,28,train
mp-1218413,Sr3Nb2ZnO9,Trigonal,P-3m1,15,train
mp-6055,Sm2SiTeO4,Orthorhombic,Pbcm,32,train
mp-1222933,LaTiNbO6,Orthorhombic,Pna2_1,36,train
mp-1192860,Rb2BeF4,Orthorhombic,Pnma,28,train
mp-979932,Sr3SiO5,Tetragonal,I4/mcm,18,train
mp-8621,K2PtSe2,Orthorhombic,Immm,5,train
mp-756597,Li2HfO3,Monoclinic,C2/m,12,train
mp-561033,CsCu5S3,Orthorhombic,Pmma,18,train
mp-582767,La3CuGeS7,Hexagonal,P6_3,24,train
mp-1179094,SrH2,Hexagonal,P6_3/mmc,6,train
mp-1203806,Ba2GaSbS5,Orthorhombic,Pnma,36,train
mp-2858,ZrO2,Monoclinic,P2_1/c,12,train
mp-759680,LiSi2BiO6,Monoclinic,C2/c,20,train
mp-2782,ZnP2,Tetragonal,P4_12_12,24,train
mp-1112417,K2TaAuF6,Cubic,Fm-3m,10,train
mp-19717,TePb,Cubic,Fm-3m,2,train
mp-7752,,,,5,train
mp-4408,Sm2Zr2O7,Cubic,Fd-3m,22,train
mp-1520901,SrCaInSbO6,Cubic,F-43m,10,train
mp-1218050,SrPrGa3O7,Orthorhombic,Cmm2,24,train
mp-1520860,KLaTbBiO6,Tetragonal,P4_2/nnm,40,train
mp-12488,CsErCdTe3,Orthorhombic,Cmcm,12,train
mp-1211320,KRb2InF6,Monoclinic,P2_1/c,20,train
mp-1112132,Cs2RbBiBr6,Cubic,Fm-3m,10,train
mp-6684,NaCdPO4,Orthorhombic,Pnma,28,train
mp-1095507,SbIrSe,Cubic,P2_13,12,train
mp-1220819,NaY9(Si3O13)2,Trigonal,P3,42,train
mp-1114164,Rb2YTlI6,Cubic,Fm-3m,10,train
mp-1215430,Zn2SeS,Tetragonal,P-4m2,4,train
mp-1521536,Sr2NdNbO6,Cubic,Pn-3,40,train
mp-1252068,KAl11O17,Hexagonal,P6_3/mmc,58,train
mp-1093718,Cs2AuCl,Orthorhombic,Immm,4,train
mp-1101682,Na5SbO5,Monoclinic,C2/m,11,train
mp-7462,Hg2SeO4,Monoclinic,P2/c,14,train
mp-989613,TiPN3,Orthorhombic,Amm2,5,train
mp-23165,PtBr3,Trigonal,R-3,48,train
mp-1190650,Ni2Sb2O7,Cubic,Fd-3m,22,train
mp-998755,RbSrCl3,Trigonal,R-3,10,train
mp-8459,CdSO4,Orthorhombic,Cmcm,12,train
mp-22881,CdCl2,Trigonal,R-3m,3,train
mp-13181,LaF3,Cubic,Fm-3m,4,train
mp-20980,NaNdTiO4,Tetragonal,P4/nmm,14,train
mp-3247,Cs2TiS3,Orthorhombic,Cmcm,12,train
mp-1102246,LaSeCl,Orthorhombic,Pnma,12,train
mp-1518672,Ca2LaSbO6,Cubic,Pn-3,40,train
mp-1217194,Ti2AgBiO6,Tetragonal,I-42m,10,train
mp-5476,Cs4Mg3F10,Orthorhombic,Cmce,34,train
mp-558273,Ca3SiO5,Trigonal,R3m,27,train
mp-8934,Cs2SnAs2,Orthorhombic,Ibam,10,train
mp-2460,Er2O3,Monoclinic,C2/m,15,train
mp-1029275,SrZrN2,Tetragonal,P4/nmm,8,train
mp-768810,Sr4Br6O,Tetragonal,P4_2/nmc,22,train
mp-1212099,K2LaTa6(Br5O)3,Trigonal,P-31c,54,train
mp-557962,SrLiBS3,Orthorhombic,Pnma,24,train
mp-2760250,YbBO3,Orthorhombic,Cmcm,10,train
mp-1009755,Ca2Ge,Cubic,Fm-3m,3,train
mp-6951,RbCdF3,Cubic,Pm-3m,5,train
mp-561681,CsSO3,Hexagonal,P6_3mc,20,train
mp-18837,KSc(MoO4)2,Trigonal,P-3m1,12,train
mp-754043,NaLuO2,Tetragonal,I4_1/amd,8,train
mp-1048327,CaSnF4,Tetragonal,P4/mmm,6,train
mp-2763227,Y3InS6,Orthorhombic,Pnnm,40,train
mp-559151,BaSrTa2O7,Orthorhombic,Immm,22,train
mp-32669,Ag2S,Orthorhombic,Cmcm,6,train
mp-1210617,MgTlCl3,Orthorhombic,Pnma,20,train
mp-1222344,LiTaGeO5,Monoclinic,Cc,16,train
mp-1199216,Cs2ZnBi2S5,Orthorhombic,Pnma,40,train
mp-29605,SrPr2O4,Orthorhombic,Pnma,28,train
mp-17741,Sm2ReO5,Tetragonal,P4/n,32,train
mp-560067,AgHgSBr,Orthorhombic,Pmma,16,train
mp-1202046,Sr2PIO4,Monoclinic,P2_1/c,32,train
mp-754203,SmErO3,Orthorhombic,Pnma,20,train
mp-1219229,Sm3SiS6Cl,Monoclinic,P2_1,22,train
mp-6459,,,,10,train
mp-1031705,CaMg6CdO8,Tetragonal,P4/mmm,16,train
mp-1210819,LiMg2H7Os,Hexagonal,P6_3/mmc,22,train
mp-1209152,RbSm(MoO4)2,Monoclinic,C2/c,24,train
mp-27499,BaTeS3,Orthorhombic,Pnma,20,train
mp-755481,Ca(ClO3)2,Monoclinic,C2/c,18,train
mp-554041,Na2Al2B2O7,Trigonal,P-31c,26,train
mp-759230,NaAl11O17,Trigonal,R3m,29,train
mp-1219154,Sm2ScNbO7,Orthorhombic,Imma,22,train
mp-1114018,Rb2NaLaCl6,Cubic,Fm-3m,10,train
mp-6669,Sr5P3O12F,Hexagonal,P6_3/m,42,train
mp-677039,Li5TiAs3,Monoclinic,C2/c,18,train
mp-3503,Li6WN4,Tetragonal,P4_2/nmc,22,train
mp-752415,NbO2F,Orthorhombic,Amm2,8,train
mp-863758,K2SrCdSb2,Orthorhombic,Pmc2_1,12,train
mp-18977,Ba2CaWO6,Cubic,Fm-3m,10,train
mp-1111137,K2TlGaBr6,Cubic,Fm-3m,10,train
mp-10955,,,,7,train
mp-1111112,K2LiGaF6,Cubic,Fm-3m,10,train
mp-1232279,Tm2MgS4,Cubic,Fd-3m,14,train
mp-1143,Al2O3,Trigonal,R-3c,10,train
mp-1111416,K2ScTlF6,Cubic,Fm-3m,10,train
mp-1209872,NdZr2F11,Orthorhombic,Ibam,28,train
mp-561531,Y2Si2O7,Monoclinic,P2_1/m,22,train
mp-1208868,Sm3W(ClO2)3,Hexagonal,P6_3/m,26,train
mp-553303,,,,6,train
mp-752636,LiSbO3,Cubic,P2_13,20,train
mp-1114120,KRb2ScBr6,Cubic,Fm-3m,10,train
mp-505281,CsSbS6(O3F)6,Trigonal,R-3,32,train
mp-11918,,,,10,train
mp-557691,La2O3,Trigonal,P-3m1,15,train
mp-1523166,Ba2YBiO6,Cubic,Pn-3,40,train
mp-3205,CaCO3,Orthorhombic,Pmmn,10,train
mp-985697,Ba3Si6(NO6)2,Trigonal,P-3,23,train
mp-754150,La3GaO6,Orthorhombic,Cmc2_1,20,train
mp-1103091,GaHgCl4,Triclinic,P-1,12,train
mp-1029337,Zr2SeN2,Trigonal,P-3m1,5,train
mp-29208,Ca(MgBi)2,Trigonal,P-3m1,5,train
mp-1009082,,,,8,train
mp-1143,Al2O3,Trigonal,R-3c,10,train
mp-1113047,Cs2KScBr6,Cubic,Fm-3m,10,train
mp-27251,Bi2TeO6,Orthorhombic,Cmce,18,train
mp-16337,,,,7,train
mp-556524,Nb2Sn2O7,Cubic,Fd-3m,22,train
mp-3716,TbNiSb,Cubic,F-43m,3,train
mp-1220843,Na8Al6Si6BrClO24,Cubic,P23,46,train
mp-1105,BaO2,Tetragonal,I4/mmm,3,train
mp-543024,Cs2Pd(IBr2)2,Tetragonal,I4/mmm,9,train
mp-34141,Sr(LaS2)2,Tetragonal,I-42d,14,train
mp-975605,Pr6IrCl11,Monoclinic,C2/m,18,train
mp-1222264,Mg3BH2O5F,Monoclinic,Pm,24,train
mp-556662,SiO2,Monoclinic,C2,12,train
mp-753460,BaCa2I6,Orthorhombic,Pmn2_1,18,train
mp-28797,YHSe,Hexagonal,P-6m2,3,train
mp-1024049,Na2Zn2Se3,Monoclinic,C2/c,28,train
mp-4748,NaNbO3,Orthorhombic,Cmcm,20,train
mp-1228454,Al2ZnSe4,Monoclinic,Pm,7,train
mp-1390618,SnO2,Trigonal,R-3m,3,train
mp-28049,BaBrCl,Orthorhombic,Pnma,12,train
mp-1047,Ca3N2,Trigonal,R-3c,10,train
mp-755391,BaNa2O2,Orthorhombic,Cmc2_1,10,train
mp-1223812,K3ClO,Cubic,Pm-3m,5,train
mp-1112943,Cs2AgSbBr6,Cubic,Fm-3m,10,train
mp-18753,Na3Mo(OF)3,Trigonal,R3,10,train
mp-1214839,Al3Bi(BO3)4,Trigonal,R32,20,train
mp-6031,Li16Nb2N8O,Trigonal,R-3,27,train
mp-1220788,Na6Cd(SnS3)4,Monoclinic,C2/m,23,train
mp-1228550,Ba5V3HO13,Hexagonal,P6_3,44,train
mp-9837,Ba4Nd4Zn3PtO15,Hexagonal,P6_3mc,54,train
mp-1220301,NbTlWO6,Orthorhombic,Imma,18,train
mp-556224,Sr5V3ClO12,Hexagonal,P6_3/m,42,train
mp-1403,Sm2S3,Orthorhombic,Pnma,20,train
mp-5414,,,,8,train
mp-669377,Ba2CaWN4,Orthorhombic,Fddd,32,train
mp-19799,,,,8,train
mp-1113614,Cs2AlAgF6,Cubic,Fm-3m,10,train
mp-1035588,KMg14GaO16,Tetragonal,P4/mmm,32,train
mp-667342,Bi12PbO20,Cubic,I23,33,train
mp-22903,RbI,Cubic,Fm-3m,2,train
mp-7631,SiC,Hexagonal,P6_3mc,12,train
mp-567855,RbGeI3,Orthorhombic,Pnma,20,train
mp-1247331,YAl2N3,Orthorhombic,Cmc2_1,12,train
mp-1192405,HgP2(PdO4)2,Orthorhombic,Fddd,26,train
mp-19795,,,,8,train
mp-7505,K2P2Pd,Orthorhombic,Cmcm,10,train
mp-254,NdF3,Trigonal,P-3c1,24,train
mp-24181,CsGaP3HO10,Monoclinic,C2,16,train
mp-16445,CsSm2CuSe4,Orthorhombic,Cmcm,16,train
mp-1220028,PrH3(SO4)3,Hexagonal,P6_3,38,train
mp-9812,ZnCO3,Trigonal,R-3c,10,train
mp-604884,BN,Hexagonal,P-6m2,4,train
mp-22939,BiClO,Tetragonal,P4/nmm,6,train
mp-14285,CoP2,Monoclinic,P2_1/c,12,train
mp-10409,Ba4Nd2Cd3Se10,Orthorhombic,Cmc2_1,38,train
mp-23949,RbCaH3,Cubic,Pm-3m,5,train
mp-1111531,Na2LuAgCl6,Cubic,Fm-3m,10,train
mp-1105197,Cs2PaF7,Monoclinic,C2/c,20,train
mp-560358,Zr2P2O9,Monoclinic,C2/m,26,train
mp-1207473,ZnC2,Cubic,Pn-3m,12,train
mp-1110600,Rb2ScAgF6,Cubic,Fm-3m,10,train
mp-2911938,Pb3BrF5,Monoclinic,Cm,9,train
mp-8041,Rb2S,Cubic,Fm-3m,3,train
mp-1178039,Li2CeO3,Monoclinic,C2/c,12,train
mp-1201161,Pr4AsBrO8,Tetragonal,P4_2/m,56,train
mp-761033,Hf3N2O3,Monoclinic,Cm,16,train
mp-757785,Bi12PbO19,Trigonal,R3,32,train
mp-7297,Cs2SnF6,Trigonal,P-3m1,9,train
mp-864942,Mg3TcH7,Hexagonal,P6_3/mmc,22,train
mp-556672,Sn(SeO3)2,Cubic,Pa-3,36,train
mp-22895,CuI,Cubic,F-43m,8,train
mp-989527,,,,10,train
mp-1080348,CeSe2,Cubic,Fm-3m,6,train
mp-39215,Zn3GaB6PO12,Trigonal,R3m,23,train
mp-17245,Na3TaF8,Monoclinic,C2/c,24,train
mp-1192189,MgO,Hexagonal,P6_3/mmc,24,train
mp-1518526,Sr2ZrTiO6,Cubic,Fm-3m,10,train
mp-2646,,,,5,train
mp-556703,Ba3Mg(SiO4)2,Trigonal,P-3,42,train
mp-1517811,KLaCeNiO6,Cubic,F-43m,10,train
mp-1019269,Sr2H3I,Trigonal,P-3m1,6,train
mp-37747,LiHS,Orthorhombic,Pcca,24,train
mp-1519664,BaNaLaWO6,Orthorhombic,Pnnn,40,train
mp-9010,,,,6,train
mp-555129,La3S3N,Orthorhombic,Pnma,28,train
mp-1214497,Ba5P3O12F,Hexagonal,P6_3/m,42,train
mp-1520770,BaCaTbNbO6,Cubic,F-43m,10,train
mp-1519450,KBaCeBiO6,Orthorhombic,Pnnn,40,train
mp-1112961,CsInCl3,Cubic,Fm-3m,10,train
mp-10618,LiInSe2,Trigonal,R-3m,4,train
mp-8000,SrSn(BO3)2,Trigonal,R-3,10,train
mp-23349,,,,10,train
mp-5388,Zn(SbO2)2,Tetragonal,P4_2/mbc,28,train
mp-5858,CdPtF6,Trigonal,R-3,8,train
mp-558990,K2Sr(PO3)4,Tetragonal,I-4,19,train
mp-11919,Sr(BeN)2,Tetragonal,I4/mcm,10,train
mp-1227686,Ca3Ta4(O6F)2,Trigonal,R-3m,21,train
mp-9195,BaCuSeF,Tetragonal,P4/nmm,8,train
mp-1228740,Ba(AlSe2)2,Orthorhombic,Cccm,14,train
mp-23419,Sb4Cl2O5,Monoclinic,P2_1/c,22,train
mp-4175,ZnSnP2,Tetragonal,I-42d,8,train
mp-9571,Ca(ZnAs)2,Trigonal,P-3m1,5,train
mp-865521,LuI3,Hexagonal,P6_3/mmc,8,train
mp-16737,Na2BeB2O5,Monoclinic,C2/c,20,train
mp-989522,,,,10,train
mp-568170,TbCl3,Hexagonal,P6_3/m,8,train
mp-1213375,CsY(NbBr3)6,Trigonal,P-31c,52,train
mp-556094,AgBiSCl2,Orthorhombic,Cmcm,10,train
mp-19765,,,,7,train
mp-3487,Ca3(PO4)2,Trigonal,R-3m,13,train
mp-558491,BaAlBO3F2,Hexagonal,P-62c,16,train
mp-505814,CsBa2Nb3O10,Tetragonal,P4/mmm,16,train
mp-17975,KSrPO4,Orthorhombic,Pnma,28,train
mp-863251,Sr2SbAu,Cubic,Fm-3m,4,train
mp-8962,,,,7,train
mp-600016,SiO2,Tetragonal,I4_1/amd,24,train
mp-1103816,BaGaH5,Monoclinic,P2_1,14,train
mp-31276,Cd2PCl2,Monoclinic,P2_1/c,20,train
mp-567273,HfI4,Cubic,Pa-3,40,train
mp-1209241,RbAlH4,Orthorhombic,Pnma,24,train
mp-1210191,NaAl(SO4)2,Monoclinic,C2/m,12,train
mp-476,Ge3N4,Cubic,Fd-3m,14,train
mp-1228118,Ba3MgTiWO9,Hexagonal,P6_3mc,30,train
mp-7773,,,,8,train
mp-9259,,,,11,train
mp-18303,Nd3CuSnSe7,Hexagonal,P6_3,24,train
mp-1019558,BaSr2Mg(SiO4)2,Trigonal,P-3m1,14,train
mp-27428,KBrO4,Orthorhombic,Pnma,24,train
mp-554081,Ca2PClO4,Orthorhombic,Pbcm,32,train
mp-1113999,Rb3AlCl6,Cubic,Fm-3m,10,train
mp-2457,Tb2O3,Monoclinic,C2/m,15,train
mp-1192040,SmBN2,Trigonal,R-3c,24,train
mp-754999,SrLaCl5,Monoclinic,P2_1/m,14,train
mp-18779,Na2CrO4,Orthorhombic,Cmcm,14,train
mp-609151,MgWO4,Monoclinic,P2/c,12,train
mp-1197516,La2HfSe5,Orthorhombic,Pnma,32,train
mp-1232097,Tb2MgS4,Orthorhombic,Pnma,28,train
mp-29696,K4Sb2O3,Hexagonal,P6_3mc,18,train
mp-1246442,Mg7SiN6,Orthorhombic,Ibam,28,train
mp-1080302,CeSe2,Cubic,Fm-3m,12,train
mp-559642,CaZrAl9BO18,Hexagonal,P6_3/m,60,train
mp-1220931,NaScTiO4,Orthorhombic,Pmc2_1,28,train
mp-560588,ZnS,Hexagonal,P6_3mc,4,train
mp-1227593,Ca2Al2Si(HO4)2,Tetragonal,I-42m,30,train
mp-28164,Ba4P2O,Orthorhombic,Cmce,14,train
mp-1203259,CsH4CN3,Orthorhombic,Pnma,36,train
mp-1517204,Sr2DyNbO6,Cubic,Fm-3m,10,train
mp-669367,KAl(SO4)2,Trigonal,P-3m1,12,train
mp-1245352,Cs2LiLaBr6,Cubic,Fm-3m,10,train
mp-766422,Li3BiS4,Orthorhombic,Pnma,32,train
mp-1110920,K2AgBiCl6,Cubic,Fm-3m,10,train
mp-28145,,,,9,train
mp-1206511,Cs2ZrI6,Cubic,Fm-3m,9,train
mp-23303,RbBr,Cubic,Pm-3m,2,train
mp-34034,Ba8P5Br,Tetragonal,I-4,14,train
mp-1222019,MgCdTe2,Trigonal,R3m,4,train
mp-1078680,MgSiSb2,Tetragonal,I-42d,8,train
mp-5966,Cd2SnO4,Orthorhombic,Pbam,14,train
mp-1523234,BaCaZr2O6,Tetragonal,P4/mmm,10,train
mp-600006,SiO2,Tetragonal,P4/mcc,60,train
mp-7940,KNbSe2,Hexagonal,P6_3/mmc,8,train
mp-984604,TiPHO5,Monoclinic,P2_1,32,train
mp-573721,Cs2SiAs2,Orthorhombic,Ibam,10,train
mp-1192906,Ba4Ta2O9,Hexagonal,P6_3/m,30,train
mp-1245940,CsSnN,Hexagonal,P6_3mc,6,train
mp-556438,KNaSmNbO5,Tetragonal,P4/nmm,18,train
mp-1111488,Na2SmCuCl6,Cubic,Fm-3m,10,train
mp-11869,HfSnPd,Cubic,F-43m,3,train
mp-1029776,Li2GeN2,Monoclinic,P2_1/c,20,train
mp-1101171,Y2Zr2O7,Monoclinic,C2/m,11,train
mp-7955,Li3Sb,Hexagonal,P6_3/mmc,8,train
mp-1521841,BaZr2SnO6,Tetragonal,P4_2/mmc,40,train
mp-1111149,Li3SbCl6,Cubic,Fm-3m,10,train
mp-1232385,Tb2MgS4,Tetragonal,I-42d,14,train
mp-1020011,Li14P2(N2O)3,Trigonal,P-3,25,train
mp-1078394,Ba2LuBiO6,Trigonal,R-3,10,train
mp-1205708,Ba2NdPaO6,Cubic,Fm-3m,10,train
mp-8000,,,,10,train
mp-3668,CdGeP2,Tetragonal,I-42d,8,train
mp-1101661,NaCoO2,Trigonal,P-3m1,4,train
mp-961675,ScNiP,Cubic,F-43m,3,train
mp-753414,Lu2Pt2O7,Cubic,Fd-3m,22,train
mp-4950,KCaF3,Cubic,Pm-3m,5,train
mp-1232286,Tb2MgSe4,Orthorhombic,Pnma,28,train
mp-33997,TaO2F,Tetragonal,P4_2/mmc,8,train
mp-1100370,Ca3SnS5,Trigonal,R3m,27,train
mp-1094123,MoO2,Hexagonal,P6_3/mmc,6,train
mp-1404968,CaCu2F8,Tetragonal,I422,11,train
mp-18596,Ca2ZnGe2O7,Tetragonal,P-42_1m,24,train
mp-23582,KLi6BiO6,Trigonal,R-3m,14,train
mp-571222,CsBr,Cubic,Fm-3m,2,train
mp-1111877,Cs2KBiCl6,Cubic,Fm-3m,10,train
mp-1189054,Sr3(GaAs2)2,Monoclinic,C2/c,18,train
mp-1183134,AlSbO3,Cubic,Pm-3m,5,train
mp-1195951,Rb2ScSi4O10F,Tetragonal,I4/m,36,train
mp-3831,SmPO4,Monoclinic,P2_1/c,24,train
mp-1019596,CeZrO4,Tetragonal,P4/nbm,12,train
mp-29208,Ca(MgBi)2,Trigonal,P-3m1,5,train
mp-775907,Y2O3,Monoclinic,P2_1/m,30,train
mp-1029313,NaRuN,Hexagonal,P6_3mc,6,train
mp-1021503,SiO2,Cubic,Pn-3m,6,train
mp-28703,RbAg5S3,Hexagonal,P-62c,54,train
mp-7907,,,,7,train
mp-762197,RbAl(H2N)4,Tetragonal,P4/n,28,train
mp-29149,,,,6,train
mp-1105409,YSb(PbO3)2,Monoclinic,C2/c,20,train
mp-21190,PbSO3,Monoclinic,P2_1/m,10,train
mp-769280,Ca5Ta4O15,Trigonal,P-3m1,24,train
mp-23158,He,Cubic,Im-3m,1,train
mp-1520564,Ba2CaSeO6,Cubic,Fm-3m,10,train
mp-558579,TlHCO2,Orthorhombic,Pnna,20,train
mp-1228866,AlInSb2,Trigonal,R3m,4,train
mp-554699,GePbO3,Trigonal,R-3,30,train
mp-1227106,CaMg3(SiO3)4,Monoclinic,C2,20,train
mp-1060281,BN,Tetragonal,I4/mmm,2,train
mp-1524274,KI,Hexagonal,P6_3/mmc,8,train
mp-570747,N2,Tetragonal,P4_2/mnm,4,train
mp-1019378,Al3GaN4,Cubic,P-43m,8,train
mp-1044256,TiZnCo(PO4)3,Trigonal,R3c,36,train
mp-567652,Cs2LiYCl6,Cubic,Fm-3m,10,train
mp-1110862,K2NaInCl6,Cubic,Fm-3m,10,train
mp-1189962,PrScS3,Orthorhombic,Pnma,20,train
mp-1113660,Rb2NdAuCl6,Cubic,Fm-3m,10,train
mp-2232228,MgCu2(IrS2)4,Orthorhombic,Imm2,15,train
mp-1095481,TiSiO4,Orthorhombic,Cmcm,12,train
mp-1216570,TmAgTe2,Trigonal,P3m1,4,train
mp-1227089,CaNdCoO4,Orthorhombic,Cmcm,14,train
mp-644236,Cs2MgH4,Orthorhombic,Pnma,28,train
mp-1002124,,,,2,train
mp-754787,SmTlO3,Orthorhombic,Pnma,20,train
mp-8978,CsNbN2,Cubic,Fd-3m,8,train
mp-1227873,Ca10Si3S3(O12F)2,Hexagonal,P-6,42,train
mp-913,CdP2,Tetragonal,P4_32_12,24,train
mp-30925,La(NO2)3,Trigonal,R3m,10,train
mp-551470,Tl2O,Trigonal,R-3m,6,train
mp-1120780,AuCl,Tetragonal,P4_2/ncm,8,train
mp-1206105,CaInI3,Orthorhombic,Cmcm,10,train
mp-545630,K4CO4,Cubic,P-43m,9,train
mp-23609,Zn3B7ClO13,Trigonal,R3c,48,train
mp-9759,BaPr2PdO5,Tetragonal,P4/mbm,18,train
mp-754341,Ho2TeO6,Trigonal,P321,27,train
mp-24066,SrHClO,Hexagonal,P6_3mc,8,train
mp-12622,,,,12,train
mp-1225475,ErSc(BO3)2,Trigonal,R-3,10,train
mp-22443,VInO4,Orthorhombic,Cmcm,12,train
mp-1111895,Na3DyCl6,Cubic,Fm-3m,10,train
mp-4086,La2Sn2O7,Cubic,Fd-3m,22,train
mp-10191,Lu2MgSe4,Cubic,Fd-3m,14,train
mp-1105158,Sr2ScGaO5,Orthorhombic,Ima2,18,train
mp-1229122,Ag2HgI4,Tetragonal,I-42m,7,train
mp-675420,Pr4Ag2Se7,Monoclinic,Pc,26,train
mp-760492,Na4PtO4,Monoclinic,C2/m,9,train
mp-27192,CsBe2F5,Cubic,P4_132,32,train
mp-1357139,ZnAgAsO5,Orthorhombic,Pnma,32,train
mp-1110679,Rb2LiYCl6,Cubic,Fm-3m,10,train
mp-1111134,K2ScTlCl6,Cubic,Fm-3m,10,train
mp-1229046,AlIn(CuSe2)2,Tetragonal,I-4,8,train
mp-1078944,PbS,Orthorhombic,Pma2,8,train
mp-12455,TmCuS2,Orthorhombic,Pnma,16,train
mp-1111479,Cs2RbTmCl6,Cubic,Fm-3m,10,train
mp-29009,Li2MgBr4,Orthorhombic,Cmmm,7,train
mp-8934,,,,10,train
mp-769466,Y2Ge2O7,Monoclinic,C2/m,11,train
mp-23406,Cs2PtCl6,Cubic,Fm-3m,9,train
mp-1105440,TlIn(PS3)2,Monoclinic,P2_1,20,train
mp-19461,Na5Nd(WO4)4,Tetragonal,I4_1/a,52,train
mp-27662,CsI2Br,Orthorhombic,Pnma,16,train
mp-1205803,Ba2ErTaO6,Cubic,Fm-3m,10,train
mp-1101170,YLuO3,Orthorhombic,Pnma,20,train
mp-17918,Ba2SnS3F2,Orthorhombic,Pnma,32,train
mp-9680,Na3AlTe3,Monoclinic,P2_1/c,28,train
mp-1188981,Tm3Sb4Au3,Cubic,I-43d,20,train
mp-1181768,Cs2ZnH4,Orthorhombic,Pnma,28,train
mp-29205,YBO3,Orthorhombic,Cmcm,30,train
mp-1112368,Cs3GaBr6,Cubic,Fm-3m,10,train
mp-22896,LaCl3,Hexagonal,P6_3/m,8,train
mp-973261,Mg2SnO4,Cubic,Fd-3m,14,train
mp-1209212,RbHfCdF7,Orthorhombic,Cmcm,20,train
mp-30126,Ba(BS2)2,Monoclinic,Cc,14,train
mp-1541909,CsTeAu,Orthorhombic,Pmma,6,train
mp-8217,,,,9,train
mp-7569,,,,8,train
mp-1214399,Bi2(Pb2S3)3,Orthorhombic,Cmcm,34,train
mp-989538,,,,10,train
mp-685928,Rb5Tc3S7,Orthorhombic,Imm2,30,train
mp-997002,,,,8,train
mp-3486,,,,6,train
mp-8176,RbTlO2,Trigonal,R-3m,4,train
mp-4412,La4Se3O4,Orthorhombic,Amm2,11,train
mp-1517423,BaNaLaSeO6,Cubic,F-43m,10,train
mp-1047628,Mg(SnO2)2,Orthorhombic,Pnma,28,train
mp-1041524,Ca(BiO2)2,Orthorhombic,Imma,14,train
mp-3536,MgAl2O4,Cubic,Fd-3m,14,train
mp-1113822,Rb3ScF6,Cubic,Fm-3m,10,train
mp-1111926,K2LiIrF6,Cubic,Fm-3m,10,train
mp-27827,Rb2TiCl6,Cubic,Fm-3m,9,train
mp-567644,RbCu2Br3,Orthorhombic,Cmcm,12,train
mp-1106156,Cs2Hg3Se4,Orthorhombic,Ibam,18,train
mp-554722,Y3GaO6,Orthorhombic,Cmc2_1,20,train
mp-541450,In2(SO4)3,Trigonal,R-3,34,train
mp-677094,MgTi3Nb2(PbO3)6,Trigonal,P-3m1,30,train
mp-1113930,Rb2InSbF6,Cubic,Fm-3m,10,train
mp-555606,Na10Be4Si4O17,Cubic,P-43m,35,train
mp-1215439,ZnGaPSe,Trigonal,R3m,4,train
mp-1100342,Ca2Sn3S8,Monoclinic,C2/m,13,train
mp-540574,Cs2Hg3I8,Monoclinic,Cm,13,train
mp-1523089,Ba2LaSbO6,Cubic,Pn-3,40,train
mp-1192641,Sr2Ti(SiO4)2,Tetragonal,P4bm,26,train
mp-29892,LiSb3O8,Monoclinic,P2_1/c,24,train
mp-1008559,BP,Hexagonal,P6_3mc,4,train
mp-1094049,SnB6,Cubic,Pm-3m,7,train
mp-861938,KLaSiS4,Monoclinic,P2_1,14,train
mp-19139,Mg2Mo3O8,Hexagonal,P6_3mc,26,train
mp-1019545,Be(PN2)2,Trigonal,R-3,42,train
mp-557738,Li3BiO4,Tetragonal,P4_2/mnm,32,train
mp-30055,Rb3BrO,Cubic,Pm-3m,5,train
mp-1205823,Ba2ScTaO6,Cubic,Fm-3m,10,train
mp-1104403,C3N4,Hexagonal,P-6m2,14,train
mp-8697,ScBO3,Trigonal,R-3c,10,train
mp-755717,SmHoO3,Orthorhombic,Pnma,20,train
mp-1223879,InGa3N4,Trigonal,P3m1,8,train
mp-1212011,InSbSe3,Orthorhombic,Pnma,20,train
mp-6730,Sr3ZnPtO6,Trigonal,R-3c,22,train
mp-1180718,KSn2(PO4)3,Trigonal,R-3,36,train
mp-550685,,,,10,train
mp-6452,BaSm2ZnO5,Orthorhombic,Pnma,36,train
mp-1219702,Rb2U2O7,Monoclinic,Pm,11,train
mp-989610,,,,10,train
mp-1021492,Cd4SF6,Trigonal,R-3m,11,train
mp-2657,TiO2,Tetragonal,P4_2/mnm,12,train
mp-24341,CsBeH3,Monoclinic,P2_1/m,10,train
mp-22951,BaIF,Tetragonal,P4/nmm,6,train
mp-997082,BiAuO2,Monoclinic,P2_1/m,8,train
mp-1197252,Tb2ZrS5,Orthorhombic,Pnma,32,train
mp-1191252,LaPO4,Orthorhombic,Pnma,24,train
mp-3346409,Na4LiCl5,Tetragonal,I4/m,10,train
mp-7020,LiYO2,Monoclinic,P2_1/c,16,train
mp-1112525,Cs2RbAlCl6,Cubic,Fm-3m,10,train
mp-1228058,Ba3MgTaNbO9,Trigonal,P3m1,15,train
mp-582146,CsNb4Cl11,Orthorhombic,Pmma,32,train
mp-8279,Ba(CdP)2,Trigonal,P-3m1,5,train
mp-1205847,Cs2PdBr6,Cubic,Fm-3m,9,train
mp-1232295,Mg(InS2)2,Tetragonal,I-42d,14,train
mp-1444903,La2MgSnO6,Trigonal,R-3,10,train
mp-1519438,KPrDySbO6,Cubic,F-43m,10,train
mp-754469,Er2TeO2,Hexagonal,P6_3/mmc,10,train
mp-1019562,Ca2SiO4,Trigonal,P-3m1,14,train
mp-10572,,,,8,train
mp-1112647,Cs3TlBr6,Cubic,Fm-3m,10,train
mp-1384340,SnO2,Tetragonal,I4/m,12,train
mp-1214020,Ca4YB3O10,Monoclinic,Cm,18,train
mp-1111651,K2NaAsCl6,Cubic,Fm-3m,10,train
mp-23407,Hg(IO3)2,Monoclinic,P2_1,18,train
mp-28549,Li8SiO6,Hexagonal,P6_3cm,30,train
mp-1111963,Cs2RbScF6,Cubic,Fm-3m,10,train
mp-9650,MgTa2O6,Tetragonal,P4_2/mnm,18,train
mp-961687,ZrSnPd,Cubic,F-43m,3,train
mp-697236,MgH2(SeO3)2,Monoclinic,P2_1/c,22,train
mp-7765,Ba3SiO5,Tetragonal,I4/mcm,18,train
mp-1229098,Cs3BAsP,Monoclinic,Cc,12,train
mp-676556,Sm2Zr8O19,Orthorhombic,Pmm2,29,train
mp-1228943,AlGa3N4,Monoclinic,Pm,8,train
mp-1111325,Na2AgIrF6,Cubic,Fm-3m,10,train
mp-1114172,KRb2TlI6,Cubic,Fm-3m,10,train
mp-8927,TaCuN2,Trigonal,R-3m,4,train
mp-18090,Ba3TaAs3O,Orthorhombic,Pnma,32,train
mp-989608,Cs2NaAsCl6,Cubic,Fm-3m,10,train
mp-13230,K3YF6,Monoclinic,P2_1/c,20,train
mp-1080017,Cs2NaLaCl6,Cubic,Fm-3m,10,train
mp-556005,ZnS,Trigonal,P3m1,16,train
mp-755141,NaHoO2,Tetragonal,I4_1/amd,8,train
mp-29266,CsS,Orthorhombic,Immm,4,train
mp-1217378,TePb3(ClO2)2,Orthorhombic,Amm2,10,train
mp-560799,NaNdH2S2O9,Trigonal,P3_121,45,train
mp-775430,LiBi3(IO2)2,Orthorhombic,Cmcm,20,train
mp-1029756,K3BN2,Monoclinic,P2_1/c,24,train
mp-1520142,KLaCeGeO6,Cubic,F-43m,10,train
mp-1192180,TmPS,Orthorhombic,Pnma,24,train
aaadiinl,Sr2TbSbO6,Cubic,Pn-3,40,train
mp-1114041,KRb2ErCl6,Cubic,Fm-3m,10,train
mp-2691,CdSe,Cubic,F-43m,2,train
mp-1020622,SrZrO3,Tetragonal,P4/mbm,10,train
mp-1111121,Na2GaAgCl6,Cubic,Fm-3m,10,train
mp-1111578,K2TlInBr6,Cubic,Fm-3m,10,train
mp-766374,LiSiBiO4,Hexagonal,P6_3,42,train
mp-558134,TlF,Tetragonal,P4/nmm,4,train
mp-568722,CdBr2,Trigonal,R-3m,6,train
mp-1206881,LiTaS2,Hexagonal,P6_3/mmc,8,train
mp-13190,,,,10,train
mp-546790,LaCuTeO,Tetragonal,P4/nmm,8,train
mp-772052,CdSeO4,Orthorhombic,Pmn2_1,12,train
mp-1185571,CsAs(HO2)2,Orthorhombic,Fdd2,16,train
mp-27337,Xe(OF)2,Orthorhombic,Cmcm,10,train
mp-34376,Tb2CdS4,Tetragonal,I-42d,14,train
mp-9191,Na3SbTe3,Cubic,P2_13,28,train
mp-18148,K3TaS4,Orthorhombic,Pnma,32,train
mp-18433,NdTaO4,Monoclinic,P2_1/c,24,train
mp-756175,Zr2Bi2O7,Cubic,Fd-3m,22,train
mp-1211717,K2RbTmV2O8,Trigonal,P-3m1,14,train
mp-754329,CdSnO3,Trigonal,R-3,10,train
mp-8430,,,,6,train
mp-11718,RbF,Cubic,Fm-3m,2,train
mp-540706,Na2Nb4O11,Trigonal,R-3c,34,train
mp-9789,CaPS3,Monoclinic,P2_1/c,20,train
mp-22457,K3Na(SO4)2,Trigonal,P-3m1,14,train
mp-758720,Li5CuF6,Monoclinic,C2/m,12,train
mp-7622,,,,12,train
mp-1178162,HoBiO3,Trigonal,R3c,10,train
mp-1228823,AsIrS,Cubic,P2_13,12,train
mp-20027,,,,6,train
mp-1198263,Ba2B2AsH3F18,Hexagonal,P6_3/mmc,52,train
mp-1078259,GaBO3,Trigonal,R-3c,10,train
mp-2589,MgO2,Cubic,Pa-3,12,train
mp-9672,K2NiP2,Orthorhombic,Cmcm,10,train
mp-1220077,NdSiBO5,Trigonal,P3_1,24,train
mp-18527,CsMoPO6,Orthorhombic,Fddd,36,train
mp-16995,Sm3Si6N11,Tetragonal,P4bm,40,train
mp-1111056,Na2LiAlF6,Cubic,Fm-3m,10,train
mp-1193757,Ba(SmSe2)2,Orthorhombic,Pnma,28,train
mp-1191636,CsCdBO3,Cubic,P2_13,24,train
mp-267,Te2Ru,Orthorhombic,Pnnm,6,train
mp-1246171,Ca7ZrN6,Orthorhombic,Ibam,28,train
mp-989567,Cs2RbTlF6,Cubic,Fm-3m,10,train
mp-9675,Cs3BP2,Monoclinic,C2/c,12,train
mp-760402,TaRhO4,Tetragonal,I4_1md,12,train
mp-8882,GaP,Hexagonal,P6_3mc,4,train
mp-1111433,Cs2NaScCl6,Cubic,Fm-3m,10,train
mp-10161,KZnSb,Hexagonal,P-6m2,3,train
mp-643101,Rb2H6Pt,Cubic,Fm-3m,9,train
mp-1224026,K3ReMoO8,Trigonal,R3m,13,train
mp-1179060,SrTlCu3Se4,Cubic,P-43m,9,train
mp-1227405,Ca2NdTaO6,Monoclinic,Pc,20,train
mp-1110737,RbInBr3,Cubic,Fm-3m,10,train
mp-568544,CsCdCl3,Cubic,Pm-3m,5,train
mp-1019508,AlGa3N4,Cubic,P-43m,8,train
mp-625359,NdHO2,Monoclinic,P2_1,8,train
mp-1392,ZnP2,Monoclinic,P2_1/c,24,train
mp-27640,Cd(IO3)2,Orthorhombic,P2_12_12_1,36,train
mp-27385,KTlCl4,Tetragonal,I4_1/a,12,train
mp-1516651,BaSrInBiO6,Tetragonal,P4_2/nnm,40,train
mp-28505,Ba(AlTe2)2,Tetragonal,P4/nbm,14,train
mp-555109,TmNbO4,Monoclinic,C2/c,12,train
mp-28987,NaPt2Se3,Hexagonal,P6_3mc,24,train
mp-5274,ThTi2O6,Monoclinic,C2/m,9,train
mp-1219520,Sc(CuS)3,Trigonal,R-3,14,train
mp-1113872,KRb2TlF6,Cubic,Fm-3m,10,train
mp-1210789,Li2SiS3,Orthorhombic,Cmc2_1,12,train
mp-14364,Cs2LiAsO4,Orthorhombic,Cmc2_1,16,train
mp-1246111,Sc4S3N2,Orthorhombic,Pnnm,18,train
mp-6013,KTa(CuSe2)2,Orthorhombic,Ama2,16,train
mp-16819,ZnTeO3,Orthorhombic,Pbca,40,train
mp-1221156,Na4Sr2TiAs4,Monoclinic,Cc,22,train
mp-1227592,Bi3PbWClO8,Tetragonal,P4mm,14,train
mp-1345720,Ca(SbO2)2,Orthorhombic,Pnma,28,train
mp-1111878,Cs2YCuBr6,Cubic,Fm-3m,10,train
mp-626193,Sc(HO)3,Trigonal,R-3,28,train
mp-1035917,NaYMg14O16,Tetragonal,P4/mmm,32,train
mp-733506,WO3,Tetragonal,P-42_1m,40,train
mp-19734,,,,8,train
mp-696815,AlH4NF4,Tetragonal,P4_2/mbc,40,train
mp-1078776,InBiS3,Monoclinic,P2_1/m,10,train
mp-999289,PrTlSe2,Trigonal,R-3m,4,train
mp-18962,Sr2CaMoO6,Cubic,Fm-3m,10,train
mp-9576,KSbSe2,Monoclinic,P2/c,16,train
mp-10410,Ba4Sm2Cd3S10,Orthorhombic,Cmc2_1,38,train
mp-1114000,Rb2YTlCl6,Cubic,Fm-3m,10,train
mp-3834,BaZrO3,Cubic,Pm-3m,5,train
mp-1221125,NaBiS2,Trigonal,R-3m,4,train
mp-760401,Nb3O7F,Orthorhombic,Cmmm,11,train
mp-1111691,K3TlF6,Cubic,Fm-3m,10,train
mp-1029262,VZn2N3,Orthorhombic,Cmc2_1,12,train
mp-1246082,Y2AlN3,Orthorhombic,Cmce,24,train
mp-684708,Er2S3,Tetragonal,I-42d,40,train
mp-1205687,Sr2PrNbO6,Cubic,Fm-3m,10,train
mp-1183955,CsHS,Tetragonal,I4/m,12,train
mp-22896,LaCl3,Hexagonal,P6_3/m,8,train
mp-2227710,Mg(CuO)2,Monoclinic,Cm,5,train
mp-3834,BaZrO3,Cubic,Pm-3m,5,train
mp-1190945,La3MgAlS7,Hexagonal,P6_3,24,train
mp-556814,LiNdGeO4,Orthorhombic,Pbcn,28,train
mp-1522631,KTbNdSbO6,Cubic,F-43m,10,train
mp-639682,SiO2,Tetragonal,I-4m2,15,train
mp-28038,NbTeBr3,Monoclinic,P2/c,20,train
mp-1111714,Rb2ScAuBr6,Cubic,Fm-3m,10,train
mp-40674,Sr5V3O12F,Hexagonal,P6_3/m,42,train
mp-643460,SnHg2(SBr)2,Monoclinic,P2_1/c,28,train
mp-22355,Sr2InSbO6,Monoclinic,P2_1/c,20,train
mp-1232169,Mg(ScSe2)2,Orthorhombic,Pnma,28,train
mp-570232,TbCl3,Tetragonal,P4_2/mnm,16,train
mp-771137,VCoO4,Orthorhombic,Cmcm,12,train
mp-1226383,Cs12Sn2As6O,Trigonal,P-3m1,21,train
mp-7324,KBePO4,Orthorhombic,Pna2_1,28,train
mp-756174,Li2V2SiGeO10,Monoclinic,Pm,16,train
mp-550714,PbO,Orthorhombic,Pbcm,8,train
mp-758689,Li3CuF4,Hexagonal,P6_3/mmc,16,train
mp-1190809,Li8TeN2,Tetragonal,I4_1md,22,train
mp-644223,LiBH4,Hexagonal,P6_3mc,12,train
mp-29577,CsBrO4,Tetragonal,I4_1/amd,12,train
mp-998427,BaZrSe3,Orthorhombic,Pnma,20,train
mp-19116,Sr2CaMoO6,Monoclinic,P2_1/c,20,train
mp-559868,NaLa(CO3)2,Orthorhombic,Pmc2_1,20,train
mp-556024,Na2TiF6,Trigonal,P321,27,train
mp-1020059,,,,12,train
mp-5427,Mg2P2O7,Monoclinic,C2/m,11,train
mp-978952,SnPbO3,Cubic,Pm-3m,5,train
mp-1047792,Mg(BiO2)2,Orthorhombic,Imma,14,train
mp-1020019,Li2PNO2,Orthorhombic,Cmc2_1,12,train
mp-558022,SrBPO5,Trigonal,P3_221,24,train
mp-1100391,NaBeSb,Cubic,F-43m,3,train
mp-560853,Tb3Si2S8I,Monoclinic,C2/c,28,train
mp-961661,,,,3,train
mp-754781,Ga3NO3,Trigonal,R-3m,14,train
mp-8389,Na6ZnS4,Hexagonal,P6_3mc,22,train
mp-8697,,,,10,train
mp-554206,Cs2Al2As2O7,Orthorhombic,Imm2,13,train
mp-1091394,Ba2NaIO6,Cubic,Fm-3m,10,train
mp-5878,KZnF3,Cubic,Pm-3m,5,train
mp-2895,Mg2SiO4,Orthorhombic,Pnma,28,train
mp-697715,H12AuC4N,Tetragonal,P4/nmm,36,train
mp-1227112,CaPb3Se4,Orthorhombic,Cmmm,8,train
mp-1104567,VPO5,Monoclinic,C2/m,14,train
mp-38950,Ce2Y2O7,Orthorhombic,Pmma,22,train
mp-1048765,Mg(SbO3)2,Orthorhombic,Pmn2_1,18,train
mp-9915,LiBeP,Tetragonal,P4/nmm,6,train
mp-38975,PNO,Trigonal,P3_2,9,train
mp-5363,Hg2TeO5,Orthorhombic,Pna2_1,32,train
mp-28879,Ca5P8,Monoclinic,C2/m,13,train
mp-1106310,Cu2SiHgS4,Orthorhombic,Pmn2_1,16,train
mp-13064,Dy2O3,Trigonal,P-3m1,5,train
mp-555217,Dy3Se4O12F,Hexagonal,P6_3mc,40,train
mp-3346580,NaMgCl3,Trigonal,R-3,10,train
mp-8890,Cs(SbS2)2,Triclinic,P-1,14,train
mp-16236,,,,6,train
mp-1212827,DyAl3(BO3)4,Trigonal,R32,20,train
mp-1069695,Sr(MgBi)2,Trigonal,P-3m1,5,train
mp-14495,Li6ZnO4,Tetragonal,P4_2/nmc,22,train
mp-556798,AgHg2PO4,Orthorhombic,Pbam,32,train
mp-1213701,Cs3PdF5,Tetragonal,P4/mbm,18,train
mp-755685,SmYO3,Orthorhombic,Pna2_1,20,train
mp-22147,HfPbS3,Orthorhombic,Pnma,20,train
mp-560582,KMoAsO6,Orthorhombic,Pnma,36,train
mp-11321,Y3TaO7,Orthorhombic,C222_1,22,train
mp-16272,Ce(FeP3)4,Cubic,Im-3,17,train
mp-1247557,Mg2NbN3,Monoclinic,C2/m,12,train
mp-756347,Y2Pt2O7,Cubic,Fd-3m,22,train
mp-14437,RbYO2,Trigonal,R-3m,4,train
mp-9295,,,,8,train
mp-1227425,BiBPbS4,Monoclinic,P2_1,14,train
mp-1181899,Cd(BrO2)2,Monoclinic,P2_1/c,14,train
mp-556975,Nd3CuSiS7,Hexagonal,P6_3,24,train
mp-6257,CsNb(BO3)2,Orthorhombic,Pmn2_1,20,train
mp-1045,Nd2O3,Cubic,Ia-3,40,train
mp-22848,Cl2,Orthorhombic,Cmce,4,train
mp-7974,RbSmO2,Trigonal,R-3m,4,train
mp-1193407,Dy2ZnS4,Orthorhombic,Pnma,28,train
mp-571011,CsI4,Monoclinic,P2_1/c,20,train
mp-643895,Cs3MgH5,Tetragonal,I4/mcm,18,train
mp-1218479,Sr4ZrTi3O12,Orthorhombic,Pmmm,20,train
mp-754192,Tm2TiO5,Orthorhombic,Cmcm,16,train
mp-997599,Na8Ta7VO24,Cubic,Pm-3m,40,train
mp-977368,K2Dy4Cu4Se9,Monoclinic,C2/m,19,train
mp-997084,RbAgO2,Orthorhombic,Pmmm,4,train
mp-1520422,Ba2SmBiO6,Cubic,Pn-3,40,train
mp-17455,K7Ta(SO4)6,Trigonal,R-3,38,train
mp-28095,Au2Se2O7,Orthorhombic,Pba2,22,train
mp-9366,RbHoS2,Trigonal,R-3m,4,train
mp-7434,NaCuTe,Tetragonal,P4/nmm,6,train
mp-1199841,Dy3InS6,Orthorhombic,Pnnm,40,train
mp-12112,CdP2,Tetragonal,P4_12_12,24,train
mp-770692,Ga2WO6,Orthorhombic,Pbcn,36,train
mp-1224164,Ho6Mg(GeS7)2,Trigonal,P3,23,train
mp-1214622,Ba2SmTaO6,Cubic,Fm-3m,10,train
mp-22995,Ag3SI,Trigonal,R3,5,train
mp-1220871,NaAs3(PbO3)4,Hexagonal,P6_3,40,train
mp-1243,,,,10,train
mp-1182298,BaNaSc(BO3)2,Trigonal,R-3,22,train
mp-23070,,,,6,train
mp-29469,Pd(Se3Cl)2,Monoclinic,P2_1/c,18,train
mp-942,AuF3,Hexagonal,P6_122,24,train
mp-1178535,Ba3Y2O6,Tetragonal,I4/mmm,11,train
mp-1111510,Na2CuBiCl6,Cubic,Fm-3m,10,train
mp-27806,Ni(NF7)2,Tetragonal,I4/m,17,train
mp-2675163,WN2,Hexagonal,P6_422,9,train
mp-540995,Rb5Nb3OF18,Tetragonal,I4cm,54,train
mp-568018,,,,6,train
mp-22945,TeRhCl,Monoclinic,C2/m,6,train
mp-997052,RbAgO2,Orthorhombic,Cmcm,8,train
mp-1523049,BaSrSmSbO6,Cubic,F-43m,10,train
mp-1047277,Mg(CuO2)2,Tetragonal,I4_1/a,14,train
mp-17841,Mg4Nb2O9,Trigonal,P-3c1,30,train
mp-1211260,KLaF4,Orthorhombic,Pnma,24,train
mp-8253,Na5ReO6,Monoclinic,C2/m,12,train
mp-676020,BaCO3,Monoclinic,C2/m,10,train
mp-861944,KNaPrTaO5,Tetragonal,P4/nmm,18,train
mp-1100874,YBO3,Orthorhombic,Pnma,20,train
mp-581738,Cs3BiSe3,Cubic,P2_13,28,train
mp-989504,Na2LiNF6,Cubic,Fm-3m,10,train
mp-560417,SnO2,Orthorhombic,Pbca,24,train
mp-1119334,W(BrO)2,Tetragonal,P4/mmm,10,train
mp-1045304,Zn(SbO3)2,Orthorhombic,Pmn2_1,18,train
mp-1639,,,,2,train
mp-762307,Y7HoO12,Orthorhombic,I2_12_12_1,40,train
mp-753510,Sb3O4F,Monoclinic,P2/c,16,train
mp-1178141,KDyO2,Trigonal,R-3m,4,train
mp-17516,Ca10P6SeO24,Trigonal,P-3,41,train
mp-1111473,Na2LiYCl6,Cubic,Fm-3m,10,train
mp-1078295,NaNbO3,Trigonal,R-3,10,train
mp-1223549,KAlSiO4,Trigonal,P3,7,train
mp-568662,,,,3,train
mp-554267,SiO2,Tetragonal,I4_1/amd,48,train
mp-1110817,Rb2AgSbI6,Cubic,Fm-3m,10,train
mp-13610,,,,8,train
mp-2229,ZnO,Cubic,Fm-3m,2,train
mp-5175,NaInO2,Trigonal,R-3m,4,train
mp-560886,SrSi2O5,Orthorhombic,Cmce,32,train
mp-24337,MgH2Cl2O,Orthorhombic,Pnma,24,train
mp-977360,AcF3,Cubic,Fm-3m,4,train
mp-772282,Sb4I2O5,Monoclinic,P2_1/c,22,train
mp-28553,,,,8,train
mp-1188465,Cs3CdBr5,Tetragonal,I4/mcm,18,train
mp-779704,Si(HgO2)2,Orthorhombic,Fddd,14,train
mp-29238,TlAgSe,Orthorhombic,Pnma,12,train
mp-1193166,Ba4Nb2O9,Hexagonal,P6_3/m,30,train
mp-17499,K7Nb(SO4)6,Trigonal,R-3,38,train
mp-1078443,As2Se3,Monoclinic,C2/m,10,train
mp-1247558,KFeN,Trigonal,R3m,3,train
mp-771771,Ta2PbO6,Orthorhombic,Pbcn,36,train
mp-561491,KNaMg2Si4(O5F)2,Monoclinic,C2/m,20,train
mp-7323,,,,9,train
mp-16742,,,,8,train
mp-1192367,CsHo2Cu3Se5,Orthorhombic,Cmcm,22,train
mp-866313,Ba3In(BO3)3,Trigonal,R-3,32,train
mp-7801,,,,8,train
mp-12932,TbTaO4,Monoclinic,P2/c,12,train
mp-3163,BaSnO3,Cubic,Pm-3m,5,train
mp-2853,,,,2,train
mp-560790,,,,10,train
mp-775805,Zr2N2O,Monoclinic,C2,20,train
mp-559933,Ba3In2Cl2O5,Tetragonal,I4/mmm,12,train
mp-560519,Ba3ScCO3F7,Orthorhombic,Cmcm,30,train
mp-5377,YTaO4,Monoclinic,P2/c,12,train
mp-1047184,Ca(SnO2)2,Orthorhombic,Pnma,28,train
mp-1222212,Mg3H2(SO5)2,Monoclinic,C2/m,17,train
mp-4190,,,,10,train
mp-1190149,RbTb2Ag3Te5,Orthorhombic,Cmcm,22,train
mp-568293,Ca3N2,Orthorhombic,Pbcn,20,train
mp-1192238,Sm3TaO7,Orthorhombic,Cmcm,22,train
mp-1018655,CN2,Trigonal,P-3m1,6,train
mp-8387,Tl6TeO6,Trigonal,R-3,13,train
mp-2150,,,,6,train
mp-1214296,BaTi(PO4)2,Monoclinic,C2/m,12,train
mp-752426,Li3SbS4,Monoclinic,P2/c,16,train
mp-1523337,KLaCeHfO6,Cubic,F-43m,10,train
mp-1181964,CaGaCu3Se4,Cubic,P-43m,9,train
mp-9676,K2NaGaAs2,Orthorhombic,Ibam,12,train
mp-558401,Na5WNO4,Orthorhombic,Cmc2_1,22,train
mp-16293,KSbO3,Cubic,Fd-3m,20,train
mp-561186,Sm3BWO9,Hexagonal,P6_3,28,train
mp-1215409,ZrTi2(PbO3)3,Orthorhombic,Pmm2,15,train
mp-753546,Li8TiS6,Hexagonal,P6_3cm,30,train
mp-1113768,KRb2AlF6,Cubic,Fm-3m,10,train
mp-1190974,SiAg2S3,Monoclinic,P2_1/c,24,train
mp-42458,SrAl3P2(HO2)7,Trigonal,R3m,27,train
mp-775217,CoSb3(PO4)6,Trigonal,R3,34,train
mp-673650,Lu2Se3,Tetragonal,I-42d,40,train
mp-998555,InSnBr3,Trigonal,R3c,10,train
mp-1206843,LuHSe,Hexagonal,P-6m2,3,train
mp-35015,NaBiSe2,Tetragonal,I4_1/amd,8,train
mp-1110746,Rb2LiSbI6,Cubic,Fm-3m,10,train
mp-1211012,LiYGeO4,Orthorhombic,Pnma,28,train
mp-13926,Rb2NaYF6,Cubic,Fm-3m,10,train
mp-752658,Y2SeO2,Trigonal,P-3m1,5,train
mp-2784,Na2Te,Cubic,Fm-3m,3,train
mp-6760,Na3La9B8O27,Hexagonal,P-62m,47,train
mp-2657,,,,6,train
mp-30927,CsAs4F13,Tetragonal,I-4,18,train
mp-5626,K3SbTe3,Cubic,P2_13,28,train
mp-31064,B6H10N,Cubic,Fm-3,34,train
mp-390,TiO2,Tetragonal,I4_1/amd,6,train
mp-2653,BN,Hexagonal,P6_3mc,4,train
mp-12779,CdTe,Hexagonal,P6_3mc,4,train
mp-1209221,RbSr2I5,Monoclinic,P2_1/c,32,train
mp-552934,,,,6,train
mp-1006058,UCd2O5,Monoclinic,C2/c,16,train
mp-961661,ZrSiPd,Cubic,F-43m,3,train
mp-863258,Sr2AsAu,Cubic,Fm-3m,4,train
mp-1196420,K2Zr(H2N)6,Trigonal,R-3c,42,train
mp-9631,AlAgO2,Hexagonal,P6_3/mmc,8,train
mp-1205602,Ba2SmPaO6,Cubic,Fm-3m,10,train
mp-766328,Ag7Sb9O25,Trigonal,R3m,41,train
mp-8393,Tl3SbS3,Trigonal,R3m,7,train
mp-768572,YAl3O6,Monoclinic,C2/c,20,train
mp-1228014,CaTi2PbO6,Orthorhombic,Amm2,10,train
mp-760,FeSe2,Orthorhombic,Pnnm,6,train
mp-16805,Cs2Ti(GeO3)3,Hexagonal,P6_3/m,30,train
mp-1217925,TaNb(Cu3S4)2,Tetragonal,P-4m2,16,train
mp-761036,CdSeO4,Orthorhombic,Cmcm,12,train
mp-1091416,SrCuTeF,Tetragonal,P4/nmm,8,train
mp-753663,BaYBr5,Monoclinic,C2/c,14,train
mp-3104,,,,8,train
mp-1227775,BaSr3Zr4O12,Monoclinic,Pm,20,train
mp-1518670,Sr2LaNbO6,Cubic,Pn-3,40,train
mp-1112058,K2YAuBr6,Cubic,Fm-3m,10,train
mp-8452,NaLiS,Tetragonal,P4/nmm,6,train
mp-1222237,Mg3C2O7,Tetragonal,I-42m,24,train
mp-1518971,Sr2CeSnO6,Cubic,Pn-3,40,train
mp-504729,Cs2PdF6,Cubic,Fm-3m,9,train
mp-9631,,,,8,train
mp-12457,LuCuS2,Orthorhombic,Pnma,16,train
mp-771914,Ba3La2Cl12,Tetragonal,P4/mbm,34,train
mp-1247535,Ca5ZnN4,Orthorhombic,Pmmn,20,train
mp-27385,KTlCl4,Tetragonal,I4_1/a,12,train
mp-767402,LiLaTi2O6,Orthorhombic,Pmma,20,train
mp-1110972,Cs2LiPrF6,Cubic,Fm-3m,10,train
mp-4326,KErS2,Trigonal,R-3m,4,train
mp-27931,Rb2SnO2,Orthorhombic,P2_12_12_1,20,train
mp-862871,,,,6,train
mp-554175,SiO2,Tetragonal,I4/mcm,48,train
mp-1216108,Y4CdS7,Monoclinic,Cm,12,train
mp-30314,Cs2PdCl4,Tetragonal,P4/mmm,14,train
mp-1025439,CsCuC2,Tetragonal,P4_2/mmc,8,train
mp-569028,Rb2SnBr6,Cubic,Fm-3m,9,train
mp-549589,,,,8,train
mp-9499,Sm2C(NO)2,Trigonal,P-3m1,7,train
mp-1228525,Ba2CuAg3(SnS4)2,Triclinic,P1,16,train
mp-567655,,,,7,train
mp-1245818,Na3V6N11,Tetragonal,P4bm,40,train
mp-552454,SrTaNO2,Tetragonal,I4/mcm,10,train
mp-28232,MgTi2O5,Orthorhombic,Cmcm,16,train
mp-752404,Ba2Sb2O7,Orthorhombic,Imma,22,train
mp-634676,KHS,Monoclinic,P2_1/m,6,train
mp-541989,,,,5,train
mp-1233955,Th4Mg(B2O5)4,Monoclinic,C2,33,train
mp-1113374,Na2NdCuCl6,Cubic,Fm-3m,10,train
mp-1204711,Hf(WO4)2,Cubic,P2_13,44,train
mp-13971,Nd2SeO2,Trigonal,P-3m1,5,train
mp-9580,TlGaSe2,Tetragonal,I4/mcm,8,train
mp-552056,PbCClO2,Monoclinic,C2/m,10,train
mp-1101862,NaBH4,Tetragonal,P4_2/nmc,12,train
mp-9579,AlTlSe2,Tetragonal,I4/mcm,8,train
mp-555930,Pr3W(ClO2)3,Hexagonal,P6_3/m,26,train
mp-568032,Cd(InSe2)2,Tetragonal,P-42m,7,train
mp-3595,,,,8,train
mp-2879,SrSnO3,Orthorhombic,Pnma,20,train
mp-772676,Sr2WO5,Orthorhombic,Pnma,32,train
mp-1219756,Rb2Ti(TeO4)3,Trigonal,R-3m,18,train
mp-9915,,,,6,train
mp-4782,,,,8,train
mp-18040,KPrF4,Orthorhombic,Pnma,24,train
mp-1208614,SrTi(PO4)2,Monoclinic,C2/m,12,train
mp-1190186,ZrO2,Orthorhombic,Pbca,24,train
mp-8086,Na2Zn2O3,Monoclinic,P2_1/c,14,train
mp-570002,C,Cubic,Im-3m,8,train
mp-1232137,Pr2MgS4,Orthorhombic,Pnma,28,train
mp-1220265,Nd4CdSi3O13,Hexagonal,P6_3,42,train
mp-1190453,Pr3AsS5Cl2,Monoclinic,Cc,22,train
mp-1095337,SmVO4,Tetragonal,I4_1/a,12,train
mp-1113873,Rb2TlAsF6,Cubic,Fm-3m,10,train
mp-753671,,,,6,train
mp-780226,Li3LaO3,Trigonal,P-31c,28,train
mp-1209396,Pr2SiS5,Monoclinic,P2_1/c,32,train
mp-697096,Na2H4Pt,Tetragonal,I4/mmm,7,train
mp-753662,K2Mg2O3,Monoclinic,P2_1/c,14,train
mp-1093874,Cs2HgSe,Tetragonal,I4/mmm,4,train
mp-23184,BCl3,Hexagonal,P6_3/m,8,train
mp-1220449,NbAlO4,Monoclinic,C2/m,12,train
mp-33526,LiBiS2,Tetragonal,I4_1/amd,8,train
mp-11118,CsPrCdSe3,Orthorhombic,Cmcm,12,train
mp-1221355,Na2GeTeO6,Trigonal,R3,10,train
mp-555609,Sr9Zn4(CuO7)2,Monoclinic,C2/m,29,train
mp-1208696,SrCa4P3O12F,Hexagonal,P6_3,42,train
mp-754535,LaAgO2,Hexagonal,P6_3/mmc,8,train
mp-9573,NaBeAs,Hexagonal,P6_3/mmc,6,train
mp-779689,H3N,Cubic,P2_13,16,train
mp-756655,TiO2,Orthorhombic,Pnma,24,train
mp-636805,Hg2ClO,Triclinic,P-1,16,train
mp-978847,SrGaGeH,Trigonal,P3m1,4,train
mp-569779,,,,3,train
mp-30905,Ba3(BN2)2,Orthorhombic,P2_12_12_1,36,train
mp-34508,Sr(SmS2)2,Tetragonal,I-42d,14,train
mp-1521210,KHfZrBiO6,Cubic,F-43m,10,train
mp-1194587,Na2Y2B2TeO10,Monoclinic,P2_1/c,34,train
mp-1210155,NaAlBr4,Orthorhombic,Pnma,24,train
mp-23266,GeI4,Cubic,Pa-3,40,train
mp-1521078,Sr2VInO6,Cubic,Fm-3m,10,train
mp-1101756,TiSiO4,Tetragonal,I4_1/amd,12,train
mp-1018752,LaTeCl,Tetragonal,P4/nmm,6,train
mp-863292,Na3VP2O9,Monoclinic,P2_1/m,30,train
mp-1208919,Sm2MgPtO6,Monoclinic,P2_1/c,20,train
mp-1111424,K3LaCl6,Cubic,Fm-3m,10,train
mp-625886,Ta2H4O7,Orthorhombic,Fddd,26,train
mp-558285,GaBiO3,Orthorhombic,Pcca,20,train
mp-1220703,NaY(MoO4)2,Tetragonal,I-4,12,train
mp-997585,La8Al7GaO24,Cubic,Pm-3m,40,train
mp-560555,Li8Bi2PdO10,Monoclinic,C2/m,21,train
mp-1047016,Zn(AgO2)2,Tetragonal,I4_1/amd,14,train
mp-1517276,KPrYSbO6,Cubic,F-43m,10,train
mp-752439,BaSr2I6,Trigonal,P321,27,train
mp-1201281,CsNpMoO7,Orthorhombic,Pnna,40,train
mp-1120807,Ti2Zn2SnO7,Orthorhombic,Cmcm,24,train
mp-7801,CaGeN2,Tetragonal,I-42d,8,train
mp-961687,ZrSnPd,Cubic,F-43m,3,train
mp-8966,K2Sn2Se5,Monoclinic,C2/c,18,train
mp-7594,CsLiF2,Monoclinic,C2/c,16,train
mp-3563,Ba5Nb4O15,Trigonal,P-3m1,24,train
mp-604,Nb2O5,Monoclinic,C2/c,14,train
mp-682548,Cs5Te3H4NCl18,Trigonal,P3m1,31,train
mp-18902,Li2WO4,Trigonal,R-3,42,train
mp-28255,LaHO,Tetragonal,P4/nmm,24,train
mp-1190886,Cs2AgCl3,Orthorhombic,Pnma,24,train
mp-972831,SiGeN2O,Monoclinic,P2_1,10,train
mp-1208736,Sr2ScBiO6,Cubic,Fm-3m,10,train
mp-3334,Tm2Sn2O7,Cubic,Fd-3m,22,train
mp-6960,,,,10,train
mp-31232,In2PO5,Triclinic,P-1,16,train
mp-976876,,,,5,train
mp-8212,,,,10,train
mp-752648,Ba3(BrO)2,Monoclinic,P2_1/c,14,train
mp-755941,Sm3TaO7,Orthorhombic,Cmcm,22,train
mp-7770,Sr(ZnAs)2,Trigonal,P-3m1,5,train
mp-554303,La3U(ClO2)3,Hexagonal,P6_3/m,26,train
mp-1104849,SrAg2(IO2)4,Tetragonal,I422,15,train
mp-1111288,Li3InCl6,Cubic,Fm-3m,10,train
mp-1216093,Y4TiSn3O14,Trigonal,R-3m,22,train
mp-570921,CsLu(NbCl3)6,Trigonal,P-31c,52,train
mp-989642,Cs2NaAlH6,Cubic,Fm-3m,10,train
mp-23957,SrH2I2O7,Monoclinic,C2/c,24,train
mp-9198,Fe(SiP)4,Triclinic,P1,9,train
mp-1520399,BaNaDyWO6,Cubic,F-43m,10,train
mp-1220706,NaYTi2(SiO5)2,Monoclinic,C2,16,train
mp-17792,K2Hg3(GeS4)2,Orthorhombic,Aea2,30,train
mp-1232092,Sm2MgS4,Tetragonal,I-42d,14,train
mp-1001604,LuTlS2,Trigonal,R-3m,4,train
mp-983327,KH4O2F,Orthorhombic,Pmc2_1,16,train
mp-1101362,SrCa2I6,Monoclinic,C2/c,18,train
mp-1114116,Rb2TlAsBr6,Cubic,Fm-3m,10,train
mp-3346577,CaMg5(CO3)6,Trigonal,P-3,30,train
mp-545387,K4CO4,Cubic,P-43m,9,train
mp-1227742,BaSr(SnO3)2,Tetragonal,P4/mmm,10,train
mp-8812,,,,9,train
mp-886,,,,10,train
mp-22906,CsBr,Cubic,Pm-3m,2,train
mp-1111216,K2RbErCl6,Cubic,Fm-3m,10,train
mp-3175,BaTi4O9,Orthorhombic,Pmmn,28,train
mp-1184398,Cs3Mo2BrO7,Hexagonal,P6_3/mmc,26,train
mp-768230,SmTaO4,Orthorhombic,Cmc2_1,12,train
mp-23268,NaI,Cubic,Fm-3m,2,train
mp-1215451,ZnCdSe2,Trigonal,P3m1,4,train
mp-3810,,,,9,train
mp-754434,Hf3N4,Trigonal,R-3m,7,train
mp-1200403,Nb4Ag2O11,Trigonal,R-3c,34,train
mp-1220990,NaH3(SeO3)2,Monoclinic,Pc,24,train
mp-9797,K(SbSe2)2,Triclinic,P-1,14,train
mp-757116,Rb3ErO3,Monoclinic,C2/m,14,train
mp-23262,Bi2O3,Monoclinic,P2_1/c,20,train
mp-769210,Tb2Pb2O7,Tetragonal,P4_12_12,44,train
mp-625733,La(HO)3,Hexagonal,P6_3,14,train
mp-6076,Ca4LaB3O10,Monoclinic,Cm,18,train
mp-643047,Ba3(H6Ir)2,Trigonal,P-3m1,17,train
mp-1205960,K2SnF6,Cubic,Fm-3m,9,train
mp-14871,Li16Ta2N8O,Trigonal,R-3,27,train
mp-20194,CeO2,Cubic,Fm-3m,3,train
mp-1974948,Na2O,Hexagonal,P-62m,9,train
mp-1192750,Rb2Ba6Sb5HO,Tetragonal,I4/mcm,30,train
mp-1105223,ZrF4,Monoclinic,P2_1/c,20,train
mp-3347425,Na3LiMgCl6,Trigonal,R-3m,11,train
mp-25279,V2O5,Orthorhombic,Pmmn,14,train
mp-754638,Na4Ti3O8,Monoclinic,C2/m,15,train
mp-2697,SrO2,Tetragonal,I4/mmm,3,train
mp-1213116,CuTeSeCl,Monoclinic,P2_1/c,16,train
mp-1110787,Rb2AgSbF6,Cubic,Fm-3m,10,train
mp-4626,CaCO3,Orthorhombic,Pnma,20,train
mp-1227044,CaYAlO4,Tetragonal,I4mm,7,train
mp-31086,NaP5,Orthorhombic,Pnma,24,train
mp-2217621,Ba2Mg(TiS3)2,Hexagonal,P-6m2,11,train
mp-755802,K2MgO2,Orthorhombic,Pbcn,20,train
mp-30543,RbAg7S4,Tetragonal,P4/n,48,train
mp-2991,Cs2UO4,Tetragonal,I4/mmm,7,train
mp-35555,LaOF,Cubic,F-43m,3,train
mp-1194730,RbZr2(AsO4)3,Trigonal,R-3c,36,train
mp-626151,,,,8,train
mp-9595,NbInO4,Monoclinic,P2/c,12,train
mp-1111879,Cs2CuSbBr6,Cubic,Fm-3m,10,train
mp-643394,NaInH8(NF3)2,Cubic,Fm-3m,18,train
mp-849335,Ti3N2O3,Monoclinic,Cm,16,train
mp-23324,BiSBr,Orthorhombic,Pnma,12,train
mp-1228197,Ba3In2WO9,Trigonal,P-3m1,15,train
mp-1518216,KCaCeBiO6,Tetragonal,P4_2/nnm,40,train
mp-1184550,GeC,Hexagonal,P6_3mc,4,train
mp-35647,Zn2PtO4,Orthorhombic,Imma,14,train
mp-1019779,K2Mg2Si2O7,Trigonal,P-31m,13,train
mp-1020016,Li4Ca2Mg(SiN3)2,Monoclinic,C2/m,15,train
mp-14175,,,,12,train
mp-1069706,K2PdSe2,Orthorhombic,Immm,5,train
mp-1031024,CsLiMg6O7,Tetragonal,P4mm,15,train
mp-1207108,BaAlGeH,Trigonal,P3m1,4,train
mp-1205736,NbCo(PbO3)2,Cubic,Fm-3m,10,train
mp-3821,K2PtF6,Trigonal,P-3m1,9,train
mp-557605,Hg2Pb(SI)2,Tetragonal,P4/mbm,28,train
mp-22968,NaClO4,Orthorhombic,Cmcm,12,train
mp-15684,,,,8,train
mp-23302,RbI,Cubic,Pm-3m,2,train
mp-1205641,Rb2P2Pt,Orthorhombic,Cmcm,10,train
mp-30302,HfBrN,Trigonal,R-3m,6,train
mp-504935,K2PbO3,Orthorhombic,Pnma,24,train
mp-861618,BaBiBS4,Monoclinic,C2/m,14,train
mp-1095258,SrMgF4,Orthorhombic,Cmc2_1,12,train
mp-1209912,Pd3Se2S,Tetragonal,P4_2/mbc,48,train
mp-611448,C,Hexagonal,P6_3/mmc,12,train
mp-504535,,,,8,train
mp-866824,Ca2SnS4,Orthorhombic,Pbam,14,train
mp-1195570,Th(SeO3)2,Orthorhombic,Pna2_1,36,train
mp-4360,,,,10,train
mp-865427,,,,7,train
mp-1218534,Sr5ZrTi4O15,Trigonal,R-3m,25,train
mp-20072,,,,4,train
mp-1210138,NaNd(CO3)2,Orthorhombic,Pmc2_1,20,train
mp-1214664,Ba6Na2Ta2V2O17,Hexagonal,P6_3/mmc,58,train
mp-1227790,BaSr2Y6O12,Hexagonal,P-6,21,train
mp-2956,Co2(GeS)3,Trigonal,R-3,32,train
mp-752849,Y2Pb2O7,Cubic,Fd-3m,22,train
mp-5532,,,,7,train
mp-561237,LiCaBO3,Orthorhombic,Pbca,48,train
mp-27144,TlPO3,Tetragonal,P-42_1c,40,train
mp-1219679,PrBrCl2,Monoclinic,Pm,8,train
mp-1111402,Rb2SbAuF6,Cubic,Fm-3m,10,train
mp-1111289,Na2CuAsF6,Cubic,Fm-3m,10,train
mp-553374,Cs4Sb2O5,Monoclinic,Cm,11,train
mp-1206492,Cs3HoCl6,Cubic,Fm-3m,10,train
mp-1223270,KYTa2O7,Orthorhombic,Imma,22,train
mp-6066,NaTaGeO5,Monoclinic,C2/c,16,train
mp-571623,Al2BiSe4,Tetragonal,P4/nnc,28,train
mp-5707,,,,12,train
mp-1113921,Na2LiErCl6,Cubic,Fm-3m,10,train
mp-1113403,Rb2DyCuCl6,Cubic,Fm-3m,10,train
mp-27356,AsO2,Orthorhombic,Pnma,24,train
mp-10334,Pr(CdP)3,Hexagonal,P6_3/mmc,14,train
mp-756235,Ba3SrI8,Tetragonal,I4/mmm,12,train
mp-4747,Ca2SnO4,Orthorhombic,Pbam,14,train
mp-1101765,BiRhSe,Cubic,P2_13,12,train
mp-1112319,CsK2AlF6,Cubic,Fm-3m,10,train
mp-9675,Cs3BP2,Monoclinic,C2/c,12,train
mp-1228139,BaCa2Y6O12,Hexagonal,P-6,21,train
mp-2222864,La2MgTiZnO6,Trigonal,R3,11,train
mp-1218223,SrLaCuS3,Orthorhombic,Pnma,24,train
mp-1190753,TiO2,Orthorhombic,Pbca,24,train
mp-23859,CaHCl,Tetragonal,P4/nmm,6,train
mp-573755,,,,6,train
mp-1232098,Tb2MgS4,Orthorhombic,Pnma,28,train
mp-1187536,ThTaN3,Orthorhombic,Imma,10,train
mp-36988,Ca(AlSe2)2,Orthorhombic,Cccm,14,train
mp-1188011,ZrBeO3,Cubic,Pm-3m,5,train
mp-997009,BaAuO2,Monoclinic,C2/m,8,train
mp-1196740,Cs3H12N4F3,Cubic,I-43d,44,train
mp-570589,SeBr,Orthorhombic,Aea2,8,train
mp-1110775,K2RbSbI6,Cubic,Fm-3m,10,train
mp-1190421,CsDy2Ag3Te5,Orthorhombic,Cmcm,22,train
mp-570948,LiCaGaN2,Monoclinic,P2_1/c,20,train
mp-571642,CaCl2,Orthorhombic,Pbcn,12,train
mp-28599,Na4Br2O,Tetragonal,I4/mmm,7,train
mp-1113654,Rb2AlTlF6,Cubic,Fm-3m,10,train
mp-22870,InBr,Orthorhombic,Cmcm,4,train
mp-28593,Li3BrO,Cubic,Pm-3m,5,train
mp-753793,Ba2YF7,Monoclinic,C2/c,20,train
mp-1213994,CaH6PtO6,Trigonal,P-31c,28,train
mp-560340,La2Pd2O5,Tetragonal,P4_2/m,18,train
mp-1206562,NaTl3F6,Cubic,Fm-3m,10,train
mp-1190131,LaScS3,Orthorhombic,Pnma,20,train
mp-1113929,Rb2NaAlCl6,Cubic,Fm-3m,10,train
mp-560647,Ca2GeO4,Orthorhombic,Pnma,28,train
mp-754354,Ba4OF6,Tetragonal,P4_2/nmc,22,train
mp-697144,,,,8,train
mp-1226891,Cd3PI3,Monoclinic,Pm,7,train
mp-1113732,Rb2LiGaF6,Cubic,Fm-3m,10,train
mp-1522463,BaSrCaSeO6,Cubic,F-43m,10,train
mp-28602,Na3ClO,Cubic,Pm-3m,5,train
mp-1189150,Th(As3Os)4,Cubic,Im-3,17,train
mp-27354,Cs3HgCl5,Orthorhombic,Pnma,36,train
mp-557577,K3ScSi2O7,Hexagonal,P6_3/mmc,26,train
mp-1110761,Rb2YCuI6,Cubic,Fm-3m,10,train
mp-862868,,,,6,train
mp-20337,ZrPbO3,Orthorhombic,Amm2,5,train
mp-9749,Sr(BO2)2,Orthorhombic,Pbcn,28,train
mp-1103256,FeSbSe,Monoclinic,P2_1/c,12,train
mp-9791,Tl3AsS3,Trigonal,R3m,7,train
mp-15724,KNa2Sb,Cubic,Fm-3m,4,train
mp-28944,BiTeCl,Hexagonal,P6_3mc,6,train
mp-6667,CaBPO5,Trigonal,P3_121,24,train
mp-1195982,La2ThS5,Orthorhombic,Pnma,32,train
mp-504607,YInO3,Hexagonal,P6_3cm,30,train
mp-1182242,BaYCu3Se4,Cubic,P-43m,9,train
mp-754798,Bi2SeO6,Orthorhombic,Cmce,18,train
mp-755549,Y2TeO6,Tetragonal,P4_2/mnm,18,train
mp-6397,Na2Ca(SO4)2,Monoclinic,C2/c,26,train
mp-1110857,K2TaAgF6,Cubic,Fm-3m,10,train
mp-19234,Ba2WO3F4,Monoclinic,Cc,20,train
mp-1087486,PbS,Monoclinic,P2_1/m,8,train
mp-29412,Ta3Br7,Orthorhombic,Cmce,40,train
mp-34126,,,,15,train
mp-8507,Sr(P3Pt2)2,Monoclinic,C2/c,22,train
mp-15736,Sr3AlO4F,Tetragonal,I4/mcm,18,train
mp-972112,Sr2MgUO6,Monoclinic,P2_1/c,20,train
mp-5986,BaTiO3,Tetragonal,P4mm,5,train
mp-984755,Nb4Ag2O11,Trigonal,R3c,34,train
mp-1104938,Rb3Na(MoO4)2,Trigonal,P-3m1,14,train
mp-1110859,K3GaCl6,Cubic,Fm-3m,10,train
mp-1176564,LiTmO2,Tetragonal,I4_1/amd,16,train
mp-642821,K3H5Pt,Tetragonal,P4/mbm,18,train
mp-7903,,,,9,train
mp-1057015,PbS,Cubic,Fm-3m,2,train
mp-1194338,NaBOF2,Monoclinic,C2/c,30,train
mp-18918,ZnWO4,Monoclinic,P2/c,12,train
mp-1206495,Pb2BrOF,Orthorhombic,Cmme,10,train
mp-1041436,CaSn4O9,Tetragonal,P4/n,28,train
mp-684904,K2O,Tetragonal,I4_1/amd,6,train
mp-18458,Sr5(SnP3)2,Orthorhombic,Pbam,26,train
mp-14037,NaTl2RhF6,Cubic,Fm-3m,10,train
mp-1110772,Rb2NaBiI6,Cubic,Fm-3m,10,train
mp-3273,Si5P6O25,Trigonal,R-3,36,train
mp-554072,K2CO3,Monoclinic,C2/c,12,train
mp-10615,BaLiP,Hexagonal,P-6m2,3,train
mp-1213403,CsLa(NbBr3)6,Trigonal,P-31c,52,train
mp-561561,,,,10,train
mp-7449,,,,10,train
mp-8175,KTlO2,Trigonal,R-3m,4,train
mp-17344,RbEr2Cu3S5,Orthorhombic,Cmcm,22,train
mp-1007824,GaN,Hexagonal,P6_3/mmc,4,train
mp-866834,Ca2SnS4,Monoclinic,P2_1/m,14,train
mp-2534,GaAs,Cubic,F-43m,2,train
mp-1228455,Al2Zn(SeS)2,Monoclinic,Pm,7,train
mp-9567,Ba(MgSb)2,Trigonal,P-3m1,5,train
mp-541483,Rb3Sc(HO)6,Trigonal,R-3c,32,train
mp-1372293,Ca2CuSbO6,Monoclinic,P2_1/m,20,train
mp-752773,Li4CuF5,Tetragonal,I4/m,10,train
mp-1020026,LiBeBO3,Triclinic,P-1,12,train
mp-1101018,TiZn2O4,Tetragonal,P4_322,28,train
mp-1185546,CsRb2Bi,Cubic,Fm-3m,4,train
mp-553347,La2O3,Hexagonal,P6/mmm,5,train
mp-23116,,,,8,train
mp-6059,,,,10,train
mp-1106168,KP(HO2)2,Orthorhombic,C222_1,16,train
mp-1112531,Cs2RbAlBr6,Cubic,Fm-3m,10,train
mp-554906,Zn2BiPO6,Orthorhombic,Pnma,40,train
mp-1110713,Rb2LiBiBr6,Cubic,Fm-3m,10,train
mp-2767266,Sb2(SO4)3,Trigonal,R-3c,34,train
mp-12671,Er2SO2,Trigonal,P-3m1,5,train
mp-8075,NaBe4SbO7,Hexagonal,P6_3mc,26,train
mp-1232278,Tb2MgSe4,Tetragonal,I-42d,14,train
mp-1110631,Rb2NaGaBr6,Cubic,Fm-3m,10,train
mp-3472,PbSO4,Orthorhombic,Pnma,24,train
mp-32645,Sm2S3,Tetragonal,I-42d,40,train
mp-1521716,BaCaNdSbO6,Cubic,F-43m,10,train
mp-1219516,Sb4(SeS)3,Orthorhombic,Pmc2_1,20,train
mp-9844,,,,12,train
mp-11625,KCa(PO3)3,Hexagonal,P-6c2,28,train
mp-1518304,BaSrDyNbO6,Cubic,F-43m,10,train
mp-8455,CsF,Cubic,Pm-3m,2,train
mp-1227883,BaNaPO4,Trigonal,P3m1,14,train
mp-15785,KDyS2,Trigonal,R-3m,4,train
mp-1024045,Mg3ZnO4,Cubic,Pm-3m,8,train
mp-1226003,CoPS,Cubic,P2_13,12,train
mp-1223134,La3YSc4O12,Monoclinic,Pm,20,train
mp-4482,,,,10,train
mp-557835,TlF,Tetragonal,P4/nmm,4,train
mp-32616,Ga2S3,Monoclinic,Cc,10,train
mp-12644,Ba2LuNbO6,Cubic,Fm-3m,10,train
mp-1208645,SrZnCl2,Cubic,Fd-3m,16,train
mp-551243,,,,10,train
mp-1193413,ScH3(CO2)3,Trigonal,R-3c,26,train
mp-22922,,,,2,train
mp-553303,CsCu3O2,Trigonal,P-3m1,6,train
mp-1009820,,,,2,train
mp-23514,BiSI,Orthorhombic,Pnma,12,train
mp-1178388,CsTlO2,Hexagonal,P6_3/mmc,8,train
mp-20289,NaInS2,Trigonal,R-3m,4,train
mp-770847,La2Cd2O5,Orthorhombic,Pnma,36,train
mp-557467,Li4Ca(BO3)2,Orthorhombic,Pnnm,26,train
mp-1178181,Ge2N2O,Monoclinic,C2/m,10,train
mp-23737,KMgH3,Cubic,Pm-3m,5,train
mp-989537,,,,10,train
mp-1219003,Sn2SeS2,Orthorhombic,Pnma,20,train
mp-621825,Y6Pb8OF32,Trigonal,R-3,47,train
mp-1246724,K6WN4,Tetragonal,P4_2/nmc,22,train
mp-1182342,BaNaY(BO3)2,Trigonal,R-3,22,train
mp-1517265,BaLiZrBiO6,Cubic,F-43m,10,train
mp-1211710,La3Sb5O12,Cubic,I-43m,40,train
mp-1217996,TaCu3Se3S,Trigonal,R3m,8,train
mp-776532,,,,6,train
mp-7958,,,,4,train
mp-1017534,ZnCdSe2,Tetragonal,P-4m2,4,train
mp-22189,In6TeO12,Trigonal,R-3,19,train
mp-1112245,K2ScCuF6,Cubic,Fm-3m,10,train
mp-756630,DyAlO3,Orthorhombic,Pnma,20,train
mp-650007,Cs4TlSbCl12,Tetragonal,I4_1/amd,36,train
mp-1006880,BiB,Cubic,F-43m,2,train
mp-1029,,,,3,train
mp-770932,,,,10,train
mp-5339,CsNaTe,Tetragonal,P4/nmm,6,train
mp-1100894,Y2Th8O19,Tetragonal,P-4m2,29,train
mp-769348,MgSnO3,Orthorhombic,Pnma,20,train
mp-1111549,Na2TaAuF6,Cubic,Fm-3m,10,train
mp-1223956,Ho2TeS2,Orthorhombic,Immm,5,train
mp-1113984,KRb2AlCl6,Cubic,Fm-3m,10,train
mp-1101266,Tm2TeO2,Hexagonal,P6_3/mmc,10,train
mp-645272,TlV3(SeO6)2,Hexagonal,P6_3,36,train
mp-38322,Mg(IO3)2,Monoclinic,P2_1,18,train
mp-31220,AlSiTe3,Trigonal,P-31m,10,train
mp-1519780,KLaYBiO6,Tetragonal,P4_2/nnm,40,train
mp-2920,,,,10,train
mp-684704,H2O,Monoclinic,Cc,12,train
mp-8414,K2HfF6,Cubic,Fm-3m,9,train
mp-4649,PdSe2O5,Monoclinic,C2/c,16,train
mp-1080677,Tl2Se3,Monoclinic,C2/c,10,train
mp-8974,Ba3Dy4O9,Trigonal,R3,16,train
mp-1102534,POsS,Monoclinic,P2_1/c,12,train
mp-677467,Rb5Te3H4NCl18,Trigonal,P3m1,31,train
mp-3154,Sm3Sb5O12,Cubic,I-43m,40,train
mp-11713,,,,10,train
mp-780396,SrCa2I6,Orthorhombic,Pbcn,36,train
mp-3748,AlCuO2,Trigonal,R-3m,4,train
mp-985583,Li3PS4,Orthorhombic,Pnma,32,train
mp-866826,CaSnS3,Trigonal,R-3,10,train
mp-21526,KPb,Tetragonal,I4_1/acd,32,train
mp-1101250,TlInO2,Trigonal,R-3m,4,train
mp-759216,LiY3WO8,Orthorhombic,C222,13,train
mp-569967,K2PrCl5,Orthorhombic,Pnma,32,train
mp-165,Si,Hexagonal,P6_3/mmc,4,train
mp-755142,La2MgO4,Orthorhombic,Cmce,14,train
mp-1228895,AlGaSb2,Trigonal,R3m,4,train
mp-755894,Li2O,Orthorhombic,Pnma,12,train
mp-757930,Li2Co3SbO8,Hexagonal,P6_3mc,28,train
mp-1216586,TmSc(BO3)2,Trigonal,R-3,10,train
mp-1214677,Ba6Na2Nb2V2O17,Hexagonal,P6_3/mmc,58,train
mp-1019258,SrF2,Hexagonal,P6_3/mmc,6,train
mp-1213382,CsPr(NbBr3)6,Trigonal,P-31c,52,train
mp-768556,Na3BSbPO7,Monoclinic,P2_1/m,26,train
mp-985293,Al(HO)3,Orthorhombic,P2_12_12_1,28,train
mp-690785,,,,9,train
mp-552488,,,,8,train
mp-1208666,SrICl,Orthorhombic,Pnma,12,train
mp-22951,,,,6,train
mp-13038,Dy2C(NO)2,Trigonal,P-3m1,7,train
mp-1078746,Sr2FeH6,Cubic,Fm-3m,9,train
mp-1193226,Na3VP2O9,Monoclinic,C2/m,30,train
mp-756127,TaNbO5,Orthorhombic,Pnma,28,train
mp-1776,UN2,Cubic,Fm-3m,3,train
mp-1518426,Sr2NdBiO6,Cubic,Fm-3m,10,train
mp-770092,HfP2O7,Cubic,Pa-3,40,train
mp-554947,NaSiBO4,Hexagonal,P6_3,42,train
mp-1222442,Li5AuO4,Monoclinic,C2/m,10,train
mp-684,BaS2,Monoclinic,C2/c,6,train
mp-560535,K4Sr(SiO3)3,Orthorhombic,Ama2,34,train
mp-1520270,KCaNdWO6,Cubic,F-43m,10,train
mp-1046873,Mg(SbO2)2,Cubic,Fd-3m,14,train
mp-7456,SnF2,Orthorhombic,P2_12_12_1,12,train
mp-2513,As2Pt,Cubic,Pa-3,12,train
mp-22903,RbI,Cubic,Fm-3m,2,train
mp-1178478,Ce2Y2O7,Tetragonal,P-4m2,11,train
mp-9244,LiBC,Hexagonal,P6_3/mmc,6,train
mp-9765,Nd2Pt2O7,Cubic,Fd-3m,22,train
mp-1222315,LiLaTi2O6,Cubic,Fm-3m,10,train
mp-10091,KV(CuSe2)2,Orthorhombic,Ama2,16,train
mp-1221098,NaCaAlSi2O7,Orthorhombic,Cmm2,24,train
mp-568263,GaSe,Hexagonal,P6_3mc,16,train
mp-1021490,Sn4SF6,Trigonal,R3,11,train
mp-1190500,Na2TeSe3,Monoclinic,P2_1/c,24,train
mp-540728,K2Zn6O7,Tetragonal,P4_2/mnm,30,train
mp-1112215,K2TmCuCl6,Cubic,Fm-3m,10,train
mp-1391277,Zn2Ni3O8,Monoclinic,C2/m,13,train
mp-463,KF,Cubic,Fm-3m,2,train
mp-677335,,,,6,train
mp-1522682,NaSrTiBiO6,Cubic,F-43m,10,train
mp-1227970,BaGa2GeSe6,Triclinic,P1,10,train
mp-1113063,Cs2YInBr6,Cubic,Fm-3m,10,train
mp-6955,KGeNO,Orthorhombic,Pca2_1,16,train
mp-560129,Na3La2(BO3)3,Orthorhombic,Amm2,17,train
mp-10653,SrTe,Cubic,Pm-3m,2,train
mp-2239841,Na2Mg(BiO3)2,Trigonal,R3,11,train
mp-28007,BaHgS2,Orthorhombic,Pmc2_1,16,train
mp-804,GaN,Hexagonal,P6_3mc,4,train
mp-1225724,Dy(CuS)3,Trigonal,R-3,14,train
mp-1519541,SrZr2SnO6,Tetragonal,P4/mmm,10,train
mp-4693,RbAlF4,Orthorhombic,Pmmn,24,train
mp-487,,,,10,train
mp-28993,La(AuF4)3,Trigonal,R-3c,32,train
mp-1211277,La3ZrGa5O14,Trigonal,P321,23,train
mp-1227998,AlSiCN,Trigonal,P3m1,4,train
mp-1194365,Th(BO2)4,Monoclinic,C2/c,26,train
mp-1182175,BaInCu3Se4,Cubic,P-43m,9,train
mp-625677,Y(HO)3,Hexagonal,P6_3,14,train
mp-557328,Li3Zn2SbO6,Monoclinic,C2/m,12,train
mp-13002,K2SiF6,Hexagonal,P6_3mc,18,train
mp-754736,BaSr3I8,Tetragonal,I4/mmm,12,train
mp-1110865,K2LiSbCl6,Cubic,Fm-3m,10,train
mp-10402,TiTl2F6,Trigonal,P-3m1,9,train
mp-28568,Rb3CuO2,Monoclinic,P2_1/c,24,train
mp-22483,NaInTe2,Tetragonal,I4/mcm,8,train
mp-1213316,CsNd(MoO4)2,Orthorhombic,Pccm,24,train
mp-1217271,Th2PNO,Trigonal,P3m1,5,train
mp-4841,LaCuS2,Monoclinic,P2_1/c,16,train
mp-8230,Zn(PO3)2,Monoclinic,C2/c,18,train
mp-29304,Y2InCl7,Orthorhombic,Pnma,40,train
mp-1516350,BaSrNdVO6,Orthorhombic,P222,40,train
mp-988,Si3N4,Hexagonal,P6_3/m,14,train
mp-1211767,K2RbSmV2O8,Trigonal,P-3m1,14,train
mp-6270,,,,10,train
mp-1110656,Rb2LiBiF6,Cubic,Fm-3m,10,train
mp-3346523,Li2Mg3Cl8,Trigonal,R-3m,13,train
mp-4682,ZnSeO3,Orthorhombic,Pnma,20,train
mp-6945,SiO2,Tetragonal,P4_12_12,12,train
mp-1062676,K2Pt,Cubic,Fm-3m,3,train
mp-1020609,Zn2SiO4,Orthorhombic,Pnma,28,train
mp-4359,,,,6,train
mp-861937,Ba2AsAu,Cubic,Fm-3m,4,train
mp-1220084,NdTiCdSbO7,Orthorhombic,Imma,22,train
mp-2224751,MgTe3WO12,Monoclinic,P2,17,train
mp-545603,Ba2BiSbO6,Cubic,Fm-3m,10,train
mp-1205304,TiI2O7,Orthorhombic,Cmc2_1,20,train
mp-1206891,RhI3,Monoclinic,C2/m,8,train
mp-1178509,BaSr2I6,Monoclinic,C2/c,18,train
mp-1193675,B,Orthorhombic,Pnnm,28,train
mp-1522474,Sr2ZrSnO6,Cubic,Fm-3m,10,train
mp-27656,Zn2(PS3)3,Monoclinic,C2/m,28,train
mp-6989,,,,10,train
mp-559900,CS3(Br2N)2,Orthorhombic,Pna2_1,40,train
mp-8154,La2Ti2O7,Orthorhombic,Cmc2_1,22,train
mp-1209437,RbBa2Br5,Monoclinic,P2_1/c,32,train
mp-753942,BaY3Br11,Orthorhombic,Pmma,30,train
mp-21511,,,,12,train
mp-9747,B4PbO7,Orthorhombic,Pmn2_1,24,train
mp-776172,AlCuO3,Monoclinic,P2_1/c,20,train
mp-1112119,Cs2RbScBr6,Cubic,Fm-3m,10,train
mp-1245509,Mg3MoN4,Monoclinic,C2/m,16,train
mp-35717,LiDySe2,Tetragonal,I4_1/amd,8,train
mp-30519,Tl3PbCl5,Tetragonal,P4_1,36,train
mp-1520815,Sr2NbSbO6,Cubic,Pn-3,40,train
mp-16763,KYTe2,Trigonal,R-3m,4,train
mp-1193404,Al(HO)3,Orthorhombic,Pnma,28,train
mp-10694,ScF3,Cubic,Pm-3m,4,train
mp-1019794,K3LiP2O7,Orthorhombic,C222_1,26,train
mp-7128,,,,9,train
mp-2175,TlF,Cubic,Fm-3m,2,train
mp-559969,CaLaGaO4,Orthorhombic,Pnma,28,train
mp-23183,NdCl3,Hexagonal,P6_3/m,8,train
mp-13801,Tl2Pt2O7,Cubic,Fd-3m,22,train
mp-1201056,BPb3O4F,Orthorhombic,Pbcm,36,train
mp-9731,,,,6,train
mp-3277,,,,6,train
mp-2717324,CaCO3,Trigonal,P321,15,train
mp-555202,KTeHOF4,Monoclinic,P2_1,16,train
mp-1214004,CaThI6,Trigonal,P-31c,16,train
mp-1220616,Nd2Si2PbSe8,Monoclinic,Cc,26,train
mp-1342904,CaV2O6,Orthorhombic,Pmn2_1,18,train
mp-31002,,,,7,train
mp-1178488,Bi3O4F,Monoclinic,C2/m,16,train
aaahblbr,Cs2KErCl6,Cubic,Fm-3m,10,train
mp-1102977,GaAsO4,Orthorhombic,C222_1,12,train
mp-1223769,K4Ta3NbO12,Trigonal,R-3m,20,train
mp-1521140,BaSrZr2O6,Orthorhombic,Cmmm,10,train
mp-770936,Ba2Sc2O5,Orthorhombic,Pnma,36,train
mp-1232030,Y2MgS4,Tetragonal,I-42d,14,train
mp-1068977,K2PdC2,Trigonal,P-3m1,5,train
mp-41095,Na3Sr3AlP4,Hexagonal,P6_3mc,22,train
mp-1102366,SbRhSe,Cubic,P2_13,12,train
mp-13948,,,,9,train
mp-27172,Cs3In2Cl9,Trigonal,R-3c,28,train
mp-545643,BaCO3,Hexagonal,P6_3/mmc,10,train
mp-1221367,Na2La2PtO6,Monoclinic,C2,22,train
mp-550172,SnO2,Tetragonal,P4_2/mnm,6,train
mp-768702,Ta2Zn4O9,Trigonal,P-3c1,30,train
mp-861513,Rb5SiHO5,Monoclinic,C2/m,24,train
mp-540957,Cs2TeI6,Cubic,Fm-3m,9,train
mp-28420,SrH4O3,Orthorhombic,Pmc2_1,16,train
mp-1519938,Ba2PrVO6,Cubic,Fm-3m,10,train
mp-556129,Cs2Zr(IO3)6,Trigonal,R-3,27,train
mp-1197006,ZrSO6,Orthorhombic,Pnma,32,train
mp-1111577,K2TlInCl6,Cubic,Fm-3m,10,train
mp-1214021,CaZnF2,Cubic,Fd-3m,16,train
mp-555562,LiIO3,Tetragonal,P4_2/n,40,train
mp-755515,Lu2TeO6,Trigonal,P321,27,train
mp-756853,LiBSbO3,Triclinic,P-1,12,train
mp-6930,SiO2,Trigonal,P3_221,9,train
mp-571166,CaBr2,Tetragonal,P4_2/mnm,6,train
mp-755571,Li2VGa3O8,Triclinic,P1,14,train
mp-561307,DySCl,Monoclinic,P2_1/c,12,train
mp-570140,AuBr,Tetragonal,I4_1/amd,8,train
mp-775980,ZrO2,Orthorhombic,Pbcn,36,train
mp-1226506,CeTh2O6,Trigonal,P-3m1,9,train
mp-1078823,Cs2Zr(AgTe2)2,Orthorhombic,C222,9,train
mp-1519241,BaCaLaBiO6,Tetragonal,P4_2/nnm,40,train
mp-23818,BaLiH3,Cubic,Pm-3m,5,train
mp-23862,,,,6,train
aaadahqe,CaMg14ZnO16,Tetragonal,P4/mmm,32,train
mp-973441,La(ErS2)3,Monoclinic,P2_1/m,20,train
mp-9687,,,,8,train
mp-36209,TmCuSe2,Trigonal,P3m1,4,train
mp-754212,BaSr2I6,Trigonal,P-31m,9,train
mp-1103228,BiIrSe,Cubic,P2_13,12,train
mp-1520522,KCaHfBiO6,Cubic,F-43m,10,train
mp-752753,SbO2F,Monoclinic,C2/c,8,train
mp-549697,RbGeIO6,Trigonal,P312,9,train
mp-10614,,,,3,train
mp-560630,NdTl(MoO4)2,Tetragonal,P4/nnc,24,train
mp-830,GaN,Cubic,F-43m,2,train
mp-7100,LaOF,Tetragonal,P4/nmm,6,train
mp-27972,AcBr3,Hexagonal,P6_3/m,8,train
mp-972448,SmBS3,Orthorhombic,Pna2_1,20,train
mp-7618,,,,10,train
mp-23547,Ba7(ClF6)2,Hexagonal,P-6,21,train
mp-4266,KAsF6,Trigonal,R-3,8,train
mp-559352,Ba4Na(BiO4)3,Cubic,Im-3m,20,train
mp-1225691,Er3ScS6,Monoclinic,P2_1/m,20,train
mp-1523321,BaCaZr2O6,Orthorhombic,Cmmm,10,train
mp-3107,Ga3PO7,Trigonal,R3m,11,train
mp-757070,BaCaI4,Trigonal,R-3m,6,train
mp-568252,Rb2Hg2PdCl8,Monoclinic,C2/m,13,train
mp-1518032,BaCaInBiO6,Tetragonal,P4_2/nnm,40,train
mp-14168,K2GeF6,Hexagonal,P6_3mc,18,train
mp-3915,BaHgO2,Trigonal,R-3m,4,train
mp-1113997,Rb3LuCl6,Cubic,Fm-3m,10,train
mp-1214422,Ba7BrClF12,Hexagonal,P-6,21,train
mp-37923,Sm5AgS8,Tetragonal,I-4,14,train
mp-1393463,Mg(AlH4)2,Triclinic,P-1,11,train
mp-430,TiO2,Monoclinic,P2_1/c,12,train
mp-1211421,KLu(MoO4)2,Trigonal,P-3m1,12,train
mp-760502,LiH2ClO,Orthorhombic,Cmcm,20,train
mp-1208730,Sr3Sn2S7,Orthorhombic,Pbam,24,train
mp-1517738,CaZnSnWO6,Cubic,F-43m,10,train
mp-1228828,AsHPbO4,Monoclinic,Pc,14,train
mp-1227167,CaNd2BeO5,Orthorhombic,Pna2_1,36,train
mp-1205322,CaH2,Hexagonal,P6_3/mmc,6,train
mp-561550,Ag3BO3,Trigonal,R-3c,28,train
mp-8140,AsPO4,Orthorhombic,Pnma,24,train
mp-866066,B2S3,Trigonal,R-3c,10,train
mp-9425,Sr2GaCuSO3,Tetragonal,P4/nmm,16,train
mp-32750,CuI,Trigonal,R3m,8,train
mp-752411,Tm2Pb2O7,Cubic,Fd-3m,22,train
mp-30315,Ca3BN3,Tetragonal,P4/mmm,7,train
mp-8399,CsCdF3,Cubic,Pm-3m,5,train
mp-23091,,,,10,train
mp-559901,KNa3Al4(SiO4)4,Hexagonal,P6_3,56,train
mp-567841,Be3P2,Cubic,Ia-3,40,train
mp-23218,AsI3,Trigonal,R-3,8,train
mp-998561,CsSrCl3,Trigonal,R3c,10,train
mp-754196,Ba2SrI6,Trigonal,P-31m,9,train
mp-1110804,Rb2AgSbBr6,Cubic,Fm-3m,10,train
mp-9157,K3AlO3,Monoclinic,C2/m,14,train
mp-542164,CsTb2Ag3Se5,Orthorhombic,Cmcm,22,train
mp-1221939,MgZnO2,Trigonal,R-3m,4,train
mp-555154,K3VCO8,Monoclinic,Cm,13,train
mp-769365,ZnSeO4,Orthorhombic,Pmn2_1,12,train
mp-978844,SrCa3O4,Cubic,Pm-3m,8,train
mp-1210818,LuF3,Trigonal,P-3c1,24,train
mp-1217684,Tb2TeS2,Orthorhombic,Immm,5,train
mp-1198490,UO3,Tetragonal,I4_1/amd,32,train
mp-1194545,Ba2HgS5,Orthorhombic,Pnma,32,train
mp-3038,,,,7,train
mp-28900,Cd2As3Br,Monoclinic,C2/c,12,train
mp-755617,NaHoO2,Monoclinic,C2/c,16,train
mp-27525,K3TlF6,Cubic,Pn-3,40,train
mp-1208844,SmSBr,Monoclinic,P2_1/c,12,train
mp-1228961,AlCuSnS4,Orthorhombic,Imma,14,train
mp-20351,InP,Cubic,F-43m,2,train
mp-768908,Ho2TeO2,Trigonal,P-3m1,5,train
mp-9200,K3AuO,Cubic,Pm-3m,5,train
mp-10919,Rb2PtC2,Trigonal,P-3m1,5,train
mp-13099,,,,2,train
mp-755198,Cs3LaO3,Monoclinic,C2/m,14,train
mp-30298,KAsO2,Orthorhombic,Pbcm,16,train
mp-17998,Ca(RhO2)2,Orthorhombic,Pnma,28,train
mp-1228753,AsPRu,Monoclinic,P2/m,6,train
mp-1517419,Sr2CeGeO6,Cubic,Fm-3m,10,train
mp-9732,BaNaP,Hexagonal,P-62m,9,train
mp-1080693,Cs2Bi2Pd,Orthorhombic,Cmcm,10,train
mp-1232240,La2MgS4,Tetragonal,I-42d,14,train
mp-561125,Ba5P3BrO12,Hexagonal,P6_3/m,42,train
mp-31117,NdScO3,Orthorhombic,Pnma,20,train
mp-1225180,FeCu2Sn3S8,Trigonal,R-3m,14,train
mp-1198625,H7N2F,Orthorhombic,Pca2_1,40,train
aaahikar,Cs2TmAgCl6,Cubic,Fm-3m,10,train
mp-9562,LiBeAs,Tetragonal,P4/nmm,6,train
mp-1211692,KCaEr2CuS5,Orthorhombic,Cmcm,20,train
mp-866501,CsGe,Tetragonal,I4_1/acd,32,train
mp-30971,CuTe2Cl,Monoclinic,P2_1/c,16,train
mp-6494,,,,11,train
mp-1210659,Mg3B7BrO13,Cubic,F-43c,48,train
mp-1189625,Cs2LiScCl6,Trigonal,R-3m,20,train
mp-2488,SiOs,Cubic,P2_13,8,train
mp-569517,C,Trigonal,R-3m,10,train
mp-559354,NaNbO3,Orthorhombic,Cmcm,20,train
mp-1216106,Y3SOF5,Monoclinic,Pm,20,train
mp-568588,NdTlSe2,Trigonal,R-3m,4,train
mp-7769,Th2SN2,Trigonal,P-3m1,5,train
mp-1222553,LiAlSiO4,Monoclinic,P2,21,train
mp-504898,Nb2Pd3Se8,Orthorhombic,Pbam,26,train
mp-768353,YTmO3,Hexagonal,P6_3cm,30,train
mp-34337,H4NCl,Cubic,P-43m,6,train
mp-865961,K3Bi(AsSe2)6,Trigonal,P-3,22,train
mp-4524,,,,8,train
mp-1100403,KBaSb,Cubic,F-43m,3,train
mp-644222,CdHClO,Hexagonal,P6_3mc,8,train
mp-27208,RbMgCl3,Hexagonal,P6_3/mmc,20,train
mp-1194350,As4Se3,Orthorhombic,Pnma,28,train
mp-761842,Hf3SnO8,Monoclinic,P2,12,train
mp-760506,PNO,Monoclinic,Cc,18,train
mp-23177,HgBr,Tetragonal,I4/mmm,4,train
mp-12287,La3NbO7,Orthorhombic,Cmcm,22,train
mp-1245877,In4S3N2,Monoclinic,C2/m,9,train
mp-27862,UTa2O8,Trigonal,P-31m,11,train
mp-8280,Ba(MgAs)2,Trigonal,P-3m1,5,train
mp-1205912,K3LuF6,Cubic,Fm-3m,10,train
mp-754971,Cs3TmO3,Monoclinic,C2/m,14,train
mp-3078,,,,8,train
mp-34293,,,,8,train
mp-17426,Er2WO6,Orthorhombic,P2_12_12_1,36,train
mp-15795,LiDySe2,Trigonal,R-3m,4,train
mp-861867,AcI3,Hexagonal,P6_3/mmc,8,train
mp-4753,Al2SiO5,Orthorhombic,Pnnm,32,train
mp-8568,Ca4PtO6,Trigonal,R-3c,22,train
mp-1195954,Ho2HfS5,Orthorhombic,Pnma,32,train
mp-1110607,Rb2AgIrF6,Cubic,Fm-3m,10,train
mp-866482,CsSi,Tetragonal,I4_1/acd,32,train
mp-2037716,TlGeCl3,Monoclinic,P2_1/m,10,train
mp-11639,Rb2GeS3,Monoclinic,C2/m,12,train
mp-23005,Bi4Te7Pb,Trigonal,P-3m1,12,train
mp-1114152,Rb3YI6,Cubic,Fm-3m,10,train
mp-759883,BiOF,Trigonal,R-3m,6,train
mp-1018118,TmSbPd,Cubic,F-43m,3,train
mp-1111317,Na2AgSbF6,Cubic,Fm-3m,10,train
mp-1100421,VSnRh,Cubic,F-43m,3,train
mp-9382,,,,4,train
mp-1206036,Ba2TmPaO6,Cubic,Fm-3m,10,train
mp-1540546,RbPbF3,Trigonal,R3c,10,train
mp-1227977,Ba6Br2N3Cl,Trigonal,P-3m1,12,train
mp-8993,Sm2S2O,Monoclinic,P2_1/c,20,train
mp-568803,Mg(B6C)2,Orthorhombic,Imma,30,train
mp-27869,Ba2PCl,Trigonal,R-3m,4,train
mp-1220707,NaZn2CdF7,Orthorhombic,Imma,22,train
mp-35785,Y2CdS4,Cubic,Fd-3m,14,train
mp-17085,Rb2Zr3OF12,Trigonal,R-3m,36,train
mp-1226690,Cs8Na4Y3HoCl24,Orthorhombic,Pmmm,40,train
mp-2468774,LiCuS,Tetragonal,P4/nmm,12,train
mp-755313,Sc2O3,Trigonal,R-3c,10,train
mp-1227835,BaNaTiNbO6,Cubic,F-43m,10,train
mp-1214599,Ba2MoO3F4,Monoclinic,Cc,20,train
mp-9900,Ag2GeS3,Orthorhombic,Cmc2_1,12,train
mp-2600,,,,2,train
mp-1518845,KSrZrBiO6,Cubic,F-43m,10,train
mp-29711,Tl2Te3,Monoclinic,C2/c,10,train
mp-28277,K2PrI5,Orthorhombic,Pnma,32,train
mp-1221206,Na4Ca2SiAs4,Monoclinic,Cc,22,train
mp-637251,Cs2SiSe4,Monoclinic,C2/m,14,train
mp-1189520,NaPS3,Monoclinic,P2_1/m,20,train
mp-8426,,,,3,train
mp-1112492,Cs2TlGaBr6,Cubic,Fm-3m,10,train
mp-1227408,Ca(LuTe2)2,Monoclinic,P2/m,7,train
mp-1192338,Na5Sm4Si4O16F,Tetragonal,I-4,30,train
mp-1519457,KBaLaWO6,Cubic,F-43m,10,train
mp-29463,LiBeN,Monoclinic,P2_1/c,12,train
mp-5587,Ba2ZnS3,Orthorhombic,Pnma,24,train
mp-560316,Hg3SO6,Trigonal,P3_121,30,train
mp-1227677,BaSrBiSbO6,Trigonal,R3,10,train
mp-557870,LaF3,Tetragonal,I4/mmm,16,train
mp-1377677,Ca2Sn2O5,Orthorhombic,Pbam,18,train
mp-559112,K2Zn6O7,Tetragonal,P4_2/mnm,30,train
mp-32906,La2S3,Tetragonal,I-42d,40,train
mp-626194,Sc(HO)3,Trigonal,R-3,28,train
mp-971661,Si,Cubic,I-43m,23,train
mp-625837,Be(HO)2,Tetragonal,P4_12_12,20,train
mp-1216132,Y6Zn(SiS7)2,Trigonal,P3,23,train
mp-1190838,RbLaF4,Orthorhombic,Pnma,24,train
mp-5470,AgPS3,Monoclinic,C2/m,10,train
mp-997587,La7ScAl8O24,Cubic,Pm-3m,40,train
mp-753473,LiCoO2,Hexagonal,P6_3mc,8,train
mp-39144,SrLiPrTeO6,Monoclinic,Cm,10,train
mp-20078,Pb2O3,Monoclinic,P2_1/c,20,train
mp-553281,Ba2LaNbO6,Monoclinic,C2/m,10,train
mp-322,TlS,Tetragonal,I4/mcm,8,train
mp-1246570,Ca(GeN)2,Trigonal,P-3m1,5,train
mp-20493,Mg(InS2)2,Cubic,Fd-3m,14,train
mp-759737,Ti3(SnO5)2,Orthorhombic,Cmm2,30,train
mp-1209666,Rb2LaTa6(Br5O)3,Trigonal,P-31c,54,train
mp-8188,,,,4,train
mp-1213226,CsPO3,Monoclinic,P2_1/c,20,train
mp-1179753,RbCu3SiSe4,Cubic,P-43m,9,train
mp-1232087,Pr2MgS4,Orthorhombic,Pnma,28,train
mp-22003,,,,4,train
mp-1518946,Ba2SnWO6,Cubic,Pn-3,40,train
mp-754323,TmBiO3,Trigonal,R3c,10,train
mp-22965,BiTeI,Trigonal,P3m1,3,train
mp-1745,Sm2O3,Monoclinic,C2/m,15,train
mp-510341,Cs3Ge4Au,Orthorhombic,Pmmn,16,train
mp-4185,Na3ScF6,Monoclinic,P2_1/c,20,train
mp-29221,Ca2AlF7,Orthorhombic,Pnma,40,train
mp-14437,RbYO2,Trigonal,R-3m,4,train
mp-23794,H4NF,Hexagonal,P6_3mc,12,train
mp-23485,,,,7,train
mp-1192812,CsSmGeSe4,Orthorhombic,P2_12_12_1,28,train
mp-697030,,,,9,train
mp-1521324,SrHfZrSnO6,Cubic,F-43m,10,train
mp-1189196,BiI3,Orthorhombic,Pnma,16,train
mp-14333,TaAlO4,Monoclinic,C2/m,12,train
mp-684815,Ba4La2Ti3Nb2O18,Trigonal,R-3m,29,train
mp-1103561,Er2MgSe4,Cubic,Fd-3m,14,train
mp-1220029,PH6NO4,Orthorhombic,Fdd2,24,train
mp-1216358,VCu3Te3Se,Trigonal,R3m,8,train
mp-23828,Sr7(H6Br)2,Hexagonal,P-6,21,train
mp-1045918,Mg2Ta2SnO8,Monoclinic,C2/c,26,train
mp-1227111,CaLaAl3O7,Orthorhombic,Cmm2,24,train
mp-621612,AgPb2Br5,Monoclinic,C2/c,16,train
mp-754818,NaTaO3,Cubic,Fd-3m,20,train
mp-9252,HgS,Trigonal,P3_221,6,train
mp-11739,KLaTe2,Trigonal,R-3m,4,train
mp-8203,Zr(PS3)2,Tetragonal,P4_2/m,18,train
mp-13954,Rb2GeF6,Hexagonal,P6_3mc,18,train
mp-1517519,NaLiCeWO6,Cubic,F-43m,10,train
mp-1208159,Tl4GeI6,Tetragonal,P4/mnc,22,train
mp-4431,Ag3AsS3,Trigonal,R3c,14,train
mp-1520207,BaNaNdSeO6,Cubic,F-43m,10,train
mp-1139958,LiY(TlCl3)2,Cubic,Fm-3m,10,train
mp-36866,Al2CdO4,Cubic,Fd-3m,14,train
mp-5782,AlAgS2,Tetragonal,I-42d,8,train
mp-649774,CuSbPbS3,Orthorhombic,Pmn2_1,24,train
mp-1112505,Cs2AlTlCl6,Cubic,Fm-3m,10,train
mp-14620,Tm2CdSe4,Cubic,Fd-3m,14,train
mp-1192528,LiCa3As2H,Orthorhombic,Pnma,28,train
mp-3744,,,,8,train
mp-1519658,KCaHfSbO6,Cubic,F-43m,10,train
mp-35015,,,,8,train
mp-11607,Si3N4,Cubic,I-43d,14,train
mp-1215558,ZnAg2GeS4,Tetragonal,I-4,8,train
mp-1397123,Mg2Ti3O8,Monoclinic,C2/m,13,train
mp-1202790,Pr2SiS5,Monoclinic,P2_1/c,32,train
mp-755375,Lu2Pb2O7,Cubic,Fd-3m,22,train
mp-2767589,BiOF,Orthorhombic,Pbcm,12,train
mp-644497,BaTiO3,Orthorhombic,Amm2,5,train
mp-13283,Sm(ErS2)3,Monoclinic,P2_1/m,20,train
mp-1112315,CsK2IrF6,Cubic,Fm-3m,10,train
mp-1112360,K2TiHgF6,Cubic,Fm-3m,10,train
mp-23803,GaHO2,Orthorhombic,Pmn2_1,8,train
mp-581024,CsK2Sb,Cubic,Fm-3m,4,train
mp-1035113,LiMg14GaO16,Tetragonal,P4/mmm,32,train
mp-7936,LiNbS2,Hexagonal,P6_3/mmc,8,train
mp-561543,BeF2,Cubic,I-43m,18,train
mp-1112296,KInF3,Cubic,Fm-3m,10,train
mp-34042,KY3F10,Trigonal,R3m,14,train
mp-546794,SiO2,Tetragonal,I-42d,6,train
mp-19931,Na2MgAlF7,Orthorhombic,Imma,22,train
mp-1111960,K2SbAuF6,Cubic,Fm-3m,10,train
mp-1103149,AgMoH4S4N,Tetragonal,I-4,11,train
mp-14037,,,,10,train
mp-756131,Sr2CaI6,Tetragonal,P4_2/mnm,18,train
mp-753260,LaAgO2,Trigonal,R-3m,4,train
mp-556215,K9Li3I2O13,Hexagonal,P-62c,54,train
mp-13056,,,,10,train
mp-568289,CdI2,Trigonal,R-3m,9,train
mp-5076,SrZrO3,Tetragonal,I4/mcm,10,train
mp-752989,Ti8O13,Trigonal,R-3,21,train
mp-8624,K2Sn2O3,Cubic,I2_13,14,train
mp-1110763,Rb2PrCuI6,Cubic,Fm-3m,10,train
mp-1222349,LiGeRhO4,Orthorhombic,Imma,14,train
mp-1188829,KTeP2,Monoclinic,P2_1/m,16,train
mp-1112999,Cs2LiTlCl6,Cubic,Fm-3m,10,train
mp-1101269,TmGaO3,Hexagonal,P6_3/mmc,10,train
mp-23189,BI3,Hexagonal,P6_3/m,8,train
mp-39770,Zr2P3H4NO12,Trigonal,R3c,44,train
mp-370,,,,2,train
mp-556301,Li6CaCeO6,Trigonal,P-31c,28,train
mp-1190383,CaWO4,Orthorhombic,Cmce,24,train
mp-1111514,Na2YCuCl6,Cubic,Fm-3m,10,train
mp-558121,K4Ba(VS4)2,Orthorhombic,Ibam,30,train
mp-1522519,KNdSnWO6,Cubic,F-43m,10,train
mp-1516939,BaNaHfBiO6,Cubic,F-43m,10,train
mp-541113,Cs3P7,Tetragonal,P4_1,40,train
mp-36775,SrAl2O4,Hexagonal,P6_122,42,train
mp-1173100,Sm2Zr8O19,Tetragonal,P-4m2,29,train
mp-1211135,LiNd(SO4)2,Tetragonal,P-4n2,24,train
mp-18335,Ba2Ge2Se5,Orthorhombic,Pnma,36,train
mp-1227377,BaSrZnWO6,Cubic,F-43m,10,train
mp-1245496,Mg3MoN4,Triclinic,P-1,16,train
mp-961657,,,,3,train
mp-1068742,SrZrO3,Tetragonal,P4mm,5,train
mp-1210126,NaSm(CO3)2,Orthorhombic,Pmc2_1,20,train
mp-1208839,Sr2H6Pt,Orthorhombic,Cmce,18,train
mp-1190192,RbI(OF)2,Orthorhombic,Pca2_1,24,train
mp-1102395,SbRuSe,Monoclinic,P2_1/c,12,train
mp-14551,Sr2CaUO6,Monoclinic,P2_1/c,20,train
mp-1220411,NbCu3(TeSe)2,Orthorhombic,Cmm2,8,train
mp-1520629,Sr2TbBiO6,Cubic,Fm-3m,10,train
mp-1102021,TbPO4,Tetragonal,I4_1/a,12,train
mp-2994,Co2(GeTe)3,Trigonal,R-3,32,train
mp-1219450,Sc2(WO4)3,Monoclinic,P2/c,34,train
mp-1220905,NaTmTi2O6,Orthorhombic,Pmn2_1,20,train
mp-830,,,,2,train
mp-1215542,Zn2GaCuSe4,Tetragonal,I-42m,8,train
mp-1079629,Mg(BC)2,Orthorhombic,Pnnm,10,train
mp-1178513,BaSnO3,Cubic,Pm-3m,10,train
mp-1042523,Ca2Ti3O8,Hexagonal,P6_3mc,26,train
mp-2400,NaS,Hexagonal,P6_3/mmc,8,train
mp-29266,CsS,Orthorhombic,Immm,4,train
mp-15788,LiYS2,Trigonal,R-3m,4,train
mp-28069,,,,7,train
mp-1101899,Na2CO3,Monoclinic,C2/m,12,train
mp-1227713,Ca2Tl2O5,Orthorhombic,Cmc2_1,18,train
mp-1101339,TbGaO3,Trigonal,R-3c,10,train
mp-1110816,Rb2YAgI6,Cubic,Fm-3m,10,train
mp-1522797,BaTiNbGaO6,Cubic,F-43m,10,train
mp-1207835,Tm3SbO7,Orthorhombic,Cmcm,22,train
mp-570168,Rb2ZnBr4,Orthorhombic,Pnma,28,train
mp-18651,Sr3DyRhO6,Trigonal,R-3c,22,train
mp-5899,NdAlO3,Trigonal,R-3c,10,train
mp-1113091,Cs2InSbF6,Cubic,Fm-3m,10,train
mp-550751,,,,7,train
mp-1190108,Sr2TaInO6,Monoclinic,P2_1/c,20,train
mp-1516195,KLaDyNbO6,Cubic,F-43m,10,train
mp-1517193,BaCaPrSbO6,Cubic,F-43m,10,train
mp-1207611,YSI,Hexagonal,P-6m2,3,train
mp-8702,LiGaGeO4,Trigonal,R-3,42,train
mp-1112690,Cs2KYCl6,Cubic,Fm-3m,10,train
mp-553310,,,,8,train
mp-13676,TlPO4,Orthorhombic,Cmcm,12,train
mp-571386,,,,2,train
mp-22898,KI,Cubic,Fm-3m,2,train
mp-1215826,Zr2Sb2Pb4O13,Orthorhombic,Imm2,21,train
mp-27985,,,,6,train
mp-676581,Ag2CO3,Orthorhombic,Pmc2_1,36,train
mp-1112129,Cs2RbBiCl6,Cubic,Fm-3m,10,train
mp-1114197,Cs3GaI6,Cubic,Fm-3m,10,train
mp-753798,Rb2SnO3,Orthorhombic,Cmc2_1,12,train
mp-626721,RbHO,Orthorhombic,Cmc2_1,6,train
mp-1078908,Ca2CdP2,Orthorhombic,Cmc2_1,10,train
mp-13907,,,,8,train
mp-568024,ICl,Monoclinic,P2_1/c,16,train
mp-1516958,BaCaSmBiO6,Cubic,F-43m,10,train
mp-1112258,K2RhAuF6,Cubic,Fm-3m,10,train
mp-1105189,Cu2AgPS4,Orthorhombic,Pmn2_1,16,train
mp-6101,Ba3Nb6(Si2O13)2,Hexagonal,P-62m,39,train
mp-1209786,Nd2MgPtO6,Monoclinic,P2_1/c,20,train
mp-2767430,La4PtO7,Monoclinic,Cm,12,train
mp-6591,SrLiAlF6,Trigonal,P-31c,18,train
mp-4855,Li2SeO4,Trigonal,R-3,42,train
mp-697135,H2S,Tetragonal,I4_1/acd,24,train
mp-22859,HgI,Tetragonal,I4/mmm,4,train
mp-1112842,Cs2KYBr6,Cubic,Fm-3m,10,train
mp-6964,NaTbO2,Tetragonal,I4_1/amd,8,train
mp-1075943,Ba3Sr5Ti8O24,Tetragonal,P4/mmm,40,train
mp-17129,Sr3(AlN2)2,Orthorhombic,Pnna,36,train
mp-1189200,TmCuS2,Orthorhombic,Pnma,16,train
mp-558430,,,,11,train
mp-1226783,Cd4Te3Se,Orthorhombic,Pmm2,8,train
mp-567949,Hg3AsSe4Br,Hexagonal,P6_3mc,18,train
mp-11178,SrCeN2,Trigonal,R-3m,4,train
mp-13335,Cd(BO2)2,Hexagonal,P6_3,56,train
mp-643451,BaMg2H8Ru,Tetragonal,P4_2/mmc,24,train
mp-29531,CsBi3S5,Orthorhombic,Pnma,36,train
mp-643101,,,,9,train
mp-1519132,SrCaHfSnO6,Cubic,F-43m,10,train
mp-559612,KLiO,Orthorhombic,Cmce,12,train
mp-7811,SrSO4,Cubic,F-43m,6,train
mp-568208,IrCl3,Orthorhombic,Fddd,16,train
mp-1078915,Ba3CaO4,Cubic,Pm-3m,8,train
mp-999472,NaLaSe2,Trigonal,R-3m,4,train
mp-1036013,YMg14CuO16,Tetragonal,P4/mmm,32,train
mp-1223210,KTiO2F,Tetragonal,P4/mmm,5,train
mp-10417,KSbO2,Monoclinic,C2/c,8,train
mp-1079630,Ba2TaInO6,Cubic,Fm-3m,10,train
mp-755309,Li3NbS4,Cubic,P-43m,8,train
mp-1105528,Pr5As2ClO10,Monoclinic,C2/m,18,train
mp-9726,SrBeF4,Monoclinic,P2_1/c,24,train
mp-8943,,,,10,train
mp-1113840,Na2LiLaCl6,Cubic,Fm-3m,10,train
mp-554218,Ti4P6PbO24,Trigonal,R-3,35,train
mp-1232119,Mg(ScS2)2,Cubic,Fd-3m,14,train
mp-20006,ZnPb2F6,Tetragonal,P4_2/ncm,36,train
mp-1209173,RbCuTeS3,Monoclinic,P2_1/c,24,train
mp-1246286,Mg(GaS2)2,Cubic,Fd-3m,14,train
mp-1009087,BeSiAs2,Tetragonal,I-42d,8,train
mp-1201345,Ba5B3ClO9,Orthorhombic,C222_1,36,train
mp-9692,K2GeSe3,Triclinic,P-1,12,train
mp-22894,AgI,Hexagonal,P6_3mc,4,train
mp-1197030,BaSm2Ti3O10,Orthorhombic,Cmcm,32,train
mp-1219602,Rb4InSbCl12,Tetragonal,P4/mmm,18,train
mp-999269,RbSmTe2,Trigonal,R-3m,4,train
mp-13925,Cs2NaYF6,Cubic,Fm-3m,10,train
mp-29331,KH3F4,Trigonal,R-3c,16,train
mp-1519455,BaSrPrSbO6,Orthorhombic,P222,40,train
mp-1042954,MgSn(GeO3)2,Monoclinic,C2/c,20,train
mp-9665,K3BAs2,Monoclinic,C2/c,12,train
mp-1206410,Pb2IOF,Orthorhombic,Cmme,10,train
mp-1209461,Rb2W3SeO12,Hexagonal,P6_3mc,36,train
mp-9068,K2NaAlP2,Orthorhombic,Ibam,12,train
mp-1221929,MgZnS2,Tetragonal,P-4m2,4,train
mp-1009653,CaC2,Trigonal,R-3m,3,train
mp-567542,PbI2,Hexagonal,P6_3mc,12,train
mp-32711,SrBr2,Tetragonal,P4/n,30,train
mp-31408,Al4(B2O5)3,Trigonal,R3,25,train
mp-3346454,Li2MgCl4,Orthorhombic,Pbam,14,train
mp-27865,KMgCl3,Orthorhombic,Pnma,20,train
mp-989530,SrTcN3,Monoclinic,C2/m,10,train
mp-775761,AgClO3,Cubic,P2_13,20,train
mp-578882,SbPb2S2I3,Monoclinic,P2_1/c,32,train
mp-697133,,,,7,train
mp-1222458,LiB12PC,Orthorhombic,Ima2,30,train
mp-31015,Ta3SBr7,Monoclinic,Cm,11,train
mp-4321,MgSiO3,Monoclinic,C2/c,20,train
mp-1110923,K3ScBr6,Cubic,Fm-3m,10,train
mp-35152,,,,8,train
mp-1246052,SrCa5N4,Orthorhombic,Pmmn,20,train
mp-1114025,Rb2NaAsBr6,Cubic,Fm-3m,10,train
mp-23053,PbICl,Orthorhombic,Pnma,12,train
mp-11006,BaPS3,Monoclinic,P2_1/c,20,train
mp-1213683,CsCuTeS3,Cubic,P2_13,24,train
mp-29694,KAuBr4,Monoclinic,P2_1/c,24,train
mp-29927,Pb7(BrF6)2,Hexagonal,P-6,21,train
mp-29075,Ga3Bi5Cl12,Trigonal,R-3c,40,train
mp-558755,Tl2MoO4,Trigonal,P-3m1,14,train
mp-5081,SmCuS2,Monoclinic,P2_1/c,16,train
mp-3448,KMgF3,Cubic,Pm-3m,5,train
mp-7908,,,,7,train
mp-502,As4S5,Monoclinic,P2_1/m,18,train
mp-556458,BaCa(CO3)2,Trigonal,P321,30,train
mp-1101327,SrTaNO2,Orthorhombic,Pmc2_1,10,train
mp-22356,In2HgS4,Cubic,Fd-3m,14,train
mp-7596,NbNO,Monoclinic,P2_1/c,12,train
mp-8405,,,,6,train
mp-753287,CaCdO2,Tetragonal,P4/mmm,4,train
mp-676861,,,,6,train
mp-554766,AgP(XeF5)2,Tetragonal,I4/mcm,28,train
mp-1190754,Cd(BH4)2,Tetragonal,P4_2nm,22,train
mp-1105141,TbTl(PSe3)2,Monoclinic,P2_1,20,train
mp-10748,,,,8,train
mp-643158,PH8IN4,Tetragonal,P4/nbm,28,train
mp-27193,RbIO3,Trigonal,R3m,5,train
mp-1191644,H2S,Orthorhombic,Ibca,24,train
mp-1202969,Tc3Se4I,Monoclinic,P2_1/c,32,train
mp-556786,LiCdPO4,Orthorhombic,Pna2_1,28,train
mp-5784,,,,12,train
mp-27397,IrBr3,Monoclinic,C2/m,8,train
mp-4784,CaPtO3,Orthorhombic,Cmcm,10,train
mp-1223393,KRb2W(OF)3,Orthorhombic,Fmm2,10,train
mp-8579,Ba(AgS)2,Trigonal,P-3m1,5,train
mp-989565,,,,10,train
mp-3335,Sm2Ti2O7,Cubic,Fd-3m,22,train
mp-19098,Ba2CaWO6,Monoclinic,C2/m,10,train
mp-2232695,Ba3SrMgNb2O9,Trigonal,P3m1,16,train
mp-1521463,KZrSnBiO6,Cubic,F-43m,10,train
mp-15988,Li2CuSb,Cubic,F-43m,4,train
mp-5327,Na4UO5,Tetragonal,I4/m,10,train
mp-504593,Pb2CCl2O3,Tetragonal,P4/mbm,32,train
mp-1100876,YBO3,Orthorhombic,Ama2,10,train
mp-6468,BaNd2ZnO5,Tetragonal,I4/mcm,18,train
mp-25975,LiCu(PO3)2,Monoclinic,C2/c,20,train
mp-570117,ErTlSe2,Trigonal,R-3m,4,train
mp-1031524,LiMg6AlO8,Tetragonal,P4/mmm,16,train
mp-1111735,Rb2AgAsBr6,Cubic,Fm-3m,10,train
mp-556167,SrAl4O7,Orthorhombic,Cmme,24,train
mp-1396578,TeF6,Trigonal,R-3,7,train
mp-28069,Ca3AsCl3,Cubic,Pm-3m,7,train
mp-1223311,KRbCl2,Trigonal,R-3m,4,train
mp-9900,,,,12,train
mp-6920,KNO3,Trigonal,R3m,5,train
mp-4264,K2S2O5,Monoclinic,P2_1/m,18,train
mp-15685,,,,8,train
mp-1034041,KLiMg14O15,Orthorhombic,Pmm2,31,train
mp-1095315,BaWO4,Tetragonal,I4_1/amd,12,train
mp-11147,Na5CuSO2,Tetragonal,P4/mmm,9,train
mp-23202,InI,Orthorhombic,Cmcm,4,train
mp-863755,KYGeS4,Monoclinic,P2_1,14,train
mp-33948,Ho2Ti2O7,Cubic,Fd-3m,22,train
mp-1208784,Sr2TlCl5,Monoclinic,P2_1/c,32,train
mp-1191911,Dy3AlFeS7,Hexagonal,P6_3,24,train
mp-1202691,CuP4Se3I,Orthorhombic,Cmce,36,train
mp-27221,Ca2Hf7O16,Trigonal,R-3,25,train
mp-1105233,Ba(AsO3)2,Monoclinic,C2/c,18,train
mp-1018639,TiSnO3,Cubic,Pm-3m,5,train
mp-12364,BaCu2SnSe4,Orthorhombic,Ama2,16,train
mp-768231,YHO2,Hexagonal,P6_3/mmc,8,train
mp-1034512,SrMg14CdO16,Orthorhombic,Pmmm,32,train
mp-1110877,K3TbCl6,Cubic,Fm-3m,10,train
mp-9082,CsSmS2,Trigonal,R-3m,4,train
mp-24423,SrHBr,Tetragonal,P4/nmm,6,train
mp-1232184,Pm2Se3,Tetragonal,I-42d,40,train
mp-1111600,K2RbGaCl6,Cubic,Fm-3m,10,train
mp-1220867,NaTlO,Hexagonal,P6_3mc,6,train
mp-22989,NaIO3,Orthorhombic,Pnma,20,train
mp-12444,SrCuSF,Tetragonal,P4/nmm,8,train
mp-39511,LiCaTa2O6F,Orthorhombic,Imma,22,train
mp-560259,NaVCdO4,Orthorhombic,Cmcm,14,train
mp-1110843,K3YF6,Cubic,Fm-3m,10,train
mp-866807,TiZnH12(OF)6,Trigonal,R-3,26,train
mp-9718,Rb3BAs2,Monoclinic,C2/c,12,train
mp-1138,LiF,Cubic,Fm-3m,2,train
mp-1232281,La2MgS4,Cubic,Fd-3m,14,train
mp-1214580,Ba3Cd(SiO4)2,Trigonal,P-3m1,14,train
mp-1096976,GaAgO2,Trigonal,R3m,4,train
mp-1427,Lu2O3,Cubic,Ia-3,40,train
mp-8455,,,,2,train
mp-1111693,K3ScI6,Cubic,Fm-3m,10,train
mp-1225380,Dy6Mg(GeS7)2,Trigonal,P3,23,train
mp-18293,SiP2O7,Cubic,Pa-3,40,train
mp-600000,SiO2,Orthorhombic,Imma,12,train
mp-1265,MgO,Cubic,Fm-3m,2,train
mp-567391,Dy3Se3N,Orthorhombic,Pnma,28,train
mp-6800,KLiSO4,Trigonal,P31c,14,train
mp-5033,Tl2SiF6,Cubic,Fm-3m,9,train
mp-1008223,CaSe,Cubic,F-43m,2,train
mp-559600,LiMo2AsO9,Orthorhombic,Pmmn,26,train
mp-556983,LaGaO3,Orthorhombic,Imma,10,train
mp-1520511,Sr2HfSnO6,Cubic,Fm-3m,10,train
mp-998536,RbCaBr3,Orthorhombic,Pnma,20,train
mp-554001,Nd3S3N,Orthorhombic,Pnma,28,train
mp-17872,Ba(YTe2)2,Orthorhombic,Pnma,28,train
mp-1224389,Ge3PbSe4,Monoclinic,Pm,8,train
mp-1232301,Tb2MgSe4,Cubic,Fd-3m,14,train
mp-1096940,CuBO2,Trigonal,R-3m,4,train
mp-1245915,Si2SeN2,Orthorhombic,Cmc2_1,10,train
mp-754587,K2Be2O3,Monoclinic,P2_1/c,14,train
mp-8399,CsCdF3,Cubic,Pm-3m,5,train
mp-1210267,Na2ZrS3,Monoclinic,C2/m,12,train
mp-1215446,Zn2SeS,Trigonal,R3m,4,train
mp-539,Ga2S3,Monoclinic,Cc,10,train
mp-1218494,Sr3CaHf4O12,Monoclinic,Pm,20,train
mp-761026,Na5VO5,Monoclinic,C2/c,22,train
mp-29510,Hg2TeO3,Orthorhombic,Pma2,12,train
mp-862729,Sr(DySe2)2,Orthorhombic,Pnma,28,train
mp-1209756,Pr2(SO4)3,Monoclinic,C2/c,34,train
mp-28268,PtI3,Monoclinic,C2/c,16,train
mp-25929,Li3Bi2(PO4)3,Trigonal,R-3,40,train
mp-30164,CsSn2Cl5,Tetragonal,I4/mcm,16,train
mp-546011,,,,8,train
mp-1215642,Zn2SiGeN4,Monoclinic,P2_1,16,train
mp-641010,La4Te3N2,Orthorhombic,Pnma,36,train
mp-39886,BaCaLaBiO6,Cubic,F-43m,10,train
mp-1211353,KSm(WO4)2,Monoclinic,C2/m,24,train
mp-552738,TmBi2IO4,Tetragonal,P4/mmm,8,train
mp-1009894,,,,2,train
mp-1408976,Ca(CoS2)2,Cubic,Fd-3m,14,train
aaadipdk,CaMgBiSbO6,Cubic,F-43m,10,train
mp-558890,BaLi(B3O5)3,Trigonal,R-3c,52,train
mp-27553,Ta2SnO7,Monoclinic,C2/c,20,train
mp-562767,Cs2Te(MoO4)3,Hexagonal,P6_3,36,train
mp-3376,Sr2SnO4,Tetragonal,I4/mmm,7,train
mp-27629,Cs3Sb2Cl9,Trigonal,P-3m1,14,train
mp-1193778,RbAl(H2N)4,Tetragonal,P4/n,28,train
mp-757074,BaCa2I6,Trigonal,P-31m,9,train
mp-989514,Cs2NaSbCl6,Cubic,Fm-3m,10,train
mp-4900,BaCeO3,Trigonal,R-3c,10,train
mp-1520641,Sr2TbBiO6,Cubic,Pn-3,40,train
mp-1219162,Sm6Ge3Se14,Trigonal,P3,23,train
mp-1211783,KAgTeS3,Monoclinic,P2_1/c,24,train
mp-1013554,Sr3PN,Cubic,Pm-3m,5,train
mp-18848,Sr2MgWO6,Cubic,Fm-3m,10,train
mp-556549,Bi2O3,Orthorhombic,Pccn,20,train
mp-9475,KNO3,Orthorhombic,Pnma,20,train
mp-28242,Tl6SCl4,Tetragonal,P4/mnc,22,train
mp-7684,Tl3AsSe3,Trigonal,R3m,7,train
mp-1224282,HfSeS,Trigonal,P3m1,3,train
mp-7841,Ba(GaSe2)2,Orthorhombic,Cccm,14,train
mp-1112602,Cs3SbF6,Cubic,Fm-3m,10,train
mp-505177,TiIn2O5,Orthorhombic,Pnma,32,train
mp-768232,Rb3SbO3,Cubic,P2_13,28,train
mp-20507,PbSO3,Orthorhombic,Pnma,20,train
mp-1096814,Al2ZnS4,Trigonal,P3m1,7,train
mp-8224,,,,8,train
mp-1220879,NaSbSe2,Trigonal,R-3m,4,train
mp-7863,Rb2Sn2O3,Trigonal,R-3m,7,train
mp-556316,Ba3NaBiO6,Trigonal,R-3c,22,train
mp-1207828,WCl2,Orthorhombic,Cmce,36,train
mp-18473,RbLa(MoO4)2,Tetragonal,P4/nnc,24,train
mp-1407843,CaBiF5,Monoclinic,C2/c,14,train
mp-13146,Ca3N2,Trigonal,P-3m1,5,train
mp-3615,Nd(BO2)3,Monoclinic,C2/c,20,train
mp-1245885,RbZnN,Orthorhombic,Pnma,12,train
mp-1221444,Na2BrClO6,Monoclinic,P2_1,20,train
mp-1112793,Cs2KAsI6,Cubic,Fm-3m,10,train
mp-690653,NaH3CN4O,Orthorhombic,Pmma,20,train
mp-32787,Ho2S3,Tetragonal,I-42d,40,train
mp-758949,Li2VGa3O8,Triclinic,P1,14,train
mp-1522118,BaSrNdSbO6,Orthorhombic,P222,40,train
mp-4123,ErTlS2,Trigonal,R-3m,4,train
mp-28995,Cu4SiP8,Tetragonal,I4_1/a,26,train
mp-29506,,,,8,train
mp-19365,Ba3V2O8,Trigonal,R-3m,13,train
mp-1220712,NaLaS2,Tetragonal,P4/mmm,4,train
mp-567913,,,,10,train
mp-24589,,,,10,train
mp-573658,Cs3BAs2,Monoclinic,C2/c,12,train
mp-1112515,Cs2RbLuCl6,Cubic,Fm-3m,10,train
mp-863710,KAcTe2,Cubic,Fm-3m,4,train
mp-989642,,,,10,train
mp-7831,MgIn2O4,Cubic,Fd-3m,14,train
mp-754663,Na2Be2O3,Monoclinic,P2_1/c,14,train
mp-21390,La2InCuSe5,Orthorhombic,Pnma,36,train
mp-556225,Ag2S,Orthorhombic,Cmcm,6,train
mp-3788,SrAl4O7,Monoclinic,C2/c,24,train
mp-1192032,NaSr3Be3B3O9F4,Trigonal,R3m,23,train
mp-754521,Sr(IO3)2,Monoclinic,C2/c,18,train
mp-13033,MgTe,Cubic,F-43m,2,train
mp-29355,NaTeF5,Orthorhombic,Pnma,28,train
mp-554105,CdAg2GeS4,Orthorhombic,Pmn2_1,16,train
mp-1201514,K2RuO5,Orthorhombic,P2_12_12_1,32,train
mp-2918,YCuO2,Hexagonal,P6_3/mmc,8,train
mp-776201,Zr2N2O,Monoclinic,C2/m,20,train
mp-1403480,TeO3,Orthorhombic,Pnma,16,train
mp-9774,,,,7,train
mp-1192433,Na5Pr4Ge4O16F,Tetragonal,I-4,30,train
mp-560186,BaMgSiO4,Hexagonal,P6_3,42,train
mp-741,HfO2,Orthorhombic,Pnma,12,train
mp-1113092,Cs2KAlF6,Cubic,Fm-3m,10,train
mp-1516433,Ba2LaNbO6,Cubic,Fm-3m,10,train
mp-1043827,TaTiZn(PO4)3,Trigonal,R3c,36,train
mp-1716,Rh2O3,Orthorhombic,Pbcn,20,train
mp-557914,DyTaO4,Monoclinic,C2/c,12,train
mp-1220989,NaNd3Ti2(SbO7)2,Monoclinic,C2/m,22,train
mp-1112325,CsK2AsBr6,Cubic,Fm-3m,10,train
mp-23804,Mg2FeH6,Cubic,Fm-3m,9,train
mp-673798,K3ClO,Orthorhombic,Amm2,10,train
mp-40161,NaHf2(PO4)3,Trigonal,R-3c,36,train
mp-762225,BaCO3,Monoclinic,P2_1/m,10,train
mp-38327,Ca(TbS2)2,Tetragonal,I-42d,14,train
mp-1374543,Zn3Mo2O7,Orthorhombic,Cmc2_1,24,train
mp-1228498,Ba2Sr(PO4)2,Trigonal,R-3m,13,train
mp-1204377,TlHg6S4Br5,Tetragonal,I4/m,32,train
mp-1227169,CaNdGa3O7,Orthorhombic,Cmm2,24,train
mp-768240,BaY2F8,Monoclinic,C2/m,11,train
mp-1111194,K2YTlBr6,Cubic,Fm-3m,10,train
mp-752535,TaIn3O7,Orthorhombic,C222_1,22,train
mp-11265,,,,12,train
mp-2517,,,,12,train
mp-1232211,Pm2MgSe4,Orthorhombic,Pnma,28,train
mp-23091,Ba2BiSbO6,Trigonal,R-3,10,train
mp-989555,Tl2InGaF6,Cubic,Fm-3m,10,train
mp-1520041,SrCaLaSbO6,Orthorhombic,Cccm,20,train
mp-1213680,CsDy2Cl7,Orthorhombic,Pnma,40,train
mp-8361,,,,8,train
mp-1218030,SrPrScO4,Orthorhombic,Cmc2_1,14,train
mp-1517150,BaCaPrSbO6,Orthorhombic,P222,40,train
mp-554769,MoSBr,Cubic,F-43m,12,train
mp-1112127,Cs2RbErCl6,Cubic,Fm-3m,10,train
mp-634101,HCl,Tetragonal,I4/mmm,2,train
mp-1232124,Dy2MgS4,Orthorhombic,Pnma,28,train
mp-1208759,Sr2NdTaO6,Monoclinic,P2_1/c,20,train
mp-14963,Pr3NbO7,Orthorhombic,Cmcm,22,train
mp-1113973,Rb2LiSmCl6,Cubic,Fm-3m,10,train
mp-1209273,Rb3GeF7,Tetragonal,P4/mbm,22,train
mp-766,,,,6,train
mp-1096793,Al2Zn2S5,Hexagonal,P6_3/mmc,18,train
mp-22858,TlI,Orthorhombic,Cmcm,4,train
mp-1188828,BaBr2O,Orthorhombic,Pnma,16,train
mp-10421,RbAuC2,Tetragonal,P4/mmm,4,train
mp-1191554,CsRbC2,Orthorhombic,Pnma,16,train
mp-558533,Nd3U(ClO2)3,Hexagonal,P6_3/m,26,train
mp-569272,Cs2Se,Orthorhombic,Fdd2,6,train
mp-1031076,LiMg6BiO8,Tetragonal,P4/mmm,16,train
mp-1190320,Al6Ge5,Trigonal,R-3c,22,train
mp-1227308,CaY2(GeO3)4,Orthorhombic,Cmme,38,train
mp-1178175,Ho2Pb2O7,Cubic,Fd-3m,22,train
mp-1218504,Sr5ZrTi4O15,Orthorhombic,Cmmm,25,train
mp-754455,Sc2O3,Trigonal,R-3,10,train
mp-571020,CsMgH3,Orthorhombic,Pmmn,30,train
mp-1206742,ErHSe,Hexagonal,P-6m2,3,train
mp-1520298,SrHfTiSnO6,Cubic,F-43m,10,train
mp-9635,Ag2HgS2,Monoclinic,P2_1/c,10,train
mp-9682,Na3AlSe3,Monoclinic,P2_1/c,28,train
mp-1565,ZrO2,Cubic,Fm-3m,3,train
mp-30530,TlClO4,Cubic,F-43m,6,train
mp-1194569,KY(SeO3)2,Orthorhombic,Pnma,40,train
mp-757495,Sn(PO3)4,Monoclinic,C2/c,34,train
mp-1218648,Sr6Al7ClO16,Tetragonal,I-42d,60,train
mp-334,LaF3,Hexagonal,P6_3cm,24,train
mp-23092,,,,10,train
mp-777422,DyHO2,Orthorhombic,Pmn2_1,8,train
mp-3982,,,,8,train
mp-3694,NdPS4,Tetragonal,I4_1/acd,48,train
mp-772898,AlGaO3,Orthorhombic,Pna2_1,40,train
mp-1113994,RbTlCl3,Cubic,Fm-3m,10,train
mp-6788,La3Ga5SnO14,Trigonal,P321,23,train
mp-753774,KTmO2,Trigonal,R-3m,4,train
mp-7849,,,,6,train
mp-557664,Cs2TlBiF6,Cubic,Fm-3m,10,train
mp-568301,BiBr3,Monoclinic,C2/m,8,train
mp-1105300,TlSb(PS3)2,Monoclinic,P2_1,20,train
mp-1093705,K2HgSe,Tetragonal,I4/mmm,4,train
mp-22607,,,,7,train
mp-1218370,SrCO3,Trigonal,R32,5,train
mp-753826,LiCuS,Tetragonal,P4/nmm,12,train
mp-1224204,K2ZnSi3O8,Triclinic,P1,14,train
mp-31149,Ca3BiN,Cubic,Pm-3m,5,train
mp-640053,Rb2CuCl3,Orthorhombic,Pnma,24,train
mp-1078597,ZnCd3Se4,Cubic,P-43m,8,train
mp-1105931,Pr(TmS2)3,Monoclinic,P2_1/m,20,train
mp-3592,KAuS5,Orthorhombic,Ibam,28,train
mp-1220803,NaLaScSbO6,Monoclinic,Pc,20,train
mp-17830,Rb3Ge4Au,Orthorhombic,Pmmn,16,train
mp-756637,Ba3GeO5,Trigonal,R3m,27,train
mp-1205512,KBa2IO6,Cubic,Fm-3m,10,train
mp-9511,K2AsAuS4,Monoclinic,P2_1/m,16,train
mp-1112348,Cs3SmCl6,Cubic,Fm-3m,10,train
mp-4666,CdSiP2,Tetragonal,I-42d,8,train
mp-1114010,Rb2AlTlBr6,Cubic,Fm-3m,10,train
mp-556605,ZrO2,Orthorhombic,Pca2_1,12,train
mp-866481,Co2(SnTe)3,Trigonal,R-3,32,train
mp-1113048,Cs2RbAlF6,Cubic,Fm-3m,10,train
mp-1222804,LaY3Ti4O14,Trigonal,R-3m,22,train
mp-569238,Cs3LiI4,Orthorhombic,Cmcm,16,train
mp-21855,,,,8,train
mp-27776,Cd2AsCl2,Monoclinic,P2_1/c,20,train
mp-1517357,Sr2CeNiO6,Cubic,Fm-3m,10,train
mp-567219,Li4Ca3(SiN3)2,Monoclinic,C2/m,15,train
mp-1233835,MgSi2(AgO)8,Monoclinic,P2,19,train
mp-866871,Ca4SnS6,Trigonal,R-3c,22,train
mp-755405,SrNd2O4,Orthorhombic,Pnma,28,train
mp-1178697,YCu3PbSe4,Cubic,P-43m,9,train
mp-1021465,Na2ZnSe2,Orthorhombic,Ibam,10,train
mp-557930,SiO2,Tetragonal,I-42m,24,train
mp-1205731,K3SmF6,Cubic,Fm-3m,10,train
mp-1112493,Cs2ScTlBr6,Cubic,Fm-3m,10,train
mp-560558,CsCdAuS2,Orthorhombic,Cmme,10,train
mp-554326,ZrV2O7,Cubic,Pa-3,40,train
mp-25729,H8W3Se(NO6)2,Hexagonal,P6_3mc,52,train
mp-752695,SrCa2I6,Trigonal,P321,27,train
mp-9370,RbLuS2,Trigonal,R-3m,4,train
mp-1209431,Rb3Li2Al(MoO4)4,Tetragonal,I-42d,52,train
mp-8202,CsRb2PdF5,Tetragonal,P4/mbm,18,train
mp-29816,Ag2HgO2,Tetragonal,P4_32_12,20,train
mp-2672,K2O2,Orthorhombic,Cmce,8,train
mp-775757,HfO2,Orthorhombic,Pbca,24,train
mp-645303,Cs4CO4,Tetragonal,I-42m,9,train
mp-1218492,SrCa2Sc6O12,Trigonal,P-3,21,train
mp-22975,Rb2TeCl6,Cubic,Fm-3m,9,train
mp-10804,NaYPO4F,Monoclinic,C2/m,16,train
mp-569543,CsLaZr6FeCl18,Trigonal,P-31c,54,train
mp-1213104,CsSrBr3,Orthorhombic,Pnma,20,train
mp-7768,Th2SeN2,Trigonal,P-3m1,5,train
mp-1110821,Rb2AgBiI6,Cubic,Fm-3m,10,train
mp-643701,TlP(HO2)2,Orthorhombic,Pbcn,32,train
mp-1112149,Cs2NaInI6,Cubic,Fm-3m,10,train
mp-560673,NaPr2S2O8F3,Monoclinic,C2/c,32,train
mp-558128,KNd2NbO6,Monoclinic,C2/m,20,train
mp-1400406,Zn(CoS2)2,Cubic,Fd-3m,14,train
mp-8874,LiSiBO4,Tetragonal,I-4,7,train
mp-778114,Sm2Ge2O7,Cubic,Fd-3m,22,train
mp-571436,SnI4,Cubic,P-43m,5,train
mp-560037,,,,10,train
mp-1214228,BaZr(SiO3)3,Hexagonal,P-6c2,28,train
mp-28710,BaGe2S5,Cubic,Fd-3m,32,train
mp-755231,LiTeO3,Orthorhombic,Pnn2,20,train
mp-1112004,Cs2RbTlCl6,Cubic,Fm-3m,10,train
mp-3524,,,,8,train
mp-1080534,Cs2Li3I5,Monoclinic,C2/m,10,train
mp-768285,Be2GeO4,Trigonal,R-3,42,train
mp-19387,CdWO4,Monoclinic,P2/c,12,train
mp-23195,Bi2O3,Tetragonal,P-42_1c,20,train
mp-661,AlN,Hexagonal,P6_3mc,4,train
mp-1125,Li2S,Orthorhombic,Pnma,12,train
mp-24292,,,,9,train
mp-2764220,InGeCl3,Trigonal,R3c,10,train
mp-1193894,Cs3SbS3,Cubic,P2_13,28,train
mp-27369,RbGeCl3,Monoclinic,P2_1/m,10,train
mp-23097,,,,9,train
mp-21276,,,,2,train
mp-1227113,CaPrAl3O7,Orthorhombic,Cmm2,24,train
mp-556619,NaLaMgWO6,Tetragonal,P4/nmm,20,train
mp-1113220,Cs2AlAuCl6,Cubic,Fm-3m,10,train
mp-542085,Sr2GeO4,Monoclinic,P2_1/c,28,train
mp-1519896,Sr2PrSbO6,Cubic,Pn-3,40,train
mp-756818,LiSiBiO4,Trigonal,R-3,42,train
mp-1110739,Rb2NaPrBr6,Cubic,Fm-3m,10,train
mp-7249,Ba3Nb2ZnO9,Trigonal,P-3m1,15,train
mp-1222900,LaZrNO2,Orthorhombic,Pnma,20,train
mp-1212726,Ga3Te3Cl,Orthorhombic,Pnma,28,train
mp-10653,,,,2,train
mp-18509,KBe3ZnF9,Hexagonal,P-6c2,28,train
mp-1111845,Cs2LiNdBr6,Cubic,Fm-3m,10,train
mp-1077316,CO2,Tetragonal,I-42d,6,train
mp-29525,Rb3BiO3,Cubic,P2_13,28,train
mp-29398,Cs2HfI6,Cubic,Fm-3m,9,train
mp-2079,Rb2P3,Orthorhombic,Fmmm,10,train
mp-1223421,KPr9(Si3O13)2,Trigonal,P3,42,train
mp-1018807,MoSe2,Hexagonal,P6_3/mmc,6,train
mp-1103317,SbRhS,Cubic,P2_13,12,train
mp-561310,NaLiCO3,Hexagonal,P-62m,18,train
mp-753054,KI(OF)2,Orthorhombic,Pca2_1,24,train
mp-2745379,Ba5(Ga3H)2,Trigonal,P-3c1,26,train
mp-753751,LiAgF2,Tetragonal,I4_1/amd,8,train
mp-7467,,,,8,train
mp-1246878,YGa2N3,Orthorhombic,Cmc2_1,12,train
mp-1111979,Cs2NaRhF6,Cubic,Fm-3m,10,train
mp-974267,KH8N3,Orthorhombic,C222_1,24,train
mp-29372,Cs2GaSb2,Orthorhombic,Pnma,40,train
mp-755243,Li5CuSO2,Tetragonal,P4/mmm,9,train
mp-7173,ScSbPt,Cubic,F-43m,3,train
mp-1246041,Mg3(GaN2)2,Monoclinic,C2/c,18,train
mp-625959,Ta2H4O7,Orthorhombic,Fdd2,26,train
mp-14354,Rb2SrP2O7,Monoclinic,C2/c,24,train
mp-553342,,,,9,train
mp-554952,Te2Pb3(ClO3)2,Monoclinic,C2/m,26,train
mp-23406,,,,9,train
mp-10985,RbCu3S2,Monoclinic,C2/m,12,train
mp-1209303,RbAl(SO4)2,Trigonal,P-3m1,12,train
mp-1111709,CsRb2AsCl6,Cubic,Fm-3m,10,train
mp-5251,Ca4CN4,Orthorhombic,Pnma,36,train
mp-1184046,CuCl,Hexagonal,P6_3mc,4,train
mp-1221250,Na3Ag(TeS3)2,Monoclinic,P2_1,24,train
mp-1111470,Cs2PrCuCl6,Cubic,Fm-3m,10,train
mp-8696,K3Na(SeO4)2,Trigonal,P-3m1,14,train
mp-1111039,CsRb2GaI6,Cubic,Fm-3m,10,train
mp-28898,BaCN2,Trigonal,R-3c,24,train
mp-625465,Tm(HO)3,Hexagonal,P6_3/m,14,train
mp-1078185,Ba2LuSbO6,Cubic,Fm-3m,10,train
mp-3642,ScCuO2,Hexagonal,P6_3/mmc,8,train
mp-1110710,Rb2LiNdBr6,Cubic,Fm-3m,10,train
mp-6065,Sr2GaSbO6,Cubic,Fm-3m,10,train
mp-7849,AlAsO4,Tetragonal,I-4,6,train
mp-22937,Na4I2O,Tetragonal,I4/mmm,7,train
mp-1227100,CaNdGaO4,Orthorhombic,Cmc2_1,14,train
mp-13948,Cs2HfF6,Trigonal,P-3m1,9,train
mp-569129,TlCuPSe3,Monoclinic,P2_1/c,24,train
mp-863745,,,,7,train
mp-559390,CaAl2O4,Hexagonal,P6_3,42,train
mp-26725,LiSnPO4,Trigonal,P31c,42,train
mp-989648,Cs2AlGaH6,Cubic,Fm-3m,10,train
mp-16921,KNa4GeAs3,Orthorhombic,Pnma,36,train
mp-634676,,,,6,train
mp-556163,Zn2SiO4,Tetragonal,I-42d,14,train
mp-696944,LaHBr2,Hexagonal,P6_3/mmc,8,train
mp-24241,Rb3B12H12I,Trigonal,R-3m,28,train
mp-1212008,K2Hg3Se4,Orthorhombic,Pbcn,36,train
mp-1521248,KBaLaSeO6,Cubic,F-43m,10,train
mp-1523189,SrCaSmBiO6,Orthorhombic,Pnnn,40,train
mp-984052,Ba(LuS2)2,Orthorhombic,Pnma,28,train
mp-4043,,,,8,train
mp-24341,,,,10,train
mp-1205833,Ba2NbRhO6,Cubic,Fm-3m,10,train
mp-1178143,K2Zn2O3,Monoclinic,P2_1/c,14,train
mp-1518256,Sr2LaBiO6,Cubic,Pn-3,40,train
mp-1215540,ZnSiAsP,Orthorhombic,I2_12_12_1,8,train
mp-8932,,,,10,train
mp-1227206,CaPbSe2,Tetragonal,P4/mmm,4,train
mp-770380,Ta3InO9,Monoclinic,P2_1/m,26,train
mp-1228350,Ba2ScCuO4,Tetragonal,P4/mmm,8,train
mp-569613,Ba2P7Cl,Monoclinic,P2_1/m,20,train
mp-1391671,La2MgNiO6,Trigonal,R-3,10,train
mp-14415,Pr2Be2GeO7,Tetragonal,P-42_1m,24,train
mp-23033,Sr2NCl,Trigonal,R-3m,4,train
mp-1100353,CaSn2S5,Orthorhombic,Pbam,32,train
mp-1873,ZnF2,Tetragonal,P4_2/mnm,6,train
mp-684580,,,,2,train
mp-674478,BaCO3,Trigonal,R-3c,10,train
mp-3216573,NaYbCl4,Monoclinic,P2/c,12,train
mp-7650,,,,8,train
mp-1099248,Mg3CO4,Cubic,Pm-3m,8,train
mp-1017000,MgZrO3,Cubic,Pm-3m,5,train
mp-754240,CaSm2O4,Cubic,Fd-3m,14,train
mp-1110978,Cs2CuBiF6,Cubic,Fm-3m,10,train
mp-27422,,,,8,train
mp-277,Zr3N4,Orthorhombic,Pnma,28,train
mp-1195770,LiZr2(AsO4)3,Trigonal,R-3c,36,train
mp-776593,LuScO3,Orthorhombic,Pnma,20,train
mp-13287,BaCuTeF,Tetragonal,P4/nmm,8,train
mp-567655,Sr2C(NCl)2,Monoclinic,C2/m,7,train
mp-1112430,Rb2SmCuCl6,Cubic,Fm-3m,10,train
mp-707540,ZrP2(HO4)2,Tetragonal,I4_1cd,52,train
mp-730,P2Pt,Cubic,Pa-3,12,train
mp-1226955,Cd5Bi6(Cl3O2)4,Orthorhombic,Immm,31,train
mp-1114122,KRb2InBr6,Cubic,Fm-3m,10,train
mp-4906,Te2SO7,Orthorhombic,Pmn2_1,20,train
mp-1227642,BaSrCaMoO6,Cubic,F-43m,10,train
mp-28075,K2Ti2O5,Monoclinic,C2/m,9,train
mp-760489,PH6NO2,Orthorhombic,Cmme,20,train
mp-1227625,Ca3Tl4O9,Monoclinic,Cm,16,train
mp-1227583,CaLu2(GeO3)4,Orthorhombic,Cmme,38,train
mp-1185488,LuGaO3,Cubic,Pm-3m,5,train
mp-760477,SmBO3,Orthorhombic,Ama2,10,train
mp-757031,Mg2TiO4,Tetragonal,P4_122,28,train
mp-992141,Cs2IBrCl6,Cubic,Fm-3m,10,train
mp-28256,V2Se9,Monoclinic,C2/c,22,train
mp-1096798,ScAgO2,Trigonal,R3m,4,train
mp-579536,CsCu2ICl2,Monoclinic,P2_1/m,12,train
mp-9703,K2LiGaAs2,Orthorhombic,Cmce,24,train
mp-1045327,Ca(BiO3)2,Orthorhombic,Pmn2_1,18,train
mp-1205971,K2SnF6,Trigonal,P-3m1,9,train
mp-1095269,Si,Orthorhombic,Cmcm,12,train
mp-1095176,Rb3NaH4,Cubic,Pm-3m,8,train
mp-9273,K3Sb2Au3,Trigonal,R-3m,8,train
aaacgzim,LiMg14AlO16,Tetragonal,P4/mmm,32,train
mp-961646,TiTeOs,Cubic,F-43m,3,train
mp-3098,,,,8,train
mp-541707,K6Na3AlSb4,Hexagonal,P6_3/mmc,28,train
mp-643010,Cs2H4Pt,Tetragonal,P4_2/mnm,14,train
mp-1217702,Tb2MgS4,Orthorhombic,Cmc2_1,14,train
mp-23251,KBr,Cubic,Fm-3m,2,train
mp-966800,InP,Hexagonal,P6_3mc,4,train
mp-8812,Rb2GeF6,Cubic,Fm-3m,9,train
mp-1209317,RbB2SbO6,Orthorhombic,Pmn2_1,20,train
mp-1234470,Rb2Ba8Ca(Sb3O)2,Monoclinic,Cm,19,train
mp-5387,YNbO4,Monoclinic,C2/c,12,train
mp-1206435,Ba2DyTaO6,Cubic,Fm-3m,10,train
mp-675601,Al3NO3,Orthorhombic,Pnma,28,train
mp-1522255,KNdInSbO6,Cubic,F-43m,10,train
mp-553990,Ba4B2N4O,Orthorhombic,Cmce,22,train
mp-3387,CaSiO3,Tetragonal,I4/mcm,10,train
mp-541908,KSbF6,Cubic,Ia-3,32,train
mp-15703,,,,8,train
mp-644092,Na2LiAlH6,Cubic,Fm-3m,10,train
mp-1205844,K3TmF6,Cubic,Fm-3m,10,train
mp-1095420,ZnMoO4,Monoclinic,P2/c,12,train
mp-16978,Ba3MgSb2O9,Hexagonal,P6_3/mmc,30,train
mp-7288,Sc2SO2,Hexagonal,P6_3/mmc,10,train
mp-23350,,,,9,train
mp-1096800,LaScO3,Cubic,Pm-3m,5,train
mp-17066,Y2TeO6,Orthorhombic,P2_12_12_1,36,train
mp-1195802,Sm4(GeS4)3,Trigonal,R3c,38,train
mp-1211836,K8Zr6BeBr20,Cubic,Fm-3m,35,train
mp-19428,K2RbTbV2O8,Trigonal,P-3m1,14,train
mp-1246980,Sr3Sc2N4,Monoclinic,C2/c,18,train
mp-972600,UCd(PbO3)2,Monoclinic,P2_1/c,20,train
mp-470,,,,6,train
mp-999138,SmTlS2,Trigonal,R-3m,4,train
mp-1112503,Cs2TlAsF6,Cubic,Fm-3m,10,train
mp-3556,Tm2SO2,Trigonal,P-3m1,5,train
mp-1216067,YBO3,Orthorhombic,Cmcm,10,train
mp-549590,RbClO2,Orthorhombic,Cmcm,8,train
mp-11022,ScAgO2,Hexagonal,P6_3/mmc,8,train
mp-776490,Al2O3,Orthorhombic,Pbca,40,train
mp-28051,SbTeI,Monoclinic,C2/m,6,train
mp-2760596,Tb3InS6,Orthorhombic,Pnnm,40,train
mp-1194113,Y2ZnS4,Orthorhombic,Pnma,28,train
mp-1206967,Rb3LuF6,Cubic,Fm-3m,10,train
mp-995216,RbSrSiHO4,Monoclinic,P2_1,16,train
mp-1114162,Rb3AlI6,Cubic,Fm-3m,10,train
mp-28809,TlBS3,Monoclinic,P2_1/c,20,train
mp-974451,K2Al2O3F2,Monoclinic,C2/m,18,train
mp-1224789,Ga2AsP,Trigonal,R3m,4,train
mp-560977,KTiPS5,Monoclinic,C2/m,16,train
mp-20329,InAgO2,Hexagonal,P6_3/mmc,8,train
mp-677222,Ba3La3Ti4NbO18,Trigonal,R3m,29,train
mp-754154,CsHoO2,Hexagonal,P6_3/mmc,8,train
mp-1518962,BaCaCeGeO6,Cubic,F-43m,10,train
mp-2741,CaF2,Cubic,Fm-3m,3,train
mp-1216647,Tm4CdSe7,Monoclinic,Cm,12,train
mp-23024,SrBrF,Tetragonal,P4/nmm,6,train
mp-1079676,LiBeH3,Monoclinic,C2,10,train
mp-1110930,K3AlI6,Cubic,Fm-3m,10,train
aaahharw,K3HoV2O8,Trigonal,P-3m1,14,train
mp-1210588,MgTeO4,Monoclinic,P2/c,12,train
mp-7469,NaCuO,Tetragonal,I4/mmm,12,train
mp-28368,TlAuCl4,Monoclinic,C2/c,12,train
mp-31013,U(BO3)2,Monoclinic,C2/c,18,train
mp-1105496,Rb2Hg3Se4,Orthorhombic,Ibam,18,train
mp-567386,Cs2Cd3Te4,Orthorhombic,Ibam,18,train
mp-7593,RbLiF2,Monoclinic,C2/c,16,train
mp-9757,BaSm2PtO5,Tetragonal,P4/mbm,18,train
mp-3323,SrZrO3,Cubic,Pm-3m,5,train
mp-4030,Rb2Pt3S4,Orthorhombic,Fmmm,9,train
mp-1110878,K3SmCl6,Cubic,Fm-3m,10,train
mp-1522175,SrHfInSbO6,Cubic,F-43m,10,train
mp-1519349,KBaCeBiO6,Cubic,F-43m,10,train
mp-1111708,CsRb2GaCl6,Cubic,Fm-3m,10,train
mp-752693,Ba3(ClO)2,Orthorhombic,Pnma,28,train
mp-1213380,CsLaZr6CCl18,Trigonal,P-31c,54,train
mp-1212878,Er2Be2SiO7,Tetragonal,P-42_1m,24,train
mp-1102332,HgF2,Orthorhombic,Pnma,12,train
mp-12221,CaTeO4,Orthorhombic,Pbcn,24,train
mp-619661,Pb3(IO)2,Orthorhombic,Pnma,28,train
mp-6208,Ca2BeSi2O7,Tetragonal,P-42_1m,24,train
mp-697096,,,,7,train
mp-1043769,CaTiSb(PO4)3,Trigonal,R3c,36,train
mp-2931,Li2TiO3,Monoclinic,C2/c,24,train
mp-1101885,Na2PS3,Monoclinic,C2/m,12,train
mp-1105497,LiNdTi2O6,Orthorhombic,Pmc2_1,20,train
mp-510607,SrCrO4,Monoclinic,P2_1/c,24,train
mp-1111021,Cs2KPrF6,Cubic,Fm-3m,10,train
mp-1207095,SiPAu,Trigonal,R3m,3,train
mp-21097,KLaGeSe4,Monoclinic,P2_1,14,train
mp-1247563,Na3CoN2,Tetragonal,I4_1/amd,24,train
mp-7566,InPO4,Orthorhombic,Cmcm,12,train
mp-1105549,BaHfS3,Orthorhombic,Pnma,20,train
mp-574599,CsAuSe,Orthorhombic,Cmcm,6,train
mp-9274,,,,8,train
mp-753030,VOF3,Orthorhombic,P2_12_12_1,20,train
mp-1218195,SrNd4Si3O13,Hexagonal,P6_3,42,train
mp-555508,Ca11Si4SO18,Tetragonal,I4/mmm,34,train
mp-1113933,Rb2InBiF6,Cubic,Fm-3m,10,train
mp-998333,CsCaI3,Cubic,Pm-3m,5,train
mp-570136,CuI,Trigonal,P3m1,12,train
mp-1220107,PH6NO4,Orthorhombic,Fdd2,24,train
mp-768486,Sb2(SO4)3,Trigonal,R-3,34,train
mp-1211916,K2NaCo(NO2)6,Cubic,Fm-3,22,train
mp-1519047,SrCaTbSbO6,Cubic,F-43m,10,train
mp-1516990,Sr2PrBiO6,Monoclinic,P2_1/c,20,train
mp-1103397,BaSnF4,Tetragonal,P4/nmm,12,train
mp-12927,,,,10,train
mp-561561,Cs2KRhF6,Cubic,Fm-3m,10,train
mp-10418,RbSbO2,Monoclinic,C2/c,8,train
mp-22895,CuI,Cubic,F-43m,2,train
mp-1216184,Y(CuS)3,Trigonal,R-3,14,train
mp-1219481,Sb6O13,Orthorhombic,Imm2,19,train
mp-1179525,ScCu3PbSe4,Cubic,P-43m,9,train
mp-1209180,RbSc(MoO4)2,Trigonal,P-3m1,12,train
mp-24018,CaZnAsHO5,Orthorhombic,P2_12_12_1,36,train
mp-23994,U2Si(H2O5)2,Orthorhombic,Fddd,34,train
mp-1110627,RbNa2AlF6,Cubic,Fm-3m,10,train
mp-766267,Y7TmO12,Orthorhombic,I2_12_12_1,40,train
mp-1185485,LuAlO3,Cubic,Pm-3m,5,train
mp-1110723,Rb2CuBiBr6,Cubic,Fm-3m,10,train
mp-554591,K2Ca2(CO3)3,Trigonal,R3,32,train
mp-1034944,SrMg14ZnO16,Orthorhombic,Pmmm,32,train
mp-1214865,AsNO4,Tetragonal,I-42d,12,train
mp-4524,ZnGeP2,Tetragonal,I-42d,8,train
mp-1031707,CaMg6CdO8,Tetragonal,P4/mmm,16,train
mp-12954,,,,8,train
mp-1219774,Rb12Sn2As6O,Trigonal,P-3m1,21,train
mp-1210466,Na2MgScF7,Orthorhombic,Imma,22,train
mp-27678,Y2Cl3,Monoclinic,C2/m,10,train
mp-1225403,Dy(CuSe)3,Trigonal,R-3,14,train
mp-5038,,,,8,train
mp-2309,Tm2S3,Monoclinic,P2_1/m,20,train
mp-755380,Ce2Dy2O7,Tetragonal,P-4m2,11,train
mp-18625,KPSe6,Orthorhombic,Pca2_1,32,train
mp-29257,LaTlO3,Hexagonal,P6_3mc,10,train
mp-772521,Li8TiO6,Hexagonal,P6_3cm,30,train
mp-3342,ZnPS3,Monoclinic,C2/m,10,train
mp-998433,CsSrBr3,Orthorhombic,Cmcm,10,train
mp-4636,ScCuO2,Trigonal,R-3m,4,train
mp-23227,CuBr,Hexagonal,P6_3/mmc,4,train
mp-1105890,Lu3Tl2Cu5Se8,Monoclinic,Cm,18,train
mp-24433,KHSeO3,Triclinic,P-1,12,train
mp-1100412,TiTeRu,Cubic,F-43m,3,train
mp-154,N2,Cubic,Pa-3,8,train
mp-1229167,As2SeS2,Monoclinic,P2_1/c,20,train
mp-2231,SnS,Orthorhombic,Pnma,8,train
mp-685003,Tb2Se3,Tetragonal,I-42d,40,train
mp-1226863,CaBHO3,Monoclinic,P2_1,12,train
mp-1112121,Cs2RbSbBr6,Cubic,Fm-3m,10,train
mp-1112282,K2AgIrF6,Cubic,Fm-3m,10,train
mp-561068,BiAsO4,Tetragonal,I4_1/a,12,train
mp-1223208,La2MgZrO6,Cubic,Fm-3m,10,train
mp-1112288,Cs2YAgCl6,Cubic,Fm-3m,10,train
mp-754152,YBiO3,Trigonal,R-3,10,train
mp-558189,Ag3SI,Cubic,Pm-3m,5,train
mp-567753,La3CuSnSe7,Hexagonal,P6_3,24,train
mp-4672,TbPS4,Tetragonal,I4_1/acd,48,train
mp-1173104,TbPaO4,Tetragonal,I4_1/amd,12,train
mp-1840,TiO2,Orthorhombic,Pbca,24,train
mp-1020712,ZnSiN2,Orthorhombic,Pna2_1,16,train
mp-7995,Mg2BO3F,Orthorhombic,Pnma,28,train
mp-7906,,,,7,train
mp-770711,GeWO4,Orthorhombic,Pnna,24,train
mp-223,,,,9,train
mp-1112146,Cs2NaPrBr6,Cubic,Fm-3m,10,train
mp-9656,BaY2PdO5,Tetragonal,P4/mbm,18,train
mp-554294,Na7SnS3(O4F)3,Hexagonal,P6_3mc,52,train
mp-554094,CaMg2(SO4)3,Hexagonal,P6_3/m,36,train
mp-1235084,Ba2LiTbSnO6,Monoclinic,Cm,11,train
mp-557031,S,Monoclinic,C2/c,32,train
mp-753879,Pr2S2O,Monoclinic,P2_1/c,20,train
mp-1224809,Ga2Se3,Orthorhombic,Imm2,5,train
mp-1042941,Ti2ZnO5,Orthorhombic,Cmcm,16,train
mp-1212143,K2BeCl4,Orthorhombic,Pnma,28,train
mp-1110803,Rb2AgSbCl6,Cubic,Fm-3m,10,train
mp-3346453,LiMgCl3,Trigonal,R-3,10,train
mp-753747,,,,11,train
mp-754752,NbNO,Monoclinic,C2/m,12,train
mp-27723,USeO5,Monoclinic,P2_1/m,14,train
mp-28319,PtI2,Monoclinic,P2_1/c,12,train
mp-561018,Na3Sc2(BO3)3,Trigonal,R-3c,34,train
mp-1078049,Zn(GaS2)2,Tetragonal,P-42m,7,train
mp-1114167,Rb2TlSbI6,Cubic,Fm-3m,10,train
mp-28041,Pb9(Br5O2)2,Tetragonal,P4/n,46,train
mp-1245926,Ba3NbN3,Hexagonal,P6_3/m,14,train
mp-1101771,SbOsSe,Monoclinic,P2_1/c,12,train
mp-771973,BaLa2Cl8,Monoclinic,C2/m,11,train
mp-696949,Li3TeHO4,Monoclinic,P2_1/m,18,train
mp-29015,CaThBr6,Orthorhombic,Pmma,16,train
mp-6492,Ba2YSbO6,Cubic,Fm-3m,10,train
mp-1102515,ZnSe2,Cubic,Pa-3,12,train
mp-34081,NaYF4,Tetragonal,I4_1/amd,12,train
mp-1208684,SrCa2(TeO3)3,Monoclinic,P2_1,30,train
mp-35205,LiErSe2,Tetragonal,I4_1/amd,8,train
mp-27310,Na4Sn3F10,Monoclinic,C2/c,34,train
mp-1519724,KNd(SnO3)2,Cubic,Fm-3m,10,train
mp-1110682,Rb2LiNdCl6,Cubic,Fm-3m,10,train
mp-561272,Nd3BWO9,Hexagonal,P6_3,28,train
mp-547244,SrBiClO2,Orthorhombic,Cmcm,10,train
mp-726645,BaAl2(PO5)2,Triclinic,P-1,15,train
mp-6929,Ca2As2O7,Monoclinic,C2/m,11,train
mp-1194376,Ba(SmS2)2,Orthorhombic,Pnma,28,train
mp-1191289,Na2UI4O15,Monoclinic,C2,22,train
mp-1226151,Cs2SiB4O9,Monoclinic,C2,16,train
mp-556979,CsSmGeS4,Orthorhombic,P2_12_12_1,28,train
mp-2506699,BaCO3,Monoclinic,P2_1/m,10,train
mp-1213179,CsGa(SO4)2,Trigonal,P321,12,train
mp-1522445,KNb4InO12,Orthorhombic,Amm2,18,train
mp-754206,LiBi3(ClO2)2,Orthorhombic,Cmcm,20,train
mp-638729,,,,9,train
mp-1113231,Cs3GaCl6,Cubic,Fm-3m,10,train
mp-3062,Sm4S3N2,Monoclinic,C2/m,9,train
mp-5652,Y2Si2O7,Monoclinic,C2/m,11,train
mp-11980,CsNbF6,Trigonal,R-3,8,train
mp-972825,SiH8,Tetragonal,I-4m2,9,train
mp-1077232,WN2,Hexagonal,P6_3/mmc,6,train
mp-24799,Cs3B12H12Cl,Trigonal,R-3m,28,train
mp-989575,Cs2AlTlH6,Cubic,Fm-3m,10,train
mp-1519782,SrHfNbInO6,Cubic,F-43m,10,train
mp-4823,Na2PdC2,Trigonal,P-3m1,5,train
mp-2340,Na2O2,Hexagonal,P-62m,12,train
mp-20397,Sr(InTe2)2,Orthorhombic,Cccm,14,train
mp-1193658,Y3Te3N,Monoclinic,P2_1/c,28,train
mp-571653,C3N4,Cubic,P-43m,7,train
mp-1190195,LiIn(WO4)2,Monoclinic,C2/c,24,train
mp-1009129,MgO,Hexagonal,P-6m2,2,train
mp-30005,Rb6Br4O,Trigonal,R-3c,22,train
mp-1096666,Ba2AsBr,Tetragonal,I4/mmm,4,train
mp-11719,,,,7,train
mp-4627,CoAsS,Orthorhombic,Pca2_1,12,train
mp-2530,Li2Te,Cubic,Fm-3m,3,train
mp-752538,KSnO2,Triclinic,P-1,16,train
mp-573763,Cs2Te,Orthorhombic,Pnma,12,train
mp-558102,KLiSi2O5,Monoclinic,P2_1,18,train
mp-1211518,La2BeGa2O7,Tetragonal,P-42_1m,24,train
mp-8255,,,,8,train
mp-1522241,KNdTiSnO6,Cubic,F-43m,10,train
mp-19380,CrHgO4,Orthorhombic,Cmcm,12,train
mp-2667,CsAu,Cubic,Pm-3m,2,train
mp-8001,LiAlO2,Trigonal,R-3m,4,train
mp-568848,GaCl2,Orthorhombic,Pnna,24,train
mp-1112673,Cs2LiSbI6,Cubic,Fm-3m,10,train
mp-20079,CaPbO3,Orthorhombic,Pnma,20,train
mp-1517555,Ba2LaVO6,Cubic,Fm-3m,10,train
mp-2227782,K4Mg(TiS3)2,Triclinic,P1,13,train
mp-1018098,Ba2BrN,Trigonal,R-3m,4,train
mp-1113585,Cs2LaAgCl6,Cubic,Fm-3m,10,train
mp-866132,Na2TlSb,Cubic,Fm-3m,4,train
mp-559287,Ho2Sn3(PbS4)3,Orthorhombic,Pmc2_1,40,train
mp-5618,Mg2As2O7,Monoclinic,C2/m,11,train
mp-561126,Nd3Si2S8I,Monoclinic,C2/c,28,train
mp-1111329,Na2GaAgF6,Cubic,Fm-3m,10,train
mp-1208635,SrErAl3SiN4O3,Hexagonal,P6_3mc,26,train
mp-1228087,Ba3Y2WO9,Orthorhombic,Immm,30,train
mp-859877,LaMgI5,Monoclinic,C2/c,14,train
mp-561586,CsLaS2,Trigonal,R-3m,4,train
mp-11740,KNdTe2,Trigonal,R-3m,4,train
mp-23084,BiPbClO2,Orthorhombic,Cmcm,10,train
mp-1516601,BaCaDyNbO6,Cubic,F-43m,10,train
mp-6822,NaGa(SiO3)2,Monoclinic,C2/c,20,train
mp-14000,UCdO4,Trigonal,R-3m,6,train
mp-1595,Nb2O5,Monoclinic,C2/m,7,train
mp-28433,RbClO4,Orthorhombic,Pnma,24,train
mp-7446,Rb2S3,Orthorhombic,Cmc2_1,10,train
mp-768358,ScInO3,Hexagonal,P6_3/mmc,10,train
mp-1110847,K2YAgF6,Cubic,Fm-3m,10,train
mp-1517628,BaCaCeZrO6,Cubic,F-43m,10,train
mp-7436,,,,6,train
mp-28517,Tl6SeI4,Tetragonal,P4/mnc,22,train
mp-2763890,Ho3InS6,Orthorhombic,Pnnm,40,train
mp-5048,,,,8,train
mp-1519728,KSrPrWO6,Cubic,F-43m,10,train
mp-567931,InSiTe3,Trigonal,P-31m,10,train
mp-1078615,Mg(ClO3)2,Monoclinic,C2/m,9,train
mp-1222966,LaSbSe3,Orthorhombic,Pnma,20,train
mp-23020,BiSeI,Orthorhombic,Pnma,12,train
mp-1080293,CeSe2,Cubic,Fd-3m,12,train
mp-988945,AlAs,Cubic,Pa-3,16,train
mp-1112133,Cs2RbAlI6,Cubic,Fm-3m,10,train
mp-997011,CuBrO2,Orthorhombic,C222_1,8,train
mp-1219158,Sm6Cd(GeS7)2,Trigonal,P3,23,train
mp-754658,TeO3,Orthorhombic,Pnna,16,train
mp-643651,Rb3ZnH5,Tetragonal,I4/mcm,18,train
mp-19219,Li3VO4,Orthorhombic,Pmn2_1,16,train
mp-23870,NaH,Cubic,Fm-3m,2,train
mp-1018031,KInO2,Trigonal,R-3m,4,train
mp-10616,BaLiAs,Hexagonal,P-6m2,3,train
mp-7979,K2PdF6,Trigonal,P-3m1,9,train
mp-1192533,Sr3AlAs3,Orthorhombic,Cmce,28,train
mp-1522476,KSrCeSbO6,Cubic,F-43m,10,train
mp-1205852,Tb2Cl3,Monoclinic,C2/m,10,train
mp-1223853,K2Zr(PO4)2,Trigonal,P-3,13,train
mp-1217784,SrYAl3O7,Orthorhombic,Cmm2,24,train
mp-1179959,Pb2O3,Orthorhombic,Cmcm,10,train
mp-1225099,FeAg2Sn3S8,Trigonal,R-3m,14,train
mp-1219842,Pr3SiN3O2,Orthorhombic,Fmm2,18,train
mp-1517570,Ba2SmVO6,Cubic,Fm-3m,10,train
mp-8752,Na4CdP2,Trigonal,R-3m,7,train
mp-18177,Ba3NbAs3O,Orthorhombic,Pnma,32,train
mp-625830,Zn(HO)2,Orthorhombic,P2_12_12_1,20,train
mp-1226623,CeNd4Zr3O14,Trigonal,R-3m,22,train
mp-10782,RbTbSe2,Trigonal,R-3m,4,train
mp-23036,K2SeBr6,Cubic,Fm-3m,9,train
mp-569978,Na2Ti3Cl8,Trigonal,R3m,13,train
mp-1213084,CsSrCl3,Orthorhombic,Pnma,20,train
mp-1516764,Ca2InSbO6,Cubic,Fm-3m,10,train
mp-555918,Hg2SeO3,Orthorhombic,Cmc2_1,24,train
mp-1232131,Dy2MgS4,Cubic,Fd-3m,14,train
mp-1172873,GeTe,Trigonal,R3m,2,train
mp-1101397,SmHO2,Monoclinic,P2_1/m,8,train
mp-552941,Na4CO4,Trigonal,R3m,9,train
mp-567636,VFeSb,Cubic,F-43m,3,train
mp-1575,CaC2,Monoclinic,C2/c,6,train
mp-1192538,K(SnAs)3,Orthorhombic,Pnma,28,train
mp-13658,,,,10,train
mp-19913,Ba3(InP2)2,Monoclinic,C2/c,18,train
mp-556108,DyTiClO3,Monoclinic,C2/m,12,train
mp-754826,,,,8,train
mp-505297,NbSbRu,Cubic,F-43m,3,train
mp-556562,LiAsH6(OF2)3,Hexagonal,P6_3mc,34,train
mp-1009540,,,,2,train
mp-7437,KZnP,Hexagonal,P6_3/mmc,6,train
mp-971837,ZnCdTe2,Tetragonal,I-42d,8,train
mp-1048784,ZnBiF5,Monoclinic,C2/c,14,train
mp-1227524,BaTi(IO3)6,Trigonal,R3,26,train
mp-1209354,Pr2SO6,Monoclinic,C2/c,18,train
mp-998552,,,,5,train
mp-1209742,Pr2MgPtO6,Monoclinic,P2_1/c,20,train
mp-638150,KPPbS4,Orthorhombic,Pnma,28,train
mp-755586,,,,8,train
mp-779608,Ba3(BO3)2,Orthorhombic,Pnnm,22,train
mp-18220,LiAlSiO4,Trigonal,R3,42,train
mp-1521769,KCaPrWO6,Cubic,F-43m,10,train
mp-1217607,TbBO3,Orthorhombic,Ama2,10,train
mp-5427,,,,11,train
mp-2507,GaS,Hexagonal,P6_3/mmc,8,train
mp-1519956,BaSrCaWO6,Tetragonal,P-4n2,20,train
mp-1101379,ScHO2,Monoclinic,P2_1/m,8,train
mp-22894,AgI,Hexagonal,P6_3mc,4,train
mp-1112795,Cs2YInI6,Cubic,Fm-3m,10,train
mp-1247927,Al2Se3,Trigonal,R3,10,train
mp-9200,K3AuO,Cubic,Pm-3m,5,train
mp-1223315,KY(NbCl3)6,Trigonal,R3,26,train
mp-1201545,K2LaCl5,Orthorhombic,Pnma,32,train
mp-21322,V2Pb3O8,Trigonal,R-3m,13,train
mp-1198056,NaAlSiO4,Hexagonal,P6_3,56,train
mp-1516790,BaCaHfZrO6,Cubic,F-43m,10,train
mp-4598,Sr4PtO6,Trigonal,R-3c,22,train
mp-753683,Sn2OF2,Tetragonal,P4_2/nmc,20,train
mp-7374,,,,10,train
mp-1080792,KICl2O,Monoclinic,P2_1/m,10,train
mp-1323553,CaNiF6,Trigonal,R-3,8,train
mp-1112567,Cs2NaTmCl6,Cubic,Fm-3m,10,train
mp-556313,V2CdO6,Orthorhombic,Pbcn,36,train
mp-1078191,Ba2TeO,Tetragonal,P4/nmm,8,train
mp-1193169,Ba(TmSe2)2,Orthorhombic,Pnma,28,train
mp-8042,,,,12,train
mp-3382,CaSiO3,Tetragonal,P4/mbm,10,train
mp-996983,,,,8,train
mp-1191683,Ce7ZrO16,Tetragonal,P4/mmm,24,train
mp-760484,TmBO3,Orthorhombic,Ama2,10,train
mp-1104357,K2Mo(SO)2,Monoclinic,C2/c,14,train
mp-1120724,Ti4Zn3SnO12,Cubic,Im-3,20,train
mp-675606,Li5AuO4,Monoclinic,C2/m,10,train
mp-23405,Cs2TeBr6,Cubic,Fm-3m,9,train
mp-1024050,Na2Zn3Se4,Orthorhombic,Ibam,18,train
mp-776023,CdSiO3,Orthorhombic,Pbcn,40,train
mp-16663,Ba6Y2Ti4O17,Hexagonal,P6_3/mmc,58,train
mp-560842,Cd2SiO4,Cubic,Fd-3m,14,train
mp-754144,BaYI5,Monoclinic,C2/c,14,train
mp-6989,BaSeO3,Monoclinic,P2_1/m,10,train
mp-1147773,K2ZnS2,Orthorhombic,Ibam,10,train
mp-1188687,Ba2P7I,Monoclinic,P2_1/m,20,train
mp-27294,Ca3AsBr3,Cubic,Pm-3m,7,train
mp-6388,Ca4SmB3O10,Monoclinic,Cm,18,train
mp-558312,Li2O2,Hexagonal,P6_3/mmc,8,train
mp-8932,Cs2SiP2,Orthorhombic,Ibam,10,train
mp-975115,,,,12,train
mp-553961,,,,12,train
mp-1147551,KCuTeO6,Trigonal,P312,9,train
mp-2488,,,,8,train
mp-1019898,LaPO4,Tetragonal,I4_1/amd,12,train
mp-20210,Ag2PbO2,Monoclinic,C2/c,10,train
mp-1518628,Ca2ZrTiO6,Cubic,Fm-3m,10,train
mp-28195,SiAg2O3,Orthorhombic,P2_12_12_1,24,train
mp-768500,Sb2(SO4)3,Trigonal,R-3c,34,train
mp-752637,HoBrO,Orthorhombic,Pmmn,6,train
mp-9517,SrTiN2,Tetragonal,P4/nmm,8,train
mp-1228948,AlGa(PO4)2,Monoclinic,C2,12,train
mp-1520500,Sr2CeHfO6,Cubic,Pn-3,40,train
mp-1094015,ZrIn2O5,Orthorhombic,Pnma,32,train
mp-865606,CsTaGeS5,Triclinic,P-1,16,train
mp-13984,CdPdF6,Trigonal,R-3,8,train
mp-554183,ZrHg3(SCl3)2,Monoclinic,P2_1/c,24,train
mp-560300,Nd3CuSnS7,Hexagonal,P6_3,24,train
mp-9348,,,,10,train
mp-5114,K6HgS4,Hexagonal,P6_3mc,22,train
mp-1223995,Ho4CdS7,Monoclinic,Cm,12,train
mp-7181,CsSr2Ta3O10,Tetragonal,P4/mmm,16,train
mp-39712,NaCaTaTiO6,Monoclinic,Pc,20,train
mp-1226138,Cs2W(OF2)2,Monoclinic,C2/m,9,train
mp-1237028,KGa(PH)2,Orthorhombic,Pnma,24,train
mp-862983,InCl3,Hexagonal,P6_3/mmc,8,train
mp-1103539,Cs2CdI4,Monoclinic,P2_1/m,14,train
mp-4255,Ba(CuS)2,Tetragonal,I4/mmm,5,train
mp-1103508,Sr3MgTa2O9,Trigonal,P-3m1,15,train
mp-1213418,CsHo(NbBr3)6,Trigonal,P-31c,52,train
mp-10627,SrS,Cubic,Pm-3m,2,train
mp-5279,Ca3TeO6,Monoclinic,P2_1/c,20,train
mp-9664,,,,12,train
mp-2514,Mg3P2,Cubic,Ia-3,40,train
mp-556084,KClO3,Orthorhombic,Pnma,20,train
mp-754892,Rb3ClO,Cubic,Pm-3m,5,train
mp-675651,MgPS3,Monoclinic,C2/m,10,train
mp-638686,AgNO3,Orthorhombic,Pbca,40,train
mp-16903,SrSbF5,Orthorhombic,Pbcm,28,train
mp-28829,Li2ZnBr4,Orthorhombic,Pnma,28,train
mp-2878,Li3PO4,Orthorhombic,Pnma,32,train
mp-9361,,,,4,train
mp-510558,Rb2SrV4O12,Tetragonal,P4/nbm,38,train
mp-30031,CaI2,Trigonal,P-3m1,3,train
mp-1224490,Hf2Sb2Pb4O13,Orthorhombic,Imm2,21,train
mp-867219,,,,10,train
mp-10182,LiZnP,Cubic,F-43m,3,train
mp-760795,Al10ZnO16,Trigonal,R3m,27,train
mp-1111126,K2LiLuCl6,Cubic,Fm-3m,10,train
mp-676448,CsTiZnOF5,Orthorhombic,Imma,18,train
mp-1111211,K2RbInBr6,Cubic,Fm-3m,10,train
mp-8377,TeO2,Orthorhombic,P2_12_12_1,12,train
mp-17947,BaCu2GeS4,Trigonal,P3_121,24,train
mp-768887,Y(BO2)3,Orthorhombic,Pca2_1,40,train
mp-1110653,Rb2LiNdF6,Cubic,Fm-3m,10,train
mp-1114124,KRb2AsBr6,Cubic,Fm-3m,10,train
mp-1190132,Li2Ti3O7,Monoclinic,P2_1/m,24,train
mp-10510,BaAlBO3F2,Hexagonal,P6_3/m,16,train
mp-1047341,Ca(BiO2)2,Orthorhombic,Cmcm,14,train
mp-614603,CsI,Cubic,Fm-3m,2,train
mp-1183270,Al2Si2H4O9,Monoclinic,Cm,17,train
mp-1206084,Cs3PrF6,Cubic,Fm-3m,10,train
mp-1246713,Sr(ZnN)2,Tetragonal,I4/mcm,10,train
mp-1222841,LaSiBO5,Trigonal,P3_1,24,train
mp-9380,SrGe4O9,Trigonal,P321,42,train
mp-1223822,K3SO4F,Cubic,P-43m,9,train
mp-22909,ZnCl2,Tetragonal,I-42d,6,train
mp-6949,InF3,Trigonal,R-3c,8,train
mp-560104,LiTaGeO5,Monoclinic,P2_1/c,32,train
mp-754494,BaLaBr5,Monoclinic,P2_1/m,14,train
mp-753946,,,,4,train
mp-5014,CuAgS,Orthorhombic,Pnma,12,train
mp-1223505,KNaHf4(PO4)6,Trigonal,R-3,36,train
mp-1111632,Rb2LuAgCl6,Cubic,Fm-3m,10,train
mp-1113621,Cs2AlAgCl6,Cubic,Fm-3m,10,train
mp-1227316,BeZnS2,Trigonal,R3m,4,train
mp-554038,CaTa2O6,Cubic,Pm-3,36,train
mp-10492,,,,9,train
mp-560356,Sm3Si2S8I,Monoclinic,C2/c,28,train
mp-18327,Ba2Tl2O5,Orthorhombic,Pnma,36,train
mp-28630,Na3BN2,Monoclinic,P2_1/c,24,train
mp-626724,,,,8,train
mp-1178705,YMgCu3Se4,Cubic,P-43m,9,train
mp-546500,,,,4,train
mp-632229,HBr,Orthorhombic,Cmc2_1,4,train
mp-1361234,CaAgAsO5,Orthorhombic,P2_12_12_1,32,train
mp-23655,Na4Al3Si3IO12,Cubic,P-43n,46,train
mp-1196898,Sm4(SiS4)3,Trigonal,R3c,38,train
mp-1518955,Ba2SnWO6,Cubic,Fm-3m,10,train
mp-1227705,BaSrCaMg(SiO4)2,Trigonal,P3m1,14,train
mp-556275,Rb2Al2Sb2O7,Trigonal,P-3m1,13,train
mp-569050,NaW6NCl18,Hexagonal,P6_3/m,52,train
mp-2724538,LiCuS,Cubic,F-43m,6,train
mp-1228209,AlTlSiO4,Trigonal,R3c,42,train
mp-14324,K2Na4Be2O5,Tetragonal,P4_2/mnm,26,train
mp-1221101,NaBiSe2,Trigonal,R-3m,4,train
mp-35208,NdOF,Cubic,F-43m,3,train
mp-10368,CoPSe,Orthorhombic,Pbca,24,train
mp-14058,KMg(PO3)3,Hexagonal,P-6c2,28,train
mp-438,Nd2S3,Orthorhombic,Pnma,20,train
mp-13798,,,,10,train
mp-753600,Bi3O4F,Orthorhombic,Cmcm,16,train
mp-695998,K2ZnH4,Orthorhombic,Pnma,28,train
mp-1112947,Cs2GaAuF6,Cubic,Fm-3m,10,train
mp-1207844,Y3TlF10,Hexagonal,P6_3mc,56,train
mp-999498,N2,Cubic,I2_13,4,train
mp-6361,NaSr3NbO6,Trigonal,R-3c,22,train
mp-9392,Sr4Al6TeO12,Cubic,I-43m,23,train
mp-570231,CsCdBr3,Cubic,Pm-3m,5,train
mp-15141,NaZr2ZnF11,Monoclinic,C2/m,15,train
mp-561423,ZrTlCdF7,Orthorhombic,Cmcm,20,train
mp-1518803,Sr2NbBiO6,Cubic,Fm-3m,10,train
mp-1223949,K2RbCO3F,Monoclinic,C2,16,train
mp-1188427,Dy2Te3,Orthorhombic,Fddd,20,train
mp-1172905,AgBiS2,Trigonal,R-3m,12,train
mp-9566,Sr(MgSb)2,Trigonal,P-3m1,5,train
mp-17566,Ba5P4,Orthorhombic,Pnma,36,train
mp-863028,SmI3,Hexagonal,P6_3/mmc,8,train
mp-1097026,LaGaO3,Cubic,Pm-3m,5,train
mp-555852,Rb2Ag2GeS4,Monoclinic,C2/c,18,train
mp-557632,K2LiBO3,Monoclinic,C2,14,train
mp-1520589,NaPrZr2O6,Cubic,Fm-3m,10,train
mp-558608,Nb2PbO6,Trigonal,R3m,27,train
mp-1113862,Rb2TlIrF6,Cubic,Fm-3m,10,train
mp-559482,Ti2Bi2O7,Cubic,Fd-3m,22,train
mp-4391,MgSiO3,Orthorhombic,Cmcm,10,train
mp-1105280,LiTaO3,Orthorhombic,Pnma,20,train
mp-561489,AgTeO3,Monoclinic,P2_1/m,20,train
mp-38103,NaClO4,Tetragonal,I-42m,6,train
mp-23289,KCl,Cubic,Pm-3m,2,train
mp-976280,LiBr,Hexagonal,P6_3mc,4,train
mp-3448,KMgF3,Cubic,Pm-3m,5,train
mp-754885,SrCaI4,Orthorhombic,Pbcn,24,train
mp-1392353,AlBiO3,Hexagonal,P6_3/mmc,10,train
mp-1193232,Rb2MoSe4,Orthorhombic,Pnma,28,train
mp-12485,NaSm3SiS7,Hexagonal,P6_3,24,train
mp-614013,CsSnI3,Cubic,Pm-3m,5,train
mp-558411,Y2Zr2O7,Cubic,Fd-3m,22,train
mp-1520392,Sr2SmBiO6,Cubic,Pn-3,40,train
mp-1217283,TePb2S,Trigonal,R-3m,4,train
mp-1183951,Cs3Pb4Au,Orthorhombic,Pmmn,16,train
mp-540577,KZr2(PO4)3,Trigonal,R-3c,36,train
mp-1017550,Be3N2,Trigonal,P-3m1,5,train
mp-4651,,,,10,train
mp-999450,NaSmSe2,Trigonal,R-3m,4,train
mp-2292,La2O3,Cubic,Ia-3,40,train
mp-769802,Ba2Zr7O16,Trigonal,R-3,25,train
mp-1519864,BaSrInSbO6,Cubic,F-43m,10,train
mp-27831,Rb2ZrCl6,Cubic,Fm-3m,9,train
mp-540949,Ba3SrNb2O9,Hexagonal,P6_3/m,30,train
mp-541899,,,,10,train
mp-989576,YWN3,Trigonal,R3c,10,train
mp-561954,TmCoO3,Orthorhombic,Pnma,20,train
mp-14116,,,,4,train
mp-571347,Pr3CuGeSe7,Hexagonal,P6_3,24,train
mp-1111472,Rb2AlAgCl6,Cubic,Fm-3m,10,train
mp-4549,SrSiN2,Monoclinic,P2_1/c,16,train
mp-27227,LiAg3O2,Orthorhombic,Ibam,12,train
mp-755544,YTlO2,Trigonal,R-3m,4,train
mp-779502,Na3CuO2,Tetragonal,P4_12_12,48,train
mp-540703,Cs2S,Orthorhombic,Pnma,12,train
mp-8930,,,,10,train
mp-1232262,Tm2MgS4,Orthorhombic,Pnma,28,train
mp-1191789,MgO,Monoclinic,C2/c,24,train
mp-23931,LiPH2O3,Orthorhombic,Pna2_1,28,train
mp-1340,Ga2Se3,Monoclinic,Cc,10,train
mp-1227440,Bi2Sb2(TeSe)3,Trigonal,R3m,10,train
mp-1112278,Cs2CuBiBr6,Cubic,Fm-3m,10,train
mp-676459,Ca2LaF7,Trigonal,P3m1,10,train
mp-771977,TmAsO4,Tetragonal,I4_1/amd,12,train
mp-1519527,SrCaZr2O6,Orthorhombic,Cmmm,10,train
mp-17123,Si2Os,Orthorhombic,Cmce,24,train
mp-28109,SbAsO3,Monoclinic,P2_1/c,20,train
mp-1178391,CsLiWO4,Tetragonal,I-4,7,train
mp-557049,CdSbS2Cl,Orthorhombic,Pnma,20,train
mp-3346593,NaLi4Cl5,Tetragonal,I4/m,10,train
mp-10347,CsCa2Ta3O10,Tetragonal,P4/mmm,16,train
mp-1032493,Mg6ZnCdO8,Tetragonal,P4/mmm,16,train
mp-24216,ZnHgAsHO5,Orthorhombic,Pnma,36,train
mp-850190,Li4Ti(TeO4)3,Monoclinic,P2,20,train
mp-24402,CaAlSiHO5,Orthorhombic,P2_12_12_1,36,train
mp-5077,NaLi2Sb,Cubic,Fm-3m,4,train
mp-554238,CuBiSCl2,Orthorhombic,Cmcm,10,train
mp-1192754,CsBaVS4,Orthorhombic,Pnma,28,train
mp-1112180,K2ScInCl6,Cubic,Fm-3m,10,train
mp-989537,Cs2TlInF6,Cubic,Fm-3m,10,train
mp-1029665,Sr3BN3,Hexagonal,P6_3/m,14,train
mp-1245841,K6MoN4,Tetragonal,P4_2/nmc,22,train
mp-18371,Cs2W3SeO12,Hexagonal,P6_3mc,36,train
mp-1179336,SnSe,Orthorhombic,Pnma,8,train
mp-9575,,,,6,train
mp-542789,Li14Cr2N8O,Trigonal,P-3,25,train
mp-1228996,Al2Ga2Bi2O9,Orthorhombic,Pbam,30,train
mp-989612,LaCrN3,Monoclinic,C2/c,20,train
mp-15951,,,,9,train
mp-772036,YTa7O19,Hexagonal,P-6c2,54,train
mp-9367,RbErS2,Trigonal,R-3m,4,train
mp-3520,Y2SiO5,Monoclinic,C2/c,32,train
mp-9984,SnS2,Hexagonal,P6_3mc,6,train
mp-985782,H2C,Orthorhombic,Pnma,12,train
mp-7909,,,,7,train
mp-768537,Cs3TlO3,Monoclinic,C2/m,14,train
mp-1522466,SrCaNbInO6,Cubic,F-43m,10,train
mp-31065,Sc2(SeO3)3,Hexagonal,P6_3/m,28,train
mp-1178155,La3AlO6,Orthorhombic,Cmc2_1,20,train
mp-5637,SrZnO2,Orthorhombic,Pnma,16,train
mp-1220927,NaTiSn(PO4)3,Trigonal,R3c,36,train
mp-1520455,Ba2LaBiO6,Cubic,Fm-3m,10,train
mp-1213645,CsSrCl3,Tetragonal,P4/mbm,10,train
mp-23431,CsCu2I3,Orthorhombic,Cmcm,12,train
mp-1112941,Cs2AgSbI6,Cubic,Fm-3m,10,train
mp-776271,Zr2N2O,Monoclinic,C2/c,30,train
mp-1220373,NbIn(PbO3)2,Cubic,Fm-3m,10,train
mp-2139,BaGe2,Orthorhombic,Pnma,24,train
mp-754876,SmAsO4,Monoclinic,P2_1/c,24,train
mp-3056,NaTlO2,Trigonal,R-3m,4,train
mp-17071,Rb2CrO4,Orthorhombic,Pnma,28,train
mp-555561,BaU(SiO4)2,Orthorhombic,Cmcm,24,train
mp-1222376,LiZnBO3,Monoclinic,Cc,12,train
mp-6596,MgAlPO5,Monoclinic,P2_1/c,32,train
mp-27180,NdSBr,Monoclinic,P2_1/c,12,train
mp-768638,Dy3Sb5O12,Cubic,I-43m,40,train
mp-1112055,CsK2SbCl6,Cubic,Fm-3m,10,train
mp-24504,H2,Hexagonal,P6_3/mmc,4,train
mp-29265,Nd2(SO4)3,Monoclinic,C2/c,34,train
mp-23083,KAs4BrO6,Hexagonal,P6/mmm,12,train
mp-169,C,Trigonal,R-3m,2,train
mp-541600,RbLaTa2O7,Tetragonal,P4/mmm,11,train
mp-561991,Ca3ScCoO6,Trigonal,R-3c,22,train
mp-559186,BaBiBO4,Orthorhombic,Pnma,28,train
mp-1518397,BaLiHfBiO6,Cubic,F-43m,10,train
mp-1178578,Ag2CO3,Orthorhombic,Ima2,36,train
mp-24422,CaHBr,Tetragonal,P4/nmm,6,train
mp-10349,Na2SnTeO6,Monoclinic,P2_1/c,20,train
mp-1045939,Ta2Zn2SnO8,Monoclinic,C2/c,26,train
mp-23209,SrCl2,Cubic,Fm-3m,3,train
mp-9126,Sr(SbO3)2,Trigonal,P-31m,9,train
mp-23072,BiBrO,Tetragonal,P4/nmm,6,train
mp-863764,TeBr2,Tetragonal,P4_2/mnm,6,train
mp-7977,CsSmO2,Hexagonal,P6_3/mmc,8,train
mp-555439,CsLi3F4,Monoclinic,C2/m,16,train
mp-1205753,K3YbF6,Cubic,Fm-3m,10,train
mp-30056,CsCaBr3,Cubic,Pm-3m,5,train
mp-27532,Si(PbSe2)2,Monoclinic,P2_1/c,28,train
mp-1190687,CsLi2Cl3,Orthorhombic,Pbcn,24,train
mp-989629,CsRb2GaF6,Cubic,Fm-3m,10,train
mp-5618,,,,11,train
mp-863749,,,,9,train
mp-27219,Mg(SbO2)2,Tetragonal,P4_2/mbc,28,train
mp-4531,,,,10,train
mp-28950,P4N6O,Orthorhombic,Pnnm,22,train
mp-1113318,Na2LiTbCl6,Cubic,Fm-3m,10,train
mp-4284,Ho2CdSe4,Cubic,Fd-3m,14,train
mp-1330,,,,2,train
mp-29894,Hg2WO4,Monoclinic,C2/c,14,train
mp-643384,BaHIO,Orthorhombic,Pnma,16,train
mp-545788,Ba3ZnN2O,Tetragonal,P4/mmm,7,train
mp-7483,KHgF3,Cubic,Pm-3m,5,train
mp-1105406,BaP3,Monoclinic,P2_1/c,16,train
mp-766325,BaCaI4,Orthorhombic,Cmmm,6,train
mp-756439,SrLaBr5,Monoclinic,P2_1/m,14,train
mp-35152,Sr2H5Rh,Tetragonal,I4mm,8,train
mp-1216759,TlBiF4,Orthorhombic,Pmc2_1,12,train
mp-16800,Sc2(SO4)3,Trigonal,R-3c,34,train
mp-675324,BaCO3,Orthorhombic,Imm2,10,train
mp-769571,Ba2Ta2O7,Orthorhombic,Imma,22,train
mp-28111,,,,14,train
mp-1216625,TiOF2,Tetragonal,P4/mmm,4,train
mp-1211403,K2ZnI4,Monoclinic,P2_1/m,14,train
mp-1018809,MoS2,Hexagonal,P6_3/mmc,6,train
mp-13024,AlPO4,Orthorhombic,Cmcm,12,train
mp-23238,Ta3I7,Orthorhombic,Cmce,40,train
mp-6356,Cd2GaAgS4,Orthorhombic,Pmn2_1,16,train
mp-1105094,TlHgCl3,Orthorhombic,Pnma,20,train
mp-1020578,Sr4S3O,Cubic,Pm-3m,8,train
mp-1179676,RbZrCu3Se4,Cubic,P-43m,9,train
mp-1113931,Rb2YInF6,Cubic,Fm-3m,10,train
mp-755610,Ba6HfO8,Cubic,Fm-3m,15,train
mp-1009086,BeSnP2,Tetragonal,I-42d,8,train
mp-27882,Cs2GeCl6,Cubic,Fm-3m,9,train
mp-1858,HfO2,Orthorhombic,Pbca,24,train
mp-1542042,CsHg5Cl11,Monoclinic,C2/m,17,train
mp-28877,Cs2SnTe4,Orthorhombic,Pnma,28,train
mp-1207196,Ca2H6Os,Cubic,Fm-3m,9,train
mp-776427,ZrO2,Orthorhombic,Pbca,24,train
mp-27480,Sn2OF2,Monoclinic,C2/m,10,train
mp-1222624,Li2SO4,Cubic,F-43m,7,train
mp-30294,Sr2SnS4,Orthorhombic,Ama2,14,train
mp-13287,,,,8,train
mp-4541,NaCuO2,Monoclinic,C2/m,4,train
mp-1520339,Sr2CaCrO6,Cubic,Fm-3m,10,train
mp-1227442,Be2BH3O5,Triclinic,P1,11,train
mp-23018,BiSbO4,Monoclinic,C2/c,12,train
mp-1080259,CeSe2,Tetragonal,P4_12_12,12,train
mp-729788,LaClO2,Monoclinic,P2/m,8,train
mp-756811,Li4TiS4,Orthorhombic,Cmcm,18,train
mp-3677,MgSiN2,Orthorhombic,Pna2_1,16,train
mp-568619,,,,10,train
mp-4661,ScOF,Monoclinic,P2_1/c,12,train
mp-1008506,,,,4,train
mp-28671,ZrTe2Br5,Monoclinic,C2/m,16,train
mp-34489,LiInSe2,Tetragonal,I4_1/amd,8,train
mp-13740,AgAsS2,Trigonal,R-3,24,train
mp-675067,Sm2ZnS4,Tetragonal,I-42d,14,train
mp-3664,NdTlS2,Trigonal,R-3m,4,train
mp-20731,,,,7,train
mp-1216671,TmCuTe2,Trigonal,P3m1,4,train
mp-1210536,Na3DyBr6,Monoclinic,P2_1/c,20,train
mp-863754,KYSiS4,Monoclinic,P2_1,14,train
mp-4632,Sr3(PO4)2,Trigonal,R-3m,13,train
mp-1178770,Y2O3,Orthorhombic,Pnma,20,train
mp-766262,H20C3(N2O5)2,Orthorhombic,Fmm2,37,train
mp-554150,Nd3CuGeS7,Hexagonal,P6_3,24,train
mp-755775,Li3V5O14,Trigonal,P31m,22,train
mp-558248,PrTa3O9,Monoclinic,P2_1/m,26,train
mp-618177,K2ZnCl4,Orthorhombic,Pna2_1,28,train
mp-1222094,Mg4Te3Se,Tetragonal,P-4m2,8,train
mp-16577,,,,12,train
mp-1096818,Al2ZnS4,Hexagonal,P6_3mc,14,train
mp-27927,NbAlO4,Monoclinic,C2/m,12,train
mp-1218484,SrAl2(SiO4)2,Trigonal,P-3c1,26,train
mp-1114076,Rb2AlInCl6,Cubic,Fm-3m,10,train
mp-1111007,KNa2RhF6,Cubic,Fm-3m,10,train
mp-9567,Ba(MgSb)2,Trigonal,P-3m1,5,train
mp-3042,K2SiF6,Cubic,Fm-3m,9,train
mp-1113410,Cs2LaAuCl6,Cubic,Fm-3m,10,train
mp-1114003,Rb2ScTlCl6,Cubic,Fm-3m,10,train
mp-557070,Ca2BiAsO6,Orthorhombic,Cmc2_1,20,train
mp-608555,,,,9,train
mp-9239,NaLaMgTeO6,Monoclinic,P2_1/m,20,train
mp-19851,,,,8,train
mp-1518266,Sr2InBiO6,Cubic,Pn-3,40,train
mp-1518287,Sr2BiSbO6,Cubic,Pn-3,40,train
mp-1111450,Na3AlCl6,Cubic,Fm-3m,10,train
mp-29679,Hg2PCl2,Monoclinic,C2/m,10,train
mp-1194132,Ca(TmS2)2,Orthorhombic,Pnma,28,train
mp-567944,BCl,Tetragonal,P4_2/nmc,16,train
mp-1080249,CeSe2,Cubic,Fd-3m,6,train
mp-1209122,RbTm(WO4)2,Trigonal,P-3m1,12,train
mp-1192203,NaCdAsS3,Monoclinic,P2_1/c,24,train
mp-552200,Ba2TaBiO6,Cubic,Fm-3m,10,train
mp-1189897,Ba2ThS6,Tetragonal,P4_2/nmc,18,train
mp-1079656,TmAgS2,Tetragonal,I4_1md,8,train
mp-698205,LiB(HO2)2,Monoclinic,P2_1/c,32,train
mp-567928,CsBi3Se5,Orthorhombic,Pnma,36,train
mp-978114,Sn5O6,Monoclinic,P2_1/c,22,train
mp-27697,ThI4,Monoclinic,P2_1/c,20,train
mp-29090,Rb4Au6S5,Hexagonal,P-62c,30,train
mp-4156,,,,12,train
mp-1095151,BaCdAsF,Tetragonal,P4/nmm,8,train
mp-635441,SiI4,Cubic,Pa-3,40,train
mp-771241,Ta3AgO8,Monoclinic,P2_1/c,48,train
mp-774064,LiSb(PO4)2,Monoclinic,P2_1/m,24,train
mp-19031,RbVO3,Orthorhombic,Pbcm,20,train
mp-27917,Ca3SiO5,Trigonal,R3m,27,train
mp-19886,ThSnPt,Cubic,F-43m,3,train
mp-23353,,,,7,train
mp-554116,BaPb2BrF5,Tetragonal,P4/nmm,18,train
mp-35777,Mg(InTe2)2,Tetragonal,I-42m,7,train
mp-6493,CaMgSiO4,Orthorhombic,Pnma,28,train
mp-1186984,ScBr3,Hexagonal,P6_3/mmc,8,train
mp-1516398,Ca2DySbO6,Cubic,Fm-3m,10,train
mp-15179,Pr2S3,Orthorhombic,Pnma,20,train
mp-9516,Al2SiO5,Orthorhombic,Cmcm,16,train
mp-19992,La6UO12,Trigonal,R-3,19,train
mp-9922,HfS3,Monoclinic,P2_1/m,8,train
mp-1112106,Cs2YTlBr6,Cubic,Fm-3m,10,train
mp-862986,PmBr3,Hexagonal,P6_3/mmc,8,train
mp-1245870,Sc3Si6N11,Tetragonal,P4bm,40,train
mp-14088,Rb2PdF6,Cubic,Fm-3m,9,train
mp-20329,,,,8,train
mp-634378,NaHSO4,Monoclinic,P2_1/c,28,train
mp-1035614,KMg14GaO16,Orthorhombic,Pmmm,32,train
mp-9821,RbSbF6,Trigonal,R-3,8,train
mp-27830,Cs2SeCl6,Cubic,Fm-3m,9,train
mp-19324,Ca2MgWO6,Monoclinic,P2_1/c,20,train
mp-573581,Na2TeSe3,Monoclinic,C2/c,24,train
mp-27594,As4(Pb3S5)3,Trigonal,R3m,28,train
mp-625394,La(HO)3,Hexagonal,P6_3/m,14,train
mp-1110688,Rb2NdCuCl6,Cubic,Fm-3m,10,train
mp-1222336,LiZnRhF6,Tetragonal,P4_2nm,18,train
mp-1110973,Cs2LiNdF6,Cubic,Fm-3m,10,train
mp-9036,KSmTe2,Trigonal,R-3m,4,train
mp-23280,AsCl3,Orthorhombic,P2_12_12_1,16,train
mp-6947,,,,6,train
mp-776024,CaZrO3,Orthorhombic,Pbam,40,train
mp-542482,CsEr2Cu3Se5,Orthorhombic,Cmcm,22,train
mp-768307,BaSO3,Monoclinic,P2_1/m,10,train
mp-1518152,KCaCeBiO6,Cubic,F-43m,10,train
mp-17960,BaSm2O4,Orthorhombic,Pnma,28,train
mp-626161,Al5HO8,Hexagonal,P6_3mc,28,train
mp-37153,AgAsF6,Cubic,Fm-3m,8,train
mp-28327,LiGaBr3,Monoclinic,P2_1/m,20,train
mp-1205663,Sr2ZrTiO6,Tetragonal,P4mm,10,train
mp-1226157,Cs2Ti(WO4)3,Trigonal,R-3m,18,train
mp-771976,Rb2Be2O3,Cubic,P4_132,28,train
mp-1220260,Nd3Sm(GaO3)4,Monoclinic,Pm,20,train
mp-989635,,,,10,train
mp-1217944,TaSb3O8,Monoclinic,Pc,24,train
mp-849246,Ti2CdO5,Orthorhombic,Cmcm,16,train
mp-3316,BaCeO3,Orthorhombic,Imma,10,train
mp-753260,LaAgO2,Trigonal,R-3m,4,train
mp-1100895,Y5O4F7,Monoclinic,Pc,32,train
mp-1210529,Na3ErBr6,Monoclinic,P2_1/c,20,train
mp-567290,LaN,Hexagonal,P6_3mc,4,train
mp-1821,WSe2,Hexagonal,P6_3/mmc,6,train
mp-1227157,Ca5Bi6(Cl3O2)4,Orthorhombic,Immm,31,train
mp-1111971,CsK2TlF6,Cubic,Fm-3m,10,train
mp-1211285,KTa(PO4)2,Monoclinic,C2/m,12,train
mp-1096010,Cs2IBr,Orthorhombic,Immm,4,train
mp-9986,CsAuO,Tetragonal,I4/mmm,12,train
mp-18449,K2ZrO3,Orthorhombic,Pnma,24,train
mp-1213157,CsSc(WO4)2,Trigonal,P-3m1,12,train
mp-1517216,SrCaPrSbO6,Cubic,F-43m,10,train
mp-13055,Ba2LaTaO6,Monoclinic,C2/m,10,train
mp-1207686,TmTiClO3,Monoclinic,C2/m,12,train
mp-1008677,TiO2,Cubic,Fm-3m,3,train
mp-20056,MgPb2WO6,Cubic,Fm-3m,10,train
mp-30251,,,,8,train
mp-1518582,SrCaNdSbO6,Tetragonal,P-4n2,20,train
mp-1217186,Ti3Sn5S12,Monoclinic,Pm,20,train
mp-571452,KPSe3,Trigonal,P3_121,30,train
mp-752686,Sm3TaO7,Orthorhombic,C222_1,22,train
mp-29274,P2PdO6,Orthorhombic,Pmna,18,train
mp-4710,Hg3(BO3)2,Trigonal,R-3c,22,train
mp-1521263,BaCaCeSnO6,Cubic,F-43m,10,train
mp-1207139,KRb2InF6,Tetragonal,I4/m,10,train
mp-2242142,BaMgBi2O5,Tetragonal,P4/mmm,9,train
mp-1080847,Mg3SbN,Cubic,Pm-3m,5,train
mp-23009,Ca2BrN,Trigonal,R-3m,4,train
mp-1105655,C3N2,Cubic,Pm-3m,20,train
mp-12442,,,,8,train
mp-557224,HgSeO3,Monoclinic,P2_1/c,20,train
mp-866844,CaSnS3,Orthorhombic,Pnma,20,train
mp-753912,CaTb2O4,Orthorhombic,Cmcm,14,train
mp-770405,BaLaBr5,Monoclinic,P2_1/m,14,train
mp-1197539,K3AsSe4,Orthorhombic,Pnma,32,train
mp-1112144,Cs2NaPrI6,Cubic,Fm-3m,10,train
mp-861911,Sb2S2O,Monoclinic,C2/m,10,train
mp-569639,TlCl,Cubic,Fm-3m,2,train
mp-756297,ZnIn2O4,Cubic,Fd-3m,14,train
mp-549389,Li4CO4,Monoclinic,Cm,9,train
mp-1202213,Cs8Ga11Cl,Trigonal,R-3c,40,train
mp-22935,,,,6,train
mp-1207065,Ba2TbTaO6,Cubic,Fm-3m,10,train
mp-1214495,Ba3TiO5,Tetragonal,I4/mcm,18,train
mp-989565,Rb2TlGaF6,Cubic,Fm-3m,10,train
mp-1110720,Rb2PrCuBr6,Cubic,Fm-3m,10,train
mp-1207080,TbHSe,Hexagonal,P-6m2,3,train
mp-17357,NaSmSiO4,Tetragonal,I4/m,28,train
mp-556892,InBiO3,Orthorhombic,Pna2_1,20,train
mp-562480,TlIn5S7,Monoclinic,P2_1/m,26,train
mp-365,MgB4,Orthorhombic,Pnma,20,train
mp-1223741,KSi2HO5,Orthorhombic,Pnma,36,train
mp-1247132,Ba3Sc2N4,Orthorhombic,Pnna,36,train
mp-9794,Rb2GeSe3,Monoclinic,C2/m,12,train
mp-38194,YOF,Cubic,F-43m,3,train
mp-1198687,La2ZrS5,Orthorhombic,Pnma,32,train
mp-570891,,,,2,train
mp-1215531,Zn3CdSe4,Orthorhombic,Amm2,8,train
mp-1113740,Na2LiPrCl6,Cubic,Fm-3m,10,train
mp-545544,Ba2TaBiO6,Monoclinic,C2/m,10,train
mp-1079029,Al2S3,Trigonal,R-3c,10,train
mp-546757,Sn3PO4F3,Trigonal,R3,11,train
mp-569055,CsLi2I3,Tetragonal,P-4m2,6,train
mp-13001,Ba2HoTaO6,Cubic,Fm-3m,10,train
mp-1213352,CsLu(NbBr3)6,Trigonal,P-31c,52,train
mp-29584,,,,7,train
mp-1232065,Dy2MgSe4,Orthorhombic,Pnma,28,train
mp-1043381,Sb2O5,Orthorhombic,Cmcm,14,train
mp-555184,SmTiClO3,Monoclinic,C2/m,12,train
mp-17256,Rb2Hf3OF12,Trigonal,R-3m,36,train
mp-23405,,,,9,train
mp-4819,MgGeO3,Monoclinic,C2/c,20,train
mp-1079101,PbS,Orthorhombic,Amm2,8,train
mp-619546,Cs2HgBr4,Orthorhombic,Pnma,28,train
mp-2534,GaAs,Cubic,F-43m,2,train
mp-755731,Ta2Pb2O7,Cubic,Fd-3m,22,train
mp-28989,Li10BrN3,Hexagonal,P-6m2,14,train
mp-1519020,SrCaNdSbO6,Cubic,F-43m,10,train
mp-7786,,,,6,train
mp-1110687,Rb2PrCuCl6,Cubic,Fm-3m,10,train
mp-864954,MgMoN2,Hexagonal,P6_3/mmc,8,train
mp-1522146,BaNaCeNbO6,Orthorhombic,Pnnn,40,train
mp-17743,Sr3Sn2O7,Orthorhombic,Cmcm,24,train
mp-1112122,Cs2RbSbCl6,Cubic,Fm-3m,10,train
mp-556855,Ba3Bi(ClO)3,Orthorhombic,Pnma,40,train
mp-23164,Bi2Se3,Orthorhombic,Pnma,20,train
mp-1104429,MgAlH5,Orthorhombic,C222_1,14,train
mp-6037,Ba2SmSbO6,Cubic,Fm-3m,10,train
mp-999455,NaSmS2,Trigonal,R-3m,4,train
mp-28970,Nd2NCl3,Orthorhombic,Pbcn,24,train
mp-1024043,CaMg3O4,Cubic,Pm-3m,8,train
mp-29839,Bi2SeO5,Orthorhombic,Aem2,32,train
mp-510347,In5S5Br,Orthorhombic,Pmn2_1,22,train
mp-9092,Er2S3,Monoclinic,P2_1/m,20,train
mp-1114045,Rb2YInCl6,Cubic,Fm-3m,10,train
mp-28657,Na2MgCl4,Orthorhombic,Pbam,14,train
mp-9756,ThGeO4,Tetragonal,I4_1/a,12,train
mp-625654,TeHO3,Orthorhombic,Pna2_1,40,train
mp-697111,H2O,Orthorhombic,Cmc2_1,12,train
mp-36395,La2CdS4,Tetragonal,I-42d,14,train
mp-27828,Cs2TiCl6,Cubic,Fm-3m,9,train
mp-5621,,,,8,train
mp-1111132,Na2DyCuCl6,Cubic,Fm-3m,10,train
mp-762304,BiOF,Monoclinic,P2_1/c,12,train
mp-624688,Ta2O5,Monoclinic,C2,7,train
mp-1113181,Cs2ScCuCl6,Cubic,Fm-3m,10,train
mp-1110628,Na2LiYF6,Cubic,Fm-3m,10,train
mp-18229,CaTa2O6,Orthorhombic,Pnma,36,train
mp-961774,,,,3,train
mp-1224048,InAgSnS4,Orthorhombic,Imma,14,train
mp-989514,,,,10,train
mp-3771,,,,10,train
mp-1105914,KCaH3,Orthorhombic,Pnma,20,train
mp-1113159,Cs3AsF6,Cubic,Fm-3m,10,train
mp-559065,NaI3O8,Tetragonal,P-4,24,train
mp-1013737,Ba3SbP,Cubic,Pm-3m,5,train
mp-1219649,Rb2W(OF2)2,Monoclinic,C2/m,9,train
mp-568638,Y3CuSiSe7,Hexagonal,P6_3,24,train
mp-555718,SrNiF6,Trigonal,R-3m,8,train
mp-998787,CaTlCl3,Orthorhombic,Cmcm,10,train
mp-1517252,BaZrNbInO6,Cubic,F-43m,10,train
mp-1111738,Na2LiTlBr6,Cubic,Fm-3m,10,train
mp-21266,BPPbO5,Trigonal,P3_121,24,train
mp-1110790,Rb2AgBiF6,Cubic,Fm-3m,10,train
mp-1180271,MgO2,Trigonal,R-3m,3,train
mp-756076,TbTaO4,Monoclinic,P2_1/c,24,train
mp-1247025,LiPr(SO4)2,Tetragonal,P-4n2,24,train
mp-18049,Ge5P6O25,Trigonal,R-3,36,train
mp-676278,Ca2SiO4,Monoclinic,Cc,14,train
mp-561226,BTe3(OF5)3,Hexagonal,P6_3/m,44,train
mp-752420,Ba3Y2F12,Tetragonal,P4/mbm,34,train
mp-28483,WBr6,Trigonal,R-3,7,train
mp-1519080,NaSrZrVO6,Cubic,F-43m,10,train
mp-1047145,Mg(CuO2)2,Tetragonal,I4_1/amd,14,train
mp-1216540,TmAgS2,Trigonal,R-3m,4,train
mp-555785,Nd2Ti2O7,Cubic,Fd-3m,22,train
mp-772713,Na3SiSbCO7,Monoclinic,P2_1/m,26,train
mp-769778,Ca2In2O5,Orthorhombic,Pnma,36,train
mp-3346441,CaMg(CO3)2,Monoclinic,P2/c,20,train
mp-1211879,K2WS4,Orthorhombic,Pnma,28,train
mp-28263,KH3O2,Monoclinic,P2_1/c,24,train
mp-568560,TlBr,Cubic,Fm-3m,2,train
mp-1104073,C11N4,Tetragonal,P-42m,15,train
mp-1205650,Ba2TaTlO6,Cubic,Fm-3m,10,train
mp-30034,MgBr2,Trigonal,P-3m1,3,train
mp-617,PtO2,Trigonal,P-3m1,3,train
mp-1178547,AlRhO3,Hexagonal,P6_3/mmc,10,train
mp-5449,Na2Ti6O13,Monoclinic,C2/m,21,train
mp-1102232,HCN,Cubic,P2_13,12,train
mp-542737,TiZn2O4,Tetragonal,P4_122,28,train
mp-1020631,ZnGeO3,Trigonal,R3c,10,train
mp-8231,ZrSO,Tetragonal,P4/nmm,6,train
mp-1178516,BaSr2I6,Monoclinic,C2/c,18,train
mp-5712,Cd2GeAs4,Orthorhombic,Pnma,28,train
mp-1103799,Dy3SbO3,Monoclinic,C2/m,14,train
mp-19926,La2Be2GeO7,Tetragonal,P-42_1m,24,train
mp-9569,,,,5,train
mp-1133284,Tl3SiF7,Hexagonal,P6_3mc,22,train
mp-1181655,Cs3Sn4Au,Orthorhombic,Pmmn,16,train
mp-29882,CsPdCl3,Orthorhombic,Ibam,20,train
mp-5285,SrSO4,Orthorhombic,Pnma,24,train
mp-14092,AlAgTe2,Tetragonal,I-42d,8,train
mp-1101938,FeB2,Orthorhombic,Pnma,12,train
mp-1194033,Ca2SiS4,Orthorhombic,Pnma,28,train
mp-1112949,Cs3TlI6,Cubic,Fm-3m,10,train
mp-10695,ZnS,Cubic,F-43m,2,train
mp-28603,NaLiSe,Orthorhombic,Pnma,12,train
mp-1079426,Tl2SiHgSe4,Tetragonal,I-42m,8,train
mp-7000,SiO2,Trigonal,P3_121,9,train
mp-552663,,,,11,train
mp-1110673,K2RbNdF6,Cubic,Fm-3m,10,train
mp-553939,CaCO3,Orthorhombic,Pnma,20,train
mp-27199,AuSeBr,Orthorhombic,Pnma,24,train
mp-1078537,PrLuS3,Orthorhombic,Cmcm,10,train
mp-14088,,,,9,train
mp-730208,Rb2Pd,Cubic,Fm-3m,3,train
mp-5926,KCaF3,Orthorhombic,Pnma,20,train
mp-999265,RbYS2,Trigonal,R-3m,4,train
mp-17777,Sr5As3O12F,Hexagonal,P6_3/m,42,train
mp-36100,Ca(SmS2)2,Tetragonal,I-42d,14,train
mp-1246750,NaGeN,Hexagonal,P6_3mc,6,train
mp-1517517,BaCaYVO6,Cubic,F-43m,10,train
mp-1111035,Rb2LuCuCl6,Cubic,Fm-3m,10,train
mp-1113428,CsRb2DyCl6,Cubic,Fm-3m,10,train
mp-1228877,Ba(GaO2)2,Hexagonal,P6_3,56,train
mp-13109,SrHfO3,Orthorhombic,Imma,10,train
mp-1111204,K2RbTmCl6,Cubic,Fm-3m,10,train
mp-17438,Na2GeF6,Trigonal,P-3m1,27,train
mp-756361,ZrSeO,Cubic,P2_13,12,train
mp-33569,Sr(LaSe2)2,Tetragonal,I-42d,14,train
mp-29091,Ti(CuS)4,Tetragonal,I-42m,9,train
mp-766106,Li2V2SiGeO10,Orthorhombic,Pccm,32,train
mp-550553,CdBiClO2,Monoclinic,P2_1/m,10,train
mp-28641,ThB2O5,Monoclinic,C2/c,32,train
mp-1246158,Al6W5N16,Cubic,I-43m,27,train
mp-554791,RuO4,Cubic,P-43n,40,train
mp-1112321,CsK2GaCl6,Cubic,Fm-3m,10,train
mp-1205333,CaTiGeO5,Monoclinic,C2/c,16,train
mp-16613,AlAuO2,Hexagonal,P6_3/mmc,8,train
mp-556120,RbTl(SO4)2,Trigonal,R32,12,train
mp-28243,,,,8,train
mp-1110714,K2RbYCl6,Cubic,Fm-3m,10,train
mp-1189914,ZnSi(AgS2)2,Monoclinic,Pc,16,train
mp-1517648,Ba2LaVO6,Cubic,Pn-3,40,train
mp-14638,Rb2LiGaF6,Trigonal,R-3m,20,train
mp-754363,,,,7,train
mp-991652,VCu3Te4,Cubic,P-43m,8,train
mp-1519213,KLaHfSnO6,Cubic,F-43m,10,train
mp-17020,TiTl2(GeO3)3,Hexagonal,P6_3/m,30,train
mp-626785,KHO,Orthorhombic,Cmc2_1,6,train
mp-10219,YOF,Tetragonal,P4/nmm,6,train
mp-546320,Rb4CO4,Cubic,P-43m,9,train
mp-7640,Sc2Si2O7,Cubic,Fd-3m,22,train
mp-22375,In2S3,Trigonal,R-3c,10,train
mp-1517046,SrCaDySbO6,Cubic,F-43m,10,train
mp-1009127,,,,2,train
mp-631519,TlBCl2,Cubic,F-43m,4,train
mp-1111074,Li3AsF6,Cubic,Fm-3m,10,train
aaahhddj,K3TmV2O8,Trigonal,P-3m1,14,train
mp-1180688,KTiCu3Se4,Cubic,P-43m,9,train
mp-756640,VF5,Tetragonal,P4/n,12,train
mp-754302,Dy2Zr2O7,Cubic,Fd-3m,22,train
mp-1105730,CaU(PbO3)2,Monoclinic,P2_1/c,20,train
mp-21365,InSbS3,Orthorhombic,Pnma,20,train
mp-2230827,Na4MgTi2(GeO5)2,Monoclinic,Pm,19,train
mp-28650,CsBr2F,Tetragonal,P4/mmm,4,train
mp-27628,Te3Cl2,Monoclinic,P2_1/c,20,train
mp-760415,Li3SbS4,Tetragonal,I-42m,8,train
mp-1096825,B6Pb,Cubic,Pm-3m,7,train
mp-570262,Cs3ZnCl5,Tetragonal,I4/mcm,18,train
mp-1113004,Cs2LiScCl6,Cubic,Fm-3m,10,train
mp-2251,Li3N,Hexagonal,P6/mmm,4,train
mp-559740,SiO2,Hexagonal,P6_3/mmc,36,train
mp-684745,CsTiNb(O2F)2,Monoclinic,C2,18,train
mp-997027,AuO2F,Orthorhombic,C222_1,8,train
mp-1100402,YHgB,Cubic,F-43m,3,train
mp-626000,NaHO,Monoclinic,P2_1,6,train
mp-1008528,B2AsP,Tetragonal,P-4m2,4,train
mp-3614,KTaO3,Cubic,Pm-3m,5,train
mp-765775,Li2V2SiGeO10,Orthorhombic,C222,16,train
mp-561079,CdBiS2Br,Monoclinic,C2/m,10,train
mp-1245967,Zn3WN4,Orthorhombic,Pmn2_1,16,train
mp-1096810,Al2ZnS4,Tetragonal,I-4,7,train
mp-1201568,Y3InS6,Orthorhombic,Pnnm,40,train
mp-12787,SiO2,Monoclinic,C2/c,18,train
mp-1079050,LaAsO3,Monoclinic,P2_1/m,10,train
mp-999460,NaScS2,Trigonal,R-3m,4,train
mp-761825,LiSb(TeO4)3,Monoclinic,P2,17,train
mp-1044100,ZnP2(WO5)2,Orthorhombic,Fdd2,30,train
mp-22936,Ca2NCl,Trigonal,R-3m,4,train
mp-3954,PrPS4,Tetragonal,I4_1/acd,48,train
mp-1228382,Ba2NbCoO6,Cubic,Fm-3m,10,train
mp-27559,Na14Cd2O9,Trigonal,P-3,25,train
mp-29993,TaAgF6,Tetragonal,P4_2/mcm,16,train
mp-1045293,Ca(SbO3)2,Orthorhombic,Pmn2_1,18,train
mp-1178702,YZnCu3Se4,Cubic,P-43m,9,train
mp-567914,TeI4,Tetragonal,I4_1/amd,40,train
mp-1516809,KDySnWO6,Cubic,F-43m,10,train
mp-989617,YWN3,Orthorhombic,Ama2,10,train
mp-549158,InCuO2,Hexagonal,P6_3/mmc,8,train
mp-1518078,BaSrSmBiO6,Orthorhombic,P222,40,train
mp-754550,Tb3TaO7,Orthorhombic,Cmcm,22,train
mp-15796,LiHoSe2,Trigonal,R-3m,4,train
mp-1221029,NaPr9(Ge3O13)2,Trigonal,P3,42,train
mp-1100401,YCdB,Cubic,F-43m,3,train
mp-1205548,KSrI3,Orthorhombic,Cmcm,10,train
mp-581403,K3Na4Si3BF22,Orthorhombic,Imm2,33,train
mp-4964,YSbPt,Cubic,F-43m,3,train
mp-643279,,,,9,train
mp-755026,La2Pt2O7,Cubic,Fd-3m,22,train
mp-676095,Na3Pr5Cl18,Hexagonal,P-6,26,train
mp-14288,Sr3P4,Orthorhombic,Fdd2,14,train
mp-697038,Ba2H6Ru,Cubic,Fm-3m,9,train
mp-757198,Li2VOF5,Trigonal,P3_1,27,train
mp-7791,Li2GeF6,Tetragonal,P4_2/mnm,18,train
mp-1112969,Cs3InI6,Cubic,Fm-3m,10,train
mp-1223184,La3Se4Cl,Orthorhombic,Pna2_1,32,train
mp-30311,Zn3(PS4)2,Tetragonal,P-4n2,26,train
mp-8622,,,,5,train
mp-1218915,SnTe2Pb,Tetragonal,P4/mmm,4,train
mp-1212884,DyRhO3,Orthorhombic,Pnma,20,train
mp-6228,Na2TiGeO5,Tetragonal,P4/nmm,18,train
mp-694855,Li2MoO3,Triclinic,P-1,12,train
mp-3654,RbCaF3,Cubic,Pm-3m,5,train
mp-1198976,Ba3GaS4Cl,Orthorhombic,Pnma,36,train
mp-1096816,Al2ZnS4,Trigonal,R-3m,7,train
mp-7980,Ba3SrTa2O9,Trigonal,P-3m1,15,train
mp-17730,K2SnO3,Orthorhombic,Pnma,24,train
mp-721469,Rb2S,Hexagonal,P6_3/mmc,6,train
mp-756251,Ba2LaCl7,Monoclinic,C2/c,20,train
mp-1220273,Nd6Ge3Se14,Trigonal,P3,23,train
mp-755256,LiBiB2O5,Monoclinic,C2,9,train
mp-560635,Cs2MoS4,Orthorhombic,Pnma,28,train
mp-9258,SiO2,Cubic,Pa-3,12,train
mp-2756345,Ba2SrI6,Tetragonal,I4/mmm,36,train
mp-866847,CaSn2S5,Cubic,Fd-3m,32,train
aaadinkg,BaSrHfZrO6,Monoclinic,P2_1,20,train
mp-6586,,,,10,train
mp-1201774,Cs3AsSe4,Orthorhombic,Pnma,32,train
mp-756014,Ba4HfO6,Trigonal,R-3c,22,train
mp-558096,Zn2SiO4,Cubic,Fd-3m,14,train
mp-7018,LaGaS2O,Orthorhombic,Pbcm,20,train
mp-1219182,SiGe,Cubic,F-43m,2,train
mp-1043880,TiZnSb(PO4)3,Trigonal,R3c,36,train
mp-997022,AgAsO2,Monoclinic,C2,8,train
mp-1247149,Sr5Zr2N6,Monoclinic,C2/c,26,train
mp-1520939,Ba2SmNbO6,Cubic,Pn-3,40,train
mp-1520485,BaSrHfZrO6,Cubic,F-43m,10,train
mp-1018097,BaCaO2,Tetragonal,P4/mmm,4,train
mp-24015,Cd2H3ClO3,Orthorhombic,Pnma,36,train
mp-27355,Pb2OF2,Tetragonal,P4_2/nmc,20,train
mp-778602,Ba3GeO5,Tetragonal,P4/ncc,36,train
mp-1520192,BaYInWO6,Cubic,F-43m,10,train
mp-1095229,YNbO4,Tetragonal,I4_1/a,12,train
mp-1093994,ZnSnS3,Trigonal,R3c,10,train
mp-7386,NaAgF4,Tetragonal,I4/mcm,12,train
mp-9306,,,,5,train
mp-1218392,Sr3Ca(ClF)4,Tetragonal,P4mm,12,train
mp-1114154,Rb3ScI6,Cubic,Fm-3m,10,train
mp-684668,CaC2,Orthorhombic,Immm,6,train
mp-558831,KNdPdO3,Monoclinic,C2/m,12,train
mp-2068,RhF3,Trigonal,R-3c,8,train
mp-1190146,Na2Cd(GeS3)2,Monoclinic,Cc,22,train
mp-6625,LaAgSO,Tetragonal,P4/nmm,8,train
mp-11014,K2TeOF4,Orthorhombic,Cmcm,16,train
mp-1113925,Rb2YTlF6,Cubic,Fm-3m,10,train
mp-1114049,Rb2ScInCl6,Cubic,Fm-3m,10,train
mp-867169,,,,4,train
mp-23495,K2ZnBr4,Monoclinic,P2_1/m,14,train
mp-1227023,Ca6Br2N3Cl,Trigonal,P-3m1,12,train
mp-31451,ZrCoBi,Cubic,F-43m,3,train
mp-696806,BaH4(BrO)2,Monoclinic,C2/c,18,train
mp-555140,Cs2Li3GaO4,Orthorhombic,Ibam,20,train
mp-11347,TbF3,Orthorhombic,Pnma,16,train
mp-1111173,K3InCl6,Cubic,Fm-3m,10,train
mp-556417,Rb2NiF6,Cubic,Fm-3m,9,train
mp-753621,Li5SbS,Monoclinic,C2/c,14,train
mp-1520657,BaSrHfSnO6,Cubic,F-43m,10,train
mp-1205297,Tb2S3,Orthorhombic,Pnma,20,train
mp-753823,CeTh3O8,Orthorhombic,Cmmm,12,train
mp-1222326,LiMgCoF6,Tetragonal,P4_2nm,18,train
mp-13548,,,,6,train
mp-2219218,MgCr2(AgO4)2,Orthorhombic,Amm2,13,train
mp-18500,K3Sn4Au,Orthorhombic,Pmmn,16,train
mp-1189408,Sr2HoTaO6,Monoclinic,P2_1/c,20,train
mp-1187172,SrHN,Orthorhombic,Pnma,12,train
mp-15896,Cu2SiSe3,Monoclinic,Cc,12,train
mp-22549,SmCoO3,Cubic,Pm-3m,5,train
mp-38117,,,,7,train
mp-23040,Ca2PI,Trigonal,R-3m,4,train
mp-776097,HfO2,Orthorhombic,Pbcn,36,train
mp-30089,CsH3O2,Tetragonal,I4_1/amd,12,train
mp-760778,Li2AgF5,Monoclinic,C2/c,16,train
mp-17297,Na2GeF6,Trigonal,P321,27,train
mp-570354,,,,2,train
mp-1033946,KNaMg14O15,Orthorhombic,Pmm2,31,train
mp-17240,RbNa3Li12(SiO4)4,Tetragonal,I4/m,36,train
mp-14289,Ba3P4,Orthorhombic,Fdd2,14,train
mp-1518293,BaSrDyNbO6,Orthorhombic,P222,40,train
mp-12984,TbCuSe2,Monoclinic,P2_1/c,16,train
mp-557227,KCa12Si4S2O26F,Trigonal,R-3m,46,train
mp-1111489,K3InF6,Cubic,Fm-3m,10,train
mp-1113076,Cs3ScI6,Cubic,Fm-3m,10,train
mp-29868,LiAuC2,Hexagonal,P-6m2,4,train
mp-769610,Ca5Ta4O15,Trigonal,P-3c1,48,train
mp-1100438,LiScSn,Cubic,F-43m,3,train
mp-3881,BaZnF4,Orthorhombic,Cmc2_1,12,train
mp-1410915,Mg2SnN2,Monoclinic,C2,10,train
mp-23969,ZnH2SeO5,Monoclinic,C2/c,18,train
mp-1227203,Ca5As3ClO12,Hexagonal,P6_3,42,train
mp-1520157,KLaTiSnO6,Cubic,F-43m,10,train
mp-1120768,CsPbI3,Orthorhombic,Pnma,20,train
mp-561827,,,,10,train
mp-12418,SrCaGe,Orthorhombic,Pnma,12,train
mp-1517370,BaNaTbWO6,Cubic,F-43m,10,train
mp-1100420,NaCaSb,Cubic,F-43m,3,train
mp-1112942,Cs2PrAgI6,Cubic,Fm-3m,10,train
mp-1212010,K2DyF5,Orthorhombic,Pnma,32,train
mp-685097,HfO2,Orthorhombic,Pca2_1,12,train
mp-567789,InI3,Monoclinic,P2_1/c,16,train
mp-24292,Sr2H6Ru,Cubic,Fm-3m,9,train
mp-1207215,Sr2NdNbO6,Cubic,Fm-3m,10,train
mp-558480,K2P2O5F2,Monoclinic,C2/c,22,train
mp-1079772,Ca(InP)2,Hexagonal,P6_3/mmc,10,train
mp-30250,YAgO2,Hexagonal,P6_3/mmc,8,train
mp-675103,Sr6Bi2O11,Tetragonal,P4/nmm,38,train
mp-961675,,,,3,train
mp-1112350,Cs3ScCl6,Cubic,Fm-3m,10,train
mp-37153,,,,8,train
mp-10159,K3Sb,Cubic,Fm-3m,4,train
mp-14091,AlAgSe2,Tetragonal,I-42d,8,train
mp-699284,Li2HN,Orthorhombic,Imma,32,train
mp-16793,Be3Cd4Si3SeO12,Cubic,P-43n,46,train
mp-568333,K2SnBr6,Cubic,Fm-3m,9,train
mp-999471,NaNdSe2,Trigonal,R-3m,4,train
mp-1008492,BrCl,Orthorhombic,Cmcm,4,train
mp-1111770,K2RbAsCl6,Cubic,Fm-3m,10,train
mp-1245627,Y2GaN3,Monoclinic,C2/c,24,train
mp-600078,SiO2,Tetragonal,I4_1/amd,54,train
mp-1217858,TaTiTlO5,Orthorhombic,Pnma,32,train
mp-673303,Nd(HO)3,Hexagonal,P6_3/m,14,train
mp-1077383,CsAuS,Orthorhombic,Cmcm,6,train
mp-23465,Cs2TeCl6,Cubic,Fm-3m,9,train
mp-1228888,AlGaP2,Tetragonal,P-4m2,4,train
mp-1184563,HfBeO3,Cubic,Pm-3m,5,train
mp-13032,MgS,Cubic,F-43m,2,train
mp-1102060,TmH2ClO2,Monoclinic,P2_1/m,12,train
mp-1095180,Ca2CdAs2,Orthorhombic,Cmc2_1,10,train
mp-1178576,AlCoO3,Trigonal,R-3,10,train
mp-989513,,,,10,train
mp-1519420,BaSrPrNbO6,Cubic,F-43m,10,train
mp-22996,SbSeI,Orthorhombic,Pnma,12,train
mp-1114188,Rb2ScInI6,Cubic,Fm-3m,10,train
mp-23259,LiBr,Cubic,Fm-3m,2,train
mp-1234741,MgAs4(PO4)4,Monoclinic,Pm,25,train
mp-629458,BC2N,Orthorhombic,Pmm2,4,train
mp-16988,SrCu2SnS4,Trigonal,P3_121,24,train
mp-865972,KTm2Cu3Se5,Orthorhombic,Cmcm,22,train
mp-22904,CaCl2,Tetragonal,P4_2/mnm,6,train
mp-866850,CaSnS3,Orthorhombic,Cmcm,10,train
mp-1209191,RbPbCl3,Cubic,Pm-3m,5,train
mp-1206097,Ba2ZnMoO6,Cubic,Fm-3m,10,train
mp-1193963,Mg2SiS4,Orthorhombic,Pnma,28,train
mp-1113971,Rb2LiTmCl6,Cubic,Fm-3m,10,train
mp-13800,,,,10,train
mp-1315,MgS,Cubic,Fm-3m,2,train
mp-624,B6As,Trigonal,R-3m,14,train
mp-28302,K4CdP2,Trigonal,R-3m,7,train
mp-1204110,CdPHO3,Trigonal,R-3,36,train
mp-27829,,,,9,train
mp-548615,Ba2ZnWO6,Cubic,Fm-3m,10,train
mp-555286,CsNb(PO4)2,Monoclinic,C2/m,12,train
mp-755895,,,,12,train
mp-1187872,Zn2InGaO5,Hexagonal,P6_3/mmc,18,train
mp-582423,Cs3Cu2Br5,Orthorhombic,Pnma,40,train
mp-9194,SmCuSeO,Tetragonal,P4/nmm,8,train
mp-1006885,KNdS2,Trigonal,R-3m,4,train
mp-557183,KNaZnO2,Monoclinic,C2/c,10,train
mp-560515,K4Ru2Cl10O,Tetragonal,I4/mmm,17,train
mp-6983,,,,12,train
mp-1211631,K3Tb(BO3)2,Orthorhombic,Pnnm,24,train
mp-572283,SiO2,Tetragonal,P4/nbm,48,train
mp-8926,Li3BN2,Tetragonal,P4_2/mnm,12,train
mp-1235552,SrLiAlO3,Tetragonal,I4mm,6,train
mp-8979,TaInO4,Monoclinic,P2/c,12,train
mp-1519157,SrCaLaBiO6,Monoclinic,Pc,20,train
mp-1105973,ScAgSe2,Orthorhombic,P2_12_12_1,16,train
mp-1208058,TlBi3F10,Cubic,Fm-3m,28,train
mp-4627,CoAsS,Orthorhombic,Pca2_1,12,train
mp-1516231,KZrSnSbO6,Cubic,F-43m,10,train
mp-1198660,Y2(MoO4)3,Tetragonal,P-42_1m,34,train
mp-1208832,SmLuSe3,Monoclinic,P2_1/m,20,train
mp-16904,Ba2CdTe3,Orthorhombic,Pnma,24,train
mp-1078696,PbS,Monoclinic,P2_1/m,8,train
mp-1111873,Cs2KSbCl6,Cubic,Fm-3m,10,train
mp-570054,CdI2,Hexagonal,P6_3mc,24,train
mp-23149,K4Al3Si3ClO12,Cubic,P-43n,46,train
mp-1238789,CsPb2I5,Tetragonal,I4/mcm,16,train
mp-755684,SrCa2I6,Tetragonal,P4_2/mnm,18,train
mp-30533,KPt2S3,Trigonal,R-3m,12,train
mp-30847,,,,3,train
mp-983597,Sm3SbO3,Monoclinic,C2/m,14,train
mp-755759,ZrO2,Orthorhombic,Pnma,12,train
mp-1175,SrS3,Orthorhombic,Aea2,8,train
mp-1113577,Cs2AlAgBr6,Cubic,Fm-3m,10,train
mp-859128,Ba2CaI6,Trigonal,P321,27,train
mp-1106363,Ho3Sb4Au3,Cubic,I-43d,20,train
mp-865095,NaGaH8(NF3)2,Cubic,Fm-3m,18,train
mp-558907,CsCu(BiS2)2,Orthorhombic,Cmcm,16,train
mp-2763526,ErScS3,Orthorhombic,Pnma,20,train
mp-690560,TiTlWO5F,Orthorhombic,Ima2,18,train
mp-29750,CsMgBr3,Hexagonal,P6_3/mmc,10,train
mp-759099,Li3Sb(PO4)2,Trigonal,P-3,42,train
mp-554396,Mg2SiO4,Trigonal,P-3m1,14,train
mp-756705,YAlO3,Orthorhombic,Cmcm,30,train
mp-14036,,,,10,train
mp-1224872,GaCuSeS,Orthorhombic,I2_12_12_1,8,train
mp-1223752,K5BrCl4,Trigonal,R-3m,10,train
mp-1211903,K2NdCl5,Orthorhombic,Pnma,32,train
mp-27871,RhBr3,Monoclinic,C2/m,8,train
mp-23949,RbCaH3,Cubic,Pm-3m,5,train
mp-17101,CaNb2O6,Orthorhombic,Pbcn,36,train
mp-16179,SrCu2GeSe4,Orthorhombic,Ama2,16,train
mp-1206067,NdClO2,Monoclinic,P2_1/m,8,train
mp-1218564,Sr4Al6CrO16,Tetragonal,I-4m2,27,train
mp-924130,,,,3,train
mp-561256,Ba2TiOF6,Monoclinic,Cc,20,train
mp-3347005,CaMg(CO3)2,Trigonal,R32,20,train
mp-752525,LiAgF2,Orthorhombic,Cmce,16,train
mp-1009813,,,,2,train
mp-961698,LiZnP,Cubic,F-43m,3,train
mp-989571,Cs2NaInCl6,Cubic,Fm-3m,10,train
mp-540957,,,,9,train
mp-27544,Cs3Bi2Br9,Trigonal,P-3m1,14,train
mp-1021497,Li2SiSnS4,Tetragonal,I-42m,8,train
mp-23054,NaBiO3,Trigonal,R-3,10,train
mp-1226147,Cs2RbSiF7,Orthorhombic,Cmmm,22,train
mp-6226,NaSn4(PO4)3,Trigonal,R3c,40,train
mp-5813,TaNO,Monoclinic,C2/m,12,train
mp-1522537,BaCaLaSbO6,Orthorhombic,Pnnn,40,train
mp-642996,Li4H6Os,Trigonal,R-3c,22,train
mp-1784,CsF,Cubic,Fm-3m,2,train
mp-676250,Bi2Te4Pb,Trigonal,R-3m,7,train
mp-1112159,K2ScCuCl6,Cubic,Fm-3m,10,train
mp-766951,Li3VF8,Monoclinic,C2/m,12,train
mp-552663,LiScAs2O7,Monoclinic,C2,11,train
mp-561710,,,,10,train
mp-1213722,Cs2HoCl5,Orthorhombic,Pnma,32,train
mp-1227477,Ca2LaTaO6,Monoclinic,Pc,20,train
mp-866141,TiFe2Si,Cubic,Fm-3m,4,train
mp-1072114,HoOF,Trigonal,R-3m,6,train
mp-1200659,CeRh2O5,Orthorhombic,Pnma,32,train
mp-1266,Na2Se,Cubic,Fm-3m,3,train
mp-1569,Be2C,Cubic,Fm-3m,3,train
mp-14307,Mg(ScS2)2,Cubic,Fd-3m,14,train
mp-4666,,,,8,train
mp-753741,Li3CuS2,Tetragonal,I4_1/amd,24,train
mp-3996,GaAsO4,Trigonal,P3_121,18,train
mp-3359,,,,7,train
mp-841,Li2O2,Hexagonal,P6_3/mmc,8,train
mp-1221117,NaCaGaSi2O7,Monoclinic,P2_1,24,train
mp-27418,KAuO2,Orthorhombic,Pmmm,4,train
mp-1192524,Na2Th(AsO4)2,Orthorhombic,Fddd,26,train
mp-1190416,Ba3Zn3Te(PO7)2,Trigonal,P321,23,train
mp-1201715,NaZnAsO4,Hexagonal,P6_3,42,train
mp-1101403,Rb3TmO3,Monoclinic,C2/m,14,train
mp-1523293,Ba2SrSeO6,Cubic,Fm-3m,10,train
mp-1104125,Y2CdSe4,Cubic,Fd-3m,14,train
mp-1114121,KRb2TlBr6,Cubic,Fm-3m,10,train
mp-675215,Mg2SiO4,Orthorhombic,P2_12_12_1,28,train
mp-23922,HN,Orthorhombic,Pmna,32,train
mp-1218367,Sr3CaS4,Orthorhombic,Cmmm,8,train
mp-31040,NbCl4,Monoclinic,C2/m,10,train
mp-1208858,Sr2DyBiO6,Monoclinic,P2_1/c,20,train
mp-2047197,RbSnCl3,Trigonal,R3c,10,train
mp-1114153,Rb3InI6,Cubic,Fm-3m,10,train
mp-1034931,SrMg14ZnO16,Tetragonal,P4/mmm,32,train
mp-2695,Sb2Os,Orthorhombic,Pnnm,6,train
mp-752671,Ba2SrI6,Trigonal,P321,27,train
mp-17298,SrTi4(PO4)6,Trigonal,R-3,35,train
mp-1224076,In2AgS3Cl,Trigonal,R-3m,14,train
mp-9362,RbPrS2,Trigonal,R-3m,4,train
mp-1190296,RbMgCO3F,Hexagonal,P-62m,21,train
mp-1113583,Cs2GaAgF6,Cubic,Fm-3m,10,train
mp-1042395,Mg2Ti3O8,Hexagonal,P6_3mc,26,train
mp-3739,NdCuSe2,Monoclinic,P2_1/c,16,train
mp-754768,Tb2Pt2O7,Cubic,Fd-3m,22,train
mp-1520471,BaSrTbSbO6,Cubic,F-43m,10,train
mp-1206682,SmNiBi,Cubic,F-43m,3,train
mp-9228,HgSeO3,Orthorhombic,Pnma,20,train
mp-554155,KSb(PO4)2,Trigonal,R-3,12,train
mp-1223446,KIO3,Trigonal,R3m,5,train
mp-1210992,LiSm(SO4)2,Tetragonal,P-4n2,24,train
mp-27808,Te6Cl2O11,Orthorhombic,Cmcm,38,train
mp-23251,KBr,Cubic,Fm-3m,2,train
mp-559756,PrScO3,Orthorhombic,Pnma,20,train
mp-1075930,LaSm(CoO3)2,Tetragonal,P4/mmm,40,train
mp-8446,K2CuP,Orthorhombic,Cmcm,8,train
mp-558118,BeF2,Hexagonal,P6_222,9,train
mp-769347,MgSO3,Monoclinic,P2_1/c,20,train
mp-1192144,NdBN2,Trigonal,R-3c,24,train
mp-9583,,,,7,train
mp-615141,Pb(ClO2)2,Orthorhombic,Ccce,14,train
mp-23060,Cs2PtI6,Cubic,Fm-3m,9,train
mp-1217782,SrSmScO4,Orthorhombic,Cmc2_1,14,train
mp-755421,Ca6HfO8,Cubic,Fm-3m,15,train
mp-9364,RbSmS2,Trigonal,R-3m,4,train
mp-1208065,TlHg5Br11,Monoclinic,C2/m,17,train
mp-574599,,,,6,train
mp-1188528,NaNbO3,Orthorhombic,Pna2_1,20,train
mp-5046,,,,6,train
mp-1018096,Ba2NF,Trigonal,R-3m,4,train
mp-29910,Sr4I6O,Hexagonal,P6_3mc,22,train
mp-1200784,SnH6Cl2O11,Hexagonal,P6_3,40,train
mp-770738,Na3BSbAsO7,Monoclinic,P2_1/m,26,train
mp-7738,LaSeF,Hexagonal,P6_3/mmc,6,train
mp-28650,CsBr2F,Tetragonal,P4/mmm,4,train
mp-1228710,Ba12Br3Cl2F19,Orthorhombic,Amm2,36,train
mp-1520792,KLaZrTiO6,Cubic,F-43m,10,train
mp-1114118,Rb2NaInI6,Cubic,Fm-3m,10,train
mp-1190586,NaBH4,Cubic,P-43m,24,train
mp-863757,,,,8,train
mp-1204544,InTe2O5F,Orthorhombic,C222_1,36,train
mp-675835,Dy2Zr8O19,Tetragonal,P-4m2,29,train
mp-17825,Sr2SiO4,Orthorhombic,Pnma,28,train
mp-1403610,CaTi2O5,Orthorhombic,Pmmn,16,train
mp-996970,AgBiO2,Monoclinic,C2/m,8,train
aaacyojg,CaMg14CdO16,Orthorhombic,Pmmm,32,train
mp-754936,DyAlO3,Trigonal,R-3c,10,train
mp-644226,BaH2C2O5,Monoclinic,C2/m,20,train
mp-11715,,,,10,train
mp-755004,CsInO2,Hexagonal,P6_3/mmc,8,train
mp-626785,,,,6,train
mp-849223,LiNb(TeO4)3,Monoclinic,P2,17,train
mp-556856,BaCSNCl,Monoclinic,P2_1/m,10,train
mp-6973,CsNaS,Tetragonal,P4/nmm,6,train
mp-165,Si,Hexagonal,P6_3/mmc,4,train
mp-1223145,La4S4Cl2O,Orthorhombic,Cmc2_1,22,train
mp-9281,ZnTe,Hexagonal,P6_422,6,train
mp-1245443,Ca7(ZnN3)2,Monoclinic,C2/m,15,train
mp-561947,CsHgF3,Cubic,Pm-3m,5,train
mp-1102924,NaAlH4,Orthorhombic,Cmc2_1,12,train
mp-1516392,KLaYSbO6,Cubic,F-43m,10,train
mp-21604,Sm3InS6,Orthorhombic,Pnnm,40,train
mp-9386,CsAu3Se2,Trigonal,P-3m1,6,train
mp-22512,Sr2In2O5,Orthorhombic,Ima2,18,train
mp-778194,Ge2N2O,Monoclinic,Cc,10,train
mp-1211736,K2RbPrV2O8,Trigonal,P-3m1,14,train
mp-1095255,Ba3ThSe7,Orthorhombic,Imm2,11,train
mp-1110582,Rb2ScAuF6,Cubic,Fm-3m,10,train
mp-42054,BaLaTaZnO6,Cubic,F-43m,10,train
mp-998604,,,,10,train
mp-1228721,Al4InAgSe8,Monoclinic,C2,14,train
mp-21577,Na3InP2,Monoclinic,P2_1/c,48,train
mp-540729,Cs2KCoF6,Cubic,Fm-3m,10,train
mp-556258,Na3BeAl(SiO4)2,Orthorhombic,P2_12_12,30,train
mp-1205649,LiSc(TlCl3)2,Cubic,Fm-3m,10,train
mp-22304,Cd(InSe2)2,Tetragonal,I-4,7,train
mp-1516589,KLaInSbO6,Cubic,F-43m,10,train
mp-28929,DySI,Orthorhombic,Pmmn,6,train
mp-1178581,Ba4Ti3O10,Orthorhombic,Cmce,34,train
mp-568778,CuTeBr,Orthorhombic,Fddd,24,train
mp-25469,AlCl3,Monoclinic,C2/m,8,train
mp-772264,In2WO6,Orthorhombic,P2_12_12_1,36,train
mp-1009820,SnC,Cubic,F-43m,2,train
mp-696853,CaZnSiH2O5,Monoclinic,Cc,20,train
mp-7392,,,,8,train
mp-865713,Li2TlBi,Cubic,Fm-3m,4,train
mp-1223072,La4BrCl3O4,Tetragonal,P4mm,12,train
mp-4047,Cs2SiF6,Cubic,Fm-3m,9,train
mp-1194540,Rb2Sn3(SbS5)2,Monoclinic,P2_1/c,34,train
mp-3481,KSnAs,Hexagonal,P6_3mc,6,train
mp-6425,Li3In2(PO4)3,Trigonal,R-3,40,train
mp-1201790,CsP7,Orthorhombic,Pbcm,32,train
mp-989541,Rb2NaSbF6,Cubic,Fm-3m,10,train
mp-38162,Sm5CuSe8,Tetragonal,I-4,14,train
mp-22867,RbBr,Cubic,Fm-3m,2,train
mp-556609,KSb(PS3)2,Monoclinic,P2_1,20,train
mp-1029784,Rb2CN2,Monoclinic,C2/m,15,train
mp-754943,ErBiO3,Trigonal,R3c,10,train
mp-1112161,Cs2RbBiI6,Cubic,Fm-3m,10,train
mp-1213812,CeCdO3,Orthorhombic,Pnma,20,train
mp-1110994,Na2LuCuCl6,Cubic,Fm-3m,10,train
mp-997618,,,,2,train
mp-31313,K3PSe4,Orthorhombic,Pnma,32,train
mp-669308,Cs3Tm2I9,Hexagonal,P6_3/mmc,28,train
mp-14587,ZnP4,Tetragonal,P4_12_12,20,train
mp-1112123,Cs2RbNdCl6,Cubic,Fm-3m,10,train
mp-556185,RbNaTiO3,Monoclinic,C2/c,12,train
mp-559154,Ti4Bi2O11,Monoclinic,C2/c,34,train
mp-1190717,MgPH13O9,Trigonal,R3,24,train
mp-769039,Dy2TeO6,Trigonal,P321,27,train
mp-5990,CsLi(B3O5)2,Tetragonal,I-42d,36,train
mp-1095302,BiSe2,Monoclinic,C2/m,12,train
mp-6693,CaZn(SiO3)2,Monoclinic,C2/c,20,train
mp-4534,NaCO2,Monoclinic,P2_1/c,16,train
mp-1196877,BaAl4(SbO6)2,Tetragonal,I4/m,38,train
mp-3481,,,,6,train
mp-555681,La3CuS3O2,Orthorhombic,Pnma,36,train
mp-18605,RbLa(WO4)2,Monoclinic,C2/m,24,train
mp-5282,AgCO2,Monoclinic,P2_1/c,16,train
mp-1213703,Cs3Ca2Cl7,Tetragonal,I4/mmm,12,train
mp-1192119,Mg(BH4)2,Tetragonal,P4_2nm,22,train
mp-23632,Ca2BN2Cl,Orthorhombic,Pnma,24,train
mp-552547,SrBiIO2,Orthorhombic,Cmcm,10,train
mp-755534,Mg3WO6,Monoclinic,P2_1/c,20,train
mp-18043,Sr6YSc(BO3)6,Trigonal,R-3,32,train
mp-753785,NbOF3,Tetragonal,P4_2/mnm,20,train
mp-1189451,BeCN2,Orthorhombic,Pna2_1,16,train
mp-3042,,,,9,train
mp-21452,Pb3O4,Orthorhombic,Pbam,28,train
mp-3312,Cs(SbSe2)2,Triclinic,P-1,14,train
mp-30988,,,,8,train
mp-754140,CaSeO3,Orthorhombic,Pnma,20,train
mp-1113560,Rb2ScCuCl6,Cubic,Fm-3m,10,train
mp-770419,Sr2Zr7O16,Trigonal,R-3,25,train
mp-558807,ZnAgPS4,Orthorhombic,Pna2_1,28,train
mp-2647075,HfAl2O5,Orthorhombic,Cmcm,16,train
mp-1189283,Rb2Zn3S4,Orthorhombic,Ibam,18,train
mp-2229435,MgTe3WO12,Monoclinic,P2,17,train
mp-13196,SmSbO4,Monoclinic,P2_1/c,24,train
mp-1190649,MgO,Monoclinic,Cm,24,train
mp-626411,In(HO)3,Trigonal,R-3,28,train
mp-1034935,BaMg14ZnO16,Tetragonal,P4/mmm,32,train
mp-697263,LiAsH2OF6,Orthorhombic,Imma,22,train
mp-625521,H3BrO,Trigonal,R3m,5,train
mp-1523059,KPrNbInO6,Cubic,F-43m,10,train
mp-772186,Tm(ClO4)3,Trigonal,R3c,32,train
mp-997002,KAuO2,Orthorhombic,Cmcm,8,train
mp-555487,SnO2,Orthorhombic,Pbcn,36,train
mp-1096838,Ba(AgO)2,Tetragonal,I4_1/amd,10,train
mp-1193319,Rb3SbS3,Cubic,P2_13,28,train
mp-29585,K4CdAs2,Trigonal,R-3m,7,train
mp-1220047,Pr2Si2PbSe8,Monoclinic,Cc,26,train
mp-570485,,,,4,train
mp-422,BeS,Cubic,F-43m,2,train
mp-12245,Rb3TiF7,Tetragonal,P4/mbm,22,train
mp-4586,,,,8,train
mp-1191141,SrLi2SiO4,Trigonal,P3_121,24,train
mp-1224373,GeTePt,Cubic,P2_13,12,train
mp-1192534,MgVAgO4,Orthorhombic,Pnma,28,train
mp-10390,Ta2O5,Monoclinic,C2/c,14,train
mp-555237,PrSClO4,Monoclinic,P2_1/c,28,train
mp-11327,Rb2Se,Cubic,Fm-3m,3,train
mp-3668,,,,8,train
mp-7191,Sr3GaN3,Hexagonal,P6_3/m,14,train
mp-1110672,K2RbPrF6,Cubic,Fm-3m,10,train
mp-1217830,TaTlWO6,Orthorhombic,Ima2,18,train
mp-1100440,NaScSn,Cubic,F-43m,3,train
mp-149,Si,Cubic,Fd-3m,2,train
mp-1245769,V(PbN)3,Hexagonal,P6_3/m,14,train
mp-1110744,Rb2LiYI6,Cubic,Fm-3m,10,train
mp-18253,SrGa4O7,Monoclinic,C2/c,24,train
mp-6983,NaAgO,Tetragonal,I4/mmm,12,train
mp-1516386,KCaBiWO6,Cubic,F-43m,10,train
mp-8311,Si3NiP4,Tetragonal,I-42m,8,train
mp-1189879,CdCu2SiSe4,Orthorhombic,Pmn2_1,16,train
mp-29080,Na3YBr6,Monoclinic,P2_1/c,20,train
mp-866580,Ca2SnS4,Hexagonal,P-62m,21,train
mp-1087532,CsLuS2,Hexagonal,P6_3/mmc,8,train
mp-1228703,BSbPbS4,Monoclinic,P2_1,14,train
mp-7738,,,,6,train
mp-1346,B6O,Trigonal,R-3m,14,train
mp-1104693,LiCa2HC3,Tetragonal,P4/mbm,14,train
mp-40793,Si3N4,Hexagonal,P6_3/mmc,14,train
mp-8255,CaPtF6,Trigonal,R-3,8,train
mp-1206863,CsCaCl3,Tetragonal,I4/mcm,10,train
mp-1111385,K2RbCoF6,Cubic,Fm-3m,10,train
mp-22994,LiIO3,Orthorhombic,Pna2_1,20,train
mp-7607,TiHgO3,Trigonal,R-3c,10,train
mp-1095292,GeF2,Orthorhombic,Pnma,12,train
mp-556953,RbPS3,Orthorhombic,Immm,10,train
mp-1214050,Ca4ErB3O10,Monoclinic,Cm,18,train
mp-976401,Ge3Rh2Se3,Trigonal,R-3,32,train
mp-1522351,KSrLaWO6,Tetragonal,P4_2/nnm,40,train
mp-1226809,CdHOF,Orthorhombic,Pmn2_1,8,train
mp-6250,BaTm2ZnO5,Orthorhombic,Pnma,36,train
mp-758070,LiCu2PO4,Tetragonal,I-42m,8,train
mp-422,BeS,Cubic,F-43m,2,train
mp-756096,Hf2N2O,Monoclinic,C2,20,train
mp-1111525,Na2ScAgCl6,Cubic,Fm-3m,10,train
mp-1232100,Nd2MgSe4,Orthorhombic,Pnma,28,train
mp-1029832,Ca2NbN3,Orthorhombic,Cmce,24,train
mp-1209214,RbHg5Cl11,Monoclinic,C2/m,17,train
mp-27827,,,,9,train
mp-775149,Ti(SO4)2,Trigonal,R3,33,train
mp-1209477,Rb2Li4UO6,Trigonal,P-3m1,13,train
mp-756245,BaYI5,Monoclinic,C2/c,14,train
mp-1033981,KLaMg14O16,Tetragonal,P4/mmm,32,train
mp-1220903,NaTi2BiO6,Tetragonal,P4mm,10,train
mp-11012,Sr(BS2)2,Trigonal,R-3,21,train
mp-760582,Li2AgF3,Monoclinic,C2/m,12,train
mp-673245,CuI,Cubic,F-43m,8,train
mp-1222661,Li2MgCdP2,Tetragonal,P-4m2,6,train
mp-1105765,NaNbO3,Orthorhombic,Pnma,20,train
mp-1114178,KRb2InI6,Cubic,Fm-3m,10,train
mp-1520991,BaSrPrVO6,Cubic,F-43m,10,train
mp-1009088,,,,8,train
mp-14485,LaTa7O19,Hexagonal,P-6c2,54,train
mp-10401,Tl2SnF6,Trigonal,P-3m1,9,train
mp-8882,GaP,Hexagonal,P6_3mc,4,train
mp-643066,ZnH2SO5,Monoclinic,C2/c,18,train
mp-1112056,K2YAuI6,Cubic,Fm-3m,10,train
mp-504838,CsPS3,Orthorhombic,Immm,10,train
mp-1219791,PrZrNO2,Monoclinic,P2_1/c,20,train
mp-7575,,,,3,train
mp-616572,Li2P2PdO7,Orthorhombic,Imma,24,train
mp-1111046,Rb2TaAuF6,Cubic,Fm-3m,10,train
mp-756978,Ba3(ClO)2,Orthorhombic,Pnma,28,train
mp-1208879,SnIBr,Orthorhombic,Pnma,12,train
mp-772400,Li2W(OF2)2,Orthorhombic,Pbcn,36,train
mp-7611,Li2CaGeO4,Tetragonal,I-42m,8,train
mp-672289,Ge3N4,Trigonal,P31c,28,train
mp-1189817,CsNaC2,Orthorhombic,Pbcm,16,train
mp-18642,Ca(YS2)2,Orthorhombic,Pnma,28,train
mp-643573,Mg3MnH7,Hexagonal,P6_3/mmc,22,train
mp-643264,BaMg2FeH8,Trigonal,P-3m1,12,train
mp-554412,,,,12,train
mp-1044205,CaMo2(PO5)2,Orthorhombic,Fddd,30,train
mp-1077904,CdPb2(ClO)2,Monoclinic,C2/m,7,train
mp-18440,Rb7NbAs4,Orthorhombic,Pmn2_1,24,train
mp-560937,Na3Si3SnO9F,Monoclinic,C2/m,34,train
mp-1212835,DyGa3(BO3)4,Trigonal,R32,20,train
mp-1227986,BaAl2(SiO4)2,Trigonal,P-3m1,13,train
mp-17172,Tl2TeS3,Orthorhombic,Pnma,24,train
mp-1079647,BaAgSeF,Tetragonal,P4/nmm,8,train
mp-1229065,AlCuSeS,Orthorhombic,I2_12_12_1,8,train
mp-770799,Li5NbO5,Monoclinic,C2/c,22,train
mp-10461,NaSr3SbO6,Trigonal,R-3c,22,train
mp-505825,Cs2PtC2,Trigonal,P-3m1,5,train
mp-2530,Li2Te,Cubic,Fm-3m,3,train
mp-1209889,NdHfF7,Monoclinic,P2_1,18,train
mp-32616,Ga2S3,Monoclinic,Cc,10,train
mp-766506,Li3CuS2,Cubic,Ia-3,48,train
mp-568968,,,,8,train
mp-1193122,Li3V(H6O5)2,Trigonal,R3,26,train
mp-6500,KRb2ScF6,Monoclinic,P2_1/c,20,train
mp-1516381,KNdHfSnO6,Cubic,F-43m,10,train
mp-1521021,KNdHfZrO6,Cubic,F-43m,10,train
mp-19105,Na3MoNO3,Orthorhombic,Pmn2_1,16,train
mp-24411,K2LiAlH6,Cubic,Fm-3m,10,train
mp-754710,Sr2CaI6,Trigonal,P-31m,9,train
mp-27849,TiBrN,Orthorhombic,Pmmn,6,train
mp-1111474,Na2LiTlCl6,Cubic,Fm-3m,10,train
mp-1201566,Tl3AsSe4,Orthorhombic,Pnma,32,train
mp-989513,SrWN3,Monoclinic,C2/m,10,train
mp-1112759,Cs2KInCl6,Cubic,Fm-3m,10,train
mp-37520,Ca(PrTe2)2,Tetragonal,I-42d,14,train
mp-1195508,Ba3TaN3Cl2,Hexagonal,P6_3cm,54,train
mp-1209091,RbTb3F10,Cubic,Fm-3m,28,train
mp-14038,,,,10,train
mp-630773,CdInGaS4,Trigonal,P-3m1,14,train
mp-27300,RbAuBr3,Monoclinic,C2/m,10,train
mp-1112015,K2ScInBr6,Cubic,Fm-3m,10,train
mp-23138,SbPbClO2,Orthorhombic,Cmcm,10,train
mp-5072,,,,5,train
mp-2064,RbF,Cubic,Pm-3m,2,train
mp-17765,Ta2ZnO6,Orthorhombic,Pbcn,36,train
mp-753401,Sc2TiO5,Orthorhombic,Cmc2_1,16,train
mp-696155,Na4P2H4CO9,Tetragonal,P-4,40,train
mp-24121,Tb(HO)3,Hexagonal,P6_3/m,14,train
mp-1210350,Na3TbV2O8,Trigonal,P-3m1,14,train
mp-546973,SrSnO3,Cubic,Pm-3m,5,train
mp-567365,Kr,Hexagonal,P6_3/mmc,2,train
mp-2911857,KPr5(CCl5)2,Hexagonal,P6_3,36,train
mp-557232,KSmPdO3,Monoclinic,C2/m,12,train
mp-1202709,K2SnH2Cl4O,Orthorhombic,Pnma,40,train
mp-3962,LaPO4,Monoclinic,P2_1/c,24,train
mp-1110913,K2PrAgCl6,Cubic,Fm-3m,10,train
mp-6434,RbAlSiO4,Orthorhombic,Pna2_1,28,train
mp-1178120,LaTiNO2,Orthorhombic,Pmma,10,train
mp-15802,Tm2MgSe4,Cubic,Fd-3m,14,train
mp-1401498,Mg2Sn3O8,Monoclinic,C2/m,13,train
mp-1111272,Na2CuSbF6,Cubic,Fm-3m,10,train
mp-1233759,Ca(SiO2)5,Tetragonal,P-4m2,16,train
mp-775910,ZrO2,Tetragonal,P4/n,30,train
mp-755138,NdInO3,Orthorhombic,Pnma,20,train
mp-1215671,Zn4Si2H2O9,Monoclinic,Cm,17,train
mp-13630,Rb3NaBe2F8,Trigonal,P-3m1,14,train
mp-1208670,SrLaCuSe3,Orthorhombic,Pnma,24,train
mp-29738,TlClO3,Trigonal,R3m,5,train
mp-1112513,Cs2RbSbF6,Cubic,Fm-3m,10,train
mp-1516583,KSrYWO6,Cubic,F-43m,10,train
mp-1211283,Li(BH)4,Tetragonal,I-42m,18,train
mp-1111833,Cs2LiYBr6,Cubic,Fm-3m,10,train
mp-1183007,AlF3,Trigonal,R-3c,8,train
mp-1213969,CaHfTlF7,Orthorhombic,Cmcm,20,train
mp-551835,,,,10,train
mp-567259,CdI2,Trigonal,P-3m1,3,train
mp-861866,KNdGeS4,Monoclinic,P2_1,14,train
mp-1190952,TbPS,Orthorhombic,Pnma,24,train
mp-7781,CaZrS3,Orthorhombic,Pnma,20,train
mp-567359,CdI2,Trigonal,P-3m1,15,train
mp-37478,La5AgS8,Tetragonal,I-4,14,train
mp-3346405,Ca3Mg(CO3)4,Trigonal,R-3,20,train
mp-1182923,Al2O3,Monoclinic,C2/c,10,train
mp-1078836,KI,Hexagonal,P6_3/mmc,4,train
mp-1110881,K3PrCl6,Cubic,Fm-3m,10,train
mp-863658,PmCl3,Hexagonal,P6_3/mmc,8,train
mp-1190767,PrF3,Hexagonal,P6_3/mcm,24,train
mp-9778,,,,8,train
mp-1197323,CaZrAl9BO18,Hexagonal,P6_3/m,60,train
mp-30953,GaBr3,Monoclinic,P2_1/c,16,train
mp-23861,BaHCl,Tetragonal,P4/nmm,6,train
mp-1216225,Y(CuTe)3,Trigonal,R-3,14,train
mp-8407,,,,6,train
mp-1516294,BaSrZrSnO6,Cubic,F-43m,10,train
mp-1223157,La6Cd(SiS7)2,Trigonal,P3,23,train
mp-1114071,Rb2InBiCl6,Cubic,Fm-3m,10,train
mp-14039,,,,10,train
mp-1196983,Ba2Y3Si2O8F5,Orthorhombic,Pba2,40,train
mp-1112997,Cs2NaAlCl6,Cubic,Fm-3m,10,train
mp-1189516,Na3ScCl6,Monoclinic,P2_1/c,20,train
mp-1518709,KSrBiWO6,Cubic,F-43m,10,train
mp-1212930,ErTiClO3,Monoclinic,C2/m,12,train
mp-23966,MgH2SeO5,Monoclinic,C2/c,18,train
mp-14368,SbAsO5,Orthorhombic,P2_12_12_1,28,train
mp-7667,K2S3,Orthorhombic,Cmc2_1,10,train
mp-1216554,Tm2TeS2,Orthorhombic,Immm,5,train
mp-6560,,,,10,train
mp-1247828,AlOF,Orthorhombic,Pnma,36,train
mp-556843,NdAsO4,Monoclinic,P2_1/c,24,train
mp-2341,Li3N,Hexagonal,P6_3/mmc,8,train
mp-998592,RbCaI3,Orthorhombic,Pnma,20,train
mp-974682,RbGaH2,Orthorhombic,Pnma,16,train
mp-568987,Na2BeH4,Monoclinic,P2_1/m,14,train
mp-1212046,K2HoCl5,Orthorhombic,Pnma,32,train
mp-1113148,Cs2BiAuF6,Cubic,Fm-3m,10,train
mp-14676,NdTa7O19,Hexagonal,P-6c2,54,train
mp-1190968,Y3TaO7,Orthorhombic,Cmcm,22,train
mp-10814,SrLiBO3,Monoclinic,P2_1/c,24,train
mp-13099,YN,Cubic,F-43m,2,train
mp-1190417,YV(SeO4)2,Orthorhombic,Aem2,24,train
mp-1517057,KSrSmWO6,Cubic,F-43m,10,train
mp-560791,,,,12,train
mp-8176,RbTlO2,Trigonal,R-3m,4,train
mp-10086,,,,6,train
mp-1105854,CsAu(IO3)4,Monoclinic,C2,18,train
mp-31243,BaAs2,Monoclinic,Pc,18,train
mp-13676,TlPO4,Orthorhombic,Cmcm,12,train
mp-1521115,BaSrCeZrO6,Cubic,F-43m,10,train
mp-30119,Cs3AsO4,Orthorhombic,Pnma,32,train
mp-6442,LiAl(Si2O5)2,Monoclinic,P2/c,32,train
mp-642740,CsLi(H2N)2,Hexagonal,P6_222,24,train
mp-27456,BaBr2,Orthorhombic,Pnma,12,train
mp-1225331,Dy4CdSe7,Monoclinic,Cm,12,train
mp-558159,BaTi2O5,Orthorhombic,Pnma,32,train
mp-559521,InBi2S4Cl,Monoclinic,C2/m,8,train
mp-1206552,BaBiBrO2,Orthorhombic,Cmcm,10,train
mp-4555,,,,9,train
mp-753821,Pr3GaO6,Orthorhombic,Cmc2_1,20,train
mp-23162,ZrCl2,Trigonal,R3m,3,train
mp-2286,Li2Se,Cubic,Fm-3m,3,train
mp-1245388,Ca7HfN6,Orthorhombic,Ibam,28,train
mp-30274,AcBrO,Tetragonal,P4/nmm,6,train
mp-3772,Cd(GaSe2)2,Tetragonal,I-4,7,train
mp-1111410,Na2TiHgF6,Cubic,Fm-3m,10,train
mp-27399,SbBr3,Orthorhombic,Pnma,16,train
mp-1213076,CsLu(MoO4)2,Trigonal,P-3m1,12,train
mp-1219606,RbSbMoO6,Orthorhombic,Ima2,18,train
mp-23612,K3B6BrO10,Trigonal,R3m,20,train
mp-1517759,KPrYNbO6,Cubic,F-43m,10,train
mp-1518368,Ba2CeHfO6,Cubic,Fm-3m,10,train
mp-15733,CaTaAlO5,Monoclinic,C2/c,16,train
mp-997006,AgPtO2,Monoclinic,P2/m,8,train
mp-1221385,Na2BrCl,Trigonal,R-3m,4,train
mp-30041,RbBiS2,Trigonal,R-3m,4,train
mp-6368,CsSO2F,Orthorhombic,Pnma,20,train
mp-725059,Ca(IO2)2,Monoclinic,P2_1/c,14,train
mp-1220708,NaHoF4,Tetragonal,P4/mmm,6,train
mp-36508,,,,8,train
mp-559155,LiMg4V3O12,Tetragonal,I-42d,40,train
mp-541696,Cs2TlCl5,Orthorhombic,Pnma,32,train
mp-557540,Rb2AgSbS4,Monoclinic,P2_1/c,32,train
mp-1016825,HfMgO3,Cubic,Pm-3m,5,train
mp-752691,Sr3Hf2O7,Orthorhombic,Ccce,24,train
mp-1245571,KPbN,Trigonal,P3m1,3,train
mp-1219527,Sc(CuSe)3,Trigonal,R-3,14,train
mp-2125,TeO2,Orthorhombic,Pbca,24,train
mp-1227965,BaBiClO2,Tetragonal,I4mm,5,train
mp-754409,HoBO3,Trigonal,R-3c,10,train
mp-23399,Rb2AgI3,Orthorhombic,Pnma,24,train
mp-770756,Li3SiSnBO7,Monoclinic,P2_1/m,26,train
mp-13312,ScTlS2,Hexagonal,P6_3/mmc,8,train
mp-1106359,Li5Cl3O,Tetragonal,I4/mcm,18,train
mp-540996,NdGeBO5,Monoclinic,P2_1/c,32,train
mp-1219860,Pr6Cd(SiS7)2,Trigonal,P3,23,train
mp-1111737,Na2LiYBr6,Cubic,Fm-3m,10,train
mp-1203298,Ba2InSbTe5,Orthorhombic,Pnma,36,train
mp-643364,HPbClO,Monoclinic,C2/m,8,train
mp-17324,ZrSnS3,Orthorhombic,Pnma,20,train
mp-1113039,Cs2KNdI6,Cubic,Fm-3m,10,train
mp-697451,ZnP2(HO)4,Orthorhombic,Pmma,22,train
mp-8977,Ca2PN3,Orthorhombic,Cmce,24,train
mp-568949,TlBr,Orthorhombic,Cmcm,4,train
mp-1112923,Cs2ScAuI6,Cubic,Fm-3m,10,train
mp-28171,K3IO,Cubic,Pm-3m,5,train
mp-625541,Sn3(HO2)2,Tetragonal,P-42_1c,36,train
mp-18672,CsDy2Cu3Se5,Orthorhombic,Cmcm,22,train
mp-997630,ZnO,Hexagonal,P6_3/mmc,24,train
mp-10392,Sr3CdPtO6,Trigonal,R-3c,22,train
mp-1184118,Cs3CdH5,Tetragonal,I4/mcm,18,train
mp-1221971,MgZn3S4,Monoclinic,Pm,8,train
mp-935811,KNbO3,Cubic,Pm-3m,5,train
mp-1220894,NaSr2NdTi4O12,Tetragonal,P-42m,20,train
mp-769294,Rb8SnO6,Hexagonal,P6_3cm,30,train
mp-866637,KPPdS4,Tetragonal,P4_2/mnm,28,train
mp-1223502,KBa2V2ClO7,Hexagonal,P6_3mc,26,train
mp-1105711,MgBr2O,Orthorhombic,Pnma,16,train
mp-557832,K2Cd(AuS)4,Orthorhombic,Ibam,22,train
mp-1519887,SrPrDyNiO6,Cubic,F-43m,10,train
mp-1189194,NaNbO3,Orthorhombic,Pnma,20,train
mp-38125,Sm2CdSe4,Tetragonal,I-42d,14,train
mp-1063670,PbSe,Orthorhombic,Cmcm,4,train
mp-10533,YCuS2,Orthorhombic,Pnma,16,train
mp-706983,K3HPtS2(ClO3)2,Orthorhombic,Cmc2_1,30,train
mp-27138,,,,7,train
mp-29761,UCO5,Orthorhombic,Imm2,7,train
mp-35417,Li3TaO4,Tetragonal,I4/mmm,8,train
mp-634418,NaCaSiHO4,Monoclinic,P2_1,16,train
mp-1554,KTe,Hexagonal,P-62m,12,train
mp-697038,,,,9,train
mp-541272,LiGe2(PO4)3,Trigonal,R-3c,36,train
mp-755716,HoHO2,Hexagonal,P6_3/mmc,8,train
mp-760580,Li2AgF3,Monoclinic,C2/c,12,train
mp-771025,Na2SiBSbO7,Monoclinic,P2_1/m,24,train
mp-684690,,,,10,train
mp-14232,LiBO2,Tetragonal,I-42d,8,train
mp-1111620,Rb2ScAuCl6,Cubic,Fm-3m,10,train
mp-1522607,Ba2SrCrO6,Cubic,Pn-3,40,train
mp-29983,Cs6Cl4O,Trigonal,R-3c,22,train
mp-1223094,La3YTi4O14,Trigonal,R-3m,22,train
mp-863251,,,,4,train
mp-555050,BaNb2O6,Orthorhombic,C222_1,36,train
mp-1374018,Ca3Sn2O7,Orthorhombic,Cmc2_1,24,train
mp-8257,Na2ZnS2,Orthorhombic,Ibam,10,train
mp-1232111,Sm2MgS4,Cubic,Fd-3m,14,train
mp-10429,LaYO3,Orthorhombic,Pnma,20,train
mp-16947,LiAlGeO4,Trigonal,R-3,42,train
mp-1520614,KBaBiWO6,Cubic,F-43m,10,train
mp-34459,Ba(NdS2)2,Tetragonal,I-42d,14,train
mp-1218647,Sr4Nb2O9,Orthorhombic,Immm,30,train
mp-18993,LuVO4,Tetragonal,I4_1/amd,12,train
mp-1270,Dy2S3,Orthorhombic,Pnma,20,train
mp-1009087,,,,8,train
mp-1110929,K3AsBr6,Cubic,Fm-3m,10,train
mp-1520391,BaCaDyBiO6,Cubic,F-43m,10,train
mp-1217522,TbTaTiO6,Orthorhombic,Pna2_1,36,train
mp-1114023,Rb2NaDyCl6,Cubic,Fm-3m,10,train
mp-559594,LaGaSe2O,Orthorhombic,Pca2_1,20,train
mp-779546,Cs3DyO3,Monoclinic,C2/m,14,train
mp-1266,Na2Se,Cubic,Fm-3m,3,train
mp-1113733,Rb2LiInF6,Cubic,Fm-3m,10,train
mp-555586,LuPO4,Tetragonal,I4_1/a,12,train
mp-1222404,LiBiS2,Trigonal,R-3m,4,train
mp-757911,MgAl10O16,Trigonal,R3m,27,train
mp-29297,Cd3(ClO)2,Monoclinic,P2_1/c,14,train
mp-754825,NaTmO2,Trigonal,R-3m,4,train
mp-1225841,CsUSbO6,Orthorhombic,Imma,18,train
mp-1112510,Cs2RbTlI6,Cubic,Fm-3m,10,train
mp-558125,BaTiO3,Orthorhombic,C222_1,30,train
mp-696746,B4C,Trigonal,R-3m,15,train
mp-10336,,,,12,train
mp-1228054,Ba3SrMg2(TeO6)2,Trigonal,R3m,20,train
mp-8560,SF6,Cubic,Im-3m,7,train
mp-1047169,AlAg(WO4)2,Triclinic,P-1,12,train
mp-1194183,Ca2SiSe4,Orthorhombic,Pnma,28,train
mp-9697,Cs6GaSb3,Monoclinic,P2_1/m,20,train
mp-1214049,Ca3BCBr2N,Orthorhombic,Pnma,32,train
mp-1110789,Rb2NdAgF6,Cubic,Fm-3m,10,train
mp-997036,,,,8,train
mp-1519033,Sr2CeSnO6,Cubic,Fm-3m,10,train
mp-4124,,,,4,train
mp-8804,Li6MoN4,Tetragonal,P4_2/nmc,22,train
mp-559347,SiO2,Tetragonal,P4_2/nbc,48,train
mp-24239,K(BH)6,Cubic,Fm-3,26,train
mp-1110608,Rb2InAgF6,Cubic,Fm-3m,10,train
mp-1185263,LiPaO3,Cubic,Pm-3m,5,train
mp-23263,LaBr3,Hexagonal,P6_3/m,8,train
mp-1226455,Cs2GeB4O9,Monoclinic,C2,16,train
mp-768348,Sm(ClO4)3,Trigonal,R3c,32,train
mp-1191223,SnSb4S7,Monoclinic,P2_1/m,24,train
mp-1113503,Na3NdCl6,Cubic,Fm-3m,10,train
mp-21405,InSe,Monoclinic,C2/m,4,train
mp-4586,LiAlTe2,Tetragonal,I-42d,8,train
mp-9574,NaBeSb,Hexagonal,P6_3/mmc,6,train
mp-2352,,,,3,train
mp-4287,Sr2SnO4,Tetragonal,P4_2/ncm,28,train
mp-9657,,,,10,train
mp-1211533,K2YCl5,Orthorhombic,Pnma,32,train
mp-1189341,HfTl2PbSe4,Monoclinic,C2/c,16,train
mp-1079248,K3NaH4,Cubic,Pm-3m,8,train
mp-1110976,Cs2LiBiF6,Cubic,Fm-3m,10,train
mp-978093,Ho2S3,Trigonal,R-3c,10,train
mp-1114009,Rb2TlAsCl6,Cubic,Fm-3m,10,train
mp-556525,BaNd2PtO5,Tetragonal,P4/mbm,18,train
mp-752437,SmInO3,Orthorhombic,Pnma,20,train
mp-1219254,ScInP2,Tetragonal,P-4m2,4,train
mp-996962,LiAgO2,Monoclinic,P2_1/c,8,train
mp-996965,AgBiO2,Hexagonal,P6_3/mmc,8,train
mp-1112120,Cs2RbScCl6,Cubic,Fm-3m,10,train
mp-1220489,NbSb3O8,Monoclinic,Pc,24,train
mp-504751,AsHPbO4,Monoclinic,P2/c,14,train
mp-1183211,BSbO3,Cubic,Pm-3m,5,train
mp-989594,Cs2NaGaH6,Cubic,Fm-3m,10,train
mp-1178178,HoTmO3,Orthorhombic,Pnma,20,train
mp-555320,Li4CO4,Orthorhombic,Cmc2_1,18,train
mp-558332,K5Au(IO)2,Orthorhombic,Pbam,20,train
mp-3904,Mg2GeO4,Cubic,Fd-3m,14,train
mp-674341,Sc3TaO7,Orthorhombic,Cmme,22,train
mp-6694,Cs2Zr(SiO3)3,Hexagonal,P6_3/m,30,train
mp-998569,InGeCl3,Trigonal,R3c,10,train
mp-1228386,Ba2CeZrO6,Tetragonal,P4/mmm,10,train
mp-754933,SmTlO2,Trigonal,R-3m,4,train
mp-989532,Rb2TlInF6,Cubic,Fm-3m,10,train
mp-6980,ScCuS2,Trigonal,P3m1,4,train
mp-1219458,SbTeRh,Cubic,P2_13,12,train
mp-2240528,Ba2DyMgSbO6,Monoclinic,Cm,11,train
mp-5416,Na2SeO3,Monoclinic,P2_1/c,24,train
mp-7394,,,,8,train
mp-757149,Sr2Hf7O16,Trigonal,R-3,25,train
mp-554903,TbSeClO3,Orthorhombic,Pnma,24,train
mp-38418,Tm2Ti2O7,Cubic,Fd-3m,22,train
mp-23667,RbP(HO2)2,Orthorhombic,Fdd2,16,train
mp-1598,,,,8,train
mp-1112853,Cs2KSbBr6,Cubic,Fm-3m,10,train
mp-18100,Na6Ge2Se7,Monoclinic,C2/c,30,train
mp-3252,SrTe3O8,Tetragonal,P4_2/m,24,train
mp-1112362,Cs3PrCl6,Cubic,Fm-3m,10,train
mp-28223,LaSe2,Monoclinic,P2_1/c,12,train
mp-23127,Ba2BiSbO6,Monoclinic,C2/m,10,train
mp-1226191,Cs2Ge(TeO4)3,Trigonal,R-3m,18,train
mp-2659898,LiBH4,Hexagonal,P6_3mc,12,train
mp-754555,HoTlO2,Trigonal,R-3m,4,train
mp-545399,NaNiIO6,Trigonal,P312,9,train
mp-755352,Li2HfO3,Monoclinic,C2/c,12,train
mp-1111536,Na2CuSbCl6,Cubic,Fm-3m,10,train
mp-1221210,Na4Al3Si3ClO12,Monoclinic,C2,23,train
mp-8989,Na2P2PdO7,Monoclinic,C2/c,24,train
mp-555166,BaAg2SnS4,Orthorhombic,I222,8,train
mp-1218560,Sr3PbS4,Orthorhombic,Pmmm,8,train
mp-1253,,,,2,train
mp-22888,CaBr2,Orthorhombic,Pnnm,6,train
mp-23818,BaLiH3,Cubic,Pm-3m,5,train
mp-9986,CsAuO,Tetragonal,I4/mmm,12,train
mp-1960,Li2O,Cubic,Fm-3m,3,train
mp-1216608,Tl5BrCl4,Orthorhombic,Cmmm,10,train
mp-12535,,,,10,train
mp-1227710,BaSr4Ti5O15,Tetragonal,P4/mmm,25,train
mp-1194203,Sr2SnO4,Tetragonal,P4_2/ncm,28,train
mp-1189102,Sr2LaSbO6,Monoclinic,P2_1/c,20,train
mp-7651,ThSiO4,Monoclinic,P2_1/c,24,train
mp-1047480,Ca(AgO2)2,Orthorhombic,Pbcm,28,train
mp-29168,Rb3BiSe3,Cubic,P2_13,28,train
mp-1212974,ErSI,Hexagonal,P-6m2,3,train
mp-1013550,Ca3SbP,Cubic,Pm-3m,5,train
mp-1018049,LaN,Tetragonal,P4/nmm,4,train
mp-1034014,KLiMg14O15,Orthorhombic,Pmm2,31,train
mp-755558,BaLa2O4,Cubic,Fd-3m,14,train
mp-669495,Nd14Cl32O,Trigonal,R-3,47,train
mp-3211,Nd2SO2,Trigonal,P-3m1,5,train
mp-961648,KBaP,Cubic,F-43m,3,train
mp-768139,Li8Sb2S,Monoclinic,C2/c,22,train
mp-1207386,ZrNF,Monoclinic,P2_1/c,12,train
mp-567014,Rb2Te(WO4)3,Hexagonal,P6_3mc,36,train
mp-542642,KSbSe2,Triclinic,P-1,16,train
mp-1220556,NbBr3O,Monoclinic,P2_1/c,20,train
mp-754262,Zn2As2O7,Monoclinic,C2/m,11,train
mp-27829,Rb2SeCl6,Cubic,Fm-3m,9,train
mp-643243,Cs2H6Pt,Cubic,Fm-3m,9,train
mp-777843,Ge2N2O,Trigonal,P-3m1,40,train
mp-10785,RbLuSe2,Trigonal,R-3m,4,train
mp-1226118,Cs4BiSbCl12,Tetragonal,P4/mmm,18,train
mp-29047,Tl3VO4,Orthorhombic,Imm2,8,train
mp-1114008,Rb2AlTlCl6,Cubic,Fm-3m,10,train
mp-1105647,Te6IrCl3,Trigonal,R-3c,20,train
mp-4426,Li4SeO5,Monoclinic,C2/c,20,train
mp-1112256,K2ScAuF6,Cubic,Fm-3m,10,train
mp-540950,Ba3SrTa2O9,Hexagonal,P6_3/m,30,train
mp-18051,La2TiO5,Orthorhombic,Pnma,32,train
mp-1079666,Ba2CdAs2,Orthorhombic,Cmc2_1,10,train
mp-8016,AlCuSe2,Tetragonal,I-42d,8,train
mp-546794,,,,6,train
mp-2075,Si3N4,Cubic,Fd-3m,14,train
mp-1072544,Si,Cubic,Im-3m,6,train
mp-2739191,H2O,Orthorhombic,C222_1,12,train
mp-997003,LaAuO2,Hexagonal,P6_3/mmc,8,train
mp-1209198,RbTlCl2,Cubic,Fd-3m,16,train
mp-1518061,Sr2InSbO6,Cubic,Fm-3m,10,train
mp-1113061,Cs2KAlBr6,Cubic,Fm-3m,10,train
mp-1208143,Tl4SnI6,Orthorhombic,Pbam,22,train
mp-2758,SrSe,Cubic,Fm-3m,2,train
mp-1110779,K2RbNdBr6,Cubic,Fm-3m,10,train
mp-580631,Cs2KTbCl6,Cubic,Fm-3m,10,train
mp-1205677,Sr2NbGaO6,Tetragonal,I4/m,10,train
mp-891955,Ca10V6O25,Trigonal,P-3,41,train
mp-6600,K2Zr(SiO3)3,Hexagonal,P6_3/m,30,train
mp-755165,YScO3,Orthorhombic,Pnma,20,train
mp-15782,KPrS2,Trigonal,R-3m,4,train
mp-1246874,Al2InN3,Orthorhombic,Cmc2_1,12,train
mp-1205511,Rb2NiP2,Orthorhombic,Cmcm,10,train
mp-1173103,TbCuTe2,Trigonal,P3m1,4,train
mp-1041754,Ca(BiO2)2,Orthorhombic,Pmmn,28,train
mp-29462,NaGa3Te5,Trigonal,R32,36,train
mp-1518059,Ca2YBiO6,Tetragonal,P4/mnc,20,train
mp-753022,NaGa5O8,Trigonal,R3m,28,train
mp-1101265,TmAlO3,Hexagonal,P6_3/mmc,10,train
mp-560632,NaGaSiO4,Hexagonal,P6_3,42,train
mp-10780,RbSmSe2,Trigonal,R-3m,4,train
mp-1522825,SrCaCeTiO6,Cubic,F-43m,10,train
mp-6088,,,,8,train
mp-1201758,KGe,Tetragonal,I4_1/acd,32,train
mp-1209531,Rb2CdI4,Monoclinic,P2_1/m,14,train
mp-1205596,Ba2NdTaO6,Cubic,Fm-3m,10,train
mp-8184,Li2ZnGeO4,Monoclinic,Pc,16,train
mp-1176513,Na3NO3,Tetragonal,P-42_1m,14,train
mp-18764,Ba2SrWO6,Monoclinic,C2/m,10,train
mp-559562,AgTeNO5,Orthorhombic,Pbcn,32,train
mp-13981,KPO3,Orthorhombic,Pnma,20,train
mp-573608,CdI2,Trigonal,R-3m,12,train
mp-28070,Rb2TeI6,Tetragonal,P4/mnc,18,train
mp-1206761,Sr2LaNbO6,Cubic,Fm-3m,10,train
mp-30291,Tb4Se3N2,Monoclinic,C2/m,9,train
mp-14206,,,,8,train
mp-755831,BrClO,Trigonal,R-3,18,train
mp-1034028,KLiMg14O15,Orthorhombic,Pmm2,31,train
mp-643276,LiMg2H7Ru,Hexagonal,P6_3/mmc,22,train
mp-642845,Rb3H5Pt,Tetragonal,P4/mbm,18,train
mp-1110690,Rb2CuBiCl6,Cubic,Fm-3m,10,train
mp-1042864,Ti(GeO3)2,Monoclinic,C2/c,18,train
mp-996997,,,,8,train
mp-556400,Cs2K2TeO5,Tetragonal,P4_2/mnm,40,train
mp-1188395,KLi2(HO)3,Monoclinic,P2_1/m,18,train
mp-23714,SrH2,Orthorhombic,Pnma,12,train
mp-1034600,NaMg14BO16,Tetragonal,P4/mmm,32,train
mp-7477,RbErO2,Trigonal,R-3m,4,train
mp-1095296,Dy4Te3S4,Monoclinic,C2/m,11,train
mp-556075,SrDy2O4,Orthorhombic,Pnma,28,train
mp-23384,LiIO3,Tetragonal,P4_2/n,40,train
mp-8134,UO3,Trigonal,P-3m1,4,train
mp-1110924,K3SbBr6,Cubic,Fm-3m,10,train
mp-12978,SnO2,Orthorhombic,Pbcn,12,train
mp-1192634,Ba(LuTe2)2,Orthorhombic,Pnma,28,train
mp-505747,TlIn5S6,Monoclinic,P2_1/m,24,train
mp-675286,Ca3UN4,Tetragonal,I4/mmm,8,train
mp-1216381,VCu3(TeSe)2,Orthorhombic,Cmm2,8,train
mp-34185,Ca(PrS2)2,Tetragonal,I-42d,14,train
mp-29598,NaP4N7,Monoclinic,C2/c,24,train
mp-1209239,RbSc(WO4)2,Monoclinic,C2/c,24,train
mp-18361,K7NbAs4,Orthorhombic,Pmn2_1,24,train
mp-756168,Li2Nb4O11,Monoclinic,C2/m,17,train
mp-28518,Tl6SBr4,Tetragonal,P4/mnc,22,train
mp-1521128,BaCaDySbO6,Cubic,F-43m,10,train
mp-18073,K7TaAs4,Orthorhombic,Pmn2_1,24,train
mp-1206690,Rb2NaSmF6,Cubic,Fm-3m,10,train
mp-755018,RbTaO3,Cubic,Pm-3m,5,train
mp-1199056,RbGe,Tetragonal,I4_1/acd,32,train
mp-10552,RbBSe3,Monoclinic,P2_1/c,20,train
mp-995197,HC,Monoclinic,C2/m,16,train
mp-30946,Ga2PdI8,Monoclinic,C2/m,11,train
mp-558382,Li2SO4,Orthorhombic,Cmcm,14,train
mp-1346992,Ca2TaAgO6,Monoclinic,P2_1/m,20,train
mp-1114016,Rb2NaScBr6,Cubic,Fm-3m,10,train
mp-981379,Zn3CdS4,Cubic,P-43m,8,train
mp-2228172,Sr2Mg(AgO2)2,Monoclinic,C2,9,train
mp-1220822,NaLaScNbO6,Monoclinic,C2/m,20,train
mp-1974803,H2O,Monoclinic,Cc,12,train
mp-1111205,K2RbTbCl6,Cubic,Fm-3m,10,train
mp-12418,,,,12,train
mp-1104166,Sc2CdSe4,Cubic,Fd-3m,14,train
mp-1025377,Cd(AgI2)2,Tetragonal,I-42m,7,train
mp-28320,Pt3I8,Tetragonal,P4_32_12,44,train
mp-5808,RbNdTe2,Trigonal,R-3m,4,train
mp-1235153,Ba2LiTbSnO6,Monoclinic,Cm,11,train
mp-11773,Nd3GaO6,Orthorhombic,Cmc2_1,20,train
mp-1401382,SnO2,Cubic,Fd-3m,12,train
mp-998743,TlGeCl3,Monoclinic,P2_1/m,10,train
mp-1518047,BaCaSmSbO6,Cubic,F-43m,10,train
mp-1225924,CsBa2Zn2F9,Trigonal,R3m,14,train
mp-1219284,ScNb(PbO3)2,Cubic,Fm-3m,10,train
mp-1019893,La3Si6N11,Tetragonal,P4bm,40,train
mp-697133,Cs2CaH4,Tetragonal,I4/mmm,7,train
mp-927,CuP2,Monoclinic,P2_1/c,12,train
mp-267,,,,6,train
mp-1079207,TiO2,Hexagonal,P-62m,9,train
mp-569454,CdHgAsBr,Orthorhombic,Pmma,16,train
mp-752399,Ca2WO5,Orthorhombic,Pnma,32,train
mp-1208321,TbAl3(BO3)4,Trigonal,R32,20,train
mp-1216303,VPO5,Monoclinic,C2/c,14,train
mp-14006,BaGeF6,Trigonal,R-3m,8,train
mp-975590,Kr,Trigonal,R-3m,3,train
mp-1031101,LiMg6BiO8,Tetragonal,P4/mmm,16,train
mp-7079,CaZrSi2O7,Monoclinic,C2,11,train
mp-18297,Ba3(GaN2)2,Orthorhombic,Pnna,36,train
mp-1246811,InBN2,Hexagonal,P6_3/mmc,8,train
mp-7786,CsCu3S2,Trigonal,P-3m1,6,train
mp-24822,Na5Al3H14,Tetragonal,P4/mnc,44,train
mp-778052,Sm2TeO6,Trigonal,P321,27,train
mp-29520,LiAuI4,Monoclinic,P2_1/c,12,train
mp-949028,Sn,Cubic,Pm-3n,46,train
mp-2767514,NaSbF6,Cubic,Fm-3m,32,train
mp-625152,AlHO2,Orthorhombic,Pnma,16,train
mp-1112342,Cs3TmCl6,Cubic,Fm-3m,10,train
mp-1206662,Cs2TiI6,Cubic,Fm-3m,9,train
mp-29803,SiH,Trigonal,P-3m1,4,train
mp-5795,CaMg2N2,Trigonal,P-3m1,5,train
mp-754415,Tb3NbO7,Orthorhombic,C222_1,22,train
mp-774907,,,,5,train
mp-9270,SbIrS,Orthorhombic,Pca2_1,12,train
mp-1206717,LaBiPd,Cubic,F-43m,3,train
mp-755314,Hf2N2O,Monoclinic,C2/m,15,train
mp-686583,Na5Zr4Si3(PO8)3,Trigonal,R32,39,train
mp-28744,Y4OsBr4,Monoclinic,C2/c,18,train
mp-971662,Si,Cubic,Pm-3n,46,train
mp-1232199,Y2MgSe4,Orthorhombic,Pnma,28,train
mp-17805,Ba2SnSe3F2,Orthorhombic,Pnma,32,train
mp-1112753,Cs2KNdCl6,Cubic,Fm-3m,10,train
mp-1103098,BiRhS,Cubic,P2_13,12,train
mp-11677,Sr3(SiAs2)2,Monoclinic,C2/c,18,train
mp-557321,As4S3,Orthorhombic,Pnma,28,train
mp-1101169,Y3AlO6,Trigonal,R-3,20,train
aaahiguz,Cs2KTmCl6,Cubic,Fm-3m,10,train
mp-1518622,KPrZr2O6,Cubic,Fm-3m,10,train
mp-556498,Sr2Be2B2O7,Hexagonal,P-6c2,26,train
mp-1184176,DyScS3,Orthorhombic,Pnma,20,train
mp-14333,TaAlO4,Monoclinic,C2/m,12,train
mp-2018369,Ag2S,Orthorhombic,Cmcm,12,train
mp-752561,SbO2F,Monoclinic,Cc,8,train
mp-7644,LuAsO4,Tetragonal,I4_1/amd,12,train
mp-753360,BiOF,Orthorhombic,Pnma,12,train
mp-1218629,Sr8SnPb3O16,Tetragonal,P4/mmm,28,train
mp-557604,AlPO4,Trigonal,R-3,36,train
mp-1220825,Na6Ca3U2O12,Monoclinic,C2,23,train
mp-557637,Hg2SeO3,Orthorhombic,Ibam,24,train
mp-1080459,GeTe,Cubic,Fm-3m,8,train
mp-1225330,Dy4CdS7,Monoclinic,Cm,12,train
mp-30293,Sr2GeSe4,Orthorhombic,Ama2,14,train
mp-560570,Rb2NaAl6F21,Monoclinic,C2,30,train
mp-11725,CO2,Tetragonal,P4_2/mnm,6,train
mp-979137,SrGaSiH,Trigonal,P3m1,4,train
mp-556132,SiO2,Orthorhombic,Pcca,24,train
mp-571124,Cs2KScCl6,Cubic,Fm-3m,10,train
mp-1105400,Nd3Bi4Au3,Cubic,I-43d,20,train
mp-9628,KCdF3,Orthorhombic,Pnma,20,train
mp-9062,RbS,Hexagonal,P-62m,12,train
mp-5858,,,,8,train
mp-1228091,Ba4CaTi5O15,Tetragonal,P4/mmm,25,train
mp-1216096,Y6Mg(SiS7)2,Trigonal,P3,23,train
mp-1518458,BaSrCeNiO6,Cubic,F-43m,10,train
mp-753401,,,,16,train
mp-8192,Rb2PtF6,Trigonal,P-3m1,9,train
mp-17153,Ba(TbTe2)2,Orthorhombic,Pnma,28,train
mp-1200830,Si,Cubic,I-43m,41,train
mp-22899,LiI,Cubic,Fm-3m,2,train
mp-1218554,Sr7Y6OF30,Trigonal,R3,44,train
mp-3519,ZrSO,Cubic,P2_13,12,train
mp-1214492,Ba5Tm2ZrAl2O13,Hexagonal,P6_3/mmc,46,train
mp-555812,NaSr3BiO6,Trigonal,R-3c,22,train
mp-779456,Y2ReO5,Tetragonal,P4/n,32,train
mp-561305,BaZnSiO4,Hexagonal,P6_3,42,train
mp-1220744,NaYTi2O6,Orthorhombic,Pmn2_1,20,train
mp-29209,Ba(MgBi)2,Trigonal,P-3m1,5,train
mp-767091,LiNbSn3(PO4)6,Trigonal,R3,35,train
mp-18594,K3AsSe3,Cubic,P2_13,28,train
mp-771957,Ta2PbO6,Orthorhombic,Pnma,36,train
mp-641365,PbWO4,Monoclinic,C2/c,12,train
mp-36194,Ba2TiO4,Tetragonal,P4/mmm,7,train
mp-707440,Sr2Mg3H10,Monoclinic,C2/m,30,train
mp-863747,K4P2PdS8,Triclinic,P-1,15,train
mp-1226921,CdBi8(Cl5O4)2,Orthorhombic,Cmmm,27,train
mp-569814,TiBr4,Cubic,Pa-3,40,train
mp-554159,Li2BeSiO4,Orthorhombic,C222_1,16,train
mp-1227561,CaEr2(GeO3)4,Orthorhombic,Cmme,38,train
mp-1340007,SbAsO5,Orthorhombic,Pnma,28,train
mp-9510,Tl2PAuS4,Monoclinic,P2_1/m,16,train
mp-643264,,,,12,train
mp-625663,ScHO2,Orthorhombic,Pnma,16,train
mp-558481,ZnGaNO,Orthorhombic,Pmc2_1,8,train
mp-23093,Sr2NdBiO6,Monoclinic,P2_1/c,20,train
mp-23768,AlZnH4O2F5,Orthorhombic,Imma,26,train
mp-769152,Sc(ClO4)3,Trigonal,R3c,32,train
mp-773887,TiBi2O5,Orthorhombic,Pnma,32,train
mp-1110880,K3SbCl6,Cubic,Fm-3m,10,train
mp-755013,,,,11,train
mp-1232031,Y2MgS4,Orthorhombic,Pnma,28,train
mp-160,B,Trigonal,R-3m,12,train
mp-561472,Hg2PO3F,Orthorhombic,Ibam,28,train
mp-556859,HgO,Orthorhombic,Pnma,16,train
mp-558658,Y2C(NO)2,Hexagonal,P6_3/mmc,14,train
mp-1095275,GeP,Monoclinic,C2/m,12,train
mp-560923,AgPb4ClO4,Tetragonal,P4/n,20,train
mp-5094,Co2(GeSe)3,Trigonal,R-3,32,train
mp-1008506,BaGaSiH,Trigonal,P3m1,4,train
mp-546864,,,,7,train
mp-23719,BeAlH5,Monoclinic,P2_1,14,train
mp-1022,K2S,Cubic,Fm-3m,3,train
mp-1178729,YCdCu3Se4,Cubic,P-43m,9,train
mp-675230,,,,8,train
mp-6125,RbTi2(PO4)3,Trigonal,R-3c,36,train
mp-17785,KNa2GaO3,Orthorhombic,Pnma,28,train
mp-1112490,Cs2TlInCl6,Cubic,Fm-3m,10,train
mp-12240,Na2LiBe2F7,Tetragonal,P-42_1m,24,train
mp-555726,NaClO3,Cubic,P2_13,20,train
mp-1228149,Ba3Sr9Al4(O4F)4,Tetragonal,P422,36,train
mp-675254,AlPO4,Orthorhombic,Aem2,36,train
mp-1078468,MgSi(HO2)2,Monoclinic,P2/m,8,train
mp-3584,NdPO4,Monoclinic,P2_1/c,24,train
mp-1205760,Sr2LuNbO6,Cubic,Fm-3m,10,train
mp-1193580,C3N4,Hexagonal,P-6m2,28,train
mp-1110579,Li3InF6,Cubic,Fm-3m,10,train
mp-1178397,CsGaO2,Cubic,Fd-3m,8,train
mp-554351,SrHg2(ClO)2,Monoclinic,P2_1/c,28,train
mp-755326,Sr3WO6,Monoclinic,P2_1/c,20,train
mp-1113230,Cs2PrAgF6,Cubic,Fm-3m,10,train
mp-570858,AgCl,Orthorhombic,Cmcm,4,train
mp-1095618,PtN2,Cubic,Pa-3,12,train
mp-15492,DyTa7O19,Hexagonal,P-6c2,54,train
mp-12862,LuTaO4,Monoclinic,C2/c,12,train
mp-1103658,LaS2,Monoclinic,P2_1/c,12,train
mp-1106227,Sr3(GaP2)2,Monoclinic,C2/c,18,train
mp-560091,CsZr2(PO4)3,Trigonal,R-3c,36,train
mp-696175,NaAsH4O5,Monoclinic,P2_1/m,22,train
mp-1216740,Tm(CuS)3,Trigonal,R-3,14,train
mp-1172870,K2Ho4Cu4S9,Monoclinic,C2/m,19,train
mp-1222820,Li2MgGeO4,Orthorhombic,Pna2_1,32,train
mp-643260,Na2H4Pd,Tetragonal,I4/mmm,7,train
mp-644097,BaAlH5,Orthorhombic,Pna2_1,28,train
mp-23221,PrBr3,Hexagonal,P6_3/m,8,train
mp-626729,Ga(HO)3,Trigonal,R-3,28,train
mp-505741,Ca3V2O8,Monoclinic,C2/m,13,train
mp-754517,SrCa2I6,Trigonal,P-31m,9,train
mp-1211860,K2NdF5,Orthorhombic,Pnma,32,train
mp-1394400,YSnF5,Orthorhombic,Immm,7,train
mp-1183823,DyInO3,Cubic,Pm-3m,5,train
mp-28688,SrHgO2,Trigonal,R-3m,12,train
mp-3917,Cd2GeO4,Orthorhombic,Pnma,28,train
mp-1203260,KH2SNO3,Orthorhombic,Pbcm,32,train
mp-547792,KSbO3,Trigonal,R-3,10,train
mp-3070,Na2CO3,Monoclinic,C2/m,12,train
mp-8335,,,,7,train
mp-29848,IF3,Orthorhombic,Pnma,16,train
mp-1047156,Zn(CuO2)2,Tetragonal,I4_1/amd,14,train
mp-31077,Tl2TeI6,Monoclinic,P2_1/c,18,train
mp-1206092,Cs3DyCl6,Cubic,Fm-3m,10,train
mp-753799,CsTmO2,Hexagonal,P6_3/mmc,8,train
mp-1191962,CdIClO3,Orthorhombic,Cmce,24,train
mp-1218912,SnSeS,Trigonal,P3m1,3,train
mp-6300,RbHgSbSe3,Monoclinic,P2_1/c,24,train
mp-541813,RbMgF3,Hexagonal,P6_3/mmc,30,train
mp-1079260,InSe,Hexagonal,P-6m2,8,train
mp-1112323,Cs2YAgBr6,Cubic,Fm-3m,10,train
mp-28931,Ga2TeO6,Tetragonal,P4_2/mnm,18,train
mp-29345,LiGaI3,Monoclinic,P2_1/m,20,train
mp-1114060,Rb2InGaCl6,Cubic,Fm-3m,10,train
mp-697592,BePH3O5,Orthorhombic,Pna2_1,40,train
mp-5127,LiCuO,Tetragonal,I4/mmm,12,train
mp-556253,Tm2O3,Monoclinic,C2/m,15,train
mp-560088,Cs2Li3F5,Orthorhombic,Amm2,10,train
mp-1228101,Ba4Sr(SnO3)5,Trigonal,R-3m,25,train
mp-5794,Zn(GaO2)2,Cubic,Fd-3m,14,train
mp-1228448,Al2O3,Trigonal,P-3m1,5,train
mp-639480,SiO2,Tetragonal,P4_2/mmc,54,train
mp-555257,Mg2BiPO6,Orthorhombic,Cmcm,20,train
mp-1225395,Dy(CuTe)3,Trigonal,R-3,14,train
mp-1227455,Be(GaO2)2,Monoclinic,P2_1/m,14,train
mp-8081,Na2SnF6,Tetragonal,P4_2/mnm,18,train
mp-1222506,LiY9(Si3O13)2,Trigonal,P3,42,train
mp-1113928,Rb2LiScCl6,Cubic,Fm-3m,10,train
mp-1228640,B12S,Trigonal,R3m,13,train
mp-569157,BiI3,Trigonal,P-31m,8,train
mp-696057,LiMg4H13Os2,Hexagonal,P6_3/mmc,40,train
mp-18549,Ba6Mg7F26,Orthorhombic,Immm,39,train
mp-553374,Cs4Sb2O5,Monoclinic,Cm,11,train
mp-1315,MgS,Cubic,Fm-3m,2,train
mp-754659,Zr3N2O3,Orthorhombic,Cmc2_1,16,train
mp-35281,Sm2CdS4,Tetragonal,I-42d,14,train
mp-561141,KYP2O7,Orthorhombic,Cmcm,22,train
mp-570172,HgIBr,Orthorhombic,Cmc2_1,6,train
mp-776321,WN2,Tetragonal,P4_2/n,24,train
mp-2374583,SiO2,Tetragonal,P4/nbm,48,train
mp-1113924,Rb2TlSbF6,Cubic,Fm-3m,10,train
mp-1225623,Er3ScS6,Monoclinic,P2_1/m,20,train
mp-12350,SiO2,Cubic,Fd-3m,24,train
mp-1521172,BaSrZr2O6,Tetragonal,P4/mmm,10,train
mp-1101972,CdF2,Orthorhombic,Pnma,12,train
mp-1246346,Sr(ZnN)2,Monoclinic,C2/m,15,train
mp-769396,Y2Ge2O7,Cubic,Fd-3m,22,train
mp-1207114,K2TaNbO6,Cubic,Fm-3m,10,train
mp-17676,Sr2SnS3F2,Orthorhombic,Pnma,32,train
mp-557456,Li4Al3Ge3IO12,Cubic,P-43n,46,train
mp-1541714,Cs3As2Cl9,Trigonal,P-3m1,14,train
mp-30102,BaPdCl4,Orthorhombic,Pbcn,24,train
mp-721702,Zn2AsHO5,Orthorhombic,Pnnm,36,train
mp-1227993,BaGa2SiS6,Triclinic,P1,10,train
mp-5909,Zn2GeO4,Trigonal,R-3,42,train
mp-768150,LiBi3(BrO2)2,Orthorhombic,Cmcm,20,train
mp-1541753,Rb2MgO2,Orthorhombic,Ibam,20,train
mp-559434,Tb(BO2)3,Orthorhombic,Pbcn,40,train
mp-1102077,NaAlF4,Orthorhombic,Cmcm,12,train
mp-9565,,,,5,train
mp-10102,KAgC2,Tetragonal,P4/mmm,4,train
mp-1007922,CuI,Orthorhombic,Cmcm,4,train
mp-1228204,Ba3CaTiWO9,Hexagonal,P6_3mc,30,train
mp-549697,,,,9,train
mp-1197404,Y2Sn3(PbS4)3,Orthorhombic,Pmc2_1,40,train
mp-753444,Li3BiS3,Monoclinic,P2_1/c,28,train
mp-5012,,,,12,train
mp-1178551,Ba3(ClO)2,Monoclinic,P2_1/c,14,train
mp-1095270,Na5NpO6,Monoclinic,C2/m,12,train
mp-1029573,Ba3GaN3,Hexagonal,P6_3/m,14,train
mp-1018650,Ba2ClF3,Trigonal,P-3m1,6,train
mp-1189702,ZnCu2SiS4,Monoclinic,Pc,16,train
mp-1033462,SrMg6CdO8,Tetragonal,P4/mmm,16,train
mp-1110954,K3SbI6,Cubic,Fm-3m,10,train
mp-10695,ZnS,Cubic,F-43m,2,train
mp-7140,SiC,Hexagonal,P6_3mc,4,train
mp-753863,Li2Ti2S5,Monoclinic,C2/c,18,train
mp-550925,NaScAs2O7,Monoclinic,C2,11,train
mp-961651,ZrFeSe,Cubic,F-43m,3,train
mp-13992,Cs2Pt3S4,Orthorhombic,Fmmm,9,train
mp-9179,Ba3Zr2S7,Tetragonal,I4/mmm,24,train
mp-4452,,,,7,train
mp-29163,,,,12,train
mp-24342,LiBeH3,Orthorhombic,Pnma,20,train
mp-773066,KTa2PO8,Trigonal,R3,36,train
mp-1218580,SrCaTi2(GeO5)2,Monoclinic,P2_1,32,train
mp-1147526,BaCu2(HgO2)2,Tetragonal,P4/nbm,18,train
mp-546707,Na4CO4,Tetragonal,I-42m,9,train
mp-1178405,Cs2HfO3,Orthorhombic,Cmcm,12,train
mp-8446,,,,8,train
mp-8773,K3CO3F,Trigonal,R-3c,16,train
mp-19318,Ag2MoO4,Cubic,Fd-3m,14,train
mp-1518826,BaCaCeNiO6,Cubic,F-43m,10,train
mp-1218162,SrNd2Ti4O12,Tetragonal,P4/mmm,19,train
mp-1193989,Sr(TbS2)2,Orthorhombic,Pnma,28,train
mp-760361,H3NCl,Cubic,Pa-3,40,train
mp-34169,,,,7,train
mp-972256,Xe,Cubic,Fm-3m,1,train
mp-772049,Li2Ti2O5,Orthorhombic,Pbcn,36,train
mp-14070,RbAlO2,Cubic,Fd-3m,8,train
mp-1112980,Cs3BiBr6,Cubic,Fm-3m,10,train
mp-1238815,B4C,Monoclinic,Cm,15,train
mp-2218010,Ba2MgNbInO6,Monoclinic,Cm,11,train
mp-17678,Sr(ScS2)2,Orthorhombic,Pnma,28,train
mp-1001780,LuCuS2,Trigonal,P3m1,4,train
mp-38394,Ba(AlTe2)2,Tetragonal,I422,7,train
mp-570379,Cs2LiLuCl6,Cubic,Fm-3m,10,train
mp-15999,Li3AuS2,Orthorhombic,Ibam,12,train
mp-569126,AgBi(PSe3)2,Trigonal,R-3,20,train
mp-638086,K3Th2Cu3S7,Orthorhombic,Cmcm,30,train
mp-1111982,K2InGaCl6,Cubic,Fm-3m,10,train
mp-14092,,,,8,train
mp-18138,K2WSe4,Orthorhombic,Pnma,28,train
mp-1031868,BaCaMg6O8,Tetragonal,P4/mmm,16,train
mp-556963,SiO2,Trigonal,P-31m,36,train
mp-8277,Sr(CdP)2,Trigonal,P-3m1,5,train
mp-1220067,P2Pb3O8,Trigonal,P3,39,train
mp-1018275,GaP,Trigonal,R-3m,4,train
mp-16452,BaLa2ZnS5,Tetragonal,I4/mcm,18,train
mp-1204783,Cs3SbS4,Orthorhombic,Pnma,32,train
mp-1019601,CeZr7O16,Tetragonal,P-4m2,24,train
mp-601257,DyCuPbSe3,Orthorhombic,Pnma,24,train
mp-9413,Ca2TiSiO6,Cubic,Fm-3m,10,train
mp-8409,KYO2,Trigonal,R-3m,4,train
mp-14,Se,Trigonal,P3_121,3,train
mp-1520168,NaCaTbWO6,Cubic,F-43m,10,train
mp-557465,SiO2,Orthorhombic,Pccn,24,train
mp-10776,,,,11,train
mp-29170,Hg(AuF4)2,Tetragonal,P4/mcc,22,train
mp-1104686,Cs4Au6S5,Trigonal,P31m,15,train
mp-1214837,AlIO,Orthorhombic,Pca2_1,12,train
mp-288,PtS,Tetragonal,P4_2/mmc,4,train
mp-569994,CdI2,Hexagonal,P6_3mc,12,train
mp-15845,SrLi4N2,Tetragonal,I4_1/amd,14,train
mp-383,Rb2Te,Orthorhombic,Pnma,12,train
mp-8976,Cu2WS4,Tetragonal,P-42m,7,train
mp-3653,Mg(SbO3)2,Tetragonal,P4_2/mnm,18,train
mp-504482,AlInS3,Hexagonal,P6_5,30,train
mp-1195471,K2Ta4O11,Trigonal,R-3c,34,train
mp-1112920,Cs2SmAuCl6,Cubic,Fm-3m,10,train
mp-1223473,KBH4,Cubic,F-43m,6,train
mp-3934,Cu3PS4,Orthorhombic,Pmn2_1,16,train
mp-554718,Bi(BO2)3,Orthorhombic,Pca2_1,40,train
mp-1517733,SrCaDyVO6,Cubic,F-43m,10,train
mp-20485,InSe,Hexagonal,P6_3/mmc,8,train
mp-1222894,LaNd3(GaO3)4,Monoclinic,Pm,20,train
aaahifsj,Rb2NaLuCl6,Cubic,Fm-3m,10,train
mp-16915,BaTiOF4,Orthorhombic,Pbcm,28,train
mp-6231,Ba2ErSbO6,Cubic,Fm-3m,10,train
mp-1194276,Ca(HoS2)2,Orthorhombic,Pnma,28,train
mp-9018,LiCdPO4,Orthorhombic,Pnma,28,train
mp-777514,Y2O3,Monoclinic,P2_1/m,20,train
mp-30954,GaI3,Monoclinic,P2_1/c,16,train
mp-30004,,,,7,train
mp-14506,Al7Te10,Trigonal,R32,34,train
mp-754929,Ga3NO3,Hexagonal,P-6,28,train
mp-1227185,CaY2BeO5,Orthorhombic,Pna2_1,36,train
mp-644203,,,,5,train
mp-1213682,CsEr(MoO4)2,Trigonal,P-3m1,12,train
mp-10226,NaYS2,Trigonal,R-3m,4,train
mp-1220262,Nd6Cd(GeS7)2,Trigonal,P3,23,train
mp-866663,K3TaF8,Hexagonal,P6_3mc,24,train
mp-1197546,CaCuAsO5,Orthorhombic,P2_12_12_1,32,train
mp-17103,Sr3Ta6(Si2O13)2,Hexagonal,P-62m,39,train
mp-759198,Li2AgF3,Hexagonal,P6_3/mcm,12,train
mp-23541,KSn2Br5,Tetragonal,I4/mcm,16,train
mp-380,ZnSe,Hexagonal,P6_3mc,4,train
mp-1212017,K2LaI5,Orthorhombic,Pnma,32,train
mp-1517195,SrCaPrSbO6,Tetragonal,P42_12,20,train
mp-1228122,Ba6Bi2(TeO6)3,Orthorhombic,Immm,29,train
mp-1111588,K2TlAsCl6,Cubic,Fm-3m,10,train
mp-561224,TeO2,Tetragonal,P4_12_12,12,train
mp-23956,,,,7,train
mp-553278,Nd4Se3O4,Orthorhombic,Amm2,11,train
mp-29395,NaAlI4,Orthorhombic,Pnma,24,train
mp-18660,Sr(ScTe2)2,Orthorhombic,Pnma,28,train
mp-755322,BaNa6O4,Tetragonal,P4_2/nmc,22,train
mp-1205895,Ba2YPaO6,Cubic,Fm-3m,10,train
mp-15781,,,,4,train
mp-1102430,SbTeIr,Cubic,P2_13,12,train
mp-570437,CdI2,Trigonal,P3m1,9,train
mp-555173,UCO5,Orthorhombic,Pmmn,14,train
mp-1228399,Ba2SrV2O8,Trigonal,R3m,13,train
mp-1114132,Rb2ScInBr6,Cubic,Fm-3m,10,train
mp-1191180,La3BeBiS7,Hexagonal,P6_3,24,train
mp-1057286,CsH,Cubic,Fm-3m,2,train
mp-1206230,RbTlO,Monoclinic,C2/m,6,train
mp-19005,Y6WO12,Trigonal,R-3,19,train
mp-1210656,MgZn2(AsO4)2,Monoclinic,P2_1/c,26,train
mp-34579,Na3HfF7,Monoclinic,Cm,11,train
mp-3038,Al2HgSe4,Tetragonal,I-4,7,train
mp-1521514,CaZrTiSnO6,Cubic,F-43m,10,train
mp-6305,K3TiO4F3,Orthorhombic,Cmcm,22,train
mp-1517453,NaSrSmSeO6,Cubic,F-43m,10,train
mp-28448,DyCl3,Orthorhombic,Cmcm,8,train
mp-715923,WO3,Cubic,Pm-3m,8,train
mp-9889,GaS,Trigonal,R-3m,4,train
mp-1105836,Sc2S3,Orthorhombic,Pnma,20,train
mp-570778,Cl2,Tetragonal,P4_2/ncm,16,train
mp-1522439,Ba2NdSbO6,Cubic,Pn-3,40,train
mp-1227994,BaAlSi5N7O2,Triclinic,P1,16,train
mp-752395,Ba2Na2O3,Tetragonal,P4_32_12,28,train
mp-559653,SrCa(CO3)2,Orthorhombic,Pmc2_1,20,train
mp-5061,,,,12,train
mp-626412,In(HO)3,Trigonal,R-3,28,train
mp-1950,SrS2,Tetragonal,I4/mcm,6,train
mp-1378105,ZnBiO3,Monoclinic,P2_1/c,20,train
mp-36066,PNO,Monoclinic,Cc,6,train
mp-753795,Li3BiO3,Cubic,P2_13,28,train
mp-23425,Cs2PbCl6,Cubic,Fm-3m,9,train
mp-625136,CsHO,Orthorhombic,Cmc2_1,6,train
mp-1523158,BaCaZr2O6,Orthorhombic,Imm2,10,train
mp-1378723,TaZn2BiO6,Monoclinic,P2_1/m,20,train
mp-12924,KLaSiS4,Monoclinic,P2_1/m,14,train
mp-669311,In7Te10,Trigonal,R32,34,train
mp-1105367,KB2SbO6,Monoclinic,Cc,20,train
mp-757349,LiSiBiO4,Orthorhombic,Pna2_1,28,train
mp-540634,TaTl(GeO3)3,Hexagonal,P-6c2,28,train
mp-11917,,,,5,train
mp-938,GeTe,Trigonal,R3m,2,train
mp-31067,Nd(ClO4)3,Hexagonal,P6_3/m,32,train
mp-29644,GeBi4Te7,Trigonal,P-3m1,12,train
mp-40189,BaLiLaTeO6,Cubic,F-43m,10,train
mp-557516,K2Be2Zn2Si3O11,Orthorhombic,Imma,40,train
mp-643759,GaH3NF3,Orthorhombic,Aem2,16,train
mp-7104,CsCaF3,Cubic,Pm-3m,5,train
mp-8965,K2Sn2S5,Monoclinic,C2/c,18,train
mp-1113068,Cs2ScInI6,Cubic,Fm-3m,10,train
mp-574040,K2SnBr6,Monoclinic,P2_1/c,18,train
mp-3349,,,,12,train
mp-5156,ThP2O7,Cubic,Pa-3,40,train
mp-1113115,Cs2ScAgF6,Cubic,Fm-3m,10,train
mp-1105787,Pb2OF2,Tetragonal,P-4m2,20,train
mp-768221,YBiO3,Trigonal,R3c,10,train
mp-1096933,CsAgO2,Orthorhombic,Cmcm,8,train
mp-549737,,,,11,train
mp-1518866,BaCaTbBiO6,Cubic,F-43m,10,train
mp-37829,La5TlSe8,Tetragonal,I-4,14,train
mp-2233262,MgCu2(RhS2)4,Orthorhombic,Imm2,15,train
mp-1223916,K4NaCl5,Trigonal,R-3m,10,train
mp-1216114,Y4Ti2Nb2O15,Orthorhombic,Imm2,23,train
mp-17973,Cs3GeF7,Tetragonal,P4/mbm,22,train
mp-540864,VBiO4,Orthorhombic,Pbcn,24,train
mp-555900,Nb2Tl5S4Cl9,Orthorhombic,Immm,20,train
mp-1105692,Tl2Hg3Se4,Monoclinic,C2/c,18,train
mp-557112,Li4Ga3Si3IO12,Cubic,P-43n,46,train
mp-560037,Rb2NaBiF6,Cubic,Fm-3m,10,train
mp-569869,Sr(AlCl4)2,Tetragonal,I4_1/acd,44,train
mp-23173,HgI2,Orthorhombic,Cmc2_1,6,train
mp-989580,Cs2KNF6,Cubic,Fm-3m,10,train
mp-9813,WS2,Trigonal,R3m,3,train
mp-1112131,Cs2RbAsI6,Cubic,Fm-3m,10,train
mp-7611,,,,8,train
mp-28118,AlSbI6,Monoclinic,C2/m,16,train
aaahawfh,RbBaVSe4,Orthorhombic,Pnma,28,train
mp-30890,Hg3SO6,Trigonal,P3_1,30,train
mp-15895,Cu2SiS3,Monoclinic,Cc,12,train
mp-1207469,ZnCuAsO5,Orthorhombic,Pnnm,32,train
mp-14787,Tm2S3,Trigonal,R-3c,10,train
mp-1111326,Na2InAgF6,Cubic,Fm-3m,10,train
mp-569862,Rb4P2Se9,Monoclinic,C2/c,30,train
mp-1197760,PHN2,Monoclinic,P2/c,32,train
mp-9178,CdSe2O5,Monoclinic,C2/c,16,train
mp-757434,LiSi6Bi9O26,Trigonal,P3,42,train
mp-7205,LiInSiO4,Orthorhombic,Pnma,28,train
mp-996959,,,,8,train
mp-1112156,Cs2YTlI6,Cubic,Fm-3m,10,train
mp-1019521,Ba3MgGeN4,Orthorhombic,Pnna,36,train
mp-4602,Tb2Ti2O7,Cubic,Fd-3m,22,train
mp-743,,,,8,train
mp-28485,Sb5IO7,Hexagonal,P-62c,26,train
mp-859118,LiAgF6,Cubic,Ia-3,32,train
mp-555098,SrSeO3,Orthorhombic,Pnma,20,train
mp-1224255,InSnCl3,Orthorhombic,Fmm2,40,train
mp-604147,Na2Li(H2N)3,Tetragonal,P4_2/m,48,train
mp-1228392,Ba2CePbO6,Trigonal,R-3,10,train
mp-23700,RbH2OF,Orthorhombic,Pnma,20,train
mp-1009756,Ca2Pb,Cubic,Fm-3m,3,train
mp-753905,Tm2Zr2O7,Cubic,Fd-3m,22,train
mp-1224018,Ho4CdSe7,Monoclinic,Cm,12,train
mp-551456,Ba2CuClO2,Trigonal,R-3m,6,train
mp-1519060,BaSrDySbO6,Cubic,F-43m,10,train
mp-6949,InF3,Trigonal,R-3c,8,train
mp-18105,CsAgSe4,Orthorhombic,P2_12_12_1,24,train
mp-557146,TiAs2O7,Monoclinic,C2/c,20,train
mp-752446,,,,5,train
mp-1080337,CeSe2,Cubic,Fm-3m,3,train
mp-23888,MgTe(H4O3)3,Trigonal,R3,23,train
mp-4789,PrRhO3,Orthorhombic,Pnma,20,train
mp-1207388,Zr3TiO8,Tetragonal,I-42m,12,train
mp-1018141,BaC2,Trigonal,R-3m,3,train
mp-1217325,TeAsRh,Cubic,P2_13,12,train
mp-8224,CaSnF6,Cubic,Fm-3m,8,train
mp-697044,Ba2H6Os,Cubic,Fm-3m,9,train
mp-31454,TaSbRu,Cubic,F-43m,3,train
mp-559514,Nd4S3NCl3,Hexagonal,P6_3mc,22,train
mp-555746,InAg3(PO4)2,Monoclinic,C2/m,14,train
mp-769187,Sn5P6O25,Trigonal,R-3,36,train
mp-1111020,Cs2KSbF6,Cubic,Fm-3m,10,train
mp-1374892,SnO2,Orthorhombic,Pnma,24,train
mp-3828,BaAl2O4,Hexagonal,P6_322,14,train
mp-1245983,LiSnN,Hexagonal,P6_3mc,6,train
mp-580589,Cs2NaErCl6,Cubic,Fm-3m,10,train
mp-1110806,Rb2NdAgCl6,Cubic,Fm-3m,10,train
mp-755770,Ba2LaI7,Monoclinic,C2/c,20,train
mp-998512,InPbCl3,Orthorhombic,Cmcm,10,train
mp-1111582,K2RbTlF6,Cubic,Fm-3m,10,train
mp-976291,LiAlH4,Tetragonal,I4_1/a,12,train
mp-294,UO3,Tetragonal,I4_1/amd,32,train
mp-2217325,Ba2YMgBiO6,Monoclinic,Cm,11,train
mp-556340,CaTaNO2,Orthorhombic,Pmc2_1,20,train
mp-13997,RbAlF4,Tetragonal,I4/mcm,60,train
mp-1228522,Al2Zn2S5,Monoclinic,P2_1,18,train
mp-541220,NaMg4V3O12,Tetragonal,I-42d,40,train
mp-1190486,Sr3LiTaO6,Trigonal,R-3c,22,train
mp-1247058,Li6TeN4,Tetragonal,P4_2/nmc,22,train
mp-862693,BaNaH3Pd,Hexagonal,P6_3/mmc,12,train
mp-3889,NaBO2,Trigonal,R-3c,24,train
mp-14624,K5P2Au,Hexagonal,P6_3/mmc,16,train
mp-1113640,Rb2SmAuCl6,Cubic,Fm-3m,10,train
mp-1227566,Bi3PbWClO8,Tetragonal,P4mm,14,train
mp-779593,Na5LaO4,Orthorhombic,Pmmn,20,train
mp-20187,LiInSe2,Tetragonal,I-42d,8,train
mp-1100405,ScTeRh,Cubic,F-43m,3,train
mp-1227799,Ca2ZrTi(SiO5)2,Triclinic,P-1,16,train
mp-553956,P2Pb3O8,Monoclinic,C2/m,13,train
mp-1406000,YBiO3,Hexagonal,P6_3/mmc,10,train
mp-17832,RbBaPO4,Orthorhombic,Pnma,28,train
mp-1008556,AlGaN2,Tetragonal,P-4m2,4,train
mp-22876,CsI3,Orthorhombic,Pnma,16,train
mp-1520944,SrCaLaNbO6,Cubic,F-43m,10,train
mp-1247550,Na3GaN2,Tetragonal,I4_1/amd,24,train
mp-866474,Ca2SnS4,Orthorhombic,Pbam,28,train
mp-1519136,Ca2HfSnO6,Cubic,Fm-3m,10,train
mp-1224326,Ge3Te2Se,Trigonal,P-3m1,6,train
mp-1018025,LuAgO2,Trigonal,R-3m,4,train
mp-17909,SiO2,Trigonal,R-3m,36,train
mp-554645,K3Sb2N2O6F7,Monoclinic,C2/m,20,train
mp-982366,Tb2S2O,Monoclinic,P2_1/c,20,train
mp-770649,Li5NbO5,Monoclinic,C2/m,11,train
mp-23475,,,,9,train
mp-12181,BaSnS2,Monoclinic,P2_1/c,16,train
mp-1195912,VPbOF5,Orthorhombic,Pbcm,32,train
mp-15724,KNa2Sb,Cubic,Fm-3m,4,train
mp-1228809,AlReSi,Tetragonal,I4mm,3,train
mp-1205391,TaSbO4,Orthorhombic,Pnna,24,train
mp-863264,TbI3,Hexagonal,P6_3/mmc,8,train
mp-2225846,MgCu3AsS4,Cubic,P-43m,9,train
mp-1205356,ZnWO4,Tetragonal,I4_1/a,12,train
mp-570285,SiBr4,Cubic,Pa-3,40,train
mp-1020019,,,,12,train
mp-40873,Ba3Na2Ti3Nb2O15,Orthorhombic,Cmmm,25,train
mp-720,TlF,Orthorhombic,Pbcm,8,train
mp-772132,Li2SiBSbO7,Monoclinic,P2_1/m,24,train
mp-1190252,CsEr2Ag3Te5,Orthorhombic,Cmcm,22,train
mp-1189708,Na3Ag3W2(OF)6,Trigonal,R-3,20,train
mp-510268,,,,9,train
mp-989651,HfTeSe4,Monoclinic,P2/m,6,train
mp-1227700,BaSr4Cl10,Tetragonal,I4/mmm,15,train
mp-1227811,Ca2La4Ti5O18,Trigonal,R-3m,29,train
mp-636813,Pb3O4,Orthorhombic,Pbam,14,train
mp-29396,Cu2PbO2,Monoclinic,C2/c,10,train
mp-1524762,Xe,Orthorhombic,Fmmm,4,train
mp-1520420,SrPrMgBiO6,Cubic,F-43m,10,train
mp-1042240,Zn(SbO2)2,Monoclinic,C2/m,14,train
mp-18243,K2Si3SnO9,Hexagonal,P6_3/m,30,train
mp-5368,Li2GeF6,Trigonal,P321,27,train
mp-866141,TiFe2Si,Cubic,Fm-3m,4,train
mp-569679,ZnSe,Tetragonal,P4/nmm,4,train
mp-1095440,CdS2,Cubic,Pa-3,12,train
mp-768518,LaAlO3,Orthorhombic,Cmcm,30,train
mp-1043837,MgTiSb(PO4)3,Trigonal,R3c,36,train
mp-1111597,K2RbScBr6,Cubic,Fm-3m,10,train
mp-999135,TaCuN2,Trigonal,R-3m,4,train
mp-1225547,ErAgTe2,Trigonal,P3m1,4,train
mp-560156,SrTlVO4,Orthorhombic,P2_12_12_1,28,train
mp-616564,RbPbIO6,Hexagonal,P6_322,18,train
mp-12866,SrSnO3,Orthorhombic,Imma,10,train
mp-559067,KNa2AuO2,Orthorhombic,Pnnm,12,train
mp-31112,Tb3GaO6,Orthorhombic,Cmc2_1,20,train
mp-1176748,LiCu3(SiO3)2,Monoclinic,C2/m,12,train
mp-1518566,BaSrBiSbO6,Orthorhombic,P222,40,train
mp-755362,Sm2Se2O,Monoclinic,P2_1/c,20,train
mp-1111835,Cs2LiSbBr6,Cubic,Fm-3m,10,train
mp-1025511,NdBrO2,Monoclinic,P2_1/m,8,train
mp-1113008,Cs2LiPrI6,Cubic,Fm-3m,10,train
mp-557787,TlSbO3,Trigonal,P-31c,20,train
mp-1111725,Rb2SmAgCl6,Cubic,Fm-3m,10,train
mp-22889,ZnCl2,Orthorhombic,Pna2_1,12,train
mp-22052,Zn(InS2)2,Cubic,Fd-3m,14,train
mp-18332,Lu2ZnS4,Orthorhombic,Pnma,28,train
mp-17450,Cs3NiF7,Tetragonal,P4/mbm,22,train
mp-1211905,K3LiGe4,Orthorhombic,Pnma,32,train
mp-9750,SbPO5,Monoclinic,C2/c,14,train
mp-755358,LuAlO3,Hexagonal,P6_3/mmc,10,train
mp-1110766,Rb3SbI6,Cubic,Fm-3m,10,train
mp-1111426,K2TlAsF6,Cubic,Fm-3m,10,train
mp-31118,SmScO3,Orthorhombic,Pnma,20,train
mp-1113622,Cs2AgIrF6,Cubic,Fm-3m,10,train
mp-24,C,Cubic,Ia-3,8,train
mp-3797,K3AsS4,Orthorhombic,Pnma,32,train
mp-181,,,,12,train
mp-1112107,Cs2TlInI6,Cubic,Fm-3m,10,train
mp-1222669,Li2IBr,Trigonal,P3m1,4,train
mp-1216363,VCu3(SeS)2,Orthorhombic,Cmm2,8,train
mp-540943,SeBr,Monoclinic,P2_1/c,16,train
mp-1111824,Cs2NaLuCl6,Cubic,Fm-3m,10,train
mp-14105,AlTlO2,Cubic,Fd-3m,8,train
mp-19068,TmVO4,Tetragonal,I4_1/amd,12,train
mp-1214793,AsOsS,Monoclinic,P2_1/c,12,train
mp-8127,,,,11,train
mp-556781,Y3CuGeS7,Hexagonal,P6_3,24,train
mp-24165,Li2H2SeO5,Monoclinic,P2_1,20,train
mp-989616,,,,10,train
mp-755896,ZnCrO4,Orthorhombic,Cmcm,12,train
mp-1521651,Ba2BiSbO6,Cubic,Pn-3,40,train
aaabotsh,Na4Ti5O12,Trigonal,P-3,21,train
mp-20351,InP,Cubic,F-43m,2,train
mp-28160,Ca3C3Cl2,Orthorhombic,Cmcm,16,train
mp-1113343,Rb2LaCuCl6,Cubic,Fm-3m,10,train
mp-1112641,Cs2NbAuF6,Cubic,Fm-3m,10,train
mp-557448,Ba2CaUO6,Monoclinic,P2_1/c,20,train
mp-1105323,LiNdTi2O6,Orthorhombic,Pmc2_1,20,train
mp-573763,Cs2Te,Orthorhombic,Pnma,12,train
mp-23550,,,,12,train
mp-757777,LiSiBi3O7,Hexagonal,P6_3,24,train
mp-571222,CsBr,Cubic,Fm-3m,2,train
mp-1215615,ZnCd(GaS2)4,Tetragonal,P-4,14,train
mp-1189407,NaCa2IO6,Monoclinic,P2_1/c,20,train
mp-12933,TmTaO4,Monoclinic,P2/c,12,train
mp-1113539,Cs2CoAgF6,Cubic,Fm-3m,10,train
mp-28529,KInBr3,Trigonal,P-3,20,train
mp-36053,SiPN3,Monoclinic,Cc,20,train
mp-1191206,K6HgSe4,Hexagonal,P6_3mc,22,train
mp-1200675,KIO3,Trigonal,R3,40,train
mp-1112316,CsK2GaF6,Cubic,Fm-3m,10,train
mp-775906,Y2O3,Orthorhombic,Pbca,40,train
mp-28872,RbBrO3,Trigonal,R3m,5,train
mp-30077,K2GaSb2,Orthorhombic,Pnma,40,train
mp-1219089,Sn3TePb4O13,Trigonal,R3m,21,train
mp-27369,,,,10,train
mp-27303,,,,12,train
mp-1211650,K3DyF6,Cubic,Fm-3m,10,train
mp-556631,KZrSnF7,Orthorhombic,Pmna,40,train
mp-12647,TbNbO4,Monoclinic,C2/c,12,train
mp-24798,Rb3B12H12Cl,Trigonal,R-3m,28,train
mp-1246060,Zr2AgN3,Trigonal,R-3m,18,train
mp-755703,LiSbO2,Monoclinic,C2/c,8,train
mp-759722,SiH8(NF3)2,Hexagonal,P6_3mc,34,train
mp-3324,Nb2SnO6,Monoclinic,C2/c,18,train
mp-23301,BiF3,Cubic,Fm-3m,4,train
mp-20716,PbSeO3,Monoclinic,P2_1/m,10,train
mp-14643,Er2Te3,Orthorhombic,Fddd,20,train
mp-998324,RbCaCl3,Trigonal,R-3c,10,train
mp-7943,LiAs,Monoclinic,P2_1/c,16,train
mp-553281,,,,10,train
mp-866818,Ca2SnS4,Orthorhombic,Cmmm,7,train
mp-3249,La4Ti3O12,Trigonal,R-3,19,train
mp-2654,Al2S3,Hexagonal,P6_1,30,train
mp-1518359,Sr2BiSbO6,Cubic,Fm-3m,10,train
mp-38035,SrCO3,Trigonal,R-3c,10,train
mp-1519158,MgSn2WO6,Cubic,Fm-3m,10,train
mp-29245,Cd2P3Br,Monoclinic,C2/c,12,train
mp-1111213,K2RbGaBr6,Cubic,Fm-3m,10,train
mp-7848,,,,6,train
mp-1194539,Al2Ag2Bi2S3Cl8,Hexagonal,P-62c,34,train
mp-755614,CoBiO4,Orthorhombic,Imma,12,train
mp-559760,ScIO,Monoclinic,C2/m,12,train
mp-1110731,Rb3GaBr6,Cubic,Fm-3m,10,train
mp-1078085,Cs2PdCl4,Tetragonal,P4/mmm,7,train
mp-5425,RbCuC2,Tetragonal,P4_2/mmc,8,train
mp-961684,LiCaAs,Cubic,F-43m,3,train
mp-628647,TlHg3As2Cl3,Orthorhombic,Pbcm,36,train
mp-6812,KBaPO4,Orthorhombic,Pnma,28,train
mp-1388665,Mg(SbO2)2,Monoclinic,C2/m,14,train
mp-1011709,Cs2Se,Orthorhombic,Pnma,12,train
mp-6026,Na2Mg(CO3)2,Trigonal,R-3,11,train
mp-1191111,SrTi(PO4)2,Monoclinic,C2/c,24,train
mp-569557,Dy3CuSiSe7,Hexagonal,P6_3,24,train
mp-772563,Li2VO2F3,Orthorhombic,Pnma,32,train
mp-1214871,Al3Te3Br,Orthorhombic,Pnma,28,train
mp-1226968,CaZrV2O8,Tetragonal,I-4m2,12,train
mp-23426,Al4Bi2O9,Orthorhombic,Pbam,30,train
mp-1101353,Sr2Ti6N2O11,Monoclinic,Cm,21,train
mp-3427,LiAlO2,Tetragonal,P4_12_12,16,train
mp-37267,NaYF4,Hexagonal,P-6,18,train
mp-27832,Tl2SnCl6,Cubic,Fm-3m,9,train
mp-867193,Sr2BiAu,Cubic,Fm-3m,4,train
mp-1114166,Rb2TlInI6,Cubic,Fm-3m,10,train
mp-24076,Y(HO)3,Hexagonal,P6_3/m,14,train
mp-40186,LiCaPrTeO6,Monoclinic,Pc,20,train
mp-1206057,Sr2NbAlO6,Cubic,Fm-3m,10,train
mp-1029404,KGe2N3,Orthorhombic,Cmc2_1,12,train
mp-567296,CdI2,Trigonal,P-3m1,9,train
mp-1030894,LiLaMg6O8,Tetragonal,P4/mmm,16,train
mp-625404,AlHO2,Orthorhombic,Pnma,16,train
mp-757953,ThNb4O12,Tetragonal,I4/mmm,17,train
mp-3216,,,,5,train
mp-14951,Rb3AlO3,Monoclinic,C2/m,14,train
mp-9775,,,,9,train
mp-753163,HoIO,Trigonal,R-3m,6,train
mp-1213089,CsSb4F13,Tetragonal,I4/m,18,train
mp-1214314,BaTi(AsO4)2,Monoclinic,C2/m,12,train
mp-634859,CaO2,Tetragonal,I4/mmm,3,train
mp-5126,ZnSO4,Orthorhombic,Pnma,24,train
mp-4155,Ca2Nb2O7,Cubic,Fd-3m,22,train
mp-1102580,FeSbTe,Monoclinic,P2_1/c,12,train
mp-768963,SrLaCl5,Monoclinic,P2_1/m,14,train
mp-756564,BaYCl5,Monoclinic,C2/c,14,train
mp-1112086,K2ScAgI6,Cubic,Fm-3m,10,train
mp-21374,,,,7,train
mp-558669,SrAl2B2O7,Trigonal,R-3c,24,train
mp-989558,Cs2TlGaF6,Cubic,Fm-3m,10,train
mp-23225,BBr3,Hexagonal,P6_3/m,8,train
mp-5012,Li2SiO3,Orthorhombic,Cmc2_1,12,train
mp-1999,Sb2O3,Cubic,Fd-3m,20,train
mp-11601,NaErO2,Trigonal,R-3m,4,train
mp-1111203,K2RbTlBr6,Cubic,Fm-3m,10,train
mp-998535,InPbCl3,Trigonal,R3m,5,train
mp-1227701,BaSrCaWO6,Monoclinic,Cm,10,train
mp-561023,ThCd(MoO4)3,Hexagonal,P6_3/m,34,train
mp-1190498,Zn3TeP2Pb3O14,Trigonal,P321,23,train
mp-557713,Ba2LaTaO6,Monoclinic,P2_1/c,20,train
mp-13042,NaSr3TaO6,Trigonal,R-3c,22,train
mp-1232129,Er2MgS4,Cubic,Fd-3m,14,train
mp-1103152,CsBrF4,Orthorhombic,Immm,12,train
mp-4529,K2SO4,Orthorhombic,Pnma,28,train
mp-1516726,BaSrDyBiO6,Cubic,F-43m,10,train
mp-1198419,K2Cd3Se4,Orthorhombic,Pnma,36,train
mp-22893,PbI2,Trigonal,P-3m1,3,train
mp-9564,Ca(MgAs)2,Trigonal,P-3m1,5,train
mp-556478,SrH2(CO2)2,Orthorhombic,P2_12_12_1,36,train
mp-1111932,K2LiScCl6,Cubic,Fm-3m,10,train
mp-768154,Na3MgPCO7,Monoclinic,P2_1/m,26,train
mp-14036,KRb2RhF6,Cubic,Fm-3m,10,train
mp-10534,Sm10S19,Tetragonal,P4_2/n,58,train
mp-23116,CuBiSeO,Tetragonal,P4/nmm,8,train
mp-5634,NdOF,Trigonal,R-3m,6,train
mp-558573,Y2O3,Monoclinic,C2/m,15,train
mp-18531,K2Cd3Te4,Orthorhombic,Pnma,36,train
mp-1516590,BaSrNbInO6,Cubic,F-43m,10,train
mp-3612,NbSbO4,Orthorhombic,Pnna,24,train
mp-976307,K4Ba(SiO3)3,Orthorhombic,Ama2,34,train
mp-684996,Ba3LaZnReWO12,Trigonal,R3m,19,train
mp-23432,BaClF,Tetragonal,P4/nmm,6,train
mp-1213079,CsRbSO4,Trigonal,P3m1,14,train
mp-1227208,CaSmGa3O7,Orthorhombic,Cmm2,24,train
mp-27688,K2TeI6,Monoclinic,P2_1/c,18,train
mp-4691,Ag2CO3,Monoclinic,P2_1/m,12,train
mp-10481,,,,12,train
mp-4809,,,,7,train
mp-1110730,Rb3NdCl6,Cubic,Fm-3m,10,train
mp-2133,ZnO,Hexagonal,P6_3mc,4,train
mp-626620,,,,6,train
mp-23260,BaI2,Orthorhombic,Pnma,12,train
mp-1210872,LiIrO2,Trigonal,R-3m,12,train
mp-1209910,Pm2(WO4)3,Monoclinic,C2/c,34,train
mp-567967,LiGaI4,Monoclinic,P2_1/c,24,train
mp-7547,BaSe2,Monoclinic,C2/c,6,train
mp-1209004,Sc2TlCu3Se5,Orthorhombic,Cmcm,22,train
mp-1184973,Li2TlSb,Cubic,Fm-3m,4,train
mp-9668,Ba3TiS5,Tetragonal,I4/mcm,18,train
mp-21858,UO3,Orthorhombic,P2_12_12_1,16,train
mp-1035962,KYMg14O16,Tetragonal,P4/mmm,32,train
mp-1185552,CsTaO3,Cubic,Pm-3m,5,train
mp-10426,Nb2O5,Monoclinic,C2,7,train
mp-755543,HoHO2,Orthorhombic,Pmn2_1,8,train
mp-1516963,BaNaYWO6,Cubic,F-43m,10,train
mp-1192746,LiAs2H3O7,Monoclinic,C2/m,26,train
mp-1213957,CaZrTlF7,Orthorhombic,Cmcm,20,train
mp-1346333,ZnSbF5,Monoclinic,P2_1/c,28,train
mp-849636,SrTaNO2,Orthorhombic,C222,20,train
mp-561725,CsBO2,Trigonal,R-3c,24,train
mp-1246397,Ca5MgN4,Orthorhombic,Pmmn,20,train
mp-624234,TePb2O5,Monoclinic,C2/c,16,train
mp-1519678,BaSrCaCrO6,Cubic,F-43m,10,train
mp-695170,Nd3Al3Si3(NO6)2,Monoclinic,C2,23,train
mp-1029387,TaZn2N3,Orthorhombic,Cmc2_1,12,train
mp-17838,KTb3F10,Cubic,Fm-3m,28,train
mp-1029932,LiVN2,Orthorhombic,Pna2_1,16,train
mp-772624,Al2CO,Orthorhombic,Pna2_1,16,train
mp-14983,,,,9,train
mp-16609,Si3Os2,Tetragonal,P-4c2,20,train
mp-556395,ZnS,Trigonal,P3m1,16,train
mp-772823,Y2HfO5,Orthorhombic,Pnma,32,train
mp-8881,AlAs,Hexagonal,P6_3mc,4,train
mp-1188784,Li2CdSnS4,Orthorhombic,Pmn2_1,16,train
mp-560742,Ba2TeP2O9,Triclinic,P-1,28,train
mp-1019742,SiO2He,Trigonal,R-3c,16,train
mp-6124,NaAl(SiO3)2,Monoclinic,C2/c,20,train
mp-961660,,,,3,train
mp-1227128,CaMg2Al6O12,Hexagonal,P-6,21,train
mp-754202,CsClO3,Orthorhombic,Pmn2_1,10,train
mp-639705,SiO2,Tetragonal,I4_1/amd,30,train
mp-1189464,ZrTl2PbSe4,Monoclinic,C2/c,16,train
mp-1078410,Ba2ZnTeO6,Cubic,Fm-3m,10,train
mp-605853,Li4CO4,Monoclinic,Cm,9,train
mp-643683,Ba5(Ga3H)2,Trigonal,P-3c1,26,train
mp-1185521,Mg(BH4)2,Tetragonal,I-4m2,22,train
mp-1111161,K3TlBr6,Cubic,Fm-3m,10,train
mp-505274,Na2SO4,Orthorhombic,Pnma,28,train
mp-23860,,,,6,train
mp-555434,As2O5,Tetragonal,P4_32_12,28,train
mp-1190183,Li2CaTa2O7,Orthorhombic,Cmcm,24,train
mp-1080276,Cs2Se,Hexagonal,P6_3/mmc,6,train
mp-752451,Zn(CuO2)2,Tetragonal,I4_1/a,14,train
mp-1228050,Ba3SrCa2(MoO6)2,Tetragonal,P-4m2,20,train
mp-7825,K2GeF6,Trigonal,P-3m1,9,train
mp-1100431,SrBrCl,Cubic,F-43m,3,train
mp-1223092,La3NdZr4O14,Trigonal,R-3m,22,train
mp-1379764,Ca2VIrO6,Monoclinic,P2_1/c,20,train
mp-22930,Rb4CdCl6,Trigonal,R-3c,22,train
mp-552234,,,,10,train
mp-1113693,Rb2LiTlF6,Cubic,Fm-3m,10,train
mp-7650,RbScO2,Hexagonal,P6_3/mmc,8,train
mp-540633,RbNb(GeO3)3,Hexagonal,P-6c2,28,train
mp-27546,CaClF,Tetragonal,P4/nmm,6,train
mp-18196,Ba(TmTe2)2,Orthorhombic,Pnma,28,train
mp-5475,NaTaN2,Trigonal,R-3m,4,train
mp-1193666,Ba4In2Te2S5,Tetragonal,P4/mbm,26,train
mp-20620,Ba2NbInO6,Cubic,Fm-3m,10,train
mp-3486,KSnSb,Hexagonal,P6_3mc,6,train
mp-1439,TiO2,Orthorhombic,Pbcn,12,train
mp-34477,LiSmS2,Tetragonal,I4_1/amd,8,train
mp-7908,Al2ZnTe4,Tetragonal,I-4,7,train
mp-1201802,Ba4NaGe3S10Cl,Hexagonal,P6_3,38,train
mp-1070375,CsSnCl3,Cubic,Pm-3m,5,train
mp-1180938,Li2SeO4,Trigonal,R-3,42,train
mp-9890,TaAgO3,Trigonal,R-3c,10,train
mp-28805,Tl2Pt5S6,Monoclinic,P2_1/c,26,train
mp-1100868,YCuTe2,Trigonal,P3m1,4,train
mp-676650,Li6Br3N,Tetragonal,I4/m,10,train
mp-676324,Li11TiP5,Monoclinic,Cm,17,train
mp-1182001,Ca3V2O8,Monoclinic,C2/m,13,train
mp-554593,TbTaO4,Monoclinic,C2/c,12,train
mp-7575,LiZnN,Cubic,F-43m,3,train
mp-9063,RbSe,Hexagonal,P-62m,12,train
mp-1113922,Rb3BiF6,Cubic,Fm-3m,10,train
mp-9268,KSe,Hexagonal,P-62m,12,train
mp-1523291,KLaSmSbO6,Cubic,F-43m,10,train
mp-1111461,Cs2CuSbCl6,Cubic,Fm-3m,10,train
mp-625051,NaHO,Trigonal,R3m,3,train
mp-1222364,LiLaNb4O12,Tetragonal,I4/mmm,18,train
mp-614456,He,Cubic,Fm-3m,1,train
mp-1102681,CN2,Tetragonal,I-42d,12,train
mp-755635,Ho2Pt2O7,Cubic,Fd-3m,22,train
mp-2160,Sb2Se3,Orthorhombic,Pnma,20,train
mp-7964,YAlO3,Hexagonal,P6_3/mmc,10,train
mp-3748,AlCuO2,Trigonal,R-3m,4,train
mp-4429,CaSiO3,Triclinic,P-1,30,train
mp-561635,CsSmSiS4,Orthorhombic,P2_12_12_1,28,train
mp-17939,Na2SiF6,Trigonal,P-3m1,27,train
mp-16884,RbEr2Cu3Se5,Orthorhombic,Cmcm,22,train
mp-2176,ZnTe,Cubic,F-43m,2,train
mp-1101301,TeO3,Monoclinic,C2/m,16,train
mp-1232066,Dy2MgSe4,Orthorhombic,Pnma,28,train
mp-5256,KCuC2,Tetragonal,P4_2/mmc,8,train
mp-1188655,Ir2S3,Orthorhombic,Pbcn,20,train
mp-23360,Zn(IO3)2,Monoclinic,P2_1,18,train
mp-766463,Na3GaB4O9,Monoclinic,P2_1/m,34,train
mp-1217849,TaV(Cu3S4)2,Tetragonal,P-4m2,16,train
mp-1177942,Li2Hf2O5,Monoclinic,C2/c,18,train
mp-1208751,Sr2TmBiO6,Monoclinic,P2_1/c,20,train
mp-1519274,KPrSmSbO6,Cubic,F-43m,10,train
mp-4589,PrPO4,Monoclinic,P2_1/c,24,train
mp-559237,Nd3Si2S8Br,Monoclinic,C2/c,28,train
mp-1220787,NaLaZr2O6,Orthorhombic,Imm2,10,train
mp-1227990,BaH3IO6,Triclinic,P1,11,train
mp-1227372,BiTeIr,Cubic,P2_13,12,train
mp-1220901,NaSm3Ti2(SbO7)2,Monoclinic,C2/m,22,train
mp-1189305,Sr3(AlAs2)2,Monoclinic,C2/c,18,train
mp-771161,Ba3(BrO)2,Orthorhombic,Pnma,28,train
mp-1214751,Cs3ScF6,Tetragonal,P4/mnc,20,train
mp-1521701,BaCaPrSbO6,Cubic,F-43m,10,train
mp-12885,,,,12,train
mp-1020023,Li3AlSiO5,Orthorhombic,Pna2_1,40,train
mp-17012,Sr2VN3,Monoclinic,C2/c,24,train
mp-29751,CsMgI3,Hexagonal,P6_3/mmc,10,train
mp-23222,Li3Bi,Cubic,Fm-3m,4,train
mp-1110751,Rb2LiBiI6,Cubic,Fm-3m,10,train
mp-756086,Li5BiS4,Orthorhombic,Pmmn,20,train
mp-6867,,,,7,train
mp-1019586,CaAl2SiO6,Monoclinic,C2,20,train
mp-1111300,Na2RhAuF6,Cubic,Fm-3m,10,train
mp-8579,Ba(AgS)2,Trigonal,P-3m1,5,train
mp-505799,P2Pb3O8,Monoclinic,C2/c,26,train
mp-1201686,Tl2Mo3SeO12,Trigonal,P31c,36,train
mp-1226909,CdBi8(Br5O4)2,Orthorhombic,Cmmm,27,train
mp-643370,,,,9,train
mp-867113,Ca2AsAu,Cubic,Fm-3m,4,train
mp-1232308,K2Zn3Se4,Orthorhombic,Ibam,18,train
mp-13003,CdGeO3,Orthorhombic,Pnma,20,train
mp-560131,SiO2,Tetragonal,I-42m,24,train
mp-14550,TiCdO3,Orthorhombic,Pnma,20,train
mp-1225886,CuBi3PbS6,Orthorhombic,Pmn2_1,22,train
mp-754897,BaTl2O4,Orthorhombic,Pnma,28,train
mp-8511,PF5,Hexagonal,P6_3/mmc,12,train
mp-1102743,ZnS2,Cubic,Pa-3,12,train
mp-23289,,,,2,train
mp-1008776,SrC2,Trigonal,R-3m,3,train
mp-27500,NaSO2,Monoclinic,P2/c,16,train
mp-1222241,Mg3Ti(BO4)2,Orthorhombic,Pmc2_1,28,train
mp-14588,,,,10,train
mp-6930,SiO2,Trigonal,P3_221,9,train
mp-28110,Rb2PtI6,Cubic,Fm-3m,9,train
mp-15573,Tl3AsO4,Hexagonal,P6_3,16,train
mp-1102569,ThO2,Orthorhombic,Pnma,12,train
mp-769207,Y2(SeO4)3,Monoclinic,C2/c,34,train
mp-625857,Zn(HO)2,Orthorhombic,P2_12_12_1,20,train
mp-557414,BaSi6N8O,Orthorhombic,Imm2,16,train
mp-15557,,,,10,train
mp-384,MgP4,Monoclinic,P2_1/c,10,train
mp-1095397,SnS2,Cubic,Fd-3m,12,train
mp-1102288,FeTeAs,Monoclinic,P2_1/c,12,train
mp-588,GaF3,Trigonal,R-3c,8,train
mp-23145,Na4Al3Si3ClO12,Cubic,P-43n,46,train
mp-1218227,SrLaCuSe3,Orthorhombic,Pnma,24,train
mp-1518482,SrZrInSbO6,Cubic,F-43m,10,train
mp-1105130,PrInO3,Orthorhombic,Pnma,20,train
mp-1034964,BaMg14ZnO16,Orthorhombic,Pmmm,32,train
mp-7951,ThSe2,Orthorhombic,Pnma,12,train
mp-27228,Tl6Si2O7,Trigonal,P-3,30,train
mp-24144,Na5ScH4(C2O7)2,Tetragonal,P-42_1c,56,train
mp-10381,K2CuSb,Orthorhombic,Cmcm,8,train
mp-545665,WO3,Hexagonal,P6/mmm,12,train
mp-22851,,,,2,train
mp-1096836,Ba3SnS4,Cubic,Pm-3m,8,train
mp-1227309,BeSiN2,Trigonal,P3m1,4,train
mp-569178,HoTlSe2,Trigonal,R-3m,4,train
mp-556995,Nd2O3,Monoclinic,C2/m,15,train
mp-541462,SrTa4O11,Hexagonal,P6_322,32,train
mp-567658,Ba2Li3NbN4,Monoclinic,C2/c,20,train
mp-1018100,AlSb,Hexagonal,P6_3mc,4,train
mp-13898,,,,10,train
mp-864954,MgMoN2,Hexagonal,P6_3/mmc,8,train
mp-2382752,CaC2,Orthorhombic,Immm,6,train
mp-989550,Rb2TlInCl6,Cubic,Fm-3m,10,train
mp-757115,KSb5O13,Orthorhombic,Cmcm,38,train
mp-1147547,Sr2TaAlO6,Tetragonal,P4/mmm,10,train
mp-1110596,Rb2AlAuF6,Cubic,Fm-3m,10,train
mp-4644,Si2N2O,Tetragonal,I4_1/amd,40,train
mp-2979,ZnGeN2,Orthorhombic,Pna2_1,16,train
mp-1078391,CaZn(CO3)2,Trigonal,R-3,10,train
mp-18383,K3NbS4,Orthorhombic,Pnma,32,train
mp-17447,Sr10P6SO24,Trigonal,P-3,41,train
mp-560623,Mg3(PO4)2,Monoclinic,P2_1/c,26,train
mp-757883,LiSiBiO4,Hexagonal,P6_3,56,train
mp-2201,,,,2,train
mp-1018096,Ba2NF,Trigonal,R-3m,4,train
mp-1105722,CeTi2O6,Monoclinic,C2/c,18,train
mp-16929,Pr3Si6N11,Tetragonal,P4bm,40,train
mp-6560,KSO2F,Monoclinic,P2_1/m,10,train
mp-1217888,TaO2F,Tetragonal,P4/mmm,4,train
mp-1228095,Ba3Mo2(NO3)2,Trigonal,R-3m,13,train
mp-1521008,KSrDyWO6,Cubic,F-43m,10,train
mp-4366,Na2PtC2,Trigonal,P-3m1,5,train
mp-1225577,Er4CdS7,Monoclinic,Cm,12,train
mp-27375,Tl4HgI6,Tetragonal,P4/mnc,22,train
mp-567680,,,,9,train
mp-34078,H3ClO,Trigonal,R3m,5,train
mp-1518195,SrCaVInO6,Cubic,F-43m,10,train
mp-1013547,Ca3P2,Cubic,Pm-3m,5,train
mp-9672,,,,10,train
mp-17850,K3NaTh2O6,Monoclinic,C2/c,24,train
mp-10485,BaLiSb,Hexagonal,P6_3/mmc,6,train
mp-569677,Sr2IN,Trigonal,R-3m,4,train
mp-1020715,Sr6Y2Al4O15,Monoclinic,C2,27,train
mp-1111545,Na2AlAgCl6,Cubic,Fm-3m,10,train
mp-1211906,K5Zn4Sn5H4S17N,Tetragonal,I-4m2,36,train
mp-28781,PrZr3F15,Trigonal,R3m,19,train
mp-1048779,Mg(BiO3)2,Orthorhombic,Pmn2_1,18,train
mp-755798,ZrPbO3,Orthorhombic,Pnma,20,train
mp-6687,Ba2HoSbO6,Cubic,Fm-3m,10,train
mp-17908,Ba2TiS4,Orthorhombic,Pnma,28,train
mp-1035140,LiMg14SbO16,Tetragonal,P4/mmm,32,train
mp-1111889,Na3PrCl6,Cubic,Fm-3m,10,train
mp-7446,Rb2S3,Orthorhombic,Cmc2_1,10,train
mp-7596,,,,12,train
mp-1208794,Sr2TlI5,Monoclinic,P2_1/c,32,train
mp-645317,Li4CO4,Monoclinic,Pc,18,train
mp-5606,AlTlF4,Tetragonal,P4/mmm,6,train
mp-6134,LiCaAlF6,Trigonal,P-31c,18,train
mp-757,,,,8,train
mp-505158,CsHoS2,Trigonal,R-3m,4,train
mp-568606,CsErTa6Cl18,Trigonal,P-31c,52,train
mp-643710,Cs3B12H12I,Trigonal,R-3m,28,train
mp-31043,H5NF2,Orthorhombic,Pmna,32,train
mp-27193,RbIO3,Trigonal,R3m,5,train
mp-9361,RbLaS2,Trigonal,R-3m,4,train
mp-1079778,Sr2ZnWO6,Tetragonal,I4/m,10,train
mp-1876,SnS,Cubic,Fm-3m,2,train
mp-10733,Sm2O3,Trigonal,P-3m1,5,train
mp-1517464,NaZrNbSnO6,Cubic,F-43m,10,train
mp-556742,GaS,Hexagonal,P6_3/mmc,8,train
mp-997182,C,Hexagonal,P6_3/mmc,4,train
mp-21892,Al2PbO4,Orthorhombic,Ama2,14,train
mp-1536,KSb,Monoclinic,P2_1/c,16,train
mp-1205824,ScTl3F6,Cubic,Fm-3m,10,train
mp-1181925,CaScCu3Se4,Cubic,P-43m,9,train
mp-1192709,Cs3Ho2Br9,Trigonal,R-3c,28,train
mp-1104062,Sr(GaSe2)2,Orthorhombic,Cccm,14,train
mp-1209328,PrSI,Orthorhombic,Pbca,24,train
mp-1545003,SbBr3,Orthorhombic,Pnma,16,train
mp-1104024,Cs2GeSe4,Monoclinic,C2/m,14,train
mp-554082,Ho2Hf2O7,Cubic,Fd-3m,22,train
mp-9268,KSe,Hexagonal,P-62m,12,train
mp-15783,KSmS2,Trigonal,R-3m,4,train
mp-5706,SnPSe3,Monoclinic,P2_1/c,20,train
mp-758997,LiCuCO3,Hexagonal,P-6,18,train
mp-25301,Ti(SiO3)2,Monoclinic,C2/c,18,train
mp-1215985,YErAl2O6,Orthorhombic,Pmc2_1,20,train
mp-1200935,Ba2GaSbTe5,Orthorhombic,Pnma,36,train
mp-1019531,BaAl2Si3(NO)4,Orthorhombic,Cmc2_1,28,train
mp-4156,Li2ZrO3,Monoclinic,C2/c,12,train
mp-7670,K2Se3,Orthorhombic,Cmc2_1,10,train
mp-555092,K3WS3ClO,Orthorhombic,Pca2_1,36,train
mp-23764,Mg3Si2H4O9,Trigonal,P31m,18,train
mp-10953,Sc2CdS4,Cubic,Fd-3m,14,train
mp-7232,Cs2HgO2,Tetragonal,I4/mmm,5,train
mp-5598,Sm2SO2,Trigonal,P-3m1,5,train
mp-1009750,,,,2,train
mp-18529,Tm2S3,Cubic,Ia-3,40,train
mp-1520572,Na2CeWO6,Cubic,Fm-3m,10,train
mp-29403,,,,6,train
mp-17207,Tl4GeS4,Monoclinic,Cc,18,train
mp-755121,TiBi2O5,Orthorhombic,Cmcm,16,train
mp-5038,CsGaS2,Monoclinic,C2/c,8,train
mp-998599,,,,10,train
mp-1102486,SmPO4,Tetragonal,I4_1/amd,12,train
mp-1206730,Sr2MgMoO6,Cubic,Fm-3m,10,train
mp-984055,Ca7(H6Cl)2,Hexagonal,P-6,21,train
mp-1226675,Cs8Na4Y3HoCl24,Tetragonal,P4/mmm,40,train
mp-8207,,,,10,train
mp-752419,SrCaI4,Monoclinic,P2_1/c,24,train
mp-6473,Ca5P3O12F,Hexagonal,P6_3/m,42,train
mp-1518723,Ca2LaSbO6,Cubic,Fm-3m,10,train
mp-28423,,,,10,train
mp-27573,NaSb3F10,Hexagonal,P6_3,28,train
mp-1518977,BaCeNbInO6,Cubic,F-43m,10,train
mp-1178172,Ho2TeO2,Hexagonal,P6_3/mmc,10,train
mp-1188267,Bi2O3,Cubic,Fd-3m,20,train
mp-1019528,Ba2Mg(BO2)6,Trigonal,R-3,21,train
mp-1112988,Cs2NaGaCl6,Cubic,Fm-3m,10,train
mp-567681,CsPbBr3,Orthorhombic,Pnma,20,train
mp-1249,MgF2,Tetragonal,P4_2/mnm,6,train
mp-1518765,KNdNb4O12,Orthorhombic,Amm2,18,train
mp-557437,KBi(PS3)2,Monoclinic,P2_1,20,train
mp-985590,SiO2,Orthorhombic,Pnnm,24,train
mp-10779,RbNdSe2,Trigonal,R-3m,4,train
mp-29826,ZnCN2,Tetragonal,I-42d,16,train
mp-1192376,Ba3AlAs3,Orthorhombic,Cmce,28,train
mp-614572,Ca3InP3,Orthorhombic,Pnma,28,train
mp-28222,Rb3Sb2Br9,Trigonal,P-3m1,14,train
mp-628782,V3Pb5ClO12,Hexagonal,P6_3/m,42,train
mp-756810,Sr3Ta4(O6F)2,Trigonal,R-3m,21,train
mp-1043414,MgTi2(PO5)2,Orthorhombic,Fdd2,30,train
mp-1227217,CaTaNO2,Monoclinic,P2_1/c,20,train
mp-866503,Ca2SnS4,Orthorhombic,Pnma,28,train
mp-1228067,Ba2ZrSnO6,Cubic,Fm-3m,10,train
mp-554142,Ge(TeO3)2,Monoclinic,P2_1/c,18,train
mp-3419,,,,12,train
mp-2739239,TiO2,Orthorhombic,Pnma,24,train
mp-754668,Hf3N2O3,Monoclinic,Cm,16,train
mp-1111736,Rb2AlAgBr6,Cubic,Fm-3m,10,train
mp-675902,YCuSe2,Trigonal,P3m1,4,train
mp-5478,,,,16,train
mp-1221224,Na3BrCl2,Trigonal,P-3m1,6,train
mp-769997,La2Ti3O9,Hexagonal,P6_3/m,28,train
mp-1192043,MgO,Orthorhombic,Ibam,24,train
mp-623862,Rb3Tm2Cu4Br13,Cubic,Pn-3,44,train
mp-28244,TlBO2,Tetragonal,P4_1,32,train
mp-684017,Y2Te4O11,Monoclinic,C2/c,34,train
mp-9263,KErTe2,Trigonal,R-3m,4,train
mp-554236,Ca5P3ClO12,Hexagonal,P6_3/m,42,train
mp-12903,,,,8,train
mp-37436,Li7SbO6,Triclinic,P1,14,train
mp-1220289,Nd3SOF5,Monoclinic,Pm,20,train
mp-625184,Sr(HO)2,Orthorhombic,Pnma,20,train
mp-628185,K3NaSn3Se8,Tetragonal,P4/nbm,30,train
mp-570935,LiI,Hexagonal,P6_3mc,4,train
mp-1195678,BaC2(NO)2,Trigonal,R-3c,42,train
mp-30456,SrLiBi,Orthorhombic,Pnma,12,train
mp-23425,,,,9,train
mp-28377,,,,5,train
mp-8351,NaAlSiO4,Cubic,P2_13,28,train
mp-7998,Li2Ge2O5,Orthorhombic,Ccc2,18,train
mp-33690,PrSO,Monoclinic,C2/m,12,train
mp-1110755,K2RbPrCl6,Cubic,Fm-3m,10,train
mp-1217789,SrSmGa3O7,Orthorhombic,Cmm2,24,train
mp-1105955,Er3Cu3Sb4,Cubic,I-43d,20,train
mp-556953,,,,10,train
mp-1246202,Mg5(SiN3)2,Monoclinic,C2/c,26,train
mp-27063,Li2CuPO4,Monoclinic,Pc,16,train
mp-1500,,,,2,train
mp-1229077,AlIn(CuS2)2,Tetragonal,I-4,8,train
mp-1112112,Cs2TlAsBr6,Cubic,Fm-3m,10,train
mp-19034,Mg3V2O8,Orthorhombic,Cmce,26,train
mp-1218576,Sr3ZrTi2O9,Monoclinic,C2/m,30,train
mp-1202830,Mg(BH4)2,Cubic,Fd-3m,44,train
mp-10492,Rb2SiF6,Cubic,Fm-3m,9,train
mp-1112518,Cs2RbGaBr6,Cubic,Fm-3m,10,train
mp-22919,,,,2,train
mp-560830,Nd3Si2ClO8,Monoclinic,C2/c,28,train
mp-1228170,Al5AgS8,Cubic,F-43m,14,train
mp-1147642,Ba2NbBiO6,Trigonal,R-3,10,train
mp-1519955,BaSrCaWO6,Cubic,F-43m,10,train
mp-1219252,ScTlF6,Trigonal,R-3,8,train
mp-1025522,ThTe3,Monoclinic,P2_1/m,8,train
mp-1110736,Rb3AlBr6,Cubic,Fm-3m,10,train
mp-568779,Tb3CuSiSe7,Hexagonal,P6_3,24,train
mp-3593,Ta2Sn2O7,Cubic,Fd-3m,22,train
mp-557142,Li2S,Hexagonal,P6_3/mmc,6,train
mp-753418,SrNd2O4,Cubic,Fd-3m,14,train
mp-1517869,Sr2PrVO6,Cubic,Fm-3m,10,train
mp-924130,TiNiSn,Cubic,F-43m,3,train
mp-1222251,Mg3Te2Pb6WO18,Trigonal,P-3m1,30,train
mp-558226,H2O,Orthorhombic,P2_12_12_1,36,train
mp-755541,Cs3YO3,Monoclinic,C2/m,14,train
mp-1220980,NaNd(MoO4)2,Tetragonal,I-4,12,train
mp-997106,AgRhO2,Hexagonal,P6_3/mmc,8,train
mp-1096960,CsY(MoO4)2,Orthorhombic,Pccm,24,train
mp-976347,Kr,Hexagonal,P6_3/mmc,4,train
mp-962057,SrCaSi,Cubic,F-43m,3,train
mp-7928,K2PtS2,Orthorhombic,Immm,5,train
mp-28611,ThTa2O7,Monoclinic,C2/m,20,train
mp-1096926,Cs2InAgCl6,Cubic,Fm-3m,10,train
mp-1111365,Li2AgAsF6,Cubic,Fm-3m,10,train
mp-1112991,Cs3InCl6,Cubic,Fm-3m,10,train
mp-761118,Ti7Sn3O20,Orthorhombic,Cmmm,30,train
mp-1181689,Cs3Ba4C3O9F5,Hexagonal,P6_3mc,48,train
mp-561072,Sr2DySbO6,Monoclinic,P2_1/c,20,train
mp-990448,C,Hexagonal,P6/mmm,2,train
mp-23260,BaI2,Orthorhombic,Pnma,12,train
mp-471,CdAs2,Tetragonal,I4_122,6,train
mp-572512,Cs2LaTa6(Br5O)3,Trigonal,P-31c,54,train
mp-1227039,CaUO4,Tetragonal,P4/mmm,6,train
mp-4471,ScAlO3,Orthorhombic,Pnma,20,train
mp-10417,,,,8,train
mp-1219604,RbPrTiNbO6F,Orthorhombic,Pmm2,11,train
mp-1213159,CsSc(SO4)2,Trigonal,P-3m1,12,train
mp-1084796,CaZn3Se4,Cubic,P-43m,8,train
mp-1522542,BaHfZrSnO6,Cubic,F-43m,10,train
mp-3931,SmSF,Tetragonal,P4/nmm,6,train
mp-556747,Ag3SNO3,Cubic,P2_13,32,train
mp-1113264,Cs2AgBiI6,Cubic,Fm-3m,10,train
mp-1071956,TiNF,Orthorhombic,Pmmn,6,train
mp-4824,,,,6,train
mp-1181597,CsCu3GeSe4,Cubic,P-43m,9,train
mp-558428,Ba9Sc2(SiO4)6,Trigonal,R-3,41,train
mp-1110633,KRb2ScI6,Cubic,Fm-3m,10,train
mp-8147,,,,10,train
mp-1105695,Er3Sb4Au3,Cubic,I-43d,20,train
mp-9322,Rb2Sn2Se5,Monoclinic,C2/c,18,train
mp-1223508,KLuTa2O7,Orthorhombic,Imma,22,train
mp-5960,Ca3UO6,Monoclinic,P2_1/c,20,train
mp-1222712,LaV2BiO8,Tetragonal,I-4m2,12,train
mp-1207082,LiMgSb,Cubic,F-43m,3,train
mp-5513,Tl3VS4,Cubic,I-43m,8,train
mp-1173397,Sc3NbO7,Monoclinic,P2/c,22,train
mp-540951,Na2Sr(PO3)4,Tetragonal,P4/nbm,38,train
mp-13872,Cu8SiS6,Orthorhombic,Pmn2_1,30,train
mp-1113747,Rb2LiAlF6,Cubic,Fm-3m,10,train
mp-616378,CsSnI3,Tetragonal,P4/mbm,10,train
mp-4406,CaSO4,Orthorhombic,Cmcm,12,train
mp-9008,,,,6,train
mp-4309,BaGa4S7,Orthorhombic,Pmn2_1,24,train
mp-1221154,Na4Sr2SiAs4,Monoclinic,Cc,22,train
mp-8354,LaF3,Hexagonal,P6_3/mmc,8,train
mp-1112179,K2ScInF6,Cubic,Fm-3m,10,train
mp-29751,,,,10,train
mp-754211,SrLa2O4,Cubic,Fd-3m,14,train
mp-1113280,Cs2AlInCl6,Cubic,Fm-3m,10,train
mp-1110754,K2RbSbBr6,Cubic,Fm-3m,10,train
mp-631545,LiBBr2,Cubic,F-43m,4,train
mp-1220314,NbO2F,Tetragonal,P4/mmm,4,train
mp-32736,Er2Se3,Tetragonal,I-42d,40,train
mp-10250,BaLiF3,Cubic,Pm-3m,5,train
mp-552806,BaBiClO2,Orthorhombic,Cmcm,10,train
mp-17133,Ba3(AlN2)2,Orthorhombic,Pnna,36,train
mp-1213699,CsAlZnF6,Orthorhombic,Pnma,36,train
mp-542112,CaZrO3,Cubic,Pm-3m,5,train
mp-1009009,LiF,Cubic,Pm-3m,2,train
mp-16848,Tl3PS4,Orthorhombic,Pnma,32,train
mp-551736,K4CO4,Cubic,P-43m,9,train
mp-21445,Ba3In2O5F2,Tetragonal,I4/mmm,12,train
mp-16764,,,,8,train
mp-1113288,Rb2ErCuCl6,Cubic,Fm-3m,10,train
mp-28557,Ag2PdCl4,Orthorhombic,Cmce,14,train
mp-1105136,YTl(PSe3)2,Monoclinic,P2_1,20,train
mp-10913,GeO2,Orthorhombic,Pbcn,12,train
mp-697144,RbH2N,Monoclinic,P2_1/m,8,train
mp-12491,,,,12,train
mp-756888,La2(SiO3)3,Hexagonal,P6_3/m,28,train
mp-863745,RbSrCO3F,Hexagonal,P-6m2,7,train
mp-24424,BaHBr,Tetragonal,P4/nmm,6,train
mp-752605,LiAgF3,Monoclinic,C2/c,20,train
mp-758604,LiAgF2,Tetragonal,I-42d,8,train
mp-1041556,Ca(SnO2)2,Orthorhombic,Imma,14,train
mp-772191,Tm2TeO6,Trigonal,P321,27,train
mp-555472,Na4Zr2(SiO4)3,Trigonal,R-3c,42,train
mp-863024,RbBaTaS4,Orthorhombic,Pnma,28,train
mp-1222787,LaTiNbO6,Monoclinic,C2,18,train
mp-1213213,CsTm(WO4)2,Trigonal,P-3m1,12,train
mp-707530,Na3AlP2H2O9,Monoclinic,C2/m,34,train
mp-758196,Mg3(AsO4)2,Tetragonal,I-4,39,train
mp-9610,,,,5,train
mp-753508,LiCuS,Orthorhombic,Pnma,12,train
mp-1110740,Rb2NaNdBr6,Cubic,Fm-3m,10,train
mp-1211452,LaSBr,Orthorhombic,Pbca,24,train
mp-608555,Cs2SnCl6,Cubic,Fm-3m,9,train
mp-770648,Li8ZrO6,Hexagonal,P6_3cm,30,train
mp-1394,Rb2O,Cubic,Fm-3m,6,train
mp-768296,Ti3Bi2(PO4)6,Trigonal,R3,35,train
mp-1232369,MgCdTe2,Tetragonal,I-42d,8,train
mp-10627,,,,2,train
mp-1221146,Na4Si2PbSe6,Monoclinic,C2,13,train
mp-1112565,Cs2TlCoF6,Cubic,Fm-3m,10,train
mp-1238933,CaSnS3,Orthorhombic,Pmc2_1,20,train
mp-510273,,,,8,train
mp-1215249,ZrNb2ZnO8,Monoclinic,P2,12,train
mp-558349,Ba5P3ClO12,Hexagonal,P6_3/m,42,train
mp-555147,SiO2,Monoclinic,Cc,12,train
mp-560501,Tb3CuSiS7,Hexagonal,P6_3,24,train
mp-558828,K3Nb3(BO6)2,Trigonal,P31m,20,train
mp-30251,YAuO2,Hexagonal,P6_3/mmc,8,train
mp-999126,NaTbS2,Trigonal,R-3m,4,train
mp-1102836,BiIrS,Cubic,P2_13,12,train
mp-5560,Cd3(BO3)2,Orthorhombic,Pnnm,22,train
mp-561291,SiO2,Tetragonal,P-4c2,24,train
mp-862539,BH6CN3F4,Trigonal,R3m,15,train
mp-3855,Na2BeF4,Monoclinic,P2_1/c,28,train
mp-1111421,K3LuCl6,Cubic,Fm-3m,10,train
mp-28967,Ba(PdS2)2,Monoclinic,P2_1/m,14,train
mp-504962,K2Na3InO4,Orthorhombic,Pnnm,40,train
mp-29012,Tl2AgI3,Trigonal,R-3,18,train
mp-1020112,Mg2SiO4,Orthorhombic,Cmc2_1,14,train
mp-1113839,Na2LiDyCl6,Cubic,Fm-3m,10,train
mp-1034896,Mg14ZnSiO16,Tetragonal,P4/mmm,32,train
mp-676934,KCaNd(PO4)2,Hexagonal,P6_4,39,train
mp-1110700,Rb2NaSbBr6,Cubic,Fm-3m,10,train
mp-7670,K2Se3,Orthorhombic,Cmc2_1,10,train
mp-4274,SrTeO4,Orthorhombic,Pbcn,24,train
mp-13947,Rb2HfF6,Trigonal,P-3m1,9,train
mp-1095649,Sr2H3NO6,Hexagonal,P-62m,12,train
mp-1113967,Rb2NaAsCl6,Cubic,Fm-3m,10,train
mp-9781,K3SbS4,Orthorhombic,Cmc2_1,16,train
mp-4495,,,,6,train
mp-1194650,CsH3CN2O,Orthorhombic,P2_12_12_1,32,train
mp-1188730,Pr(HoS2)3,Monoclinic,P2_1/m,20,train
mp-1101351,Sr3GeO5,Tetragonal,P4/ncc,36,train
mp-28224,Hg2AsCl2,Monoclinic,C2/m,20,train
mp-756406,Li2Zr2O5,Monoclinic,C2/c,18,train
mp-1110811,Rb2AgBiBr6,Cubic,Fm-3m,10,train
mp-1110904,Na2LiInF6,Cubic,Fm-3m,10,train
mp-961660,TiFeSe,Cubic,F-43m,3,train
mp-1110795,Rb2ScAgCl6,Cubic,Fm-3m,10,train
mp-560725,ZnS,Hexagonal,P6_3mc,32,train
mp-1206458,LiLa2VO6,Cubic,Fm-3m,10,train
mp-1170,SnS2,Trigonal,P-3m1,3,train
mp-1112116,Cs2RbTlBr6,Cubic,Fm-3m,10,train
mp-3347302,CaMg2(CO3)3,Trigonal,P-3,30,train
mp-1111534,Na2InAgCl6,Cubic,Fm-3m,10,train
mp-863033,Rb4P2PbSe8,Orthorhombic,Ibam,30,train
mp-1221217,Na3LiV4O12,Monoclinic,C2,20,train
mp-4342,KNbO3,Tetragonal,P4mm,5,train
mp-754118,Sr(AsO3)2,Trigonal,P-31m,9,train
mp-1112965,Cs3ScF6,Cubic,Fm-3m,10,train
mp-1520571,Ba2CaWO6,Cubic,Pn-3,40,train
mp-1521418,KNdNbInO6,Cubic,F-43m,10,train
mp-6204,Cs2NaScF6,Cubic,Fm-3m,10,train
mp-1194272,ZrF4,Monoclinic,C2/c,30,train
mp-8666,CsAgO,Tetragonal,I4/mmm,12,train
mp-1517712,SrCaTbVO6,Cubic,F-43m,10,train
mp-754989,Er(BiO2)3,Trigonal,R-3,20,train
mp-2175,,,,2,train
mp-1211303,KHg5Br11,Monoclinic,C2/m,17,train
mp-1197947,La2HfS5,Orthorhombic,Pnma,32,train
mp-1016200,MgGeAs2,Tetragonal,I-42d,8,train
mp-867193,Sr2BiAu,Cubic,Fm-3m,4,train
mp-1020623,ZnSiO3,Trigonal,R-3,10,train
mp-570935,LiI,Hexagonal,P6_3mc,4,train
mp-1110907,K2PrCuBr6,Cubic,Fm-3m,10,train
mp-756342,AgBrO4,Tetragonal,I4_1/a,12,train
mp-771697,La2Ga4O9,Orthorhombic,Pbam,30,train
mp-1215555,Zn2Si2As3P,Monoclinic,C2,8,train
mp-8704,K3SbSe4,Trigonal,R3c,16,train
mp-779389,CsClO3,Monoclinic,P2_1/m,10,train
mp-1113520,Cs2ScInBr6,Cubic,Fm-3m,10,train
mp-1208575,Tb(ClO4)3,Hexagonal,P6_3/m,32,train
mp-5962,,,,6,train
mp-1522321,KSrCeSbO6,Tetragonal,P4_2/nnm,40,train
mp-1113062,Cs2YInF6,Cubic,Fm-3m,10,train
mp-1101461,Rb2ZrO3,Orthorhombic,Pnma,24,train
mp-1227988,BaBe2(PO4)2,Trigonal,P-3m1,13,train
mp-7958,KLaO2,Trigonal,R-3m,4,train
mp-23100,Sr2LuBiO6,Monoclinic,P2_1/c,20,train
mp-1112480,K2AgAsCl6,Cubic,Fm-3m,10,train
mp-23059,Rb2SnCl6,Cubic,Fm-3m,9,train
mp-1029258,Ca(ZnN)2,Trigonal,P-3m1,5,train
mp-9774,Ba4Sb2O,Tetragonal,I4/mmm,7,train
mp-976876,K2PtC2,Trigonal,P-3m1,5,train
mp-3164,BaSO4,Orthorhombic,Pnma,24,train
mp-989575,,,,10,train
mp-1226877,CdPb3Se4,Trigonal,R-3m,8,train
mp-9855,,,,12,train
mp-1520344,KCaZrNbO6,Cubic,F-43m,10,train
mp-1205345,Sb2O3,Monoclinic,P2_1/c,20,train
mp-1559,Mg3N2,Cubic,Ia-3,40,train
mp-1228110,Ba3TiZnWO9,Hexagonal,P6_3mc,30,train
mp-1224023,K3H(SO4)2,Monoclinic,C2/m,14,train
mp-6246,Ca2CO3F2,Orthorhombic,Pbcn,32,train
mp-675436,Sm2Zr2O7,Orthorhombic,Pmma,22,train
mp-1019888,KNa2BN2,Tetragonal,I4/mmm,6,train
mp-1518992,KZrGeBiO6,Cubic,F-43m,10,train
mp-7104,CsCaF3,Cubic,Pm-3m,5,train
mp-22956,,,,7,train
mp-17513,Ba4Tb2Cd3S10,Orthorhombic,Cmc2_1,38,train
mp-568556,Mg2B24C,Tetragonal,P-4n2,54,train
mp-23617,Mg3B7ClO13,Cubic,F-43c,48,train
mp-1101363,Sr3CaI8,Tetragonal,I4/mmm,12,train
mp-2695,,,,6,train
mp-1029943,Ca3GaN3,Hexagonal,P6_3/m,14,train
mp-18781,CrCdO4,Orthorhombic,Cmcm,12,train
mp-1184150,ErAlO3,Cubic,Pm-3m,5,train
mp-559391,Pr3Si2Cl3O7,Monoclinic,P2_1,30,train
mp-1110958,K3GaI6,Cubic,Fm-3m,10,train
mp-999549,,,,3,train
mp-1227380,Ca(YTe2)2,Monoclinic,P2/m,7,train
mp-22660,,,,4,train
mp-5348,,,,10,train
mp-28324,Sr3(InP2)2,Orthorhombic,Pnnm,18,train
mp-22883,PbI2,Trigonal,R-3m,3,train
mp-675818,Li11TiAs5,Monoclinic,Cm,17,train
mp-27265,AuClO,Trigonal,R-3,18,train
mp-29956,Hg3(SI)2,Orthorhombic,Imma,28,train
mp-23691,Tl(BH)6,Cubic,Fm-3,26,train
mp-17481,Mg4Ta2O9,Trigonal,P-3c1,30,train
mp-15844,TaPO5,Tetragonal,P4/nmm,14,train
mp-1047018,CaBiAsO5,Orthorhombic,P2_12_12_1,32,train
mp-1111786,Rb2YAuI6,Cubic,Fm-3m,10,train
mp-1197714,Rb3TeH6(ClO2)3,Trigonal,R-3c,38,train
mp-23576,CsSbClF3,Tetragonal,I-42m,24,train
mp-1205533,TlSnI3,Orthorhombic,Cmcm,10,train
mp-891956,Ca10V6O25,Hexagonal,P-6,41,train
mp-770806,Sm2TiO5,Orthorhombic,Pnma,32,train
mp-546279,ScBrO,Orthorhombic,Pmmn,6,train
mp-1043818,TiZnBi(PO4)3,Trigonal,R3c,36,train
mp-1219479,Sb4Se3SI4,Monoclinic,Pm,12,train
mp-570097,Sr(Li2P)2,Trigonal,R-3m,7,train
mp-1188375,Sr3UO6,Monoclinic,P2_1/c,20,train
mp-1412222,TlCdF3,Trigonal,R3m,5,train
mp-1522191,KTbPrNbO6,Cubic,F-43m,10,train
mp-27562,,,,9,train
mp-20782,LiInTe2,Tetragonal,I-42d,8,train
mp-1111102,K2TlCoF6,Cubic,Fm-3m,10,train
mp-1112138,Cs2NaTlBr6,Cubic,Fm-3m,10,train
mp-1114014,Rb2NaSmCl6,Cubic,Fm-3m,10,train
mp-673633,In2S3,Monoclinic,Cc,10,train
mp-773455,V2SnO7,Cubic,Pa-3,40,train
mp-7198,SrPSe3,Monoclinic,P2_1/c,20,train
mp-16605,Sr2TmTaO6,Monoclinic,P2_1/c,20,train
mp-644302,NaHSeO4,Monoclinic,P2_1/c,28,train
mp-1220714,NaLaS2,Trigonal,R-3m,4,train
mp-1208902,Sm2ZnPtO6,Monoclinic,P2_1/c,20,train
mp-1960,Li2O,Cubic,Fm-3m,3,train
mp-1113523,Cs2LaCuCl6,Cubic,Fm-3m,10,train
mp-1025461,PrBrO2,Monoclinic,P2_1/m,8,train
mp-985278,AcF3,Tetragonal,I4/mmm,4,train
mp-774745,Li3CuS3,Tetragonal,P4_2/mnm,28,train
mp-1285,,,,6,train
mp-1521771,BaSrLaNbO6,Cubic,F-43m,10,train
mp-1110759,K2RbBiCl6,Cubic,Fm-3m,10,train
mp-556066,Sr2LiSiO4F,Monoclinic,P2_1/m,18,train
mp-1101841,POsSe,Monoclinic,P2_1/c,12,train
mp-1198150,Bi2Se3,Tetragonal,P4_2/nmc,40,train
mp-560831,Na6P4Pb3S16,Trigonal,R3m,29,train
mp-2679737,Tl2CS3,Monoclinic,C2/c,12,train
mp-13277,BaLiP,Hexagonal,P6_3/mmc,6,train
mp-1211709,K2RbHoV2O8,Trigonal,P-3m1,14,train
mp-2228996,MgTe3WO12,Monoclinic,P2,17,train
mp-8133,LaPO4,Hexagonal,P6_222,18,train
mp-1216157,Y6Al2SiS14,Trigonal,P3,23,train
mp-8799,,,,6,train
mp-641,As2S3,Monoclinic,P2_1/c,20,train
mp-1080265,CeSe2,Cubic,Fm-3m,9,train
mp-844,Ca3N2,Cubic,Ia-3,40,train
mp-1227255,CaCeV2O8,Tetragonal,I-4m2,12,train
mp-2254,Al2O3,Orthorhombic,Pna2_1,40,train
mp-616440,C,Hexagonal,P6_3/mmc,16,train
mp-1209583,Rb2LaNb5O15,Tetragonal,P4/mbm,46,train
mp-23063,Ba4Cl6O,Hexagonal,P6_3mc,22,train
mp-676023,NaY3F10,Tetragonal,P4_2/mmc,28,train
mp-777394,Sn2N2O,Trigonal,P-3m1,40,train
mp-673833,Li7VAs4,Monoclinic,C2/c,24,train
mp-18132,K4SnSe4,Orthorhombic,Pnma,36,train
mp-1110734,Rb3BiCl6,Cubic,Fm-3m,10,train
mp-568328,FeP4,Orthorhombic,C222_1,10,train
mp-1178449,CsLaO2,Hexagonal,P6_3/mmc,8,train
mp-11583,Zr2SN2,Hexagonal,P6_3/mmc,10,train
mp-571057,KY(PSe3)2,Orthorhombic,P2_12_12_1,40,train
mp-23713,CaH2,Orthorhombic,Pnma,12,train
mp-1112057,CsK2AlI6,Cubic,Fm-3m,10,train
mp-30248,LiMoS2,Triclinic,P-1,16,train
mp-1519260,BaNaPrWO6,Cubic,F-43m,10,train
mp-1220031,Pr2(MoO4)3,Monoclinic,C2/c,34,train
mp-753917,Y2HfO5,Monoclinic,C2/c,16,train
mp-1195664,Sr2P7Br,Cubic,P2_13,40,train
mp-38725,NaBH4,Tetragonal,P4_2/nmc,12,train
mp-1110680,Rb2LiSbCl6,Cubic,Fm-3m,10,train
mp-22526,LiCoO2,Trigonal,R-3m,4,train
mp-1080135,SrZnAsF,Tetragonal,P4/nmm,8,train
mp-16764,RbYTe2,Hexagonal,P6_3/mmc,8,train
mp-1111712,Rb2YAuBr6,Cubic,Fm-3m,10,train
mp-30157,Dy3S2Cl5,Orthorhombic,Pnma,40,train
mp-1205521,CaTlBr3,Orthorhombic,Cmcm,10,train
mp-754055,CsErO2,Hexagonal,P6_3/mmc,8,train
aaacgzdl,SrCaMg14O16,Orthorhombic,Pmmm,32,train
mp-8037,BaThO3,Cubic,Pm-3m,5,train
mp-27809,Ba(GeP)2,Tetragonal,P4_2mc,20,train
mp-753923,Cs3HoO3,Monoclinic,C2/m,14,train
mp-29909,Ba4I6O,Hexagonal,P6_3mc,22,train
mp-1216585,Tl4Br3Cl,Tetragonal,P4/mmm,8,train
mp-1228218,Ba4Ti5PbO15,Tetragonal,P4/mmm,25,train
mp-1521543,BaCaCeHfO6,Orthorhombic,P222,40,train
mp-2133,ZnO,Hexagonal,P6_3mc,4,train
mp-1228745,AsRhS,Cubic,P2_13,12,train
mp-28029,TcP3,Orthorhombic,Pnma,16,train
mp-779428,Sr4HfO6,Trigonal,R-3c,22,train
mp-643248,Na2AlH4ClO4,Tetragonal,P4/nmm,24,train
mp-8277,Sr(CdP)2,Trigonal,P-3m1,5,train
mp-556807,BaWO4,Orthorhombic,Cmcm,12,train
mp-637194,Cs3Sc2Cl9,Trigonal,R-3c,28,train
mp-7087,SiO2,Hexagonal,P6_3/mmc,12,train
mp-1211281,La3HfGa5O14,Trigonal,P321,23,train
mp-769025,K2Mg2O3,Tetragonal,P4_32_12,28,train
mp-1070,,,,4,train
mp-1222852,LaNdZr2O7,Orthorhombic,Imma,22,train
mp-1024069,Na2Zn3S4,Orthorhombic,Ibam,18,train
mp-1247112,Mg7SnN6,Orthorhombic,Ibam,28,train
mp-561383,CsOsNO3,Orthorhombic,Pnma,24,train
mp-10784,RbErSe2,Trigonal,R-3m,4,train
mp-1211538,KNdTiO4,Orthorhombic,Pbcm,28,train
mp-7642,,,,8,train
mp-9248,Cu2SiS3,Orthorhombic,Cmc2_1,12,train
mp-752581,Sr2HfO4,Tetragonal,I4_1/acd,28,train
mp-581749,CsTm2Cu3Se5,Orthorhombic,Cmcm,22,train
mp-558748,Sc2O3,Monoclinic,C2/m,15,train
mp-3395,SrSeO3,Monoclinic,P2_1/m,10,train
mp-1210309,Na3TbBr6,Monoclinic,P2_1/c,20,train
mp-3188,Zn(SbO3)2,Tetragonal,P4_2/mnm,18,train
mp-1521200,KCaSmWO6,Cubic,F-43m,10,train
mp-1220800,NaVMoO6,Monoclinic,Cm,9,train
mp-1111310,Cs2TaCuF6,Cubic,Fm-3m,10,train
mp-1225952,CsNbWO6,Orthorhombic,Imma,18,train
mp-1110727,Rb3ScBr6,Cubic,Fm-3m,10,train
mp-5492,SrAl2O4,Hexagonal,P6_3,42,train
mp-1110798,Na3GaBr6,Cubic,Fm-3m,10,train
mp-1110960,K3BiI6,Cubic,Fm-3m,10,train
mp-779012,Tm3TaO7,Orthorhombic,Cmcm,22,train
mp-1218014,SrPrAl3O7,Orthorhombic,Cmm2,24,train
mp-24336,MgH4(ClO)2,Monoclinic,C2/m,9,train
mp-989566,Rb2InGaF6,Cubic,Fm-3m,10,train
mp-6474,Ba3MgNb2O9,Trigonal,P-3m1,15,train
mp-1205998,Rb3TmF6,Cubic,Fm-3m,10,train
mp-3395,,,,10,train
mp-16831,CaTi4(PO4)6,Trigonal,R-3,35,train
mp-31755,Ta2FeO6,Tetragonal,P4_2/mnm,18,train
mp-20863,Sb2Pt2O7,Cubic,Fd-3m,22,train
mp-32244,LiNbWO6,Tetragonal,P-42_1m,18,train
mp-555070,BaBe2(BO3)2,Orthorhombic,Fddd,22,train
mp-752754,Hf2N2O,Orthorhombic,Pnma,20,train
mp-2809,Sb2S3,Orthorhombic,Pnma,20,train
mp-557855,CaGaBO4,Orthorhombic,Ccc2,28,train
mp-1012551,BaBrCl,Orthorhombic,Pnma,12,train
mp-1232284,Tb2MgSe4,Orthorhombic,Pnma,28,train
mp-675104,Na3YCl6,Trigonal,R-3,10,train
mp-556247,Dy3S3N,Orthorhombic,Pnma,28,train
mp-1221282,Na2U2O7,Monoclinic,Pm,11,train
mp-1521926,BaSrSmNbO6,Cubic,F-43m,10,train
mp-553875,Zr2SN2,Trigonal,P-3m1,5,train
mp-1111125,K2TlSbF6,Cubic,Fm-3m,10,train
mp-1096942,CsBiSe2,Trigonal,P3m1,4,train
mp-28940,Sr4Nb2O9,Hexagonal,P6_3/m,30,train
mp-1445473,CaLa2TiO6,Trigonal,R-3,10,train
mp-1219584,RbNO3,Trigonal,R3m,5,train
mp-1111366,Li2AlAgF6,Cubic,Fm-3m,10,train
mp-1009220,NaH,Cubic,Pm-3m,2,train
mp-7017,NaNbN2,Trigonal,R-3m,4,train
mp-29164,SrBiO3,Monoclinic,P2_1/c,20,train
mp-989531,,,,10,train
mp-1974734,Ta2O5,Orthorhombic,Pbam,14,train
mp-1212147,HfTlCdF7,Orthorhombic,Cmcm,20,train
mp-13151,BN,Tetragonal,P4_2/mnm,8,train
mp-8059,SiO2,Cubic,P2_13,24,train
mp-6674,LiLa2SbO6,Monoclinic,P2_1/c,20,train
mp-39033,Sr(NdSe2)2,Tetragonal,I-42d,14,train
mp-1223394,KTaTiO5,Orthorhombic,Pnma,32,train
mp-27747,PdI2,Monoclinic,P2_1/c,12,train
mp-1185301,LiF,Hexagonal,P6_3mc,4,train
mp-1182902,AlF3,Orthorhombic,Cmmm,8,train
mp-27549,K2AgBi,Orthorhombic,Cmcm,8,train
mp-1246631,Li3V6N11,Tetragonal,P4bm,40,train
mp-15339,Sr3As4,Orthorhombic,Fdd2,14,train
mp-626724,LaHO2,Monoclinic,P2_1/m,8,train
mp-14070,,,,8,train
mp-10485,,,,6,train
mp-4571,CaZrO3,Orthorhombic,Pnma,20,train
mp-1205542,Rb2NaTbF6,Cubic,Fm-3m,10,train
mp-1036563,KMg14AlO16,Tetragonal,P4/mmm,32,train
mp-1522037,BaPrDyTiO6,Cubic,F-43m,10,train
mp-1179266,Y2SiO5,Monoclinic,P2_1/c,32,train
mp-15704,,,,8,train
mp-19803,CdIn2O4,Cubic,Fd-3m,14,train
mp-1245535,CdGeN2,Orthorhombic,Pna2_1,16,train
mp-1079918,CaCO3,Triclinic,P-1,10,train
mp-1110662,RbInF3,Cubic,Fm-3m,10,train
mp-570803,Ba2Ge(TeSe)2,Monoclinic,P2_1/m,14,train
mp-1400963,TiO2,Tetragonal,I4/m,12,train
mp-605034,K2NiF6,Cubic,Fm-3m,9,train
mp-1227011,Cd3(CuP5)2,Trigonal,R3m,15,train
mp-4081,,,,8,train
mp-1520128,BaSrNbSbO6,Cubic,F-43m,10,train
mp-662499,RbMgCl3,Hexagonal,P6_3/mmc,30,train
mp-769228,Cs5YO4,Orthorhombic,Pmmn,20,train
mp-1179749,RbCu3GeSe4,Cubic,P-43m,9,train
mp-1521669,Ca2BiSbO6,Tetragonal,P4/mnc,20,train
mp-1523257,KNdZrTiO6,Cubic,F-43m,10,train
mp-1206689,Cs2NiAs2,Orthorhombic,Cmcm,10,train
mp-642847,Li4H6Ru,Trigonal,R-3c,22,train
mp-30239,Sr3(BS3)2,Monoclinic,C2/c,22,train
mp-2612,GeTe,Cubic,Fm-3m,2,train
mp-1176521,LiVO3,Monoclinic,C2/m,10,train
mp-29792,CaNb2O4,Orthorhombic,Pbcm,28,train
mp-5967,,,,3,train
mp-1190472,CsHo2Ag3Te5,Orthorhombic,Cmcm,22,train
mp-1518656,SrCaHfTiO6,Cubic,F-43m,10,train
mp-31468,LiCaN,Orthorhombic,Pnma,12,train
mp-1047058,CaSbAsO5,Orthorhombic,P2_12_12_1,32,train
mp-23025,LaClO,Tetragonal,P4/nmm,6,train
mp-3054,Li2CO3,Monoclinic,C2/c,12,train
mp-4044,ErAgSe2,Orthorhombic,P2_12_12_1,16,train
mp-772151,Li2Ti4O9,Trigonal,P-3c1,30,train
mp-1209932,Nd3Si6N11,Tetragonal,P4bm,40,train
mp-560685,K2Ge(IO3)6,Trigonal,R-3,27,train
mp-23432,,,,6,train
mp-10919,Rb2PtC2,Trigonal,P-3m1,5,train
mp-27833,Tl2TeCl6,Cubic,Fm-3m,9,train
mp-756942,Ba3(BrO)2,Orthorhombic,Pnma,28,train
mp-647557,ZrPbO3,Orthorhombic,Pbam,40,train
mp-1232112,Tb2MgS4,Cubic,Fd-3m,14,train
mp-1112594,Cs2RhAuF6,Cubic,Fm-3m,10,train
mp-9515,Al2SiO5,Monoclinic,C2/c,16,train
mp-1029330,Hf2SeN2,Trigonal,P-3m1,5,train
mp-24479,SrH2Br2O7,Monoclinic,C2/c,24,train
mp-1087,,,,2,train
mp-31034,ThF4,Monoclinic,C2/c,30,train
mp-557304,Sr2SiCl2O3,Tetragonal,I4/m,32,train
mp-13275,,,,9,train
mp-7027,,,,10,train
mp-757219,LiSiBiO4,Monoclinic,P2_1/c,28,train
mp-1066791,TmTlS2,Trigonal,R-3m,4,train
mp-30959,LiHS,Tetragonal,P4_2/mbc,24,train
mp-9081,CsNdS2,Trigonal,R-3m,4,train
mp-18137,TaVO5,Orthorhombic,Pnma,28,train
mp-5339,,,,6,train
mp-571010,CsEr(TaBr3)6,Trigonal,P-31c,52,train
mp-560043,KSb4F13,Tetragonal,I4/m,18,train
mp-850275,Li3SbS4,Cubic,P-43m,8,train
mp-1565,,,,3,train
mp-1110663,Rb2NaPrF6,Cubic,Fm-3m,10,train
mp-35777,,,,7,train
mp-707373,MgH12(ClO5)2,Tetragonal,P4_2/nmc,50,train
mp-1112229,K2LuCuCl6,Cubic,Fm-3m,10,train
mp-541661,LiZr2(PO4)3,Trigonal,R-3c,36,train
mp-1142992,Si2SnO6,Monoclinic,C2/c,18,train
mp-1042244,Mg(SbO2)2,Monoclinic,C2/m,14,train
mp-13836,U(RhO3)2,Tetragonal,P4_2/mnm,18,train
mp-22867,RbBr,Cubic,Fm-3m,2,train
mp-27422,CsBiF6,Trigonal,R-3,8,train
mp-1018737,KMgP,Tetragonal,P4/nmm,6,train
mp-961678,ScCoTe,Cubic,F-43m,3,train
mp-1019555,BaNaLi3(BO2)6,Trigonal,R-3,46,train
mp-16060,AgAuF4,Tetragonal,I4/mcm,12,train
mp-3311,SrUO4,Orthorhombic,Pbcm,24,train
mp-1188958,Na2TeO5,Orthorhombic,Cmcm,16,train
mp-2458726,Zn2MoN3,Monoclinic,Cm,12,train
mp-643004,SrMg2FeH8,Trigonal,P-3m1,12,train
mp-1521163,BaSrNbBiO6,Cubic,F-43m,10,train
mp-8723,AsF5,Hexagonal,P6_3/mmc,12,train
mp-562283,GePb3O5,Orthorhombic,Cmm2,9,train
mp-1222782,LaPaO4,Tetragonal,P4/mmm,6,train
mp-2486616,WO3,Cubic,Pm-3m,16,train
mp-16102,ZnAg2P2O7,Tetragonal,P4_2/mnm,48,train
mp-1218707,Sr2SeS,Trigonal,R-3m,4,train
mp-1214786,AsRuS,Monoclinic,P2_1/c,12,train
mp-13992,,,,9,train
mp-38011,KHS,Trigonal,R3m,3,train
mp-22483,,,,8,train
mp-641923,,,,9,train
mp-974586,Rb2MgH4,Orthorhombic,Cmcm,14,train
mp-1100398,LiBeSb,Cubic,F-43m,3,train
mp-570706,CsTiCu3Se4,Monoclinic,P2_1/m,18,train
mp-974482,K4Hf5O12,Trigonal,P-3m1,21,train
mp-1228963,AlAgSnSe4,Tetragonal,I-4,7,train
mp-22906,CsBr,Cubic,Pm-3m,2,train
mp-1205554,Tl3GaF6,Cubic,Fm-3m,10,train
mp-19037,K2W2O7,Orthorhombic,Pbam,22,train
mp-849371,CdSnO3,Orthorhombic,Pnma,20,train
mp-756432,Li2Ti(TeO4)3,Monoclinic,P2,18,train
mp-1228955,Cs4Na2ScGaF12,Trigonal,R-3m,20,train
mp-555904,NaSmGeO4,Orthorhombic,Pnma,28,train
mp-1247,Sb2Ir,Monoclinic,P2_1/c,12,train
mp-1016830,MgTiO3,Cubic,Pm-3m,5,train
mp-1222444,LiAlSiO4,Hexagonal,P6_222,21,train
mp-22909,ZnCl2,Tetragonal,I-42d,6,train
mp-1079583,Rb2NaAlF6,Cubic,Fm-3m,10,train
mp-1190024,Ba3NaSbO6,Trigonal,R-3c,22,train
mp-625548,Cd(HO)2,Trigonal,P-3m1,5,train
mp-1217291,TePb2Se,Trigonal,R-3m,4,train
mp-38487,Li7BiO6,Triclinic,P1,14,train
mp-756521,BaNa2O2,Monoclinic,P2_1/c,20,train
mp-676464,,,,7,train
mp-1113017,Cs2LiInCl6,Cubic,Fm-3m,10,train
mp-1019796,K4P2O7,Hexagonal,P6_3/mmc,26,train
mp-1784,CsF,Cubic,Fm-3m,2,train
mp-1112627,Cs2InGaBr6,Cubic,Fm-3m,10,train
mp-1192370,Na5Pr4Si4O16F,Tetragonal,I-4,30,train
mp-755568,GaBiO3,Trigonal,R3c,10,train
mp-28270,KCuS,Orthorhombic,Pnma,12,train
mp-1095529,LuH2ClO2,Monoclinic,P2_1/m,12,train
mp-556118,BaHgO2,Hexagonal,P6_322,24,train
mp-733,GeO2,Trigonal,P3_121,9,train
mp-21879,Ba2CePtO6,Cubic,Fm-3m,10,train
mp-10418,,,,8,train
mp-28124,H8NF5,Tetragonal,I4_1/a,28,train
mp-1035670,KMg14BiO16,Tetragonal,P4/mmm,32,train
mp-1084785,KAlO2,Cubic,Fd-3m,8,train
mp-66,C,Cubic,Fd-3m,2,train
mp-772869,Ta7InO19,Hexagonal,P-6c2,54,train
mp-961697,ScGeAu,Cubic,F-43m,3,train
mp-1227147,CaSmCoO4,Orthorhombic,Cmc2_1,14,train
mp-1029857,Rb3W2N5,Tetragonal,I4_1,40,train
mp-30120,K3BiO4,Triclinic,P-1,16,train
mp-696804,,,,6,train
mp-542844,V2O5,Monoclinic,C2/c,14,train
mp-1201301,K2Hf2O5,Orthorhombic,Pnna,36,train
mp-676666,Rb2CeO3,Monoclinic,C2/m,12,train
mp-3980,,,,8,train
mp-32642,Lu2S3,Tetragonal,I-42d,40,train
mp-29606,Rb2Zn3O4,Monoclinic,C2/c,18,train
mp-6340,LiAl(SiO3)2,Monoclinic,C2/c,20,train
mp-1200171,Cs3VS4,Orthorhombic,Pnma,32,train
mp-863259,Pm2S3,Trigonal,R-3c,10,train
mp-1110876,K3TmCl6,Cubic,Fm-3m,10,train
mp-31266,YPS4,Tetragonal,I4_1/acd,48,train
mp-961683,,,,3,train
mp-1228083,BaLaInO4,Orthorhombic,Pca2_1,28,train
mp-7748,NaAlO2,Trigonal,R-3m,4,train
mp-1111784,CsRb2AsBr6,Cubic,Fm-3m,10,train
mp-8753,,,,7,train
mp-13541,,,,11,train
mp-1112792,Cs2KAsBr6,Cubic,Fm-3m,10,train
mp-997102,KAgO2,Monoclinic,C2/c,8,train
mp-996941,Cs2RbInBr6,Cubic,Fm-3m,10,train
mp-8871,CsNa2BO3,Orthorhombic,Pmmn,14,train
mp-2961,,,,8,train
mp-1228698,Al4InAgS8,Trigonal,R3m,14,train
mp-685150,PbF2,Cubic,Fm-3m,6,train
mp-1228728,Al4InAgTe8,Monoclinic,C2,14,train
mp-1218512,Sr5ZrTi4O15,Tetragonal,P4/mmm,25,train
mp-15797,LiErSe2,Trigonal,R-3m,4,train
mp-8891,,,,11,train
mp-753443,NaBeO2,Monoclinic,C2/c,16,train
mp-7090,,,,6,train
mp-8271,Ba2Ca(BO2)6,Trigonal,R-3,21,train
mp-1227818,BaSr11Al4(O4F)4,Tetragonal,P422,36,train
mp-779533,Ba3(BrO)2,Orthorhombic,Pnma,28,train
mp-759876,Na5SbO5,Monoclinic,C2,11,train
mp-8291,BaTiF6,Trigonal,R-3m,8,train
mp-567228,Na2PSe3,Orthorhombic,Cmce,24,train
mp-1219312,ScCuSe2,Trigonal,P3m1,4,train
mp-15803,Y2MgSe4,Cubic,Fd-3m,14,train
mp-1102523,Zn2PN3,Orthorhombic,Cmc2_1,12,train
mp-1112945,Cs2NdAgCl6,Cubic,Fm-3m,10,train
mp-28260,WBr4O,Tetragonal,I4/m,6,train
mp-655613,Cs2Tb6Te7N2,Monoclinic,C2/m,17,train
mp-1101755,GePtS,Orthorhombic,Pca2_1,12,train
mp-36508,SnHgF6,Trigonal,R-3,8,train
mp-8257,Na2ZnS2,Orthorhombic,Ibam,10,train
mp-11585,La2MgGeO6,Trigonal,R-3,10,train
mp-677072,Ca(InTe2)2,Tetragonal,I422,7,train
mp-568690,CdBr2,Trigonal,R-3m,3,train
mp-1199431,Ho2ZrS5,Orthorhombic,Pnma,32,train
mp-1112687,Cs2KYI6,Cubic,Fm-3m,10,train
mp-1519751,BaSrCe2O6,Orthorhombic,Cmmm,10,train
mp-1219558,SbPb2S2I3,Orthorhombic,Cmc2_1,16,train
mp-40251,BaLaMgTaO6,Cubic,F-43m,10,train
mp-1110743,Rb2NaBiBr6,Cubic,Fm-3m,10,train
mp-2469,CdS,Cubic,F-43m,2,train
mp-1218963,SmV2BiO8,Tetragonal,I-4m2,12,train
mp-1094067,ScF3,Orthorhombic,Pnma,16,train
mp-1192310,SrSO4,Orthorhombic,Pnma,24,train
mp-9570,Ca(CdP)2,Trigonal,P-3m1,5,train
mp-1214096,Ca(ErS2)2,Orthorhombic,Cmc2_1,14,train
mp-755491,Sr2Ti6N2O11,Monoclinic,Cm,21,train
mp-1111628,Rb2TmAgCl6,Cubic,Fm-3m,10,train
mp-1113641,Rb2TbAuCl6,Cubic,Fm-3m,10,train
mp-18832,K2VO2F3,Orthorhombic,Pnma,32,train
mp-755382,BiSbO3,Trigonal,R-3,10,train
mp-1520172,Ba2CaCrO6,Cubic,Fm-3m,10,train
mp-1113980,Rb2LiDyCl6,Cubic,Fm-3m,10,train
mp-864617,NdI3,Hexagonal,P6_3/mmc,8,train
mp-12908,ScAgSe2,Trigonal,P-3m1,4,train
mp-1112623,Cs2KGaBr6,Cubic,Fm-3m,10,train
mp-9731,RbAuSe,Orthorhombic,Cmcm,6,train
mp-2632,TlF3,Orthorhombic,Pnma,16,train
mp-1114034,KRb2TbCl6,Cubic,Fm-3m,10,train
mp-981103,Sr3CdO4,Cubic,Pm-3m,8,train
mp-653454,K2ZnCl4,Orthorhombic,Pnma,28,train
mp-29504,ClF,Monoclinic,P2_1/c,8,train
mp-7639,,,,8,train
mp-1519740,KLaYBiO6,Cubic,F-43m,10,train
mp-2898,Ca(AuO2)2,Tetragonal,I4_1/a,14,train
mp-634657,NaHS,Monoclinic,P2_1/m,6,train
mp-1173127,Ta3O7F,Orthorhombic,Cmmm,11,train
mp-12385,,,,10,train
mp-1218891,Sr10P6BrClO24,Trigonal,P-3,42,train
mp-563,C3N4,Cubic,Fd-3m,14,train
mp-545552,SnO,Orthorhombic,Pmn2_1,4,train
mp-1111196,K2TlSbCl6,Cubic,Fm-3m,10,train
mp-1182093,BaPdO5,Monoclinic,P2/c,14,train
mp-1101402,Sn2N2O,Tetragonal,I4_1/amd,40,train
mp-27716,,,,6,train
mp-7547,BaSe2,Monoclinic,C2/c,6,train
mp-1192265,Mg(BH4)2,Tetragonal,P-4n2,22,train
mp-937836,YAgSe2,Tetragonal,I4_1/amd,8,train
mp-756117,Li2TiTeO6,Orthorhombic,Pnn2,20,train
mp-23341,Bi2Pt2O7,Cubic,Fd-3m,22,train
mp-1211999,K2HfO3,Hexagonal,P6_3/mcm,24,train
mp-10423,KAuC2,Tetragonal,P4/mmm,4,train
mp-698032,Na3H7Ru,Tetragonal,P4_2/mnm,44,train
mp-7447,,,,10,train
mp-1201064,Re4Ge7,Tetragonal,P-4c2,44,train
mp-1516884,Ba2DyNbO6,Cubic,Fm-3m,40,train
mp-978852,,,,4,train
mp-998711,TlGeF3,Monoclinic,P2_1/m,10,train
mp-1111423,K2TlInF6,Cubic,Fm-3m,10,train
mp-22936,Ca2NCl,Trigonal,R-3m,4,train
mp-549706,MgO,Hexagonal,P6_3mc,4,train
mp-27948,Ge(BiTe2)2,Trigonal,R-3m,7,train
mp-760755,KAl11O17,Trigonal,R3m,29,train
mp-1020641,Rb2Ca2(SiO3)3,Monoclinic,Pc,32,train
mp-1029656,Na6WN4,Tetragonal,P4_2/nmc,22,train
mp-989532,Rb2TlInF6,Cubic,Fm-3m,10,train
mp-1110770,Rb2NaNdI6,Cubic,Fm-3m,10,train
mp-570173,K2SnCl6,Tetragonal,P4/mnc,18,train
mp-1521617,Ba2PrSbO6,Cubic,Pn-3,40,train
mp-1518975,BaSrPrBiO6,Cubic,F-43m,10,train
mp-3848,BaGe4O9,Trigonal,P321,42,train
mp-1111403,Rb2BiAuF6,Cubic,Fm-3m,10,train
mp-676074,Na2ThF6,Monoclinic,C2/c,18,train
mp-1111586,Na2AlAgBr6,Cubic,Fm-3m,10,train
mp-252,BeTe,Cubic,F-43m,2,train
mp-1209767,Pr2(WO4)3,Monoclinic,C2/c,34,train
mp-1968,La2O3,Trigonal,P-3m1,5,train
mp-7949,Rb2GeF6,Trigonal,P-3m1,9,train
mp-568428,KNa(BH4)2,Trigonal,R-3m,12,train
mp-1111445,Na3GaCl6,Cubic,Fm-3m,10,train
mp-570008,,,,5,train
mp-9881,,,,6,train
mp-560170,Nd5Te2Cl3O10,Monoclinic,C2/m,20,train
mp-3033,RbTaO3,Monoclinic,C2/m,20,train
mp-10614,SrLiP,Hexagonal,P-6m2,3,train
mp-558528,La2TiZnO6,Monoclinic,P2_1/c,20,train
mp-17913,Tb2SiSeO4,Orthorhombic,Pbcm,32,train
mp-7012,KRb2YF6,Monoclinic,P2_1/c,20,train
mp-1078600,TmAgTe2,Tetragonal,P-42_1m,8,train
mp-13039,Tm2C(NO)2,Trigonal,P-3m1,7,train
mp-19138,BaNiO3,Hexagonal,P6_3/mmc,10,train
mp-1213272,CsSm2Cl7,Orthorhombic,Pnma,40,train
mp-28090,Si2H2S3,Tetragonal,P-42_1c,28,train
mp-989405,Cs2LiInBr6,Cubic,Fm-3m,10,train
mp-978534,SiGe,Hexagonal,P6_3mc,4,train
mp-22925,,,,2,train
mp-769307,Ca4Ta2O9,Trigonal,P-3c1,30,train
mp-1245469,VCd2N3,Orthorhombic,Cmc2_1,12,train
mp-1114239,Na2LiIrF6,Cubic,Fm-3m,10,train
mp-1387694,Ca2Ni3O8,Monoclinic,C2/m,13,train
mp-510620,Mn2ZnH12(NO2)4,Cubic,F-43m,27,train
mp-558206,K9U6BiO24,Cubic,Pm-3m,40,train
mp-4891,HoAlO3,Orthorhombic,Pnma,20,train
mp-2068,RhF3,Trigonal,R-3c,8,train
mp-21137,Ca2PbO4,Orthorhombic,Pbam,14,train
mp-558042,Sm3CuSnS7,Hexagonal,P6_3,24,train
mp-644418,CaH2CClO3,Monoclinic,C2/m,16,train
mp-1227631,Ca3CdO4,Tetragonal,P4/mmm,8,train
mp-756970,Al2(SeO4)3,Trigonal,R-3,34,train
mp-861503,Pr3Sb4Au3,Cubic,I-43d,20,train
mp-998603,RbPbBr3,Orthorhombic,Cmcm,10,train
mp-555845,BaLiZr2F11,Tetragonal,I4/m,30,train
mp-1111589,K2TlAsBr6,Cubic,Fm-3m,10,train
mp-1009813,SiSn,Cubic,F-43m,2,train
mp-20817,,,,12,train
mp-1376543,Mg2TaAgO6,Monoclinic,P2_1/m,20,train
mp-5414,NaSbS2,Monoclinic,C2/c,8,train
mp-1110773,K2RbYI6,Cubic,Fm-3m,10,train
mp-1173749,Na8Al6Si6O25,Trigonal,R3,45,train
mp-1233690,Rb2MgNb2(TeO6)2,Monoclinic,C2/m,19,train
mp-1179401,SmMg2H7,Tetragonal,P4_12_12,40,train
mp-10289,Ca(BC)2,Tetragonal,I4/mcm,10,train
mp-5986,BaTiO3,Tetragonal,P4mm,5,train
mp-1113212,Cs2TaAuF6,Cubic,Fm-3m,10,train
mp-4387,SrZrO3,Orthorhombic,Pnma,20,train
mp-1205325,KNa2AlH6,Monoclinic,P2_1,20,train
mp-759764,W(OF)2,Orthorhombic,Pmc2_1,10,train
mp-1520388,BaCaYSbO6,Cubic,F-43m,10,train
mp-1519160,BaSrYNbO6,Cubic,F-43m,10,train
mp-555044,DyCuS2,Orthorhombic,Pnma,16,train
mp-1103590,MgSe2,Cubic,Pa-3,12,train
mp-4699,NaTaO3,Orthorhombic,Cmcm,20,train
mp-863757,K2SbAu,Orthorhombic,Cmcm,8,train
mp-569465,Cs2Nb6PbCl18,Trigonal,R-3,27,train
mp-755417,Ba3(BO3)2,Trigonal,R-3c,22,train
mp-554258,SiO2,Tetragonal,I4/mcm,48,train
mp-541226,,,,8,train
mp-2319,,,,6,train
mp-977375,HoBr3,Hexagonal,P6_3/mmc,8,train
mp-10159,K3Sb,Cubic,Fm-3m,4,train
mp-643243,,,,9,train
mp-29585,,,,7,train
mp-974949,Rb3Ir,Cubic,Fm-3m,4,train
mp-20289,NaInS2,Trigonal,R-3m,4,train
mp-1520566,KBaBiWO6,Orthorhombic,Pnnn,40,train
mp-1223443,KBiS2,Trigonal,R-3m,4,train
mp-1210804,Li2ZnGeS4,Orthorhombic,Pmn2_1,16,train
mp-28741,CuSe3Br,Orthorhombic,Pmna,20,train
mp-19932,In4Se3,Orthorhombic,Pnnm,28,train
mp-1111821,Cs2NaNdCl6,Cubic,Fm-3m,10,train
mp-42583,Na8BeAl4Si7(ClO12)2,Tetragonal,P-4,46,train
mp-18803,Na2WO4,Cubic,Fd-3m,14,train
mp-15170,Lu2Sn2O7,Cubic,Fd-3m,22,train
mp-28683,Ta(ICl)2,Orthorhombic,Immm,10,train
mp-1227368,BaSrMgWO6,Cubic,F-43m,10,train
mp-754065,Hg(SbO3)2,Trigonal,P-31m,9,train
mp-573697,CsCl,Cubic,Fm-3m,2,train
mp-623024,,,,8,train
mp-554826,Pr3Si2ClO8,Monoclinic,C2/c,28,train
mp-1110980,Cs2NaPrF6,Cubic,Fm-3m,10,train
mp-1111636,Rb2ErAgCl6,Cubic,Fm-3m,10,train
mp-1180674,KZrCu3Se4,Cubic,P-43m,9,train
mp-675701,Ca(HoSe2)2,Monoclinic,P2/m,7,train
mp-573658,Cs3BAs2,Monoclinic,C2/c,12,train
mp-557664,,,,10,train
mp-7457,,,,12,train
mp-570084,Hg3AsSe4I,Hexagonal,P6_3mc,18,train
mp-1245387,Ca7TiN6,Orthorhombic,Ibam,28,train
mp-17322,SrCu2SnS4,Trigonal,P3_221,24,train
mp-643069,Li2HIO,Orthorhombic,Pnma,20,train
mp-1219286,ScSb(PbO3)2,Orthorhombic,Imm2,10,train
mp-1188141,RbAu(IO3)4,Monoclinic,C2,18,train
mp-1205638,Cs3BrO,Hexagonal,P6_3/mmc,10,train
mp-1111119,K2YInF6,Cubic,Fm-3m,10,train
mp-1019322,Te2W,Hexagonal,P6_3/mmc,6,train
mp-562420,Cs3ClO,Orthorhombic,Pnma,20,train
mp-1227267,CaTm2(GeO3)4,Orthorhombic,Cmme,38,train
mp-2150,BaTe2,Tetragonal,I4/mcm,6,train
mp-3772,,,,7,train
mp-1227722,BaSr4Cl10,Trigonal,R-3m,15,train
mp-541619,Na2TeO3,Monoclinic,P2_1/c,24,train
mp-1247344,Ca3ScN3,Hexagonal,P6_3/m,14,train
mp-1111432,K2RbRhF6,Cubic,Fm-3m,10,train
mp-1112931,Cs2YAgI6,Cubic,Fm-3m,10,train
mp-754110,SmAgO2,Hexagonal,P6_3/mmc,8,train
mp-1198027,LiSi2B,Tetragonal,P4_2/nmc,32,train
mp-1069533,Hf2SN2,Orthorhombic,Immm,5,train
mp-6327,LiAlSiO4,Hexagonal,P6_422,21,train
mp-6121,BaY2ZnO5,Orthorhombic,Pnma,36,train
mp-504729,,,,9,train
mp-768610,Sr7W4O19,Monoclinic,C2/m,30,train
mp-1958,SrTe,Cubic,Fm-3m,2,train
mp-1522593,BaCaLaSbO6,Cubic,F-43m,10,train
mp-33018,Rb3Sb,Cubic,Fm-3m,4,train
mp-1191979,RbTlF4,Orthorhombic,Pbcm,24,train
mp-11742,CsNdTe2,Trigonal,R-3m,4,train
mp-1206039,Rb2SnF6,Cubic,Fm-3m,9,train
mp-1516823,Ca2TbSbO6,Cubic,Fm-3m,10,train
mp-541097,Zr3Pb(O2F3)2,Cubic,Fm-3m,28,train
mp-861957,KNaSmTaO5,Tetragonal,P4/nmm,18,train
mp-13983,ZnPdF6,Trigonal,R-3,8,train
mp-1005754,SmHSO5,Monoclinic,P2_1/c,32,train
mp-1517995,BaNaSbWO6,Cubic,F-43m,10,train
mp-1227385,Ca(HoTe2)2,Monoclinic,P2/m,7,train
mp-11794,AlAgO2,Orthorhombic,Pna2_1,16,train
mp-997041,,,,8,train
mp-1008680,,,,3,train
mp-1101341,SrCaI4,Orthorhombic,Cmmm,6,train
mp-1100426,SrLiSb,Cubic,F-43m,3,train
mp-571102,TlI,Cubic,Fm-3m,2,train
mp-1220986,NaNO3,Trigonal,R32,5,train
mp-7792,YScS3,Orthorhombic,Pnma,20,train
mp-1190907,Rb6HgSe4,Hexagonal,P6_3mc,22,train
mp-629015,BN,Hexagonal,P6_3/mmc,4,train
mp-1591,Al4C3,Trigonal,R-3m,7,train
mp-11327,,,,3,train
mp-3872,Mg(AlS2)2,Orthorhombic,Pnma,28,train
mp-766505,RbH2O2F,Tetragonal,P-42_1m,48,train
mp-1217928,TaNb(Cu3Se4)2,Cubic,F-43m,16,train
mp-38017,Na2PtO3,Monoclinic,C2/c,12,train
mp-1214658,Ba6Na2V2Sb2O17,Hexagonal,P6_3/mmc,58,train
mp-1206199,K3HoCl6,Cubic,Fm-3m,10,train
mp-23167,TlCl,Cubic,Pm-3m,2,train
mp-1205794,Rb3HoCl6,Cubic,Fm-3m,10,train
mp-1519048,BaSrPrBiO6,Orthorhombic,P222,40,train
mp-1206844,RbPaO3,Cubic,Pm-3m,5,train
mp-27185,KTh6F25,Trigonal,R-3m,32,train
mp-2755705,Dy3InS6,Orthorhombic,Pnnm,40,train
mp-1024052,Na2ZnSe2,Monoclinic,P2_1/c,20,train
mp-29001,NaLuCl4,Orthorhombic,Pbcn,24,train
mp-20726,SrCaSn,Orthorhombic,Pnma,12,train
mp-1227238,CaBiIO2,Tetragonal,I4mm,5,train
mp-8249,TlPS3,Orthorhombic,Immm,10,train
mp-1191826,KBaAsSe3,Monoclinic,P2_1/c,24,train
mp-4824,NaZnP,Tetragonal,P4/nmm,6,train
mp-1521558,BaCaCeHfO6,Cubic,F-43m,10,train
mp-1111113,Li2CuIrF6,Cubic,Fm-3m,10,train
mp-1218187,SrMgO2,Tetragonal,P4/mmm,4,train
mp-1207629,YRhO3,Orthorhombic,Pnma,20,train
mp-756413,VCoO4,Orthorhombic,Imma,12,train
mp-1110799,Na3AsBr6,Cubic,Fm-3m,10,train
mp-998739,MgTlF3,Cubic,Pm-3m,5,train
mp-4174,HoNiSb,Cubic,F-43m,3,train
mp-1202733,BPb2O3F,Hexagonal,P6_3/m,42,train
mp-28364,Rb2CdO2,Orthorhombic,Pbcn,20,train
mp-1110823,Rb2PrAgI6,Cubic,Fm-3m,10,train
mp-2761095,KH5O3,Orthorhombic,Fdd2,36,train
mp-540794,Ba3SrNb2O9,Hexagonal,P6_3/mmc,30,train
mp-9486,,,,8,train
mp-22524,CeP2O7,Cubic,Pa-3,40,train
mp-1062711,Rb2Pd,Cubic,Fm-3m,3,train
mp-23526,KClO4,Orthorhombic,Pnma,24,train
mp-1080351,CeSe2,Hexagonal,P6_222,9,train
mp-1114017,Rb2NaInBr6,Cubic,Fm-3m,10,train
mp-568544,CsCdCl3,Cubic,Pm-3m,5,train
mp-1222297,LiTbS2,Trigonal,R-3m,4,train
mp-23887,MgH12SO9,Trigonal,R3,23,train
mp-28035,BaP10,Orthorhombic,Cmc2_1,22,train
mp-556049,Sr4Br6O,Hexagonal,P6_3mc,22,train
mp-37657,Ca3SiO5,Hexagonal,P6_3mc,18,train
mp-29771,MgC2,Tetragonal,P4_2/mnm,6,train
mp-3822,SrCO3,Orthorhombic,Pnma,20,train
mp-23494,Ti(Bi3O5)4,Cubic,I23,33,train
mp-17844,SnWO4,Cubic,P2_13,24,train
mp-1202595,Ca5V3ClO12,Hexagonal,P6_3/m,42,train
mp-643006,Cs3H5Pd,Tetragonal,P4/mbm,18,train
mp-1221069,NaDy(WO4)2,Tetragonal,I-4,12,train
mp-1344346,TaZn2CoO6,Monoclinic,P2_1/m,20,train
mp-776404,ZrO2,Orthorhombic,Pbca,24,train
mp-557753,K3PO4,Orthorhombic,Pnma,32,train
mp-1404190,MgSbF5,Monoclinic,C2/c,14,train
mp-961713,ZrSnPt,Cubic,F-43m,3,train
mp-1077942,Rb2TeSe4,Monoclinic,C2/m,7,train
mp-998352,BaHfS3,Cubic,Pm-3m,5,train
mp-1223398,KNaTi4(PO4)6,Trigonal,R-3,36,train
mp-1111360,Li2CuAsF6,Cubic,Fm-3m,10,train
mp-1111080,K3GaF6,Cubic,Fm-3m,10,train
mp-676646,Tb2Zr8O19,Tetragonal,P-4m2,29,train
mp-997035,CuO2F,Orthorhombic,C222_1,8,train
mp-8931,Rb2SnAs2,Orthorhombic,Ibam,10,train
mp-1210332,Na3TmBr6,Monoclinic,P2_1/c,20,train
mp-7895,Rb2O2,Orthorhombic,Immm,4,train
mp-1206058,TlCl3,Monoclinic,C2/m,8,train
mp-17538,K3SbSe3,Cubic,P2_13,28,train
mp-1383750,MgTi2O5,Orthorhombic,Pmmn,16,train
mp-23025,,,,6,train
mp-14150,Ca4Al6SO16,Cubic,I-43m,27,train
mp-1113131,Cs2KScF6,Cubic,Fm-3m,10,train
mp-541040,Y2Be2GeO7,Tetragonal,P-42_1m,24,train
mp-1178977,TeO3,Orthorhombic,Pna2_1,32,train
mp-16180,Na6S2O9,Cubic,Fm-3m,17,train
mp-24328,RbHCO2,Orthorhombic,Pbcm,20,train
mp-1191596,ErPS,Orthorhombic,Pnma,24,train
mp-23710,MgH2,Tetragonal,P4_2/mnm,6,train
mp-1209389,PrTl(WO4)2,Monoclinic,C2/c,24,train
mp-1190688,TmH2ClO2,Orthorhombic,Pnma,24,train
mp-754535,,,,8,train
mp-754834,Er2TeO2,Trigonal,P-3m1,5,train
mp-1025029,PrHSe,Hexagonal,P6_3/mmc,6,train
mp-10851,SiO2,Hexagonal,P6_422,9,train
mp-1228969,Ba16Ca2HC12N25O4,Trigonal,R-3,60,train
mp-8041,Rb2S,Cubic,Fm-3m,3,train
mp-557543,K3LuSi2O7,Hexagonal,P6_3/mmc,26,train
mp-1373332,MgSbF5,Monoclinic,P2_1/c,28,train
mp-1208583,TaCl3O,Tetragonal,P4_2/mnm,20,train
mp-23293,TbCl3,Orthorhombic,Cmcm,8,train
mp-28270,KCuS,Orthorhombic,Pnma,12,train
mp-540632,RbTa(GeO3)3,Hexagonal,P-6c2,28,train
mp-19100,Sr2CaMoO6,Orthorhombic,Pmmn,20,train
mp-1020628,SrGe(PO4)2,Monoclinic,C2/c,24,train
mp-7290,Er3GaS6,Orthorhombic,Cmc2_1,20,train
mp-768313,Dy2TeO6,Orthorhombic,P2_12_12_1,36,train
mp-1232261,Lu2MgSe4,Orthorhombic,Pnma,28,train
mp-4886,NdCuO2,Trigonal,R-3m,4,train
mp-1111609,K2RbAsBr6,Cubic,Fm-3m,10,train
mp-18944,Na5Y(WO4)4,Tetragonal,I4_1/a,52,train
mp-9172,Li4TiO4,Orthorhombic,Cmcm,18,train
mp-9371,ErF3,Orthorhombic,Pnma,16,train
mp-1214794,AsRuSe,Monoclinic,P2_1/c,12,train
mp-1348382,ZnSbO3,Monoclinic,P2_1/m,20,train
mp-1206032,Ba2UGeO6,Cubic,Fm-3m,10,train
mp-557923,Na2MoSeO6,Cubic,P2_13,40,train
mp-857354,LiSn3Sb(PO4)6,Trigonal,R3,35,train
mp-7642,K2AgAs,Orthorhombic,Cmcm,8,train
mp-1211578,LaIn2Cl5,Orthorhombic,Pnma,32,train
mp-30002,Sc(IO3)3,Trigonal,R-3,26,train
mp-1110971,Cs2LiSbF6,Cubic,Fm-3m,10,train
mp-4514,NaNbO3,Trigonal,R3c,10,train
mp-30847,TiSnPt,Cubic,F-43m,3,train
mp-755027,In2Sn2O7,Cubic,Fd-3m,22,train
mp-23959,KP(HO2)2,Orthorhombic,Fdd2,16,train
mp-18742,Sr2CaWO6,Orthorhombic,Pmmn,20,train
mp-984872,CsPb2Cl5,Tetragonal,I4/mcm,16,train
mp-23416,Li2ZnCl4,Orthorhombic,Pnma,28,train
mp-1009639,PrN,Cubic,F-43m,2,train
mp-20015,As2PbO6,Trigonal,P-31m,9,train
mp-1183302,Ba(GaAs)2,Monoclinic,P2_1/c,20,train
mp-1198775,V2P2H2O11,Orthorhombic,Pmmn,34,train
mp-974822,Rb3P,Cubic,Fm-3m,4,train
mp-546321,Ba2NdBiO6,Monoclinic,C2/m,10,train
mp-10523,CeSiO4,Tetragonal,I4_1/amd,12,train
mp-989563,,,,10,train
mp-769079,ScGaO3,Hexagonal,P6_3cm,30,train
mp-7621,KTcO4,Tetragonal,I4_1/a,12,train
mp-8058,YAsO4,Tetragonal,I4_1/amd,12,train
mp-4974,La2Zr2O7,Cubic,Fd-3m,22,train
mp-23705,Na3AlH6,Monoclinic,P2_1/c,20,train
mp-2437,IrF3,Trigonal,R-3c,8,train
mp-556407,Ba3Bi2TeO9,Trigonal,P-3c1,30,train
mp-1110922,K3YBr6,Cubic,Fm-3m,10,train
mp-760360,Hf3N2O3,Orthorhombic,Cmc2_1,16,train
mp-13546,Y2Ge2O7,Tetragonal,P4_32_12,44,train
mp-6809,CaSiSnO5,Monoclinic,C2/c,16,train
mp-1522139,Ca2HfZrO6,Cubic,Fm-3m,10,train
mp-504650,La3CuSiS7,Hexagonal,P6_3,24,train
mp-1247284,Sr5Hf2N6,Monoclinic,C2/c,26,train
mp-7502,K2Sn2O3,Trigonal,R-3m,7,train
mp-559348,BaZr(BO3)2,Trigonal,R-3c,20,train
mp-1095485,BaGe(PO4)2,Monoclinic,C2/m,12,train
mp-1220823,NaBi3(IO2)2,Orthorhombic,Amm2,10,train
mp-37263,Ca(NdTe2)2,Tetragonal,I-42d,14,train
mp-7035,CaMgAsO4F,Monoclinic,C2/c,16,train
mp-1516962,KSrSmWO6,Tetragonal,P4_2/nnm,40,train
mp-588,,,,8,train
mp-1110956,K3NdI6,Cubic,Fm-3m,10,train
mp-1029359,CaHfN2,Trigonal,R-3m,4,train
mp-1191360,Ba3SmInS6,Trigonal,R-3c,22,train
mp-7956,Na3Sb,Hexagonal,P6_3/mmc,8,train
mp-29484,,,,7,train
mp-1206568,Cs2PdCl6,Cubic,Fm-3m,9,train
mp-6408,,,,8,train
mp-8658,CsNaSe,Tetragonal,P4/nmm,6,train
mp-755483,Al2O3,Trigonal,R3m,5,train
mp-555874,,,,8,train
mp-12953,TmAgTe2,Trigonal,P-3m1,4,train
mp-1218926,SnPtSe,Cubic,P2_13,12,train
mp-997586,La7YAl8O24,Cubic,Pm-3m,40,train
mp-1105,,,,3,train
mp-22905,LiCl,Cubic,Fm-3m,2,train
mp-610491,BiSeCl,Orthorhombic,Pnma,12,train
mp-1210441,Na3LuBr6,Monoclinic,P2_1/c,20,train
mp-1214494,Ba5Y2ZrAl2O13,Hexagonal,P6_3/mmc,46,train
mp-626417,CsH3O2,Orthorhombic,Amm2,6,train
mp-561407,RbGaS2,Monoclinic,C2/c,32,train
mp-30301,LiClO4,Orthorhombic,Pnma,24,train
mp-17827,Nd3SiAgSe7,Hexagonal,P6_3,24,train
mp-505270,TiSO5,Monoclinic,C2/c,28,train
mp-562182,ZnSiO3,Monoclinic,C2/c,20,train
mp-770210,CaY2O4,Orthorhombic,Pnma,28,train
mp-1522,FeS2,Orthorhombic,Pnnm,6,train
mp-755084,Na6MgO4,Tetragonal,P4_2/nmc,22,train
mp-19469,Na5Tb(MoO4)4,Tetragonal,I4_1/a,52,train
mp-4558,Li4GeO4,Orthorhombic,Cmcm,18,train
mp-1193498,LiMgAlH6,Trigonal,P321,27,train
mp-1087509,P4Os,Monoclinic,P2_1/c,10,train
mp-568082,La3CuSiSe7,Hexagonal,P6_3,24,train
mp-771260,Y2Hf2O7,Tetragonal,P4_12_12,44,train
mp-561277,K2PbO3,Hexagonal,P6_3/mcm,24,train
mp-1018089,CaZnSe2,Tetragonal,P-4m2,4,train
mp-685935,CdGeO3,Orthorhombic,Cmc2_1,10,train
mp-1212080,HoTiClO3,Monoclinic,C2/m,12,train
mp-14304,Lu2MgS4,Cubic,Fd-3m,14,train
mp-571093,BaAlSiH,Trigonal,P3m1,4,train
mp-542637,K2B2Se7,Monoclinic,C2/c,22,train
mp-1213540,Dy2Sn3(PbS4)3,Orthorhombic,Pmc2_1,40,train
mp-557450,Na2PtO3,Monoclinic,C2/c,24,train
mp-28304,Ca3(AlAs2)2,Monoclinic,C2/c,18,train
mp-1031142,LiMg6GaO8,Tetragonal,P4/mmm,16,train
mp-1029845,Na3Mo2N5,Tetragonal,I4_1,40,train
mp-1189986,Ca3(GaP2)2,Monoclinic,C2/c,18,train
mp-14205,K3Cu3As2,Trigonal,R-3m,8,train
mp-866132,Na2TlSb,Cubic,Fm-3m,4,train
mp-556620,P2W2O11,Orthorhombic,Pnnm,30,train
mp-9710,Sr2Si5N8,Orthorhombic,Pmn2_1,30,train
mp-13641,TiCdO3,Trigonal,R-3,10,train
mp-1110697,Rb2NaYBr6,Cubic,Fm-3m,10,train
mp-27678,Y2Cl3,Monoclinic,C2/m,10,train
mp-1228337,Ba3La2Ti2Nb2O15,Trigonal,P-3m1,24,train
mp-754368,,,,8,train
mp-557687,TlHCO2,Orthorhombic,Pnna,20,train
mp-1222778,Li2Ti(IO3)6,Trigonal,P3,27,train
mp-1386832,TeWO6,Monoclinic,P2_1/c,16,train
mp-6402,Na2ZnGeO4,Monoclinic,Pc,16,train
mp-29484,K4HgAs2,Trigonal,R-3m,7,train
mp-28797,YHSe,Hexagonal,P-6m2,3,train
mp-567809,AgI,Tetragonal,P4/nmm,4,train
mp-555954,BaSnHgS4,Orthorhombic,Ama2,14,train
mp-555527,Sm3Si2S8Br,Monoclinic,C2/c,28,train
mp-2490,GaP,Cubic,F-43m,2,train
mp-29678,,,,4,train
mp-1246921,Sr3(InN2)2,Monoclinic,C2/c,18,train
mp-2416,YF3,Orthorhombic,Pnma,16,train
mp-1227159,CaYGa3O7,Orthorhombic,Cmm2,24,train
mp-9595,NbInO4,Monoclinic,P2/c,12,train
mp-755450,La2Ce2O7,Cubic,Fd-3m,22,train
mp-23350,Rb2PtCl6,Cubic,Fm-3m,9,train
mp-697408,H10C2N2O5,Orthorhombic,P2_12_12,38,train
mp-1220623,Nd2Si2PbS8,Monoclinic,Cc,26,train
mp-996943,Cs2NaInBr6,Cubic,Fm-3m,10,train
mp-1105170,SnBr2,Hexagonal,P6_3/m,18,train
mp-554229,CsAs3O8,Monoclinic,C2/c,24,train
mp-569952,K2CuCl3,Orthorhombic,Pnma,24,train
mp-2173,P2O5,Orthorhombic,Pnma,28,train
mp-18447,K3Na2SnAs3,Orthorhombic,Cmce,36,train
mp-1519688,BaCaNdNbO6,Cubic,F-43m,10,train
mp-1227619,Ca4Al6SO16,Tetragonal,I-4,27,train
mp-17350,La2TeO6,Orthorhombic,P2_12_12_1,36,train
mp-1232032,Y2MgS4,Orthorhombic,Pnma,28,train
mp-772220,Li3Ta7O19,Hexagonal,P6_3/m,58,train
mp-557457,TmSeO3F,Monoclinic,P2_1/c,24,train
mp-866214,LuBr3,Hexagonal,P6_3/mmc,8,train
mp-568105,Ba2Zr6BCl17,Tetragonal,I4/m,26,train
mp-22897,HgCl,Tetragonal,I4/mmm,4,train
mp-1225400,Dy6Al2SiS14,Trigonal,P3,23,train
mp-27834,Tl2PtCl6,Cubic,Fm-3m,9,train
mp-1197050,Y2ZrS5,Orthorhombic,Pnma,32,train
mp-28380,Rb3TlO3,Monoclinic,P2_1/c,28,train
mp-23583,Cs4BiSbCl12,Tetragonal,I4_1/amd,36,train
mp-1113140,Cs2InAsF6,Cubic,Fm-3m,10,train
mp-1246099,Ca3(InN2)2,Orthorhombic,Pnna,36,train
mp-676598,TlPbCl3,Orthorhombic,Fmm2,40,train
mp-23785,LiMnH6O7,Hexagonal,P6_3mc,30,train
mp-7469,NaCuO,Tetragonal,I4/mmm,12,train
mp-555731,SrGeO3,Hexagonal,P-62m,15,train
mp-561536,NaMgBO3,Monoclinic,C2/c,12,train
mp-1119338,Na2O,Hexagonal,P-62m,9,train
mp-28163,K2PdF4,Monoclinic,C2/m,7,train
mp-7388,NaAuF4,Tetragonal,I4/mcm,12,train
mp-754368,NaSbO2,Monoclinic,C2/c,8,train
mp-1111945,Na3AlF6,Cubic,Fm-3m,10,train
mp-643043,RbHO,Monoclinic,P2_1/m,6,train
mp-862901,PmF3,Tetragonal,I4/mmm,4,train
mp-561065,MgTi2(PO5)2,Monoclinic,P2_1/c,30,train
mp-571582,TlHg3Sb2Br3,Orthorhombic,Pbcm,36,train
mp-570079,Al5C3N,Hexagonal,P6_3mc,18,train
mp-9143,,,,8,train
mp-1111446,Cs2LiErCl6,Cubic,Fm-3m,10,train
mp-1094063,Sr12Al14O33,Tetragonal,I-4,59,train
mp-571124,,,,10,train
mp-1223469,KLiZn3O4,Monoclinic,Cm,9,train
mp-29699,TiNb3O6,Trigonal,R-3,20,train
mp-632326,HCl,Orthorhombic,Cmc2_1,4,train
mp-1523132,BaYSnSbO6,Cubic,F-43m,10,train
mp-16990,Ba10P6SO24,Trigonal,P-3,41,train
mp-569531,Rb2CuBr3,Orthorhombic,Pnma,24,train
mp-28110,,,,9,train
mp-12433,NaSnN,Hexagonal,P6_3mc,6,train
mp-23054,,,,10,train
mp-559689,LiAlSiO4,Orthorhombic,Pna2_1,28,train
mp-1211633,K2TcH9,Hexagonal,P-62m,36,train
mp-1213184,CsSm(MoO4)2,Orthorhombic,Pccm,24,train
mp-1111501,K3AsF6,Cubic,Fm-3m,10,train
mp-961649,,,,3,train
mp-1111071,Li3IrF6,Cubic,Fm-3m,10,train
mp-554139,Ba3Ga2(Ge2O7)2,Trigonal,P321,23,train
mp-1020717,Zn2SiO4,Orthorhombic,Imma,28,train
mp-989566,,,,10,train
mp-9881,KAuSe,Orthorhombic,Cmcm,6,train
mp-8248,Rb2TeO3,Monoclinic,C2/m,12,train
mp-1222565,Li4B7ClO12,Trigonal,R3c,48,train
mp-1246207,Ca4CrN4,Orthorhombic,Pnma,36,train
mp-1111785,CsRb2AlBr6,Cubic,Fm-3m,10,train
mp-1218529,Sr2TiP2O9,Monoclinic,Cc,28,train
mp-1111606,K2RbAsI6,Cubic,Fm-3m,10,train
mp-9844,BaAl2B2O7,Trigonal,R32,12,train
mp-756646,SrLu2O4,Cubic,Fd-3m,14,train
mp-1519348,BaSrPrNbO6,Orthorhombic,P222,40,train
mp-1101894,FeAsSe,Monoclinic,P2_1/c,12,train
mp-1214475,Ba3Ta2ZnO9,Trigonal,P-3m1,15,train
mp-1211691,K2TbF5,Orthorhombic,Pnma,32,train
mp-28591,Na4HgP2,Trigonal,R-3m,7,train
mp-14434,K3GeS3,Monoclinic,C2/m,14,train
mp-1029773,Ca2TaN3,Orthorhombic,Cmce,24,train
mp-754161,Rb3HoO3,Monoclinic,C2/m,14,train
mp-1519544,SrZr2SnO6,Orthorhombic,Cmmm,10,train
mp-1192205,KHo2Cu3Se5,Orthorhombic,Cmcm,22,train
mp-1213713,Cs2PrCl5,Orthorhombic,Pnma,32,train
mp-1246119,Bi(C2N3)3,Orthorhombic,Cmcm,32,train
mp-1190370,CsNd2Ag3Te5,Orthorhombic,Cmcm,22,train
mp-1009088,BeGeAs2,Tetragonal,I-42d,8,train
mp-6167,Ba2NdNbO6,Monoclinic,C2/m,10,train
mp-1113055,Cs2KBiI6,Cubic,Fm-3m,10,train
mp-19323,SmVO4,Tetragonal,I4_1/amd,12,train
mp-17025,Sr3Y(BO3)3,Trigonal,R-3,32,train
mp-769399,BaTa4O11,Hexagonal,P6_322,32,train
mp-8957,Na5TaO5,Monoclinic,C2/c,22,train
mp-1986938,Sr2Bi2Se3O2,Monoclinic,C2/m,9,train
mp-6146,LiNbZnO4,Tetragonal,P4_122,28,train
mp-8298,,,,7,train
mp-27549,,,,8,train
mp-7008,GaAg(PSe3)2,Trigonal,P-31c,20,train
mp-1214087,Ca3AsI3,Cubic,I4_132,28,train
mp-1223429,KNaP6(PbO3)8,Trigonal,P3,40,train
mp-27742,K2CdO2,Orthorhombic,Pbcn,20,train
mp-33526,LiBiS2,Tetragonal,I4_1/amd,8,train
mp-29432,NaScCl4,Orthorhombic,Pbcn,24,train
mp-560326,Ba5B3CNO9,Orthorhombic,C222_1,38,train
mp-989562,,,,10,train
mp-1205371,Ba3InS4Cl,Tetragonal,I4/mcm,18,train
mp-24599,H8W3Se(NO6)2,Hexagonal,P6_3mc,52,train
mp-1228272,Ba3UIn2O9,Trigonal,P-3m1,15,train
mp-1220195,NdBr2Cl,Monoclinic,Pm,8,train
mp-23059,,,,9,train
mp-1018033,AgRhO2,Trigonal,R-3m,4,train
mp-1522556,BaCaSmNbO6,Orthorhombic,P222,40,train
mp-1068941,K2PdS2,Orthorhombic,Immm,5,train
mp-1179258,Sr2CaWO6,Orthorhombic,Pmmn,20,train
mp-17786,Ba(SmTe2)2,Orthorhombic,Pnma,28,train
mp-547792,,,,10,train
mp-30299,RbAsO2,Orthorhombic,Pbcm,16,train
mp-770703,LiSbWO6,Tetragonal,P4_122,36,train
mp-10464,CaF2,Orthorhombic,Pnma,12,train
mp-1094149,NaTi2BiO6,Monoclinic,C2/m,10,train
mp-1111269,K2TlInI6,Cubic,Fm-3m,10,train
mp-31362,Na3YCl6,Monoclinic,P2_1/c,20,train
mp-554203,Li4Ga3Si3ClO12,Cubic,P-43n,46,train
mp-552131,CsClO2,Orthorhombic,Cmcm,8,train
mp-540784,Rb2Ti6O13,Monoclinic,C2/m,21,train
mp-1043442,MgSn2(PO5)2,Orthorhombic,Fdd2,30,train
mp-560597,Na8Si6SnO18,Trigonal,R-3m,33,train
mp-680111,CdI2,Trigonal,P3m1,12,train
mp-754134,HfZrO4,Monoclinic,P2_1/c,12,train
mp-676512,Na3AlF6,Trigonal,R-3,10,train
mp-559961,Tl2SeO4,Orthorhombic,P2_12_12_1,28,train
mp-1111114,K2RbScF6,Cubic,Fm-3m,10,train
mp-23870,NaH,Cubic,Fm-3m,2,train
mp-1226811,Cd4Te3Se,Trigonal,R3m,8,train
mp-754212,,,,9,train
mp-559208,SrTiSi2O7,Orthorhombic,Cmcm,22,train
mp-32780,AuCl,Tetragonal,I4_1/amd,8,train
mp-42599,NaYTiNbO6F,Tetragonal,P4_122,44,train
mp-1114011,Rb2NaTlBr6,Cubic,Fm-3m,10,train
mp-16872,RbLi2Ga2(BO3)3,Monoclinic,P2/c,34,train
mp-8703,,,,8,train
mp-754624,Al2O3,Trigonal,R-3,10,train
mp-24240,K3B12H12I,Trigonal,R-3m,28,train
mp-753009,Li2AgF3,Orthorhombic,Pbam,24,train
mp-29083,NaErCl4,Monoclinic,P2/c,12,train
mp-23651,Na4Al3Ge3IO12,Cubic,P-43n,46,train
mp-1094088,NbCoSn,Cubic,F-43m,3,train
mp-1222976,LaTaBi2O7,Orthorhombic,Imma,22,train
mp-6270,Ba2LiReO6,Cubic,Fm-3m,10,train
mp-961706,TiSiPt,Cubic,F-43m,3,train
mp-1041394,La2WO6,Trigonal,R-3,9,train
mp-12453,HoCuS2,Orthorhombic,Pnma,16,train
mp-570324,,,,9,train
mp-1247450,Sr2CdN2,Tetragonal,I4/mmm,5,train
mp-551092,KLiZnO2,Monoclinic,C2/m,10,train
mp-1221083,NaNbWO6,Orthorhombic,Imma,18,train
mp-1211863,K2NdBr5,Orthorhombic,Pnma,32,train
mp-770399,Li6Ti2O7,Tetragonal,P4_2/mnm,30,train
mp-755902,Lu(HO)3,Hexagonal,P6_3/m,14,train
mp-1111832,CsRb2AsI6,Cubic,Fm-3m,10,train
mp-505634,Cs2Te3,Orthorhombic,Cmc2_1,10,train
mp-7939,,,,8,train
mp-1101314,Tb3TaO7,Orthorhombic,C222_1,22,train
mp-754444,Zn(AgO2)2,Orthorhombic,Fddd,14,train
mp-1213206,CsP7,Orthorhombic,Pbcm,32,train
mp-1021514,NaGe2(PO4)3,Trigonal,R-3c,36,train
mp-22872,SbCl3,Orthorhombic,Pnma,16,train
mp-989561,,,,10,train
mp-1189154,NaZnSO4F,Monoclinic,C2/c,16,train
mp-1218092,Ta2NbTeI7,Monoclinic,Cm,22,train
mp-24204,CaHI,Tetragonal,P4/nmm,6,train
mp-28315,Rb4CdBr6,Trigonal,R-3c,22,train
mp-18337,Be3N2,Cubic,Ia-3,40,train
mp-550008,ScBiO3,Cubic,Pm-3m,5,train
mp-4584,Tl3BO3,Hexagonal,P6_3/m,14,train
mp-16919,Y2HfS5,Orthorhombic,Pnma,32,train
mp-4764,Pr2SeO2,Trigonal,P-3m1,5,train
mp-9478,BaSi4O9,Hexagonal,P-6c2,28,train
mp-22473,NaInSe2,Trigonal,R-3m,4,train
mp-19784,In2Si2O7,Cubic,Fd-3m,22,train
mp-989529,,,,10,train
mp-28261,Na4SnO3,Monoclinic,Cc,16,train
mp-1216943,TiNb(PO4)3,Trigonal,R3c,34,train
mp-23127,,,,10,train
mp-35663,Sr(InTe2)2,Tetragonal,I4/m,7,train
mp-10341,SrGeTeO6,Trigonal,P312,9,train
mp-22506,Cs6InAs3,Monoclinic,P2_1/m,20,train
mp-505784,CsAl(MoO4)2,Trigonal,P-3m1,12,train
mp-3595,ZnSiAs2,Tetragonal,I-42d,8,train
mp-1517594,KPr(SnO3)2,Cubic,Fm-3m,10,train
mp-1218330,SrCaS2,Tetragonal,P4/mmm,4,train
mp-1215501,ZnCdSeS,Trigonal,P3m1,4,train
mp-558198,Na2Cd(SO4)2,Monoclinic,C2/c,26,train
mp-1209174,RbSrCl3,Orthorhombic,Pnma,20,train
mp-769028,Si3Sb2O9,Hexagonal,P6_3/m,28,train
mp-1211195,LiBi(WO4)2,Monoclinic,P2/c,24,train
mp-756725,Ba2CaI6,Monoclinic,P2_1/c,18,train
mp-1518549,Ba2CeHfO6,Cubic,Pn-3,40,train
mp-23372,Sn2Bi2O7,Cubic,Fd-3m,22,train
mp-1183524,Bi2O3,Trigonal,R-3c,10,train
mp-554141,Ca3SiO5,Trigonal,R3m,27,train
mp-2400,NaS,Hexagonal,P6_3/mmc,8,train
mp-980659,Tl3BiCl6,Tetragonal,P4_2/m,20,train
mp-774416,Ti3Cr(PO4)6,Trigonal,R3,34,train
mp-5475,NaTaN2,Trigonal,R-3m,4,train
mp-9845,,,,6,train
mp-650442,Tl3AgTe2,Monoclinic,P2_1/c,24,train
mp-7046,RbDyS2,Trigonal,R-3m,4,train
mp-1217851,Tb(CuTe)3,Trigonal,R-3,14,train
mp-12012,KPrGeSe4,Monoclinic,P2_1,14,train
mp-1020596,NaGa(GeO3)2,Monoclinic,C2/c,20,train
mp-1206146,Rb3DyF6,Cubic,Fm-3m,10,train
mp-6358,NaTiPO5,Monoclinic,P2_1/c,32,train
mp-1232051,Nd2MgSe4,Orthorhombic,Pnma,28,train
mp-22899,,,,2,train
mp-754236,Y2GeO5,Monoclinic,C2/c,16,train
mp-1194307,Sr(TmS2)2,Orthorhombic,Pnma,28,train
mp-1114163,Rb2ScTlI6,Cubic,Fm-3m,10,train
mp-1112130,Cs2RbDyCl6,Cubic,Fm-3m,10,train
mp-22604,InAsF6,Trigonal,R-3,8,train
mp-626218,SbHO3,Orthorhombic,Fdd2,20,train
mp-752400,Ce2Sm2O7,Cubic,Fd-3m,22,train
mp-1029779,ZnGeN2,Monoclinic,P2_1/c,16,train
mp-989523,Rb2NaAsF6,Cubic,Fm-3m,10,train
mp-7385,K2Be2PbF8,Trigonal,R-3m,13,train
mp-10776,K2Sn(AsS3)2,Trigonal,P-3,11,train
mp-996969,AgBiO2,Monoclinic,P2_1/m,8,train
mp-2040113,InSnCl3,Trigonal,R-3,10,train
mp-1229287,Bi2PbF8,Tetragonal,I4/mmm,11,train
mp-1113067,Cs2ScInCl6,Cubic,Fm-3m,10,train
mp-966800,InP,Hexagonal,P6_3mc,4,train
mp-756949,Tm2GeO5,Monoclinic,C2/c,16,train
mp-998176,RbPbBr3,Monoclinic,Cm,5,train
mp-18075,Na2TiF6,Trigonal,P-3m1,27,train
mp-1113974,Rb2LiTbCl6,Cubic,Fm-3m,10,train
mp-28978,Ba2S3,Tetragonal,I4_1md,10,train
mp-1205483,Tm2(CN2)3,Monoclinic,C2/m,11,train
mp-12637,Ba2NdNbO6,Cubic,Fm-3m,10,train
mp-1211627,K3NaBe2F8,Trigonal,P-3m1,14,train
mp-18165,Na3GaS3,Monoclinic,P2_1/c,28,train
mp-3654,RbCaF3,Cubic,Pm-3m,5,train
mp-1208219,Tl3SnI5,Orthorhombic,P2_12_12_1,36,train
mp-862631,Ba2SbAu,Cubic,Fm-3m,4,train
mp-1112327,CsK2AlCl6,Cubic,Fm-3m,10,train
mp-1517467,CaZrNbInO6,Cubic,F-43m,10,train
mp-1179135,ScZnCu3Se4,Cubic,P-43m,9,train
mp-3319,Mg(RhO2)2,Cubic,Fd-3m,14,train
mp-861868,KNaLaTaO5,Tetragonal,P4/nmm,18,train
mp-1214092,Ca(TmS2)2,Orthorhombic,Cmc2_1,14,train
mp-8058,,,,12,train
mp-760509,LiCuCO3,Hexagonal,P-6,18,train
mp-2229380,MgTe3WO12,Monoclinic,P2,17,train
mp-1078726,CsHoS2,Hexagonal,P6_3/mmc,8,train
aaahdgew,SrCaLaSbO6,Monoclinic,Pc,20,train
mp-1079232,Cs2HgPdCl6,Tetragonal,I4/mmm,10,train
mp-1232056,Mg(InSe2)2,Tetragonal,I-42d,14,train
mp-14628,ZnSnO3,Trigonal,R-3,10,train
mp-29760,Ca10P6O25,Hexagonal,P-6,41,train
mp-1523046,Sr2HfTiO6,Cubic,Fm-3m,10,train
mp-1520075,KTbPrSbO6,Cubic,F-43m,10,train
mp-30930,AlI3,Monoclinic,P2_1/c,16,train
mp-548598,U(BiO3)2,Trigonal,P-3m1,9,train
mp-989646,LaWN3,Monoclinic,P2_1/m,10,train
mp-15896,Cu2SiSe3,Monoclinic,Cc,12,train
mp-568692,In4Br7,Trigonal,R-3m,22,train
mp-1192490,K5Pr4Si4O16F,Tetragonal,I-4,30,train
mp-1180547,LiAlH4,Tetragonal,I4_1/a,12,train
mp-25262,TiO2,Cubic,Fd-3m,12,train
mp-15953,P2Rh,Monoclinic,P2_1/c,12,train
mp-1180319,MgScCu3Se4,Cubic,P-43m,9,train
mp-961646,,,,3,train
mp-27828,,,,9,train
mp-8147,K2As2Pd,Orthorhombic,Cmcm,10,train
mp-989579,Rb2LiTlCl6,Cubic,Fm-3m,10,train
mp-22863,CuI,Tetragonal,P4/nmm,4,train
mp-27047,Li2CuPO4,Orthorhombic,Pmn2_1,16,train
mp-1194571,In2O3,Orthorhombic,Pbca,40,train
mp-1190390,Ba(ClO4)2,Orthorhombic,Fddd,22,train
mp-1228980,AlCuGeSe4,Tetragonal,I-4,7,train
mp-1223112,La3Al2Ga3SnO14,Trigonal,P321,23,train
mp-9564,Ca(MgAs)2,Trigonal,P-3m1,5,train
mp-570157,ZrBrN,Orthorhombic,Pmmn,6,train
mp-10167,,,,8,train
mp-1209848,Nd2Pd2O5,Tetragonal,P4_2/m,18,train
mp-8194,Ba2GeP2,Monoclinic,P2_1/c,20,train
mp-11714,SiC,Hexagonal,P6_3mc,8,train
mp-583193,Cs3PSe4,Orthorhombic,Pnma,32,train
mp-4763,ZnSiP2,Tetragonal,I-42d,8,train
mp-755044,CaTb2O4,Cubic,Fd-3m,14,train
mp-29379,K3BiTe3,Cubic,P2_13,28,train
mp-1219189,Sm(CuTe)3,Trigonal,R-3,14,train
mp-1019587,CaAl2SiO6,Monoclinic,Cc,20,train
mp-680339,Mn4Si7,Tetragonal,P-4c2,44,train
mp-1205725,Rb3PrF6,Cubic,Fm-3m,10,train
mp-1214472,BaAs2Xe5F22,Orthorhombic,Fmmm,30,train
mp-1207487,Zn3B7IO13,Cubic,F-43c,48,train
mp-15794,LiYSe2,Trigonal,R-3m,4,train
mp-754942,SrSm2O4,Cubic,Fd-3m,14,train
mp-756648,LiNdO2,Monoclinic,P2_1/c,16,train
mp-1184546,HoBO3,Cubic,Pm-3m,5,train
mp-1111836,Cs2LiPrCl6,Cubic,Fm-3m,10,train
mp-23383,Rb2TeBr6,Cubic,Fm-3m,9,train
mp-1112242,K2YCuF6,Cubic,Fm-3m,10,train
mp-753661,SbOF,Monoclinic,P2_1/c,12,train
mp-1211168,Li4Be3P3IO12,Cubic,P-43n,46,train
mp-23950,K(BH)3,Cubic,Fm-3m,14,train
mp-769329,RbLi2B3Sb2O9,Monoclinic,P2/c,34,train
mp-757094,La2HfO5,Orthorhombic,Cmcm,16,train
mp-554274,CsMoIO6,Orthorhombic,Pna2_1,36,train
mp-4662,ScOF,Monoclinic,P2_1/c,12,train
mp-989629,CsRb2GaF6,Cubic,Fm-3m,10,train
mp-6526,NaGeSbO5,Monoclinic,C2/c,16,train
mp-10783,RbHoSe2,Trigonal,R-3m,4,train
mp-7176,RbLaSe2,Trigonal,R-3m,4,train
mp-3540,Li2SnO3,Monoclinic,C2/c,24,train
mp-1216536,TmPaO4,Tetragonal,P4/mmm,6,train
mp-1112351,Cs3ScBr6,Cubic,Fm-3m,10,train
mp-557754,ZrP2O7,Orthorhombic,Pnnm,20,train
mp-1211737,K2TbCl5,Orthorhombic,Pnma,32,train
mp-505824,Cs2PdC2,Trigonal,P-3m1,5,train
mp-1218456,Sr4NbCoO8,Orthorhombic,Cmmm,14,train
mp-8961,Ba3NaTaO6,Trigonal,R-3c,22,train
mp-759825,BiOF,Orthorhombic,Pnma,12,train
mp-27526,K3InF6,Cubic,Pn-3,40,train
mp-13097,,,,6,train
mp-1112622,Cs2ScAgCl6,Cubic,Fm-3m,10,train
mp-558200,SiO2,Tetragonal,P-4n2,24,train
mp-8311,,,,8,train
mp-11022,,,,8,train
mp-1214153,Ca2P3Pb3ClO12,Hexagonal,P6_3/m,42,train
mp-1176780,LiCoS2,Trigonal,P-3m1,8,train
mp-8891,K2Zr(BO3)2,Trigonal,R-3m,11,train
mp-22913,CuBr,Cubic,F-43m,2,train
mp-1520014,NaPrInSbO6,Cubic,F-43m,10,train
mp-6655,Y2Be2SiO7,Tetragonal,P-42_1m,24,train
mp-10970,LiErO2,Monoclinic,P2_1/c,16,train
mp-553912,NaZr2(AsO4)3,Trigonal,R-3c,36,train
mp-971694,Ge3N2,Cubic,Pm-3m,20,train
mp-756241,PrBiO4,Monoclinic,P2_1/c,24,train
mp-1111719,Rb2BiAuCl6,Cubic,Fm-3m,10,train
mp-1018030,Sr2SO,Tetragonal,P4/mmm,4,train
mp-160,B,Trigonal,R-3m,12,train
mp-1215197,ZrTiO4,Orthorhombic,P2_12_12,12,train
mp-1111320,Na2AgRhF6,Cubic,Fm-3m,10,train
mp-23334,Bi2TeO5,Orthorhombic,Aem2,32,train
mp-558945,Hg3AsBrO4,Cubic,P2_13,36,train
mp-1113703,Rb2LiScF6,Cubic,Fm-3m,10,train
mp-1203584,Ba2GaBiSe5,Orthorhombic,Pnma,36,train
mp-23137,Ba2YBiO6,Cubic,Fm-3m,10,train
mp-1112968,Cs3SbI6,Cubic,Fm-3m,10,train
mp-9702,Sr3BPO3,Hexagonal,P6_3/mmc,16,train
mp-5127,LiCuO,Tetragonal,I4/mmm,12,train
mp-707304,Be4Si2H2O9,Orthorhombic,Cmc2_1,34,train
mp-1018651,Ba2H3I,Trigonal,P-3m1,6,train
mp-1193099,Ba(YSe2)2,Orthorhombic,Pnma,28,train
mp-1228157,Ba4ScTi4BiO15,Orthorhombic,Cmmm,25,train
mp-989523,,,,10,train
mp-772098,Sm(ClO4)3,Hexagonal,P6_3/m,32,train
mp-5024,ZrP2O7,Cubic,Pa-3,40,train
mp-559470,AgPbBrO,Tetragonal,P4/nmm,8,train
mp-989603,LaMoN3,Orthorhombic,Ama2,10,train
mp-13903,,,,8,train
mp-1246077,Mg5(GeN3)2,Monoclinic,C2/c,26,train
mp-1079786,BiI3,Orthorhombic,Cmcm,8,train
mp-675199,NaPrS2,Tetragonal,I4_1/amd,8,train
mp-17542,TlMoPO6,Orthorhombic,Fddd,36,train
mp-30062,Cs2PtBr6,Cubic,Fm-3m,9,train
mp-763252,LiSbWO6,Orthorhombic,Imma,18,train
mp-1206536,Ba2InSbO6,Cubic,Fm-3m,10,train
mp-7372,ZnAs,Orthorhombic,Pbca,16,train
mp-30292,Nd4Se3N2,Monoclinic,C2/c,18,train
mp-1001611,LuTlSe2,Trigonal,R-3m,4,train
mp-1228229,Ba4SiGeS8,Orthorhombic,Pmc2_1,28,train
mp-1374044,Ca2AgSbO6,Monoclinic,P2_1/m,20,train
mp-1112145,Cs2NaNdBr6,Cubic,Fm-3m,10,train
mp-1179709,RbIn3F10,Orthorhombic,Pmma,28,train
mp-4555,Ca(AsO3)2,Trigonal,P-31m,9,train
mp-2212275,KIn2F7,Orthorhombic,Immm,40,train
mp-1228279,Ba3NaSr(SbO4)3,Orthorhombic,Cmme,40,train
mp-1214573,Ba2PrBiO6,Monoclinic,C2/m,10,train
mp-510763,VAsO5,Orthorhombic,Pnma,28,train
mp-10281,ZnS,Hexagonal,P6_3mc,8,train
mp-3821,,,,9,train
mp-1228150,Ba3LaNb3O12,Trigonal,R3m,19,train
mp-66,C,Cubic,Fd-3m,2,train
mp-4820,ZrSiO4,Tetragonal,I4_1/amd,12,train
mp-6654,,,,10,train
mp-1179752,RbCu3SnSe4,Cubic,P-43m,9,train
mp-545487,Cs(CO)2,Monoclinic,C2/m,10,train
mp-13634,Cs2LiAl3F12,Trigonal,R-3m,18,train
mp-1112087,K2SmAgCl6,Cubic,Fm-3m,10,train
mp-1078469,CuPN2,Tetragonal,I-42d,8,train
mp-558325,K2YNb5O15,Orthorhombic,Cmmm,23,train
mp-8299,,,,7,train
mp-561619,CsLuS2,Trigonal,R-3m,4,train
mp-561173,Y3CuSiS7,Hexagonal,P6_3,24,train
mp-13946,,,,9,train
mp-4187,,,,10,train
mp-568742,HgI2,Tetragonal,P4_2/nmc,24,train
mp-19341,Tl2WO4,Trigonal,P-3m1,14,train
mp-1192492,Na5Tb4Si4O16F,Tetragonal,I-4,30,train
mp-37906,LiMgN,Cubic,F-43m,3,train
mp-554853,Na4Si3(SnO6)2,Trigonal,R-3c,42,train
mp-608385,MgWO4,Monoclinic,P2/c,12,train
mp-1188532,Lu2S3,Orthorhombic,Pnma,20,train
mp-1223861,K2PdBr3Cl,Orthorhombic,Amm2,7,train
mp-1102794,Mg2BBrN2,Monoclinic,C2/c,12,train
mp-1246775,Ca2CdN2,Monoclinic,P2_1/c,20,train
mp-559691,Ca2Al2SiO7,Tetragonal,P-42_1m,24,train
mp-1113498,Rb2LaAuCl6,Cubic,Fm-3m,10,train
mp-1009733,,,,3,train
mp-555114,VCdClO3,Orthorhombic,Pnma,24,train
mp-1191811,BaZnTe2O7,Orthorhombic,Ama2,22,train
mp-10166,NaAlSe2,Tetragonal,I4/mcm,8,train
mp-1190536,PH6NO4,Tetragonal,I-42d,24,train
mp-1113796,Rb2ScCuF6,Cubic,Fm-3m,10,train
mp-29537,Cl2O,Tetragonal,I4_1/amd,12,train
mp-1111175,K3DyCl6,Cubic,Fm-3m,10,train
mp-1220818,NaBi(WO4)2,Tetragonal,I-4,12,train
mp-1113817,Rb2CuBiF6,Cubic,Fm-3m,10,train
mp-674804,Sm2PbSe4,Tetragonal,I-42d,14,train
mp-554390,SrAl2SiN2O3,Orthorhombic,P2_12_12_1,36,train
mp-1033833,CsRbMg6O7,Tetragonal,P4mm,15,train
mp-1047088,VZn2IrO6,Monoclinic,P2_1/c,20,train
mp-1178399,Cs6Br4O,Trigonal,R-3c,22,train
mp-406,CdTe,Cubic,F-43m,2,train
mp-9692,K2GeSe3,Triclinic,P-1,12,train
mp-755401,Na3CuO2,Tetragonal,P4_2/mnm,24,train
mp-8098,InGaO3,Hexagonal,P6_3/mmc,10,train
mp-1111368,K2TlRhF6,Cubic,Fm-3m,10,train
mp-5782,,,,8,train
mp-1229128,Ag3PO4,Trigonal,R3c,16,train
mp-3884,Ho2Sn2O7,Cubic,Fd-3m,22,train
mp-1221302,Na2Zr4As3(PO8)3,Trigonal,R32,36,train
mp-1019524,Ba3P6(N4O3)2,Trigonal,P-3,23,train
mp-1226820,Cd5TeS4,Tetragonal,I-4m2,10,train
mp-1519963,BaSrCaWO6,Orthorhombic,P222,40,train
mp-559695,Cs2RbBiF6,Cubic,Fm-3m,10,train
aaacypag,Mg14ZnCdO16,Tetragonal,P4/mmm,32,train
mp-1110846,K3BiF6,Cubic,Fm-3m,10,train
mp-8411,,,,8,train
mp-28288,BaGe2O5,Orthorhombic,Cmce,32,train
mp-553310,CsCuO2,Orthorhombic,Cmcm,8,train
mp-29025,,,,8,train
mp-1112652,Cs3LaCl6,Cubic,Fm-3m,10,train
mp-13061,Y2O3,Trigonal,P-3m1,5,train
mp-1113831,Rb3IrF6,Cubic,Fm-3m,10,train
mp-1223624,K3PO3F2,Orthorhombic,Fmm2,18,train
mp-1029403,RbGe2N3,Orthorhombic,Cmc2_1,12,train
mp-8207,Zn(PtO2)3,Orthorhombic,Cmmm,10,train
mp-996983,AgAuO2,Monoclinic,P2_1/c,8,train
mp-8278,Ba(MgP)2,Trigonal,P-3m1,5,train
mp-27839,,,,9,train
mp-1520596,Sr2CeHfO6,Cubic,Fm-3m,10,train
mp-571555,InCl,Orthorhombic,Cmcm,4,train
mp-1011695,Cs2Se,Cubic,Fm-3m,3,train
mp-13530,SmAsO4,Tetragonal,I4_1/a,12,train
mp-1523133,BaYSnSbO6,Orthorhombic,Pnnn,40,train
mp-1226511,CeSnO4,Trigonal,R-3m,6,train
mp-555874,LiAsS2,Monoclinic,Cc,8,train
mp-551741,Zn2P2O7,Monoclinic,C2/m,11,train
mp-1246515,Ca6Te3N2,Trigonal,R-3c,22,train
mp-619928,Zr(Se2Cl3)2,Tetragonal,P4_2/ncm,44,train
mp-1113233,Cs3AlCl6,Cubic,Fm-3m,10,train
mp-989583,Rb2LiInCl6,Cubic,Fm-3m,10,train
mp-552547,,,,10,train
mp-17282,SrTh2Se5,Monoclinic,P2_1/c,32,train
mp-1080614,Cs2Sb2Pt,Orthorhombic,Cmcm,10,train
mp-1228362,Ba2SrTi3O9,Orthorhombic,Cmm2,15,train
mp-20066,CO2,Cubic,Pa-3,12,train
mp-10175,KCdF3,Cubic,Pm-3m,5,train
mp-7437,,,,6,train
mp-562473,LiSn2(PO4)3,Trigonal,R-3c,36,train
mp-19121,TbVO4,Tetragonal,I4_1/amd,12,train
mp-1222872,Li2Zr4As3(PO8)3,Trigonal,R32,36,train
mp-5985,HoTaO4,Monoclinic,P2/c,12,train
mp-1004530,CsBPb(IF2)2,Monoclinic,C2,9,train
mp-1113269,Cs2NdAgI6,Cubic,Fm-3m,10,train
mp-1095752,CsKAu2,Orthorhombic,Immm,4,train
mp-756402,YHO2,Orthorhombic,Pnma,16,train
mp-1111538,Na2AgSbCl6,Cubic,Fm-3m,10,train
mp-610738,Zr(InBr3)2,Tetragonal,P4/mnc,18,train
mp-545974,AlPO4,Hexagonal,P6_3mc,12,train
mp-961685,,,,3,train
mp-542819,Cs3B12H12Br,Trigonal,R-3m,28,train
mp-757140,K3MnCrO8,Trigonal,R3m,13,train
mp-1521934,KSmSnWO6,Cubic,F-43m,10,train
mp-1223607,KAs3(PbO3)4,Hexagonal,P6_3,40,train
mp-997589,La8Al7InO24,Cubic,Pm-3m,40,train
mp-540578,Cs2ZnCl4,Orthorhombic,Pnma,28,train
mp-1025509,ZrZnF6,Cubic,Fm-3m,8,train
mp-674420,Li2NiO3,Monoclinic,C2/c,24,train
mp-756495,Li3CuO2,Monoclinic,P2_1/c,24,train
mp-571440,K2CuBr3,Orthorhombic,Pnma,24,train
mp-1209499,Rb2Cd2O3,Monoclinic,P2_1/c,14,train
mp-558259,Pr3Si2S8I,Monoclinic,C2/c,28,train
mp-621964,K2RbBiSe3,Cubic,P2_13,28,train
mp-1210433,Na2MgGaF7,Orthorhombic,Imma,22,train
mp-25305,,,,11,train
mp-1040425,C,Hexagonal,P6/mmm,2,train
mp-1113855,Rb2ScTlF6,Cubic,Fm-3m,10,train
mp-752423,Na2TiO3,Monoclinic,C2/c,24,train
mp-554542,Mg3B(OF)3,Hexagonal,P6_3/m,20,train
mp-1210289,Na3TmCl6,Monoclinic,P2_1/c,20,train
mp-1112113,Cs2RbYBr6,Cubic,Fm-3m,10,train
mp-19941,As2PbS4,Orthorhombic,Pnma,28,train
mp-1029562,Li3InN2,Cubic,Ia-3,48,train
mp-557359,Cs2Al2Sb2O7,Trigonal,P-3m1,13,train
mp-1110694,Rb3ErCl6,Cubic,Fm-3m,10,train
mp-1111017,KNa2CoF6,Cubic,Fm-3m,10,train
mp-555560,CdTeMoO6,Tetragonal,P-42_1m,18,train
mp-1100408,TaSnRh,Cubic,F-43m,3,train
mp-9843,Sr3(AlP2)2,Monoclinic,C2/c,18,train
mp-1029498,Li6CrN4,Tetragonal,P4_2/nmc,22,train
mp-1110685,Rb2YCuCl6,Cubic,Fm-3m,10,train
mp-9687,K2PAu,Orthorhombic,Cmcm,8,train
mp-1211478,KHo3F10,Cubic,Fm-3m,28,train
mp-23781,Rb3H(SO4)2,Monoclinic,C2/c,28,train
mp-1209478,Rb2Li3GaO4,Orthorhombic,Ibam,20,train
mp-1519012,KPrNb4O12,Orthorhombic,Amm2,18,train
mp-1211589,KCaCl3,Cubic,Pm-3m,5,train
mp-505767,K2NaInSb2,Orthorhombic,Cmce,24,train
mp-510273,CsSbO2,Monoclinic,C2/c,8,train
mp-770456,Li6Ti2O7,Monoclinic,C2/m,15,train
mp-27623,Na6PbO4,Cubic,I-43m,44,train
mp-1111045,CsRb2AlF6,Cubic,Fm-3m,10,train
mp-1209350,Rb3YV2O8,Trigonal,P-3m1,14,train
mp-17441,Mg2GeS4,Orthorhombic,Pnma,28,train
mp-550579,ScTa(PbO3)2,Cubic,Fm-3m,10,train
mp-995192,RbBaSiHO4,Monoclinic,P2_1,16,train
mp-1518083,Sr2LaBiO6,Cubic,Fm-3m,10,train
mp-1215797,Zn2Cu10Sb4S13,Tetragonal,I-42m,29,train
mp-1111477,Na2LiInCl6,Cubic,Fm-3m,10,train
mp-9306,Sr2ZnN2,Tetragonal,I4/mmm,5,train
mp-22997,PbBrCl,Orthorhombic,Pnma,12,train
mp-20489,SrPbO3,Orthorhombic,Pnma,20,train
mp-29169,Cd(AuF4)2,Tetragonal,P4/mcc,22,train
mp-1095167,Ba2SrUO6,Cubic,Fm-3m,10,train
mp-684654,Bi2O3,Monoclinic,Cm,5,train
mp-9349,KRb2ScF6,Cubic,Fm-3m,10,train
mp-1112170,KInCl3,Cubic,Fm-3m,10,train
mp-1214834,AlTl(SO4)2,Trigonal,P-3m1,12,train
mp-21309,MgTe(PbO3)2,Cubic,Fm-3m,10,train
mp-557432,GeClO2F5,Orthorhombic,C222_1,36,train
mp-13275,NaSrP,Hexagonal,P-62m,9,train
mp-757450,Sc2Ge2O7,Cubic,Fd-3m,22,train
mp-1173137,SrThF6,Hexagonal,P-6m2,8,train
mp-1111440,K2RbIrF6,Cubic,Fm-3m,10,train
mp-757176,BaYF5,Monoclinic,C2/c,14,train
mp-974603,,,,6,train
mp-7176,,,,4,train
mp-16889,Na6Sn2Se7,Monoclinic,C2/c,30,train
mp-9919,LiZnSb,Hexagonal,P6_3mc,6,train
mp-1220211,Nd4Zr3TiO14,Trigonal,R-3m,22,train
mp-755054,Ti3N2O3,Orthorhombic,Cmcm,16,train
mp-8644,BaF2,Hexagonal,P6_3/mmc,6,train
mp-1216098,Y4MgS7,Monoclinic,Cm,12,train
mp-1213688,CsCaI3,Orthorhombic,Pnma,20,train
mp-28347,K3Al2As3,Monoclinic,P2_1/m,16,train
mp-38805,Sm5AgSe8,Tetragonal,I-4,14,train
mp-23702,LiH2N,Tetragonal,I-4,16,train
mp-1205684,KScTl2F6,Cubic,Fm-3m,10,train
mp-29138,,,,8,train
mp-675672,Zr5Sc2O13,Trigonal,R3,40,train
mp-554023,Be2BO3F,Trigonal,R-3c,14,train
mp-1112659,Cs2NaBiI6,Cubic,Fm-3m,10,train
mp-11670,BaYSi4N7,Hexagonal,P6_3mc,26,train
mp-1228557,Ba8Ti3Nb4O24,Trigonal,P3m1,39,train
mp-13816,Cs2NaErF6,Cubic,Fm-3m,10,train
mp-1209955,Nd2SiS5,Monoclinic,P2_1/c,32,train
mp-1112376,Cs3AsBr6,Cubic,Fm-3m,10,train
mp-30908,Ag3PSe4,Orthorhombic,Pmn2_1,16,train
mp-1112118,Cs2RbSmCl6,Cubic,Fm-3m,10,train
mp-1220847,Na6Sm4Ge4Se17,Monoclinic,C2,31,train
mp-22990,,,,4,train
mp-18540,CsEr2Cu3S5,Orthorhombic,Cmcm,22,train
mp-16742,BaAgTeF,Tetragonal,P4/nmm,8,train
mp-1188115,Cs3ZnBr5,Tetragonal,I4/mcm,18,train
mp-1228951,Al2CO,Hexagonal,P-6m2,4,train
mp-754540,CaPbI4,Monoclinic,P2/m,6,train
mp-1110848,K2AgSbF6,Cubic,Fm-3m,10,train
mp-558632,KNaSO4,Trigonal,P3m1,14,train
mp-643033,KPH2SO3,Monoclinic,Cm,8,train
mp-766248,Al11InO17,Hexagonal,P6_3/mmc,58,train
mp-754361,Hf2N2O,Monoclinic,P2/c,20,train
mp-1228890,AlInSb2,Tetragonal,P-4m2,4,train
mp-1112681,Cs2LiLaCl6,Cubic,Fm-3m,10,train
mp-1219640,Rb3I2Br,Orthorhombic,Immm,6,train
mp-760386,CsClO3,Trigonal,R3m,5,train
mp-10802,RbAs,Orthorhombic,P2_12_12_1,16,train
mp-861607,KNaNdTaO5,Tetragonal,P4/nmm,18,train
mp-9569,Ca(ZnP)2,Trigonal,P-3m1,5,train
mp-1227486,BiSbS3,Orthorhombic,Pnma,20,train
mp-7470,,,,12,train
mp-1345959,Ca2YSbO5,Monoclinic,Cc,18,train
mp-2211594,Dy3SbO7,Orthorhombic,Cmcm,22,train
mp-19363,HgMoO4,Monoclinic,C2/c,12,train
mp-567498,Rb2NaTmCl6,Cubic,Fm-3m,10,train
mp-961682,TiSnPd,Cubic,F-43m,3,train
mp-775763,AlBiO3,Monoclinic,P2_1/c,20,train
mp-6333,NaIn(SiO3)2,Monoclinic,C2/c,20,train
mp-1102911,SrF2,Orthorhombic,Pnma,12,train
mp-769366,Nd3SbO7,Orthorhombic,Cmcm,22,train
mp-555763,,,,6,train
mp-1095294,SiS2,Monoclinic,P2_1/c,12,train
mp-27821,Ag3P11,Monoclinic,Cm,14,train
mp-865956,IrCl3,Hexagonal,P6_3/mmc,8,train
mp-756750,Dy2TiO5,Orthorhombic,Cmcm,16,train
mp-6738,Al6B5(O5F)3,Hexagonal,P6_3/m,58,train
mp-1008523,BC2N,Tetragonal,P-4m2,4,train
mp-1040872,MgTi4O9,Tetragonal,P4/n,28,train
mp-3102,TaCuS3,Orthorhombic,Pnma,20,train
mp-1705,Sb2O5,Monoclinic,C2/c,14,train
mp-554181,VPO5,Tetragonal,P4_2/mbc,56,train
mp-1102943,Ba2Cd(BO3)2,Monoclinic,C2/m,11,train
mp-27252,TlCdI3,Orthorhombic,Pnma,20,train
mp-17989,K3PS4,Orthorhombic,Pnma,32,train
mp-27189,Si3Cl8,Cubic,F-43c,44,train
mp-6922,SiO2,Hexagonal,P6_222,9,train
mp-27437,Zr(IO3)4,Tetragonal,P4/n,34,train
mp-5229,SrTiO3,Cubic,Pm-3m,5,train
mp-1078552,Li2H6Pt,Cubic,Fm-3m,9,train
mp-7000,,,,9,train
mp-961711,,,,3,train
mp-27420,,,,8,train
mp-971712,ZnCdS2,Tetragonal,P-4m2,4,train
mp-639734,SiO2,Tetragonal,I4/mmm,48,train
mp-1209957,NaTlSe2,Tetragonal,I4/mcm,8,train
mp-1080842,Ba2UPbO6,Cubic,Fm-3m,10,train
mp-554959,K2Al2Sb2O7,Trigonal,P-3m1,13,train
mp-9063,RbSe,Hexagonal,P-62m,12,train
mp-1185942,MgS,Hexagonal,P6_3mc,4,train
mp-1211699,K2RbLuV2O8,Trigonal,P-3m1,14,train
mp-1666,Th2S5,Orthorhombic,Pbcn,28,train
mp-18610,Sm2SiSeO4,Orthorhombic,Pbcm,32,train
mp-1218284,SrDyCoO4,Orthorhombic,Cmcm,14,train
mp-541694,K2Na3SiP3,Orthorhombic,Pnma,36,train
mp-1221137,Na4SeS,Tetragonal,P4/mmm,6,train
mp-770645,Li8HfO6,Hexagonal,P6_3cm,30,train
mp-1112108,Cs2TlSbBr6,Cubic,Fm-3m,10,train
mp-2232814,Ba3MgNb2ZnO9,Trigonal,P3m1,16,train
mp-1228968,Ba4Ge2Pb(S4Br)2,Orthorhombic,Pmn2_1,34,train
mp-1232082,Tm2MgSe4,Tetragonal,I-42d,14,train
mp-1245548,Bi4S3N2,Orthorhombic,Pnma,36,train
mp-504825,SeCl,Monoclinic,P2_1/c,16,train
mp-1105589,Al2Si2H4O9,Monoclinic,Cm,17,train
mp-558802,Hg2MoO4,Monoclinic,C2/c,14,train
mp-1192393,Sr14(SnAs4)3,Trigonal,R3,29,train
mp-4876,Tl3SbSe3,Cubic,P2_13,28,train
mp-630927,Pb4SeBr6,Monoclinic,Cm,11,train
mp-754044,Ho2TiO5,Monoclinic,C2/c,16,train
mp-1192580,LaZr2F11,Orthorhombic,Ibam,28,train
mp-1206658,K3HoF6,Cubic,Fm-3m,10,train
mp-1517988,KSrNdSeO6,Cubic,F-43m,10,train
mp-558362,CaMgGeO4,Orthorhombic,Pnma,28,train
mp-33872,Na7Zr6F31,Trigonal,R3,44,train
mp-554199,RbSnIO6,Hexagonal,P6_322,18,train
mp-20222,Sr2NbInO6,Monoclinic,P2_1/c,20,train
mp-12525,,,,10,train
mp-558940,Pr3S3N,Orthorhombic,Pnma,28,train
mp-16267,Dy2CdS4,Cubic,Fd-3m,14,train
mp-1016076,CrN2,Cubic,Fd-3m,24,train
mp-561457,CsAlSiO4,Orthorhombic,Pnma,28,train
mp-6853,Ca3TaGa3(SiO7)2,Trigonal,P321,23,train
mp-8658,,,,6,train
mp-1112917,Cs2ErCuCl6,Cubic,Fm-3m,10,train
mp-1096824,AlAgO2,Trigonal,R3m,4,train
mp-12016,Rb2SiS3,Monoclinic,C2/m,12,train
mp-24128,ReH4NO4,Tetragonal,I4_1/a,20,train
mp-1227671,Ca4Al6MoO16,Tetragonal,I-4,27,train
mp-559263,K2Li4UO6,Trigonal,P-3m1,13,train
mp-22984,NaBiO2,Monoclinic,C2/c,8,train
mp-551873,,,,7,train
mp-23715,BaH2,Orthorhombic,Pnma,12,train
mp-6110,Sr2YSbO6,Cubic,Fm-3m,10,train
mp-2239978,KMgAg2SbS4,Monoclinic,C2,9,train
mp-7956,Na3Sb,Hexagonal,P6_3/mmc,8,train
mp-1110768,Rb2NaSbI6,Cubic,Fm-3m,10,train
mp-556046,SrGa2B2O7,Orthorhombic,Cmcm,24,train
mp-1523209,KCaZrBiO6,Cubic,F-43m,10,train
mp-1194714,SrTh(PS4)2,Tetragonal,P4_2/mbc,48,train
mp-29376,Na5InS4,Monoclinic,P2_1/m,20,train
mp-23933,,,,8,train
mp-560717,Ag2CO3,Trigonal,P31c,36,train
mp-6478,LiTaGeO5,Monoclinic,C2/c,16,train
mp-17112,K3Ge4Au,Orthorhombic,Pmmn,16,train
mp-864657,HoI3,Hexagonal,P6_3/mmc,8,train
mp-17959,Nd2SiTeO4,Monoclinic,P2_1/c,32,train
mp-1227508,BiSbSe3,Orthorhombic,Pnma,20,train
mp-554155,,,,12,train
mp-1113655,Rb2DyAuCl6,Cubic,Fm-3m,10,train
mp-1208995,ScTl3F6,Tetragonal,P4/mnc,20,train
mp-1214491,BaIBr,Orthorhombic,Pnma,12,train
mp-754118,,,,9,train
mp-1192039,Nd3TaO7,Orthorhombic,Cmcm,22,train
mp-1095584,PRuS,Monoclinic,P2_1/c,12,train
mp-28453,,,,10,train
mp-697146,Zn(HO)2,Orthorhombic,P2_12_12_1,20,train
mp-3338,NaGaO2,Orthorhombic,Pna2_1,16,train
mp-540695,Cs2DyCl5,Orthorhombic,Pnma,32,train
mp-982980,Na3DyCl6,Monoclinic,P2_1/c,20,train
mp-961657,YNiP,Cubic,F-43m,3,train
mp-752715,Ba3(ClO)2,Orthorhombic,Pnma,28,train
mp-996952,LaAuO2,Trigonal,R-3m,4,train
mp-1079034,Zn3CdSe4,Cubic,P-43m,8,train
mp-1001024,Y2MgS4,Cubic,Fd-3m,14,train
mp-1206723,HoCuSe2,Trigonal,P-3m1,4,train
mp-36111,LiMgP,Cubic,F-43m,3,train
mp-1111788,Rb2ScAuI6,Cubic,Fm-3m,10,train
mp-1104167,Ca(GaS2)2,Orthorhombic,Cccm,14,train
mp-555165,SiO2,Tetragonal,I4_1/acd,48,train
mp-1106,,,,12,train
mp-28693,Al3Te3I,Orthorhombic,Pnma,28,train
mp-1105120,SmPO4,Hexagonal,P6_422,18,train
mp-1047547,Zn(AgO2)2,Orthorhombic,Pbcm,28,train
mp-754625,SrTaNO2,Monoclinic,C2/m,20,train
mp-1520202,SrInGaWO6,Cubic,F-43m,10,train
mp-1205364,CaTiO3,Orthorhombic,Cmcm,20,train
mp-862631,Ba2SbAu,Cubic,Fm-3m,4,train
mp-21945,Ge3Ru2,Orthorhombic,Pbcn,40,train
mp-8963,Cs2HgF4,Tetragonal,I4/mmm,7,train
mp-756940,LiTiV3O10,Monoclinic,C2,15,train
mp-28112,In5Cl9,Trigonal,R-3c,28,train
mp-1094002,Zn(GaS2)2,Cubic,Fd-3m,14,train
mp-1078520,AlHO2,Orthorhombic,Pnnm,8,train
mp-1021431,CsNaICl,Tetragonal,P4/mmm,4,train
mp-40226,Na4Ga3Si3IO12,Cubic,P-43n,46,train
mp-2251,Li3N,Hexagonal,P6/mmm,4,train
mp-541817,NbSeI3,Monoclinic,C2/c,20,train
mp-1103261,SiPtSe,Orthorhombic,Pca2_1,12,train
mp-1000,,,,2,train
mp-18634,CdSO3,Trigonal,R-3,30,train
mp-18373,ZnSe2O5,Orthorhombic,Pbcn,32,train
mp-961649,ZrFeTe,Cubic,F-43m,3,train
mp-557179,NaSbS2,Monoclinic,C2/m,8,train
mp-1247924,Al2Te3,Trigonal,R3,10,train
mp-643022,Rb3H5Pd,Tetragonal,P4/mbm,18,train
mp-568137,Cs3Mg2Cl7,Tetragonal,I4/mmm,12,train
mp-755175,Al2O3,Trigonal,P-31c,20,train
mp-8039,AlF3,Cubic,Pm-3m,4,train
mp-14433,NaGe2N3,Orthorhombic,Cmc2_1,12,train
mp-1519279,KPrInSbO6,Cubic,F-43m,10,train
mp-17862,Ag3Ge5P6,Cubic,I-43m,28,train
mp-14252,Ca3UO6,Trigonal,R-3,20,train
mp-1521626,Ca2BiSbO6,Cubic,Fm-3m,10,train
mp-1227101,CaTaAlO5,Monoclinic,C2/c,16,train
mp-2672,K2O2,Orthorhombic,Cmce,8,train
mp-29136,Sr6Cu3N5,Tetragonal,P4_2mc,28,train
mp-1178187,Hf2N2O,Monoclinic,Cc,10,train
mp-13803,Nb2Hg2O7,Cubic,Fd-3m,22,train
mp-753257,LiCuF4,Monoclinic,P2_1/c,12,train
mp-1222767,Li2AlCoO4,Monoclinic,C2/m,8,train
mp-767214,Li2AlPCO7,Monoclinic,P2_1/m,24,train
mp-3346615,CaMg3(CO3)4,Trigonal,R-3,20,train
mp-1572,GaSe,Hexagonal,P-6m2,8,train
mp-7868,PtO2,Hexagonal,P6_3mc,6,train
mp-554119,KSnAsS5,Orthorhombic,Pbam,32,train
mp-1213498,CsSm(NbBr3)6,Trigonal,P-31c,52,train
mp-1518570,Ba2NdBiO6,Cubic,Fm-3m,10,train
mp-531523,LiGa5O8,Orthorhombic,Pmna,28,train
mp-4818,Rb2Sb4S7,Monoclinic,P2_1/c,26,train
mp-11623,LaInO3,Orthorhombic,Pnma,20,train
mp-756316,Li3SbS4,Orthorhombic,Pmn2_1,16,train
mp-1100439,YSeBr,Cubic,F-43m,3,train
mp-34293,CsTaN2,Tetragonal,I-42d,8,train
mp-661,AlN,Hexagonal,P6_3mc,4,train
mp-1521661,KBaNdWO6,Orthorhombic,Pnnn,40,train
mp-997499,TbTa3O9,Monoclinic,C2,26,train
mp-756205,ScBiO3,Orthorhombic,Pnma,20,train
mp-24424,,,,6,train
mp-6391,Na2ZnSiO4,Monoclinic,Pc,16,train
mp-863023,RbZnH2Se2ClO6,Monoclinic,P2/c,26,train
mp-1522771,Ba2VBiO6,Cubic,Fm-3m,10,train
mp-632808,BaLiH3,Cubic,Pm-3m,5,train
mp-1222101,MgCd3(CO3)4,Trigonal,R-3,20,train
mp-29370,Na3BP2,Monoclinic,P2_1/c,24,train
mp-697030,Mg2H6Ru,Cubic,Fm-3m,9,train
mp-8870,LiMgAsO4,Orthorhombic,Pnma,28,train
mp-1222070,MgTi4(PO4)6,Trigonal,R-3,35,train
mp-17756,RbAg2SbS4,Trigonal,P3_221,24,train
mp-1216875,Tm(CuTe)3,Trigonal,R-3,14,train
mp-504838,,,,10,train
mp-28670,Ba2Bi2O5,Monoclinic,P2_1/c,18,train
mp-1218931,SnPtS,Cubic,P2_13,12,train
mp-1181462,DyAgSe2,Orthorhombic,P2_12_12_1,16,train
mp-569879,Cs2Ta6PbCl18,Trigonal,R-3,27,train
mp-16118,RbDy2CuSe4,Orthorhombic,Cmcm,16,train
mp-1213164,CsTlF4,Orthorhombic,Pbcm,24,train
mp-6059,Cs2KYF6,Cubic,Fm-3m,10,train
mp-1516258,Ba2LaNbO6,Cubic,Pn-3,40,train
mp-17394,NaYGeO4,Orthorhombic,Pnma,28,train
mp-1077866,BaZnBO3F,Hexagonal,P-6,7,train
mp-1103592,HfTaNO3,Monoclinic,P2_1,12,train
mp-2892,BaNd2O4,Orthorhombic,Pnma,28,train
mp-10489,Cs2Ti(CuSe2)2,Tetragonal,P4_2/mcm,18,train
mp-17597,Ca(ScS2)2,Orthorhombic,Pnma,28,train
mp-6793,BaLa2ZnO5,Tetragonal,I4/mcm,18,train
mp-556233,KAs4ClO6,Hexagonal,P6/mmm,12,train
mp-1210487,Nd(BrO2)3,Monoclinic,P2/c,20,train
mp-1215549,Zn2Si2AsP3,Monoclinic,C2,8,train
mp-989533,NaTl2InF6,Cubic,Fm-3m,10,train
mp-1227627,Ca10V3P3(O12F)2,Hexagonal,P-6,42,train
mp-6867,KCaCO3F,Hexagonal,P-6m2,7,train
mp-567558,CsAgCl2,Tetragonal,P4/nmm,8,train
mp-1188199,Pr(YS2)3,Monoclinic,P2_1/m,20,train
mp-22583,KInP2S7,Monoclinic,C2,11,train
mp-961713,ZrSnPt,Cubic,F-43m,3,train
mp-753815,CaY2O4,Cubic,Fd-3m,14,train
mp-569028,,,,9,train
mp-4608,KPF6,Trigonal,R-3,8,train
mp-1233680,Rb2CaNb2(TeO6)2,Monoclinic,C2/m,19,train
mp-8960,Ba3NaNbO6,Trigonal,R-3c,22,train
mp-995225,CsBaSiHO4,Monoclinic,P2_1,16,train
mp-315,PbF2,Cubic,Fm-3m,3,train
mp-4820,,,,12,train
mp-770406,Sm2WO6,Orthorhombic,P2_12_12_1,36,train
mp-8016,,,,8,train
mp-1178133,KSmO2,Trigonal,R-3m,4,train
mp-1113151,Cs3YF6,Cubic,Fm-3m,10,train
mp-31303,Pr4Se3N2,Monoclinic,C2/c,18,train
mp-1188913,CsS3,Triclinic,P-1,16,train
mp-4482,NaSbO3,Trigonal,R-3,10,train
mp-1189134,KNaW(OF2)2,Tetragonal,P4/nmm,18,train
mp-545598,UCdO4,Orthorhombic,Cmmm,6,train
mp-1205362,NbAgO3,Orthorhombic,Cmcm,20,train
mp-555488,Na5AlP2(O4F)2,Trigonal,P-3,54,train
mp-754541,TmTlO2,Trigonal,R-3m,4,train
mp-23024,,,,6,train
mp-558917,LiMoIO6,Monoclinic,P2_1,18,train
mp-2310,CdO2,Cubic,Pa-3,12,train
mp-540584,K2PdO2,Orthorhombic,Immm,5,train
mp-1105614,NdScS3,Orthorhombic,Pnma,20,train
mp-6557,Cs2PO3F,Orthorhombic,Pnma,28,train
mp-571085,Ga2BiSe4,Tetragonal,P4/nnc,28,train
mp-1182061,BaNaH6Ir,Cubic,F-43m,9,train
mp-1182102,BaH2,Hexagonal,P6_3/mmc,6,train
mp-754113,TmClO,Orthorhombic,Pmmn,6,train
mp-1114129,Rb2YInBr6,Cubic,Fm-3m,10,train
mp-7449,Cs2Se3,Orthorhombic,Cmc2_1,10,train
mp-1202714,SiPHO5,Monoclinic,P2_1/c,32,train
mp-12814,Ba3SbN,Hexagonal,P6_3/mmc,10,train
mp-554944,TiSO5,Orthorhombic,Pnma,28,train
mp-756156,Rb2ZrO3,Orthorhombic,Cmc2_1,12,train
mp-865466,TiH8(NF3)2,Trigonal,P-3m1,17,train
mp-555410,,,,8,train
mp-1110591,Rb2GaAuF6,Cubic,Fm-3m,10,train
mp-1188681,InHO2,Cubic,P2_13,16,train
mp-981511,Y3SbO7,Orthorhombic,Cmcm,22,train
mp-542374,KSn,Tetragonal,I4_1/acd,32,train
mp-1208330,TbSI,Hexagonal,P-6m2,3,train
mp-1104053,Al2HgS4,Cubic,Fd-3m,14,train
mp-15751,Ba3Y4O9,Trigonal,R3,16,train
mp-626643,Ca(HO)2,Trigonal,P3m1,5,train
mp-41414,BaLaMgBiO6,Cubic,F-43m,10,train
mp-1205594,Sr2TaAlO6,Cubic,Fm-3m,10,train
mp-1112117,Cs2RbScI6,Cubic,Fm-3m,10,train
mp-557773,Sc2TeO6,Trigonal,P321,27,train
mp-754759,Y2O3,Trigonal,R-3c,10,train
mp-1080232,CsSrI3,Orthorhombic,Cmcm,10,train
mp-1206808,Cs2LiAlF6,Trigonal,P-3m1,10,train
mp-17950,Nd2(WO4)3,Monoclinic,C2/c,34,train
mp-772840,Sm2Ge2O7,Tetragonal,P4_12_12,44,train
mp-1190733,Cs4PbCl6,Trigonal,R-3c,22,train
mp-1017552,Bi2O3,Trigonal,P-3m1,5,train
mp-1113355,Cs2PrCuBr6,Cubic,Fm-3m,10,train
mp-757836,BeH2SeO4,Orthorhombic,P2_12_12_1,32,train
mp-756587,TiO2,Hexagonal,P6_3mc,24,train
mp-13949,,,,7,train
mp-545500,,,,10,train
mp-30032,TlIO4,Tetragonal,I4_1/a,12,train
mp-989527,Cs2NaNF6,Cubic,Fm-3m,10,train
mp-1095493,CdSe2,Cubic,Pa-3,12,train
mp-1217312,TeI4,Monoclinic,C2/m,5,train
mp-34210,Al2ZnO4,Orthorhombic,Imma,14,train
mp-1228208,Ba4LaTiNb3O15,Trigonal,P3m1,24,train
mp-568062,DyTlSe2,Trigonal,R-3m,4,train
mp-1209528,PdPb2F6,Orthorhombic,Cmce,18,train
mp-1211662,K3TbF6,Monoclinic,P2_1/c,20,train
mp-616141,Cs5GeAs3,Orthorhombic,Pnma,36,train
mp-770359,TaAsO4,Orthorhombic,Pnna,24,train
mp-11692,Ba3(SiAs2)2,Monoclinic,C2/c,18,train
mp-1218918,Sr10P6BrO24F,Trigonal,P3,42,train
mp-1521465,BaSrVBiO6,Cubic,F-43m,10,train
mp-1042495,Ti3Zn2O8,Hexagonal,P6_3mc,26,train
mp-1208760,Sr2ScNbO6,Monoclinic,P2_1/c,20,train
mp-1009084,,,,8,train
mp-675283,TlPF6,Trigonal,R-3m,8,train
mp-9385,,,,6,train
mp-555166,,,,8,train
mp-1188683,NdBS3,Orthorhombic,Pna2_1,20,train
mp-10163,,,,8,train
mp-1192391,RbLi2CdC2O6F,Hexagonal,P6_3/m,26,train
mp-10933,Nd2TeS2,Trigonal,P-3m1,5,train
mp-14115,LiRhO2,Trigonal,R-3m,4,train
mp-11115,RbCuPdSe5,Monoclinic,P2_1/m,16,train
mp-570213,LiMgBi,Cubic,F-43m,3,train
mp-1519218,NaSrZrBiO6,Cubic,F-43m,10,train
mp-647579,ZnBr2,Tetragonal,I4_1/acd,48,train
mp-755350,BaLaI5,Monoclinic,P2_1/m,14,train
mp-557517,Tb3CuGeS7,Hexagonal,P6_3,24,train
mp-753990,BaY2F8,Tetragonal,P4/mmm,11,train
mp-556169,YSeO3F,Monoclinic,P2_1/c,24,train
mp-1208895,Sm2HgO4,Monoclinic,C2/m,14,train
mp-40204,KZrTl2OF5,Tetragonal,I4mm,10,train
mp-546920,Li(CO)2,Monoclinic,C2/m,10,train
mp-1110618,Na2TlGaF6,Cubic,Fm-3m,10,train
mp-1247347,Sr5(TiN3)2,Monoclinic,C2/c,26,train
mp-634381,V2Zn2O7,Monoclinic,C2/m,11,train
mp-9812,,,,10,train
mp-5479,,,,6,train
mp-10487,RbSb,Monoclinic,P2_1/c,16,train
mp-863751,Pr3SiAgS7,Hexagonal,P6_3,24,train
mp-1215406,ZnCdTe2,Trigonal,R3m,4,train
mp-8454,KF,Cubic,Pm-3m,2,train
mp-27456,BaBr2,Orthorhombic,Pnma,12,train
mp-15954,As2Rh,Monoclinic,P2_1/c,12,train
mp-616026,Sr3InP3,Orthorhombic,Pnma,28,train
mp-23763,SnH8(NCl3)2,Cubic,Fm-3m,17,train
mp-10182,LiZnP,Cubic,F-43m,3,train
mp-1541,BeSe,Cubic,F-43m,2,train
mp-1110602,Rb2AgRhF6,Cubic,Fm-3m,10,train
mp-861979,Ir2S3,Trigonal,R-3c,10,train
mp-753048,TiSnO4,Monoclinic,Cm,18,train
mp-6476,Ag3SeNO3,Trigonal,R3c,16,train
mp-1218394,Sr3Be2B5HO13,Monoclinic,Cm,24,train
mp-1009730,Ca2Sn,Cubic,Fm-3m,3,train
mp-1100366,CaSn2S5,Orthorhombic,Pnma,32,train
mp-675458,La2Te4Pb,Tetragonal,I-42d,14,train
mp-1103735,Rb3Lu(PO4)2,Trigonal,P-3m1,14,train
mp-1220995,NaNdTiNbO6F,Orthorhombic,Imma,22,train
mp-752554,Y2HfO5,Monoclinic,P2_1/c,32,train
mp-1522084,BaHfInSbO6,Cubic,F-43m,10,train
mp-3924,LiNbO2,Hexagonal,P6_3/mmc,8,train
mp-1205668,Sr3MoO6,Cubic,Fm-3m,10,train
mp-754725,UCd3O6,Monoclinic,P2_1/c,20,train
mp-1187777,Xe,Orthorhombic,Fmmm,4,train
mp-1220844,Na9Sm(SiSe3)4,Monoclinic,C2,26,train
mp-2948,Si2N2O,Trigonal,P-3m1,40,train
mp-1221317,Na2ScIn(SiO3)4,Monoclinic,C2,20,train
mp-768501,Co2(SO4)3,Trigonal,R-3c,34,train
mp-8947,Sr(BS2)2,Monoclinic,P2_1/c,28,train
mp-975924,Ge3Ir2Se3,Trigonal,R-3,32,train
mp-13843,Li2TeO4,Tetragonal,P4_122,28,train
mp-1214502,Ba3Nb2CdO9,Trigonal,P-3m1,15,train
mp-1223458,KBaY(BO3)2,Trigonal,R3m,11,train
mp-1214125,Ca2ScNbO6,Monoclinic,P2_1/c,20,train
mp-1228487,Ba2In2O5,Orthorhombic,Pmm2,9,train
mp-7931,SrP,Hexagonal,P-62m,12,train
mp-1218347,Sr3(BN2)2,Cubic,Pm-3m,27,train
mp-643754,HgH2NCl,Orthorhombic,Pmma,10,train
mp-756427,Li5SbS4,Orthorhombic,Cmc2_1,20,train
mp-1043492,ZnSn2(PO5)2,Orthorhombic,Fdd2,30,train
mp-984761,CsRb2Sb,Cubic,Fm-3m,4,train
mp-4423,La2Ti2O7,Cubic,Fd-3m,22,train
mp-1211177,Li4CuSbO6,Monoclinic,C2/c,24,train
mp-997161,CoAuO2,Trigonal,R-3m,4,train
mp-10969,,,,4,train
mp-27666,IrCl3,Monoclinic,C2/m,8,train
mp-1228529,Ba2SrTm6O12,Hexagonal,P-6,21,train
mp-1111885,Cs2NdCuBr6,Cubic,Fm-3m,10,train
mp-558760,SrZrS3,Orthorhombic,Pnma,20,train
mp-676552,Nd2Th8O19,Tetragonal,P-4m2,29,train
mp-725917,HfSO6,Orthorhombic,Pnma,32,train
mp-1110882,K3NdCl6,Cubic,Fm-3m,10,train
mp-4624,TaBO4,Tetragonal,I4_1/amd,12,train
mp-4009,,,,8,train
mp-759288,GaH5(NF)2,Monoclinic,C2/m,20,train
mp-1111290,Li3CoF6,Cubic,Fm-3m,10,train
mp-989624,TiPN3,Monoclinic,C2/c,20,train
mp-7800,LiSmO2,Monoclinic,P2_1/c,16,train
mp-1522214,BaSrYVO6,Cubic,F-43m,10,train
mp-1228439,Ba4LaTiNb3O15,Trigonal,P3m1,24,train
mp-1214603,Ba3Cd(GeO4)2,Trigonal,P-3m1,14,train
mp-1189868,Cd4BiB3O10,Monoclinic,Cm,18,train
mp-23657,Na6S2ClO8F,Cubic,Fm-3m,18,train
mp-1190949,Ba2ZnGe2O7,Tetragonal,P-42_1m,24,train
mp-18577,KAg3S2,Cubic,Fd-3m,24,train
mp-27451,Tl3PbBr5,Orthorhombic,P2_12_12_1,36,train
mp-560826,SiO2,Orthorhombic,Cmcm,36,train
mp-2383052,WO3,Cubic,Pm-3m,8,train
mp-15704,BeSiN2,Tetragonal,I-42d,8,train
mp-1113981,Rb2LiErCl6,Cubic,Fm-3m,10,train
mp-1232177,Ho2MgSe4,Orthorhombic,Pnma,28,train
mp-1216623,TlSbWO6,Orthorhombic,Ima2,18,train
mp-1078457,Ba2ZrTiO6,Cubic,Fm-3m,10,train
mp-4762,TlAg3S2,Orthorhombic,Pbcn,24,train
mp-554245,BaPb2IF5,Tetragonal,P4/nmm,18,train
mp-19352,KAl(MoO4)2,Trigonal,P-3m1,12,train
mp-8426,K2Se,Cubic,Fm-3m,3,train
mp-768382,La2Al4O9,Orthorhombic,Pbam,30,train
mp-1222352,LiTiRhO4,Orthorhombic,Imma,14,train
mp-1181313,Ga2(TeO3)3,Hexagonal,P6_3/m,28,train
mp-570922,MgCl2,Tetragonal,P-4m2,3,train
mp-774749,RbNa3Li12Ti4O16,Tetragonal,I4/m,36,train
mp-7929,,,,5,train
mp-754539,LiVSiO5,Monoclinic,P2_1/m,16,train
mp-560595,Ca2AsClO4,Orthorhombic,Pbcm,32,train
mp-1520995,Sr2SmSbO6,Cubic,Pn-3,40,train
mp-6984,,,,10,train
mp-20199,PPbS3,Monoclinic,P2_1/c,20,train
mp-1067154,KNO2,Orthorhombic,Imm2,4,train
mp-7384,SmF3,Orthorhombic,Pnma,16,train
mp-776911,MgO,Hexagonal,P6_3mc,8,train
mp-11918,Ca(BeN)2,Tetragonal,I4/mcm,10,train
mp-754596,RbGaO2,Cubic,Fd-3m,8,train
mp-27691,K2PtBr6,Cubic,Fm-3m,9,train
mp-1194337,Sr(LuSe2)2,Orthorhombic,Pnma,28,train
mp-1227669,Ca4Al6CrO16,Tetragonal,I-4,27,train
mp-1111652,K2NaAlCl6,Cubic,Fm-3m,10,train
mp-1189171,Zn2NCl,Orthorhombic,Pna2_1,16,train
mp-1373817,Zn2TeWO6,Monoclinic,P2_1/c,20,train
mp-2763667,InPbCl3,Trigonal,R3m,5,train
mp-1222482,Li6AsS5I,Triclinic,P1,13,train
mp-1188917,AgCS(OF)3,Trigonal,R-3,18,train
mp-7048,Al2O3,Monoclinic,C2/m,10,train
mp-7188,Al2Os,Tetragonal,I4/mmm,3,train
mp-696457,ScP3(HO2)6,Trigonal,R3c,44,train
mp-1224142,Ho(CuTe)3,Trigonal,R-3,14,train
mp-29380,K2Te2As,Orthorhombic,Pnma,40,train
mp-31049,NdO2,Monoclinic,C2/m,6,train
mp-755053,Ga4SiO8,Monoclinic,C2/m,13,train
mp-505634,Cs2Te3,Orthorhombic,Cmc2_1,10,train
mp-7193,Lu2Si2O7,Monoclinic,C2/m,11,train
mp-6026,,,,11,train
mp-1179510,ScCdCu3Se4,Cubic,P-43m,9,train
mp-29246,Cd2P3Cl,Monoclinic,C2/c,12,train
mp-1518311,BaPrDySnO6,Cubic,F-43m,10,train
mp-4481,Ca2SiO4,Orthorhombic,Pnma,28,train
mp-754741,ZrO2,Orthorhombic,Pnma,12,train
mp-567428,Tb3CuGeSe7,Hexagonal,P6_3,24,train
mp-984718,BAs,Hexagonal,P6_3mc,4,train
mp-1179119,SrInCu3Se4,Cubic,P-43m,9,train
mp-1191034,NaCdSbS3,Monoclinic,C2/c,24,train
mp-1539446,Cs2PtCl4,Tetragonal,P4/mmm,7,train
mp-7375,KNbO3,Trigonal,R3m,5,train
mp-1518811,KLaZnWO6,Cubic,F-43m,10,train
mp-6972,,,,4,train
mp-1228076,Ba4Sr(SnO3)5,Tetragonal,P4/mmm,25,train
mp-1194504,Sn3Ir2Se3,Trigonal,R-3,32,train
mp-14395,NaAlAsO4F,Monoclinic,C2/c,16,train
mp-2033990,CsLi2Br3,Orthorhombic,Immm,6,train
mp-1112944,Cs2NdAgBr6,Cubic,Fm-3m,10,train
mp-1209489,Rb2Pb2O3,Cubic,I2_13,14,train
mp-770284,SmTaO4,Monoclinic,P2_1/c,24,train
mp-5518,,,,8,train
mp-1205868,Cs2NaSmF6,Cubic,Fm-3m,10,train
mp-554641,Sr3Mg(SiO4)2,Monoclinic,C2/c,28,train
mp-1078671,Sr2CaWO6,Tetragonal,I4/m,10,train
mp-1345,CaP,Hexagonal,P-62m,12,train
mp-1076534,RbTaO3,Cubic,Pm-3m,5,train
mp-740711,Cs3B6H12Se4Br,Hexagonal,P6_3mc,52,train
mp-1224043,In2AgS3Br,Trigonal,R-3m,14,train
mp-552169,AgClO2,Orthorhombic,Cmme,8,train
mp-1191443,La3AlCdS7,Hexagonal,P6_3,24,train
mp-9076,NaTmS2,Trigonal,R-3m,4,train
mp-9732,,,,9,train
mp-23160,ThBr4,Tetragonal,I4_1/amd,10,train
mp-768223,Cs2CeO3,Orthorhombic,Cmc2_1,12,train
mp-644506,NaAlH2CO5,Orthorhombic,Imma,20,train
mp-1245487,Sr3Sc2N4,Orthorhombic,Pnna,36,train
mp-1111141,Na2CoAuF6,Cubic,Fm-3m,10,train
mp-569960,ZnBr2,Trigonal,R-3m,3,train
mp-23454,CsAgBr2,Orthorhombic,Cmcm,8,train
mp-1208048,TlVSeO5,Orthorhombic,Pna2_1,32,train
mp-1223648,K2BrCl,Trigonal,R-3m,4,train
mp-1228048,Ba4Ta2TiZnO12,Tetragonal,P4/mmm,20,train
mp-10985,RbCu3S2,Monoclinic,C2/m,12,train
mp-752537,Sr2HfO4,Orthorhombic,Pbam,14,train
mp-4979,AlCuS2,Tetragonal,I-42d,8,train
mp-567441,HfIN,Trigonal,R-3m,6,train
mp-1520451,KCeNbSnO6,Tetragonal,P4_2/mmc,20,train
mp-1516647,BaHfNbInO6,Cubic,F-43m,10,train
mp-643712,Rb3MgH5,Tetragonal,I4/mcm,18,train
mp-19260,Li2WO4,Monoclinic,C2/c,14,train
mp-557225,Cu6GeWS8,Hexagonal,P6_3mc,32,train
mp-1249,,,,6,train
mp-1200853,Er2HfS5,Orthorhombic,Pnma,32,train
mp-1245465,Rb6MoN4,Tetragonal,P4_2/nmc,22,train
mp-1214863,Al3Si3Ag4IO12,Cubic,P-43n,46,train
mp-753747,Ta3O7F,Orthorhombic,Cmmm,11,train
mp-626182,SbHO3,Tetragonal,I4_1/amd,20,train
mp-17749,V2HgO6,Orthorhombic,Pbca,36,train
mp-28599,,,,7,train
mp-1227401,Ca(DyTe2)2,Monoclinic,P2/m,7,train
mp-1232360,CeMgSe3,Trigonal,R-3,10,train
mp-41837,RbTiZnOF5,Orthorhombic,Imma,18,train
mp-4163,Ca3Ti2O7,Orthorhombic,Cmc2_1,24,train
mp-755311,NaLuO2,Trigonal,R-3m,4,train
mp-558219,SrLi(BS2)3,Monoclinic,Cc,22,train
mp-8963,,,,7,train
mp-1396276,CaLa2SnO6,Trigonal,R-3,10,train
mp-1218032,TaCu3(SeS)2,Orthorhombic,Cmm2,8,train
mp-41236,Ba2La2Zn(WO6)2,Trigonal,R-3m,19,train
mp-13947,,,,9,train
mp-1206729,NbGa(PbO3)2,Cubic,Fm-3m,10,train
mp-1227801,Ca2V2PbO8,Trigonal,R3m,13,train
mp-1863,SiAs,Monoclinic,C2/m,12,train
mp-4406,,,,12,train
mp-1110589,Rb2IrAuF6,Cubic,Fm-3m,10,train
mp-644295,CaZrGeO5,Triclinic,P-1,16,train
mp-29249,GeAsSe,Orthorhombic,Pnna,24,train
mp-30539,Y2WO6,Orthorhombic,P2_12_12_1,36,train
mp-866696,La3ScBeS7,Hexagonal,P6_3,24,train
mp-1196887,Ba4SiSb2Se11,Orthorhombic,Cmc2_1,36,train
mp-15953,P2Rh,Monoclinic,P2_1/c,12,train
mp-23209,SrCl2,Cubic,Fm-3m,3,train
mp-3807,Al2CdSe4,Cubic,Fd-3m,14,train
mp-5132,YPO4,Tetragonal,I4_1/amd,12,train
mp-21562,Sm3InSe6,Orthorhombic,Pnnm,40,train
mp-7074,NaSc(SiO3)2,Monoclinic,C2/c,20,train
mp-2402,NaSi,Monoclinic,C2/c,16,train
mp-25428,NiO2,Cubic,Fd-3m,12,train
mp-753156,La2Th2O7,Tetragonal,P-4m2,11,train
mp-5588,BaSiF6,Trigonal,R-3m,8,train
mp-1080190,Ti3N4,Trigonal,P31c,28,train
mp-20015,,,,9,train
mp-11709,Sm(BO2)3,Monoclinic,C2/c,20,train
mp-756919,Mg3(AsO4)2,Monoclinic,P2_1/c,26,train
mp-1522338,KCaLaWO6,Cubic,F-43m,10,train
mp-978852,SrGaSnH,Trigonal,P3m1,4,train
mp-11583,,,,10,train
mp-551243,BaBiIO2,Orthorhombic,Cmcm,10,train
mp-1113045,Cs2KInI6,Cubic,Fm-3m,10,train
mp-1218603,Sr3Ti(GaO2)10,Monoclinic,C2/m,34,train
mp-30253,Na10SrSn12,Cubic,I-43m,23,train
mp-1002164,GeC,Cubic,F-43m,2,train
mp-1112661,Cs2NaBiBr6,Cubic,Fm-3m,10,train
mp-1521578,KCaDySeO6,Cubic,F-43m,10,train
mp-15776,,,,7,train
mp-4967,MgSO4,Orthorhombic,Pnma,24,train
mp-1188875,Te6IrI3,Trigonal,R-3c,20,train
mp-1228953,Al2GaN3,Monoclinic,Cm,12,train
mp-760375,Li3VS4,Cubic,P-43m,8,train
mp-771707,Li2SnBPO7,Monoclinic,P2_1/m,24,train
mp-9384,,,,6,train
mp-754614,LuNbO4,Monoclinic,P2/c,12,train
mp-1039,MgTe,Hexagonal,P6_3mc,4,train
mp-643060,ZnH4(BrO)2,Orthorhombic,Immm,27,train
mp-2278932,W(ClO)2,Tetragonal,P4/mmm,5,train
mp-1111207,K2RbScCl6,Cubic,Fm-3m,10,train
mp-14091,,,,8,train
mp-1097360,Ba2SbI,Tetragonal,I4/mmm,4,train
mp-9127,Ba(SbO3)2,Trigonal,P-31m,9,train
mp-20331,CuSbSe2,Orthorhombic,Pnma,16,train
mp-1020594,Zn2SiO4,Orthorhombic,Pnma,28,train
mp-1146,ThS2,Orthorhombic,Pnma,12,train
mp-28899,Hg2As3Br,Monoclinic,C2/c,12,train
mp-754883,KHoO2,Trigonal,R-3m,4,train
mp-850279,SrCaI4,Monoclinic,P2_1/c,24,train
mp-1211774,K2SmCl5,Orthorhombic,Pnma,32,train
mp-18439,Ba3AlSb3,Orthorhombic,Cmce,28,train
mp-1210238,Na3Pr(AsO4)2,Trigonal,P-3m1,14,train
mp-1208980,Sm2(SO4)3,Monoclinic,C2/c,34,train
mp-30041,RbBiS2,Trigonal,R-3m,4,train
mp-768633,Sr2LaCl7,Monoclinic,P2_1/m,20,train
mp-560740,La2SnS3O2,Orthorhombic,Pnma,32,train
mp-1096795,YAgS2,Trigonal,R3m,4,train
mp-23503,Na3InCl6,Trigonal,P-31c,20,train
mp-1522480,Sr2YBiO6,Cubic,Pn-3,40,train
mp-603907,MgSiO3,Monoclinic,C2/c,20,train
mp-1542940,TiTlPS5,Monoclinic,C2/m,16,train
mp-1246268,NaI,Orthorhombic,Cmmm,4,train
mp-1222864,LaPr3(GaO3)4,Monoclinic,Pm,20,train
mp-12454,ErCuS2,Orthorhombic,Pnma,16,train
mp-561442,Y2Hf2O7,Cubic,Fd-3m,22,train
mp-8621,K2PtSe2,Orthorhombic,Immm,5,train
mp-1220972,NaLiZnS2,Trigonal,P3m1,5,train
mp-8289,SnF3,Cubic,Fm-3m,8,train
mp-1204241,Ca3Ge4,Hexagonal,P6_3/m,42,train
mp-754138,CsDyO2,Hexagonal,P6_3/mmc,8,train
mp-1229192,Cs2BaCl4,Tetragonal,I-42d,14,train
mp-1227412,BeAlSiN3,Monoclinic,Cc,12,train
mp-17769,YSO4F,Orthorhombic,Pnma,28,train
mp-571100,CsAgBr2,Tetragonal,P4/nmm,8,train
mp-6491,Na2ZnP2O7,Tetragonal,P4_2/mnm,48,train
mp-1110747,Rb2LiPrI6,Cubic,Fm-3m,10,train
mp-1223078,La4PtO7,Monoclinic,Cm,12,train
mp-9047,RbBS3,Monoclinic,P2_1/c,20,train
mp-1199006,Tb2HfS5,Orthorhombic,Pnma,32,train
mp-1208747,Sm5Si3NO12,Hexagonal,P6_3/m,42,train
mp-569766,TeI,Monoclinic,C2/m,8,train
mp-27331,K3GeTe3,Monoclinic,C2/c,28,train
mp-28712,Si2Hg6O7,Monoclinic,C2/m,15,train
mp-7693,BaTm2F8,Monoclinic,C2/m,11,train
mp-555893,Pr3CuSiS7,Hexagonal,P6_3,24,train
mp-11919,,,,10,train
mp-2763586,Li6Ti2O7,Monoclinic,C2/m,15,train
mp-1226014,CoPSe,Cubic,P2_13,12,train
mp-11824,Ca3PN,Cubic,Pm-3m,5,train
mp-6951,RbCdF3,Cubic,Pm-3m,5,train
mp-1111655,Rb2AgAsCl6,Cubic,Fm-3m,10,train
mp-1229141,Ag2HgGeS4,Monoclinic,Pc,16,train
mp-38008,Li2CdCl4,Orthorhombic,Imma,14,train
mp-27501,Cs2ThCl6,Trigonal,P-3m1,9,train
mp-625472,Tm(HO)3,Hexagonal,P6_3/m,14,train
mp-1113059,Cs2KAlCl6,Cubic,Fm-3m,10,train
mp-22905,,,,2,train
mp-1228308,Ba2TaCoO6,Cubic,Fm-3m,10,train
mp-29584,K4BeAs2,Trigonal,R-3m,7,train
mp-27704,K3V5O14,Trigonal,P31m,22,train
mp-8873,,,,7,train
mp-1079871,Cs2KSmCl6,Cubic,Fm-3m,10,train
mp-542464,Ga2H6(SeO4)3,Trigonal,R3c,46,train
mp-754363,Ba2HfO4,Tetragonal,I4/mmm,7,train
mp-1111076,Li3GaF6,Cubic,Fm-3m,10,train
mp-11000,CaB4O7,Orthorhombic,Pmn2_1,24,train
mp-1232263,Tm2MgS4,Orthorhombic,Pnma,28,train
mp-862800,PrI3,Hexagonal,P6_3/mmc,8,train
mp-1520310,KSmHfSnO6,Cubic,F-43m,10,train
mp-17077,K2YF5,Orthorhombic,Pnma,32,train
mp-983061,Sr(AsO3)2,Hexagonal,P6_3/mcm,18,train
mp-754114,SrSc2O4,Cubic,Fd-3m,14,train
mp-755448,Rb2SnO3,Orthorhombic,Cmce,24,train
mp-1044686,Zn(BiO2)2,Trigonal,R3m,14,train
mp-1102038,MgH2,Cubic,Pa-3,12,train
mp-775122,LiLaNb4O12,Tetragonal,P4/mmm,18,train
mp-998611,RbSnCl3,Trigonal,R3c,10,train
mp-28077,PbBr2,Orthorhombic,Pnma,12,train
mp-1341371,Ca(CoO2)2,Orthorhombic,Pmmn,28,train
mp-761184,Na2SnO3,Monoclinic,C2/c,24,train
mp-4280,GaCuO2,Trigonal,R-3m,4,train
mp-555843,Ag3AsS3,Trigonal,R3c,14,train
mp-1207118,Ba2CdMoO6,Cubic,Fm-3m,10,train
mp-1111192,Na2AgAsBr6,Cubic,Fm-3m,10,train
mp-17968,Na2CaV4O12,Tetragonal,P4/nbm,38,train
mp-1218517,Sr4Al6MoO16,Tetragonal,I-4m2,27,train
mp-1516600,KNdHfTiO6,Cubic,F-43m,10,train
mp-1025437,CeBi2SeO4,Tetragonal,P4/mmm,8,train
mp-1218899,Sr10P6ClO24F,Trigonal,P3,42,train
mp-30373,RbAu,Cubic,Pm-3m,2,train
mp-559965,Sr5As3ClO12,Hexagonal,P6_3/m,42,train
mp-2605,CaO,Cubic,Fm-3m,2,train
mp-1521000,BaSrCeZrO6,Orthorhombic,P222,40,train
mp-4934,Al2SiO5,Orthorhombic,Pnma,32,train
mp-685991,Li5SiP3,Monoclinic,Cc,18,train
mp-558672,Si3Bi2O9,Hexagonal,P6_3/m,28,train
mp-13983,,,,8,train
mp-2719342,Ca2SiO4,Orthorhombic,Pnma,28,train
mp-1011696,Cs2Se,Orthorhombic,Pnma,12,train
mp-27283,TlPb2Cl5,Monoclinic,P2_1/c,32,train
mp-3372,Rb2SO4,Orthorhombic,Pnma,28,train
mp-676861,AlSbO4,Orthorhombic,Cmmm,6,train
mp-961685,NaCaAs,Cubic,F-43m,3,train
mp-864755,LiAcTe2,Cubic,Fm-3m,4,train
mp-1029652,Y3Si6N11,Tetragonal,P4bm,40,train
mp-486,NiP2,Monoclinic,C2/c,6,train
mp-1102240,SrF2,Cubic,Fm-3m,12,train
mp-754478,HfZrO4,Orthorhombic,Cmmm,6,train
mp-1189393,HoScS3,Orthorhombic,Pnma,20,train
mp-2229,,,,2,train
mp-571390,Cs2LiCl3,Orthorhombic,Cmcm,12,train
mp-20902,InAg(PSe3)2,Trigonal,P-31c,20,train
mp-1210546,MoSCl,Cubic,F-43m,12,train
mp-10064,SiO2,Cubic,Fm-3m,3,train
mp-1523128,Ba2PrBiO6,Cubic,Pn-3,40,train
mp-754004,TmHO2,Orthorhombic,Pnma,16,train
mp-1541,BeSe,Cubic,F-43m,2,train
mp-1205722,KCaI3,Orthorhombic,Cmcm,10,train
mp-3346642,MgH4(ClO)2,Monoclinic,C2/m,9,train
mp-706,HgF,Tetragonal,I4/mmm,4,train
mp-722890,Li3H6Ir,Orthorhombic,Pnma,40,train
mp-6509,Sr3GaO4F,Tetragonal,I4/mcm,18,train
mp-1200418,Na4Th(WO4)4,Tetragonal,I4_1/a,50,train
mp-1210554,MoSI,Cubic,F-43m,12,train
mp-505297,NbSbRu,Cubic,F-43m,3,train
mp-4515,Ag3SbS3,Trigonal,R3c,14,train
mp-6798,Ba2NaReO6,Cubic,Fm-3m,10,train
mp-555314,Sr7Zr(Si2O7)3,Trigonal,R-3,35,train
mp-17696,Ba2VN3,Orthorhombic,Cmce,24,train
mp-569507,TbTlSe2,Trigonal,R-3m,4,train
mp-12326,CaZn(GeO3)2,Monoclinic,C2/c,20,train
mp-4651,SrTiO3,Tetragonal,I4/mcm,10,train
mp-6564,Sr2MgSi2O7,Tetragonal,P-42_1m,24,train
mp-14435,K3GeSe3,Monoclinic,C2/m,14,train
mp-996966,KAgO2,Orthorhombic,Pmmm,4,train
mp-43030,Na2Li2Al3Si3ClO12,Tetragonal,P-4,46,train
mp-4417,Al2(SO4)3,Trigonal,R-3,34,train
mp-1190404,Sr3LiNbO6,Trigonal,R-3c,22,train
mp-1110977,Cs2YCuF6,Cubic,Fm-3m,10,train
mp-1232091,Pr2MgS4,Orthorhombic,Pnma,28,train
mp-1220034,PHPbO4,Monoclinic,Pc,14,train
mp-28911,BaReH9,Hexagonal,P6_3/mmc,22,train
mp-1113464,Rb2PrAuCl6,Cubic,Fm-3m,10,train
mp-865500,,,,9,train
mp-752501,LiSiBiO4,Orthorhombic,Pnma,28,train
mp-865301,TmBr3,Hexagonal,P6_3/mmc,8,train
mp-755804,Lu6TeO12,Trigonal,R-3,19,train
mp-1101405,Rb2O,Cubic,Fm-3m,6,train
mp-1522285,BaCaLaBiO6,Cubic,F-43m,10,train
mp-560569,KPrPdO3,Monoclinic,C2/m,12,train
mp-556139,BaZr(PO4)2,Monoclinic,C2/m,12,train
mp-29405,RbSnI3,Orthorhombic,Pnma,20,train
mp-11684,SiO2,Monoclinic,C2/c,24,train
mp-1110905,Na2LiBiF6,Cubic,Fm-3m,10,train
mp-1102833,SbOsS,Monoclinic,P2_1/c,12,train
mp-14398,CaSn(BO3)2,Trigonal,R-3,10,train
mp-1102591,TiO2,Cubic,Pa-3,12,train
mp-1111610,K2RbAlI6,Cubic,Fm-3m,10,train
mp-999319,NdTlTe2,Trigonal,R-3m,4,train
mp-10547,,,,12,train
mp-1190994,NdHO,Tetragonal,P4/nmm,24,train
mp-625402,Sm(HO)3,Hexagonal,P6_3/m,14,train
mp-567558,,,,8,train
mp-11695,,,,9,train
mp-642736,K3H5Pd,Tetragonal,P4/mbm,18,train
mp-626885,U(HO2)2,Orthorhombic,Cmce,14,train
mp-557012,Li3Sc(BO3)2,Monoclinic,P2_1/c,24,train
mp-7784,SbAsO4,Monoclinic,P2_1/m,12,train
mp-2228114,BaMgTiO3,Trigonal,R3m,6,train
mp-22914,CuCl,Cubic,F-43m,2,train
mp-754596,,,,8,train
mp-1247419,Ge2SeN2,Orthorhombic,Cmc2_1,10,train
mp-1111449,Cs2SmCuCl6,Cubic,Fm-3m,10,train
mp-2072,KTe,Hexagonal,P6_3/mmc,8,train
mp-12015,,,,8,train
mp-17944,NaCaAlF6,Trigonal,P321,27,train
mp-16834,Zn3(AsO4)2,Monoclinic,P2_1/c,26,train
mp-28027,AsF3,Orthorhombic,Pna2_1,16,train
mp-989539,,,,10,train
mp-1519731,BaSrCe2O6,Tetragonal,P4/mmm,10,train
mp-863076,NbBiO4,Monoclinic,C2,6,train
mp-761135,Li3Sb2(PO4)3,Trigonal,R-3,40,train
mp-545850,VBiO4,Tetragonal,I4_1/amd,12,train
mp-1517996,BaCaSmSbO6,Orthorhombic,P222,40,train
mp-2646991,Ca2NF,Trigonal,R-3m,4,train
mp-30456,,,,12,train
mp-31235,,,,9,train
mp-1520140,SrMgSnWO6,Cubic,F-43m,10,train
mp-5052,TiCdO3,Orthorhombic,Pna2_1,20,train
mp-23558,Ag2BiO3,Orthorhombic,Pnn2,24,train
mp-1518948,NaNdNb4O12,Orthorhombic,Cmmm,18,train
mp-1520526,Ba2LaBiO6,Cubic,Pn-3,40,train
mp-1226762,Ce2ThO6,Trigonal,P-3m1,9,train
mp-1190295,CsPr2Ag3Te5,Orthorhombic,Cmcm,22,train
mp-1522202,BaCaYNbO6,Cubic,F-43m,10,train
mp-1030787,CsNaMg6O7,Tetragonal,P4mm,15,train
mp-1520760,BaNaCeSbO6,Cubic,F-43m,10,train
mp-1094040,Zn2In2O5,Hexagonal,P6_3/mmc,18,train
mp-23214,CaCl2,Orthorhombic,Pnnm,6,train
mp-1232125,Dy2MgS4,Orthorhombic,Pnma,28,train
mp-1247264,Sr4SiN4,Orthorhombic,Pnna,36,train
mp-1102384,Rb2S,Orthorhombic,Pnma,12,train
mp-1113451,Cs2ScAgBr6,Cubic,Fm-3m,10,train
mp-1228133,Ba3Lu2MoO9,Trigonal,P-3m1,15,train
mp-19178,CoAgO2,Hexagonal,P6_3/mmc,8,train
mp-28040,Hf(BH4)4,Cubic,P-43m,21,train
mp-1100424,LiMgSb,Cubic,F-43m,3,train
mp-677241,LuCuSe2,Trigonal,P3m1,4,train
mp-1218510,Sr3Zr2Nb2O12,Trigonal,R-3m,19,train
mp-19403,Ba2CaMoO6,Cubic,Fm-3m,10,train
mp-557696,Na5Y4Si4O16F,Tetragonal,I-4,30,train
mp-568385,SrLiGaN2,Monoclinic,C2/m,30,train
mp-1080258,Cs2Se,Trigonal,R-3m,6,train
mp-1347357,Ca(BiO2)2,Orthorhombic,Pnma,28,train
mp-18495,SrLi(B3O5)3,Trigonal,R3c,52,train
mp-37947,Na4C2O5,Monoclinic,Cm,11,train
mp-1518633,BaCaTbBiO6,Orthorhombic,P222,40,train
mp-22849,BiI3,Trigonal,R-3,8,train
mp-27247,Na3NbO4,Monoclinic,C2/m,32,train
mp-6528,Cs2NaAlF6,Trigonal,R-3m,20,train
mp-1521614,KCaPrWO6,Tetragonal,P4_2/nnm,40,train
mp-570887,K2Ag2SnSe4,Monoclinic,P2/c,18,train
mp-1111334,Na2CoAgF6,Cubic,Fm-3m,10,train
mp-1113627,Rb3GaF6,Cubic,Fm-3m,10,train
mp-556120,,,,12,train
mp-17244,Ba2ZnGe2S6O,Tetragonal,P-42_1m,24,train
mp-984716,CaSn4(PO4)6,Trigonal,R-3,35,train
mp-10251,LiDyO2,Monoclinic,P2_1/c,16,train
mp-1516690,BaLiCeSbO6,Cubic,F-43m,10,train
mp-20496,Ga2PbO4,Orthorhombic,Ama2,14,train
mp-756502,LiV(TeO4)3,Monoclinic,P2,17,train
mp-18710,RbSm2Ag3Se5,Orthorhombic,Cmcm,22,train
mp-6265,Ba2TbSbO6,Cubic,Fm-3m,10,train
mp-1517812,BaSrTbVO6,Cubic,F-43m,10,train
mp-3094,SrAl2O4,Monoclinic,P2_1,28,train
mp-1227381,Ca2TiAlSi2O9F,Triclinic,P1,16,train
mp-756468,CaY2O4,Orthorhombic,Cmcm,14,train
mp-602,Te2Mo,Hexagonal,P6_3/mmc,6,train
mp-755287,,,,8,train
mp-40677,KBa4Ti5O14F,Tetragonal,P4/mmm,25,train
mp-1080028,Sr2ZrTiO6,Tetragonal,I4/m,10,train
mp-753883,La4Bi2O9,Triclinic,P1,15,train
mp-567744,SrBr2,Orthorhombic,Pnma,12,train
mp-18147,LiGaSiO4,Trigonal,R3,42,train
mp-998603,RbPbBr3,Orthorhombic,Cmcm,10,train
mp-1986,ZnO,Cubic,F-43m,2,train
mp-28218,TlCdCl3,Orthorhombic,Pnma,20,train
mp-1032845,NaYMg6O8,Tetragonal,P4/mmm,16,train
mp-1110696,Rb2NaYCl6,Cubic,Fm-3m,10,train
mp-1113044,Cs2KLaCl6,Cubic,Fm-3m,10,train
mp-26897,LiSn(PO3)3,Hexagonal,P-6c2,28,train
mp-554479,Ba3BPO7,Hexagonal,P6_3mc,24,train
mp-12022,HgB4O7,Orthorhombic,Pmn2_1,24,train
mp-860798,NaAl11O17,Hexagonal,P6_3/mmc,58,train
mp-1195309,Ba2GaAsSe5,Orthorhombic,Pnma,36,train
mp-1192590,KBaAsO4,Orthorhombic,Pnma,28,train
mp-986716,Sr3N2,Cubic,Ia-3,40,train
mp-14069,,,,8,train
mp-541037,CsCuO,Orthorhombic,Cmcm,6,train
mp-1194753,AgB3O5,Orthorhombic,Pna2_1,36,train
mp-1019509,B2S2O9,Monoclinic,C2,13,train
mp-19386,Sr3V2O8,Trigonal,R-3m,13,train
mp-27167,Sn2IF3,Orthorhombic,Cmcm,12,train
mp-6941,Y2Si3N4O3,Tetragonal,P-42_1m,24,train
mp-13326,PrLuSe3,Orthorhombic,Cmcm,10,train
mp-16455,BaNd2ZnS5,Tetragonal,I4/mcm,18,train
mp-1112544,Cs2TlAsI6,Cubic,Fm-3m,10,train
mp-11175,,,,7,train
mp-1188841,BaNb2V2O11,Trigonal,R-3m,16,train
mp-38843,CaTa2O6,Cubic,Fm-3m,9,train
mp-9788,SrPS3,Monoclinic,P2_1/c,20,train
mp-676378,Sr6Ta2O11,Tetragonal,P4/nmm,38,train
mp-14115,LiRhO2,Trigonal,R-3m,4,train
mp-559270,RbBa4Sb3O,Tetragonal,I4/mcm,18,train
mp-1207603,YGa3(BO3)4,Trigonal,R32,20,train
mp-989625,,,,10,train
mp-4887,BaCeN2,Hexagonal,P6_3/mmc,8,train
mp-1100332,Ca2SnS4,Cubic,Fd-3m,14,train
mp-1212841,Dy3SbO7,Orthorhombic,Cmcm,22,train
mp-974381,Rh2S3,Trigonal,R-3c,10,train
mp-22621,LaTiAgO4,Tetragonal,P4/nmm,14,train
mp-1232250,Ho2MgS4,Orthorhombic,Pnma,28,train
mp-606604,CsLi2F3,Tetragonal,I4/mmm,6,train
mp-23752,Cs2MgH4,Tetragonal,I4/mmm,7,train
mp-6081,Ba2Ti(SiO4)2,Tetragonal,P4bm,26,train
mp-1112007,Cs2RbAsCl6,Cubic,Fm-3m,10,train
mp-1183445,BeSiO3,Cubic,Pm-3m,5,train
mp-33449,Tb5AgS8,Tetragonal,I-4,14,train
mp-2755772,HoScS3,Orthorhombic,Pnma,20,train
mp-27419,,,,8,train
mp-504554,Ba5Ta4O15,Trigonal,P-3m1,24,train
mp-23737,KMgH3,Cubic,Pm-3m,5,train
mp-769173,PrOF,Trigonal,R-3m,6,train
mp-1209261,RbCaZrF7,Orthorhombic,Cmcm,20,train
mp-30460,,,,3,train
mp-14652,Cs2P3,Orthorhombic,Fmmm,10,train
mp-1078015,Al2FeS4,Trigonal,R-3m,7,train
mp-12954,CuBS2,Tetragonal,I-42d,8,train
mp-1228724,AsRhSe,Cubic,P2_13,12,train
mp-23167,,,,2,train
mp-1372882,Ca2TaBiO6,Monoclinic,P2_1/m,20,train
mp-5652,,,,11,train
mp-4752,Na5Al3F14,Tetragonal,P4/mnc,44,train
mp-9262,,,,9,train
mp-1189069,Nd(ErS2)3,Monoclinic,P2_1/m,20,train
mp-962072,KYSn,Cubic,F-43m,3,train
mp-554822,CsSb(PO4)2,Trigonal,P-3,12,train
mp-675419,LiPrS2,Tetragonal,I4_1/amd,8,train
mp-768941,Sr3TeO6,Monoclinic,P2_1/c,20,train
mp-27823,SmClO,Tetragonal,P4/nmm,6,train
mp-685242,Sr7Al12O25,Trigonal,R3,44,train
mp-1246637,Y2Zn3N4,Monoclinic,C2/c,18,train
mp-8235,K2SiP2,Orthorhombic,Ibam,10,train
mp-23011,RbClO3,Trigonal,R3m,5,train
mp-557997,CaSeO3,Monoclinic,P2_1/c,20,train
mp-9872,,,,7,train
mp-28158,K4Be3O5,Monoclinic,C2/c,24,train
mp-1225856,CsVWO6,Orthorhombic,Imma,18,train
mp-558143,Pr4S3NCl3,Hexagonal,P6_3mc,22,train
mp-1518644,KSrHfBiO6,Cubic,F-43m,10,train
mp-1232037,La2MgSe4,Tetragonal,I-42d,14,train
mp-1201230,Bi2(Pb2S3)3,Orthorhombic,Cmcm,34,train
mp-567771,Ba(Si3N4)2,Orthorhombic,Imm2,15,train
mp-644203,CsCaH3,Cubic,Pm-3m,5,train
mp-41472,Ca5P3HO13,Hexagonal,P6_3,44,train
mp-13800,Cs2NaTlF6,Cubic,Fm-3m,10,train
mp-555076,KNaSnF6,Orthorhombic,Pna2_1,36,train
mp-1179118,SrGaCu3Se4,Cubic,P-43m,9,train
aaadiqtw,KYSnWO6,Tetragonal,P4_2/mmc,20,train
mp-1180721,Li4CO4,Monoclinic,Cm,9,train
mp-1223386,KRb2Mo(OF)3,Orthorhombic,Fmm2,10,train
mp-28859,K2HgS2,Orthorhombic,Pbcm,20,train
mp-558636,CaAl2O4,Monoclinic,P2_1/m,14,train
mp-1219056,Sn2Sb2Pb4O13,Orthorhombic,Imm2,21,train
mp-755184,Sm2Se2O,Orthorhombic,Pnma,20,train
mp-1105127,MnP4,Monoclinic,Cc,20,train
mp-23023,LaBrO,Tetragonal,P4/nmm,6,train
mp-1517134,Sr2YVO6,Cubic,Fm-3m,10,train
mp-2217285,Ba2LuMgSbO6,Monoclinic,Cm,11,train
mp-12368,SbS2NF6,Monoclinic,C2/m,10,train
mp-558861,KI(OF)2,Orthorhombic,Pca2_1,24,train
mp-1111318,K3TlI6,Cubic,Fm-3m,10,train
mp-9868,KCu3S2,Monoclinic,C2/m,12,train
mp-641018,CsK5Zn4Sn5S17,Tetragonal,I-4m2,32,train
mp-1213724,Cs2LaCl5,Orthorhombic,Pnma,32,train
mp-1208679,Sr5Al3F19,Tetragonal,I4/m,54,train
mp-603930,MgSiO3,Monoclinic,C2/c,20,train
mp-13541,Sr2Mg(BO3)2,Monoclinic,C2/m,11,train
mp-1114168,Rb2TlAsI6,Cubic,Fm-3m,10,train
mp-1217385,Te7As5I,Monoclinic,Cm,13,train
mp-754693,Lu(BiO2)3,Trigonal,R-3,20,train
mp-865028,AcTlTe2,Cubic,Fm-3m,4,train
mp-17562,Sr3Sc(BO3)3,Trigonal,R-3,32,train
mp-5840,,,,8,train
mp-13031,MgSe,Cubic,F-43m,2,train
mp-1518179,BaNaNdWO6,Orthorhombic,Pnnn,40,train
mp-1225884,CsBH4,Cubic,F-43m,6,train
mp-29396,,,,10,train
mp-770741,Mg3(AsO4)2,Orthorhombic,Cmce,26,train
mp-20930,InCuO2,Trigonal,R-3m,4,train
mp-17392,Sr2ZnGe2O7,Tetragonal,P-42_1m,24,train
mp-1110584,Rb2RhAuF6,Cubic,Fm-3m,10,train
mp-1213231,CsY(MoO4)2,Trigonal,P-3m1,12,train
mp-20011,NaSbO3,Cubic,Fd-3m,20,train
mp-23147,Na4Al3Si3BrO12,Cubic,P-43n,46,train
mp-8262,K2P3,Orthorhombic,Fmmm,10,train
mp-28432,Tl3Cd2I7,Orthorhombic,Pbam,24,train
mp-1225329,Dy2NbGaO7,Orthorhombic,Imma,22,train
mp-676286,Zr4CdO9,Monoclinic,C2/m,28,train
mp-625630,TeHO3,Orthorhombic,Pna2_1,40,train
mp-2184,As2O3,Cubic,Fd-3m,20,train
mp-1111005,KNa2ScF6,Cubic,Fm-3m,10,train
mp-1188744,Pr(BrO2)3,Monoclinic,P2/c,20,train
mp-1046534,MgTiSiO5,Monoclinic,Cc,16,train
mp-1112412,Rb2TmCuCl6,Cubic,Fm-3m,10,train
mp-1112883,Cs2PrCuI6,Cubic,Fm-3m,10,train
mp-1245896,NaFeN,Hexagonal,P6_3mc,6,train
mp-15079,Cs4KLiGa2F12,Trigonal,R-3m,20,train
mp-556216,HIO3,Orthorhombic,Pbca,40,train
mp-569623,Nb(SeBr)2,Monoclinic,C2/m,10,train
mp-760482,F2,Orthorhombic,Cmce,4,train
mp-2858,ZrO2,Monoclinic,P2_1/c,12,train
mp-558023,Rb2Sb4O11,Monoclinic,C2/m,34,train
mp-1210180,Na5IO6,Monoclinic,C2/m,12,train
mp-29035,Sr(YS2)2,Orthorhombic,Pnma,28,train
mp-8830,NaRhO2,Trigonal,R-3m,4,train
mp-972387,Sr2MgGe2O7,Tetragonal,P-42_1m,24,train
mp-977584,Zr2ZnAg2F14,Monoclinic,C2/m,19,train
mp-11123,,,,12,train
mp-556697,CaTa2Bi2O9,Orthorhombic,Cmc2_1,28,train
mp-1114103,Rb3TlBr6,Cubic,Fm-3m,10,train
mp-1229155,Ag4Hg4S4BrCl3,Monoclinic,Pm,16,train
mp-8836,CaAlF5,Monoclinic,C2/c,14,train
mp-558506,BH9(CO)3,Hexagonal,P6_3/m,32,train
mp-13031,MgSe,Cubic,F-43m,2,train
mp-4385,CdCO3,Trigonal,R-3c,10,train
mp-2853,GaN,Cubic,Fm-3m,2,train
mp-1193566,Tm2S3,Hexagonal,P6_3cm,30,train
mp-1219787,Rb2Bi4Se7,Monoclinic,P2_1/m,26,train
mp-1223579,KAs(HO2)2,Orthorhombic,Fdd2,16,train
mp-1220709,Nb3Sb3O13,Monoclinic,Cm,19,train
mp-763200,LiVO3,Monoclinic,C2,10,train
mp-10623,ThSbRh,Cubic,F-43m,3,train
mp-10408,,,,5,train
mp-985608,Nd2O5,Monoclinic,C2/c,14,train
mp-24075,Ho(HO)3,Hexagonal,P6_3/m,14,train
mp-12670,Ho2SO2,Trigonal,P-3m1,5,train
mp-997108,RbAgO2,Monoclinic,C2/c,8,train
mp-15012,KBS2,Trigonal,R-3c,24,train
mp-756743,Li3CrClO4,Tetragonal,P4/nmm,18,train
mp-1522724,KNdSnWO6,Tetragonal,P4_2/mmc,20,train
mp-556584,Pm2O3,Monoclinic,C2/m,15,train
mp-28237,,,,8,train
mp-7293,HgPSe3,Monoclinic,C2/c,20,train
mp-8452,,,,6,train
mp-30950,Sr3GeO,Orthorhombic,Pnma,20,train
mp-23522,BaZnCl4,Orthorhombic,Pbcn,24,train
mp-1522128,SrCaTbNbO6,Cubic,F-43m,10,train
mp-772938,Li2Ta4O11,Trigonal,R-3c,34,train
mp-1112125,Cs2RbInCl6,Cubic,Fm-3m,10,train
mp-1080271,Cs2Se,Hexagonal,P6_3/mmc,6,train
mp-14205,,,,8,train
mp-1224660,HfTi4(PbO3)5,Orthorhombic,Pmm2,25,train
mp-1672,CaS,Cubic,Fm-3m,2,train
mp-1227786,Ca2TiSi2SnO10,Triclinic,P-1,16,train
mp-18778,Zr(WO4)2,Cubic,P2_13,44,train
mp-1520510,Ba2SmBiO6,Cubic,Fm-3m,10,train
mp-675562,K2ThF6,Monoclinic,C2/c,18,train
mp-1222306,LiGaO2,Tetragonal,P4/mmm,4,train
mp-1193105,Ba4In2Te2Se5,Tetragonal,P4/mbm,26,train
mp-755009,Ba4OF6,Hexagonal,P6_3mc,22,train
mp-752733,TiGa2O5,Monoclinic,C2/c,16,train
mp-642690,CsGeI3,Trigonal,R3m,5,train
mp-553025,,,,10,train
mp-1223218,KTi2BiO6,Cubic,Fm-3m,10,train
aaahiejb,Cs2TbAgCl6,Cubic,Fm-3m,10,train
mp-18164,Tb3S3N,Orthorhombic,Pnma,28,train
mp-1178115,LaAl3O6,Monoclinic,C2/c,20,train
mp-1218182,SrMgO2,Trigonal,R-3m,4,train
mp-1078748,Sr2TaInO6,Monoclinic,C2/m,10,train
mp-1179342,SnH4,Monoclinic,C2/c,10,train
mp-1223056,La2Ti2ZnO8,Tetragonal,P-4m2,13,train
mp-561189,Rb6Si10O23,Hexagonal,P-62m,39,train
mp-966802,Cs2Li3(BO2)5,Orthorhombic,C222_1,40,train
mp-13694,PrCuO2,Trigonal,R-3m,4,train
mp-1112379,Cs3AlBr6,Cubic,Fm-3m,10,train
mp-23193,KCl,Cubic,Fm-3m,2,train
mp-37995,Ti3Zn2O8,Trigonal,R-3m,13,train
mp-1208014,Tm2Be2GeO7,Tetragonal,P-42_1m,24,train
mp-23033,Sr2NCl,Trigonal,R-3m,4,train
mp-770571,Ho2WO6,Orthorhombic,P2_12_12_1,36,train
mp-1211142,Li5IO6,Trigonal,P3_112,36,train
mp-850210,Li3VO3F2,Monoclinic,Cc,18,train
mp-8496,Sr2SmNbO6,Monoclinic,P2_1/c,20,train
mp-752413,Ca2HfO4,Orthorhombic,Pbam,14,train
mp-10520,LiNdTiO4,Tetragonal,P4/nmm,14,train
mp-753803,Cs2CaO2,Orthorhombic,Pbcn,20,train
mp-643370,Ba2MgH6,Trigonal,P-3m1,9,train
mp-24423,,,,6,train
mp-1112111,Cs2AlTlI6,Cubic,Fm-3m,10,train
mp-1219576,RbNbTeO6,Orthorhombic,Imma,18,train
mp-11790,LaCuSe2,Monoclinic,P2_1/c,16,train
mp-675941,Li7IN2,Trigonal,R3m,20,train
mp-696597,B5H9,Tetragonal,I4mm,14,train
mp-1112338,CsInBr3,Cubic,Fm-3m,10,train
mp-697222,Rb3LiZn2(MoO4)4,Tetragonal,I-42d,52,train
mp-1215666,Zn3(GaTe3)2,Monoclinic,C2,11,train
mp-3051,Mg2GeO4,Orthorhombic,Pnma,28,train
mp-772290,LiAgO,Tetragonal,I4/mmm,12,train
mp-1394,,,,3,train
mp-755376,Er2TeO6,Trigonal,P321,27,train
mp-9158,LiCuO2,Monoclinic,C2/m,4,train
mp-1222,CrSi2,Hexagonal,P6_222,9,train
mp-1228025,Ba3Sr(ClF)4,Tetragonal,P4mm,12,train
mp-1017514,MgSiN2,Trigonal,R-3m,4,train
mp-9298,Sr(AuO2)2,Tetragonal,I4_1/a,14,train
mp-801028,Ba4Sb2O9,Hexagonal,P6_3/mmc,30,train
mp-1521065,Ba2CeSnO6,Cubic,Pn-3,40,train
mp-1094028,TiSiAg2O5,Tetragonal,P4/nmm,18,train
mp-541911,HfNCl,Trigonal,R-3m,6,train
mp-1206962,LiTaF6,Cubic,Fm-3m,8,train
mp-1206873,Cs2NaTbF6,Cubic,Fm-3m,10,train
mp-23357,Sr2Bi2O5,Orthorhombic,Pnma,36,train
mp-1207720,Y(ClO4)3,Hexagonal,P6_3/m,32,train
mp-3952,BaY2O4,Orthorhombic,Pnma,28,train
mp-1205694,LiCa2ReO6,Cubic,Fm-3m,10,train
mp-18048,LiZnAsO4,Trigonal,R3,42,train
mp-637213,La2GeI2,Trigonal,R-3m,5,train
mp-984761,CsRb2Sb,Cubic,Fm-3m,4,train
mp-1413,,,,6,train
mp-757430,Li2CuPO4,Monoclinic,C2/m,16,train
mp-1191100,K2Zn5As4,Orthorhombic,Cmcm,22,train
mp-556183,Pr3U(ClO2)3,Hexagonal,P6_3/m,26,train
mp-1219587,RbNbWO6,Orthorhombic,Imma,18,train
mp-753692,Ho2Ge2O7,Cubic,Fd-3m,22,train
mp-7762,CdGe2O5,Triclinic,P-1,16,train
mp-5146,Zn(RhO2)2,Cubic,Fd-3m,14,train
mp-1120762,Cd2S,Trigonal,P3m1,3,train
mp-781712,Na2SnO2,Orthorhombic,P2_12_12_1,20,train
mp-547622,Pm2O3,Trigonal,P-3m1,5,train
mp-1013544,Ca3SbAs,Cubic,Pm-3m,5,train
mp-1233105,Ba6Mg(P2O7)3,Orthorhombic,Amm2,34,train
mp-18867,Ba3W2O9,Trigonal,R-3c,28,train
mp-1216117,Y2WO6,Orthorhombic,Pmmn,18,train
mp-556242,YF3,Cubic,Pm-3m,12,train
mp-865605,YBr3,Hexagonal,P6_3/mmc,8,train
mp-866654,Cs2MoSe4,Orthorhombic,Pnma,28,train
mp-1517991,BaSrCeSnO6,Cubic,F-43m,10,train
mp-1518540,Ca2ZrSnO6,Cubic,Fm-3m,10,train
mp-560030,CaF2,Orthorhombic,Pmc2_1,6,train
mp-18733,AlTl(MoO4)2,Trigonal,P-3m1,12,train
mp-551758,AgClO4,Cubic,F-43m,6,train
mp-1096986,HC,Trigonal,P-3m1,4,train
mp-754107,Y(BiO2)3,Trigonal,R-3,20,train
mp-10250,BaLiF3,Cubic,Pm-3m,5,train
mp-615746,RbBiF4,Cubic,Fd-3m,24,train
mp-14222,TlGaO2,Cubic,Fd-3m,8,train
mp-752689,Ba2Na2O3,Monoclinic,P2_1/c,14,train
mp-39823,Na8Al6Si6CO27,Trigonal,R3,48,train
mp-1517230,BaSrSmVO6,Cubic,F-43m,10,train
mp-861979,,,,10,train
mp-463,KF,Cubic,Fm-3m,2,train
mp-1211643,KCaCl3,Orthorhombic,Pnma,20,train
mp-23121,Sr5P3ClO12,Hexagonal,P6_3/m,42,train
mp-13313,ScTlSe2,Trigonal,R-3m,4,train
mp-1111476,Na2LiSbCl6,Cubic,Fm-3m,10,train
mp-539,Ga2S3,Monoclinic,Cc,10,train
mp-27725,AuI,Tetragonal,P4_2/ncm,8,train
mp-1031708,CaMg6CO8,Tetragonal,P4/mmm,16,train
mp-9566,Sr(MgSb)2,Trigonal,P-3m1,5,train
mp-8623,K2Te2Pt,Orthorhombic,Immm,5,train
mp-1112758,Cs2KNdBr6,Cubic,Fm-3m,10,train
mp-1519169,SrCaLaBiO6,Cubic,F-43m,10,train
mp-963,ZrO2,Orthorhombic,Pnma,12,train
mp-18780,K2WO4,Monoclinic,C2/m,14,train
mp-1388058,TeWO6,Cubic,Fm-3m,8,train
mp-1036216,CaMg14CdO16,Tetragonal,P4/mmm,32,train
mp-4842,Al2ZnS4,Cubic,Fd-3m,14,train
mp-542882,Cr(AgO2)2,Orthorhombic,Pnma,28,train
mp-7664,Na6ZnO4,Hexagonal,P6_3mc,22,train
mp-2894,,,,3,train
mp-776083,HfSnO3,Trigonal,R-3,10,train
mp-16313,TbSbPt,Cubic,F-43m,3,train
mp-1189227,NaAl(PS3)2,Orthorhombic,Fdd2,20,train
mp-1205383,Nd2GeO5,Monoclinic,P2_1/c,32,train
mp-1111090,Na2AlInF6,Cubic,Fm-3m,10,train
mp-12829,LiCaGaF6,Trigonal,P-31c,18,train
mp-27904,FeSbS,Monoclinic,P2_1/c,12,train
mp-19133,YVO4,Tetragonal,I4_1/amd,12,train
mp-13065,Ho2O3,Trigonal,P-3m1,5,train
mp-3529,K3VS4,Orthorhombic,Pnma,32,train
mp-1095499,CsAuCl4,Monoclinic,C2/c,12,train
mp-1367,,,,3,train
mp-1216202,Y(CuSe)3,Trigonal,R-3,14,train
mp-754165,ScGaO3,Hexagonal,P6_3/mmc,10,train
mp-1213077,CsTaCl6,Monoclinic,C2/c,16,train
mp-553991,Ti(GaO2)4,Monoclinic,C2/m,13,train
mp-1110748,Rb2LiNdI6,Cubic,Fm-3m,10,train
mp-1331730,Ca2BiSbO6,Monoclinic,P2_1/m,20,train
mp-563025,Na6PbO5,Tetragonal,I4mm,12,train
mp-1228409,Ba2ScTi2BiO9,Orthorhombic,Cmmm,15,train
mp-1192521,Na5Nd4Si4O16F,Tetragonal,I-4,30,train
mp-1210823,LuSI,Hexagonal,P-6m2,3,train
mp-1120803,K2SrCl4,Trigonal,R-3m,7,train
mp-690794,Sr2HN,Trigonal,R-3m,4,train
mp-760461,LuBO3,Orthorhombic,Cmcm,10,train
mp-1113739,Na2LiNdCl6,Cubic,Fm-3m,10,train
mp-23231,,,,2,train
mp-769211,Tb2Pb2O7,Cubic,Fd-3m,22,train
mp-17412,BaPr2O4,Orthorhombic,Pnma,28,train
mp-2063,Pr2O3,Trigonal,P-3m1,5,train
mp-863261,,,,10,train
mp-755277,Tb3SbO7,Orthorhombic,Cmcm,22,train
mp-1113996,Rb3GaCl6,Cubic,Fm-3m,10,train
mp-11674,,,,10,train
mp-7060,LaZnPO,Tetragonal,P4/nmm,8,train
mp-1215429,ZnSnP2,Tetragonal,P-4m2,4,train
mp-647999,Nb2Cd2O7,Cubic,Fd-3m,22,train
mp-1522630,Sr2CeTiO6,Cubic,Fm-3m,10,train
mp-861606,KLaSiSe4,Monoclinic,P2_1,14,train
mp-568666,,,,10,train
mp-1207448,Zr3Sb4Pt3,Cubic,I-43d,20,train
mp-2346983,ZnO,Hexagonal,P6_3/mmc,4,train
mp-1205751,Ba2UBeO6,Cubic,Fm-3m,10,train
mp-5350,,,,7,train
mp-1112928,Cs2ErAuCl6,Cubic,Fm-3m,10,train
mp-2574,,,,6,train
mp-15790,LiHoS2,Trigonal,R-3m,4,train
mp-8872,RbNa2BO3,Orthorhombic,Pmmn,14,train
mp-1522778,Sr2NdVO6,Cubic,Fm-3m,10,train
mp-1013548,Ca3SbN,Cubic,Pm-3m,5,train
mp-1209523,Rb3Sc2Br9,Hexagonal,P6_3/mmc,28,train
mp-643263,Na3VH6O7,Trigonal,R3,17,train
mp-1228611,Al2PbSe4,Monoclinic,Pm,14,train
mp-1217512,TbSi4B18C,Monoclinic,C2/m,48,train
mp-27478,Na3PaF8,Tetragonal,I4/mmm,12,train
mp-1223561,K3NaS2,Hexagonal,P-6m2,6,train
mp-669528,Na2UO4,Orthorhombic,Pccn,28,train
mp-22932,KInBr4,Orthorhombic,Pnna,24,train
mp-1518342,BaCaSnWO6,Cubic,F-43m,10,train
mp-1214805,AsPb2S3I,Orthorhombic,Pnma,28,train
mp-1518614,Ca2NbInO6,Cubic,Fm-3m,10,train
mp-1210698,LuTiClO3,Monoclinic,C2/m,12,train
mp-1208299,TbSBr,Monoclinic,P2_1/c,12,train
mp-754042,Cd(CoO2)2,Orthorhombic,Pmmn,28,train
mp-10155,P2Ir,Monoclinic,P2_1/c,12,train
mp-1100415,ZrSbRh,Cubic,F-43m,3,train
mp-1113775,Rb2AlInF6,Cubic,Fm-3m,10,train
mp-510030,Pb3(ClO)2,Orthorhombic,Pnma,28,train
mp-18773,WO3,Tetragonal,I4/mcm,16,train
mp-29116,Ta3SeI7,Hexagonal,P6_3mc,22,train
mp-17954,BaCu2SnS4,Trigonal,P3_121,24,train
mp-29455,Ga4GeO8,Monoclinic,C2/m,13,train
mp-11342,GaSe,Trigonal,R3m,4,train
mp-1218862,Sr2CaAlO4F,Orthorhombic,Fmmm,18,train
mp-1205332,Te6RhBr3,Trigonal,R-3c,20,train
mp-27915,K2BeO2,Monoclinic,P2_1/c,20,train
mp-1523297,KLaMgWO6,Cubic,F-43m,10,train
mp-1233213,Sr2MgV2(Si2O7)2,Monoclinic,C2,23,train
mp-8217,Cs2GeF6,Cubic,Fm-3m,9,train
mp-559313,SiO2,Orthorhombic,Cmce,24,train
mp-1222386,LiBH4,Cubic,F-43m,6,train
mp-1079940,Sr3CaO4,Cubic,Pm-3m,8,train
mp-1228907,AlGa(CuS2)2,Tetragonal,I-4,8,train
mp-1220796,Na5SrNbAs4,Monoclinic,Cc,22,train
mp-10821,RbC,Orthorhombic,Pnma,16,train
mp-1958,SrTe,Cubic,Fm-3m,2,train
mp-19795,InS,Orthorhombic,Pnnm,8,train
mp-1203382,Sn2W3Cl14,Hexagonal,P6_3,38,train
mp-24052,CaMgNiH4,Cubic,P2_13,28,train
mp-776952,Na2O,Hexagonal,P-62m,9,train
mp-9071,Na8TiAs4,Cubic,Fd-3m,26,train
mp-24043,H2O,Trigonal,R-3,36,train
mp-545659,Ba2DyBiO6,Cubic,Fm-3m,10,train
mp-10155,,,,12,train
mp-8830,NaRhO2,Trigonal,R-3m,4,train
mp-1188466,Zn2IN,Orthorhombic,Pnma,16,train
mp-15685,Na2CuAs,Orthorhombic,Cmcm,8,train
mp-1079491,LiIn2CuSe4,Tetragonal,I-4,8,train
mp-1223790,K3BrCl2,Trigonal,P-3m1,6,train
mp-752677,Ba2YBr7,Monoclinic,C2/c,20,train
mp-760375,,,,8,train
mp-569117,CsLi2Cl3,Orthorhombic,Immm,6,train
mp-1285,PtO2,Orthorhombic,Pnnm,6,train
mp-1211293,La(YS2)3,Monoclinic,P2_1/m,20,train
mp-1238251,TmSbO4,Monoclinic,P2_1/c,24,train
mp-694891,KRb2Mo(OF)3,Tetragonal,P4_2nm,20,train
mp-978846,SnI2,Tetragonal,P4_2/mnm,6,train
mp-6122,Ba2NdSbO6,Trigonal,R-3,10,train
mp-10971,LiErO2,Tetragonal,I4_1/amd,8,train
mp-6138,Na2TiSiO5,Tetragonal,P4/nmm,18,train
mp-1221139,Na4TeSe,Tetragonal,P4/mmm,6,train
mp-1521837,SrLaDySnO6,Cubic,F-43m,10,train
mp-3443,Cd(GaO2)2,Cubic,Fd-3m,14,train
mp-1112318,CsK2InCl6,Cubic,Fm-3m,10,train
mp-1111182,K3AsCl6,Cubic,Fm-3m,10,train
mp-2235359,WO3,Cubic,Pm-3m,16,train
mp-1178135,KLuO2,Trigonal,R-3m,4,train
mp-634105,HBr,Tetragonal,I4/mmm,2,train
mp-542302,CuBi3PbS6,Orthorhombic,Pmc2_1,22,train
mp-34144,MgAl2O4,Trigonal,P3m1,42,train
mp-1011697,Cs2Se,Cubic,Pn-3m,6,train
mp-861243,,,,12,train
mp-11654,BAsO4,Trigonal,P3_121,18,train
mp-27488,Ta3N5,Orthorhombic,Cmcm,16,train
mp-989520,,,,10,train
mp-561446,BaCa(GaO2)4,Orthorhombic,Imm2,14,train
mp-1194265,Mg2SnSe4,Orthorhombic,Pnma,28,train
mp-1221402,MoWSe4,Hexagonal,P-6m2,6,train
mp-989548,,,,10,train
mp-1229038,AlGaCu2(SeS)2,Monoclinic,C2,8,train
mp-541289,Y2S3,Monoclinic,P2_1/m,30,train
mp-1194017,ThPO5,Orthorhombic,Cmce,28,train
mp-1218081,SrSm2BeO5,Orthorhombic,Pna2_1,36,train
mp-643371,K2Sn(H2N)6,Trigonal,R-3,21,train
mp-1202775,Nd4(SiS4)3,Trigonal,R3c,38,train
mp-1234059,Rb2Ba8Ca(Sb3O)2,Orthorhombic,Fmm2,19,train
mp-5145,Ag3AsSe3,Trigonal,R3c,14,train
mp-1111465,Rb2NbAuF6,Cubic,Fm-3m,10,train
mp-1508,LaS2,Orthorhombic,Pnma,24,train
mp-1228100,Ba4CaZr5O15,Orthorhombic,Cmmm,25,train
mp-22255,,,,8,train
mp-3379,K2SbF5,Orthorhombic,Cmcm,16,train
mp-555808,Zn8B3H3O14,Trigonal,R32,28,train
mp-1218169,SrPrInO4,Orthorhombic,P2_12_12_1,28,train
mp-22323,,,,10,train
mp-1104268,Cs3Bi2Cl9,Trigonal,P321,14,train
mp-1183152,AcScO3,Cubic,Pm-3m,5,train
mp-505495,KP4N7,Orthorhombic,Pnma,48,train
mp-29260,Ti(SeO3)2,Monoclinic,P2_1/c,18,train
mp-1193064,CsDySiS4,Orthorhombic,P2_12_12_1,28,train
mp-1093991,ZrAsIr,Cubic,F-43m,3,train
mp-770737,Ga2WO6,Tetragonal,P4_2/mnm,18,train
mp-1205366,LuRhO3,Orthorhombic,Pnma,20,train
mp-1213292,CsW3Br7,Trigonal,P-31c,44,train
mp-4590,Mg(GaO2)2,Cubic,Fd-3m,14,train
mp-1215486,ZnCdSe2,Trigonal,R3m,4,train
mp-1192905,KNaTe(HO)6,Trigonal,P31c,30,train
mp-557276,Ca2VClO4,Orthorhombic,Pbcm,32,train
mp-4510,DyNiSb,Cubic,F-43m,3,train
mp-1100340,CaSnS3,Orthorhombic,Pnma,20,train
mp-1218374,Sr3MgO4,Orthorhombic,Pmmm,8,train
mp-1110725,Rb3TbCl6,Cubic,Fm-3m,10,train
mp-22875,,,,2,train
mp-752724,Ho2TiO5,Orthorhombic,Cmcm,16,train
mp-754384,ScTlO2,Hexagonal,P6_3/mmc,8,train
mp-755393,SrLaI5,Monoclinic,P2_1/m,14,train
mp-9197,Li3AsO4,Orthorhombic,Pmn2_1,16,train
mp-1219478,SbAsRh,Monoclinic,P2_1/c,12,train
mp-561877,HoF3,Orthorhombic,Pnma,16,train
mp-1113923,Rb3SbF6,Cubic,Fm-3m,10,train
mp-583615,K3In2As3,Orthorhombic,Cmce,32,train
mp-675623,CsClO4,Tetragonal,P4_2/nmc,12,train
mp-1211343,KNdF4,Orthorhombic,Pnma,24,train
mp-861182,,,,9,train
mp-9321,,,,7,train
mp-768146,Na2AlPCO7,Monoclinic,P2_1/m,24,train
mp-1079096,Cs2NaLaBr6,Cubic,Fm-3m,10,train
mp-8818,,,,5,train
mp-16996,Li3GaSiO5,Orthorhombic,Pna2_1,40,train
mp-1078554,KNa3H4,Cubic,Pm-3m,8,train
mp-755794,Rb3LuO3,Monoclinic,C2/m,14,train
mp-30320,RbHfF5,Orthorhombic,Cmce,28,train
mp-1103389,Sr3Ta2ZnO9,Trigonal,P-3m1,15,train
mp-1187558,TmF3,Cubic,Fm-3m,4,train
mp-18740,V2Cd2O7,Monoclinic,C2/m,11,train
mp-1223594,KCa2Nb3O10,Orthorhombic,Cmc2_1,32,train
mp-2242,GeS,Orthorhombic,Pnma,8,train
mp-556231,In2GaBiS6,Monoclinic,P2_1/m,20,train
mp-540850,TlPF6,Cubic,Pa-3,32,train
mp-754903,Y(BO2)3,Monoclinic,C2/c,20,train
mp-1227311,BaSrO2,Trigonal,R-3m,4,train
mp-1520412,KCeNbSnO6,Cubic,F-43m,10,train
mp-24668,CsHF2,Tetragonal,I4/mcm,8,train
mp-989516,Cs2ICl6F,Cubic,Fm-3m,10,train
mp-567629,CsPbBr3,Orthorhombic,Pnma,20,train
mp-22756,K2PbO3,Orthorhombic,Cmc2_1,12,train
mp-1523087,KLaCeHfO6,Tetragonal,P4_2/nnm,40,train
mp-1212029,K2LaBr5,Orthorhombic,Pnma,32,train
mp-617632,La3AgGeS7,Hexagonal,P6_3,24,train
mp-980666,Sr(DyS2)2,Orthorhombic,Pnma,28,train
mp-757162,Bi3O4F,Monoclinic,P2/c,16,train
mp-1247410,Si6Bi3N11,Tetragonal,P4bm,40,train
mp-13660,Ca4Sb2O,Tetragonal,I4/mmm,7,train
mp-1094107,Na2Zn2S3,Monoclinic,C2/c,28,train
mp-1522371,KSrLaWO6,Cubic,F-43m,10,train
mp-9636,,,,8,train
mp-27938,Tl6SI4,Tetragonal,P4/mnc,22,train
mp-760425,Tb2Zr2O7,Cubic,Fd-3m,22,train
mp-1110910,K2CuBiBr6,Cubic,Fm-3m,10,train
mp-9571,,,,5,train
mp-754300,HoBiO3,Trigonal,R-3,10,train
mp-1221047,NaEr(MoO4)2,Tetragonal,I-4,12,train
mp-554051,H6CNF,Trigonal,R3m,9,train
mp-1110660,Rb2NdCuF6,Cubic,Fm-3m,10,train
mp-1224368,GeTe(PbSe)2,Trigonal,P3m1,6,train
mp-20210,Ag2PbO2,Monoclinic,C2/c,10,train
mp-5280,In2Ge2O7,Monoclinic,C2/m,11,train
mp-754454,Cd(AgO2)2,Tetragonal,I4_1/amd,14,train
mp-1008556,AlGaN2,Tetragonal,P-4m2,4,train
mp-28021,Sr5(Br4Cl)2,Tetragonal,P4/n,30,train
mp-1111569,K2TlBiF6,Cubic,Fm-3m,10,train
mp-5933,BaTiO3,Hexagonal,P6_3/mmc,30,train
mp-29976,Na3BS3,Monoclinic,C2/c,14,train
mp-1110611,Rb2CoAgF6,Cubic,Fm-3m,10,train
mp-18388,Ga7Te10,Trigonal,R32,34,train
mp-761172,Li3TiCo3O8,Hexagonal,P6_3mc,30,train
mp-1245626,YAlN2,Monoclinic,P2_1/c,16,train
mp-550117,Sm4Se3O4,Orthorhombic,Amm2,11,train
mp-684580,AgI,Cubic,F-43m,2,train
mp-1111896,Na3ErCl6,Cubic,Fm-3m,10,train
mp-542772,CsAgCl2,Orthorhombic,Cmcm,8,train
mp-9911,K3SbS4,Cubic,I-43m,8,train
mp-4236,,,,12,train
mp-7848,AlPO4,Tetragonal,I-4,6,train
mp-23321,Sr4Cl6O,Hexagonal,P6_3mc,22,train
mp-1111097,Li2CuSbF6,Cubic,Fm-3m,10,train
mp-1102308,BaSn(PO4)2,Monoclinic,C2/m,12,train
mp-571636,InCl,Orthorhombic,Cmcm,4,train
mp-1113099,Cs2InGaF6,Cubic,Fm-3m,10,train
mp-1213834,Cs3Sc2Br9,Hexagonal,P6_3/mmc,28,train
mp-583071,CaAlH5,Orthorhombic,P2_12_12_1,28,train
mp-1178506,BaSrI4,Tetragonal,P4/mmm,6,train
mp-547244,,,,10,train
mp-15789,LiDyS2,Trigonal,R-3m,4,train
mp-27976,SmBr3,Orthorhombic,Cmcm,8,train
mp-2542,BeO,Hexagonal,P6_3mc,4,train
mp-1516728,Sr2SmNbO6,Cubic,Fm-3m,10,train
mp-23948,Rb3MgH5,Tetragonal,I4/mcm,36,train
mp-22959,AgClO2,Orthorhombic,Pcca,16,train
mp-1113975,Rb2LiLaCl6,Cubic,Fm-3m,10,train
mp-31039,Rb6Te2O9,Monoclinic,C2/c,34,train
mp-996941,,,,10,train
mp-1245859,Sr5(SnN3)2,Monoclinic,C2/c,26,train
mp-1208602,SrZrF6,Orthorhombic,Cmme,16,train
mp-762111,Li2CuPO4,Trigonal,P3_121,24,train
mp-1211745,K2RbScV2O8,Trigonal,P-3m1,14,train
mp-5020,,,,5,train
mp-1219697,Rb3Ag9(SbS3)4,Tetragonal,I-4,28,train
mp-556386,KNa3WO5,Monoclinic,C2/m,20,train
mp-29521,,,,8,train
mp-643253,Ba2H6Pt,Orthorhombic,Cmce,18,train
mp-9384,CsAu3S2,Trigonal,P-3m1,6,train
mp-568233,CdI2,Trigonal,R-3m,6,train
mp-1009085,,,,8,train
mp-775198,Ti3P6WO24,Trigonal,R3,34,train
mp-28316,K3LiSi4,Orthorhombic,Pnma,32,train
mp-27700,Sb4Br2O5,Monoclinic,P2_1/c,22,train
mp-4995,LiSbO3,Orthorhombic,Pnna,20,train
mp-1102857,SbTeRu,Monoclinic,P2_1/c,12,train
mp-4160,Tl3PSe4,Orthorhombic,Pnma,32,train
mp-771650,V2SiO7,Cubic,Pa-3,40,train
mp-1113824,Rb3RhF6,Cubic,Fm-3m,10,train
mp-1224433,HIO4,Monoclinic,C2,12,train
mp-555218,Ba4Br6O,Hexagonal,P6_3mc,22,train
mp-24796,Rb3B12H12Br,Trigonal,R-3m,28,train
mp-4533,,,,12,train
mp-1347225,MgSbO3,Monoclinic,P2_1/c,20,train
mp-13695,SmCuO2,Trigonal,R-3m,4,train
mp-9125,Ca(SbO3)2,Trigonal,P-31m,9,train
mp-1206851,LuAgTe2,Trigonal,P3m1,4,train
mp-571394,KC2N3,Orthorhombic,Pbcm,24,train
mp-1111998,K2ScAgBr6,Cubic,Fm-3m,10,train
mp-1223387,KNa4Cl5,Trigonal,R-3m,10,train
mp-27161,ZnI2,Tetragonal,I4_1/acd,48,train
mp-1110569,Na3InF6,Cubic,Fm-3m,10,train
mp-696701,HPbClO,Orthorhombic,Pnma,16,train
mp-7787,HfSO,Cubic,P2_13,12,train
mp-4200,,,,12,train
mp-1215235,ZrTiZn4O8,Monoclinic,C2/m,14,train
mp-1224178,Ho(CuS)3,Trigonal,R-3,14,train
mp-1415,CaSe,Cubic,Fm-3m,2,train
mp-13148,Ca3N2,Hexagonal,P6_3/mmc,10,train
mp-752851,Ca2SiB2O7,Tetragonal,P-42_1m,24,train
mp-1246833,Sc4S3N2,Monoclinic,C2/m,9,train
mp-7580,Hg3(SF)2,Cubic,I2_13,14,train
mp-1517800,KPrZnWO6,Cubic,F-43m,10,train
mp-31212,,,,7,train
mp-1110769,Rb2NaPrI6,Cubic,Fm-3m,10,train
mp-1222486,Li5Al(SiO4)2,Monoclinic,C2,16,train
mp-1518084,Sr2LaBiO6,Monoclinic,P2_1/c,20,train
mp-1218960,Sn2SeS,Orthorhombic,Pmc2_1,8,train
mp-1210084,NaRh(SO4)2,Monoclinic,C2/m,12,train
mp-768915,Na3AuO3,Tetragonal,P4_2/mnm,28,train
mp-23141,Sr5P3BrO12,Hexagonal,P6_3/m,42,train
mp-1522945,BaPrInWO6,Orthorhombic,Pnnn,40,train
mp-1111617,K2RbAlBr6,Cubic,Fm-3m,10,train
mp-1178465,CsAsO3,Trigonal,P-31m,10,train
mp-8276,Sr(ZnP)2,Trigonal,P-3m1,5,train
mp-1110692,Rb3ScCl6,Cubic,Fm-3m,10,train
mp-1112063,K2SmAuCl6,Cubic,Fm-3m,10,train
mp-778001,Tm(ClO4)3,Hexagonal,P6_3/m,32,train
mp-1191341,Te2H2O3F4,Orthorhombic,Fdd2,22,train
mp-22984,,,,8,train
mp-1188898,LiLa(CO3)2,Monoclinic,C2/c,20,train
mp-1221270,Na2ThTi3O9,Trigonal,P-3m1,15,train
mp-756947,AlCoO3,Monoclinic,C2/c,20,train
mp-8267,,,,10,train
mp-1112062,K2ScAuI6,Cubic,Fm-3m,10,train
mp-1035030,NaLaMg14O16,Tetragonal,P4/mmm,32,train
mp-567720,CuHgSeBr,Orthorhombic,Pmma,16,train
mp-1521309,Sr2SmVO6,Cubic,Fm-3m,10,train
mp-567666,Ba3BiN,Hexagonal,P6_3/mmc,10,train
mp-561647,Cs2TeOF4,Orthorhombic,Cmcm,16,train
mp-8216,LaBO3,Orthorhombic,Pnma,20,train
mp-23730,NaMgH3,Orthorhombic,Pnma,20,train
mp-1518621,Ba2SrWO6,Cubic,Fm-3m,10,train
mp-5001,Li3BN2,Monoclinic,P2_1/c,24,train
mp-17307,K2Hg3(GeSe4)2,Orthorhombic,Aea2,30,train
mp-541811,Cs6K3GaSb4,Hexagonal,P6_3/mmc,28,train
mp-10930,TbSF,Tetragonal,P4/nmm,6,train
mp-1021328,H4C,Cubic,I-43m,5,train
mp-4551,SrHfO3,Cubic,Pm-3m,5,train
mp-10550,,,,5,train
mp-1101177,Y2Hf2O7,Monoclinic,C2/m,11,train
mp-9488,SmOF,Trigonal,R-3m,6,train
mp-4733,ThTi2O6,Monoclinic,C2/c,18,train
mp-1078965,Cs2Sb2Pd,Orthorhombic,Cmcm,10,train
mp-558585,Hg3PClO4,Cubic,P2_13,36,train
mp-643260,,,,7,train
mp-865018,CuBiPtS3,Orthorhombic,P2_12_12_1,24,train
mp-551456,,,,6,train
mp-1112527,Cs2NaTlCl6,Cubic,Fm-3m,10,train
mp-24721,RbH,Cubic,Fm-3m,2,train
mp-23738,RbMgH3,Hexagonal,P6_3/mmc,30,train
mp-559426,Pr2Zr2O7,Cubic,Fd-3m,22,train
mp-1043000,ZnSn2O5,Orthorhombic,Cmcm,16,train
mp-28020,AlCuCl4,Tetragonal,P-42c,12,train
mp-557964,Li9S3N,Cubic,Pm-3m,13,train
mp-753287,CaCdO2,Tetragonal,P4/mmm,4,train
mp-1193355,Mg2SnS4,Orthorhombic,Pnma,28,train
mp-1200287,RbSi,Tetragonal,I4_1/acd,32,train
mp-28421,Cs2HgI4,Monoclinic,P2_1/m,14,train
mp-1183931,CsRbAu2,Cubic,Fm-3m,4,train
mp-2583419,SrTaNO2,Orthorhombic,Ama2,20,train
mp-6841,Ba4NaCu(CO5)2,Tetragonal,I-42m,18,train
mp-8759,,,,12,train
mp-1190176,Ba3Sn2,Tetragonal,P4_32_12,20,train
mp-1096785,Al2Zn2S5,Trigonal,P-3m1,9,train
mp-1519736,SrCaYNbO6,Cubic,F-43m,10,train
mp-27197,Na4As2O7,Monoclinic,C2/c,26,train
mp-1187421,ThBeO3,Cubic,Pm-3m,5,train
mp-754739,CaBe3O4,Hexagonal,P-62c,16,train
mp-1224035,K2SrCl4,Tetragonal,I-42d,14,train
mp-1210420,Na3InF6,Monoclinic,P2_1/c,20,train
mp-12669,Dy2SO2,Trigonal,P-3m1,5,train
mp-557728,KCu4AsS4,Monoclinic,P2_1,20,train
mp-22916,NaBr,Cubic,Fm-3m,2,train
mp-1214242,Be3Ag4P3BrO12,Cubic,P-43n,46,train
mp-1138,LiF,Cubic,Fm-3m,2,train
mp-699136,NaAlH2CO5,Orthorhombic,Imma,20,train
mp-573677,Ba2Li3TaN4,Monoclinic,C2/c,20,train
mp-1203541,KGa(SeO3)2,Orthorhombic,Pnma,40,train
mp-752768,LiAgF4,Tetragonal,I4/mcm,12,train
mp-23392,K4CdCl6,Trigonal,R-3c,22,train
mp-1221010,NaPr9Si6(SO12)2,Trigonal,P3,42,train
mp-1220112,NdZrNO2,Monoclinic,P2_1/c,20,train
mp-1032531,Mg6ZnCdO8,Tetragonal,P4/mmm,16,train
mp-1178380,DyNbO4,Monoclinic,P2/c,12,train
mp-1018093,CaGaGeH,Trigonal,P3m1,4,train
mp-1227495,BaSrPdF6,Orthorhombic,Aea2,18,train
mp-1232096,Nd2MgS4,Cubic,Fd-3m,14,train
mp-556405,,,,10,train
mp-753968,Li2WS4,Orthorhombic,Pnma,28,train
mp-973185,ScAgO2,Trigonal,R-3m,4,train
mp-1207486,ZrBr4,Cubic,Pa-3,40,train
mp-1110609,Rb2GaAgF6,Cubic,Fm-3m,10,train
mp-6929,,,,11,train
mp-6511,KCSN,Orthorhombic,Pbcm,16,train
mp-752755,NaSbO3,Orthorhombic,Pnna,20,train
mp-761151,Zr6O11,Orthorhombic,Pmm2,17,train
mp-8630,SbIrS,Cubic,P2_13,12,train
mp-1112309,CsK2ScCl6,Cubic,Fm-3m,10,train
mp-2964,,,,4,train
mp-1221082,Rb4Cu8(GeS4)3,Tetragonal,I-4c2,54,train
mp-17382,Rb2Si3SnO9,Hexagonal,P6_3/m,30,train
mp-1246121,Ca3(InN2)2,Monoclinic,C2/c,18,train
mp-753571,LiVF6,Cubic,Fm-3m,8,train
mp-1228810,AsIrSe,Cubic,P2_13,12,train
mp-755949,Ca4I6O,Hexagonal,P6_3mc,22,train
mp-27194,SnI2,Monoclinic,C2/m,9,train
mp-753541,LiCuF4,Tetragonal,I4/mcm,12,train
mp-9297,Ba(AuO2)2,Tetragonal,I4_1/a,14,train
mp-1192734,Tm2PbSe4,Orthorhombic,Pnma,28,train
mp-569299,Be(BC)2,Orthorhombic,Pmmn,20,train
mp-1208033,TlPt3O4,Cubic,Fm-3m,16,train
mp-486,NiP2,Monoclinic,C2/c,6,train
mp-1220820,NaBi3(ClO2)2,Orthorhombic,Amm2,10,train
mp-541715,Ba3GaP3,Orthorhombic,Cmce,28,train
mp-541037,CsCuO,Orthorhombic,Cmcm,6,train
mp-13252,SnB4O7,Orthorhombic,Pmn2_1,24,train
mp-540969,V2ZnO6,Monoclinic,C2/m,9,train
mp-1232077,Er2MgSe4,Orthorhombic,Pnma,28,train
mp-1232227,La2MgS4,Orthorhombic,Pnma,28,train
mp-1226840,CdIn2SeS3,Orthorhombic,Imm2,14,train
mp-1215907,YAgTe2,Trigonal,P3m1,4,train
mp-645291,As3Pb5ClO12,Hexagonal,P6_3/m,42,train
mp-29692,K2TeS3,Monoclinic,P2_1/c,24,train
mp-13067,Tm2O3,Trigonal,P-3m1,5,train
mp-24142,MgAlH4O2F5,Orthorhombic,Imma,26,train
aaahfaqz,CaThV2O8,Tetragonal,I-4m2,12,train
mp-1103830,Zn2SnO4,Cubic,Fd-3m,14,train
mp-542951,Cs2NaHoCl6,Cubic,Fm-3m,10,train
mp-1219220,SiPN3,Monoclinic,P2_1,10,train
mp-1247784,Cs2Se,Trigonal,P-3m1,3,train
mp-559668,Cs2CdBi2S5,Orthorhombic,Pnma,40,train
mp-2455,As2Os,Orthorhombic,Pnnm,6,train
mp-643001,Na4H6Ru,Trigonal,R-3c,22,train
mp-2240078,CsMgBiO3,Trigonal,R3m,6,train
mp-1213950,CaAgAsO4,Orthorhombic,Cmcm,14,train
mp-20940,TiCdO3,Orthorhombic,Pmc2_1,20,train
mp-568191,SrLuCuSe3,Orthorhombic,Cmcm,12,train
mp-1518906,KHfSnBiO6,Cubic,F-43m,10,train
mp-1246316,Ga(PbN)3,Hexagonal,P6_3/m,14,train
mp-1047786,Mg(SnO2)2,Orthorhombic,Imma,14,train
mp-1016928,MgSiO3,Cubic,Pm-3m,5,train
mp-567515,Rb2Hg2PdBr8,Monoclinic,C2/m,13,train
mp-758660,MgP2(H8O5)2,Tetragonal,P4_2/nmc,58,train
mp-966801,LiCaBO3,Orthorhombic,Ibca,24,train
mp-769026,Li2BiO3,Monoclinic,C2/c,24,train
mp-510,TaO2,Tetragonal,I4_1/a,48,train
mp-1041860,Te(WO4)2,Monoclinic,P2/c,22,train
mp-37216,CdPbF6,Trigonal,R-3,8,train
mp-1079836,GaSi3C3N,Monoclinic,Pm,8,train
mp-8187,K2ZnO2,Orthorhombic,Ibam,10,train
mp-1190030,La3Sb4Au3,Cubic,I-43d,20,train
mp-28760,KRbS,Orthorhombic,Pnma,12,train
mp-1112110,Cs2TlGaI6,Cubic,Fm-3m,10,train
mp-8922,,,,9,train
mp-29468,Rb6Cl4O,Trigonal,R-3c,22,train
mp-560620,BaZr(PO4)2,Trigonal,P-3m1,12,train
mp-1114181,KRb2GaI6,Cubic,Fm-3m,10,train
mp-753822,La2Se2O,Monoclinic,P2_1/c,20,train
mp-9846,,,,6,train
mp-1019380,Al3BN4,Cubic,P-43m,8,train
mp-17493,Be3Cd4Si3SO12,Cubic,P-43n,46,train
mp-31036,CuTe2Br,Monoclinic,P2_1/c,16,train
mp-16930,Na3GeTe3,Monoclinic,P2_1/c,28,train
mp-6783,NaLiSO4,Trigonal,P31c,42,train
mp-7886,,,,10,train
mp-859110,Ta7BiO19,Hexagonal,P6_322,54,train
mp-1030658,NaMg6GaO8,Tetragonal,P4/mmm,16,train
mp-1196079,Mg3Bi2,Cubic,Ia-3,40,train
mp-2230244,La6MgWO12,Trigonal,R3,20,train
mp-7297,,,,9,train
mp-569168,Ba6NaCu3Te14,Hexagonal,P6_3/mcm,48,train
mp-9086,CsDyS2,Trigonal,R-3m,4,train
mp-1219482,Sm2InCuS5,Orthorhombic,Pnma,36,train
mp-1110652,Rb2LiPrF6,Cubic,Fm-3m,10,train
mp-542136,Na3PSO3,Trigonal,R3c,16,train
mp-1110942,K2YCuI6,Cubic,Fm-3m,10,train
mp-570256,Ag2HgI4,Tetragonal,P-42m,7,train
mp-1018678,CsHSO3,Trigonal,R3m,6,train
mp-573755,CsTeAu,Orthorhombic,Pmma,6,train
mp-1110595,Rb2AsAuF6,Cubic,Fm-3m,10,train
mp-8973,NaSi2N3,Orthorhombic,Cmc2_1,12,train
mp-22987,BiIO,Tetragonal,P4/nmm,6,train
mp-757,Li3As,Hexagonal,P6_3/mmc,8,train
mp-1077107,HgO,Trigonal,P3_221,6,train
mp-1187769,Xe,Trigonal,R-3m,3,train
mp-561257,LiPr2C2N4F3,Monoclinic,C2/c,24,train
mp-1227370,Ca2Ti2SiGeO10,Monoclinic,C2,16,train
mp-17054,Cs3TaS4,Orthorhombic,Pnma,32,train
mp-1227335,Bi2Te2S,Trigonal,R3m,5,train
mp-777584,Na7NbO6,Trigonal,R3,14,train
mp-559598,LiScF4,Tetragonal,I4_1/a,12,train
mp-1225983,Cs4InSbCl12,Tetragonal,P4/mmm,18,train
mp-1191763,KPb2C2O6F,Hexagonal,P6_3/mmc,24,train
mp-1078366,Bi2S2O,Tetragonal,P4/nmm,10,train
mp-561467,YAg3(PS4)2,Monoclinic,C2/c,28,train
mp-752582,Li4VO4F,Monoclinic,Cc,20,train
mp-1111468,Rb2GaAgCl6,Cubic,Fm-3m,10,train
mp-5238,,,,8,train
mp-1110969,Cs2LiYF6,Cubic,Fm-3m,10,train
mp-1415,CaSe,Cubic,Fm-3m,2,train
mp-1404875,Ti2ZnO5,Orthorhombic,Pmmn,16,train
mp-570219,InBr3,Monoclinic,C2/m,8,train
mp-27390,K5ThF9,Orthorhombic,Cmc2_1,30,train
mp-28853,LaAuO3,Orthorhombic,Pbcm,20,train
mp-1542038,CsSnSe3,Triclinic,P-1,10,train
mp-1189965,TiH8(NF3)2,Trigonal,P-3m1,17,train
mp-24721,RbH,Cubic,Fm-3m,2,train
mp-1218522,Sr3Ca(SnO3)4,Monoclinic,Pm,20,train
mp-1216040,Zn4In2O7,Hexagonal,P6_3/mmc,26,train
mp-19390,WO3,Cubic,Pm-3m,4,train
mp-13538,KPrSiSe4,Monoclinic,P2_1,14,train
mp-571594,K3AgSn3Se8,Tetragonal,P4/nbm,30,train
mp-1110925,K3PrBr6,Cubic,Fm-3m,10,train
mp-1521165,SrCaYBiO6,Cubic,F-43m,10,train
mp-541708,VCdAgO4,Orthorhombic,Pnma,28,train
mp-1173671,Na3PO4,Orthorhombic,Pmn2_1,16,train
mp-1179447,SiO2,Tetragonal,I4_1/amd,24,train
mp-778878,BaLi4O3,Orthorhombic,Fmmm,32,train
mp-27401,NaIO4,Tetragonal,I4_1/a,12,train
mp-1113229,Cs2NdAgF6,Cubic,Fm-3m,10,train
mp-1042514,Zn2Sn3O8,Hexagonal,P6_3mc,26,train
mp-555477,Ag2H3IO6,Trigonal,R-3,12,train
mp-1209219,RbNbCl6,Monoclinic,C2/c,16,train
mp-9089,CsTmS2,Trigonal,R-3m,4,train
mp-756180,Ba2Hf7O16,Trigonal,R-3,25,train
mp-541275,Cs2U(Cl2O)2,Monoclinic,C2/m,9,train
mp-1120741,Cs2HfCl6,Cubic,Fm-3m,9,train
mp-757145,SmH2ClO2,Orthorhombic,Pnma,24,train
mp-1105700,TePb2O5,Monoclinic,C2/c,16,train
mp-29273,Ca2Ge7O16,Tetragonal,P-4b2,50,train
mp-1111460,CsRb2BiF6,Cubic,Fm-3m,10,train
mp-1019550,BeGeN2,Orthorhombic,Pna2_1,16,train
mp-1205670,Ba2PrTaO6,Cubic,Fm-3m,10,train
mp-1209998,NaTmCl4,Monoclinic,P2/c,12,train
mp-2912506,K3SI,Hexagonal,P6_3cm,30,train
mp-3575,Ca3(BO3)2,Trigonal,R-3c,22,train
mp-2815,MoS2,Hexagonal,P6_3/mmc,6,train
mp-1519376,BaSrNdBiO6,Orthorhombic,P222,40,train
mp-1519032,BaCaDyVO6,Cubic,F-43m,10,train
mp-850280,Na8SnO6,Trigonal,R-3,15,train
mp-998231,KGeCl3,Monoclinic,Cm,5,train
mp-2014940,Ta2SnO6,Monoclinic,C2/c,18,train
mp-924129,ZrNiSn,Cubic,F-43m,3,train
mp-1211886,K2NdI5,Orthorhombic,Pnma,32,train
mp-607298,Cs2Pd(ICl2)2,Tetragonal,I4/mmm,9,train
mp-2741624,KSb5O13,Orthorhombic,Cmcm,38,train
mp-31468,LiCaN,Orthorhombic,Pnma,12,train
mp-34579,Na3HfF7,Monoclinic,Cm,11,train
mp-30096,Be2Te7Cl6,Orthorhombic,Pnnm,30,train
mp-754636,ErBiO3,Trigonal,R-3,10,train
mp-17854,LiInGeO4,Orthorhombic,Pnma,28,train
mp-1238775,NaBC,Hexagonal,P6_3/mmc,6,train
mp-2218601,RbMgIn(WO4)2,Trigonal,P3m1,13,train
mp-10322,,,,8,train
mp-1009750,ScN,Cubic,F-43m,2,train
mp-1183735,Cs2H4Pd,Tetragonal,P4_2/mnm,14,train
mp-6660,,,,12,train
mp-1223873,HoSc(BO3)2,Trigonal,R-3,10,train
mp-1218476,SrCa3Ti4O12,Monoclinic,Pm,20,train
mp-756238,Sr2CaI6,Trigonal,P321,27,train
mp-8177,HgF2,Cubic,Fm-3m,3,train
mp-1112970,Cs3InF6,Cubic,Fm-3m,10,train
mp-18852,Na2MoO4,Cubic,Fd-3m,14,train
mp-39681,NaTi2BiO6,Trigonal,R3,10,train
mp-2469,CdS,Cubic,F-43m,2,train
mp-755546,Na6BeO4,Hexagonal,P6_3mc,22,train
mp-550751,BaBeSiO4,Monoclinic,Cm,7,train
mp-20343,NaAuO2,Orthorhombic,Cmcm,8,train
mp-1191281,LaP3(HO2)6,Hexagonal,P-6,22,train
mp-1105142,TlSb(PSe3)2,Monoclinic,P2_1,20,train
mp-1025496,LiNbSe2,Hexagonal,P6_3/mmc,8,train
mp-12955,HoAgSe2,Orthorhombic,P2_12_12_1,16,train
mp-1197488,Er2ZrS5,Orthorhombic,Pnma,32,train
mp-1223843,HoBiTe3,Trigonal,R3m,5,train
mp-752676,TiBi2O5,Orthorhombic,Cmc2_1,16,train
mp-23998,ZnH12N4(ClO4)2,Cubic,F-43m,27,train
mp-1097014,KSnBr3,Orthorhombic,Pnma,20,train
mp-1018040,,,,4,train
mp-1112141,Cs2NaScI6,Cubic,Fm-3m,10,train
mp-1205877,CsTlO,Monoclinic,C2/m,6,train
mp-753486,BaCaI4,Orthorhombic,Imma,12,train
mp-625821,Sr(H2O3)2,Monoclinic,C2/c,22,train
mp-13195,NdSbO4,Monoclinic,P2_1/c,24,train
mp-23110,NaHg2IO2,Hexagonal,P6_222,18,train
mp-2771569,CdS,Trigonal,P3m1,2,train
mp-12908,ScAgSe2,Trigonal,P-3m1,4,train
mp-1017439,SrSiO3,Cubic,Pm-3m,5,train
mp-1217281,Th2AsNO,Trigonal,P3m1,5,train
mp-8491,LiInP2O7,Monoclinic,P2_1,22,train
mp-1222478,Li3SNO3,Orthorhombic,Pmn2_1,16,train
mp-16780,KBaNbS4,Orthorhombic,Pnma,28,train
mp-755769,ZrO2,Monoclinic,C2/m,12,train
mp-1113070,Cs2CuBiI6,Cubic,Fm-3m,10,train
mp-1228355,Ba4SnGe2(S4Br)2,Orthorhombic,Pmn2_1,34,train
mp-7950,ThSeO,Tetragonal,P4/nmm,6,train
mp-1210763,Li2(BH)7,Monoclinic,C2,16,train
mp-7219,Na2ZrSe3,Monoclinic,C2/m,12,train
mp-1520449,SrCaTbBiO6,Cubic,F-43m,10,train
mp-1518487,KPrHfZrO6,Cubic,F-43m,10,train
mp-1008786,,,,2,train
mp-1233020,MgAs4(PO4)4,Monoclinic,Pm,25,train
mp-27850,TiNCl,Orthorhombic,Pmmn,6,train
mp-551203,,,,10,train
mp-13660,,,,7,train
mp-27641,CsBr3,Orthorhombic,Pnma,16,train
mp-1178361,DyClO,Orthorhombic,Pmmn,6,train
mp-17088,KBaPS4,Orthorhombic,Pnma,28,train
mp-2763164,Rb2SeO4,Orthorhombic,Ama2,14,train
mp-1113543,Cs2AgAsCl6,Cubic,Fm-3m,10,train
mp-29019,Rb3IO,Hexagonal,P6_3/mmc,30,train
mp-570223,CsGeBr3,Cubic,Pm-3m,5,train
mp-1219347,SiPb7(ClO4)2,Orthorhombic,Amm2,18,train
mp-755082,Sr3(AsO4)2,Trigonal,R-3m,13,train
mp-1213642,CsSrCl3,Cubic,Pm-3m,5,train
mp-1101989,SrLiAs,Orthorhombic,Pnma,12,train
mp-1188559,YAgSe2,Orthorhombic,P2_12_12_1,16,train
mp-1211274,KY(CO3)2,Monoclinic,C2/c,20,train
mp-756544,LiLaO2,Monoclinic,P2_1/c,16,train
mp-753670,CaPbI4,Monoclinic,C2/m,6,train
mp-1104378,Sr(AlS2)2,Orthorhombic,Cccm,14,train
mp-1211339,KLiMoO4,Hexagonal,P6_3mc,14,train
mp-776152,V2O5,Orthorhombic,Pnma,28,train
mp-1518052,BaSrCeSnO6,Orthorhombic,P222,40,train
mp-15668,NaSe,Hexagonal,P6_3/mmc,8,train
mp-1522074,KCaLaWO6,Cubic,F-43m,10,train
mp-1001019,Mg(ScSe2)2,Cubic,Fd-3m,14,train
mp-1025874,MoS2,Hexagonal,P-6m2,9,train
mp-569970,ZrHg3(SeBr3)2,Monoclinic,P2_1/c,24,train
mp-23942,KPHNO2,Trigonal,R-3,36,train
mp-909,As2Se3,Monoclinic,P2_1/c,20,train
mp-9839,,,,10,train
mp-14116,CuRhO2,Trigonal,R-3m,4,train
mp-2516584,C,Trigonal,R-3m,4,train
mp-1247360,Ca3InN3,Hexagonal,P6_3/m,14,train
mp-625054,AlHO2,Orthorhombic,Cmc2_1,8,train
mp-754239,ScGaO3,Orthorhombic,Pnma,20,train
mp-674531,Li5GeP3,Monoclinic,Cc,18,train
mp-568536,BaI2,Hexagonal,P-62m,9,train
mp-1110995,Na2LaCuCl6,Cubic,Fm-3m,10,train
mp-1222492,Li3ErBr6,Monoclinic,C2,10,train
mp-1113830,Rb3InF6,Cubic,Fm-3m,10,train
mp-11661,Zr3N4,Cubic,I-43d,14,train
mp-561786,Cs(TeO3)2,Trigonal,R-3m,18,train
mp-1110572,Na3BiF6,Cubic,Fm-3m,10,train
mp-559043,KLaGeS4,Monoclinic,P2_1,14,train
mp-13276,,,,6,train
mp-553248,CsLaNb2O7,Tetragonal,P4/mmm,11,train
mp-1100897,Y2Zr8O19,Tetragonal,P-4m2,29,train
mp-22583,,,,11,train
mp-555272,Na5Zr2F13,Monoclinic,C2/m,20,train
mp-561947,CsHgF3,Cubic,Pm-3m,5,train
mp-1112785,Cs2KDyCl6,Cubic,Fm-3m,10,train
mp-1518170,Sr2LaSbO6,Cubic,Pn-3,40,train
mp-861605,AcH3,Cubic,Fm-3m,4,train
mp-1210829,Lu2Be2SiO7,Tetragonal,P-42_1m,24,train
mp-696275,SnH8(NCl3)2,Cubic,Fm-3m,17,train
mp-559122,WO3,Cubic,Pm-3m,16,train
mp-1001023,BeC2,Tetragonal,P4_2/mnm,6,train
mp-26855,Li2Sn(PO3)4,Tetragonal,P4/nbm,38,train
mp-559957,SrTiGeO5,Monoclinic,P2_1/c,32,train
mp-1101357,SrCa2I6,Monoclinic,P2_1/c,18,train
mp-1033527,BaSrMg6O8,Tetragonal,P4/mmm,16,train
mp-15791,LiErS2,Trigonal,R-3m,4,train
mp-4829,Na2ThF6,Trigonal,P321,9,train
mp-866311,Bi3BrO4,Tetragonal,P4/mmm,8,train
mp-1245788,Ba(ZnN)2,Tetragonal,I4/mcm,10,train
mp-1517735,BaTbNbSnO6,Cubic,F-43m,10,train
mp-1200647,Cs3ZnI5,Orthorhombic,Pnma,36,train
mp-18156,KBaPSe4,Orthorhombic,Pnma,28,train
mp-31005,Zn3(PO4)2,Monoclinic,P2_1/c,26,train
mp-24810,NaBH4,Orthorhombic,Pnma,24,train
mp-15793,LiTbSe2,Trigonal,R-3m,4,train
mp-1190528,Ba2ZnSe3,Orthorhombic,Pnma,24,train
mp-4279,CaGe2O5,Orthorhombic,Pbam,32,train
mp-23329,Bi2WO6,Orthorhombic,Aea2,18,train
mp-9842,RbSm(CO3)2,Monoclinic,C2/c,20,train
mp-8191,Cs2PtF6,Trigonal,P-3m1,9,train
mp-24090,BaH4(IO)2,Monoclinic,C2/c,18,train
mp-29488,Na2ZnO2,Monoclinic,P2_1/c,20,train
mp-20790,,,,6,train
mp-755821,Li5Cu(PO4)2,Monoclinic,Pm,16,train
mp-752927,LiAgF2,Hexagonal,P6_3/mmc,8,train
mp-1032837,LiYMg6O8,Tetragonal,P4/mmm,16,train
mp-978553,SiAs2,Orthorhombic,Pbam,24,train
mp-863731,InH4NCl4,Tetragonal,I4_1/a,20,train
mp-569677,,,,4,train
mp-573588,CdI2,Trigonal,R-3m,12,train
mp-12642,Ba2TmNbO6,Cubic,Fm-3m,10,train
mp-1191597,Sm3SbO7,Orthorhombic,Cmcm,22,train
mp-849732,LiSb(TeO4)3,Monoclinic,P2,17,train
mp-560468,Pr3Si2S8Br,Monoclinic,C2/c,28,train
mp-1189310,Ho3Cu3Sb4,Cubic,I-43d,20,train
mp-769381,Ca3Ta2O8,Orthorhombic,Cmce,26,train
mp-1237474,Li3SbF6,Triclinic,P-1,10,train
mp-1221089,NaCaMgAl(SiO3)4,Monoclinic,C2,20,train
mp-23120,,,,10,train
mp-1097053,Li2Zr2O5,Orthorhombic,Pnna,36,train
mp-9270,SbIrS,Orthorhombic,Pca2_1,12,train
mp-23849,Li2H2SO5,Monoclinic,P2_1,20,train
mp-1522981,BaCaPrBiO6,Cubic,F-43m,10,train
mp-780282,Cd(BO2)2,Trigonal,R3c,42,train
mp-5295,,,,12,train
mp-623087,Re3(TeBr)7,Trigonal,R-3,34,train
mp-1111404,Na2TlAsF6,Cubic,Fm-3m,10,train
mp-1208880,Sm2SiO5,Monoclinic,P2_1/c,32,train
mp-27743,BiF5,Tetragonal,I4/m,6,train
mp-1111841,Cs2LiNdCl6,Cubic,Fm-3m,10,train
mp-1519753,Sr2HfZrO6,Cubic,Fm-3m,10,train
mp-2228597,MgZn(CoS2)4,Cubic,F-43m,14,train
mp-561639,CsSbS2,Monoclinic,P2_1/c,16,train
mp-23199,BaCl2,Orthorhombic,Pnma,12,train
mp-1114032,KRb2TmCl6,Cubic,Fm-3m,10,train
mp-27941,AgClO3,Tetragonal,I4/m,20,train
mp-1192336,Nb2PbO6,Trigonal,R-3,27,train
mp-1246018,Al2Zn3N4,Monoclinic,C2/c,18,train
mp-1113187,Cs2AlCuCl6,Cubic,Fm-3m,10,train
mp-1213133,CuTeSBr,Monoclinic,P2_1/c,16,train
mp-1205883,Rb2LiHoCl6,Cubic,Fm-3m,10,train
mp-754224,BaSr2I6,Tetragonal,P4_2/mnm,18,train
mp-20495,Na2CO3,Hexagonal,P6_3/mmc,12,train
mp-30252,Na10CaSn12,Cubic,I-43m,23,train
mp-1216547,Tm4MgS7,Monoclinic,Cm,12,train
mp-1226990,Cd3(InSe3)2,Trigonal,R3,11,train
mp-1516905,Sr2PrBiO6,Cubic,Pn-3,40,train
mp-755217,Cs2BaO2,Orthorhombic,Pbcn,20,train
mp-553988,Cs2LiF3,Orthorhombic,Cmcm,12,train
mp-9029,Ca3VN3,Orthorhombic,Cmcm,14,train
mp-1228061,Ba4Cu2IBrO4,Monoclinic,P2/m,12,train
mp-552488,LaCuSeO,Tetragonal,P4/nmm,8,train
mp-28048,KTlBr4,Orthorhombic,Pnna,24,train
mp-1247210,CsZnN,Orthorhombic,Pnma,12,train
mp-2647049,CsSbSI2,Orthorhombic,Pmma,20,train
mp-15781,KLaS2,Trigonal,R-3m,4,train
mp-560641,Ba12Cl5F19,Hexagonal,P-62m,36,train
mp-975958,KNaMo(OF2)2,Tetragonal,P4/nmm,18,train
mp-1111285,K2RbGaI6,Cubic,Fm-3m,10,train
mp-29244,Cd2P3I,Monoclinic,C2/c,12,train
mp-1228792,AsPPt,Cubic,P2_13,12,train
mp-29450,CuSe3I,Trigonal,R-3m,30,train
mp-8289,,,,8,train
mp-733415,SmClO2,Monoclinic,P2_1/m,8,train
mp-1227153,CaLaGa3O7,Orthorhombic,Cmm2,24,train
mp-2013315,P3BrCl14,Tetragonal,I4/m,18,train
mp-7257,K3NaP2(O3F)2,Trigonal,P-3m1,14,train
mp-1113316,Na2LiLuCl6,Cubic,Fm-3m,10,train
mp-1112421,K2PrAuCl6,Cubic,Fm-3m,10,train
mp-14292,Ba2NdSbO6,Cubic,Fm-3m,10,train
mp-11719,K4ZnP2,Trigonal,R-3m,7,train
mp-27837,NaHF2,Trigonal,R-3m,4,train
mp-5380,,,,7,train
mp-10760,MgSe,Cubic,Fm-3m,2,train
mp-13032,MgS,Cubic,F-43m,2,train
mp-1214195,BeC2,Cubic,Pn-3m,12,train
mp-20256,K3InP2,Orthorhombic,Ibam,12,train
mp-571046,Sr5(GeN3)2,Monoclinic,C2/c,26,train
mp-18684,KPF6,Cubic,Pa-3,32,train
mp-1207204,LuF3,Trigonal,P-3m1,4,train
mp-1211536,K2TmF5,Orthorhombic,Pnma,32,train
mp-1189723,NaSi,Monoclinic,C2/c,16,train
mp-976280,LiBr,Hexagonal,P6_3mc,4,train
mp-558781,ScTaO4,Monoclinic,P2/c,12,train
mp-7709,ZnF2,Orthorhombic,Pbcn,12,train
mp-961682,TiSnPd,Cubic,F-43m,3,train
mp-989545,,,,10,train
mp-34418,AgPF6,Cubic,Fm-3m,8,train
mp-573697,CsCl,Cubic,Fm-3m,2,train
mp-1179711,RbSn2(PO4)3,Trigonal,R-3,36,train
mp-756401,TaAsO4,Orthorhombic,Cmc2_1,12,train
mp-755893,CaBiO3,Monoclinic,P2_1/c,20,train
mp-1104926,Sr2SiS4,Monoclinic,P2_1/m,14,train
mp-700,GeSe,Orthorhombic,Pnma,8,train
mp-1394387,Mg2Ni3O8,Monoclinic,C2/m,13,train
mp-1222190,Mg2Nb3Bi3O14,Trigonal,R-3m,22,train
mp-1014244,ZrZnN2,Trigonal,P3m1,4,train
mp-15157,,,,7,train
mp-28177,NaSbCl6,Tetragonal,P4_2/m,16,train
mp-21554,P3Pb5O12F,Hexagonal,P6_3/m,42,train
mp-1217825,TaTl3(SeS)2,Orthorhombic,Fmm2,8,train
mp-989534,LaMoN3,Monoclinic,P2_1/m,10,train
mp-1018099,Ba2NCl,Trigonal,R-3m,4,train
mp-1202741,Cs3HgBr5,Orthorhombic,Pnma,36,train
mp-8039,AlF3,Cubic,Pm-3m,4,train
mp-1202711,BaSn2S5,Orthorhombic,Pccn,32,train
mp-18652,Sr3HoRhO6,Trigonal,R-3c,22,train
mp-5048,LiGaTe2,Tetragonal,I-42d,8,train
mp-7472,,,,8,train
mp-863021,Ba2Sc2O5,Tetragonal,P4/mmm,9,train
mp-1192424,SrGaH5,Orthorhombic,Pnma,28,train
mp-9077,Nd2Be2SiO7,Tetragonal,P-42_1m,24,train
aaacknve,CaMg14SiO16,Tetragonal,P4/mmm,32,train
mp-12929,SmAsO4,Tetragonal,I4_1/amd,12,train
mp-999461,NaPrSe2,Trigonal,R-3m,4,train
mp-549728,DyZnPO,Trigonal,R-3m,8,train
mp-559091,SiO2,Hexagonal,P6_322,12,train
mp-677178,Ta2W2O11,Monoclinic,C2,30,train
mp-18498,Sr3YRhO6,Trigonal,R-3c,22,train
mp-758134,Li2AgF5,Orthorhombic,Cmcm,16,train
mp-5709,Tl3PO4,Hexagonal,P6_3,16,train
mp-2212246,Sr4Nb2O9,Hexagonal,P6_3/m,30,train
mp-12535,K2ZnTe2,Orthorhombic,Ibam,10,train
mp-10226,NaYS2,Trigonal,R-3m,4,train
mp-567776,,,,10,train
mp-16432,Sr3(BO3)2,Trigonal,R-3c,22,train
mp-760272,LiV(OF)2,Monoclinic,P2/c,12,train
mp-1228524,Al2Te3,Monoclinic,Cc,10,train
mp-1183246,AlH3,Orthorhombic,Cmcm,24,train
mp-1191625,TePIr,Orthorhombic,Pbca,24,train
mp-22988,,,,5,train
mp-1075922,Sr7CaTi8O24,Cubic,Pm-3m,40,train
mp-1218016,SrSmAl3O7,Orthorhombic,Cmm2,24,train
mp-5837,LaGaO3,Orthorhombic,Pnma,20,train
mp-1520966,BaSrLaBiO6,Tetragonal,P-4n2,20,train
mp-1112834,Cs2LiNdI6,Cubic,Fm-3m,10,train
mp-1110911,K2YAgBr6,Cubic,Fm-3m,10,train
mp-14964,Pr3TaO7,Orthorhombic,Cmcm,22,train
mp-557480,Te2SO7,Orthorhombic,Pmn2_1,20,train
mp-38240,Sr(PrS2)2,Tetragonal,I-42d,14,train
mp-1186991,ScI3,Hexagonal,P6_3/mmc,8,train
mp-978847,,,,4,train
mp-760457,YBO3,Orthorhombic,Ama2,10,train
mp-1191189,Cd2Sb2O7,Cubic,Fd-3m,22,train
mp-22916,NaBr,Cubic,Fm-3m,2,train
mp-27904,FeSbS,Monoclinic,P2_1/c,12,train
mp-569427,K4Sn(TeSe)2,Orthorhombic,Pnma,36,train
mp-1178562,AgBrO3,Trigonal,R3m,5,train
mp-1259697,CsSrSiHO4,Monoclinic,P2_1,16,train
mp-768907,Sr3TeO6,Trigonal,R-3,10,train
mp-1211474,K2Ti(CuS2)2,Tetragonal,P4_2/mcm,18,train
mp-1222548,LiNbWO6,Orthorhombic,Imma,18,train
mp-2472,SrO,Cubic,Fm-3m,2,train
mp-856,SnO2,Tetragonal,P4_2/mnm,6,train
mp-1110729,Rb3SbBr6,Cubic,Fm-3m,10,train
mp-1190380,Ba2ZnTe3,Orthorhombic,Pnma,24,train
mp-1080439,P4Ru,Monoclinic,P2_1/c,10,train
mp-23074,BiOF,Tetragonal,P4/nmm,6,train
mp-1079896,Ca2H6Ru,Cubic,Fm-3m,9,train
mp-773126,Sm2(WO4)3,Monoclinic,C2/c,34,train
mp-1101073,TiZn(BiO3)2,Orthorhombic,Amm2,10,train
mp-29236,InTeBr,Monoclinic,P2_1/c,12,train
mp-556209,RbLiMoO4,Monoclinic,Cc,14,train
mp-7482,,,,5,train
mp-984550,CsGaH4,Tetragonal,P4_2/nmc,12,train
mp-23215,ThCl4,Tetragonal,I4_1/amd,10,train
mp-1223313,KNaCl2,Trigonal,R-3m,4,train
mp-1221151,Na4Sn(GeS3)2,Monoclinic,C2,13,train
mp-1209347,Rb3ScV2O8,Trigonal,P-3m1,14,train
mp-1522095,NaPrNb4O12,Tetragonal,P4/mmm,18,train
mp-646102,Al3Bi5Cl12,Trigonal,R-3c,40,train
mp-1228438,Al2ZnS4,Monoclinic,Pm,7,train
mp-16795,CaAlF5,Monoclinic,P2_1/c,28,train
mp-1221124,NaBiTeO5,Monoclinic,P2_1/c,32,train
mp-1112692,Cs2KTlI6,Cubic,Fm-3m,10,train
mp-33606,Ba(PrSe2)2,Tetragonal,I-42d,14,train
mp-756103,Y2HgO4,Monoclinic,C2/m,14,train
mp-1103169,NaAgO,Tetragonal,I4/mmm,12,train
mp-1018664,CeO2,Tetragonal,P4_2/mnm,6,train
mp-1019544,BaZrO3,Tetragonal,I4/mcm,10,train
mp-1079594,Ca3ZnSe4,Cubic,P-43m,8,train
mp-31096,Li3AlH6,Trigonal,R-3,20,train
mp-982048,Ge2O3,Cubic,Pm-3m,5,train
mp-760311,Na7SbO6,Trigonal,R3,14,train
mp-1219343,ScCuSe2,Monoclinic,C2/m,8,train
mp-1218076,Ta3Zn2Bi3O14,Trigonal,R-3m,22,train
mp-5213,,,,8,train
mp-7955,Li3Sb,Hexagonal,P6_3/mmc,8,train
mp-1219036,SmZrNO2,Orthorhombic,Pnma,20,train
mp-1120727,TaIn3Se4,Cubic,I-43m,8,train
mp-28796,Sr5(AuO4)2,Tetragonal,I4/mmm,15,train
mp-6227,Ca2ZnSi2O7,Tetragonal,P-42_1m,24,train
mp-985591,Li6PS5Br,Cubic,F-43m,13,train
mp-1042561,Ca2Sn3O8,Hexagonal,P6_3mc,26,train
mp-554059,Sr2UZnO6,Monoclinic,P2_1/c,20,train
mp-755559,LiNbO3,Monoclinic,C2/m,10,train
mp-1246128,Mg7GeN6,Orthorhombic,Ibam,28,train
mp-19799,BaPbF6,Trigonal,R-3m,8,train
mp-8880,AlP,Hexagonal,P6_3mc,4,train
mp-11175,LiZnPS4,Tetragonal,I-4,7,train
mp-3125,,,,12,train
mp-28558,RbGeBr3,Orthorhombic,Pna2_1,20,train
mp-761827,Na3CuO3,Tetragonal,P4_2/mnm,28,train
mp-10778,RbPrSe2,Trigonal,R-3m,4,train
mp-754852,BaSrI4,Trigonal,R-3m,6,train
mp-644492,LuNbO4,Monoclinic,C2/c,12,train
mp-1228987,Al2(ZnS2)3,Trigonal,R3,11,train
mp-998567,InSnCl3,Trigonal,R-3,10,train
aaacgzcf,CaMg14ZnO16,Orthorhombic,Pmmm,32,train
mp-726032,KSe3,Monoclinic,C2,8,train
mp-998198,,,,5,train
mp-766103,Li7Zr3Nb(TeO6)4,Trigonal,R3,39,train
mp-773137,,,,6,train
mp-17612,Ba2SiO4,Orthorhombic,Pnma,28,train
mp-1519147,BaNaPrWO6,Cubic,F-43m,10,train
mp-770408,Rb6Ti2O7,Monoclinic,P2_1/c,30,train
mp-23099,Cs2Pd(IBr2)2,Tetragonal,I4/mmm,9,train
mp-15514,NaSe2,Tetragonal,I-42d,24,train
mp-29139,NaAuSe2,Monoclinic,P2_1/c,16,train
mp-961698,,,,3,train
mp-2420465,RbHS,Orthorhombic,Amm2,3,train
mp-1219473,Sb4(TeSe)3,Monoclinic,Cm,10,train
mp-962066,NaLiTe,Cubic,F-43m,3,train
mp-1520946,BaNaCeSbO6,Orthorhombic,Pnnn,40,train
mp-1110695,Rb3AsCl6,Cubic,Fm-3m,10,train
mp-9124,,,,3,train
mp-768884,Li4B2O5,Monoclinic,C2/c,22,train
mp-679,Er2O3,Cubic,Ia-3,40,train
mp-864666,Nd3SiAgS7,Hexagonal,P6_3,24,train
mp-27691,,,,9,train
mp-1227805,CaDy2(GeO3)4,Orthorhombic,Cmme,38,train
mp-1226872,Cd4Mo3WO16,Tetragonal,P-4,24,train
mp-616566,Li2VPO6,Orthorhombic,Pna2_1,40,train
mp-1007665,HoTlS2,Trigonal,R-3m,4,train
mp-29693,Rb2AgCl3,Orthorhombic,Pnma,24,train
mp-5373,Y2Ti2O7,Cubic,Fd-3m,22,train
mp-1002164,,,,2,train
mp-1223598,KAl(SiO3)2,Orthorhombic,C222_1,40,train
mp-558638,SmMoO4F,Monoclinic,P2_1/c,28,train
mp-567290,LaN,Hexagonal,P6_3mc,4,train
mp-753098,,,,4,train
mp-756666,BaCaI4,Tetragonal,I4_1/a,12,train
mp-1112448,K2ScAgCl6,Cubic,Fm-3m,10,train
mp-8110,AlBO3,Trigonal,R-3c,10,train
mp-3613,NaErS2,Trigonal,R-3m,4,train
mp-11793,SmCuSe2,Monoclinic,P2_1/c,16,train
mp-1224820,GaAgSeS,Monoclinic,Cc,8,train
mp-722329,H12C4IN,Tetragonal,P4/nmm,36,train
mp-541062,Ca3GaAs3,Orthorhombic,Pnma,28,train
mp-3118,Mg3TeO6,Trigonal,R-3,20,train
mp-989407,YWN3,Orthorhombic,Pmc2_1,10,train
mp-1238961,Ta2O5,Orthorhombic,Cmmm,7,train
mp-1228978,AlCdInS4,Trigonal,R3m,7,train
mp-1247884,Al2ZnS4,Monoclinic,Cm,7,train
mp-504894,MgH12SeO9,Trigonal,R3,23,train
mp-31116,LaScO3,Orthorhombic,Pnma,20,train
mp-1190015,NaNbO3,Orthorhombic,Pmn2_1,20,train
mp-2218877,K4MgTi2O6,Monoclinic,Cm,13,train
mp-9870,K3Ta3(BO6)2,Hexagonal,P-62m,20,train
mp-1216115,Y6Mg(GeS7)2,Trigonal,P3,23,train
mp-557163,TaPbF7,Monoclinic,P2_1/m,18,train
mp-4394,Pr2Sn2O7,Cubic,Fd-3m,22,train
mp-6643,BaDy2ZnO5,Orthorhombic,Pnma,36,train
mp-1112789,Cs2KBiBr6,Cubic,Fm-3m,10,train
mp-10620,LiPrO2,Monoclinic,P2_1/c,16,train
mp-1113623,Cs2GaAgCl6,Cubic,Fm-3m,10,train
mp-27681,BaMn2O8,Orthorhombic,Fddd,22,train
mp-23333,Hg3Cl4O,Cubic,P2_13,32,train
mp-1477,BaSi2,Orthorhombic,Pnma,24,train
mp-36791,LiNdS2,Tetragonal,I4_1/amd,8,train
mp-1019323,Th2HN3,Trigonal,P3m1,6,train
mp-1104241,Li2MgH4,Orthorhombic,Pbam,14,train
mp-755745,LiBi(BO3)2,Monoclinic,P2_1/c,20,train
mp-8459,CdSO4,Orthorhombic,Cmcm,12,train
mp-1111042,Na2TmCuCl6,Cubic,Fm-3m,10,train
mp-1245470,Y2GaN3,Orthorhombic,Cmc2_1,12,train
mp-559346,K3Nb3Si2O13,Hexagonal,P-62c,42,train
mp-571093,,,,4,train
mp-29946,IO2F,Orthorhombic,P2_12_12_1,16,train
mp-1194734,ScH12N3(OF2)3,Trigonal,R3c,50,train
mp-14128,K2HfF6,Monoclinic,C2/c,18,train
mp-505148,ThPbI6,Trigonal,P-31c,16,train
mp-9037,CsPrS2,Hexagonal,P6_3/mmc,8,train
mp-9480,KAlSiO4,Trigonal,P31c,14,train
mp-21459,InAgS2,Orthorhombic,Pna2_1,16,train
mp-1205692,Sr2LaTaO6,Cubic,Fm-3m,10,train
mp-10341,,,,9,train
mp-1192397,Si(SnS2)2,Monoclinic,P2_1/c,28,train
mp-1104837,Ta2O5,Orthorhombic,Pbam,14,train
mp-17362,Rb3NiF7,Tetragonal,P4/mbm,22,train
mp-1198930,LiGa(SeO3)2,Tetragonal,I-42d,40,train
mp-1195192,NaTbH2S2O9,Trigonal,P3_121,45,train
mp-557407,K3NaUC3O11,Hexagonal,P-62c,38,train
mp-1044835,Ca(BiO2)2,Trigonal,P3m1,42,train
mp-8978,CsNbN2,Cubic,Fd-3m,8,train
mp-560321,Mg2SiO4,Monoclinic,P2/m,28,train
mp-6604,Na2LiAlF6,Monoclinic,P2_1/c,20,train
mp-8177,HgF2,Cubic,Fm-3m,3,train
mp-1224229,K10Zn4Sn4S17,Trigonal,R3m,35,train
mp-556712,Ga2BiS4,Tetragonal,P4/nnc,28,train
mp-1112373,Cs3AsCl6,Cubic,Fm-3m,10,train
mp-736,Li3P,Hexagonal,P6_3/mmc,8,train
mp-23951,Cs(BH)3,Cubic,Fm-3m,14,train
mp-756034,NaSmO2,Trigonal,R-3m,4,train
mp-1101518,Sn(PO3)3,Trigonal,P312,26,train
mp-541280,BaLaGaO4,Orthorhombic,P2_12_12_1,28,train
mp-1178161,HoCuO2,Hexagonal,P6_3/mmc,8,train
mp-23390,RbCdCl3,Orthorhombic,Pnma,20,train
mp-10680,,,,2,train
mp-755790,HfPbO3,Orthorhombic,Pnma,20,train
mp-11183,Pr(BO2)3,Monoclinic,C2/c,20,train
mp-1112345,Cs3TbCl6,Cubic,Fm-3m,10,train
mp-1103527,BaBClF4,Orthorhombic,Pmn2_1,14,train
mp-1227704,Ca3Nb4(O6F)2,Trigonal,R-3m,21,train
mp-1112498,Cs2TlBiBr6,Cubic,Fm-3m,10,train
mp-567913,CsAuSe3,Monoclinic,C2/c,10,train
mp-1093896,Cs2AuI,Orthorhombic,Immm,4,train
mp-1103566,K4ZnBi2,Orthorhombic,C222_1,14,train
mp-841,,,,8,train
mp-1104220,K2MoSO3,Monoclinic,C2/m,14,train
mp-5860,,,,5,train
mp-1215786,ZnCd3GeS6,Monoclinic,Cc,22,train
mp-1111084,Na2ScAuF6,Cubic,Fm-3m,10,train
mp-6973,,,,6,train
mp-555903,Al(IO3)3,Hexagonal,P6_3,26,train
mp-760338,VOF3,Orthorhombic,Pnc2,20,train
mp-7394,BaAg2GeS4,Tetragonal,I-42m,8,train
mp-545756,ZnSO4,Cubic,F-43m,6,train
mp-769077,Mg2Te3O8,Monoclinic,C2/c,26,train
mp-7548,BaSe3,Tetragonal,P-42_1m,8,train
mp-1091384,NbTl3S4,Cubic,I-43m,8,train
mp-35714,La5TlS8,Tetragonal,I-4,14,train
mp-1209894,NdSI,Orthorhombic,Pbca,24,train
mp-1183052,AcBO3,Cubic,Pm-3m,5,train
mp-2659,,,,4,train
mp-3346553,Na2LiCl3,Tetragonal,I4/mmm,6,train
mp-771308,VCoO4,Orthorhombic,Pnma,24,train
mp-989605,,,,10,train
mp-977148,LiBeH3,Orthorhombic,Cmcm,30,train
mp-1078973,Sr(InP)2,Hexagonal,P6_3/mmc,10,train
mp-1218075,SrCaZnSi2O7,Monoclinic,P2_1,24,train
mp-863011,Na3H7Os,Tetragonal,P4_2/mnm,44,train
mp-543024,,,,9,train
mp-644285,KAlH2CO5,Orthorhombic,Cmcm,20,train
mp-556283,Na2TiSi4O11,Tetragonal,I4/m,36,train
mp-7232,Cs2HgO2,Tetragonal,I4/mmm,5,train
mp-989403,LaVN3,Triclinic,P1,10,train
mp-5639,Mg2SiO4,Cubic,Fd-3m,14,train
mp-1522971,BaPrInWO6,Cubic,F-43m,10,train
mp-1224114,K4Ba2SnP4,Monoclinic,Cc,22,train
mp-13182,Li2TiGeO5,Tetragonal,P4/nmm,18,train
mp-1044682,Ca(BiO2)2,Trigonal,R3m,14,train
mp-1369873,YAgO3,Orthorhombic,Pnma,20,train
mp-541910,SrMo2(AsO6)2,Monoclinic,P2_1/c,34,train
mp-1218569,Sr5Zn(PbO4)3,Hexagonal,P-62m,21,train
mp-557862,BaAg2(HgO2)2,Tetragonal,P4/nbm,18,train
mp-551826,NbTlBr4O,Monoclinic,C2,7,train
mp-23237,BiF3,Orthorhombic,Pnma,16,train
mp-28219,TlCdBr3,Orthorhombic,Pnma,20,train
mp-1112663,Cs2LiYI6,Cubic,Fm-3m,10,train
mp-1228984,AlCu(PSe3)2,Trigonal,R3,10,train
mp-1029506,CaSiN2,Orthorhombic,Cmce,16,train
mp-1021512,LuO3,Cubic,Im-3,16,train
mp-756854,Sr2LiNb3O10,Monoclinic,C2,16,train
mp-30988,KBiO2,Monoclinic,C2/c,8,train
mp-1519738,BaSrCaSeO6,Cubic,F-43m,10,train
mp-541430,BaLaCuSe3,Orthorhombic,Pnma,24,train
mp-1191059,Zr(BH4)4,Cubic,P-43m,21,train
mp-1043473,CaTi2(PO5)2,Orthorhombic,Fdd2,30,train
mp-558014,S,Orthorhombic,Pnnm,24,train
mp-558781,ScTaO4,Monoclinic,P2/c,12,train
mp-2763,Nd2O3,Trigonal,P-3m1,5,train
mp-752725,LiAgF2,Orthorhombic,Pnma,16,train
mp-22086,Ba3WO6,Cubic,Fm-3m,10,train
mp-1216778,TiS2,Trigonal,R3m,12,train
mp-10340,Na2GeTeO6,Trigonal,P-31c,20,train
mp-8686,Na3AsSe3,Cubic,P2_13,28,train
mp-640075,FeSiGe,Orthorhombic,Cmce,24,train
mp-606680,CsLi2Br3,Orthorhombic,Immm,6,train
mp-20014,AlVMoO7,Orthorhombic,Pnma,40,train
mp-754158,KNdO2,Trigonal,R-3m,4,train
mp-1227894,BaSr2In6O12,Hexagonal,P-6,21,train
mp-757056,TeWO6,Trigonal,R-3,8,train
mp-12525,Sr2LiReO6,Cubic,Fm-3m,10,train
mp-22982,CuBiS2,Orthorhombic,Pnma,16,train
mp-1095172,CsNdS2,Hexagonal,P6_3/mmc,8,train
mp-756581,LiNdTi2O6,Tetragonal,P4/nbm,20,train
mp-1220256,Nd6Ge3S14,Trigonal,P3,23,train
mp-1106294,La(TmS2)3,Monoclinic,P2_1/m,20,train
mp-696878,K3CaP2HO8,Monoclinic,C2/m,15,train
mp-1190834,SrNdCuS3,Orthorhombic,Pnma,24,train
mp-672,CdS,Hexagonal,P6_3mc,4,train
mp-1120739,CaCl2,Cubic,Fm-3m,3,train
mp-1212105,HoAl3(BO3)4,Trigonal,R32,20,train
mp-1521799,Ba2PrNbO6,Cubic,Pn-3,40,train
mp-1226467,CeZr2O6,Trigonal,P-3m1,9,train
mp-989539,Rb2AlTlH6,Cubic,Fm-3m,10,train
mp-33615,Ba(LaS2)2,Tetragonal,I-42d,14,train
mp-1196961,Si,Hexagonal,P6/mmm,40,train
mp-505782,Cs2SO4,Orthorhombic,Pnma,28,train
mp-1520081,Sr2PrSbO6,Cubic,Fm-3m,10,train
mp-29176,Na8Si7O18,Trigonal,R-3m,33,train
mp-1110719,Rb2CuSbBr6,Cubic,Fm-3m,10,train
mp-3813,,,,7,train
mp-1209566,PrTa7O19,Hexagonal,P-6c2,54,train
mp-696965,Cs3TbF6,Cubic,Fm-3m,10,train
mp-17159,Li2CrO4,Trigonal,R-3,42,train
mp-8280,Ba(MgAs)2,Trigonal,P-3m1,5,train
mp-1019740,GaB3N4,Cubic,P-43m,8,train
mp-10101,CsAgC2,Tetragonal,P4_2/mmc,8,train
mp-757745,Ba4In2O7,Orthorhombic,Cmcm,26,train
mp-961693,ZrInAu,Cubic,F-43m,3,train
mp-35493,Zn2SnO4,Orthorhombic,Imma,14,train
mp-1220908,NaSO3F,Trigonal,P-3m1,12,train
mp-556440,CaZr4(PO4)6,Trigonal,R-3,35,train
mp-636461,Ga2Ge4Pb3O14,Trigonal,P321,23,train
mp-1216569,Tl4BrCl3,Orthorhombic,Pmmm,8,train
mp-5548,Ta2Cd2O7,Cubic,Fd-3m,22,train
mp-1111337,Na2AlAgF6,Cubic,Fm-3m,10,train
mp-1206029,Ba2TmTaO6,Cubic,Fm-3m,10,train
mp-1519857,KLaPrSbO6,Tetragonal,P4_2/nnm,40,train
mp-1112000,Cs2ScTlCl6,Cubic,Fm-3m,10,train
mp-924128,HfNiSn,Cubic,F-43m,3,train
mp-1111475,Na2LiScCl6,Cubic,Fm-3m,10,train
mp-558310,BaLi2SiO4,Hexagonal,P6_3cm,48,train
mp-1221166,Na4H8PdPt,Monoclinic,C2/m,14,train
mp-1520823,Sr2YNbO6,Cubic,Fm-3m,10,train
mp-989604,YMoN3,Monoclinic,C2/c,20,train
mp-1011695,Cs2Se,Cubic,Fm-3m,3,train
mp-1025267,Cs2CaBr4,Tetragonal,I4/mmm,7,train
mp-1029542,Na6MoN4,Tetragonal,P4_2/nmc,22,train
mp-1210085,NaCaAsO4,Orthorhombic,Cmcm,14,train
mp-1114007,Rb2TlGaBr6,Cubic,Fm-3m,10,train
mp-540905,YAlGeO5,Orthorhombic,Pbam,32,train
mp-1112240,CsK2YF6,Cubic,Fm-3m,10,train
mp-1246075,ScAlN2,Orthorhombic,Pna2_1,16,train
mp-561050,BaCaSiO4,Hexagonal,P6_3mc,56,train
mp-569450,LiB6C,Orthorhombic,Amm2,16,train
mp-553932,GaPO4,Orthorhombic,C222_1,12,train
mp-29232,ZrPb3F10,Orthorhombic,Cmcm,28,train
mp-7937,,,,8,train
mp-7798,MgGeN2,Orthorhombic,Pna2_1,16,train
mp-1102254,Cs2GeSe3,Monoclinic,C2/m,12,train
mp-1018094,BaGaSnH,Trigonal,P3m1,4,train
mp-35267,Al5CuS8,Cubic,F-43m,14,train
mp-17912,Rb3SbSe3,Cubic,P2_13,28,train
mp-1079694,CsI,Orthorhombic,Cmcm,8,train
mp-28627,,,,7,train
mp-642844,BaH5BrO3,Tetragonal,P4/nmm,20,train
mp-13641,,,,10,train
mp-557401,Na6PbO5,Orthorhombic,Cmcm,24,train
mp-29145,H3N,Cubic,P2_13,16,train
mp-1112569,Cs2NaAlF6,Cubic,Fm-3m,10,train
mp-14398,CaSn(BO3)2,Trigonal,R-3,10,train
mp-1228384,Ba2PrNbO6,Cubic,Fm-3m,10,train
mp-778079,BaYF5,Tetragonal,P4/mmm,7,train
mp-616135,Cs5SiP3,Orthorhombic,Pnma,36,train
mp-866306,Ba(NdS2)2,Orthorhombic,Pnma,28,train
mp-9514,,,,5,train
mp-1020031,LiCaAlN2,Monoclinic,P2_1/c,20,train
mp-1245577,Ga2Sn3N4,Monoclinic,C2/c,18,train
mp-1001015,Y2ZnS4,Cubic,Fd-3m,14,train
mp-996943,,,,10,train
mp-23303,,,,2,train
mp-10246,,,,10,train
mp-1220924,NaPrTi2O6,Orthorhombic,Pmn2_1,20,train
mp-570472,CdI2,Trigonal,P3m1,15,train
mp-1205081,Ba3GaSe4Cl,Orthorhombic,Pnma,36,train
mp-37879,LiYSe2,Tetragonal,I4_1/amd,8,train
mp-541226,CsBrF6,Trigonal,R-3,8,train
mp-1008223,,,,2,train
mp-1223097,Li2HN,Orthorhombic,Imma,32,train
mp-1111070,Li3RhF6,Cubic,Fm-3m,10,train
mp-767430,Na3CdPCO7,Monoclinic,P2_1/m,26,train
mp-768292,Li2BiBO4,Orthorhombic,Pnma,32,train
mp-19075,K2SrV4O12,Tetragonal,P4/nbm,38,train
mp-27345,Na3BiO4,Monoclinic,P2/c,16,train
mp-1220885,NaTi3AlO8,Monoclinic,Cm,13,train
mp-1193673,Na3SbS3,Cubic,P2_13,28,train
mp-1101178,WN2,Monoclinic,C2/m,12,train
mp-18829,Sr2ZnMoO6,Cubic,Fm-3m,10,train
mp-9198,,,,9,train
mp-1032893,CaMg6ZnO8,Tetragonal,P4/mmm,16,train
mp-1521703,BaZr2SnO6,Tetragonal,P4/mmm,10,train
mp-1215593,ZnGeAsP,Orthorhombic,I2_12_12_1,8,train
mp-766168,Ti4SnO10,Triclinic,P-1,30,train
mp-676629,Sm2Th8O19,Tetragonal,P-4m2,29,train
mp-510283,CsGaSe3,Monoclinic,P2_1/c,20,train
mp-1227395,Ca(TmTe2)2,Monoclinic,P2/m,7,train
mp-556239,Cs5Nb2S4Br9,Orthorhombic,Immm,20,train
mp-23302,,,,2,train
mp-37473,TiOF2,Tetragonal,P4_2/mmc,8,train
mp-1246146,SiSnN2,Orthorhombic,Ima2,8,train
mp-559871,AlF3,Orthorhombic,Cmcm,24,train
mp-866883,Ca2SnS4,Orthorhombic,Pbca,28,train
mp-557110,Tb3BWO9,Hexagonal,P6_3,28,train
mp-1216588,TlInF6,Trigonal,R-3,8,train
mp-569059,HfI4,Monoclinic,C2/c,20,train
mp-1192639,K2BeF4,Orthorhombic,Pnma,28,train
mp-989638,,,,10,train
mp-1008395,C,Tetragonal,I4/mmm,4,train
mp-643655,LiAl2H6ClO6,Hexagonal,P6_3/mcm,32,train
mp-18288,Ti(SnO2)2,Tetragonal,P4_2/mbc,28,train
mp-754269,Nd3SbO7,Orthorhombic,Cmcm,22,train
mp-1227013,Cd2Sb6S11,Monoclinic,Pm,19,train
mp-28545,RbLiO,Orthorhombic,Pnma,12,train
mp-11739,KLaTe2,Trigonal,R-3m,4,train
mp-1217380,ThV2PbO8,Tetragonal,I-4m2,12,train
mp-4790,ThGeO4,Tetragonal,I4_1/amd,12,train
mp-1103434,SbRuS,Monoclinic,P2_1/c,12,train
mp-1079574,TePb,Cubic,Fm-3m,8,train
mp-754414,SrSm2O4,Orthorhombic,Pnma,28,train
mp-866658,H16RhN5(Cl2O)3,Trigonal,R32,31,train
mp-9755,,,,12,train
mp-997089,,,,4,train
mp-3416,Na3AlF6,Monoclinic,P2_1/c,20,train
mp-1191568,La3BeSbS7,Hexagonal,P6_3,24,train
mp-559934,LiZnPO4,Orthorhombic,Pna2_1,28,train
mp-1218200,SrNd2BeO5,Orthorhombic,Pna2_1,36,train
mp-15668,NaSe,Hexagonal,P6_3/mmc,8,train
mp-27979,LaI3,Orthorhombic,Cmcm,8,train
mp-1245474,Y2Mg3N4,Monoclinic,C2/c,18,train
mp-1227529,BaSrY4O8,Orthorhombic,Pmc2_1,28,train
mp-755013,Li5TaO5,Monoclinic,C2/m,11,train
mp-1105298,La2CuSbS5,Orthorhombic,Ima2,18,train
mp-30975,Na3BO3,Monoclinic,P2_1/c,28,train
mp-1193046,CsMgAs(H6O5)2,Cubic,F-43m,25,train
mp-989578,Rb2NaInF6,Cubic,Fm-3m,10,train
mp-684,BaS2,Monoclinic,C2/c,6,train
mp-1518993,SrCaNdSbO6,Tetragonal,P-4n2,20,train
mp-7475,La2S3,Orthorhombic,Pnma,20,train
mp-13610,ZnPbF6,Trigonal,R-3,8,train
mp-540795,Ba3SrTa2O9,Hexagonal,P6_3/mmc,30,train
mp-1113926,Rb2NaGaCl6,Cubic,Fm-3m,10,train
mp-1191476,Li2In2GeS6,Monoclinic,Cc,22,train
mp-27205,TlCl2,Tetragonal,I4_1/a,12,train
mp-1518242,NbGa(SnO3)2,Cubic,Fm-3m,10,train
mp-1520074,Ba2PrVO6,Cubic,Fm-3m,40,train
mp-861460,AcInTe2,Cubic,Fm-3m,4,train
mp-1189614,BaThO3,Orthorhombic,Pnma,20,train
mp-8727,Ba4PtO6,Trigonal,R-3c,22,train
mp-1223998,In(BiSe2)3,Trigonal,R3m,10,train
mp-9295,TaCu3Te4,Cubic,P-43m,8,train
mp-28267,Na7Al2Sb5,Monoclinic,P2_1/m,28,train
mp-775935,ZrO2,Monoclinic,C2/m,9,train
mp-866301,BaBSbS4,Orthorhombic,Pnma,28,train
mp-6686,,,,10,train
mp-1110671,K2RbSbF6,Cubic,Fm-3m,10,train
mp-11869,HfSnPd,Cubic,F-43m,3,train
mp-8724,K2TeO3,Trigonal,P-3,12,train
mp-2230737,MgTa4(CuO6)2,Monoclinic,P2/m,19,train
mp-1193604,Cs2BeCl4,Orthorhombic,Pnma,28,train
mp-5496,Al5C3N,Hexagonal,P6_3/mmc,18,train
mp-1110824,Rb2NdAgI6,Cubic,Fm-3m,10,train
mp-556004,Ba3In2Br2O5,Tetragonal,I4/mmm,12,train
mp-863017,RbZnH2Se2BrO6,Monoclinic,P2/c,26,train
mp-29775,Sr4PdO6,Trigonal,R-3c,22,train
mp-22430,BAsPbO5,Trigonal,P3_1,24,train
mp-1202829,Ba2GaBiTe5,Orthorhombic,Pnma,36,train
mp-1110670,K2RbYF6,Cubic,Fm-3m,10,train
mp-1225383,Dy2YTaO7,Orthorhombic,Cmcm,22,train
mp-1110871,K2CuBiCl6,Cubic,Fm-3m,10,train
mp-1179443,SiSe2,Orthorhombic,Ibam,6,train
mp-23474,AgBi3S5,Monoclinic,C2/m,18,train
mp-611517,Xe,Cubic,Fm-3m,1,train
mp-7688,Li2CdGeO4,Orthorhombic,Pmn2_1,16,train
mp-997036,CdAuO2,Triclinic,P-1,8,train
mp-1013588,Sr3SbP,Cubic,Pm-3m,5,train
mp-570130,AlH3,Orthorhombic,Pnnm,24,train
mp-555088,Nd4(SBr2)3,Monoclinic,C2/c,26,train
mp-1113281,Cs2AlInBr6,Cubic,Fm-3m,10,train
mp-39542,KRb2ZrOF5,Tetragonal,I4mm,10,train
mp-1110800,Rb2YAgCl6,Cubic,Fm-3m,10,train
mp-1044814,Mg(BiO2)2,Trigonal,P3m1,42,train
mp-675748,Zn2GeS4,Tetragonal,I-42m,7,train
mp-1209316,Rb2Ti(AgS2)2,Tetragonal,P4_2/mcm,18,train
mp-29062,ThZr2F12,Monoclinic,C2/m,30,train
mp-1394099,MoWO6,Monoclinic,P2_1/c,16,train
mp-7983,Mg2SiO4,Tetragonal,I4/mmm,7,train
mp-1227504,Bi2Se2S,Orthorhombic,Pnma,20,train
mp-975140,,,,8,train
mp-1032034,SrMg6ZnO8,Tetragonal,P4/mmm,16,train
mp-1220227,Nd4S4Cl2O,Orthorhombic,Cmc2_1,22,train
mp-28548,Li8GeO6,Hexagonal,P6_3cm,30,train
mp-866943,Ca2SnS4,Tetragonal,P4_122,28,train
mp-1025460,MgZrF6,Cubic,Fm-3m,8,train
mp-1337169,ZnSnO3,Orthorhombic,Pnma,20,train
mp-1198227,CsH5N2,Orthorhombic,Pnma,32,train
mp-1192840,KZn2CdB2O6F,Trigonal,P-31c,26,train
mp-7639,Na2CuP,Orthorhombic,Cmcm,8,train
mp-3281,Al5BO9,Orthorhombic,Cmc2_1,30,train
mp-1522650,SrCaZrSnO6,Cubic,F-43m,10,train
mp-675800,Li5TiP3,Monoclinic,C2/c,18,train
mp-23498,NbSeBr3,Monoclinic,P2/c,20,train
mp-754815,YBr3,Monoclinic,C2/m,8,train
mp-37873,Li3ErBr6,Monoclinic,C2/c,20,train
mp-20832,Zn(InTe2)2,Tetragonal,I-4,7,train
mp-1223818,K2NaCl3,Trigonal,P-3m1,6,train
mp-23436,Cs4PbBr6,Trigonal,R-3c,22,train
mp-3347346,NaLi3MgCl6,Trigonal,R-3m,11,train
mp-23155,Ar,Cubic,Fm-3m,1,train
mp-979286,Xe,Cubic,Fm-3m,1,train
mp-1094066,ScAgS2,Trigonal,R3m,4,train
mp-505743,GaBPbO4,Orthorhombic,Pnma,28,train
mp-1218750,Sr2NbInO6,Cubic,Fm-3m,10,train
mp-558118,BeF2,Hexagonal,P6_222,9,train
mp-675531,NaBiS2,Orthorhombic,Fdd2,8,train
mp-1106277,ErAl3(BO3)4,Trigonal,R32,20,train
mp-541522,Na2Ca(PO3)4,Tetragonal,P4/nbm,38,train
mp-12878,Sr2YSbO6,Monoclinic,P2_1/c,20,train
mp-638424,Sb2S2O9,Tetragonal,P4_12_12,52,train
mp-755556,Ba6ZrO8,Cubic,Fm-3m,15,train
mp-23097,K2Os(Cl2O)2,Tetragonal,I4/mmm,9,train
mp-19845,TiPbO3,Cubic,Pm-3m,5,train
mp-1200136,TiP2O7,Cubic,Pa-3,40,train
mp-1247501,Ca3Y2N4,Monoclinic,C2/c,18,train
mp-12180,NaS2,Tetragonal,I-42d,24,train
mp-29529,,,,6,train
mp-1006888,KYS2,Trigonal,R-3m,4,train
mp-998421,KCaCl3,Trigonal,R-3,10,train
mp-1518756,Ba2SrWO6,Cubic,Pn-3,40,train
mp-974381,Rh2S3,Trigonal,R-3c,10,train
mp-755643,Rb3InO3,Monoclinic,C2/m,14,train
mp-1110987,Cs2YAgF6,Cubic,Fm-3m,10,train
mp-1112337,Cs2ScTlF6,Cubic,Fm-3m,10,train
mp-1206736,Cs2KLaF6,Cubic,Fm-3m,10,train
mp-1111856,K3RhF6,Cubic,Fm-3m,10,train
mp-11520,,,,3,train
mp-5962,NaMgAs,Tetragonal,P4/nmm,6,train
mp-1106279,BiI3,Monoclinic,C2/m,16,train
mp-760400,Na5BiO5,Monoclinic,C2/m,11,train
mp-559695,,,,10,train
mp-1232130,Mg(ScS2)2,Orthorhombic,Pnma,28,train
mp-1227374,BaThF6,Hexagonal,P-6m2,8,train
mp-1519368,Ba2CeZrO6,Cubic,Pn-3,40,train
mp-753575,BaCaI4,Monoclinic,P2/m,6,train
mp-1224796,Ga2S3,Orthorhombic,Imm2,5,train
mp-1077814,Cs2S,Hexagonal,P6_3/mmc,6,train
mp-768469,TmGaO3,Hexagonal,P6_3cm,30,train
mp-36538,La2PbS4,Tetragonal,I-42d,14,train
mp-4930,TiAl2O5,Orthorhombic,Cmcm,16,train
mp-17090,SrTlPS4,Orthorhombic,Pnma,28,train
mp-1207485,Y2MgTiO6,Monoclinic,P2_1/c,20,train
mp-1113850,Rb3AsF6,Cubic,Fm-3m,10,train
mp-9307,Ba2ZnN2,Tetragonal,I4/mmm,5,train
mp-1110777,K2RbPrBr6,Cubic,Fm-3m,10,train
mp-8930,K2GeAs2,Orthorhombic,Ibam,10,train
mp-695929,Cs3B6H12S4Br,Hexagonal,P6_3mc,52,train
mp-23648,Li4Al3Si3ClO12,Cubic,P-43n,46,train
mp-1025549,Tl3VSe4,Cubic,I-43m,8,train
mp-6192,Ba2DySbO6,Cubic,Fm-3m,10,train
mp-961678,ScCoTe,Cubic,F-43m,3,train
mp-626864,U(HO2)2,Orthorhombic,Cmce,14,train
mp-23117,La3W(ClO2)3,Hexagonal,P6_3/m,26,train
mp-7439,,,,8,train
mp-2691,CdSe,Cubic,F-43m,2,train
mp-1194932,Sm2SeOF2,Hexagonal,P6_3/m,36,train
mp-1105302,SrP2,Monoclinic,P2_1/c,18,train
mp-978493,SiSnO3,Cubic,Pm-3m,5,train
mp-1227503,Ca(InS2)2,Orthorhombic,Imma,14,train
mp-3955,AlPO4,Trigonal,P3_221,18,train
mp-644271,LiHS,Orthorhombic,Ama2,6,train
mp-1072193,ErOF,Trigonal,R-3m,6,train
mp-983565,CuBSe2,Tetragonal,I-42d,8,train
mp-556362,BiSeClO3,Orthorhombic,Pnma,24,train
mp-1110577,Li3SbF6,Cubic,Fm-3m,10,train
mp-1222742,Li2MgSiO4,Orthorhombic,Pna2_1,32,train
mp-755789,Na2Be2O3,Monoclinic,P2_1/c,14,train
mp-7885,AlAgS2,Trigonal,P3m1,4,train
mp-1227670,Bi10Te2I4O17,Orthorhombic,Amm2,33,train
mp-17834,La2SiSeO4,Orthorhombic,Pbcm,32,train
mp-1408285,TiO2,Trigonal,R3m,12,train
mp-23861,,,,6,train
mp-985585,Li3ClO,Cubic,Pm-3m,5,train
mp-10096,Na3Sr3GaP4,Hexagonal,P6_3mc,22,train
mp-756354,SrSc2O4,Orthorhombic,Cmcm,14,train
mp-1206128,Th2N2O,Trigonal,P-3m1,5,train
mp-1519,,,,2,train
mp-1205338,Ca3(AlAs2)2,Monoclinic,C2/c,18,train
mp-571666,CsLi3Cl4,Orthorhombic,Cmcm,16,train
mp-707138,Ag2PHO4,Trigonal,P3_112,24,train
mp-30315,,,,7,train
mp-556717,Tl3Ga9S13O2,Hexagonal,P-6,27,train
mp-623854,NaNb3O8,Orthorhombic,Pmmn,24,train
mp-753816,Na6MgO4,Hexagonal,P6_3mc,22,train
mp-989634,CaTcN3,Monoclinic,C2/c,20,train
mp-22901,,,,2,train
mp-1232253,CeMgS3,Trigonal,R-3,10,train
mp-756922,Ho2SO2,Hexagonal,P6_3/mmc,10,train
mp-1220897,NaSrMg2F7,Orthorhombic,Imma,22,train
mp-571454,LiAgC2,Hexagonal,P-6m2,4,train
mp-568498,Sm2(CN2)3,Monoclinic,C2/m,11,train
mp-861914,Ba3Co(CN)3,Hexagonal,P6_3/m,20,train
mp-1096971,GaAgO2,Trigonal,R-3m,4,train
mp-1207695,TmSI,Hexagonal,P-6m2,3,train
mp-1193223,Ba(TbS2)2,Orthorhombic,Pnma,28,train
mp-560558,,,,10,train
mp-7148,,,,12,train
mp-9856,,,,12,train
mp-22598,In2O3,Cubic,Ia-3,40,train
mp-778924,ZnSeO4,Orthorhombic,Pnma,24,train
mp-1114160,Rb3GaI6,Cubic,Fm-3m,10,train
mp-20620,,,,10,train
mp-27373,SnClF,Orthorhombic,Pnma,12,train
mp-989541,Rb2NaSbF6,Cubic,Fm-3m,10,train
aaahhafm,K3ErV2O8,Trigonal,P-3m1,14,train
mp-1519011,BaNaPrWO6,Orthorhombic,Pnnn,40,train
mp-1112275,K2ScAgF6,Cubic,Fm-3m,10,train
mp-34322,Dy2Ti2O7,Cubic,Fd-3m,22,train
mp-555273,Ca3Ge(ClO2)2,Orthorhombic,Pnma,40,train
mp-977298,LiBeH3,Monoclinic,C2/c,20,train
mp-1110953,K3YI6,Cubic,Fm-3m,10,train
mp-767403,Li5SbS,Orthorhombic,Pnma,28,train
mp-1217650,Tb6Ge3Se14,Trigonal,P3,23,train
mp-10474,,,,8,train
mp-676227,Nd2Th2O7,Orthorhombic,Pmma,22,train
mp-17183,Na2BeSiO4,Monoclinic,P2_1/c,32,train
mp-4057,CsBF4,Orthorhombic,Pnma,24,train
mp-665,SnSe2,Trigonal,P-3m1,3,train
mp-1113081,Cs2LiScF6,Cubic,Fm-3m,10,train
mp-865185,,,,5,train
mp-27253,,,,10,train
mp-1188581,Si5(H2Cl)4,Tetragonal,I-4,17,train
mp-550759,RbClO4,Cubic,F-43m,6,train
mp-29342,,,,7,train
mp-1523223,SrCaSmSbO6,Cubic,F-43m,10,train
mp-1111099,Li2CoAgF6,Cubic,Fm-3m,10,train
mp-1100346,Ca2Sn3S8,Trigonal,R-3m,13,train
mp-9008,RbTeAu,Orthorhombic,Pmma,6,train
mp-8789,,,,7,train
mp-17715,SrTa2O6,Orthorhombic,Pnma,36,train
mp-4961,,,,5,train
mp-8979,TaInO4,Monoclinic,P2/c,12,train
mp-768483,Lu3Sb5O12,Cubic,I-43m,40,train
mp-1179062,Ta2O5,Monoclinic,C2/m,7,train
mp-1213369,CsTb(NbBr3)6,Trigonal,P-31c,52,train
mp-1178804,VCu3HgSe4,Cubic,P-43m,9,train
mp-1223401,KNb4AsO13,Orthorhombic,Cmc2_1,38,train
mp-1522016,Sr2DyBiO6,Cubic,Fm-3m,10,train
mp-560665,LaPb6BrO7,Orthorhombic,Cmcm,30,train
mp-1188262,TbScS3,Orthorhombic,Pnma,20,train
mp-10488,Cs2Ti(AgS2)2,Tetragonal,P4_2/mcm,18,train
mp-12427,Sr2TaGaO6,Tetragonal,I4/m,10,train
mp-14026,Ca2Ta2O7,Cubic,Fd-3m,22,train
mp-1211730,K2SmBr5,Orthorhombic,Pnma,32,train
mp-27231,Li2TeO3,Monoclinic,C2/c,24,train
mp-7438,KZnSb,Hexagonal,P6_3/mmc,6,train
mp-1225096,Ga(MoS2)3,Orthorhombic,Imm2,40,train
mp-23364,CsLiCl2,Tetragonal,P4/nmm,8,train
mp-754531,Al2O3,Monoclinic,P2_1/c,20,train
mp-1517877,SrZnSnWO6,Cubic,F-43m,10,train
mp-5489,LuTaO4,Monoclinic,P2/c,12,train
mp-756088,SrTaNO2,Monoclinic,Pc,20,train
mp-760418,Ba2SrI6,Hexagonal,P-62m,9,train
mp-8062,SiC,Cubic,F-43m,2,train
mp-1227371,BaSrLaBiO6,Cubic,F-43m,10,train
mp-2525045,Zr2N2O,Monoclinic,P2_1/m,10,train
mp-1190698,KBaSbSe3,Monoclinic,P2_1/c,24,train
mp-989583,,,,10,train
mp-7077,,,,6,train
mp-754359,Y6TeO12,Trigonal,R-3,19,train
mp-1520387,BaSrTbSbO6,Orthorhombic,P222,40,train
mp-1112534,Cs2NaScBr6,Cubic,Fm-3m,10,train
mp-1213704,Cs3LiPb4,Orthorhombic,Cmcm,16,train
mp-972937,,,,8,train
mp-541451,Ga2(SO4)3,Trigonal,R-3,34,train
mp-10080,PrGeBO5,Trigonal,P3_1,24,train
mp-8017,,,,8,train
mp-9793,Ba3BAsO3,Hexagonal,P6_3/mmc,16,train
mp-9437,NbFeSb,Cubic,F-43m,3,train
mp-769218,Ni(PS3)2,Monoclinic,C2,9,train
mp-559123,YSiNO2,Orthorhombic,Cmcm,30,train
mp-717,B2O3,Orthorhombic,Cmc2_1,10,train
mp-3200,Lu2Ti2O7,Cubic,Fd-3m,22,train
mp-16855,K3Ta3Si2O13,Hexagonal,P-62m,42,train
mp-29754,,,,6,train
mp-1041489,Ca(BiO2)2,Orthorhombic,Pbcm,28,train
mp-1110783,K2RbBiI6,Cubic,Fm-3m,10,train
mp-756344,Li4ZrO4,Orthorhombic,Cmcm,18,train
mp-1079603,BaCdPF,Tetragonal,P4/nmm,8,train
mp-9127,,,,9,train
mp-560586,RbTi2(PO4)3,Trigonal,R-3c,36,train
mp-1246427,Ca3Sc2N4,Orthorhombic,Pnna,36,train
mp-1519713,KSrPrWO6,Tetragonal,P4_2/nnm,40,train
mp-558862,NaGe4(PO4)3,Trigonal,R3c,40,train
mp-1229020,Al8Zn3CdS16,Trigonal,R3m,28,train
mp-1113916,Rb3TlF6,Cubic,Fm-3m,10,train
mp-766217,Sr4Cu2O7,Monoclinic,P2_1/c,26,train
mp-1105940,Ba(InP)2,Monoclinic,P2_1/m,20,train
mp-630851,Cs3NaPb4,Orthorhombic,Cmcm,16,train
mp-1181926,CaH2,Orthorhombic,Pnma,12,train
mp-1210094,NaAs4IO6,Hexagonal,P6/mmm,12,train
mp-554063,SmSeClO3,Orthorhombic,Pnma,24,train
mp-975275,RbNa2Sb,Cubic,Fm-3m,4,train
mp-999129,KTbS2,Trigonal,R-3m,4,train
mp-1114075,Rb2AlInBr6,Cubic,Fm-3m,10,train
mp-755219,ScTlO2,Trigonal,R-3m,4,train
mp-15786,KHoS2,Trigonal,R-3m,4,train
mp-8873,LiGeBO4,Tetragonal,I-4,7,train
mp-997024,CsAuO2,Orthorhombic,Cmcm,8,train
mp-1111242,K2LiTlBr6,Cubic,Fm-3m,10,train
mp-567431,ThCl4,Tetragonal,I4_1/a,10,train
mp-753459,Nb3O7F,Orthorhombic,Cmmm,11,train
mp-24338,Sr5As3H,Hexagonal,P6_3/mcm,18,train
mp-1520957,Ba2NdVO6,Cubic,Fm-3m,40,train
mp-8956,Ho2S3,Orthorhombic,Pnma,20,train
mp-1111079,K3ScF6,Cubic,Fm-3m,10,train
mp-1214864,Al2Ga2Bi2O9,Orthorhombic,Pbam,30,train
mp-1223356,La3Mg2NbO9,Orthorhombic,Immm,30,train
mp-1211326,KSmTiO4,Orthorhombic,Pbcm,28,train
mp-997086,,,,8,train
mp-1232331,Pm2MgS4,Orthorhombic,Pnma,28,train
mp-1520716,BaSrLaBiO6,Tetragonal,P4_2/nnm,40,train
mp-8857,,,,10,train
mp-8774,Rb3CO3F,Trigonal,R-3c,16,train
mp-1210623,MgGaBO4,Orthorhombic,Pnma,28,train
mp-1227235,CaCdS2,Trigonal,R-3m,4,train
mp-22904,,,,6,train
mp-558347,K4Ba(SiO3)3,Orthorhombic,Ama2,34,train
mp-40286,NaLiLa2Ti4O12,Tetragonal,P4/mmm,20,train
mp-1041794,Mg(SnO2)2,Orthorhombic,Pmmn,28,train
mp-30548,TlBF4,Orthorhombic,Pnma,24,train
mp-1224121,HfZrS6,Monoclinic,Pm,8,train
mp-28471,Li3AsS3,Orthorhombic,Pna2_1,28,train
mp-558317,KNaPrNbO5,Tetragonal,P4/nmm,18,train
mp-1206466,SbPbBrO2,Orthorhombic,Cmcm,10,train
mp-754198,Ba(LaI4)2,Monoclinic,C2/m,11,train
mp-3970,K2TiF6,Trigonal,P-3m1,9,train
mp-32891,Y2S3,Tetragonal,I-42d,40,train
mp-1214567,Ba3Sr2As3ClO12,Hexagonal,P6_3/m,42,train
mp-768450,Tm3Sb5O12,Cubic,I-43m,40,train
mp-13055,,,,10,train
mp-696969,Sr(H2N)2,Tetragonal,I4_1/amd,14,train
mp-1102536,AlCuBr4,Tetragonal,P-42c,12,train
mp-554610,PrZr2F11,Orthorhombic,Ibam,28,train
mp-1260244,Al2Sn2O7,Cubic,Fd-3m,22,train
mp-1226036,CoAsSe,Cubic,P2_13,12,train
mp-628643,CuAsPbS3,Orthorhombic,Pmn2_1,24,train
mp-972032,Tl(IO3)3,Trigonal,R-3,26,train
mp-1209072,SbSeBr,Orthorhombic,Pnma,12,train
mp-674993,KPb2Cl5,Orthorhombic,Pna2_1,32,train
mp-755144,NaLiO,Hexagonal,P6_3/mmc,6,train
mp-1222289,LiTb(WO4)2,Tetragonal,I-4,12,train
mp-1112002,Cs2TlGaCl6,Cubic,Fm-3m,10,train
mp-28439,KSc2F7,Orthorhombic,Cmmm,10,train
mp-540839,CsPbI3,Orthorhombic,Pnma,20,train
mp-999490,NaDyS2,Trigonal,R-3m,4,train
mp-2552,TeO3,Trigonal,R-3c,8,train
mp-1111502,K3AlCl6,Cubic,Fm-3m,10,train
mp-23720,BeAlH5,Monoclinic,C2/c,14,train
mp-1223894,K5BaTaP4,Monoclinic,Cc,22,train
mp-1111991,K2TbCuCl6,Cubic,Fm-3m,10,train
mp-14038,Rb2NaRhF6,Cubic,Fm-3m,10,train
mp-1105198,Rb2PaF7,Monoclinic,C2/c,20,train
mp-756479,Lu6WO12,Trigonal,R-3,19,train
mp-556532,CaAlB3O7,Orthorhombic,Cmme,24,train
mp-7863,,,,7,train
mp-13743,K3GaO3,Monoclinic,C2/m,14,train
mp-1071319,ZnTe,Hexagonal,P6_422,6,train
mp-1111704,Na3InBr6,Cubic,Fm-3m,10,train
mp-1034491,SrMg14CdO16,Tetragonal,P4/mmm,32,train
mp-22163,NaSn2(PO4)3,Trigonal,R-3c,36,train
mp-1518355,Ba2NdBiO6,Cubic,Pn-3,40,train
mp-1209088,RbYBeF6,Monoclinic,P2_1/m,18,train
mp-755537,Y2HfO5,Orthorhombic,Cmcm,16,train
mp-1223869,K4NaCl5,Monoclinic,C2/m,10,train
mp-1114159,Rb3AsI6,Cubic,Fm-3m,10,train
mp-1224786,GaSbO4,Orthorhombic,Cmmm,6,train
mp-1226805,Ce3SnO8,Tetragonal,P4/mmm,12,train
mp-1110693,Rb3InCl6,Cubic,Fm-3m,10,train
mp-1113138,Cs2ScInF6,Cubic,Fm-3m,10,train
mp-28403,Ba2WO5,Orthorhombic,Pnma,32,train
mp-29365,Li5BiO5,Monoclinic,C2/m,11,train
mp-999474,NaHoSe2,Trigonal,R-3m,4,train
mp-1113741,Na2LiSmCl6,Cubic,Fm-3m,10,train
mp-560690,Sm2(MoO4)3,Monoclinic,C2/c,34,train
mp-1479,,,,2,train
mp-542903,ZrPbO3,Orthorhombic,Pbam,40,train
mp-1020057,LiLaO2,Monoclinic,P2_1/c,16,train
mp-5836,ThSiO4,Tetragonal,I4_1/amd,12,train
mp-3228,HgSO4,Orthorhombic,Pmn2_1,12,train
mp-1016879,CdSiO3,Cubic,Pm-3m,5,train
mp-1018100,AlSb,Hexagonal,P6_3mc,4,train
mp-755441,SrTaNO2,Orthorhombic,Ama2,20,train
mp-863759,,,,4,train
mp-755287,Ca3CdO4,Orthorhombic,Cmmm,8,train
mp-1209746,Pr3Se3N,Orthorhombic,Pnma,28,train
mp-998433,CsSrBr3,Orthorhombic,Cmcm,10,train
mp-770125,BaLaCl5,Orthorhombic,Pnma,28,train
mp-27971,AcCl3,Hexagonal,P6_3/m,8,train
mp-1114108,Rb3BiBr6,Cubic,Fm-3m,10,train
mp-753619,BaSrO2,Tetragonal,P4/mmm,4,train
mp-1009009,,,,2,train
mp-1095339,DyNbO4,Tetragonal,I4_1/a,12,train
mp-13356,,,,10,train
mp-978489,SiPbO3,Cubic,Pm-3m,5,train
mp-1208676,SrBrCl,Orthorhombic,Pnma,12,train
mp-4165,TaNO,Monoclinic,P2_1/c,12,train
mp-1386640,TiO2,Orthorhombic,Cmcm,12,train
mp-1113137,Cs2KAsF6,Cubic,Fm-3m,10,train
mp-11902,Ba2GeSe4,Monoclinic,P2_1/m,14,train
mp-1218278,SrIBr,Orthorhombic,Pnma,12,train
mp-1033703,LiYMg6O8,Tetragonal,P4/mmm,16,train
mp-1110728,Rb3SbCl6,Cubic,Fm-3m,10,train
mp-640917,SiO2,Trigonal,P3_221,9,train
mp-25433,TiO2,Trigonal,R-3m,3,train
mp-1216099,Y3Sn4BiO14,Trigonal,R-3m,22,train
mp-1191378,Tb3SbO7,Orthorhombic,Cmcm,22,train
mp-1147664,K2Zn3S4,Orthorhombic,Ibam,18,train
mp-561222,K2HgBr2(NO6)2,Orthorhombic,Pnnm,38,train
mp-22323,In2O3,Trigonal,R-3c,10,train
mp-1227747,Ca10P6SO24,Trigonal,P-3,41,train
mp-409,NaS,Hexagonal,P-62m,12,train
mp-12958,BaSiO3,Trigonal,R-3m,15,train
mp-770688,Li4CrO5,Monoclinic,C2/c,20,train
mp-1110659,Rb2CuSbF6,Cubic,Fm-3m,10,train
mp-766352,BaCa2I6,Orthorhombic,Pbcn,36,train
mp-13178,AlN,Hexagonal,P6_3/mmc,4,train
mp-13033,,,,2,train
mp-9497,Pr2C(NO)2,Trigonal,P-3m1,7,train
mp-1189886,H4C2NO2,Monoclinic,C2/m,18,train
mp-6449,CdCu2SiS4,Orthorhombic,Pmn2_1,16,train
mp-3236,Pr2SO2,Trigonal,P-3m1,5,train
mp-27400,RbCdBr3,Orthorhombic,Pnma,20,train
mp-555199,TlHgAsS3,Orthorhombic,Cmce,24,train
mp-1103510,Al2HgSe4,Cubic,Fd-3m,14,train
mp-557857,SrLi2Nb2O7,Orthorhombic,Cmcm,24,train
mp-756898,TmTaO4,Monoclinic,P2_1/c,24,train
mp-560545,Na2Ca(AsO3)4,Tetragonal,P4/nbm,38,train
mp-1211257,KTl(SO4)2,Trigonal,R32,12,train
mp-1221267,Na2TiTeO6,Trigonal,R3,10,train
mp-1207116,Sr2PrTaO6,Cubic,Fm-3m,10,train
mp-641534,Nd3CuSiSe7,Hexagonal,P6_3,24,train
mp-1035292,Mg14CuBiO16,Tetragonal,P4/mmm,32,train
mp-1217833,TaTl6VS8,Cubic,P-43m,16,train
mp-2693,SnSe,Cubic,Fm-3m,2,train
mp-7954,Nd2O3,Hexagonal,P6/mmm,5,train
mp-9562,,,,6,train
mp-1224376,Ge2SeS,Orthorhombic,Pmc2_1,8,train
mp-16992,NaAg3S2,Cubic,Fd-3m,24,train
mp-1218851,Sr2CaTi3O9,Tetragonal,P4/mmm,15,train
mp-16220,Si,Cubic,Fd-3m,34,train
mp-8883,GaAs,Hexagonal,P6_3mc,4,train
mp-8861,,,,7,train
mp-8755,KNaTe,Orthorhombic,Pnma,12,train
mp-1105247,Sr2CaWO6,Monoclinic,P2_1/c,20,train
mp-673301,La(HO)3,Hexagonal,P6_3/m,14,train
mp-753001,CoAgO2,Trigonal,R-3m,4,train
mp-863748,TbBS3,Orthorhombic,Pna2_1,20,train
mp-8179,LiTlO2,Tetragonal,I4_1/amd,8,train
mp-1209095,RbY(MoO4)2,Monoclinic,C2/c,24,train
mp-22170,Li4PbO4,Orthorhombic,Cmcm,18,train
mp-1545805,SrO2,Orthorhombic,Immm,12,train
mp-1521946,KSmSnWO6,Tetragonal,P4_2/mmc,20,train
mp-1209439,Rb8Ta6O19,Tetragonal,I4/m,33,train
mp-1324916,Ti2Zn3O7,Orthorhombic,Cmc2_1,24,train
mp-782050,Ba4PdO6,Trigonal,R-3c,22,train
mp-1110849,K2PrAgF6,Cubic,Fm-3m,10,train
mp-1232072,Sm2MgSe4,Cubic,Fd-3m,14,train
mp-1209807,Pr2(MoO4)3,Tetragonal,P-42_1m,34,train
mp-675104,,,,10,train
mp-1222338,LiTiAlO4,Orthorhombic,Imma,14,train
mp-37207,Li5GaO4,Tetragonal,P4_22_12,20,train
mp-570959,Dy2CdSe4,Cubic,Fd-3m,14,train
mp-760,FeSe2,Orthorhombic,Pnnm,6,train
mp-582259,Li7VN4,Tetragonal,P4_2/nmc,24,train
mp-570370,SnPSe3,Monoclinic,P2_1/c,20,train
mp-16961,Na6Si2Se7,Monoclinic,C2/c,30,train
mp-648,,,,3,train
mp-989547,Rb2NaInCl6,Cubic,Fm-3m,10,train
mp-557410,NdTe2BrO5,Tetragonal,I4/mmm,18,train
mp-1112896,Cs2AlInI6,Cubic,Fm-3m,10,train
mp-8127,K2Mg(CO3)2,Trigonal,R-3m,11,train
mp-7060,,,,8,train
mp-1215445,ZnGaAsSe,Trigonal,R3m,4,train
mp-555027,CdGe(BiO3)2,Orthorhombic,Pbcn,40,train
mp-20878,PbO,Orthorhombic,Pbcm,8,train
mp-9778,K2AgP,Orthorhombic,Cmcm,8,train
mp-644852,BaCa(CO3)2,Monoclinic,P2_1/m,20,train
mp-676361,Li3ErCl6,Trigonal,P321,30,train
mp-1112124,Cs2RbPrCl6,Cubic,Fm-3m,10,train
mp-5328,CdPS3,Monoclinic,C2/m,10,train
mp-861937,Ba2AsAu,Cubic,Fm-3m,4,train
mp-2490,GaP,Cubic,F-43m,2,train
mp-1097000,InAgS2,Trigonal,R3m,4,train
mp-754157,AlInO3,Hexagonal,P6_3/mmc,10,train
mp-674328,Zn(InS2)2,Monoclinic,P2/m,14,train
mp-1104860,Al2ZnSe4,Cubic,Fd-3m,14,train
mp-7937,NaNbS2,Hexagonal,P6_3/mmc,8,train
mp-625374,H6N2O,Trigonal,P3_121,27,train
mp-1031514,LiMg6AlO8,Tetragonal,P4/mmm,16,train
mp-1111727,Rb2LaAgCl6,Cubic,Fm-3m,10,train
mp-770959,Ba3GeO5,Trigonal,R3m,27,train
mp-1106356,AlH3,Cubic,Fd-3m,16,train
mp-1521935,BaNaCeNbO6,Cubic,F-43m,10,train
mp-1223997,K4BaU3O12,Trigonal,R-3m,20,train
mp-1521791,BaZr2SnO6,Cubic,Pm-3m,40,train
mp-1518516,BaSrBiSbO6,Cubic,F-43m,10,train
mp-556296,BaS3,Orthorhombic,P2_12_12,16,train
mp-632319,CsH,Cubic,Pm-3m,2,train
mp-14623,K5CuAs2,Hexagonal,P6_3/mmc,16,train
mp-31250,BiBO3,Monoclinic,P2_1/c,20,train
mp-1224856,Ga2Ag2SeS3,Monoclinic,C2,8,train
mp-1186,ZrS2,Trigonal,P-3m1,3,train
mp-556767,ClF3,Orthorhombic,Pnma,16,train
mp-1227603,Ca5As3HO13,Hexagonal,P6_3,44,train
mp-1086652,BaAgSF,Tetragonal,P4/nmm,8,train
mp-977351,Ac2S3,Trigonal,R-3c,10,train
mp-28830,Na2ZnBr4,Orthorhombic,Pnma,28,train
mp-760762,NbOF3,Orthorhombic,P2_12_12_1,20,train
mp-1208326,TbGa3(BO3)4,Trigonal,R32,20,train
mp-224,WS2,Hexagonal,P6_3/mmc,6,train
mp-29027,TaI2O,Monoclinic,C2/m,8,train
mp-754629,WN2,Hexagonal,P6_422,9,train
mp-28602,Na3ClO,Cubic,Pm-3m,5,train
mp-1216649,TiSnO4,Orthorhombic,Cmmm,6,train
mp-23659,Na4Ga3Si3BrO12,Cubic,P-43n,46,train
mp-27522,K2Zr2O5,Orthorhombic,Pnna,36,train
mp-1192835,ZrH6(OF3)2,Monoclinic,C2/c,30,train
mp-1232249,Ho2MgS4,Orthorhombic,Pnma,28,train
mp-24093,CuH,Hexagonal,P6_3mc,4,train
mp-771951,Ba3La2Br12,Tetragonal,P4/mbm,34,train
mp-1520976,KPrMgWO6,Cubic,F-43m,10,train
mp-4929,KBF4,Orthorhombic,Pnma,24,train
mp-1068813,K2Te2Pd,Orthorhombic,Immm,5,train
mp-8098,,,,10,train
mp-569413,K2Sr(NbCl3)6,Trigonal,R-3,27,train
mp-5472,Nb2Cd2O7,Cubic,Fd-3m,22,train
mp-5986,BaTiO3,Tetragonal,P4mm,5,train
mp-23643,Cd5P3ClO12,Hexagonal,P6_3/m,42,train
mp-1110805,Rb2PrAgCl6,Cubic,Fm-3m,10,train
mp-1214081,Ca2ScTaO6,Monoclinic,P2_1/c,20,train
mp-755883,NaDyO2,Tetragonal,I4_1/amd,8,train
mp-1178124,La3ScO6,Orthorhombic,Cmc2_1,20,train
mp-999137,SmTlSe2,Trigonal,R-3m,4,train
mp-1190900,BaZn2Si2O7,Orthorhombic,Cmcm,24,train
mp-1819,SbO2,Monoclinic,C2/c,12,train
mp-996998,HAuO2,Monoclinic,C2/c,8,train
mp-1102744,ZnO2,Orthorhombic,Pnma,12,train
mp-567744,SrBr2,Orthorhombic,Pnma,12,train
mp-1035669,KMg14SbO16,Tetragonal,P4/mmm,32,train
mp-8161,,,,12,train
mp-685146,CdTe,Hexagonal,P6_3mc,4,train
mp-557293,Li2CdSiO4,Orthorhombic,Pnma,32,train
mp-1101653,NaDyO2,Trigonal,R-3m,4,train
mp-1192660,AgH2CS2N,Tetragonal,I-42d,28,train
mp-554034,KLa2NbO6,Monoclinic,C2/m,20,train
mp-9575,LiBeSb,Hexagonal,P6_3mc,6,train
mp-1367618,Mg2TaBiO6,Monoclinic,P2_1/m,20,train
mp-2231577,Pr2MgTi4O12,Monoclinic,Pm,19,train
mp-9028,PrBN2,Trigonal,R-3c,24,train
mp-560188,Ba4NaAuO8,Tetragonal,I4/mmm,14,train
mp-29312,InI2,Orthorhombic,Pnna,24,train
mp-1014251,HfZnN2,Trigonal,P3m1,4,train
mp-555941,AlPO4,Trigonal,R-3,36,train
mp-1223847,K2PdBrCl3,Orthorhombic,Amm2,7,train
mp-29567,CuSe2Br,Monoclinic,P2_1/c,16,train
mp-14100,Cd(RhO2)2,Cubic,Fd-3m,14,train
mp-1214518,Ba3Sr3(BiN)2,Hexagonal,P6_3/mmc,20,train
mp-6244,HoCuPbSe3,Orthorhombic,Pnma,24,train
mp-4497,,,,10,train
mp-1219501,RuSeS,Cubic,P2_13,12,train
mp-1516868,KLaYNbO6,Cubic,F-43m,10,train
mp-551830,SrTiO3,Tetragonal,I4/mcm,10,train
mp-6215,AgHgAsS3,Monoclinic,Cc,12,train
mp-1187189,TaAgO3,Cubic,Pm-3m,5,train
mp-684833,Na8Al6Si6O25,Cubic,P23,45,train
mp-2739,TeO2,Tetragonal,P4_32_12,12,train
mp-569442,RbAuCl4,Monoclinic,C2/c,12,train
mp-1224,HgO,Orthorhombic,Pnma,8,train
mp-1519208,KSrNdWO6,Cubic,F-43m,10,train
mp-541996,Pr2SiTeO4,Monoclinic,P2_1/c,32,train
mp-22981,TlIO3,Trigonal,R3m,5,train
mp-1195317,Ba3B3Pb2ClO9,Orthorhombic,C222_1,36,train
mp-756214,YAlO3,Trigonal,R-3c,10,train
mp-1110944,K2PrCuI6,Cubic,Fm-3m,10,train
mp-1253097,Ca2AlSbO5,Monoclinic,Cc,18,train
mp-1114106,Rb3InBr6,Cubic,Fm-3m,10,train
mp-1206551,Ge2Bi2Te5,Trigonal,P-3m1,9,train
mp-14591,LiSbS2,Trigonal,R-3,24,train
mp-7569,KAsF6,Trigonal,R-3m,8,train
mp-989547,,,,10,train
mp-1205862,RbSrI3,Orthorhombic,Cmcm,10,train
mp-1179724,RbLi2(H2N)3,Orthorhombic,Cmcm,24,train
mp-1221167,Na4ZnCd(SiO3)4,Monoclinic,C2,22,train
mp-1224517,Hf3TePb4O13,Trigonal,R3m,21,train
mp-754429,CaTm2O4,Orthorhombic,Cmcm,14,train
mp-554346,KSr4(BO3)3,Orthorhombic,Ama2,34,train
mp-976148,K2RbSb,Cubic,Fm-3m,4,train
mp-1220868,NaAlSiO4,Trigonal,R3c,42,train
mp-1522866,BaCaPrBiO6,Orthorhombic,P222,40,train
mp-22851,NaCl,Cubic,Pm-3m,2,train
mp-3123,PPdSe,Orthorhombic,Pbcn,24,train
mp-8673,Li2SnTeO6,Orthorhombic,Pnn2,20,train
mp-6856,Be3Zn4Si3SO12,Cubic,P-43n,46,train
mp-1518749,Ca2LaSbO6,Tetragonal,P4/mnc,20,train
mp-1046883,Mg(BiO2)2,Cubic,Fd-3m,14,train
mp-1080313,CeSe2,Trigonal,R-3m,6,train
mp-1189056,MgCu2GeS4,Orthorhombic,Pmn2_1,16,train
mp-1228699,Al4InCuS8,Trigonal,R3m,14,train
mp-1110955,K3PrI6,Cubic,Fm-3m,10,train
mp-559355,Hg3AsS4Cl,Hexagonal,P6_3mc,18,train
mp-1214503,Ba3ZrF10,Orthorhombic,Cmcm,28,train
mp-17315,Zr3Tl2OF12,Trigonal,R-3m,36,train
mp-1045682,SbO2,Orthorhombic,Imma,12,train
mp-1518254,BaSrSmBiO6,Cubic,F-43m,10,train
mp-20244,ZrPbS3,Orthorhombic,Pnma,20,train
mp-1246847,Na3AlN2,Cubic,Ia-3,48,train
mp-14338,Cs2Pt3Se4,Orthorhombic,Fmmm,9,train
mp-754667,BaSr2I6,Monoclinic,C2/c,18,train
mp-643439,BaMg2H8Os,Tetragonal,P4_2/mmc,24,train
mp-755340,Tb2SeO2,Trigonal,P-3m1,5,train
mp-570756,Cs3Li2Cl5,Orthorhombic,Imm2,10,train
mp-610517,Ag2S,Orthorhombic,Cmcm,12,train
mp-14444,Hf(PS3)2,Orthorhombic,Fdd2,18,train
mp-1221329,Na2Nd2PtO6,Monoclinic,C2,22,train
mp-15999,Li3AuS2,Orthorhombic,Ibam,12,train
mp-1228038,Ba4Zr3TiO12,Tetragonal,P4/mmm,20,train
mp-13866,SbO2,Cubic,Fd-3m,24,train
mp-571414,KNa(BH4)2,Trigonal,P3m1,12,train
mp-17685,Li3GaGeO5,Orthorhombic,Pna2_1,40,train
mp-1199023,Dy2ZrS5,Orthorhombic,Pnma,32,train
mp-1225301,DyAgTe2,Trigonal,P3m1,4,train
mp-16137,K4CaU3O12,Cubic,Im-3m,20,train
mp-6062,YAl3(BO3)4,Trigonal,R32,20,train
mp-18006,Rb2Cu2SnS4,Orthorhombic,Ibam,18,train
mp-756742,Lu3AlO6,Trigonal,R-3,20,train
mp-18612,Rb2MoS4,Orthorhombic,Pnma,28,train
mp-28453,CsAuI3,Tetragonal,I4/mmm,10,train
mp-1210431,Na2MgGeO4,Monoclinic,Pc,16,train
mp-20944,Sr2PbO4,Orthorhombic,Pbam,14,train
mp-1228129,Ba4InSbO8,Orthorhombic,Cmmm,14,train
mp-2176,ZnTe,Cubic,F-43m,6,train
mp-1112065,K2ScAuCl6,Cubic,Fm-3m,10,train
mp-540796,Cs2Sn2O3,Orthorhombic,Pnma,28,train
mp-2136,Sb2O3,Orthorhombic,Pccn,20,train
mp-7604,,,,7,train
mp-555736,BaHg2(ClO)2,Tetragonal,P4/mbm,28,train
mp-1111144,K2RbGaF6,Cubic,Fm-3m,10,train
mp-1102075,TbH2ClO2,Monoclinic,P2_1/m,12,train
mp-1112838,Cs2LiBiI6,Cubic,Fm-3m,10,train
mp-1220912,NaPrS2,Trigonal,R-3m,4,train
mp-11008,BaPSe3,Monoclinic,P2_1/c,20,train
mp-568916,K6InTe4Cl,Hexagonal,P6_3mc,24,train
mp-1189018,Na5Hf2F13,Monoclinic,C2/m,20,train
mp-1030655,NaMg6GaO8,Tetragonal,P4/mmm,16,train
mp-861873,TaTlO3,Cubic,Pm-3m,5,train
mp-1105961,ThTaN3,Orthorhombic,Pnma,20,train
mp-1193207,Ho2ZnS4,Orthorhombic,Pnma,28,train
mp-4519,KPrO2,Trigonal,R-3m,4,train
mp-17009,Ba3Te2O9,Hexagonal,P6_3/mmc,28,train
aaahbldi,Cs2ErAgCl6,Cubic,Fm-3m,10,train
mp-7938,KNbS2,Hexagonal,P6_3/mmc,8,train
mp-1114627,Rb3LaCl6,Cubic,Fm-3m,10,train
mp-1095595,SbSI,Orthorhombic,Pnma,12,train
mp-37859,Sr(PrSe2)2,Tetragonal,I-42d,14,train
mp-569943,K2AgI3,Orthorhombic,Pnma,24,train
mp-14396,Mg3(PO4)2,Monoclinic,P2_1/c,26,train
mp-31292,Rb2PdSe16,Tetragonal,P-4b2,38,train
mp-2542,BeO,Hexagonal,P6_3mc,4,train
mp-559571,ZrB2O5,Monoclinic,P2_1/c,32,train
mp-1402005,Ca(CoO2)2,Cubic,Fd-3m,14,train
mp-510633,Pb2CBr2O3,Tetragonal,P4/mbm,32,train
mp-510128,U(HO2)2,Orthorhombic,Pbca,28,train
mp-758272,Zr4N2O5,Tetragonal,I4cm,44,train
mp-9064,RbTe,Hexagonal,P-62m,12,train
mp-1113057,Cs2KAlI6,Cubic,Fm-3m,10,train
mp-23493,Ce(IO3)4,Tetragonal,P4_2/n,34,train
mp-862718,SrSn(PO4)2,Monoclinic,C2/c,24,train
mp-552934,Ba2CuBrO2,Trigonal,R-3m,6,train
mp-1521056,Sr2SmSbO6,Cubic,Fm-3m,10,train
mp-1225859,CsTi2(OF)3,Orthorhombic,F222,18,train
mp-1094013,Zn(GaS2)2,Orthorhombic,Pnma,28,train
mp-1022,K2S,Cubic,Fm-3m,3,train
mp-768369,Ba2YF7,Orthorhombic,Pnma,40,train
mp-1209187,RbSc(SO4)2,Trigonal,P-3m1,12,train
mp-756400,NdBiO4,Monoclinic,C2/c,12,train
mp-752672,NaDyO2,Monoclinic,C2/c,16,train
mp-31358,RbBO2,Trigonal,R-3c,24,train
mp-13384,ErAg(PSe3)2,Trigonal,P-31c,20,train
mp-696582,BaSO2,Orthorhombic,Pnma,16,train
mp-1183441,BeTe,Hexagonal,P6_3mc,4,train
mp-10918,Rb2PdC2,Trigonal,P-3m1,5,train
mp-1228553,Ba2NaSr2(SbO4)3,Orthorhombic,Cmce,40,train
mp-559373,Ge4PbO9,Monoclinic,C2,14,train
mp-31415,La3TaO7,Orthorhombic,Cmcm,22,train
mp-1522688,KZrInWO6,Cubic,F-43m,10,train
mp-7844,Mg3As2,Cubic,Pn-3m,10,train
mp-555528,Ca2Th(Si2O5)4,Tetragonal,I422,31,train
mp-1209114,RbTm(MoO4)2,Monoclinic,C2/c,24,train
mp-1193579,Ba(TmS2)2,Orthorhombic,Pnma,28,train
mp-1228964,AlAg(PSe3)2,Monoclinic,C2,10,train
mp-1105449,SmTl(PSe3)2,Monoclinic,P2_1,20,train
mp-7204,CaZnSO,Hexagonal,P6_3mc,8,train
mp-1222055,MgSc2O4,Orthorhombic,Pnma,28,train
mp-7756,SrLiSb,Orthorhombic,Pnma,12,train
mp-774712,LiCuS,Hexagonal,P6_3/mmc,6,train
mp-1245826,KSnN,Hexagonal,P6_3mc,6,train
mp-1147586,SrCu2GeS4,Tetragonal,I-42m,8,train
mp-1178505,BaSrI4,Tetragonal,I4_1/amd,12,train
mp-9107,,,,12,train
mp-2220109,Nd2Mg(BiO4)2,Monoclinic,C2,13,train
mp-1265,MgO,Cubic,Fm-3m,2,train
mp-1209235,RbSc3F10,Orthorhombic,Pmma,28,train
mp-10525,NaLi2N,Cubic,Fm-3m,4,train
mp-1112270,CsK2SbF6,Cubic,Fm-3m,10,train
mp-3915,BaHgO2,Trigonal,R-3m,4,train
mp-557807,CsK2AuO2,Orthorhombic,Pnma,24,train
mp-21228,SrCuSeF,Tetragonal,P4/nmm,8,train
mp-1198577,In2B(PO4)3,Hexagonal,P6_3/m,36,train
mp-14416,Sm2Be2GeO7,Tetragonal,P-42_1m,24,train
mp-569442,RbAuCl4,Monoclinic,C2/c,12,train
mp-6094,Ca2MgSi2O7,Tetragonal,P-42_1m,24,train
mp-560767,KNaTiO3,Monoclinic,C2/c,12,train
mp-1215513,Zn2TeSe,Trigonal,R3m,4,train
mp-1228638,B2CN2,Trigonal,R3m,10,train
mp-3614,KTaO3,Cubic,Pm-3m,5,train
mp-1104384,Cs2Mo(SO)2,Monoclinic,C2/c,14,train
mp-5915,TlNO3,Orthorhombic,Pnma,40,train
mp-1020108,LiCaMgSiN3,Monoclinic,C2/m,14,train
mp-1017626,LiCaF3,Cubic,Pm-3m,5,train
mp-9437,,,,3,train
mp-1199607,Ag4TeSO4,Cubic,P2_13,40,train
mp-1113935,Rb2TiHgF6,Cubic,Fm-3m,10,train
mp-638061,AlInCl4,Orthorhombic,Pnma,24,train
mp-754226,YLuO3,Hexagonal,P6_3/mmc,10,train
mp-555074,Hg3AsS4Br,Hexagonal,P6_3mc,18,train
mp-7914,,,,4,train
mp-733844,Na3GaP2H2O9,Monoclinic,C2/m,34,train
mp-1179715,RbHfCu3Se4,Cubic,P-43m,9,train
mp-863026,SmCl3,Hexagonal,P6_3/mmc,8,train
mp-1519525,BaNaCeBiO6,Orthorhombic,Pnnn,40,train
mp-756382,Sr3WO6,Trigonal,R-3,20,train
mp-1019535,BaAl2(SiO4)2,Trigonal,P-3,13,train
mp-756505,Cs3ScO3,Monoclinic,C2/m,14,train
mp-11168,Ca(PIr)2,Trigonal,P3_221,15,train
mp-3777,BaSiN2,Orthorhombic,Cmce,16,train
mp-6613,,,,10,train
mp-28460,Br2O,Orthorhombic,Pna2_1,12,train
mp-757100,LiCoS2,Trigonal,R3m,4,train
mp-1227434,Bi4(TeS)3,Trigonal,R3m,10,train
mp-1009082,MgSnAs2,Tetragonal,I-42d,8,train
mp-4135,RbPO3,Monoclinic,P2_1/c,20,train
mp-754694,Na4WO4,Tetragonal,I4/m,9,train
mp-551848,Li4CO4,Tetragonal,I-42m,9,train
mp-1205344,PrSbO4,Monoclinic,P2_1/c,24,train
mp-753160,BiOF,Orthorhombic,Pnma,12,train
mp-980057,SrAlGeH,Trigonal,P3m1,4,train
mp-1105368,NbAlBr8,Orthorhombic,Cmcm,20,train
mp-1223349,KRb2SiF7,Orthorhombic,Cmmm,22,train
mp-1190329,Na2U2O7,Monoclinic,P2_1/m,22,train
mp-7770,,,,5,train
mp-504910,Sr(BrO3)2,Monoclinic,Cc,18,train
mp-6920,KNO3,Trigonal,R3m,5,train
mp-4038,Sm3S3N,Orthorhombic,Pnma,28,train
mp-23844,HgHOF,Orthorhombic,P2_12_12_1,16,train
mp-989558,,,,10,train
mp-755954,BaSr2I6,Monoclinic,P2_1/c,18,train
mp-1216787,TiNb2ZnO8,Monoclinic,P2,12,train
mp-7471,Li3AuO3,Tetragonal,P4_2/mnm,28,train
mp-22450,,,,12,train
mp-1246311,Sr3AlN3,Hexagonal,P6_3/m,14,train
mp-1223815,HoCuSe2,Trigonal,P3m1,4,train
mp-1950989,BaO,Hexagonal,P6_3/mmc,4,train
mp-1100350,Ca3Sn2S7,Orthorhombic,Cmc2_1,24,train
mp-1112140,Cs2NaSbI6,Cubic,Fm-3m,10,train
mp-28458,ErSeI,Orthorhombic,Pmmn,6,train
mp-29398,,,,9,train
mp-4609,,,,12,train
mp-1216118,Y6Zn(GeS7)2,Trigonal,P3,23,train
mp-7643,K2AgSb,Orthorhombic,Cmcm,8,train
mp-1213395,CsLa(TaBr3)6,Trigonal,P-31c,52,train
mp-1232270,Ho2MgS4,Cubic,Fd-3m,14,train
mp-504506,RbIn(MoO4)2,Trigonal,P-3m1,12,train
mp-568172,Ca3N2,Monoclinic,C2/m,15,train
mp-15684,K2CuAs,Orthorhombic,Cmcm,8,train
mp-505284,Pb3(BrO)2,Orthorhombic,Pnma,28,train
mp-1369528,YBiO3,Orthorhombic,Pnma,20,train
mp-1207104,Cs2KHoCl6,Cubic,Fm-3m,10,train
mp-1232081,Tm2MgSe4,Orthorhombic,Pnma,28,train
mp-1113917,Rb3YF6,Cubic,Fm-3m,10,train
mp-1218981,SmPaO4,Tetragonal,P4/mmm,6,train
mp-1104440,Rb2Mo(SO)2,Monoclinic,C2/c,14,train
mp-559734,UOF4,Trigonal,R3m,18,train
mp-1272139,SnBr2,Trigonal,P-3m1,3,train
mp-6574,Er2C(NO)2,Trigonal,P-3m1,7,train
mp-35787,Ca(DyS2)2,Tetragonal,I-42d,14,train
mp-1226810,CdGa2(SeS)2,Monoclinic,C2,7,train
mp-505366,AuBr,Tetragonal,P4_2/ncm,8,train
mp-1029510,Sr3(BN2)2,Monoclinic,C2/c,18,train
mp-556017,Th2P2O9,Orthorhombic,Cmce,26,train
mp-1113656,Rb2ErAuCl6,Cubic,Fm-3m,10,train
mp-1113030,Cs2KTlBr6,Cubic,Fm-3m,10,train
mp-540653,SrAlF5,Tetragonal,I4/m,56,train
mp-753783,Li5InO4,Orthorhombic,Pmmn,20,train
mp-2604,MgTe2,Cubic,Pa-3,12,train
mp-27996,H2SeO3,Orthorhombic,P2_12_12_1,24,train
mp-756294,Li2Ti2O5,Orthorhombic,Ccc2,18,train
mp-504580,VCuO3,Trigonal,R-3,10,train
mp-11703,,,,8,train
mp-3285,Na2Ta4O11,Trigonal,R-3c,34,train
mp-1190319,In2Ge2O7,Cubic,Fd-3m,22,train
mp-1111891,Na3LuCl6,Cubic,Fm-3m,10,train
mp-779156,CdSeO4,Orthorhombic,Pnma,24,train
mp-9517,,,,8,train
mp-780683,Na2Sb4O11,Trigonal,R-3c,34,train
mp-572596,TlIn3S5,Monoclinic,C2/m,18,train
mp-685145,BN,Orthorhombic,Fmm2,2,train
mp-20099,In6WO12,Trigonal,R-3,19,train
mp-756123,Tm6WO12,Trigonal,R-3,19,train
mp-1112320,K2YAuF6,Cubic,Fm-3m,10,train
mp-8269,Lu2CdS4,Cubic,Fd-3m,14,train
mp-550685,Ba2CaTeO6,Cubic,Fm-3m,10,train
mp-22535,HfPbO3,Cubic,Pm-3m,5,train
mp-554921,Hg(BiS2)2,Monoclinic,C2/m,14,train
mp-1224211,K3Ag9(SbS3)4,Tetragonal,I-4,28,train
mp-1218231,SrLiY2(BO3)3,Trigonal,P321,48,train
mp-1042953,CaSn(GeO3)2,Monoclinic,C2/c,20,train
mp-779453,BaNa6O4,Cubic,I-43m,44,train
mp-1017510,MgTe,Hexagonal,P6_3/mmc,4,train
mp-776387,Ti2N2O,Monoclinic,C2/m,20,train
mp-1214461,Ba4Li(BiO4)3,Cubic,Im-3m,20,train
mp-1232041,La2MgSe4,Orthorhombic,Pnma,28,train
mp-567278,Sr(Si3N4)2,Orthorhombic,Imm2,15,train
mp-5304,LaAlO3,Cubic,Pm-3m,5,train
mp-6972,YCuO2,Trigonal,R-3m,4,train
mp-28377,CsGeI3,Trigonal,R3m,5,train
mp-1188093,ZrTl2PbS4,Monoclinic,C2/c,16,train
mp-561096,Yb2PrDyS6,Monoclinic,P2_1/m,20,train
mp-770218,ZnIn2O4,Orthorhombic,Pnma,28,train
mp-8208,,,,10,train
mp-1018656,Ca2H3Br,Trigonal,P-3m1,6,train
mp-1206448,Rb3ErF6,Cubic,Fm-3m,10,train
mp-924128,,,,3,train
mp-23292,HgBr2,Orthorhombic,Cmc2_1,6,train
mp-7375,KNbO3,Trigonal,R3m,5,train
mp-34688,TiO2,Tetragonal,I4_1/amd,6,train
mp-927,CuP2,Monoclinic,P2_1/c,12,train
mp-863763,K2Y4Cu4Se9,Monoclinic,C2/m,19,train
mp-6948,KNaO,Tetragonal,P4/nmm,6,train
mp-18050,Li2MoO4,Trigonal,R-3,42,train
mp-1224227,In2CuAg(SnS4)2,Orthorhombic,Imm2,14,train
mp-1193265,Na3SbSe3,Cubic,P2_13,28,train
mp-27336,CsCuBr3,Orthorhombic,C222_1,20,train
mp-28983,Pd(PbBr3)2,Monoclinic,P2_1/c,18,train
mp-675902,YCuSe2,Trigonal,P3m1,4,train
mp-1194095,TiAg2(IO3)6,Trigonal,R-3,27,train
mp-989545,Rb2NaSbCl6,Cubic,Fm-3m,10,train
mp-684969,Sc2S3,Monoclinic,C2/m,10,train
mp-1183920,CsPaO3,Cubic,Pm-3m,5,train
mp-733455,Li3H6Rh,Orthorhombic,Pnma,40,train
mp-1179173,Sr2H4Pd,Orthorhombic,Pnma,28,train
mp-989610,Cs2NaInH6,Cubic,Fm-3m,10,train
mp-23446,GeBi2O5,Orthorhombic,Cmc2_1,16,train
mp-2217984,Ba2Mg(BiO3)2,Monoclinic,Cm,11,train
mp-613652,PbClF,Tetragonal,P4/nmm,6,train
mp-542919,NaGe2(PO4)3,Trigonal,R-3,36,train
mp-1518932,SrCaLaBiO6,Tetragonal,P4_2/nnm,40,train
mp-989622,BaWN3,Monoclinic,P2_1/c,20,train
mp-17208,K2Li14Zr3O14,Orthorhombic,Immm,33,train
mp-771570,Sr2CaI6,Tetragonal,P-4b2,36,train
mp-1220977,NaNd(WO4)2,Tetragonal,I-4,12,train
mp-555580,SrZr4(PO4)6,Trigonal,R-3,35,train
mp-697047,Li3H4Rh,Orthorhombic,Cmcm,16,train
mp-7572,,,,12,train
mp-6332,Li2TiSiO5,Tetragonal,P4/nmm,18,train
mp-1228072,Ba4CaZr5O15,Tetragonal,P4/m,25,train
mp-27294,,,,7,train
mp-1205964,Ca2FeH6,Cubic,Fm-3m,9,train
mp-5830,Na3AsS3,Cubic,P2_13,28,train
mp-1016820,MgSnO3,Cubic,Pm-3m,5,train
mp-1112344,Cs3TlCl6,Cubic,Fm-3m,10,train
mp-561048,K3VSO3,Monoclinic,P2_1/m,16,train
mp-675172,TaAlO4,Orthorhombic,Cmmm,6,train
mp-1520962,BaYNbSnO6,Orthorhombic,P222,40,train
mp-570229,ThBr4,Tetragonal,I4_1/a,10,train
mp-1188862,La(HoS2)3,Monoclinic,P2_1/m,20,train
mp-541995,LaSiO3F,Hexagonal,P-62c,36,train
mp-1219278,ScSb3Pb4O13,Trigonal,R3m,21,train
mp-998605,RbPbCl3,Monoclinic,Cm,5,train
mp-560354,SbCl(OF3)2,Orthorhombic,Pmmn,20,train
mp-1112916,Cs2YAuI6,Cubic,Fm-3m,10,train
mp-608311,Cs2Li3I5,Monoclinic,C2/m,10,train
mp-669389,Sr3InRhO6,Trigonal,R-3c,22,train
mp-23442,KCdCl3,Orthorhombic,Pnma,20,train
mp-646007,Cs2Tb6Te7N2,Monoclinic,C2/m,17,train
mp-1114040,KRb2GaCl6,Cubic,Fm-3m,10,train
mp-1114111,Rb2ScTlBr6,Cubic,Fm-3m,10,train
mp-1209259,RbPr(WO4)2,Trigonal,P-3m1,12,train
mp-29506,CsBiO2,Monoclinic,C2/c,8,train
mp-1078470,TiZnO3,Trigonal,R3c,10,train
mp-1179516,ScCu3HgSe4,Cubic,P-43m,9,train
mp-12894,Y2SO2,Trigonal,P-3m1,5,train
mp-581024,CsK2Sb,Cubic,Fm-3m,4,train
mp-10288,LaCuTeS,Monoclinic,P2_1/c,16,train
mp-1110575,Li3YF6,Cubic,Fm-3m,10,train
mp-760805,Li2AgF3,Orthorhombic,Pnma,24,train
mp-37605,LiNdSe2,Tetragonal,I4_1/amd,8,train
mp-1199682,CaSi(HO2)2,Orthorhombic,Fdd2,32,train
mp-9712,Ba3BPO3,Hexagonal,P6_3/mmc,16,train
mp-1521990,KSmHfZrO6,Cubic,F-43m,10,train
mp-1218419,SrCaHf2O6,Orthorhombic,Pmc2_1,20,train
mp-12558,LiMgAs,Cubic,F-43m,3,train
mp-27999,K5CuSb2,Trigonal,R-3m,8,train
mp-1520242,BaNaPrSeO6,Cubic,F-43m,10,train
mp-1110613,Rb2AgAsF6,Cubic,Fm-3m,10,train
mp-1245549,Bi4S3N2,Monoclinic,C2/m,9,train
mp-1018040,MgSe,Hexagonal,P6_3mc,4,train
mp-752424,Ba4Br6O,Tetragonal,P4_2/nmc,22,train
mp-27398,TlBr2,Orthorhombic,Pnna,24,train
mp-18101,K2Cd3S4,Orthorhombic,Pnma,36,train
mp-32760,LiP5,Orthorhombic,Pna2_1,24,train
mp-1215190,ZrTiS6,Monoclinic,Pm,8,train
mp-30243,Mg3(HO2)2,Trigonal,P-3m1,18,train
mp-27831,,,,9,train
mp-768814,Y2GeO5,Orthorhombic,Pnma,32,train
mp-753318,DyBO3,Orthorhombic,Ama2,10,train
mp-1223840,HoAgTe2,Trigonal,P3m1,4,train
mp-1226797,Ce2ZrO6,Trigonal,P-3m1,9,train
mp-1219914,Pr6Cd(GeS7)2,Trigonal,P3,23,train
mp-1986,ZnO,Cubic,F-43m,2,train
mp-866665,LiMgB3(H9N)2,Hexagonal,P6_3/m,50,train
mp-1518079,BaSrLaSbO6,Cubic,F-43m,10,train
mp-11131,K2Hg3(GeS4)2,Monoclinic,C2,15,train
mp-755999,Rb2Be2O3,Monoclinic,P2_1/c,14,train
mp-981,SrF2,Cubic,Fm-3m,3,train
mp-762063,Na4Cu6O5,Hexagonal,P-62c,30,train
mp-1224239,K2SO4,Orthorhombic,Cmcm,14,train
mp-1078725,Ba2UZnO6,Cubic,Fm-3m,10,train
mp-556866,Ag2HgSI2,Orthorhombic,Cmc2_1,12,train
mp-1218577,Sr3CaTi4O12,Monoclinic,C2,20,train
mp-1017555,CsBeF3,Cubic,Pm-3m,5,train
mp-1523099,KBaPrWO6,Orthorhombic,Pnnn,40,train
mp-1007694,SnPO4F,Orthorhombic,Pnma,28,train
mp-3104,BaZrN2,Tetragonal,P4/nmm,8,train
mp-862701,CsCaCO3F,Hexagonal,P-62m,21,train
mp-9921,ZrS3,Monoclinic,P2_1/m,8,train
mp-18633,K8SnSb4,Cubic,Fd-3m,26,train
mp-1192357,Sr3LiAs2H,Orthorhombic,Pnma,28,train
mp-1247074,Ba3TaN3,Hexagonal,P6_3/m,14,train
aaahifol,Rb2LiLuCl6,Cubic,Fm-3m,10,train
mp-10219,YOF,Tetragonal,P4/nmm,6,train
mp-1228925,AlCdSbTe,Trigonal,R3m,4,train
mp-548469,BaZnSO,Orthorhombic,Cmcm,8,train
mp-17972,Zn2Hg2OF6,Cubic,Fd-3m,22,train
mp-1111724,Rb2TbAgCl6,Cubic,Fm-3m,10,train
mp-752793,Li2AgF3,Orthorhombic,Pnma,24,train
mp-861906,BaNa2Mg(PO4)2,Trigonal,P-3,14,train
mp-24294,HgHClO4,Orthorhombic,Pbcm,28,train
mp-1287,KS,Hexagonal,P-62m,12,train
mp-559286,Na4Al3Ge3ClO12,Cubic,P-43n,46,train
mp-3637,,,,6,train
mp-1246049,Zn3(GaN2)2,Monoclinic,C2/c,18,train
mp-1178508,BaSrI4,Orthorhombic,Pnna,24,train
mp-1190839,YMo2O7F,Monoclinic,P2/c,22,train
mp-1221202,Na4Br(ClO4)3,Trigonal,R3,20,train
mp-1190533,MgO,Hexagonal,P6/mcc,24,train
mp-1220984,NaNdTi2O6,Orthorhombic,Pmn2_1,20,train
mp-573030,Cs2LiNbS4,Triclinic,P-1,16,train
mp-611426,C,Hexagonal,P6_3/mmc,8,train
mp-554420,Y2SiO5,Monoclinic,P2_1/c,32,train
mp-1019379,AlB3N4,Cubic,P-43m,8,train
mp-1114114,Rb2TlBiBr6,Cubic,Fm-3m,10,train
mp-5874,TlAgTe,Orthorhombic,Pnma,12,train
mp-18079,BaLaCuS3,Orthorhombic,Pnma,24,train
mp-755634,Y2HgO4,Cubic,Fd-3m,14,train
mp-1112721,Cs2KPrCl6,Cubic,Fm-3m,10,train
mp-29055,,,,6,train
mp-1227189,CaH2C2O5,Monoclinic,C2,20,train
mp-1211367,KHg5Cl11,Monoclinic,C2/m,17,train
mp-684028,Li3Bi(PO4)2,Trigonal,P-3,42,train
mp-31110,Sm3GaO6,Orthorhombic,Cmc2_1,20,train
mp-1210701,Li2(BH)11,Orthorhombic,Fmm2,24,train
mp-989618,Cs2RbGaF6,Cubic,Fm-3m,10,train
mp-541740,TaPO5,Orthorhombic,Pnma,28,train
mp-23261,I2O5,Monoclinic,P2_1/c,28,train
mp-756661,Te3WO12,Monoclinic,P2,16,train
mp-862670,Sr3Co(CN)3,Hexagonal,P6_3/m,20,train
mp-1209238,RbCaBr3,Orthorhombic,Pnma,20,train
mp-1188447,Ca2HoTaO6,Monoclinic,P2_1/c,20,train
mp-1079726,Zr2SeN2,Hexagonal,P6_3/mmc,10,train
mp-9010,RbAuS,Orthorhombic,Cmcm,6,train
mp-19047,MgMoO4,Monoclinic,C2/m,24,train
mp-1198462,KNaNbOF5,Orthorhombic,Pna2_1,36,train
mp-1209248,RbAl(MoO4)2,Trigonal,P-3m1,12,train
mp-1079670,TmSb(PbO3)2,Monoclinic,C2/m,10,train
mp-682067,KCaNb2O6F,Orthorhombic,Imma,22,train
mp-2074,Li3Sb,Cubic,Fm-3m,4,train
mp-1013730,Cd5(S2Cl)2,Orthorhombic,Ibam,22,train
mp-1247449,Sr3TaN3,Hexagonal,P6_3/m,14,train
mp-1110658,Rb2YCuF6,Cubic,Fm-3m,10,train
mp-1225887,CsLiZnS2,Tetragonal,I-4m2,5,train
mp-2633,GeO2,Cubic,Pa-3,12,train
mp-11020,,,,8,train
mp-6019,Sr2YNbO6,Monoclinic,P2_1/c,20,train
mp-697671,Ba6Mg7H26,Orthorhombic,Immm,39,train
mp-28456,Sn15Os3O14,Monoclinic,Cm,32,train
mp-1521123,SrCaYBiO6,Tetragonal,P-4n2,20,train
mp-5955,,,,8,train
mp-1517044,Sr2PrBiO6,Cubic,Fm-3m,10,train
mp-696288,LiH3(SeO3)2,Monoclinic,Pc,24,train
mp-1110576,Li3TlF6,Cubic,Fm-3m,10,train
mp-1080511,BaMg(CO2)2,Monoclinic,C2/m,8,train
mp-1209047,RbSrCl3,Cubic,Pm-3m,5,train
mp-8208,Mg(PtO2)3,Orthorhombic,Cmmm,10,train
mp-2015391,KSe3,Monoclinic,C2,8,train
mp-1211464,LaSI,Orthorhombic,Pbca,24,train
mp-1220007,Pr2Si2PbS8,Monoclinic,Cc,26,train
mp-1214008,Ca4NdB3O10,Monoclinic,Cm,18,train
mp-28145,Rb2PdCl6,Cubic,Fm-3m,9,train
mp-9622,Tl4SnS3,Tetragonal,P4/ncc,32,train
mp-644264,Ca4Mg4Fe3H22,Cubic,P-43m,33,train
mp-1190545,Ba2MgGe2O7,Tetragonal,P-42_1m,24,train
mp-1188347,C3N2,Cubic,P-43m,20,train
mp-9138,RbPO3,Orthorhombic,Pnma,20,train
mp-4511,La2SO2,Trigonal,P-3m1,5,train
mp-561511,FeAsS,Monoclinic,P2_1/c,12,train
mp-866827,Ca3Sn2S7,Orthorhombic,Cmcm,24,train
mp-1522801,CaPrMgBiO6,Cubic,F-43m,10,train
mp-28534,CaInBr3,Orthorhombic,Cmcm,10,train
mp-1111399,Rb2YAuF6,Cubic,Fm-3m,10,train
mp-675614,K2In12Se19,Trigonal,R-3,33,train
mp-1212662,GaClO,Orthorhombic,Pca2_1,12,train
mp-760007,Hf3N2O3,Orthorhombic,Cmcm,16,train
mp-753794,Hf2P2O9,Orthorhombic,Cmce,26,train
mp-558997,SmMoClO4,Monoclinic,C2/m,14,train
mp-568598,Cu2HgI4,Tetragonal,P-42m,7,train
mp-2901430,TiO2,Orthorhombic,Pmmn,24,train
mp-726865,KI,Hexagonal,P6_3/mmc,8,train
mp-1043735,TaTi(PO4)3,Trigonal,R3c,34,train
mp-1228367,Ba2IBrF2,Tetragonal,P4mm,6,train
mp-560616,KCO2,Orthorhombic,Pbam,16,train
mp-27417,Li3InO3,Trigonal,P-31c,28,train
mp-3953,,,,10,train
mp-23488,Tl5Se2I,Tetragonal,I4/mcm,16,train
mp-1209544,Rb3Li2Ga(MoO4)4,Tetragonal,I-42d,52,train
mp-1518940,BaSrYNbO6,Orthorhombic,P222,40,train
mp-1189929,Li2PtF6,Tetragonal,P4_2/mnm,18,train
mp-1111820,Cs2NaPrCl6,Cubic,Fm-3m,10,train
mp-1178524,BaCaI4,Tetragonal,P4/mmm,6,train
mp-28584,Tl2CuI3,Orthorhombic,Pnnm,24,train
mp-568536,,,,9,train
mp-752397,Ba2SrI6,Tetragonal,P4_2/mnm,18,train
mp-11020,GaAgO2,Hexagonal,P6_3/mmc,8,train
mp-1214888,AlZn2Sb(HO)12,Trigonal,P-3,28,train
mp-961711,ZrSiPt,Cubic,F-43m,3,train
mp-1205361,Te6RhI3,Trigonal,R-3c,20,train
mp-13000,Ba2HoTaO6,Tetragonal,I4/m,10,train
mp-11659,,,,10,train
mp-2245,Si3N4,Trigonal,P31c,28,train
mp-1523329,SrCaDyNbO6,Cubic,F-43m,10,train
mp-1203387,Ba2GaSbSe5,Orthorhombic,Pnma,36,train
mp-699213,CsZn2P2HO8,Orthorhombic,Cmce,28,train
mp-1229102,Ag2PbI4,Tetragonal,I4/mmm,7,train
mp-11660,Hf3N4,Cubic,I-43d,14,train
mp-755948,Tm2TiO5,Monoclinic,C2/c,16,train
mp-1185537,Cs2HgTe,Cubic,Fm-3m,4,train
mp-1229145,Ag6SbAsS6,Trigonal,R3,14,train
mp-560240,K2SbPO6,Orthorhombic,Pnma,40,train
mp-990440,Na2ZrO3,Monoclinic,C2/c,24,train
mp-545500,BaSbClO2,Orthorhombic,Cmcm,10,train
mp-7988,,,,3,train
mp-754761,Sr2HfO4,Tetragonal,P4_2/ncm,28,train
mp-1113236,Cs2PrAgCl6,Cubic,Fm-3m,10,train
mp-561290,K2BiF5,Orthorhombic,Pnma,32,train
mp-551918,AlBiO3,Trigonal,R3c,10,train
mp-1198974,La2ThSe5,Orthorhombic,Pnma,32,train
mp-555885,SrV4(AgO6)2,Tetragonal,P4/nbm,38,train
mp-554845,Na2Zn2O3,Tetragonal,P4_32_12,28,train
mp-17980,K2MoS4,Orthorhombic,Pnma,28,train
mp-17707,Cs3Na2SnP3,Orthorhombic,Cmce,36,train
mp-632291,H2,Tetragonal,I4/mmm,2,train
mp-561076,La3GaS5O,Orthorhombic,Pnma,40,train
mp-1209282,Rb3ScF6,Tetragonal,P4/mnc,20,train
mp-1110706,Rb2LiYBr6,Cubic,Fm-3m,10,train
mp-866806,TbAgH2C2SO9,Monoclinic,C2/m,32,train
mp-754369,Na4MgO3,Monoclinic,Cc,16,train
mp-542812,GaTe,Monoclinic,C2/m,12,train
mp-1105780,Bi2O3,Trigonal,P31c,20,train
mp-1225521,ErCuTe2,Trigonal,P3m1,4,train
mp-8235,,,,10,train
mp-569764,RbCu2I3,Orthorhombic,Pnma,24,train
mp-675068,Nd2Zr8O19,Orthorhombic,Pmm2,29,train
mp-23036,,,,9,train
mp-15794,LiYSe2,Trigonal,R-3m,4,train
mp-998153,TlGeBr3,Monoclinic,Cm,5,train
mp-1112631,Cs2ScAuBr6,Cubic,Fm-3m,10,train
mp-9711,Ba2Si5N8,Orthorhombic,Pmn2_1,30,train
mp-3439,SbPO4,Monoclinic,P2_1/m,12,train
mp-4979,,,,8,train
mp-1202519,Ba3(AlAs2)2,Orthorhombic,Pnma,36,train
mp-1111448,Na3AsCl6,Cubic,Fm-3m,10,train
mp-758533,Li3Sb(PO4)2,Monoclinic,C2/m,14,train
mp-24375,TlH4NCl4,Tetragonal,I4_1/a,20,train
mp-1519795,SrCaLaSbO6,Cubic,F-43m,10,train
mp-504806,K2Li14Pb3O14,Orthorhombic,Immm,33,train
mp-1019537,BaAlSi4N5O3,Orthorhombic,Cmc2_1,28,train
mp-1203810,PrHSO5,Monoclinic,P2_1/c,32,train
mp-1103190,CaWO4,Monoclinic,C2/c,12,train
mp-4122,GaPO4,Trigonal,P3_121,18,train
mp-558849,CdBiS2Cl,Orthorhombic,Pnma,20,train
mp-1516633,NaCaCeBiO6,Tetragonal,P-4n2,20,train
mp-3611,Dy2Hf2O7,Cubic,Fd-3m,22,train
mp-1025349,Sr2ZrO4,Tetragonal,I4/mmm,7,train
mp-755486,Na2SnO3,Hexagonal,P6_3/mcm,24,train
mp-1120720,Li3InBr6,Trigonal,P-31c,20,train
mp-1114115,Rb2TlInBr6,Cubic,Fm-3m,10,train
mp-2038287,HgBr2,Trigonal,P-3m1,9,train
mp-774146,W(BrO)2,Tetragonal,P4/mmm,10,train
mp-1120816,Cu2SeS3,Monoclinic,Cc,12,train
mp-20463,CaPbF6,Cubic,Fm-3m,8,train
mp-1246014,Mg3(InN2)2,Monoclinic,C2/c,18,train
mp-1190761,NaGaCl4,Orthorhombic,P2_12_12_1,24,train
mp-1206660,Rb3LaBr6,Cubic,Fm-3m,10,train
mp-1210002,NaNbS6,Monoclinic,Cc,16,train
mp-1178353,Er2Zr2O7,Monoclinic,C2/m,11,train
mp-1018716,HfN2,Hexagonal,P6_3/mmc,6,train
mp-1208776,Sr2ScTaO6,Monoclinic,P2_1/c,20,train
mp-551561,K4CO4,Monoclinic,C2,9,train
mp-1101257,Tm2Pt2O7,Cubic,Fd-3m,22,train
mp-562072,Cs3SbO3,Cubic,P2_13,28,train
mp-13907,CdSnF6,Trigonal,R-3,8,train
mp-1193939,Te2P2O9,Monoclinic,Cc,26,train
mp-4578,Sr2GeS4,Monoclinic,P2_1/m,14,train
mp-19162,LaVO4,Tetragonal,I4_1/amd,12,train
mp-18274,Ba4LiNb3O12,Hexagonal,P6_3mc,40,train
mp-36007,Ba(NdSe2)2,Tetragonal,I-42d,14,train
mp-556378,BiSeClO3,Orthorhombic,P2_12_12_1,24,train
mp-1232196,Y2MgSe4,Orthorhombic,Pnma,28,train
mp-1714,FeSi2,Orthorhombic,Cmce,24,train
mp-1110721,Rb2NdCuBr6,Cubic,Fm-3m,10,train
mp-780217,Li7CuO4,Tetragonal,P4_2/nmc,24,train
mp-1114234,Na2LiRhF6,Cubic,Fm-3m,10,train
mp-12016,,,,12,train
mp-556666,CaBiCO4F,Orthorhombic,Pcca,32,train
mp-545346,LiGaAs2O7,Monoclinic,C2,11,train
mp-674849,TlBiF4,Monoclinic,P2_1/m,12,train
mp-1120767,NaCl,Hexagonal,P6_3/mmc,12,train
mp-1519666,Sr2CeZrO6,Cubic,Fm-3m,10,train
mp-639463,SiO2,Orthorhombic,Pmma,18,train
mp-769349,BaTa6O16,Orthorhombic,Amm2,23,train
mp-1210825,Li2Zn2W2O9,Trigonal,P-3c1,30,train
mp-8192,,,,9,train
mp-866565,CaSnS3,Cubic,P2_13,40,train
mp-1110807,Rb2NdAgBr6,Cubic,Fm-3m,10,train
mp-1218165,SrLiLaTi3O9,Trigonal,P3m1,15,train
mp-27869,Ba2PCl,Trigonal,R-3m,4,train
mp-989529,KRb2InCl6,Cubic,Fm-3m,10,train
mp-1214517,Ba3Sr3(SbN)2,Hexagonal,P6_3/mmc,20,train
mp-1223269,La2GaCoO6,Trigonal,R-3,10,train
mp-861189,LiCuS,Cubic,F-43m,6,train
mp-1209286,Rb6CdO4,Hexagonal,P6_3mc,22,train
mp-1034338,NaMg14SbO16,Tetragonal,P4/mmm,32,train
mp-766447,Li2Cu4S3,Orthorhombic,Pnma,36,train
mp-1202153,Na2Nb4O11,Monoclinic,Cc,34,train
mp-28941,HfAg2S3,Orthorhombic,Cmce,24,train
mp-1222826,Li2Zr6MnCl15,Tetragonal,I4/mmm,24,train
mp-1195642,Mg5Si2(O4F)2,Monoclinic,P2_1/c,34,train
mp-9166,,,,4,train
mp-36066,PNO,Monoclinic,Cc,6,train
mp-1173065,LuAgS2,Tetragonal,I4_1/amd,8,train
mp-17545,V2Zn3O8,Orthorhombic,Cmce,26,train
mp-5827,CaTiO3,Cubic,Pm-3m,5,train
mp-1112671,Cs2LiSmCl6,Cubic,Fm-3m,10,train
mp-22633,Pb3O4,Tetragonal,P4_2/mbc,28,train
mp-989605,Cs2RbInF6,Cubic,Fm-3m,10,train
mp-1110879,K3ScCl6,Cubic,Fm-3m,10,train
mp-1019551,BaNa2Mg(PO4)2,Trigonal,P-3m1,14,train
mp-1190450,NaNbSe2O7,Orthorhombic,Cmc2_1,22,train
mp-28130,Nb(PS4)2,Tetragonal,P-4n2,44,train
mp-21084,In6Ga2PtO8,Cubic,Fm-3m,17,train
mp-1112654,Cs3AlI6,Cubic,Fm-3m,10,train
mp-6761,NaTi2(PO4)3,Trigonal,R-3c,36,train
mp-1188645,Y2S3,Orthorhombic,Pnma,20,train
mp-1114001,RbInCl3,Cubic,Fm-3m,10,train
mp-14568,BaMgF4,Orthorhombic,Cmc2_1,12,train
mp-1110649,Rb2LiYF6,Cubic,Fm-3m,10,train
mp-985829,HfS2,Trigonal,P-3m1,3,train
