structure_index,natoms,asr_drift_norm,is_valid_asr
0,4,9.99999971718069e-09,True
1,4,1.4142135537782532e-08,True
2,4,2.220446049250313e-16,True
3,4,0.0,True
4,2,0.0,True
5,4,9.99999993922529e-09,True
6,4,1.4142134281708565e-08,True
7,3,1.4142135537782532e-08,True
8,2,0.0,True
9,4,6.280369834735101e-16,True
10,6,2.8284271075565064e-08,True
11,4,0.0,True
12,2,0.0,True
13,4,8.881784197001252e-16,True
14,4,1.000000082740379e-08,True
15,2,0.0,True
16,3,1.7320507970423888e-08,True
17,4,0.0,True
18,4,1.00000003833145e-08,True
19,4,1.4142136165819515e-08,True
20,3,1.732050745763384e-08,True
21,5,1.0877919644084146e-15,True
22,2,0.0,True
23,2,0.0,True
24,5,9.99999993922537e-09,True
25,3,0.0,True
26,5,9.99999993922537e-09,True
27,2,0.0,True
28,3,0.0,True
29,2,0.0,True
30,3,8.326672684688674e-17,True
31,2,0.0,True
32,3,7.691850745534255e-16,True
33,3,1.4142135537782534e-08,True
34,3,5.551115123125783e-17,True
35,3,1.7320507970423888e-08,True
36,4,9.99999971718069e-09,True
37,5,0.0,True
38,5,1.7320509508794036e-08,True
39,5,1.000000082740371e-08,True
40,4,7.691850745534255e-16,True
41,3,1.7320507970423888e-08,True
42,3,0.0,True
43,2,0.0,True
44,4,1.000000082740371e-08,True
45,4,9.99999993922529e-09,True
46,5,1.414213553778256e-08,True
47,3,0.0,True
48,5,1.7320508739608962e-08,True
49,2,0.0,True
50,5,1.7320507201238824e-08,True
51,2,0.0,True
52,3,0.0,True
53,2,0.0,True
54,4,1.7320507970423888e-08,True
55,3,0.0,True
56,5,1.9999999878450584e-08,True
57,3,9.99999993922529e-09,True
58,2,0.0,True
59,5,1.000000082740371e-08,True
60,3,0.0,True
61,2,0.0,True
62,4,1.7320507970423888e-08,True
63,3,1.538370149106851e-15,True
64,4,9.999999939225302e-09,True
65,3,1.7320507970423888e-08,True
66,4,3.8459253727671276e-16,True
67,4,1.4142135537782539e-08,True
68,2,0.0,True
69,3,0.0,True
70,3,1.4142135537782532e-08,True
71,2,0.0,True
72,2,0.0,True
73,5,9.99999993922529e-09,True
74,4,9.99999993922529e-09,True
75,4,1.4142136165819523e-08,True
76,4,1.7320507970423888e-08,True
77,2,0.0,True
78,3,0.0,True
79,2,0.0,True
80,3,7.691850745534255e-16,True
81,3,0.0,True
82,4,1.7320508996004002e-08,True
83,4,0.0,True
84,6,3.46410161972428e-08,True
85,4,1.4142135537782532e-08,True
86,6,3.1401849173675503e-16,True
87,4,9.99999993922537e-09,True
88,4,0.0,True
89,4,1.4142136793856499e-08,True
90,2,0.0,True
91,5,2.0000000322539794e-08,True
92,4,1.7320507714028868e-08,True
93,4,9.99999993922531e-09,True
94,6,3.4641015940847776e-08,True
95,4,1.4142136793856499e-08,True
96,3,9.99999993922529e-09,True
97,6,3.8459253727671276e-16,True
98,5,1.7320508996003992e-08,True
99,2,0.0,True
100,4,9.99999993922529e-09,True
101,2,0.0,True
102,4,1.00000003833145e-08,True
103,3,0.0,True
104,3,9.999999999999904e-09,True
105,4,1.4142135537782532e-08,True
106,3,1.0000000050247593e-08,True
107,2,0.0,True
108,4,1.4142136793856499e-08,True
109,5,4.965068306494546e-16,True
110,2,0.0,True
111,4,1.538370149106851e-15,True
112,2,0.0,True
113,5,0.0,True
114,3,0.0,True
115,3,9.99999993922529e-09,True
116,5,9.9999999392253e-09,True
117,2,0.0,True
118,3,1.7320507970423888e-08,True
119,5,9.99999993922529e-09,True
120,4,1.7320507970423888e-08,True
121,4,0.0,True
122,4,9.99999993922537e-09,True
123,3,0.0,True
124,2,0.0,True
125,3,1.7320508355016425e-08,True
126,4,0.0,True
127,5,1.732050848321395e-08,True
128,2,0.0,True
129,3,1.538370149106851e-15,True
130,3,9.99999993922529e-09,True
131,4,1.7320508996004002e-08,True
132,3,0.0,True
133,4,0.0,True
134,3,7.691850745534255e-16,True
135,8,0.0,True
136,3,0.0,True
137,1,0.0,True
138,4,1.2560739669470201e-15,True
139,3,0.0,True
140,2,0.0,True
141,6,3.162277664603284e-08,True
142,3,0.0,True
143,4,0.0,True
144,4,0.0,True
145,5,1.4142134281708593e-08,True
146,2,0.0,True
147,12,2.9205407954182373e-15,True
148,4,1.0000000383314816e-08,True
149,4,0.0,True
150,2,0.0,True
151,3,1.1537776118301384e-15,True
152,5,1.0877919644084146e-15,True
153,2,0.0,True
154,2,0.0,True
155,3,1.7320507970423888e-08,True
156,2,0.0,True
157,3,1.00000003833145e-08,True
158,3,1.7320508739608962e-08,True
159,4,6.280369834735101e-16,True
160,6,2.0000000766629e-08,True
161,5,1.4142135302268674e-08,True
162,3,0.0,True
163,3,9.99999993922529e-09,True
164,2,0.0,True
165,2,0.0,True
166,4,6.280369834735101e-16,True
167,4,6.280369834735101e-16,True
168,2,0.0,True
169,3,1.7320507970423888e-08,True
170,4,0.0,True
171,4,1.4142136165819515e-08,True
172,4,0.0,True
173,2,0.0,True
174,5,1.414213490974556e-08,True
175,4,0.0,True
176,2,0.0,True
177,2,0.0,True
178,4,1.4142135537782532e-08,True
179,3,1.9229626863835638e-16,True
180,2,0.0,True
181,4,0.0,True
182,2,0.0,True
183,4,1.7320508226818918e-08,True
184,5,1.7320506944843804e-08,True
185,4,0.0,True
186,2,0.0,True
187,3,1.7320508739608962e-08,True
188,3,7.691850745534255e-16,True
189,3,0.0,True
190,2,0.0,True
191,3,0.0,True
192,4,1.000000082740379e-08,True
193,4,1.000000082740379e-08,True
194,2,0.0,True
195,3,0.0,True
196,2,0.0,True
197,2,0.0,True
198,3,0.0,True
199,5,6.280369834735101e-16,True
200,4,9.99999993922537e-09,True
201,2,0.0,True
202,4,9.99999993922529e-09,True
203,5,1.732050806657202e-08,True
204,4,1.7320508739608962e-08,True
205,4,1.7320507970423888e-08,True
206,4,1.000000082740371e-08,True
207,6,1.5917919408906608e-16,True
208,4,1.7320507970423888e-08,True
209,46,6.928203207399182e-08,True
210,23,1.7320509252399026e-08,True
211,16,3.7367087251761353e-17,True
212,46,1.9518530096400706e-15,True
213,8,0.0,True
214,28,4.0000000867124225e-08,True
215,40,6.633249561318971e-08,True
216,12,4.000000008996807e-08,True
217,10,3.4641018504798025e-08,True
218,4,0.0,True
219,2,0.0,True
220,4,0.0,True
221,3,1.7320509508794036e-08,True
222,3,0.0,True
223,5,9.930136612989092e-16,True
224,4,1.00000003833145e-08,True
225,2,0.0,True
226,5,1.4142135537782532e-08,True
227,2,0.0,True
228,3,0.0,True
229,4,1.7320508996004002e-08,True
230,4,1.7320508547312693e-08,True
231,5,6.661338147750939e-16,True
232,2,0.0,True
233,3,3.8459253727671276e-16,True
234,3,0.0,True
235,4,1.2560739669470201e-15,True
236,2,0.0,True
237,3,1.4142135851801023e-08,True
238,3,9.999999999999904e-09,True
239,3,1.4142135851801023e-08,True
240,3,1.7320507970423888e-08,True
241,2,0.0,True
242,3,1.7320507970423888e-08,True
243,3,9.99999993922529e-09,True
244,2,0.0,True
245,2,0.0,True
246,4,1.732050643205374e-08,True
247,2,0.0,True
248,4,0.0,True
249,6,1.0000000050247637e-08,True
250,3,1.7320507970423888e-08,True
251,4,0.0,True
252,4,0.0,True
253,4,1.4142135537782539e-08,True
254,5,1.000000082740373e-08,True
255,3,1.7320509508794036e-08,True
256,4,0.0,True
257,5,1.000000171558213e-08,True
258,4,0.0,True
259,4,1.4142136793856527e-08,True
260,5,1.7320507970423888e-08,True
261,5,1.7320508996004002e-08,True
262,4,1.2560739669470201e-15,True
263,5,7.691850745534255e-16,True
264,5,1.7320507201238824e-08,True
265,4,0.0,True
266,5,3.464101850479803e-08,True
267,4,1.7320507970423888e-08,True
268,4,0.0,True
269,4,7.691850745534255e-16,True
270,4,9.99999993922529e-09,True
271,4,1.7320507714028868e-08,True
272,5,2.6457512278451385e-08,True
273,5,9.9999999392253e-09,True
274,5,9.99999993922529e-09,True
275,4,1.7320507201238847e-08,True
276,4,9.99999993922529e-09,True
277,4,1.3322676295501878e-15,True
278,4,1.4142135537782532e-08,True
279,5,2.482534153247273e-16,True
280,5,9.9999999392253e-09,True
281,4,0.0,True
282,4,6.280369834735101e-16,True
283,4,1.4142135537782532e-08,True
284,4,1.4142136479838014e-08,True
285,4,9.99999993922529e-09,True
286,5,0.00018473186379173217,True
287,4,0.0,True
288,4,1.7320507842226378e-08,True
289,4,0.0,True
290,5,9.9999999392253e-09,True
291,4,7.691850745534255e-16,True
292,4,3.1401849173675503e-16,True
293,5,1.7320507201238814e-08,True
294,5,1.7320509124201502e-08,True
295,4,1.7320508739608995e-08,True
296,4,1.732050864346083e-08,True
297,4,0.0,True
298,4,1.4142136793856499e-08,True
299,5,1.7320508739608962e-08,True
300,4,0.0,True
301,4,0.0,True
302,4,1.7320508996004002e-08,True
303,4,1.000000038331452e-08,True
304,4,0.0,True
305,5,3.000000218615167e-08,True
306,4,1.7320507970423888e-08,True
307,4,9.99999993922537e-09,True
308,4,0.0,True
309,4,0.0,True
310,5,9.99999993922529e-09,True
311,4,0.0,True
312,4,1.9229626863835638e-16,True
313,4,0.0,True
314,4,1.4142136165819515e-08,True
315,4,1.7320509252399016e-08,True
316,4,0.0,True
317,4,1.4142135537782532e-08,True
318,4,1.7320508739608962e-08,True
319,4,0.0,True
320,4,0.0,True
321,5,6.280369834735101e-16,True
322,4,9.99999993922529e-09,True
323,4,9.999999939225295e-09,True
324,5,0.0,True
325,4,0.0,True
326,4,1.4142135537782539e-08,True
327,4,0.0,True
328,4,1.4142136793856499e-08,True
329,4,1.000000082740371e-08,True
330,4,1.4142136793856499e-08,True
331,4,0.0,True
332,4,1.414213553778256e-08,True
333,5,9.99999993922537e-09,True
334,5,1.999999987845058e-08,True
335,4,1.000000082740371e-08,True
336,4,4.965068306494546e-16,True
337,4,0.0,True
338,5,1.7320506944843804e-08,True
339,4,7.691850745534255e-16,True
340,4,1.4142135537782539e-08,True
341,4,1.7320507970423888e-08,True
342,4,1.4142136793856499e-08,True
343,5,1.7320507970423888e-08,True
344,5,1.538370149106851e-15,True
345,5,9.99999993922529e-09,True
346,4,0.0,True
347,4,1.4142135537782532e-08,True
348,5,1.538370149106851e-15,True
349,4,1.732050643205374e-08,True
350,4,0.0,True
351,4,9.999999939225292e-09,True
352,4,7.691850745534255e-16,True
353,5,1.0877919644084146e-15,True
354,5,1.732050925239904e-08,True
355,4,1.000000082740373e-08,True
356,5,7.691850745534255e-16,True
357,5,1.7320507393535082e-08,True
358,4,7.691850745534255e-16,True
359,4,0.0,True
360,5,9.99999905104687e-09,True
361,4,0.0,True
362,4,0.0,True
363,4,1.7320508996004002e-08,True
364,5,0.0,True
365,3,1.0000000161269895e-08,True
366,5,1.0000000161269915e-08,True
367,5,1.7320508739608962e-08,True
368,4,9.99999993922529e-09,True
369,4,1.73205074576339e-08,True
370,4,1.7320507201238814e-08,True
371,4,1.7320507970423888e-08,True
372,4,0.0,True
373,4,9.99999993922537e-09,True
374,4,0.0,True
375,4,1.0000000161269895e-08,True
376,4,0.0,True
377,4,0.0,True
378,4,0.0,True
379,5,1.4142135380773287e-08,True
380,4,0.0,True
381,4,9.99999993922529e-09,True
382,4,1.7320507970423888e-08,True
383,4,1.7320508739608962e-08,True
384,4,1.4142135537782532e-08,True
385,4,9.99999993922529e-09,True
386,5,1.7320507970423888e-08,True
387,4,0.0,True
388,5,1.7320507970423888e-08,True
389,4,9.99999949513616e-09,True
390,5,1.7320508226818918e-08,True
391,4,0.0,True
392,4,0.0,True
393,4,9.99999993922529e-09,True
394,5,2.0000000161281665e-08,True
395,5,1.7320508996003992e-08,True
396,5,1.7320507393535082e-08,True
397,4,6.661338147750939e-16,True
398,5,1.2560739669470201e-15,True
399,4,1.4142135537782539e-08,True
400,4,1.7320507970423888e-08,True
401,5,1.7320507201238824e-08,True
402,4,9.99999905104687e-09,True
403,4,1.7320508483213938e-08,True
404,4,0.0,True
405,4,1.7320507970423888e-08,True
406,4,1.4142135537782532e-08,True
407,4,1.7320506944843804e-08,True
408,4,9.999999939225302e-09,True
409,5,1.7320507970423888e-08,True
410,4,1.0000000050247603e-08,True
411,4,4.440892098500626e-16,True
412,4,0.0,True
413,5,9.99999993922529e-09,True
414,4,1.7320508739608962e-08,True
415,4,0.0,True
416,5,2.482534153247273e-16,True
417,4,1.000000082740371e-08,True
418,5,1.7320508996004002e-08,True
419,4,1.4142135537782532e-08,True
420,5,3.1401849173675503e-16,True
421,4,0.0,True
422,5,0.0,True
423,4,9.99999993922529e-09,True
424,4,3.1401849173675503e-16,True
425,5,1.7320507970423888e-08,True
426,4,9.99999993922529e-09,True
427,4,0.0,True
428,4,0.0,True
429,4,3.8459253727671276e-16,True
430,4,0.0,True
431,4,0.0,True
432,4,2.220446049250313e-16,True
433,5,9.99999993922537e-09,True
434,5,1.414213553778256e-08,True
435,5,1.7320508162720156e-08,True
436,4,1.7320508996004002e-08,True
437,4,1.4142135537782532e-08,True
438,4,4.440892098500626e-16,True
439,4,9.99999993922537e-09,True
440,5,1.732050893190523e-08,True
441,4,0.0,True
442,4,9.99999949513608e-09,True
443,5,1.7320507970423888e-08,True
444,4,0.0,True
445,4,1.4142135537782532e-08,True
446,4,1.4142135537782532e-08,True
447,5,0.0,True
448,4,0.0,True
449,4,1.2560739669470201e-15,True
450,4,1.7320507970423888e-08,True
451,4,5.438959822042073e-16,True
452,4,1.4142136165819523e-08,True
453,5,3.1401849173675503e-16,True
454,4,9.99999993922537e-09,True
455,4,1.4142136793856499e-08,True
456,5,1.732050643205374e-08,True
457,4,1.00000003833145e-08,True
458,4,1.732050643205374e-08,True
459,4,4.440892098500626e-16,True
460,4,0.0,True
461,4,1.7320507970423888e-08,True
462,5,1.7320507714028868e-08,True
463,4,9.99999993922531e-09,True
464,4,1.7320508355016425e-08,True
465,4,1.0000000050247593e-08,True
466,4,1.7320507201238814e-08,True
467,5,1.7320509508794036e-08,True
468,4,1.4142135537782532e-08,True
469,4,1.7320507970423888e-08,True
470,4,0.0,True
471,4,1.414213553778256e-08,True
472,4,1.4142136165819543e-08,True
473,4,0.0,True
474,5,1.7320507970423888e-08,True
475,6,1.4142135537782545e-08,True
476,6,1.0000000383314505e-08,True
477,6,8.881784197001252e-16,True
478,4,1.732050777812762e-08,True
479,3,0.0,True
480,3,9.99999993922529e-09,True
481,3,0.0,True
482,4,1.732050848321395e-08,True
483,5,1.7320507906325133e-08,True
484,3,2.220446049250313e-16,True
485,5,3.000000011373535e-08,True
486,2,0.0,True
487,4,9.99999993922529e-09,True
488,5,1.538370149106851e-15,True
489,5,4.965068306494546e-16,True
490,4,9.99999993922537e-09,True
491,12,3.464101606303603e-08,True
492,24,2.3868685587481545e-16,True
493,10,4.358898871839883e-08,True
494,5,3.0000000409794815e-08,True
495,10,3.8729834781816344e-08,True
496,36,4.4721355703355895e-08,True
497,5,1.4142136165819523e-08,True
498,5,3.0000000409794815e-08,True
499,36,6.928202521543043e-08,True
500,6,3.4641015972897153e-08,True
501,24,3.9999995760098584e-08,True
502,7,1.7320507089066006e-08,True
503,14,3.464101030015737e-08,True
504,4,0.0,True
505,30,1.0392305833473958e-07,True
506,12,4.0000006862328856e-08,True
507,8,0.0,True
508,10,1.999999987845061e-08,True
509,12,3.4641015800631755e-08,True
510,32,9.797959509871615e-08,True
511,30,7.745966551760746e-08,True
512,10,1.7320508483214044e-08,True
513,30,5.999998468435178e-08,True
514,8,1.9999998546182954e-08,True
515,20,4.89897912945538e-08,True
516,12,3.4641015588304716e-08,True
517,12,2.0000001432762835e-08,True
518,54,1.8867962502493976e-07,True
519,2,0.0,True
520,13,3.741657286887044e-08,True
521,24,5.6568556595981956e-08,True
522,9,4.795831438606794e-08,True
523,18,3.4641016710032956e-08,True
524,20,5.824175385795272e-15,True
525,5,1.7320508226818928e-08,True
526,9,2.094764613337708e-15,True
527,40,3.061322976901446e-14,True
528,15,3.7416568329060976e-08,True
529,3,0.0,True
530,24,4.000001041504356e-08,True
531,5,1.00000003833145e-08,True
532,40,2.1546342493778146e-14,True
533,21,3.6055515540733594e-08,True
534,24,5.656854497729676e-08,True
535,60,9.797962845767035e-08,True
536,16,4.472135958619242e-08,True
537,28,3.999999309556637e-08,True
538,12,1.732050768197952e-08,True
539,4,0.0,True
540,28,5.6568543407204464e-08,True
541,24,3.46410182484048e-08,True
542,6,2.8284271075565064e-08,True
543,4,1.7320507970423888e-08,True
544,4,0.0,True
545,56,1.0770326930539918e-07,True
546,5,9.9999994951361e-09,True
547,40,7.999998619112906e-08,True
548,48,9.797961023715343e-08,True
549,12,2.8284272331639062e-08,True
550,8,2.8284270761546574e-08,True
551,12,3.999999542703225e-08,True
552,20,2.8284275471825474e-08,True
553,12,3.99999999928238e-08,True
554,12,3.1714313080323688e-15,True
555,9,2.4494898004159414e-08,True
556,24,5.656853508571504e-08,True
557,20,3.999999975690228e-08,True
558,9,2.2360679667030023e-08,True
559,36,6.928203816337369e-08,True
560,20,5.6568544496455985e-08,True
561,54,2.0000037181944284e-08,True
562,4,0.0,True
563,3,0.0,True
564,2,0.0,True
565,4,1.2560739669470201e-15,True
566,4,0.0,True
567,2,0.0,True
568,3,0.0,True
569,3,9.99999993922529e-09,True
570,4,1.2560739669470201e-15,True
571,2,0.0,True
572,4,4.440892098500626e-16,True
573,3,0.0,True
574,3,1.7320507970423888e-08,True
575,5,1.538370149106851e-15,True
576,4,1.7320507714028878e-08,True
577,3,0.0,True
578,3,0.0,True
579,2,0.0,True
580,3,0.0,True
581,5,0.0,True
582,4,4.440892098500626e-16,True
583,4,1.4142135537782532e-08,True
584,3,7.691850745534255e-16,True
585,2,0.0,True
586,4,0.0,True
587,4,1.7320507970423888e-08,True
588,3,0.0,True
589,4,1.7320507457633854e-08,True
590,4,0.0,True
591,3,1.6064700823479085e-16,True
592,3,1.7320507874275752e-08,True
593,2,0.0,True
594,2,0.0,True
595,5,4.965068306494546e-16,True
596,4,0.0,True
597,5,1.7320507970423888e-08,True
598,4,0.0,True
599,4,1.7320507970423888e-08,True
600,5,4.965068306494546e-16,True
601,5,2.482534153247273e-16,True
602,5,1.7320508611411452e-08,True
603,4,8.881784197001252e-16,True
604,4,1.00000003833145e-08,True
605,5,2.8284271389583557e-08,True
606,4,0.0,True
607,4,0.0,True
608,4,1.4142135537782532e-08,True
609,4,0.0,True
610,5,6.280369834735101e-16,True
611,4,0.0,True
612,5,1.7320508262874467e-08,True
613,4,0.0,True
614,4,0.0,True
615,5,1.4142134281708565e-08,True
616,5,1.7320508162720156e-08,True
617,5,9.99999993922529e-09,True
618,4,1.7320507970423888e-08,True
619,4,1.732050784222638e-08,True
620,4,0.0,True
621,4,1.7320507970423888e-08,True
622,4,1.4142136165819515e-08,True
623,32,5.656854243570939e-08,True
624,24,4.47213664279045e-08,True
625,20,3.464101294423115e-08,True
626,18,1.9999997880049295e-08,True
627,10,4.8989794659910006e-08,True
628,45,1.1704700014113725e-07,True
629,14,3.999999820258898e-08,True
630,12,3.4641013248700235e-08,True
631,32,3.464102465827952e-08,True
632,14,2.828427170360213e-08,True
633,36,4.898978105118545e-08,True
634,14,6.633249783953724e-08,True
635,18,4.000000167203608e-08,True
636,18,2.8284268131642138e-08,True
637,22,1.5744825799789052e-14,True
638,20,8.000000212282676e-08,True
639,12,3.461332835490415e-15,True
640,12,2.2360680433512473e-08,True
641,34,6.000000452033313e-08,True
642,9,2.0000000655606724e-08,True
643,18,2.0000000211517577e-08,True
644,22,3.872983320653961e-08,True
645,38,4.8989777878454954e-08,True
646,32,6.928203162530086e-08,True
647,42,1.2000000097304695e-07,True
648,19,6.244997750666717e-08,True
649,14,2.9999997893289416e-08,True
650,12,3.999999442783104e-08,True
651,10,3.464101683021803e-08,True
652,20,5.656854780346389e-08,True
653,13,5.3851645775204296e-08,True
654,20,2.828426479519546e-08,True
655,12,2.828427107556512e-08,True
656,12,3.1714313080323688e-15,True
657,18,3.9999999756901876e-08,True
658,20,3.0123931437527725e-15,True
659,20,4.000000464188308e-08,True
660,12,3.999999984016791e-08,True
661,12,2.000000032253979e-08,True
662,8,2.828427170360205e-08,True
663,20,2.8284266679306367e-08,True
664,12,3.464101472297147e-08,True
665,12,3.464101504346519e-08,True
666,12,2.828426762136181e-08,True
667,12,1.7320508355016617e-08,True
668,9,2.8284268563417143e-08,True
669,16,3.999999531600923e-08,True
670,14,3.9999998202589086e-08,True
671,20,5.656854128757928e-08,True
672,16,3.999999909076749e-08,True
673,16,2.8284274843787142e-08,True
674,16,3.4641017591390954e-08,True
675,18,6.324555274877794e-08,True
676,14,4.472135868239491e-08,True
677,4,0.0,True
678,12,5.6568542955802514e-08,True
679,12,2.9999999374220645e-08,True
680,12,6.928203111251053e-08,True
681,20,3.4641026196648824e-08,True
682,14,2.8284269505472635e-08,True
683,12,3.999999620418763e-08,True
684,10,2.0000000024167353e-08,True
685,16,5.291502564792739e-08,True
686,12,1.2560739669470201e-15,True
687,18,2.8284269645309497e-08,True
688,12,4.2305179100438405e-15,True
689,20,2.6457514318877522e-08,True
690,13,3.999999914627852e-08,True
691,24,6.928203223423933e-08,True
692,18,6.928202903731345e-08,True
693,12,3.999999975690125e-08,True
694,20,4.0000000867124384e-08,True
695,10,2.000000165480742e-08,True
696,11,3.3166247626669514e-08,True
697,12,2.0350724194510405e-15,True
698,12,1.000000438012023e-08,True
699,12,3.999999975690126e-08,True
700,16,3.999999975690121e-08,True
701,12,6.324555419164857e-08,True
702,20,6.92820336123627e-08,True
703,14,4.472136861253153e-08,True
704,8,9.930136612989092e-16,True
705,14,4.472135956369446e-08,True
706,12,3.162277649726868e-08,True
707,13,9.99999816286847e-09,True
708,12,4.8989795232134066e-08,True
709,18,2.8284261026973593e-08,True
710,16,4.472135927820303e-08,True
711,20,2.8284271703604075e-08,True
712,17,3.162277475062855e-08,True
713,20,4.000000064507989e-08,True
714,12,3.464101613314405e-08,True
715,13,2.8284274372759316e-08,True
716,30,9.165150520181814e-08,True
717,20,4.472136583209417e-08,True
718,18,1.9999999878450683e-08,True
719,14,6.928202726658511e-08,True
720,12,2.0000001654807453e-08,True
721,16,4.472135907960045e-08,True
722,18,5.999999460234077e-08,True
723,20,2.828427986808441e-08,True
724,12,4.000000330961493e-08,True
725,13,4.000000076304086e-08,True
726,16,5.2915029246210574e-08,True
727,16,5.656854089505619e-08,True
728,20,5.656854466327993e-08,True
729,16,3.794299872214038e-15,True
730,20,4.898979347013764e-08,True
731,12,3.820199830714189e-15,True
732,18,5.2915027410351814e-08,True
733,10,4.123105686725578e-08,True
734,20,2.828427174285453e-08,True
735,16,3.464101180647837e-08,True
736,16,3.999999886872291e-08,True
737,20,4.0000003309614966e-08,True
738,14,3.464101901758807e-08,True
739,12,2.2183634043813167e-15,True
740,14,3.464101581265028e-08,True
741,16,4.8989791113255273e-08,True
742,12,3.4641014530675164e-08,True
743,12,2.8284270879303517e-08,True
744,14,7.211102461684453e-08,True
745,12,3.66205343881779e-15,True
746,14,4.213000162292041e-15,True
747,12,2.2360679539800258e-08,True
748,14,3.4641017479217924e-08,True
749,6,9.99999993922533e-09,True
750,20,4.898979535111157e-08,True
751,12,4.000000153325803e-08,True
752,12,2.000000076662925e-08,True
753,16,2.8284272017620596e-08,True
754,9,4.8989795917669475e-08,True
755,20,5.656854309318572e-08,True
756,8,1.7320509508794036e-08,True
757,20,6.000000013495238e-08,True
758,12,2.8284271389583888e-08,True
759,16,8.837263695108517e-15,True
760,14,2.8284266679306255e-08,True
761,12,5.291502743133303e-08,True
762,14,8.24621125497294e-08,True
763,17,1.4142135655539496e-08,True
764,10,2.8284271075565355e-08,True
765,12,2.8284272017620748e-08,True
766,12,2.8284272331639085e-08,True
767,12,1.999999987845068e-08,True
768,16,3.4968730166494453e-15,True
769,8,2.000000076662904e-08,True
770,14,2.8284272959676088e-08,True
771,8,2.2360680017688005e-08,True
772,20,2.8284274215750447e-08,True
773,16,3.464101876119306e-08,True
774,16,5.656854215113024e-08,True
775,20,5.656854136608396e-08,True
776,14,3.464102363269852e-08,True
777,24,1.4862948768973367e-14,True
778,12,2.8284271801732835e-08,True
779,20,5.291502420022174e-08,True
780,12,3.999999997894585e-08,True
781,19,3.60555113346239e-08,True
782,16,7.6926519382603e-15,True
783,15,4.69041611662135e-08,True
784,16,3.999999798054445e-08,True
785,8,2.0000000536019205e-08,True
786,20,5.6568538382908424e-08,True
787,12,1.6910413304902302e-15,True
788,14,3.4641017927909434e-08,True
789,14,1.999999996171788e-08,True
790,14,6.153480596427404e-15,True
791,20,5.6568540424028784e-08,True
792,12,4.000000042303509e-08,True
793,18,2.8284271242388034e-08,True
794,16,5.291502642423339e-08,True
795,12,3.999999886872296e-08,True
796,18,6.633249285991342e-08,True
797,12,4.472136007261402e-08,True
798,16,4.000000242143645e-08,True
799,12,1.2563805882055718e-15,True
800,18,4.8989791113254956e-08,True
801,14,3.4641015940847776e-08,True
802,14,3.4641015940847776e-08,True
803,12,6.928202880495526e-08,True
804,16,3.999999848014497e-08,True
805,12,2.4850154473731614e-15,True
806,12,4.000000097814652e-08,True
807,20,6.928203048754784e-08,True
808,13,3.872983208006149e-08,True
809,14,6.928203495843585e-08,True
810,16,3.9999998424633604e-08,True
811,20,3.999999598214431e-08,True
812,12,4.2305179100438405e-15,True
813,18,4.898978930026847e-08,True
814,12,3.464101671003285e-08,True
815,14,3.4641017479217924e-08,True
816,18,2.8284271389585956e-08,True
817,14,2.8284272331639082e-08,True
818,12,5.197930934883577e-15,True
819,14,6.928202418984481e-08,True
820,12,2.8284272017620553e-08,True
821,18,6.324555046673649e-08,True
822,12,1.9999999434361453e-08,True
823,18,3.000000026176509e-08,True
824,6,1.7320507970423888e-08,True
825,5,2.4494897403607582e-08,True
826,16,4.000000597415052e-08,True
827,20,5.656854215113063e-08,True
828,14,5.6568544427764326e-08,True
829,12,3.999999975690117e-08,True
830,12,2.8284269662481892e-08,True
831,10,2.8284268563417143e-08,True
832,24,4.468561475845092e-15,True
833,11,1.4142137421893635e-08,True
834,20,5.291503101912581e-08,True
835,11,4.242640799070514e-08,True
836,14,2.8284272743788397e-08,True
837,8,2.0000000607901832e-08,True
838,14,3.4641012864107487e-08,True
839,14,3.464101594084785e-08,True
840,20,6.928203317969543e-08,True
841,18,3.464101671003424e-08,True
842,20,3.464101235131754e-08,True
843,14,4.8989795555072286e-08,True
844,16,5.656854152309332e-08,True
845,12,2.4494897601903057e-08,True
846,18,2.8284269976500385e-08,True
847,5,7.691850745534255e-16,True
848,14,6.000000111564927e-08,True
849,14,1.9999997658004866e-08,True
850,14,4.440892098500626e-15,True
851,14,4.472135828518942e-08,True
852,5,1.9859680258536323e-05,True
853,12,4.472135868239502e-08,True
854,12,2.196025632989205e-15,True
855,14,3.3166248143431894e-08,True
856,14,3.4641015099551683e-08,True
857,14,2.8284270476967337e-08,True
858,14,5.2915026129479285e-08,True
859,20,2.449489804948508e-08,True
860,12,2.9999999373586674e-08,True
861,18,4.898979383273499e-08,True
862,10,3.46410169664279e-08,True
863,8,2.8284271703602047e-08,True
864,12,3.464101499539117e-08,True
865,20,5.999999861764736e-08,True
866,14,3.4641017799711745e-08,True
867,20,5.656853838290845e-08,True
868,24,4.898980108468145e-08,True
869,16,3.2023728339893768e-15,True
870,12,2.8284271625097435e-08,True
871,12,3.999999784176651e-08,True
872,16,3.9999996648276944e-08,True
873,20,3.464101465887348e-08,True
874,20,5.656854466327818e-08,True
875,6,2.8284272331639033e-08,True
876,13,3.16227774276393e-08,True
877,18,6.633249561318973e-08,True
878,12,2.0000001654807496e-08,True
879,19,4.358898417832475e-08,True
880,12,5.656854246514865e-08,True
881,10,3.46410164856878e-08,True
882,8,3.46410160690453e-08,True
883,14,3.4641016870279896e-08,True
884,16,3.9999998202589006e-08,True
885,12,6.705600017716362e-15,True
886,13,2.6457513018757387e-08,True
887,12,4.472135967540852e-08,True
888,16,2.8284269505472725e-08,True
889,8,3.4641015684452756e-08,True
890,14,5.291502631932717e-08,True
891,14,5.291502560596499e-08,True
892,12,2.000000076662905e-08,True
893,16,4.472135957610715e-08,True
894,14,2.828426919145423e-08,True
895,12,2.8284269662481948e-08,True
896,10,3.464101654177365e-08,True
897,16,1.7320505150078675e-08,True
898,16,3.999999864667816e-08,True
899,16,3.464101119754023e-08,True
900,12,4.8989795107491116e-08,True
901,16,3.999999975690267e-08,True
902,16,6.646518689688359e-15,True
903,16,4.582575640455615e-08,True
904,12,4.898979854650006e-08,True
905,8,1.999999899027224e-08,True
906,14,1.999999899027232e-08,True
907,14,3.999999953485663e-08,True
908,14,4.898979405935856e-08,True
909,18,4.447912179969771e-15,True
910,12,2.449489709766611e-08,True
911,18,4.898979265429392e-08,True
912,12,3.4641015492156504e-08,True
913,16,4.898979297586963e-08,True
914,12,3.741657429312453e-08,True
915,12,2.4494896916367446e-08,True
916,32,2.8284271939116054e-08,True
917,12,3.4641015428057735e-08,True
918,20,3.999999709236605e-08,True
919,14,3.464101553221825e-08,True
920,12,2.00000007666291e-08,True
921,14,4.000000375370408e-08,True
922,14,6.000000466836286e-08,True
923,20,2.828427186061187e-08,True
924,12,4.000000108916911e-08,True
925,14,1.9999995437558836e-08,True
926,16,3.999999620418806e-08,True
927,18,1.9999996325736948e-08,True
928,16,1.999999810209419e-08,True
929,14,4.898979478455286e-08,True
930,5,1.732050848321394e-08,True
931,20,5.656854183711164e-08,True
932,16,6.000000052353037e-08,True
933,8,1.7320507201238814e-08,True
934,18,3.464101337689912e-08,True
935,12,1.538370149106851e-15,True
936,16,4.472135669636751e-08,True
937,7,2.2360679440498787e-08,True
938,20,6.92820323944858e-08,True
939,12,3.741657458984416e-08,True
940,14,1.4142135635914328e-08,True
941,14,4.898979573637083e-08,True
942,7,2.236067973840294e-08,True
943,10,4.0000001422235824e-08,True
944,12,2.828427076154663e-08,True
945,10,3.464101414608268e-08,True
946,18,4.472135669636771e-08,True
947,20,3.609505629278167e-15,True
948,8,2.7194799110210365e-16,True
949,11,3.464101603699592e-08,True
950,20,5.291502317214131e-08,True
951,14,2.8284271703602057e-08,True
952,20,3.999999842463365e-08,True
953,14,2.8284271075565176e-08,True
954,8,2.5121479338940403e-15,True
955,12,3.4641015940847776e-08,True
956,14,4.6151104473205536e-15,True
957,16,6.928202984656043e-08,True
958,12,3.7416572453463224e-08,True
959,16,5.65685428576718e-08,True
960,12,2.000000032253988e-08,True
961,20,1.9999998102098102e-08,True
962,7,1.7320507778127646e-08,True
963,16,4.4721356894970454e-08,True
964,16,3.999999991996557e-08,True
965,8,2.0000000322539833e-08,True
966,8,3.464101744716855e-08,True
967,12,5.291502518634002e-08,True
968,16,8.000000178975968e-08,True
969,12,2.828427044752812e-08,True
970,18,2.8284269819491138e-08,True
971,12,2.828427358771301e-08,True
972,16,3.9999995316009705e-08,True
973,8,1.2560739669470201e-15,True
974,14,4.898978494910051e-08,True
975,12,1.9999998990272416e-08,True
976,20,1.9999999933962073e-08,True
977,12,4.8989795827020214e-08,True
978,12,2.8284270761546783e-08,True
979,14,3.66205343881779e-15,True
980,12,3.1714313080323688e-15,True
981,18,4.472135947680627e-08,True
982,16,9.607118501968132e-15,True
983,6,1.4142136165819516e-08,True
984,12,4.4721359079600304e-08,True
985,12,3.464101584069355e-08,True
986,16,2.828427060453754e-08,True
987,7,2.236067944205046e-08,True
988,6,1.7320508355016425e-08,True
989,18,6.324555380202795e-08,True
990,12,4.898979532844921e-08,True
991,12,1.538370149106851e-15,True
992,16,6.633249754634114e-08,True
993,12,5.898043491489361e-15,True
994,16,5.999999941330718e-08,True
995,10,5.1961525065049275e-08,True
996,12,1.9860273225978185e-15,True
997,14,1.538370149106851e-15,True
998,20,4.000000242143684e-08,True
999,12,4.898979582702033e-08,True
1000,18,3.4641016453637955e-08,True
1001,12,1.1537776118301384e-15,True
1002,14,4.4721364441874236e-08,True
1003,20,6.094103076221139e-15,True
1004,20,2.8284277041918575e-08,True
1005,18,5.656853961935613e-08,True
1006,12,3.464101529986081e-08,True
1007,12,4.8989795373773506e-08,True
1008,20,5.6568547175427015e-08,True
1009,14,1.999999865720535e-08,True
1010,12,1.538370149106851e-15,True
1011,12,1.9999998102094026e-08,True
1012,18,4.000000557169451e-08,True
1013,12,5.6568542916550207e-08,True
1014,12,3.999999798054445e-08,True
1015,16,6.928203547122593e-08,True
1016,16,1.3334236103572998e-15,True
1017,36,4.123105568079082e-08,True
1018,12,2.499851492298633e-15,True
1019,12,3.999999975690125e-08,True
1020,16,9.678699938266253e-16,True
1021,12,2.82842704475281e-08,True
1022,14,2.828426887743563e-08,True
1023,16,3.4641022863513514e-08,True
1024,18,3.4641015684452756e-08,True
1025,16,6.936895214610187e-15,True
1026,14,5.999999919126257e-08,True
1027,18,2.2360681625129547e-08,True
1028,12,3.872983301170107e-08,True
1029,18,4.898979213306019e-08,True
1030,14,6.928202572821496e-08,True
1031,20,8.000000095709243e-08,True
1032,19,4.89897963093031e-08,True
1033,20,3.999999464987579e-08,True
1034,4,0.0,True
1035,18,2.8284272017620708e-08,True
1036,16,2.828427311668542e-08,True
1037,16,5.99999969708165e-08,True
1038,8,3.4641016453637836e-08,True
1039,12,2.00000016548075e-08,True
1040,12,4.000000008996808e-08,True
1041,20,1.0546534389844024e-14,True
1042,10,1.7320506816646313e-08,True
1043,20,1.74499372324175e-14,True
1044,12,5.6568543897858e-08,True
1045,12,3.464101813222485e-08,True
1046,20,4.021398830883446e-15,True
1047,10,1.9999997213915384e-08,True
1048,20,6.928204059912779e-08,True
1049,18,4.8989792291696505e-08,True
1050,9,3.3166248237578845e-08,True
1051,14,6.928202957414033e-08,True
1052,12,2.0000001654807996e-08,True
1053,14,6.153480596427404e-15,True
1054,19,5.196152297115685e-08,True
1055,15,2.4494895456063812e-08,True
1056,14,2.828426989799579e-08,True
1057,12,2.828427264565754e-08,True
1058,20,6.92820345738434e-08,True
1059,19,2.6457510264253213e-08,True
1060,20,3.464101260771245e-08,True
1061,14,3.000000015074304e-08,True
1062,20,5.6568555653925683e-08,True
1063,20,3.4641011838527386e-08,True
1064,18,5.2915028831831297e-08,True
1065,18,3.4641025555661346e-08,True
1066,12,3.162277916550175e-08,True
1067,6,0.0,True
1068,18,4.472135768938121e-08,True
1069,12,5.6568542916550207e-08,True
1070,20,4.690415712381641e-08,True
1071,12,6.928203367646077e-08,True
1072,14,2.2644195468014703e-15,True
1073,15,1.0000003936028978e-08,True
1074,8,3.464101600494653e-08,True
1075,18,5.291503014840414e-08,True
1076,12,3.999999886872292e-08,True
1077,20,3.0362568461258086e-15,True
1078,20,4.472136061877156e-08,True
1079,18,4.4721358384491034e-08,True
1080,8,2.7194799110210365e-16,True
1081,20,4.0000003753704275e-08,True
1082,18,8.485281228463972e-08,True
1083,14,2.8284270977434348e-08,True
1084,12,4.472135960093248e-08,True
1085,16,5.656853779412379e-08,True
1086,12,4.00000077505071e-08,True
1087,20,1.999999810209384e-08,True
1088,18,3.999999785911413e-08,True
1089,16,3.999999664827679e-08,True
1090,16,2.8284270761546594e-08,True
1091,10,2.8284271703602143e-08,True
1092,12,4.4721358858487575e-08,True
1093,20,5.656854120907467e-08,True
1094,16,3.4641018504798164e-08,True
1095,20,6.928202777937545e-08,True
1096,16,7.435179427807457e-15,True
1097,12,3.316624636300775e-08,True
1098,12,2.828427233163916e-08,True
1099,12,1.9229626863835638e-16,True
1100,12,4.8989796552214784e-08,True
1101,12,4.472136051947013e-08,True
1102,20,4.898978975351608e-08,True
1103,12,2.8284271389583726e-08,True
1104,14,3.605551230803041e-08,True
1105,16,4.000000819459618e-08,True
1106,20,3.999999576009857e-08,True
1107,12,2.8284271232574423e-08,True
1108,16,8.944271935236866e-08,True
1109,14,4.148135544450461e-15,True
1110,12,4.000000242143644e-08,True
1111,12,1.922962686383564e-15,True
1112,8,2.082963028648268e-15,True
1113,16,4.000000597415026e-08,True
1114,18,5.477225568874857e-08,True
1115,12,1.9999999989473088e-08,True
1116,12,2.8284272645658157e-08,True
1117,12,3.9999999895679383e-08,True
1118,12,3.9999999423834274e-08,True
1119,10,4.4721360271216703e-08,True
1120,10,3.464101299230499e-08,True
1121,18,5.656854215113013e-08,True
1122,14,3.4641011325737325e-08,True
1123,6,4.440892098500626e-16,True
1124,16,1.999999721391576e-08,True
1125,12,1.9999999212316796e-08,True
1126,18,4.472136146283323e-08,True
1127,10,4.472136007261398e-08,True
1128,12,2.8284274686778236e-08,True
1129,20,3.9999997092366736e-08,True
1130,14,3.9999999756901346e-08,True
1131,7,2.9999999003512394e-08,True
1132,18,2.828427085967739e-08,True
1133,8,8.881784197001252e-16,True
1134,18,3.0000004110538314e-08,True
1135,8,2.8284271075565084e-08,True
1136,12,2.8284271075565176e-08,True
1137,12,1.4217791915866692e-15,True
1138,20,5.656854328944727e-08,True
1139,18,6.32455514848779e-08,True
1140,16,5.6568541052065624e-08,True
1141,12,3.4641018761193224e-08,True
1142,8,1.9860273225978185e-15,True
1143,14,4.000000026690987e-08,True
1144,14,6.928202803577018e-08,True
1145,12,6.324555219582165e-08,True
1146,5,1.7320507970423888e-08,True
1147,16,5.6568544035241106e-08,True
1148,2,0.0,True
1149,8,9.999999939225467e-09,True
1150,14,4.8989793470137777e-08,True
1151,14,5.6568535870760315e-08,True
1152,12,5.6568543014680985e-08,True
1153,14,1.9999998324138455e-08,True
1154,8,1.732050803452265e-08,True
1155,12,3.464101837660076e-08,True
1156,14,4.4721360699453884e-08,True
1157,18,5.3851649836620353e-08,True
1158,20,6.928203144902899e-08,True
1159,20,5.656855596794478e-08,True
1160,10,1.4728772827674634e-15,True
1161,14,4.8989796189617456e-08,True
1162,18,2.0000000322539794e-08,True
1163,12,2.0000000100495275e-08,True
1164,12,2.3603665272841412e-15,True
1165,16,4.898979927169515e-08,True
1166,16,4.472135893685504e-08,True
1167,14,4.0000000645079707e-08,True
1168,18,5.6568547175426135e-08,True
1169,20,2.8284272959676244e-08,True
1170,14,2.0000000211517498e-08,True
1171,20,3.999999981241456e-08,True
1172,12,3.999999886872276e-08,True
1173,12,2.82842729596763e-08,True
1174,8,5.196152442406173e-08,True
1175,20,3.464102235072341e-08,True
1176,10,1.1322097734007351e-15,True
1177,14,3.464101802806389e-08,True
1178,12,2.828426730734322e-08,True
1179,14,2.0000002987075562e-08,True
1180,12,4.8989794965851504e-08,True
1181,18,6.324555154192982e-08,True
1182,17,2.4494897822860767e-08,True
1183,16,4.472135966299586e-08,True
1184,12,2.828426856341716e-08,True
1185,8,2.000000165480742e-08,True
1186,14,4.472135848379239e-08,True
1187,16,3.9999998202589185e-08,True
1188,16,5.291502661306454e-08,True
1189,14,2.8284270447528128e-08,True
1190,16,3.9999998424633565e-08,True
1191,20,9.797959491741624e-08,True
1192,11,2.9999998189349e-08,True
1193,10,2.8284267935380376e-08,True
1194,4,9.99999993922529e-09,True
1195,7,3.316624796978297e-08,True
1196,8,1.999999899027216e-08,True
1197,11,1.0000001715583155e-08,True
1198,8,1.7763568394002505e-15,True
1199,11,4.8989796552214784e-08,True
1200,11,1.732050803452266e-08,True
1201,10,4.358898923417159e-08,True
1202,11,3.741657399640499e-08,True
1203,11,2.828427117369586e-08,True
1204,7,1.7320510534374196e-08,True
1205,12,1.7320511047164495e-08,True
1206,40,2.8284252548482587e-08,True
1207,12,5.291502648717713e-08,True
1208,4,0.0,True
1209,4,0.0,True
1210,4,0.0,True
1211,3,0.0,True
1212,7,1.414213553778256e-08,True
1213,8,3.741657415960055e-08,True
1214,11,3.3166246070106455e-08,True
1215,12,3.999999820258897e-08,True
1216,6,1.999999943436137e-08,True
1217,8,2.449489827610741e-08,True
1218,7,2.828427189986361e-08,True
1219,40,2.828427594285264e-08,True
1220,8,3.552713678800501e-15,True
1221,44,6.000003575462834e-08,True
1222,11,3.1622777216988986e-08,True
1223,10,5.011880016487878e-16,True
1224,11,4.5825755798879886e-08,True
1225,7,1.999999987845059e-08,True
1226,7,1.3322676295501878e-15,True
1227,11,2.2360681029320676e-08,True
1228,7,1.9999999018027756e-08,True
1229,10,2.000000010049525e-08,True
1230,10,4.000000042303498e-08,True
1231,48,7.74596647047743e-08,True
1232,40,9.86611406808546e-15,True
1233,7,1.414213553778256e-08,True
1234,36,7.483314757740217e-08,True
1235,8,2.3075552236602768e-15,True
1236,48,6.63325011113737e-08,True
1237,11,3.605551244313744e-08,True
1238,11,2.2360679939395184e-08,True
1239,6,1.7320508355016425e-08,True
1240,8,3.6055512089028886e-08,True
1241,8,9.999999939225294e-09,True
1242,11,4.358898848279886e-08,True
1243,6,3.464101747921799e-08,True
1244,10,2.0000001654807483e-08,True
1245,10,3.972054645195637e-15,True
1246,6,1.9999999878450587e-08,True
1247,9,2.4494898638704743e-08,True
1248,6,2.0000000766629014e-08,True
1249,7,1.732050848321394e-08,True
1250,16,3.9999999090767664e-08,True
1251,5,1.4142135537782532e-08,True
1252,48,4.472136394536731e-08,True
1253,32,7.999999818153475e-08,True
1254,10,1.9999998990272244e-08,True
1255,8,3.464101440247763e-08,True
1256,10,3.464101824840313e-08,True
1257,11,2.6457517313949883e-08,True
1258,48,4.898979455436902e-08,True
1259,44,4.0000002643481025e-08,True
1260,14,4.898979632559155e-08,True
1261,36,6.92820341812386e-08,True
1262,8,2.0000000544584395e-08,True
1263,12,5.656854326000793e-08,True
1264,7,9.999999939225342e-09,True
1265,16,3.464101592482309e-08,True
1266,7,9.99999905104689e-09,True
1267,14,8.673617379884035e-19,True
1268,12,5.254534392573277e-15,True
1269,12,6.928203303547317e-08,True
1270,8,2.828427180173285e-08,True
1271,24,6.811378861017111e-15,True
1272,36,8.000000073504818e-08,True
1273,14,1.0000000001675335e-08,True
1274,24,5.65685412090754e-08,True
1275,18,3.718004137818276e-15,True
1276,4,0.0,True
1277,10,5.204170427930421e-18,True
1278,16,5.656854249213458e-08,True
1279,5,1.000000082740372e-08,True
1280,24,6.928203470204109e-08,True
1281,36,7.999997375662982e-08,True
1282,10,3.4641016020971276e-08,True
1283,8,0.0,True
1284,20,4.4721359501631724e-08,True
1285,24,4.0000000867124186e-08,True
1286,34,6.928202332651482e-08,True
1287,30,6.000000984940404e-08,True
1288,10,3.464101542805778e-08,True
1289,30,7.483314938739267e-08,True
1290,12,3.9999993983741704e-08,True
1291,20,5.656854254365325e-08,True
1292,20,4.00000108591323e-08,True
1293,24,4.4721362853052324e-08,True
1294,9,5.19615250650493e-08,True
1295,3,0.0,True
1296,26,3.4641014915268105e-08,True
1297,24,4.000000153325817e-08,True
1298,20,5.656854257839324e-08,True
1299,18,7.48331492522452e-08,True
1300,8,2.8284272645657565e-08,True
1301,12,2.2360679043293324e-08,True
1302,4,0.0,True
1303,28,9.797958956910615e-08,True
1304,8,1.9860273225978185e-15,True
1305,41,1.558845728875926e-07,True
1306,24,5.656854434925961e-08,True
1307,10,2.8284272959676045e-08,True
1308,24,3.999999886872287e-08,True
1309,14,6.324555197639487e-08,True
1310,5,1.000000038331452e-08,True
1311,8,2.8284270565285014e-08,True
1312,8,2.0000000100495192e-08,True
1313,12,3.464101626134159e-08,True
1314,34,5.1961523996738446e-08,True
1315,12,1.734723475976807e-18,True
1316,15,9.999999495136573e-09,True
1317,16,4.6151104473205536e-15,True
1318,24,2.0116800053149086e-14,True
1319,34,6.928202285979595e-08,True
1320,18,4.472136053188281e-08,True
1321,22,6.000000076407849e-08,True
1322,12,4.898979555507214e-08,True
1323,27,2.4494895035394832e-08,True
1324,12,5.6568542425896313e-08,True
1325,16,6.928203274702878e-08,True
1326,16,3.000000070585433e-08,True
1327,20,6.928203239448623e-08,True
1328,8,3.4641015940847796e-08,True
1329,9,2.999999981767591e-08,True
1330,14,2.8284269191454232e-08,True
1331,28,4.884981308350689e-15,True
1332,16,3.999999664827685e-08,True
1333,32,1.9999993661208833e-08,True
1334,2,0.0,True
1335,28,1.3856407260901988e-07,True
1336,16,2.6272671962866384e-15,True
1337,20,6.928203257075741e-08,True
1338,6,1.7320508739608972e-08,True
1339,5,9.9999999392253e-09,True
1340,12,5.656854230813955e-08,True
1341,10,2.0000000877651524e-08,True
1342,14,6.928202572821496e-08,True
1343,15,2.9999999706653575e-08,True
1344,20,6.928203454179414e-08,True
1345,22,3.999999936832395e-08,True
1346,28,8.944272590470744e-08,True
1347,32,9.797960579533653e-08,True
1348,12,4.0000004197793385e-08,True
1349,16,6.928202906135043e-08,True
1350,9,1.9875783008292022e-15,True
1351,24,7.847517817866122e-15,True
1352,16,4.00000006450796e-08,True
1353,12,1.9860273225978185e-15,True
1354,12,1.4142133339654858e-08,True
1355,24,3.999999265147438e-08,True
1356,8,1.538370149106851e-15,True
1357,16,3.999999853565586e-08,True
1358,6,2.000000000335068e-08,True
1359,4,0.0,True
1360,32,5.656854297542876e-08,True
1361,28,4.000000730642196e-08,True
1362,6,2.8284271075565064e-08,True
1363,10,3.464101812020551e-08,True
1364,16,1.0274212859381814e-14,True
1365,12,4.000000064507971e-08,True
1366,6,2.8284271075565064e-08,True
1367,28,8.485280851641782e-08,True
1368,32,8.000000462082832e-08,True
1369,21,5.477225598519489e-08,True
1370,8,3.464101638953907e-08,True
1371,6,3.464101600494654e-08,True
1372,8,1.9999999878450584e-08,True
1373,16,3.5038047658940695e-15,True
1374,12,5.6568542151130154e-08,True
1375,16,4.472135915407633e-08,True
1376,12,3.999999958342883e-08,True
1377,20,3.9999998868723344e-08,True
1378,20,5.656854466327825e-08,True
1379,14,1.999999987845062e-08,True
1380,24,5.6568541837111675e-08,True
1381,18,2.8284274922291935e-08,True
1382,20,7.999999011854107e-08,True
1383,6,2.0000000766629023e-08,True
1384,12,1.3322676295501878e-15,True
1385,16,3.3893637946200144e-15,True
1386,32,9.24239830246315e-15,True
1387,12,3.999999753645515e-08,True
1388,14,3.4641011325737325e-08,True
1389,16,6.928203233038686e-08,True
1390,14,4.4721358931424205e-08,True
1391,14,3.1622776825860193e-08,True
1392,16,5.6568544349259625e-08,True
1393,8,2.8284271703602053e-08,True
1394,24,3.4641018328526935e-08,True
1395,14,2.8284271389583557e-08,True
1396,20,4.0000000645080573e-08,True
1397,8,1.3322676295501878e-15,True
1398,24,6.63324944666887e-08,True
1399,16,4.000000286552567e-08,True
1400,6,7.691850745534255e-16,True
1401,15,1.732050745763384e-08,True
1402,24,4.472135835966563e-08,True
1403,24,5.656854215113383e-08,True
1404,16,1.5423711185402538e-15,True
1405,16,4.0000001533258034e-08,True
1406,24,3.999998021697975e-08,True
1407,24,1.13137081476094e-07,True
1408,16,3.999999964587888e-08,True
1409,16,7.745966398812783e-08,True
1410,10,4.4721360196740696e-08,True
1411,14,5.291502431561896e-08,True
1412,14,4.898979279026801e-08,True
1413,12,3.4119325240761498e-15,True
1414,8,2.828427140920971e-08,True
1415,32,1.0981671588863974e-14,True
1416,20,6.928204111191645e-08,True
1417,16,0.0007466955234908012,True
1418,24,8.717796937546013e-08,True
1419,18,4.472136171108669e-08,True
1420,4,1.7320507970423888e-08,True
1421,18,6.00000005235303e-08,True
1422,7,1.0000000494336904e-08,True
1423,18,8.944271569916447e-08,True
1424,12,3.999999886872274e-08,True
1425,10,4.47213594768058e-08,True
1426,10,3.4641016966427916e-08,True
1427,14,5.999999674877197e-08,True
1428,28,4.898979358344942e-08,True
1429,16,4.000000064507959e-08,True
1430,12,6.928203726599107e-08,True
1431,24,5.6568539324964545e-08,True
1432,24,7.999999418473269e-08,True
1433,20,5.656854717542762e-08,True
1434,16,4.000000064507958e-08,True
1435,14,4.472135888099756e-08,True
1436,16,5.582114810376975e-15,True
1437,14,3.464101552420587e-08,True
1438,6,2.8284271075565067e-08,True
1439,10,4.000000056181287e-08,True
1440,7,1.999999998947289e-08,True
1441,12,4.4721358880997614e-08,True
1442,10,7.48331488236244e-08,True
1443,8,6.4018582627671775e-16,True
1444,20,5.6568542646384356e-08,True
1445,16,6.928203393285726e-08,True
1446,8,1.999999987845062e-08,True
1447,24,3.9999999756902306e-08,True
1448,8,3.4641015812650266e-08,True
1449,8,2.8284271782106675e-08,True
1450,6,1.7320507842226378e-08,True
1451,10,4.000000020099039e-08,True
1452,6,2.828427147299472e-08,True
1453,8,4.611102534756203e-16,True
1454,8,2.8284271311078935e-08,True
1455,6,3.464101626134156e-08,True
1456,16,1.0000000161270729e-08,True
1457,6,2.8284271703602066e-08,True
1458,8,8.881784197001252e-16,True
1459,10,2.828427162509743e-08,True
1460,12,2.449489764156211e-08,True
1461,20,6.92820332758436e-08,True
1462,6,1.2560739669470201e-15,True
1463,8,2.220446049250313e-16,True
1464,10,2.8284272959676078e-08,True
1465,8,2.828427107556507e-08,True
1466,12,3.4641016645934174e-08,True
1467,12,2.8284270761546574e-08,True
1468,8,2.8284271627550697e-08,True
1469,8,3.4641015107563953e-08,True
1470,10,3.464101709462539e-08,True
1471,10,2.8284270133509595e-08,True
1472,9,1.7320508258868292e-08,True
1473,12,1.4142135537782783e-08,True
1474,8,4.0000000089968095e-08,True
1475,12,5.6568540993187093e-08,True
1476,12,4.898979664286412e-08,True
1477,9,1.4142137421893482e-08,True
1478,12,3.999999997894579e-08,True
1479,16,1.9999999767428305e-08,True
1480,8,2.0000000322539794e-08,True
1481,6,2.000000032253981e-08,True
1482,12,3.076740298213702e-15,True
1483,8,2.000000076662904e-08,True
1484,20,3.99999999789459e-08,True
1485,12,9.99999993922533e-09,True
1486,6,2.8284271075565064e-08,True
1487,12,2.4494898366756765e-08,True
1488,8,3.8459253727671276e-16,True
1489,12,6.92820334200657e-08,True
1490,8,0.00041884763243933633,True
1491,10,1.9999999878450594e-08,True
1492,8,8.881784197001252e-16,True
1493,12,4.0000001533258245e-08,True
1494,16,6.928203055164638e-08,True
1495,20,4.89897918384496e-08,True
1496,8,4.000000025650156e-08,True
1497,5,9.9999999392253e-09,True
1498,8,4.000000103365765e-08,True
1499,12,4.472135973383535e-08,True
1500,16,6.928203059972045e-08,True
1501,12,5.656854254365325e-08,True
1502,12,3.999999975690118e-08,True
1503,10,1.999999987845058e-08,True
1504,8,3.1401849173675503e-16,True
1505,9,4.123105453692507e-08,True
1506,2,0.0,True
1507,10,4.0000000284257104e-08,True
1508,8,7.691850745534255e-16,True
1509,8,2.8284271860611293e-08,True
1510,8,2.8284271703602057e-08,True
1511,12,1.538370149106851e-15,True
1512,20,5.6568542720288676e-08,True
1513,10,3.464101622929226e-08,True
1514,8,0.0,True
1515,8,1.999999987845062e-08,True
1516,12,2.8284272331639062e-08,True
1517,12,5.6568542268887064e-08,True
1518,6,3.000000003972048e-08,True
1519,6,3.464101633345266e-08,True
1520,8,4.0000000048334705e-08,True
1521,8,1.9999999878450624e-08,True
1522,8,1.999999943436138e-08,True
1523,10,3.9999999756901194e-08,True
1524,16,3.9999999978945845e-08,True
1525,12,3.464101465887268e-08,True
1526,8,3.46410161972428e-08,True
1527,8,2.8284270055005e-08,True
1528,16,3.4641014402477694e-08,True
1529,8,2.0000000211517488e-08,True
1530,10,2.000000098867364e-08,True
1531,6,0.0,True
1532,4,0.0,True
1533,12,5.656854277916726e-08,True
1534,6,2.828427201762054e-08,True
1535,16,3.9999999756901406e-08,True
1536,8,2.0000000988673612e-08,True
1537,6,1.0877919644084146e-15,True
1538,6,1.999999987845058e-08,True
1539,10,2.8284271271826734e-08,True
1540,6,2.8284271389583557e-08,True
1541,12,3.999999975690126e-08,True
1542,20,4.000000042303775e-08,True
1543,20,5.656854215113014e-08,True
1544,12,3.845925372767128e-15,True
1545,16,4.04584524955367e-15,True
1546,16,3.9999996648276725e-08,True
1547,4,0.0,True
1548,24,2.8284272410144078e-08,True
1549,6,3.4641015940847776e-08,True
1550,9,1.7320508611411465e-08,True
1551,9,1.732050830694236e-08,True
1552,8,5.551115123125783e-17,True
1553,8,2.8284270977434302e-08,True
1554,8,0.0,True
1555,12,2.8284272959676022e-08,True
1556,24,2.3007430217536936e-15,True
1557,12,2.9999999225557e-08,True
1558,12,2.2644195468014703e-15,True
1559,12,4.6151104473205536e-15,True
1560,8,1.7320508054553506e-08,True
1561,12,1.7342238036525468e-15,True
1562,6,1.9999999999949175e-08,True
1563,8,2.0000000100495268e-08,True
1564,10,4.472135942715508e-08,True
1565,7,3.4641016966427877e-08,True
1566,12,2.0351315666691825e-15,True
1567,8,3.464101741912538e-08,True
1568,6,2.8284271389583557e-08,True
1569,12,4.0000000867124245e-08,True
1570,8,4.472135942870666e-08,True
1571,8,3.464101587674903e-08,True
1572,20,9.81025129326275e-15,True
1573,10,2.828426950547261e-08,True
1574,4,1.4142134909745548e-08,True
1575,6,0.0,True
1576,7,3.162277672547231e-08,True
1577,12,2.3075552236602768e-15,True
1578,8,1.9999999878450634e-08,True
1579,8,4.4721359079600304e-08,True
1580,8,3.607797795906347e-15,True
1581,12,1.9999999767428308e-08,True
1582,12,3.820199830714189e-15,True
1583,12,6.928203188169555e-08,True
1584,6,3.3306690738754696e-16,True
1585,10,3.9999999264239734e-08,True
1586,8,7.021666937153402e-16,True
1587,12,3.999999442783072e-08,True
1588,10,2.8284269191454113e-08,True
1589,9,2.2360680135608375e-08,True
1590,12,6.928203027922686e-08,True
1591,8,2.0000000211517495e-08,True
1592,6,3.4641016069045286e-08,True
1593,10,2.8284270555471952e-08,True
1594,10,2.8284271468088218e-08,True
1595,16,3.7829128801460545e-15,True
1596,8,2.8284270604537338e-08,True
1597,20,7.376145397762941e-16,True
1598,20,9.797959682105323e-08,True
1599,13,5.567764333104765e-08,True
1600,16,5.6568542505627684e-08,True
1601,4,0.0,True
1602,4,0.0,True
1603,12,6.928202803577018e-08,True
1604,8,2.8284271212948163e-08,True
1605,6,3.1401849173675503e-16,True
1606,12,3.99999999234349e-08,True
1607,9,2.4494897097666154e-08,True
1608,12,6.280369834735101e-16,True
1609,6,1.999999987845058e-08,True
1610,20,6.928202367705482e-08,True
1611,8,3.464101491526768e-08,True
1612,8,2.8284271703602086e-08,True
1613,7,3.74165734437646e-08,True
1614,8,2.82842708400512e-08,True
1615,20,6.92820288049555e-08,True
1616,10,3.464101645363783e-08,True
1617,10,1.7320508290917673e-08,True
1618,8,3.464101632544034e-08,True
1619,12,5.291502682287697e-08,True
1620,14,2.8284268877435623e-08,True
1621,48,7.211103732626267e-08,True
1622,12,2.8284271860611366e-08,True
1623,16,3.4641016261341604e-08,True
1624,16,2.4494898774678873e-08,True
1625,16,6.466036496704424e-15,True
1626,8,1.0000001937626736e-08,True
1627,16,9.222205069512407e-16,True
1628,20,4.0000003753704116e-08,True
1629,14,6.928202726658511e-08,True
1630,20,6.928203422130021e-08,True
1631,10,2.828427044752808e-08,True
1632,14,3.99999980360556e-08,True
1633,12,1.999999998947295e-08,True
1634,12,1.538370149106851e-15,True
1635,12,6.000000052353017e-08,True
1636,20,4.000000197734757e-08,True
1637,16,3.9999998868723383e-08,True
1638,4,0.0,True
1639,13,3.4641014482350724e-08,True
1640,19,6.082762617443752e-08,True
1641,12,3.8459253727671276e-16,True
1642,13,2.0000000100495308e-08,True
1643,16,4.898979057604266e-08,True
1644,12,3.4641017351020864e-08,True
1645,8,7.691850745534255e-16,True
1646,14,3.4641016677983585e-08,True
1647,16,1.9999998102095892e-08,True
1648,16,2.8284267307343195e-08,True
1649,12,3.999999798054435e-08,True
1650,8,3.464101901758807e-08,True
1651,17,2.828427127673333e-08,True
1652,12,4.8989796914812125e-08,True
1653,20,6.5343015307749046e-15,True
1654,12,3.464101671003289e-08,True
1655,18,6.928203375658421e-08,True
1656,18,5.656854171935473e-08,True
1657,7,2.4494897097666094e-08,True
1658,12,4.47213596754085e-08,True
1659,14,3.464101440247763e-08,True
1660,10,1.732050611155996e-08,True
1661,12,1.999999899027217e-08,True
1662,14,3.464101671003285e-08,True
1663,17,3.7416573747902256e-08,True
1664,8,2.000000121071821e-08,True
1665,12,4.472136205864154e-08,True
1666,12,5.656854140533633e-08,True
1667,12,1.999999987845068e-08,True
1668,16,8.09169049910734e-15,True
1669,18,3.820199830714189e-15,True
1670,14,1.0392305551439408e-07,True
1671,16,4.000000242143654e-08,True
1672,12,2.828427138958359e-08,True
1673,7,2.2360679043293394e-08,True
1674,14,1.4142136931239732e-08,True
1675,20,4.472135848379302e-08,True
1676,20,1.3746717649798282e-15,True
1677,18,6.92820311766098e-08,True
1678,12,4.898979115858003e-08,True
1679,18,6.324555587341982e-08,True
1680,20,7.211102784231138e-08,True
1681,16,3.999999353965347e-08,True
1682,20,3.4641017799712176e-08,True
1683,16,3.9999999895679046e-08,True
1684,12,5.656854293617636e-08,True
1685,18,2.828427193911598e-08,True
1686,20,2.8284269583977353e-08,True
1687,18,1.999999810209388e-08,True
1688,9,9.999999939225315e-09,True
1689,14,3.4641012094922406e-08,True
1690,20,4.000000375370426e-08,True
1691,16,6.928203354826334e-08,True
1692,22,4.4721366427901594e-08,True
1693,6,9.99999993922537e-09,True
1694,12,2.0000000211518302e-08,True
1695,13,2.828427084005169e-08,True
1696,16,4.000000686232862e-08,True
1697,20,4.47213605691208e-08,True
1698,12,3.464101719077354e-08,True
1699,14,6.928202572821496e-08,True
1700,16,4.000000064507978e-08,True
1701,6,0.0,True
1702,12,6.928204726539704e-08,True
1703,12,1.922962686383564e-15,True
1704,14,4.4721359476806346e-08,True
1705,12,4.89897944672802e-08,True
1706,18,2.8284268563417143e-08,True
1707,20,5.656855157168522e-08,True
1708,19,6.557438488311705e-08,True
1709,12,4.472135967540851e-08,True
1710,10,4.4721358880997634e-08,True
1711,12,5.656854416281115e-08,True
1712,18,6.324555412678015e-08,True
1713,16,3.9999998424633644e-08,True
1714,20,5.656853775487229e-08,True
1715,12,2.945754565036118e-15,True
1716,8,2.8284271625097554e-08,True
1717,14,2.0000001210718366e-08,True
1718,10,4.898979405935822e-08,True
1719,12,3.872983508997407e-08,True
1720,16,3.4641014706946744e-08,True
1721,18,2.0000000766629146e-08,True
1722,16,6.324555446908632e-08,True
1723,18,5.999999756293545e-08,True
1724,20,1.999999810209501e-08,True
1725,20,6.928202880495561e-08,True
1726,12,1.831026719408895e-15,True
1727,12,2.6457512907888798e-08,True
1728,15,2.449490199273014e-08,True
1729,12,4.000000286552568e-08,True
1730,20,3.464102183793349e-08,True
1731,12,3.3528102463857846e-15,True
1732,18,2.000000387525367e-08,True
1733,20,6.324555285410301e-08,True
1734,16,7.999999852847967e-08,True
1735,10,3.872983371401394e-08,True
1736,18,5.65685506983212e-08,True
1737,18,4.898978658078844e-08,True
1738,14,3.4641017479217924e-08,True
1739,16,3.9999997092366445e-08,True
1740,16,6.92820304234489e-08,True
1741,20,5.656854450626926e-08,True
1742,36,4.000001041505206e-08,True
1743,16,2.8284267935380938e-08,True
1744,17,1.0392303807953245e-07,True
1745,20,6.928203213809059e-08,True
1746,12,4.898979455792954e-08,True
1747,7,1.7320509060102767e-08,True
1748,14,4.898979655221494e-08,True
1749,20,7.999999940278003e-08,True
1750,14,3.464101901758807e-08,True
1751,20,3.999999620418799e-08,True
1752,12,3.999999753645512e-08,True
1753,18,3.9999995954387646e-08,True
1754,16,4.0000000200990404e-08,True
1755,48,8.485279794446773e-08,True
1756,20,4.472136111527878e-08,True
1757,12,4.898979279026761e-08,True
1758,12,6.928203393285578e-08,True
1759,14,3.464101747921819e-08,True
1760,14,6.92820334200657e-08,True
1761,20,3.4641018504798356e-08,True
1762,16,6.000000130068638e-08,True
1763,10,3.464102106874833e-08,True
1764,20,2.8284271389583656e-08,True
1765,20,5.656854686140753e-08,True
1766,14,2.8284269191454344e-08,True
1767,14,6.782329990195457e-08,True
1768,10,1.472877282518059e-15,True
1769,14,3.464101584469965e-08,True
1770,20,5.6568541209075496e-08,True
1771,16,4.898979075065773e-08,True
1772,14,3.464101580263488e-08,True
1773,12,4.0000002421436506e-08,True
1774,7,3.464101709462539e-08,True
1775,14,2.8284271782106844e-08,True
1776,14,3.162277650494812e-08,True
1777,48,6.324554053107854e-08,True
1778,21,2.828426744963322e-08,True
1779,8,7.691850745534255e-16,True
1780,38,1.1489126127731577e-07,True
1781,12,1.4142135645726536e-08,True
1782,28,5.65685635043881e-08,True
1783,10,1.999999810209378e-08,True
1784,32,6.92820267537954e-08,True
1785,44,1.1313705447050683e-07,True
1786,8,2.589462819655575e-15,True
1787,8,1.7320506175658763e-08,True
1788,16,1.4142138677967743e-08,True
1789,16,1.9999998990272174e-08,True
1790,15,1.7320505791066302e-08,True
1791,16,9.999999051048224e-09,True
1792,15,3.464101350509509e-08,True
1793,15,2.5510982866352577e-15,True
1794,16,3.000000292630038e-08,True
1795,16,1.4142134124699912e-08,True
1796,16,3.316624589436502e-08,True
1797,16,3.000000514674643e-08,True
1798,16,4.123105045866221e-08,True
1799,15,1.73205082268191e-08,True
1800,16,9.999997718779895e-09,True
1801,16,3.3166248974017665e-08,True
1802,16,2.6459668429208404e-15,True
1803,16,2.999999508072472e-08,True
1804,16,5.196152878277714e-08,True
1805,16,1.7320506303856243e-08,True
1806,16,2.4494892474550808e-08,True
1807,16,2.4494903624418174e-08,True
1808,16,3.4641015940847816e-08,True
1809,16,2.9999999225556927e-08,True
1810,16,1.88411095042053e-15,True
1811,16,3.316625151807824e-08,True
1812,16,2.4494900089094002e-08,True
1813,16,3.464101440247764e-08,True
1814,16,4.690416124240136e-08,True
1815,16,2.8284268877435765e-08,True
1816,16,6.928203175349804e-08,True
1817,16,2.999999641299214e-08,True
1818,16,2.000000520752111e-08,True
1819,16,1.4142136793856959e-08,True
1820,16,2.449489700701679e-08,True
1821,15,2.449489501273155e-08,True
1822,31,3.316625091553777e-08,True
1823,32,3.0000013732472765e-08,True
1824,31,5.196152262929677e-08,True
1825,31,2.000000254298594e-08,True
1826,31,1.0000002159674218e-08,True
1827,32,4.898978222962099e-08,True
1828,32,4.690415797593744e-08,True
1829,32,5.196152621882691e-08,True
1830,32,7.141428814217124e-08,True
1831,32,3.464101440247783e-08,True
1832,32,6.928204213749689e-08,True
1833,32,4.1231047604415605e-08,True
1834,32,3.0000006923106186e-08,True
1835,32,9.999999939232439e-09,True
1836,32,3.3166252120619154e-08,True
1837,32,5.000000715682598e-08,True
1838,32,2.8284265109213932e-08,True
1839,32,2.9999996857083214e-08,True
1840,32,3.000000869946124e-08,True
1841,32,8.124037442380233e-08,True
1842,32,7.348468621663729e-08,True
1843,32,1.732052053378284e-08,True
1844,32,9.999997274694488e-09,True
1845,32,7.348469745715347e-08,True
1846,32,4.242641917408732e-08,True
1847,32,2.9999996116934284e-08,True
1848,32,2.44948925652021e-08,True
1849,32,2.449489274650017e-08,True
1850,32,6.403125197231399e-08,True
1851,32,3.7416578150480506e-08,True
1852,32,4.242640483390975e-08,True
1853,32,1.9999990996668025e-08,True
1854,24,1.3856406632734139e-07,True
1855,36,1.3856406376339137e-07,True
1856,32,7.681147343146648e-08,True
1857,10,1.7320506944843794e-08,True
1858,10,1.7320507970423888e-08,True
1859,10,1.73205094446953e-08,True
1860,10,1.7320509252399016e-08,True
1861,10,2.6084334968580714e-15,True
1862,10,1.7320507970423898e-08,True
1863,10,3.464101671003287e-08,True
1864,10,1.732050745763385e-08,True
1865,10,1.2947314098277875e-15,True
1866,10,1.7320507970423898e-08,True
1867,10,3.4641014402477634e-08,True
1868,10,3.46410161972428e-08,True
1869,10,1.7320510085682878e-08,True
1870,10,3.4641016966427877e-08,True
1871,10,3.4641015940847776e-08,True
1872,52,1.7204652014391263e-07,True
1873,20,4.123105342061734e-08,True
1874,25,4.2426406948883394e-08,True
1875,34,7.34846913103918e-08,True
1876,19,4.582575950561893e-08,True
1877,19,5.099019584937994e-08,True
1878,16,4.123106149867643e-08,True
1879,19,4.242640232176191e-08,True
1880,19,3.464101594084784e-08,True
1881,33,5.477224747187731e-08,True
1882,23,3.162277502930162e-08,True
1883,19,3.3166250011727536e-08,True
1884,19,4.472135857688816e-08,True
1885,25,4.690416649714963e-08,True
1886,25,3.872983305111759e-08,True
1887,11,3.4641016133144187e-08,True
1888,24,2.000000254298676e-08,True
1889,11,2.2360680036306993e-08,True
1890,24,4.6904153099909945e-08,True
1891,6,1.732050843113371e-08,True
1892,21,2.0000000933163946e-08,True
1893,54,8.246212197413222e-08,True
1894,36,8.944271021509485e-08,True
1895,36,5.656854591937529e-08,True
1896,10,2.8284271075565107e-08,True
1897,40,8.717798333316396e-08,True
1898,12,3.999999975690119e-08,True
1899,14,3.999999990955686e-08,True
1900,36,8.000001017194901e-08,True
1901,14,4.0000000894879953e-08,True
1902,36,7.999998796748841e-08,True
1903,36,9.79795680852155e-08,True
1904,16,2.8284273038180908e-08,True
1905,32,1.4142133339653288e-08,True
1906,11,2.0350724194510405e-15,True
1907,12,4.472135729217575e-08,True
1908,20,9.483150488903745e-15,True
1909,8,1.9999998990272224e-08,True
1910,10,3.872983500397662e-08,True
1911,8,0.0,True
1912,6,0.0,True
1913,8,2.8284271860611293e-08,True
1914,9,2.645751265611375e-08,True
1915,7,1.4142135616287197e-08,True
1916,36,6.000000229989126e-08,True
1917,25,7.81025100444721e-08,True
1918,10,5.087681048627601e-16,True
1919,40,5.6568558480092206e-08,True
1920,40,5.656855172869471e-08,True
1921,24,1.1866928732135989e-15,True
1922,14,4.4721359402329744e-08,True
1923,32,7.549835483458476e-08,True
1924,16,2.9373740229761033e-16,True
1925,19,1.9999997324938054e-08,True
1926,54,1.7320505287316733e-08,True
1927,36,2.2275401441590598e-14,True
1928,36,9.797957715014786e-08,True
1929,24,6.000000052353127e-08,True
1930,24,2.8284277355935516e-08,True
1931,46,1.3856406504536658e-07,True
1932,24,4.5825755798879846e-08,True
1933,30,3.000000603492494e-08,True
1934,28,5.656853524272368e-08,True
1935,22,3.464101337689756e-08,True
1936,20,2.828426353912221e-08,True
1937,28,3.9999995316010075e-08,True
1938,52,1.8220866883037115e-07,True
1939,36,2.8284270918560383e-08,True
1940,20,5.6568548431500226e-08,True
1941,16,1.999999993396188e-08,True
1942,54,1.2328830085029348e-07,True
1943,44,5.999999697081673e-08,True
1944,36,8.944270922207876e-08,True
1945,54,8.246212752106975e-08,True
1946,52,8.485283128276218e-08,True
1947,52,1.7204650628278225e-07,True
1948,23,2.8284268877435865e-08,True
1949,10,1.7320506944843794e-08,True
1950,26,2.828426950547307e-08,True
1951,23,3.605551141930211e-08,True
1952,58,1.1313706389106222e-07,True
1953,54,4.472136642790925e-08,True
1954,36,1.3856405094363988e-07,True
1955,28,2.8284270133510224e-08,True
1956,10,1.5059797815742444e-15,True
1957,18,3.464101491526791e-08,True
1958,26,4.0000001477750496e-08,True
1959,18,2.236067864608787e-08,True
1960,20,4.0000002865526206e-08,True
1961,20,2.8284272959676707e-08,True
1962,18,8.485280663230693e-08,True
1963,10,1.7320509316497767e-08,True
1964,22,6.403125557877762e-08,True
1965,52,1.1832160083548176e-07,True
1966,4,0.0,True
1967,20,1.7320508483215057e-08,True
1968,20,3.4641012223121034e-08,True
1969,20,5.099019247452401e-08,True
1970,32,3.9999993317608214e-08,True
1971,52,4.8989791838454694e-08,True
1972,24,4.898979591766961e-08,True
1973,22,2.999999707912593e-08,True
1974,20,5.1961524947535e-08,True
1975,20,2.828427672789812e-08,True
1976,4,1.0000000161269895e-08,True
1977,23,3.46410272222289e-08,True
1978,10,1.7320506944843794e-08,True
1979,20,4.123105815974582e-08,True
1980,25,5.656853649879757e-08,True
1981,18,3.4641016277366336e-08,True
1982,24,2.000000343116569e-08,True
1983,36,8.944272193265327e-08,True
1984,28,1.9999992773024176e-08,True
1985,20,4.472136553419002e-08,True
1986,24,4.898979140786557e-08,True
1987,32,1.7320506175664775e-08,True
1988,16,4.123105646335275e-08,True
1989,16,6.928203111251053e-08,True
1990,10,1.7320504380893568e-08,True
1991,16,5.6568541209074735e-08,True
1992,20,5.291502212307856e-08,True
1993,10,3.464101613314404e-08,True
1994,20,7.483314882362476e-08,True
1995,20,8.615273917950359e-15,True
1996,18,2.0000006983878193e-08,True
1997,22,4.898979736806047e-08,True
1998,22,2.8284265737251517e-08,True
1999,28,4.0000008638689904e-08,True
2000,20,3.464101594084808e-08,True
2001,20,6.324555043162784e-08,True
2002,25,3.872983305469975e-08,True
2003,24,9.797959509871486e-08,True
2004,22,5.291502850137726e-08,True
2005,22,5.477225663382846e-08,True
2006,28,5.656853963898346e-08,True
2007,31,5.196152389193136e-08,True
2008,20,4.2426413207736016e-08,True
2009,20,4.4721362853052265e-08,True
2010,17,5.656853461468655e-08,True
2011,14,3.464101481911966e-08,True
2012,20,2.0000001210718965e-08,True
2013,18,6.633249677642804e-08,True
2014,28,5.65685465473912e-08,True
2015,34,6.928203380465834e-08,True
2016,24,5.6568537126834425e-08,True
2017,26,4.89897983991955e-08,True
2018,28,4.0000003309617824e-08,True
2019,15,3.162277539135568e-08,True
2020,52,4.898988847063662e-08,True
2021,25,3.316625580281229e-08,True
2022,22,1.538370149106851e-15,True
2023,12,2.828426981949176e-08,True
2024,17,1.9999999004150015e-08,True
2025,32,9.797957606235574e-08,True
2026,30,2.8284274843788558e-08,True
2027,22,3.464100927457862e-08,True
2028,24,6.92820539316688e-08,True
2029,14,2.828427060453743e-08,True
2030,22,2.8284262911085974e-08,True
2031,22,8.999999935434155e-08,True
2032,20,3.7416572839198514e-08,True
2033,24,3.741656723119882e-08,True
2034,24,3.9999991763298375e-08,True
2035,14,1.018776108209774e-15,True
2036,20,5.6568535556742245e-08,True
2037,19,2.449489723364052e-08,True
2038,24,6.633249520312771e-08,True
2039,14,4.24264091254956e-08,True
2040,24,7.211102014429985e-08,True
2041,46,3.464099748040699e-08,True
2042,16,2.44948963951338e-08,True
2043,10,1.7320511303559297e-08,True
2044,28,1.0392303807953245e-07,True
2045,18,6.999999963801842e-08,True
2046,20,3.1622779920331774e-08,True
2047,24,2.449490289922358e-08,True
2048,14,2.8284270212014312e-08,True
2049,22,6.633249198957702e-08,True
2050,44,6.6332487403574e-08,True
2051,10,9.222205069512407e-16,True
2052,20,3.316624796978299e-08,True
2053,28,7.483315821480156e-08,True
2054,18,6.000000052353017e-08,True
2055,22,8.717797854475406e-08,True
2056,20,3.162278132466511e-08,True
2057,16,4.000000286552576e-08,True
2058,23,1.414213561628772e-08,True
2059,20,3.4641014146082925e-08,True
2060,18,3.464101260771333e-08,True
2061,18,3.999999442783114e-08,True
2062,24,5.7445620163694035e-08,True
2063,14,4.1231061343847145e-08,True
2064,30,2.999999493269466e-08,True
2065,22,3.741656734988613e-08,True
2066,22,4.8989796733514444e-08,True
2067,16,4.8989797096111e-08,True
2068,19,4.795831072840751e-08,True
2069,40,6.928201854915843e-08,True
2070,44,1.0392306679577529e-07,True
2071,22,4.472135788798405e-08,True
2072,10,5.196152288569156e-08,True
2073,20,3.6055509825815415e-08,True
2074,16,4.2426416661939446e-08,True
2075,18,5.2915026822877e-08,True
2076,10,1.73205100215841e-08,True
2077,20,1.414212988545148e-08,True
2078,24,7.99999950729124e-08,True
2079,28,4.8989824200265853e-08,True
2080,27,5.1961527949493325e-08,True
2081,18,8.944272379455317e-08,True
2082,22,3.4641008377194546e-08,True
2083,24,3.6055516969568876e-08,True
2084,24,4.0000013967756584e-08,True
2085,18,3.4641014146082826e-08,True
2086,18,2.8284270800799587e-08,True
2087,20,6.928203566352226e-08,True
2088,20,6.244998846223324e-08,True
2089,20,5.999999712809854e-08,True
2090,22,4.582575342922769e-08,True
2091,20,5.656854026701977e-08,True
2092,20,5.6568539432907604e-08,True
2093,14,1.4142134281708871e-08,True
2094,18,3.464100619783686e-08,True
2095,46,1.0392305346323398e-07,True
2096,28,5.656854748944464e-08,True
2097,40,4.8989789844166687e-08,True
2098,18,3.464101608119306e-08,True
2099,20,3.605551746224259e-08,True
2100,24,4.744229343803586e-15,True
2101,10,1.732051021388036e-08,True
2102,14,4.4721359675408587e-08,True
2103,30,8.366599921232622e-08,True
2104,18,4.898979442195553e-08,True
2105,10,2.482534153247273e-16,True
2106,20,5.2915025177817255e-08,True
2107,24,8.944272550750189e-08,True
2108,17,4.358898540089739e-08,True
2109,28,6.928203008693112e-08,True
2110,32,5.0990196567898055e-08,True
2111,40,2.147757934051197e-14,True
2112,24,5.3851649278210435e-08,True
2113,46,4.472137089646341e-08,True
2114,20,2.828427107556664e-08,True
2115,28,4.000002107318893e-08,True
2116,22,5.3851649475834604e-08,True
2117,54,1.7549927154926193e-07,True
2118,18,4.2426388504947955e-08,True
2119,32,3.99999962041892e-08,True
2120,10,3.4641015492156484e-08,True
2121,32,6.000001651074182e-08,True
2122,20,5.656854340720588e-08,True
2123,30,1.478979130238212e-14,True
2124,22,6.928204213749656e-08,True
2125,32,5.656853131749245e-08,True
2126,28,5.656853398665036e-08,True
2127,18,4.4721363448861136e-08,True
2128,10,1.732050982928784e-08,True
2129,41,3.872982695604549e-08,True
2130,24,3.99999953160108e-08,True
2131,27,5.4772259714839105e-08,True
2132,20,3.4641016913170865e-08,True
2133,52,1.09544515700034e-07,True
2134,18,4.472136051016153e-08,True
2135,28,9.165149832133706e-08,True
2136,48,8.00000008460711e-08,True
2137,20,3.464101886535389e-08,True
2138,48,4.8989791294554344e-08,True
2139,40,6.928202893315372e-08,True
2140,29,3.605550489908747e-08,True
2141,36,9.797958258910869e-08,True
2142,14,3.4641017158724235e-08,True
2143,10,3.46410144665764e-08,True
2144,18,3.464101792790941e-08,True
2145,12,6.928202726658511e-08,True
2146,28,8.485282107715787e-08,True
2147,12,5.656853901094547e-08,True
2148,18,4.4721362455846984e-08,True
2149,10,3.4641016902329135e-08,True
2150,36,9.79795929231314e-08,True
2151,25,5.9160813910634804e-08,True
2152,22,1.9999998102094056e-08,True
2153,20,4.472135780109562e-08,True
2154,18,1.999999899027226e-08,True
2155,40,7.348471250494306e-08,True
2156,20,3.464101324870002e-08,True
2157,20,4.0000000645080104e-08,True
2158,30,2.8284268877435775e-08,True
2159,18,4.89897959629942e-08,True
2160,32,6.928203239448669e-08,True
2161,26,7.211102442439417e-08,True
2162,28,8.30662410827213e-08,True
2163,10,5.196152698801198e-08,True
2164,42,2.828426039894069e-08,True
2165,24,6.928203321174537e-08,True
2166,27,3.464101953038346e-08,True
2167,20,5.656855094364804e-08,True
2168,20,1.999999410529174e-08,True
2169,10,1.7320508290917673e-08,True
2170,20,3.999999043102796e-08,True
2171,30,6.324555464462882e-08,True
2172,42,9.380831135989025e-08,True
2173,32,9.797958041352465e-08,True
2174,24,6.928203431744846e-08,True
2175,40,6.928204418867021e-08,True
2176,19,1.7320506432053876e-08,True
2177,54,4.898979120390797e-08,True
2178,54,8.246213850722726e-08,True
2179,35,5.099019635016528e-08,True
2180,14,3.4641018761193085e-08,True
2181,15,3.464101863299556e-08,True
2182,33,6.403124678802018e-08,True
2183,43,8.717798261681314e-08,True
2184,20,6.633249828278012e-08,True
2185,30,6.000000255893948e-08,True
2186,54,1.0000007755196392e-07,True
2187,34,6.633250437513728e-08,True
2188,48,1.788854110710298e-07,True
2189,27,4.5825752843179725e-08,True
2190,27,7.810249136602857e-08,True
2191,54,7.211097420256708e-08,True
2192,27,4.690415381001058e-08,True
2193,44,6.92820347020469e-08,True
2194,27,3.316624957655945e-08,True
2195,30,6.00000024849243e-08,True
2196,4,9.9999999392253e-09,True
2197,52,1.4966628933910114e-07,True
2198,34,4.898979467690688e-08,True
2199,40,1.3856404581573937e-07,True
2200,40,1.401543892911863e-14,True
2201,40,6.928204162470815e-08,True
2202,20,5.656854152309332e-08,True
2203,40,1.7320549506449068e-08,True
2204,36,4.000000064509601e-08,True
2205,24,6.928203403701627e-08,True
2206,36,6.928203649680794e-08,True
2207,52,7.745966571524491e-08,True
2208,36,4.0000006862340516e-08,True
2209,40,3.464103747803014e-08,True
2210,56,3.464102722223007e-08,True
2211,4,1.7320507714028868e-08,True
2212,35,3.872984113846561e-08,True
2213,4,9.999999828202988e-09,True
2214,36,3.000000988369959e-08,True
2215,44,3.46410185368474e-08,True
2216,20,3.9999998591167243e-08,True
2217,4,9.99999993922529e-09,True
2218,34,3.316624878990875e-08,True
2219,26,4.690415467692559e-08,True
2220,4,9.99999993922529e-09,True
2221,36,3.999999576009851e-08,True
2222,40,1.2124355092146335e-07,True
2223,24,6.928200931893361e-08,True
2224,42,1.1661901363547713e-07,True
2225,36,8.000000484287324e-08,True
2226,34,6.3245552748781e-08,True
2227,36,6.928202547182334e-08,True
2228,27,2.4494898004163378e-08,True
2229,42,3.7416564874138336e-08,True
2230,36,4.00000366163143e-08,True
2231,36,4.000000686233061e-08,True
2232,42,1.999999454938258e-08,True
2233,36,6.928203649680618e-08,True
2234,31,2.999999828186753e-08,True
2235,36,4.4721350241779427e-08,True
2236,36,5.6568530218429876e-08,True
2237,34,2.8284270761548232e-08,True
2238,33,6.782329044865807e-08,True
2239,36,2.236067864608806e-08,True
2240,4,1.41421357732964e-08,True
2241,40,8.660255395385094e-08,True
2242,40,5.6568543564214336e-08,True
2243,30,5.1961520295034306e-08,True
2244,40,6.928201137010068e-08,True
2245,28,7.999999152019674e-08,True
2246,24,5.6568540895057254e-08,True
2247,28,6.928203136890615e-08,True
2248,40,8.246210490250025e-08,True
2249,28,9.81056539720242e-15,True
2250,24,7.999999828681084e-08,True
2251,32,4.000000863868844e-08,True
2252,34,8.485284776872971e-08,True
2253,24,6.928203034332554e-08,True
2254,40,4.898980063144679e-08,True
2255,40,1.2000001377761842e-07,True
2256,24,5.656854874551868e-08,True
2257,22,1.0916377626985478e-14,True
2258,32,8.94427171661883e-08,True
2259,56,6.783694584412512e-14,True
2260,36,7.999999329655483e-08,True
2261,40,3.35546427924413e-14,True
2262,32,2.8284268249409688e-08,True
2263,32,8.94426933338598e-08,True
2264,27,3.741657409283909e-08,True
2265,36,3.316625225451776e-08,True
2266,48,9.797959464546966e-08,True
2267,18,2.8284264795195287e-08,True
2268,36,2.828426086996498e-08,True
2269,28,5.656855094365036e-08,True
2270,36,4.472134954667068e-08,True
2271,36,5.65685525137457e-08,True
2272,36,2.000000165481389e-08,True
2273,54,1.720465065925384e-07,True
2274,52,2.8284276256871618e-08,True
2275,52,2.2000001723396148e-07,True
2276,40,1.385640658466007e-07,True
2277,56,2.449488148332172e-08,True
2278,36,5.29150257738173e-08,True
2279,22,4.795831654098419e-08,True
2280,32,8.944272570610489e-08,True
2281,18,8.717797049615098e-08,True
2282,42,4.4721349509433304e-08,True
2283,47,5.567765886322591e-08,True
2284,36,5.656853492870524e-08,True
2285,36,9.797959763689634e-08,True
2286,60,6.244999660003183e-08,True
2287,44,6.708204450248975e-08,True
2288,52,9.165151763029756e-08,True
2289,52,1.0392305307864155e-07,True
2290,60,3.4640973635679487e-08,True
2291,20,3.316624830452824e-08,True
2292,20,4.00000024214369e-08,True
2293,20,6.244997885777901e-08,True
2294,24,5.656852582217142e-08,True
2295,10,1.0877919644084146e-15,True
2296,20,2.4494899273251637e-08,True
2297,26,2.8284267307343195e-08,True
2298,20,1.9999998102096266e-08,True
2299,24,5.656854529131512e-08,True
2300,17,2.4494898752017052e-08,True
2301,28,6.451634145244584e-15,True
2302,22,6.633248335316007e-08,True
2303,20,2.8284276727898828e-08,True
2304,24,5.656854654738927e-08,True
2305,42,1.183216036879442e-07,True
2306,24,6.480740741250724e-08,True
2307,12,5.254534392573277e-15,True
2308,26,4.472135967540998e-08,True
2309,22,3.464103183733935e-08,True
2310,22,1.4142137421894193e-08,True
2311,16,3.2023728339893768e-15,True
2312,22,1.0392303859232245e-07,True
2313,22,3.4641016966428704e-08,True
2314,36,1.4888583356622763e-14,True
2315,40,1.3856403504714884e-07,True
2316,14,2.8284271389583626e-08,True
2317,20,4.000000330961646e-08,True
2318,28,2.8284273587713057e-08,True
2319,36,3.99999837696901e-08,True
2320,24,6.633249540397452e-08,True
2321,42,1.1661904508268742e-07,True
2322,32,6.633248562942547e-08,True
2323,30,2.236066573691597e-08,True
2324,24,3.999999886872357e-08,True
2325,10,1.732050643205374e-08,True
2326,19,1.4142141033106584e-08,True
2327,20,6.928202585641256e-08,True
2328,28,2.000001142477007e-08,True
2329,24,2.8284274529769327e-08,True
2330,20,3.999999798054452e-08,True
2331,29,5.477224714755984e-08,True
2332,36,1.1313708618637145e-07,True
2333,20,5.196152083186166e-08,True
2334,10,1.7320511239460462e-08,True
2335,22,2.8284275471825405e-08,True
2336,30,6.633247826504304e-08,True
2337,18,3.1622776269063966e-08,True
2338,14,3.999999995119019e-08,True
2339,20,3.4641009787367336e-08,True
2340,25,2.449489256520073e-08,True
2341,10,1.732050976518915e-08,True
2342,27,2.236068001148229e-08,True
2343,14,3.4641015620354e-08,True
2344,20,5.291502594166504e-08,True
2345,42,1.371130900735117e-07,True
2346,17,3.464102081235366e-08,True
2347,18,2.828426981949138e-08,True
2348,19,3.741657007970644e-08,True
2349,20,3.9999997536456713e-08,True
2350,40,5.999999832158789e-08,True
2351,30,2.449490017974415e-08,True
2352,54,1.1661909126225153e-07,True
2353,18,4.3588985706540204e-08,True
2354,52,8.717796754160584e-08,True
2355,28,6.92820275229811e-08,True
2356,40,1.1313708430226284e-07,True
2357,22,3.4641022094328804e-08,True
2358,18,4.472135917890173e-08,True
2359,26,6.928203162530053e-08,True
2360,20,5.656854905953718e-08,True
2361,10,5.196152500095052e-08,True
2362,20,3.7416575977008846e-08,True
2363,26,5.656854780346397e-08,True
2364,25,3.316625388535286e-08,True
2365,26,2.8284274529769784e-08,True
2366,50,1.3114877266879794e-07,True
2367,20,2.2360680445925268e-08,True
2368,10,3.4641015940847776e-08,True
2369,24,4.898978893767234e-08,True
2370,22,1.9999994549381108e-08,True
2371,19,2.2360677255869063e-08,True
2372,10,1.7320508996003995e-08,True
2373,25,9.999991057456676e-09,True
2374,26,3.162277487350796e-08,True
2375,28,4.000000242143655e-08,True
2376,28,4.000000669579727e-08,True
2377,24,4.0000000030987715e-08,True
2378,20,6.928203213809167e-08,True
2379,24,7.348469469990233e-08,True
2380,20,5.656854042402851e-08,True
2381,32,5.291501982563313e-08,True
2382,22,2.0000004319343172e-08,True
2383,26,6.324555015076204e-08,True
2384,25,3.3166250714691144e-08,True
2385,16,3.4641019145785615e-08,True
2386,20,5.656853587076048e-08,True
2387,22,5.656853587076054e-08,True
2388,22,3.46409790199642e-08,True
2389,36,9.797958947845707e-08,True
2390,16,4.8989794648578916e-08,True
2391,42,7.483314206954526e-08,True
2392,24,3.162277053186954e-08,True
2393,18,5.564698735586297e-15,True
2394,14,3.9999998618922654e-08,True
2395,24,5.744561931332826e-08,True
2396,18,1.7320506816646376e-08,True
2397,20,6.000000496442447e-08,True
2398,24,4.2426407437646756e-08,True
2399,10,5.1961525641938084e-08,True
2400,10,1.1322097734007351e-15,True
2401,18,2.0000002098896653e-08,True
2402,14,3.999999896586728e-08,True
2403,22,4.898979469390351e-08,True
2404,24,3.9968028886505635e-15,True
2405,14,5.47517423637137e-15,True
2406,20,5.099020092255063e-08,True
2407,42,9.380831119419644e-08,True
2408,22,1.2584269018227404e-14,True
2409,28,1.3856405966107073e-07,True
2410,10,3.464101613314404e-08,True
2411,19,5.1961511518845875e-08,True
2412,24,5.656853838290879e-08,True
2413,20,5.656855047262088e-08,True
2414,14,3.9999999978945766e-08,True
2415,46,3.4641024145490396e-08,True
2416,20,6.244997608444245e-08,True
2417,28,3.9999997536456396e-08,True
2418,25,1.4142124233120988e-08,True
2419,20,2.4494891114815574e-08,True
2420,22,1.9999990996668356e-08,True
2421,20,2.828427549145364e-08,True
2422,14,4.000000086712421e-08,True
2423,14,2.8284270859677366e-08,True
2424,20,2.999999656102234e-08,True
2425,24,4.8989799101728355e-08,True
2426,20,6.928203188169574e-08,True
2427,29,4.2426408392787524e-08,True
2428,23,6.708204024132322e-08,True
2429,18,6.633249687685149e-08,True
2430,22,3.6055512443137435e-08,True
2431,30,4.5825762424980954e-08,True
2432,25,5.1961517116805096e-08,True
2433,16,4.000000108916881e-08,True
2434,17,3.7416575969590075e-08,True
2435,10,3.46410176715142e-08,True
2436,18,2.828427735593492e-08,True
2437,28,6.928203508663336e-08,True
2438,29,4.6904148981325483e-08,True
2439,9,3.741657767572763e-08,True
2440,18,4.000000197734721e-08,True
2441,30,7.483315084131759e-08,True
2442,20,5.656854717542713e-08,True
2443,20,5.999999997304468e-08,True
2444,22,4.4721369208340316e-08,True
2445,10,1.7320506944843794e-08,True
2446,24,4.8989789118973096e-08,True
2447,42,9.591663192050291e-08,True
2448,28,6.000000266996145e-08,True
2449,20,4.472136503768278e-08,True
2450,24,2.2360680632118128e-08,True
2451,18,2.828427085967885e-08,True
2452,20,3.464101485116991e-08,True
2453,22,4.8989796960136885e-08,True
2454,38,3.464101709462688e-08,True
2455,47,3.6055516923389626e-08,True
2456,28,1.1832158683590039e-07,True
2457,10,1.7320509701090304e-08,True
2458,24,9.999996164469885e-09,True
2459,18,6.63324960734639e-08,True
2460,24,3.464101286410791e-08,True
2461,46,3.4641020812354736e-08,True
2462,20,2.236067914259599e-08,True
2463,36,5.6568542151130836e-08,True
2464,20,1.9999999434365672e-08,True
2465,20,5.291502027673011e-08,True
2466,18,2.0000003431164418e-08,True
2467,14,4.4721360283629376e-08,True
2468,18,3.9999994871920965e-08,True
2469,16,6.928203314764601e-08,True
2470,21,7.348469809169807e-08,True
2471,20,7.960432637374953e-15,True
2472,22,2.8284279554067495e-08,True
2473,21,3.3166251472050844e-08,True
2474,22,6.324555225726123e-08,True
2475,22,4.898979782130572e-08,True
2476,20,5.999999671176455e-08,True
2477,27,2.0000003715660044e-08,True
2478,30,6.324555731286474e-08,True
2479,20,4.04584524955367e-15,True
2480,26,2.0000004319343e-08,True
2481,24,7.483314692461993e-08,True
2482,24,2.828426809238993e-08,True
2483,25,2.8284274215753564e-08,True
2484,16,1.9999994549380555e-08,True
2485,24,6.633248793916487e-08,True
2486,22,3.464101965857621e-08,True
2487,20,3.46410082489991e-08,True
2488,32,7.348468349715683e-08,True
2489,36,2.466194959700875e-14,True
2490,40,5.656853806888985e-08,True
2491,18,3.316625011215008e-08,True
2492,20,2.8284270270895272e-08,True
2493,10,2.482534153247273e-16,True
2494,20,5.656854340720413e-08,True
2495,27,5.196152339848163e-08,True
2496,34,4.4721358732045606e-08,True
2497,40,5.656852425207615e-08,True
2498,30,6.000000081959086e-08,True
2499,24,8.71779774240627e-08,True
2500,16,7.691850745534255e-16,True
2501,22,6.000000118966453e-08,True
2502,10,1.732050643205374e-08,True
2503,30,1.732048809980979e-08,True
2504,24,1.4142132554607873e-08,True
2505,20,1.4142134438720679e-08,True
2506,46,1.0392304833533392e-07,True
2507,18,3.9999996204188746e-08,True
2508,6,1.7320509252399012e-08,True
2509,36,8.944273265720098e-08,True
2510,18,3.464101312050342e-08,True
2511,40,6.0647044203266556e-15,True
2512,23,4.358899004922002e-08,True
2513,19,2.9999994488607483e-08,True
2514,20,4.000000330961504e-08,True
2515,21,3.8729833312692324e-08,True
2516,20,2.8284267935381454e-08,True
2517,10,3.464101715872415e-08,True
2518,20,4.472135982436069e-08,True
2519,20,3.9999999347506474e-08,True
2520,20,4.0000000867124517e-08,True
2521,18,6.92820300869307e-08,True
2522,20,7.999999729335674e-08,True
2523,36,9.797959654910472e-08,True
2524,14,6.311815622910464e-15,True
2525,18,4.898979283559241e-08,True
2526,25,1.7320514636694732e-08,True
2527,10,3.464101632544032e-08,True
2528,16,3.464100759198541e-08,True
2529,50,1.4696937750963438e-07,True
2530,28,3.999999842463544e-08,True
2531,25,4.582576358787735e-08,True
2532,20,1.7320515149485385e-08,True
2533,18,3.464101978677604e-08,True
2534,20,7.021749221830688e-15,True
2535,30,6.633249297289006e-08,True
2536,32,6.928204162470937e-08,True
2537,44,4.000000042303504e-08,True
2538,40,1.2124357989410268e-07,True
2539,22,4.242640849745994e-08,True
2540,42,1.3114877038314812e-07,True
2541,28,3.9999992207385315e-08,True
2542,10,5.1961522372901516e-08,True
2543,24,1.0583005410734159e-07,True
2544,12,2.828427278304072e-08,True
2545,20,9.380831209365791e-08,True
2546,38,9.797958494599013e-08,True
2547,24,6.324554817591772e-08,True
2548,28,3.999999176329554e-08,True
2549,28,5.6568543407205324e-08,True
2550,18,6.928202970233788e-08,True
2551,30,6.000000030148564e-08,True
2552,39,4.123105864443096e-08,True
2553,29,4.6904158070616745e-08,True
2554,32,3.99999964262329e-08,True
2555,24,4.898979492052714e-08,True
2556,20,5.65685452913151e-08,True
2557,20,3.162277558554907e-08,True
2558,14,3.464101517166274e-08,True
2559,20,3.46410138896877e-08,True
2560,14,3.464101542805784e-08,True
2561,18,6.000000322912058e-08,True
2562,10,2.8284270447528144e-08,True
2563,20,4.898980262572051e-08,True
2564,18,2.999999892949746e-08,True
2565,18,3.464101081294729e-08,True
2566,24,4.89897949658516e-08,True
2567,16,3.4641022607118613e-08,True
2568,20,4.898979056935944e-08,True
2569,20,4.898979727740947e-08,True
2570,22,3.464101645363822e-08,True
2571,14,5.656854183711164e-08,True
2572,14,4.898979297156627e-08,True
2573,24,4.898980076741209e-08,True
2574,20,2.645751265611469e-08,True
2575,8,2.0000000322539794e-08,True
2576,22,2.8284275471824694e-08,True
2577,24,2.8284279554066115e-08,True
2578,20,4.4721359600932493e-08,True
2579,23,5.1961529808357235e-08,True
2580,20,8.000000706331915e-08,True
2581,23,4.2426408589048036e-08,True
2582,24,1.9999994549381343e-08,True
2583,18,3.464102670943889e-08,True
2584,12,2.0000001210718564e-08,True
2585,20,3.999999322046368e-08,True
2586,10,1.7320505919263693e-08,True
2587,7,2.236067939084814e-08,True
2588,10,1.7659178253678205e-15,True
2589,10,1.7320508162720163e-08,True
2590,10,3.464101510756395e-08,True
2591,10,3.464101600494654e-08,True
2592,10,3.000000314834496e-08,True
2593,12,2.82842704475281e-08,True
2594,9,2.4494897278964765e-08,True
2595,10,5.196152698801196e-08,True
2596,6,3.4641016517736585e-08,True
2597,5,1.7320508138683138e-08,True
2598,9,1.4142136008810276e-08,True
2599,10,1.732050745763384e-08,True
2600,10,1.7320509701090304e-08,True
2601,16,3.464101658283716e-08,True
2602,10,3.4641016645934095e-08,True
2603,10,1.7320510021584113e-08,True
2604,10,4.69041573841858e-08,True
2605,36,1.4696940261949946e-07,True
2606,16,2.828426793538049e-08,True
2607,24,1.1313706922937278e-07,True
2608,8,2.8284271154069686e-08,True
2609,12,1.7320511047164323e-08,True
2610,14,1.9999998990272654e-08,True
2611,14,3.872983329835939e-08,True
2612,11,1.732050668844879e-08,True
2613,28,4.000000641824097e-08,True
2614,10,1.6011864169946884e-15,True
2615,10,1.7320507457633864e-08,True
2616,28,8.94427201452287e-08,True
2617,28,6.928203880436123e-08,True
2618,10,1.0000000015553626e-08,True
2619,10,2.6084334968580714e-15,True
2620,8,2.8284269819491112e-08,True
2621,10,3.464101587674902e-08,True
2622,10,3.0000001149943514e-08,True
2623,10,5.196152512914804e-08,True
2624,36,4.89897863088415e-08,True
2625,10,3.4641014658872655e-08,True
2626,10,3.464101491526769e-08,True
2627,5,1.7320507970423888e-08,True
2628,10,5.196152596243191e-08,True
2629,15,3.316625225451743e-08,True
2630,10,1.732050912420151e-08,True
2631,20,2.8284271389583673e-08,True
2632,9,4.3588988355447546e-08,True
2633,16,3.464101924193402e-08,True
2634,14,2.828427044752811e-08,True
2635,12,4.1231063383556686e-08,True
2636,9,7.691850745534255e-16,True
2637,6,1.4142134595727063e-08,True
2638,3,0.0,True
2639,10,3.4641015684452756e-08,True
2640,10,1.355199909595506e-15,True
2641,10,1.732050803452266e-08,True
2642,6,1.538370149106851e-15,True
2643,15,5.4772254282530735e-08,True
2644,10,1.7320510918966677e-08,True
2645,17,3.464102048034196e-08,True
2646,10,3.464101369739131e-08,True
2647,8,9.999999939225606e-09,True
2648,8,1.4142137735911984e-08,True
2649,10,3.4641018504798025e-08,True
2650,9,3.464101671003285e-08,True
2651,10,1.7320508162720173e-08,True
2652,6,1.7320507201238817e-08,True
2653,30,8.485281809398217e-08,True
2654,16,1.999999932333908e-08,True
2655,12,3.531835650735641e-15,True
2656,5,1.7320508066572073e-08,True
2657,6,1.000000127149293e-08,True
2658,10,6.9282036496806e-08,True
2659,32,4.4721359874012415e-08,True
2660,32,8.944270385980464e-08,True
2661,12,2.000000032253989e-08,True
2662,14,1.7320510277979156e-08,True
2663,9,2.2360679971140464e-08,True
2664,10,5.1961523911271664e-08,True
2665,10,1.7320505406473884e-08,True
2666,10,2.2360679043293337e-08,True
2667,8,1.7320508996003992e-08,True
2668,16,2.6645352591003757e-15,True
2669,24,5.291502703268954e-08,True
2670,9,3.4641013953786376e-08,True
2671,10,1.414213809163642e-08,True
2672,12,6.928202572821496e-08,True
2673,10,5.196152442406172e-08,True
2674,9,1.7320513611114505e-08,True
2675,18,4.4721359079600304e-08,True
2676,9,1.4142136165819515e-08,True
2677,12,3.464101363329271e-08,True
2678,10,2.000000121071826e-08,True
2679,6,2.828427107556507e-08,True
2680,12,3.0000000132239105e-08,True
2681,10,1.7320507906325166e-08,True
2682,10,3.464101491526768e-08,True
2683,10,1.732050848321394e-08,True
2684,10,3.4641015492156484e-08,True
2685,13,4.242640670820735e-08,True
2686,10,1.732051002158409e-08,True
2687,10,1.7320508162720163e-08,True
2688,6,0.0,True
2689,12,3.162277648410255e-08,True
2690,10,1.732050643205374e-08,True
2691,20,5.29150271585773e-08,True
2692,10,3.464101491526768e-08,True
2693,10,3.4641013056403745e-08,True
2694,10,1.732050925239904e-08,True
2695,14,6.928203188169555e-08,True
2696,10,1.7320505406473676e-08,True
2697,12,1.999999987845066e-08,True
2698,10,4.8989797096110766e-08,True
2699,8,1.7320509508794036e-08,True
2700,10,7.771561172376096e-16,True
2701,10,2.8284271075565107e-08,True
2702,12,4.000000020099066e-08,True
2703,10,1.5582722720639762e-15,True
2704,34,1.999999951763e-08,True
2705,15,4.3588988966733986e-08,True
2706,8,2.3075552236602768e-15,True
2707,12,3.9999999756901386e-08,True
2708,14,2.8284267896128105e-08,True
2709,10,5.196152384717291e-08,True
2710,12,4.1231055251643915e-08,True
2711,28,2.828427264565766e-08,True
2712,6,2.828427201762054e-08,True
2713,5,1.732050745763384e-08,True
2714,36,1.4966630447180019e-07,True
2715,8,2.999999892949748e-08,True
2716,10,1.7320511047164194e-08,True
2717,10,1.7320508996004e-08,True
2718,10,1.4043333874306805e-15,True
2719,14,2.0000002542985846e-08,True
2720,32,1.7320507278157352e-07,True
2721,16,2.8284271425155986e-08,True
2722,10,5.656854215113013e-08,True
2723,10,1.732050662435001e-08,True
2724,10,3.4641018504798025e-08,True
2725,5,9.999999994736491e-09,True
2726,6,4.440892098500626e-16,True
2727,10,3.4641012607712526e-08,True
2728,16,4.472136404466913e-08,True
2729,5,1.538370149106851e-15,True
2730,12,3.1244445429724018e-15,True
2731,18,4.000000052017952e-08,True
2732,12,2.999999804131904e-08,True
2733,5,1.7320507457633864e-08,True
2734,10,3.464101613314404e-08,True
2735,27,4.898979584968265e-08,True
2736,7,2.8284271075565064e-08,True
2737,4,9.99999993922529e-09,True
2738,10,2.8284272017620543e-08,True
2739,10,1.6504651808933464e-15,True
2740,24,4.8989796801501775e-08,True
2741,12,2.8284269191454133e-08,True
2742,8,1.4142135851801028e-08,True
2743,17,3.872983295436943e-08,True
2744,6,9.99999993922531e-09,True
2745,10,1.732050893190527e-08,True
2746,10,1.7320509304479435e-08,True
2747,10,1.732051053437415e-08,True
2748,10,3.464101632544032e-08,True
2749,14,2.8284271075565123e-08,True
2750,10,2.0000001654808052e-08,True
2751,8,2.5121479338940403e-15,True
2752,11,3.162277677374629e-08,True
2753,12,5.6568544035241086e-08,True
2754,7,2.000000076662904e-08,True
2755,10,1.7320507970423898e-08,True
2756,10,4.472135987401125e-08,True
2757,10,1.7320508483213938e-08,True
2758,8,2.8284271546592813e-08,True
2759,10,5.196152653932067e-08,True
2760,4,1.4142135851801023e-08,True
2761,8,2.828427138958356e-08,True
2762,10,0.0,True
2763,3,9.99999993922529e-09,True
2764,12,3.4641016805304747e-08,True
2765,12,3.4641015043465456e-08,True
2766,9,3.3166248907068545e-08,True
2767,30,6.32455643345286e-08,True
2768,10,3.4641016453637896e-08,True
2769,10,1.9999999267828003e-08,True
2770,10,3.464101446657639e-08,True
2771,10,1.7320508803707724e-08,True
2772,14,1.4142136033343006e-08,True
2773,13,3.741657126658461e-08,True
2774,28,7.549834748195291e-08,True
2775,9,1.7320505662868663e-08,True
2776,10,1.732050335531344e-08,True
2777,10,1.7320508996003992e-08,True
2778,10,6.661338147750939e-16,True
2779,12,3.464101662904877e-08,True
2780,32,4.000000597415658e-08,True
2781,20,7.483314600478851e-08,True
2782,9,2.8284270604537447e-08,True
2783,10,3.464101715872415e-08,True
2784,10,3.46410192739831e-08,True
2785,10,4.472135848379216e-08,True
2786,8,3.464101594084821e-08,True
2787,10,1.732051155995424e-08,True
2788,7,1.0000000827403837e-08,True
2789,10,1.7320506848695678e-08,True
2790,28,3.999998288151203e-08,True
2791,10,3.162277725209733e-08,True
2792,10,1.9999998546182958e-08,True
2793,10,3.464102004316817e-08,True
2794,9,1.732050848321394e-08,True
2795,7,9.999999162069214e-09,True
2796,26,5.830951941280583e-08,True
2797,22,4.898979716409777e-08,True
2798,28,6.928202572821581e-08,True
2799,10,1.7320506432053783e-08,True
2800,6,8.881784197001252e-16,True
2801,10,3.4641011325737365e-08,True
2802,10,2.8887141192996264e-15,True
2803,9,1.7320508739608962e-08,True
2804,12,2.449489764156228e-08,True
2805,24,4.000000242143746e-08,True
2806,30,5.291503001202941e-08,True
2807,14,1.4142134595727237e-08,True
2808,28,4.89897791475479e-08,True
2809,5,1.4142136479838039e-08,True
2810,24,9.79795894784565e-08,True
2811,10,1.732051104716419e-08,True
2812,10,2.828427484378698e-08,True
2813,10,8.308148362110449e-16,True
2814,15,4.582575635004527e-08,True
2815,10,0.0,True
2816,5,9.9999999392253e-09,True
2817,12,1.4142134595727197e-08,True
2818,30,2.0000010314550135e-08,True
2819,10,2.828427297930223e-08,True
2820,10,3.4641016966427877e-08,True
2821,10,3.4641013761490064e-08,True
2822,16,2.8284276727898275e-08,True
2823,10,5.196152275749405e-08,True
2824,12,3.4641016581835386e-08,True
2825,28,8.944272232985803e-08,True
2826,32,6.92820345738445e-08,True
2827,36,6.324554495473505e-08,True
2828,14,4.358899589464544e-08,True
2829,10,4.6470493090159045e-15,True
2830,8,1.2560739669470201e-15,True
2831,12,1.9999999989472913e-08,True
2832,14,2.4494897460263422e-08,True
2833,24,5.999999437798348e-08,True
2834,10,5.1961525193246785e-08,True
2835,22,2.0000001987874483e-08,True
2836,10,5.196152391127167e-08,True
2837,14,3.4641017479218016e-08,True
2838,10,3.464101542805773e-08,True
2839,9,1.7320505662868663e-08,True
2840,11,3.3166248371476775e-08,True
2841,11,2.449489655377015e-08,True
2842,12,3.9999997092366054e-08,True
2843,36,4.000001041504268e-08,True
2844,10,6.928203002283162e-08,True
2845,10,0.0,True
2846,10,3.464101658183534e-08,True
2847,14,3.741657568770655e-08,True
2848,8,2.0000000766629e-08,True
2849,10,1.7320507201238847e-08,True
2850,12,3.464101696642791e-08,True
2851,10,3.4641017415119175e-08,True
2852,8,8.881784197001252e-16,True
2853,8,2.449489768688674e-08,True
2854,12,3.4641016453638584e-08,True
2855,10,1.999999943436143e-08,True
2856,11,2.449489138675865e-08,True
2857,10,1.732050950879405e-08,True
2858,10,3.464101388968758e-08,True
2859,8,9.99999993922529e-09,True
2860,10,3.99999975364553e-08,True
2861,10,1.7320506880745032e-08,True
2862,10,1.7320509316497767e-08,True
2863,9,4.0000001422235956e-08,True
2864,12,2.645751340094788e-08,True
2865,7,9.99999860695773e-09,True
2866,13,0.6069758941306117,True
2867,10,5.1961523975370425e-08,True
2868,10,3.4641019017588145e-08,True
2869,10,1.7320507201238847e-08,True
2870,36,2.0000002098896633e-08,True
2871,7,1.73205074576339e-08,True
2872,12,4.5825757325184175e-08,True
2873,38,4.898979111326099e-08,True
2874,10,1.0877919644084146e-15,True
2875,10,1.7320508162720176e-08,True
2876,12,1.4142131455542143e-08,True
2877,10,3.464101831250176e-08,True
2878,10,2.6296119242823513e-15,True
2879,10,1.7320507714028878e-08,True
2880,8,2.828427123257434e-08,True
2881,10,1.9999999656406283e-08,True
2882,28,8.24621149192937e-08,True
2883,10,1.73205094446953e-08,True
2884,10,1.7320507810177013e-08,True
2885,10,2.0000001432762835e-08,True
2886,36,8.00000125034141e-08,True
2887,10,1.7320506944843794e-08,True
2888,10,2.4494895012731492e-08,True
2889,9,1.732050880370772e-08,True
2890,11,1.0877919644084146e-15,True
2891,28,7.211103569428502e-08,True
2892,10,1.73205094446953e-08,True
2893,30,4.472136126423152e-08,True
2894,12,1.999999832413837e-08,True
2895,10,3.46410161972428e-08,True
2896,12,4.000000064507973e-08,True
2897,10,3.464101645363783e-08,True
2898,10,1.4087150935148696e-15,True
2899,14,3.464101741511942e-08,True
2900,9,4.000000020099038e-08,True
2901,5,1.7320508322967054e-08,True
2902,10,1.7320510983065445e-08,True
2903,14,2.4494894559484894e-08,True
2904,16,4.47213596754085e-08,True
2905,14,4.000000108916889e-08,True
2906,14,2.8284271389583858e-08,True
2907,10,1.7320507073041304e-08,True
2908,8,0.0,True
2909,16,3.4641013889687614e-08,True
2910,14,3.4641020555958226e-08,True
2911,10,3.464101850479803e-08,True
2912,10,1.7320508996004002e-08,True
2913,6,3.4641015684452756e-08,True
2914,10,2.8284269348463713e-08,True
2915,10,5.1961523911271664e-08,True
2916,36,6.633250624971464e-08,True
2917,10,1.7320508162720166e-08,True
2918,10,1.732050797042389e-08,True
2919,10,1.7320509316497767e-08,True
2920,28,6.928204034273162e-08,True
2921,10,3.4641013953786336e-08,True
2922,10,3.4641017992008004e-08,True
2923,10,3.999999784176647e-08,True
2924,7,1.4142135508343376e-08,True
2925,14,2.828427609986117e-08,True
2926,7,1.538370149106851e-15,True
2927,10,2.1868857395626282e-15,True
2928,10,3.464101590253877e-08,True
2929,12,2.9999999225556986e-08,True
2930,10,3.1309101282122667e-15,True
2931,8,2.0000000766629e-08,True
2932,5,2.220446049250313e-16,True
2933,10,1.732050694484379e-08,True
2934,7,1.414213569479178e-08,True
2935,10,1.732050566286871e-08,True
2936,10,3.4641017415119175e-08,True
2937,10,0.0,True
2938,16,9.165151411737317e-08,True
2939,10,1.732050848321394e-08,True
2940,4,9.99999993922537e-09,True
2941,24,3.464101747921822e-08,True
2942,8,1.538370149106851e-15,True
2943,4,1.7320507970423888e-08,True
2944,10,3.4641016966427877e-08,True
2945,28,6.928204162470694e-08,True
2946,12,2.0000000100495414e-08,True
2947,10,3.4641014402477694e-08,True
2948,10,3.4641016774131605e-08,True
2949,12,4.1231055413205205e-08,True
2950,10,1.7320502842523394e-08,True
2951,10,9.222205069512407e-16,True
2952,10,1.6504651808933464e-15,True
2953,10,1.7320506944843823e-08,True
2954,10,3.1401849173675503e-16,True
2955,14,3.7416576577865326e-08,True
2956,10,3.4641016710032856e-08,True
2957,7,1.999999971191715e-08,True
2958,24,8.717798216153203e-08,True
2959,9,2.4494895465978174e-08,True
2960,30,9.59166270187235e-08,True
2961,10,1.5700924586837751e-15,True
2962,24,3.464101824840684e-08,True
2963,6,1.0877923102081124e-15,True
2964,10,3.4641016197242856e-08,True
2965,5,1.0889421778768701e-15,True
2966,8,2.4494895465978157e-08,True
2967,10,1.7320510534374335e-08,True
2968,14,5.17892563931115e-15,True
2969,10,1.538370149106851e-15,True
2970,12,5.329070518200751e-15,True
2971,14,2.449490036104246e-08,True
2972,10,7.021666937153402e-16,True
2973,20,5.656855471186988e-08,True
2974,10,1.0000001271492984e-08,True
2975,10,2.4494898820003993e-08,True
2976,10,2.828427264565757e-08,True
2977,14,7.691850745534256e-15,True
2978,10,1.7320507778127626e-08,True
2979,8,3.464102004316818e-08,True
2980,10,1.732050662435001e-08,True
2981,32,5.6568540502533915e-08,True
2982,10,8.308148362110449e-16,True
2983,24,4.472136186003861e-08,True
2984,12,9.99999993922592e-09,True
2985,4,0.0,True
2986,10,2.6645352591003757e-15,True
2987,10,2.449489442351122e-08,True
2988,10,1.149764460151469e-15,True
2989,10,0.0,True
2990,12,2.8284274451264007e-08,True
2991,14,3.621437911838241e-15,True
2992,10,3.464101715872415e-08,True
2993,10,1.6616296724220897e-15,True
2994,24,6.000000076407869e-08,True
2995,11,3.464101652975511e-08,True
2996,28,5.999999460234253e-08,True
2997,14,2.0000001654807913e-08,True
2998,8,3.4641015940847776e-08,True
2999,12,3.316624783588504e-08,True
3000,12,2.4494896553770148e-08,True
3001,12,5.099019639371159e-08,True
3002,9,1.7320508739608962e-08,True
3003,10,3.464101337689753e-08,True
3004,5,1.7320509508794036e-08,True
3005,10,3.4641014722971416e-08,True
3006,36,4.472134775925688e-08,True
3007,12,3.464101722282308e-08,True
3008,35,4.123105797799011e-08,True
3009,12,4.898979546442282e-08,True
3010,36,8.48528071033353e-08,True
3011,12,3.464101542805773e-08,True
3012,28,5.656852833431661e-08,True
3013,16,4.4721363548162124e-08,True
3014,5,1.7320509893386576e-08,True
3015,26,9.165151256684191e-08,True
3016,10,3.4641012351317565e-08,True
3017,10,2.462593796972316e-15,True
3018,14,3.871479975306501e-15,True
3019,6,1.9999999878450584e-08,True
3020,24,6.32455535211618e-08,True
3021,24,6.708204090333188e-08,True
3022,10,0.0,True
3023,14,4.898979415000758e-08,True
3024,10,1.7320509957485335e-08,True
3025,14,1.0000002159671912e-08,True
3026,8,1.9860273225978185e-15,True
3027,30,3.741657867715687e-08,True
3028,12,6.92820303433254e-08,True
3029,12,1.7320508483213968e-08,True
3030,12,2.000000121071825e-08,True
3031,35,7.071068487993788e-08,True
3032,12,4.5288390936029406e-15,True
3033,10,4.472135961334515e-08,True
3034,8,2.8284271004477748e-08,True
3035,4,1.7320507970423888e-08,True
3036,10,0.0,True
3037,10,1.7320511047164194e-08,True
3038,16,3.162277656748485e-08,True
3039,12,2.000000076662902e-08,True
3040,10,1.732050668844895e-08,True
3041,38,3.064215547965432e-14,True
3042,5,1.7320507906325133e-08,True
3043,10,1.2560739669470201e-15,True
3044,10,3.3166246363007795e-08,True
3045,11,1.7320508605402484e-08,True
3046,8,1.9999999989473237e-08,True
3047,10,3.4641017094625393e-08,True
3048,13,2.000000254298588e-08,True
3049,14,4.472136046982014e-08,True
3050,10,5.291502260958119e-08,True
3051,14,3.999999709236603e-08,True
3052,10,4.242640743764614e-08,True
3053,10,3.4641016645934095e-08,True
3054,10,3.4641015492156484e-08,True
3055,8,9.9999999392253e-09,True
3056,10,2.482534153247273e-16,True
3057,10,2.482534153247273e-16,True
3058,16,3.0000000821502624e-08,True
3059,12,4.39625888431457e-15,True
3060,15,3.000000001196549e-08,True
3061,10,2.0000001654808052e-08,True
3062,4,1.7320508739608962e-08,True
3063,10,3.4641016966427877e-08,True
3064,34,5.656854277916758e-08,True
3065,5,1.732050765368591e-08,True
3066,10,1.7320508996003992e-08,True
3067,8,2.8284271458275136e-08,True
3068,9,2.999999966964619e-08,True
3069,10,1.7320506688448883e-08,True
3070,10,3.464101747921793e-08,True
3071,9,1.000000082740373e-08,True
3072,10,3.464101337689753e-08,True
3073,9,3.4641015940847776e-08,True
3074,28,5.656855753803627e-08,True
3075,4,4.440892098500626e-16,True
3076,6,1.7320508739608965e-08,True
3077,9,1.73205082268191e-08,True
3078,10,9.999997274690347e-09,True
3079,10,1.7320507970423898e-08,True
3080,9,1.73205074576339e-08,True
3081,14,3.46410151716627e-08,True
3082,10,1.7320509252399012e-08,True
3083,34,7.483316152322269e-08,True
3084,16,3.162277235667906e-08,True
3085,10,2.8457249041605285e-15,True
3086,14,2.8284272331639092e-08,True
3087,10,1.7320508739608995e-08,True
3088,24,6.92820300869315e-08,True
3089,30,8.944272590470754e-08,True
3090,22,7.141428175266925e-08,True
3091,10,1.732051117536174e-08,True
3092,6,2.00000003225398e-08,True
3093,10,3.4641015940847776e-08,True
3094,10,1.732050662435001e-08,True
3095,10,3.464101600494655e-08,True
3096,28,1.0489294363060451e-14,True
3097,14,3.000000077986927e-08,True
3098,6,8.337280971635775e-05,True
3099,10,5.1961525257345547e-08,True
3100,10,1.7320508034522646e-08,True
3101,3,3.8459253727671276e-16,True
3102,12,2.4494898729354054e-08,True
3103,4,6.280369834735101e-16,True
3104,10,3.46410172228229e-08,True
3105,10,1.7320507457633854e-08,True
3106,12,1.414213208358041e-08,True
3107,10,3.76822190084106e-15,True
3108,10,1.414213930600444e-08,True
3109,12,5.2915026340308406e-08,True
3110,6,3.4641015428057735e-08,True
3111,20,2.8284274843787188e-08,True
3112,10,1.2412670766236366e-15,True
3113,10,1.88411095042053e-15,True
3114,8,1.7320508996003992e-08,True
3115,10,5.1961524936851765e-08,True
3116,8,4.484050470211362e-16,True
3117,4,1.7320508739608962e-08,True
3118,16,2.8284268720426486e-08,True
3119,10,3.872983441632692e-08,True
3120,10,5.196152480865425e-08,True
3121,10,3.1401849173675503e-16,True
3122,10,1.7320506624350025e-08,True
3123,6,9.999999939225447e-09,True
3124,10,7.021666937153402e-16,True
3125,36,2.6496909360276352e-14,True
3126,8,7.021666937153402e-16,True
3127,10,2.482534153247273e-16,True
3128,10,3.464101337689754e-08,True
3129,16,4.898979374208556e-08,True
3130,8,2.8284271546592813e-08,True
3131,8,3.1622776549930635e-08,True
3132,10,2.828427170360211e-08,True
3133,8,1.7320507970423888e-08,True
3134,12,5.2915024257920204e-08,True
3135,12,1.9999998102093774e-08,True
3136,9,2.2360680532813987e-08,True
3137,16,2.828426824939866e-08,True
3138,11,1.7320509778209326e-08,True
3139,38,2.8284277983974067e-08,True
3140,8,1.999999987845058e-08,True
3141,12,3.9999999978945945e-08,True
3142,40,8.485281448277054e-08,True
3143,9,1.000000038331458e-08,True
3144,10,1.7320509316497767e-08,True
3145,12,1.7320508483214316e-08,True
3146,14,3.605551247392949e-08,True
3147,6,1.7320506432053876e-08,True
3148,14,3.464102517106867e-08,True
3149,12,1.9999999857634058e-08,True
3150,11,1.4142130749000574e-08,True
3151,10,3.3166248153958026e-08,True
3152,14,1.732050797042536e-08,True
3153,10,1.7320509252399012e-08,True
3154,14,4.795831697883996e-08,True
3155,24,6.928203316367093e-08,True
3156,10,1.7659178253678205e-15,True
3157,12,6.928203316367068e-08,True
3158,6,1.999999987845062e-08,True
3159,24,6.633249319465928e-08,True
3160,8,2.000000076662906e-08,True
3161,14,1.9999996769826254e-08,True
3162,10,1.732051002158409e-08,True
3163,10,1.732051130355926e-08,True
3164,10,1.73205094446953e-08,True
3165,24,2.2360675071239004e-08,True
3166,10,1.7320507778127626e-08,True
3167,10,2.6084334968580714e-15,True
3168,11,1.4142136322828812e-08,True
3169,10,1.7320508162720173e-08,True
3170,10,4.472136086702504e-08,True
3171,34,6.324555659314321e-08,True
3172,10,2.000000165480815e-08,True
3173,6,1.7320508547312703e-08,True
3174,10,1.7320507970423908e-08,True
3175,6,3.999999987845039e-08,True
3176,10,1.7320507201238847e-08,True
3177,6,1.999999987845058e-08,True
3178,24,4.472135400126664e-08,True
3179,10,3.4641015940847796e-08,True
3180,4,0.0,True
3181,5,1.7320508996003992e-08,True
3182,10,1.7320508290917673e-08,True
3183,10,1.732050591926383e-08,True
3184,10,3.4641017479217924e-08,True
3185,10,1.7320509316497767e-08,True
3186,12,2.0000000211517508e-08,True
3187,10,1.7320506496152528e-08,True
3188,5,1.4142136165819516e-08,True
3189,10,2.8284272331639155e-08,True
3190,10,1.732050777812764e-08,True
3191,5,1.7320510021584103e-08,True
3192,10,1.732050777812764e-08,True
3193,12,1.999999987845062e-08,True
3194,10,8.671119018262734e-16,True
3195,8,1.73205075278079e-08,True
3196,10,1.7320503098918444e-08,True
3197,14,2.8284270447528157e-08,True
3198,36,4.000000286552605e-08,True
3199,15,3.16227776733974e-08,True
3200,10,2.00000003225398e-08,True
3201,8,3.000000026176509e-08,True
3202,10,1.73205075217326e-08,True
3203,10,1.7483809675615383e-15,True
3204,28,3.46410183125018e-08,True
3205,9,1.4142136205071873e-08,True
3206,10,1.7320507714029003e-08,True
3207,8,2.0000000544584564e-08,True
3208,7,1.4142136793856506e-08,True
3209,10,1.732050662435001e-08,True
3210,10,3.6055511488583985e-08,True
3211,7,6.280369834735101e-16,True
3212,12,3.4684476073050936e-15,True
3213,26,3.464102414548876e-08,True
3214,10,7.021666937153402e-16,True
3215,6,1.4142135223764074e-08,True
3216,10,1.732050566286871e-08,True
3217,32,8.944272610331314e-08,True
3218,10,3.464101421018136e-08,True
3219,7,1.732050918830026e-08,True
3220,4,9.999999939225295e-09,True
3221,10,3.4641017286921665e-08,True
3222,9,4.5825757785498136e-08,True
3223,10,2.8284272959676025e-08,True
3224,10,4.8989794376630875e-08,True
3225,7,1.7320508130670795e-08,True
3226,10,1.7320509252399012e-08,True
3227,5,0.0,True
3228,10,1.414213490974559e-08,True
3229,7,1.414213804993064e-08,True
3230,10,5.19615237189754e-08,True
3231,6,8.881784197001252e-16,True
3232,10,3.464101613314404e-08,True
3233,12,3.4641010812947404e-08,True
3234,10,3.464101446657639e-08,True
3235,8,1.9999999878450604e-08,True
3236,10,5.196152647522191e-08,True
3237,24,5.2915024084825375e-08,True
3238,28,4.000000597415036e-08,True
3239,10,1.7320506432053922e-08,True
3240,10,1.7320507778127636e-08,True
3241,10,1.7320507970423898e-08,True
3242,8,3.464101542805773e-08,True
3243,10,1.7320506880745032e-08,True
3244,6,2.4494898276107415e-08,True
3245,28,1.4966630037706915e-07,True
3246,12,1.4142134595727228e-08,True
3247,11,3.999999970139007e-08,True
3248,11,4.2426407869421616e-08,True
3249,6,1.999999899027216e-08,True
3250,10,1.732051155995425e-08,True
3251,11,3.464101440247775e-08,True
3252,10,4.440892098500626e-16,True
3253,10,1.732050745763384e-08,True
3254,10,5.65685434072041e-08,True
3255,24,5.656854403524402e-08,True
3256,16,4.472135977471023e-08,True
3257,10,3.4641015748551504e-08,True
3258,13,2.0000000044984097e-08,True
3259,6,1.4142135537782539e-08,True
3260,12,4.213000162292041e-15,True
3261,16,6.8222984670132905e-15,True
3262,14,4.000000242143674e-08,True
3263,10,1.472877282518059e-15,True
3264,10,1.7320508162720156e-08,True
3265,12,1.0000000827404706e-08,True
3266,10,3.46410161972428e-08,True
3267,10,1.4142135537782534e-08,True
3268,14,1.1537776118301384e-15,True
3269,32,5.656853335861661e-08,True
3270,6,1.897149936107019e-15,True
3271,10,1.732050803452266e-08,True
3272,14,1.7320508483214418e-08,True
3273,10,1.732050745763384e-08,True
3274,14,2.8284270447528184e-08,True
3275,14,4.4721363250257685e-08,True
3276,10,1.7320508162720166e-08,True
3277,32,5.656854450627027e-08,True
3278,14,2.4494897822860767e-08,True
3279,12,2.828427280266875e-08,True
3280,30,5.567764367859905e-08,True
3281,6,2.8284271075565064e-08,True
3282,15,2.23606792418961e-08,True
3283,12,4.0000001533258e-08,True
3284,16,4.898979466889334e-08,True
3285,6,1.7320508707559594e-08,True
3286,6,3.316624813715538e-08,True
3287,26,4.4721362356546585e-08,True
3288,10,1.732050777812763e-08,True
3289,44,3.4641009018182176e-08,True
3290,10,1.732050694484385e-08,True
3291,10,6.280369834735101e-16,True
3292,3,3.1401849173675503e-16,True
3293,10,2.482534153247273e-16,True
3294,15,6.403124156905029e-08,True
3295,14,3.4641017222823115e-08,True
3296,10,3.464101600494654e-08,True
3297,10,9.742167503148516e-16,True
3298,9,1.732050925239904e-08,True
3299,10,5.19615200653463e-08,True
3300,10,1.5059797815742444e-15,True
3301,13,1.7320508355016425e-08,True
3302,14,6.928202726658511e-08,True
3303,10,1.7320509444695314e-08,True
3304,14,4.440892098500626e-16,True
3305,12,3.0000000484460214e-08,True
3306,10,5.196152596243191e-08,True
3307,10,1.732050925239903e-08,True
3308,10,1.6504651808933464e-15,True
3309,5,1.538370149106851e-15,True
3310,10,1.7320508162720156e-08,True
3311,10,1.7320506816646284e-08,True
3312,10,1.355199909595506e-15,True
3313,24,6.928203127275737e-08,True
3314,10,5.196152384717291e-08,True
3315,8,3.4641015428057755e-08,True
3316,10,3.4641014081983846e-08,True
3317,14,2.000000254298586e-08,True
3318,10,1.732050572696742e-08,True
3319,10,2.5121479338940403e-15,True
3320,12,3.076740298213702e-15,True
3321,5,5.978733960281817e-16,True
3322,8,1.0000000383314677e-08,True
3323,24,7.745966874665647e-08,True
3324,28,3.9999997536455396e-08,True
3325,14,1.538370149106851e-15,True
3326,10,1.7320506944843794e-08,True
3327,24,5.2915024892603123e-08,True
3328,4,1.9229626863835638e-16,True
3329,17,3.7416575361314924e-08,True
3330,26,4.8989802535070965e-08,True
3331,10,3.464101286410748e-08,True
3332,32,8.0000009727855e-08,True
3333,12,1.1537776118301384e-15,True
3334,13,2.236067705726635e-08,True
3335,14,3.7416573588415375e-08,True
3336,40,4.00000033096184e-08,True
3337,10,7.021666937153402e-16,True
3338,10,4.577566798522237e-16,True
3339,14,4.472135898029897e-08,True
3340,9,1.9999998990272793e-08,True
3341,10,1.7320508996003995e-08,True
3342,10,1.9357399876532506e-15,True
3343,14,4.4721362058641325e-08,True
3344,26,7.999999881991399e-08,True
3345,24,5.656854321094308e-08,True
3346,12,5.656854089505627e-08,True
3347,36,1.1832158612279659e-07,True
3348,10,1.7320507714028878e-08,True
3349,10,1.7320506944843794e-08,True
3350,10,2.0000000322539833e-08,True
3351,10,1.732050643205374e-08,True
3352,14,3.464101799200798e-08,True
3353,4,1.4142135694791778e-08,True
3354,18,4.898979401403355e-08,True
3355,12,1.9999997213915364e-08,True
3356,10,2.8284271546592833e-08,True
3357,8,2.5121479338940403e-15,True
3358,16,2.828427244939606e-08,True
3359,24,6.928203880436143e-08,True
3360,10,2.8284272331639145e-08,True
3361,14,1.9999999434361592e-08,True
3362,14,2.8284271154069997e-08,True
3363,12,4.4721358980299005e-08,True
3364,22,6.928203470204083e-08,True
3365,3,3.8459253727671276e-16,True
3366,18,2.000000609570145e-08,True
3367,4,1.4142136165819515e-08,True
3368,4,1.3322676295501878e-15,True
3369,16,6.92820349584359e-08,True
3370,24,8.485281157809841e-08,True
3371,5,1.732050784222638e-08,True
3372,14,4.898979401403375e-08,True
3373,4,2.220446049250313e-16,True
3374,16,5.656854340720419e-08,True
3375,6,1.3322676295501878e-15,True
3376,10,1.9357399876532506e-15,True
3377,5,6.280369834735101e-16,True
3378,24,3.464100248011321e-08,True
3379,14,2.8284272174629945e-08,True
3380,18,2.0000000766629632e-08,True
3381,20,3.464101286410748e-08,True
3382,10,2.645751353732619e-08,True
3383,20,2.8284271232574377e-08,True
3384,26,1.1313706691348844e-07,True
3385,21,2.645751525778807e-08,True
3386,14,5.291502657110227e-08,True
3387,24,4.000001396775747e-08,True
3388,16,2.828427641387951e-08,True
3389,4,1.4142135851801025e-08,True
3390,5,1.2560739669470201e-15,True
3391,8,1.538370149106851e-15,True
3392,10,2.8284271254040475e-08,True
3393,5,0.0,True
3394,24,4.000000071446866e-08,True
3395,16,3.9999997147877106e-08,True
3396,14,3.4641014979366457e-08,True
3397,10,1.7320509508794036e-08,True
3398,18,6.928203284317689e-08,True
3399,16,6.000000200151466e-08,True
3400,18,6.000000096761953e-08,True
3401,20,1.7320503355314033e-08,True
3402,22,4.8989791203904925e-08,True
3403,10,2.828427082042506e-08,True
3404,16,1.9999998102094135e-08,True
3405,16,3.999999798054433e-08,True
3406,24,8.94427189536119e-08,True
3407,8,3.464101696642788e-08,True
3408,6,8.881784197001252e-16,True
3409,20,5.6568540581038986e-08,True
3410,20,1.9999999878451074e-08,True
3411,22,2.828426887743565e-08,True
3412,12,4.000000064507968e-08,True
3413,10,2.8284272096125204e-08,True
3414,9,2.828427085722409e-08,True
3415,5,1.4142135773296403e-08,True
3416,12,2.000000098867366e-08,True
3417,16,4.00000033096149e-08,True
3418,5,4.440892098500626e-16,True
3419,14,3.464101647767486e-08,True
3420,26,7.211101546390894e-08,True
3421,22,3.4641013376898903e-08,True
3422,40,3.99999930955672e-08,True
3423,12,3.999999753645527e-08,True
3424,3,1.538370149106851e-15,True
3425,14,2.828426353912132e-08,True
3426,16,4.000000464188263e-08,True
3427,24,4.3588992532571706e-08,True
3428,24,6.708204154879117e-08,True
3429,20,8.485281427730788e-08,True
3430,18,3.464102491467419e-08,True
3431,18,2.8284265423232412e-08,True
3432,24,7.211102569456608e-08,True
3433,14,3.464101651773666e-08,True
3434,5,1.1957467920563633e-15,True
3435,23,4.690415622435521e-08,True
3436,12,1.9999998546183e-08,True
3437,4,9.999999939225302e-09,True
3438,3,0.0,True
3439,22,4.4721362853052384e-08,True
3440,11,2.236067983770425e-08,True
3441,18,1.9999996325736912e-08,True
3442,27,3.316624857232379e-08,True
3443,5,1.7320507970423888e-08,True
3444,24,3.4641013376899016e-08,True
3445,18,4.123105503622921e-08,True
3446,8,2.000000121071822e-08,True
3447,4,1.4142136165819516e-08,True
3448,2,0.0,True
3449,5,1.7320508996003992e-08,True
3450,20,4.000001130322158e-08,True
3451,8,1.999999987845058e-08,True
3452,4,6.280369834735101e-16,True
3453,16,4.472136022156601e-08,True
3454,4,0.0,True
3455,10,5.196152724440699e-08,True
3456,6,1.999999943436139e-08,True
3457,5,3.4641017479217924e-08,True
3458,4,0.0,True
3459,5,6.280369834735101e-16,True
3460,14,3.464101376149021e-08,True
3461,3,9.999999939225294e-09,True
3462,4,1.0000000050247593e-08,True
3463,10,3.4641015844699656e-08,True
3464,5,4.965068306494546e-16,True
3465,5,1.7342238036525468e-15,True
3466,24,6.633249419889316e-08,True
3467,8,1.7763568394002505e-15,True
3468,4,0.0,True
3469,18,7.483314781895045e-08,True
3470,10,3.464101581265029e-08,True
3471,8,3.464101491526771e-08,True
3472,4,0.0,True
3473,8,3.4641016710032876e-08,True
3474,21,4.4721360171915656e-08,True
3475,23,1.7320491048352247e-08,True
3476,22,8.944272173405005e-08,True
3477,20,2.828427217462999e-08,True
3478,10,2.000000187685219e-08,True
3479,20,4.898979306221591e-08,True
3480,18,2.0000003431164832e-08,True
3481,22,6.928202316426489e-08,True
3482,5,3.1401849173675503e-16,True
3483,14,2.0000001210718465e-08,True
3484,10,3.464101799200799e-08,True
3485,18,2.828427091855614e-08,True
3486,13,3.999999820258899e-08,True
3487,14,1.9999995881648364e-08,True
3488,10,1.7320508483214044e-08,True
3489,18,3.4641014915268046e-08,True
3490,10,1.7320507970423888e-08,True
3491,24,4.8989802353772655e-08,True
3492,10,5.087681048627601e-16,True
3493,3,0.0,True
3494,10,6.280369834735101e-16,True
3495,13,2.6457511145464595e-08,True
3496,22,4.472134180116602e-08,True
3497,16,2.8284271232574327e-08,True
3498,5,9.930136612989092e-16,True
3499,14,0.0,True
3500,12,4.472135391592968e-08,True
3501,28,5.65685390109463e-08,True
3502,4,0.0,True
3503,10,6.526751786450488e-15,True
3504,16,4.000000242143677e-08,True
3505,4,9.42055475210265e-16,True
3506,15,3.000000425856818e-08,True
3507,16,4.8989797458708094e-08,True
3508,22,5.656854403524156e-08,True
3509,24,2.828427327369565e-08,True
3510,5,1.732050681664628e-08,True
3511,9,3.3166248974017487e-08,True
3512,20,3.999999798054641e-08,True
3513,10,1.732050681664628e-08,True
3514,4,0.0,True
3515,11,1.7320505150078675e-08,True
3516,14,1.7320509380596615e-08,True
3517,8,1.9999999878450604e-08,True
3518,20,2.4494898638704842e-08,True
3519,20,5.291502483031473e-08,True
3520,4,0.0,True
3521,10,4.440892098500626e-16,True
3522,16,1.4142133339653685e-08,True
3523,18,3.464101568445284e-08,True
3524,16,2.8284267307343257e-08,True
3525,12,3.316624730029331e-08,True
3526,10,3.4641017863810514e-08,True
3527,10,2.8284267307343287e-08,True
3528,18,3.4641019153798083e-08,True
3529,9,1.7320508226818928e-08,True
3530,12,6.928203188169555e-08,True
3531,15,4.8989794965851504e-08,True
3532,3,7.691850745534255e-16,True
3533,24,4.472136215794332e-08,True
3534,24,5.99999964133921e-08,True
3535,6,1.7320507970423888e-08,True
3536,4,0.0,True
3537,8,3.4641016453637836e-08,True
3538,18,4.4721360668423096e-08,True
3539,24,5.999999519446179e-08,True
3540,20,3.464101030015753e-08,True
3541,3,1.7320507970423888e-08,True
3542,20,3.464101786381055e-08,True
3543,16,3.46410131205026e-08,True
3544,18,3.464101347304633e-08,True
3545,20,2.8284277983972244e-08,True
3546,12,6.928203495843585e-08,True
3547,10,1.732050849122632e-08,True
3548,26,4.898979129455371e-08,True
3549,5,1.7320508355016428e-08,True
3550,5,1.4142135537782532e-08,True
3551,24,3.464100978736722e-08,True
3552,20,6.324555210146815e-08,True
3553,20,6.000000080108598e-08,True
3554,14,3.162277528603059e-08,True
3555,7,1.9999999378850272e-08,True
3556,16,4.0000000145479226e-08,True
3557,12,3.464101632544044e-08,True
3558,12,4.4721360296042094e-08,True
3559,14,6.000000037550043e-08,True
3560,16,1.4043333874306805e-15,True
3561,20,8.000000617514048e-08,True
3562,12,5.656854199412091e-08,True
3563,14,8.530675149520015e-15,True
3564,14,2.0000000766629222e-08,True
3565,20,4.795831255723785e-08,True
3566,15,1.414213490974561e-08,True
3567,18,3.464101876119386e-08,True
3568,14,2.828427138958359e-08,True
3569,16,4.472135689497024e-08,True
3570,14,3.9999998660556004e-08,True
3571,8,1.9999998546182954e-08,True
3572,12,2.0000001654807493e-08,True
3573,12,4.000000064507961e-08,True
3574,12,1.0877919644084146e-15,True
3575,12,3.9999999923434635e-08,True
3576,12,2.000000032253983e-08,True
3577,12,3.464101902359749e-08,True
3578,18,8.485281537248831e-08,True
3579,18,2.0000001210718333e-08,True
3580,14,0.0,True
3581,16,5.756054031998179e-15,True
3582,10,1.9999998546183014e-08,True
3583,13,3.464101491526769e-08,True
3584,12,5.656854073804698e-08,True
3585,12,4.000000031201292e-08,True
3586,20,4.8989791396534186e-08,True
3587,8,1.999999765800462e-08,True
3588,12,3.9999999978946236e-08,True
3589,14,3.464101465887275e-08,True
3590,8,3.871479975306501e-15,True
3591,20,3.464101671003315e-08,True
3592,12,2.8284270604537394e-08,True
3593,12,2.8284272645657565e-08,True
3594,12,6.928203188169563e-08,True
3595,12,4.000000064507963e-08,True
3596,20,4.000000219939222e-08,True
3597,14,2.000000254298584e-08,True
3598,12,3.4641018889390734e-08,True
3599,12,3.464101642158848e-08,True
3600,8,1.999999899027216e-08,True
3601,12,3.9999999978946e-08,True
3602,20,5.999999859914365e-08,True
3603,16,2.8284269976500385e-08,True
3604,12,3.999999842463356e-08,True
3605,12,3.9999998979745064e-08,True
3606,6,6.280369834735101e-16,True
3607,2,0.0,True
3608,14,2.8284272017620708e-08,True
3609,12,4.89897946485789e-08,True
3610,14,3.464101773561298e-08,True
3611,8,2.8284270761546578e-08,True
3612,16,1.538370149106851e-15,True
3613,15,1.4142135734044592e-08,True
3614,16,4.898979637091619e-08,True
3615,16,4.898979890909758e-08,True
3616,14,2.8284271193322043e-08,True
3617,18,5.291502902066347e-08,True
3618,16,5.6568539953000995e-08,True
3619,14,4.4721360668422295e-08,True
3620,20,6.000000037550047e-08,True
3621,15,2.236067909139242e-08,True
3622,12,3.4641015803511224e-08,True
3623,20,3.999999981241236e-08,True
3624,2,0.0,True
3625,20,1.0392305013009855e-07,True
3626,14,7.691850745534255e-16,True
3627,4,0.0,True
3628,9,3.741657417443652e-08,True
3629,16,2.8284272174630104e-08,True
3630,12,6.9282036496806e-08,True
3631,20,8.005932084973442e-15,True
3632,16,6.633249995650403e-08,True
3633,12,4.4721358384490756e-08,True
3634,12,2.828426856341713e-08,True
3635,16,5.6568541523093175e-08,True
3636,20,1.9999994549380813e-08,True
3637,18,2.0000000988673638e-08,True
3638,14,5.291502699072758e-08,True
3639,12,3.4641017479217924e-08,True
3640,18,2.828427547182436e-08,True
3641,24,3.464101517166274e-08,True
3642,24,7.99999959610891e-08,True
3643,10,2.8284271075565176e-08,True
3644,12,2.8284270133509608e-08,True
3645,9,3.0000000113735366e-08,True
3646,16,3.316624345072801e-08,True
3647,12,4.6904157123815387e-08,True
3648,14,2.828427068304209e-08,True
3649,14,1.9999999434361414e-08,True
3650,14,4.000000053405731e-08,True
3651,12,3.4641014146082634e-08,True
3652,14,4.8989794920526937e-08,True
3653,12,3.464101632544039e-08,True
3654,20,4.898979605364349e-08,True
3655,16,2.8284271075565064e-08,True
3656,18,4.8989796733513445e-08,True
3657,16,3.741657580083078e-08,True
3658,7,3.741657381837303e-08,True
3659,14,2.828426950547261e-08,True
3660,14,3.999999947934544e-08,True
3661,20,5.6568538853936034e-08,True
3662,16,4.4721358980298986e-08,True
3663,12,4.0000003309614847e-08,True
3664,14,2.8284269819491138e-08,True
3665,12,3.999999576009832e-08,True
3666,20,3.464100824899712e-08,True
3667,20,3.999999975690363e-08,True
3668,16,6.928203290727575e-08,True
3669,14,2.449489800415983e-08,True
3670,14,4.000000027037936e-08,True
3671,40,2.064426358259844e-14,True
3672,18,5.291502430512791e-08,True
3673,20,6.928202790757271e-08,True
3674,8,1.7320507201238814e-08,True
3675,8,2.000000076662904e-08,True
3676,15,2.6457513149173025e-08,True
3677,14,3.3166248371476775e-08,True
3678,14,4.8989792744942995e-08,True
3679,12,2.828427170360212e-08,True
3680,18,4.123106122940771e-08,True
3681,11,5.5677643947947387e-08,True
3682,10,4.898979455792953e-08,True
3683,12,1.9860273225978185e-15,True
3684,12,2.8284270290518835e-08,True
3685,20,3.9999996495621245e-08,True
3686,12,5.656854403524117e-08,True
3687,7,1.7320508258868315e-08,True
3688,12,2.175583928816829e-15,True
3689,20,4.8989795056501056e-08,True
3690,15,3.000000059483199e-08,True
3691,14,3.464102517106867e-08,True
3692,14,4.898979312453698e-08,True
3693,20,2.8284269740986566e-08,True
3694,12,4.000000092263549e-08,True
3695,16,4.440892098500626e-16,True
3696,7,1.732050809862143e-08,True
3697,20,3.4641015043465245e-08,True
3698,14,3.464101235131746e-08,True
3699,12,3.996810888398171e-15,True
3700,18,4.898979618961775e-08,True
3701,16,3.162277626906414e-08,True
3702,12,2.0000001654807542e-08,True
3703,10,1.0835344452754878e-15,True
3704,16,5.6568543515147974e-08,True
3705,14,1.999999899027236e-08,True
3706,8,2.4494896916367466e-08,True
3707,12,3.999999709236591e-08,True
3708,20,3.9999988210582274e-08,True
3709,8,3.2023728339893768e-15,True
3710,14,4.89897937902431e-08,True
3711,14,1.2306961192854808e-14,True
3712,7,9.99999949513618e-09,True
3713,14,3.9999998424633684e-08,True
3714,20,4.000000020099037e-08,True
3715,14,3.4641017479217924e-08,True
3716,7,1.7320508355016435e-08,True
3717,18,7.348469963273682e-08,True
3718,14,2.3914935841127266e-15,True
3719,7,1.4142135851801023e-08,True
3720,9,1.7320504124498515e-08,True
3721,10,2.8284269976500633e-08,True
3722,20,6.928203186867554e-08,True
3723,20,5.6568543721223255e-08,True
3724,20,4.000001441184525e-08,True
3725,12,2.808666774861361e-15,True
3726,12,3.4641015684452756e-08,True
3727,4,1.4142135537782532e-08,True
3728,20,4.4721359514043873e-08,True
3729,16,1.9357399876532506e-15,True
3730,12,3.999999997894578e-08,True
3731,12,3.316624676470156e-08,True
3732,6,4.440892098500626e-16,True
3733,16,2.000000165480746e-08,True
3734,4,0.0,True
3735,18,3.4641020171367125e-08,True
3736,16,2.82842693484635e-08,True
3737,12,2.000000076663011e-08,True
3738,12,3.9999999756901254e-08,True
3739,15,4.2426404624563954e-08,True
3740,20,5.916079754651292e-08,True
3741,16,2.0000004763433507e-08,True
3742,12,2.8435583831733384e-15,True
3743,16,4.898979764000703e-08,True
3744,20,8.944272113824176e-08,True
3745,13,3.605551133462384e-08,True
3746,11,2.4494896768492583e-08,True
3747,18,4.472135654431252e-08,True
3748,8,2.5121479338940403e-15,True
3749,20,3.9999992651475226e-08,True
3750,7,1.4043333874306805e-15,True
3751,18,5.99999970448315e-08,True
3752,14,2.8284272096125277e-08,True
3753,16,5.6568546037109866e-08,True
3754,17,6.153480596427404e-15,True
3755,12,4.0000000003448854e-08,True
3756,10,4.4721359836773266e-08,True
3757,16,2.0000002098897543e-08,True
3758,18,2.8284272331639727e-08,True
3759,14,3.741657269083862e-08,True
3760,20,3.999999087511818e-08,True
3761,14,3.464102517106867e-08,True
3762,14,5.2915024966037015e-08,True
3763,18,4.8989792926241775e-08,True
3764,3,0.0,True
3765,20,3.9999999073420204e-08,True
3766,18,6.324555759372824e-08,True
3767,12,5.656854591935204e-08,True
3768,18,2.000000015600691e-08,True
3769,20,6.633249640820874e-08,True
3770,14,4.472135997331264e-08,True
3771,16,4.89897977306561e-08,True
3772,18,3.605550742403736e-08,True
3773,40,8.113178370237474e-15,True
3774,14,7.691850745534256e-15,True
3775,14,1.999999899027221e-08,True
3776,7,1.4142138049930494e-08,True
3777,12,2.000000076662918e-08,True
3778,8,1.7320507201238814e-08,True
3779,13,1.791901337485521e-15,True
3780,12,1.999999899027218e-08,True
3781,7,2.449489718831543e-08,True
3782,18,7.745966731336477e-08,True
3783,32,5.6568548117481865e-08,True
3784,20,6.92820280357704e-08,True
3785,17,3.464101286410748e-08,True
3786,16,4.4721359476805764e-08,True
3787,15,6.557438890787177e-08,True
3788,20,3.999999620418798e-08,True
3789,12,4.8989798183902916e-08,True
3790,14,2.828427358771345e-08,True
3791,20,2.828427358771315e-08,True
3792,20,5.656854968757419e-08,True
3793,12,2.0000000766629063e-08,True
3794,16,3.464101440247775e-08,True
3795,15,5.099019179048496e-08,True
3796,12,3.4641018729143753e-08,True
3797,20,5.656853618477887e-08,True
3798,12,2.8284268877435696e-08,True
3799,20,4.0000005974150344e-08,True
3800,18,2.8284272370891383e-08,True
3801,16,2.00000005445844e-08,True
3802,12,6.928203140095492e-08,True
3803,12,2.828427044752833e-08,True
3804,16,3.4641015684452795e-08,True
3805,13,2.4494897641562112e-08,True
3806,20,3.999999886872291e-08,True
3807,12,1.9999999878450683e-08,True
3808,20,6.6332492525169e-08,True
3809,20,3.657001166779273e-15,True
3810,6,2.000000032253988e-08,True
3811,8,1.7320508483214044e-08,True
3812,18,4.8989800540785776e-08,True
3813,18,4.472135987401124e-08,True
3814,16,3.464101529986026e-08,True
3815,12,3.4641015940847776e-08,True
3816,14,6.633249506086074e-08,True
3817,8,4.440892098500626e-16,True
3818,8,2.0000000797854053e-08,True
3819,16,6.928203968571971e-08,True
3820,16,3.9999999090767446e-08,True
3821,20,5.65685361847801e-08,True
3822,18,2.8284269897995988e-08,True
3823,12,2.8284273430703957e-08,True
3824,18,5.2915025564003193e-08,True
3825,18,4.898979519247501e-08,True
3826,14,4.6151104473205536e-15,True
3827,12,5.291502912032319e-08,True
3828,12,2.828427170360209e-08,True
3829,20,2.828427735593508e-08,True
3830,20,7.032410645287518e-15,True
3831,12,3.6055513313012776e-08,True
3832,14,4.89897965068903e-08,True
3833,18,6.633249593956595e-08,True
3834,20,2.8284272733975457e-08,True
3835,6,3.464101696642788e-08,True
3836,12,4.6151104473205536e-15,True
3837,12,4.000000064507964e-08,True
3838,10,3.4641016004946544e-08,True
3839,16,3.0000001381240114e-08,True
3840,20,5.656853390814492e-08,True
3841,12,5.618499135219503e-15,True
3842,20,4.24264097797009e-08,True
3843,14,3.4641012094922406e-08,True
3844,14,3.999999869871987e-08,True
3845,14,2.828427264565754e-08,True
3846,14,2.8284269819491112e-08,True
3847,18,5.991605307709952e-16,True
3848,14,2.99999993735867e-08,True
3849,18,3.4641016966427897e-08,True
3850,14,3.464101427428012e-08,True
3851,20,4.000000042303516e-08,True
3852,12,1.7320507764982393e-08,True
3853,10,2.802076229740705e-15,True
3854,12,2.8284272331639046e-08,True
3855,14,3.999999975690134e-08,True
3856,14,2.8284271541686332e-08,True
3857,6,1.7320507842226378e-08,True
3858,16,6.928203059972045e-08,True
3859,12,1.4142134752736435e-08,True
3860,12,3.4641011453935e-08,True
3861,12,2.8284269348463518e-08,True
3862,48,1.131371194723345e-07,True
3863,12,2.8284271173695922e-08,True
3864,14,6.928204111191645e-08,True
3865,18,4.898979419533219e-08,True
3866,8,2.2360679639101603e-08,True
3867,13,2.0000001654807817e-08,True
3868,20,8.246211249587568e-08,True
3869,20,3.464102722222899e-08,True
3870,14,3.464101645363788e-08,True
3871,6,1.000000171558217e-08,True
3872,16,2.8284273901731494e-08,True
3873,6,6.280369834735101e-16,True
3874,12,4.000000153325801e-08,True
3875,16,5.6568540581037716e-08,True
3876,14,4.472135868239495e-08,True
3877,14,3.464101183852747e-08,True
3878,8,9.99999860695767e-09,True
3879,12,4.000000153325804e-08,True
3880,14,2.2360678447485293e-08,True
3881,6,0.0,True
3882,6,2.4494897604814627e-08,True
3883,18,5.6568536616554455e-08,True
3884,20,4.0000002421436453e-08,True
3885,14,2.828427166434988e-08,True
3886,16,4.00000003120141e-08,True
3887,12,1.999999987845059e-08,True
3888,18,3.4641017222822904e-08,True
3889,12,2.808666774861361e-15,True
3890,20,3.9999999756902835e-08,True
3891,20,4.362484308104375e-15,True
3892,12,5.656853901094521e-08,True
3893,16,3.999999709236616e-08,True
3894,16,7.211102364881949e-08,True
3895,20,6.928203188169641e-08,True
3896,6,2.220446049250313e-16,True
3897,14,3.464101542805784e-08,True
3898,12,5.999999896921795e-08,True
3899,16,2.000000165480743e-08,True
3900,20,5.6568543093185825e-08,True
3901,10,4.472135838449076e-08,True
3902,14,3.464101440247763e-08,True
3903,15,4.582575955407331e-08,True
3904,18,5.656854173898107e-08,True
3905,12,4.247963418737342e-15,True
3906,12,3.464101799200813e-08,True
3907,16,6.280369834735101e-16,True
3908,4,0.0,True
3909,4,9.99999993922531e-09,True
3910,16,3.999999576009833e-08,True
3911,6,3.4641015428057735e-08,True
3912,6,0.0,True
3913,40,3.281465067012756e-14,True
3914,40,1.8603221143444986e-14,True
3915,4,1.7320507457633854e-08,True
3916,40,8.94427431831717e-08,True
3917,15,2.449489809480905e-08,True
3918,10,2.828427170360211e-08,True
3919,7,1.7320507970423888e-08,True
3920,24,1.979811259392395e-15,True
3921,2,0.0,True
3922,20,6.928203342006742e-08,True
3923,6,6.280369834735101e-16,True
3924,4,0.0,True
3925,7,1.4142135851801083e-08,True
3926,36,3.464100735161447e-08,True
3927,40,1.2897714657584918e-14,True
3928,40,7.161799095124133e-15,True
3929,4,0.0,True
3930,6,1.3322676295501878e-15,True
3931,7,9.99999993922531e-09,True
3932,7,2.4494896916367526e-08,True
3933,40,4.8989796914812185e-08,True
3934,40,2.5912472205699825e-15,True
3935,12,8.881784197001252e-16,True
3936,24,5.6568540895056275e-08,True
3937,30,5.656853740160053e-08,True
3938,40,6.928202983053614e-08,True
3939,8,8.881784197001252e-16,True
3940,40,4.000000641824003e-08,True
3941,6,3.0000000557824556e-08,True
3942,15,2.2360678521961797e-08,True
3943,22,2.4494893471692952e-08,True
3944,40,8.94427167689816e-08,True
3945,40,6.928202829216527e-08,True
3946,16,6.633249720322769e-08,True
3947,6,1.414213490974555e-08,True
3948,6,2.8284271075565064e-08,True
3949,34,3.000000177907174e-08,True
3950,20,9.797959002235238e-08,True
3951,24,1.2654594571137606e-14,True
3952,12,4.000000064507968e-08,True
3953,40,6.92820026526629e-08,True
3954,24,3.2536922638851354e-14,True
3955,6,0.0,True
3956,4,0.0,True
3957,40,1.3856406581455156e-07,True
3958,2,0.0,True
3959,40,1.3856406607094634e-07,True
3960,4,0.0,True
3961,40,8.944267645264165e-08,True
3962,4,0.0,True
3963,4,1.7320507970423888e-08,True
3964,6,3.4641015764576196e-08,True
3965,6,1.7320507329436337e-08,True
3966,40,6.928204213749655e-08,True
3967,4,1.4142135537782532e-08,True
3968,24,8.000000573105131e-08,True
3969,40,8.944271427403476e-08,True
3970,5,8.881784197001252e-16,True
3971,6,3.552713678800501e-15,True
3972,15,4.242640930867314e-08,True
3973,40,3.0793194425251936e-14,True
3974,4,1.7320507970423888e-08,True
3975,6,0.0,True
3976,6,2.8284271075565064e-08,True
3977,24,4.472136106562814e-08,True
3978,10,2.8284272017620735e-08,True
3979,20,1.1783050950024609e-14,True
3980,16,5.6568535713751124e-08,True
3981,40,1.3856404581575377e-07,True
3982,24,5.1801155131095756e-15,True
3983,10,4.898979999688933e-08,True
3984,10,1.9999999878450935e-08,True
3985,7,2.000000032253979e-08,True
3986,24,4.000000686232901e-08,True
3987,6,1.999999987845062e-08,True
3988,12,2.044325800678625e-16,True
3989,4,1.4142135537782532e-08,True
3990,4,9.99999993922529e-09,True
3991,42,6.000000460360021e-08,True
3992,40,5.295662907052884e-14,True
3993,6,1.9999999878450584e-08,True
3994,20,2.1683198553528097e-14,True
3995,18,5.999999608263843e-08,True
3996,40,2.143478125694356e-15,True
3997,24,7.999999906971343e-08,True
3998,6,1.7320507241300577e-08,True
3999,6,1.9999999878450584e-08,True
4000,12,4.351167857633658e-15,True
4001,2,0.0,True
4002,6,0.0,True
4003,40,6.324555272244699e-08,True
4004,40,6.928203816337466e-08,True
4005,7,1.7320507714028868e-08,True
4006,9,2.236067963910152e-08,True
4007,6,2.4494897233640167e-08,True
4008,4,0.0,True
4009,24,4.000000042303501e-08,True
4010,6,1.999999987845058e-08,True
4011,30,6.324555113379548e-08,True
4012,5,1.7320507201238814e-08,True
4013,4,0.0,True
4014,4,1.000000082740371e-08,True
4015,12,5.6568545919352083e-08,True
4016,6,2.000000010049519e-08,True
4017,24,1.3113797212790068e-14,True
4018,10,1.99999999894729e-08,True
4019,40,1.3856407325000706e-07,True
4020,4,1.4142135537782539e-08,True
4021,10,3.464101601195737e-08,True
4022,4,1.7320507714028868e-08,True
4023,6,1.999999965640598e-08,True
4024,3,1.7320507970423888e-08,True
4025,40,1.385640550459605e-07,True
4026,6,2.4494896269074576e-08,True
4027,40,8.485281916365926e-08,True
4028,20,8.94427197480225e-08,True
4029,40,2.0784607718464522e-07,True
4030,3,0.0,True
4031,2,0.0,True
4032,6,1.7320507201238814e-08,True
4033,44,5.99999552264311e-08,True
4034,40,1.2119751059426972e-14,True
4035,6,4.440892098500626e-16,True
4036,20,3.9999999812414423e-08,True
4037,15,3.464101933808216e-08,True
4038,4,1.732050848321395e-08,True
4039,28,6.928202604870919e-08,True
4040,4,0.0,True
4041,6,7.691850745534255e-16,True
4042,6,2.8284271075565067e-08,True
4043,40,6.928205803398827e-08,True
4044,40,6.9581849686494824e-15,True
4045,10,4.472135848379221e-08,True
4046,5,1.7320507970423888e-08,True
4047,15,2.828427476528234e-08,True
4048,20,5.6568535870762075e-08,True
4049,12,3.999999886872282e-08,True
4050,36,4.0000013523667725e-08,True
4051,19,3.162277033575542e-08,True
4052,8,1.1322097734007351e-15,True
4053,8,3.4641016293390935e-08,True
4054,32,1.8761663180906638e-07,True
4055,9,1.7320507970423888e-08,True
4056,6,1.9999999878450587e-08,True
4057,7,9.999999495136089e-09,True
4058,10,1.9999999434361553e-08,True
4059,9,2.6457512782001213e-08,True
4060,10,4.472135933250858e-08,True
4061,4,9.99999993922529e-09,True
4062,12,3.999999931281198e-08,True
4063,8,1.4142135537782578e-08,True
4064,6,1.4142133653671609e-08,True
4065,8,3.4641016453637836e-08,True
4066,8,1.3322676295501878e-15,True
4067,8,3.4641015556255245e-08,True
4068,10,4.472135927820311e-08,True
4069,10,2.00000005445844e-08,True
4070,7,9.99999993922529e-09,True
4071,4,1.7320507970423888e-08,True
4072,6,2.8284271075565064e-08,True
4073,5,2.2360680433512453e-08,True
4074,7,3.162277644460562e-08,True
4075,12,4.00000010891688e-08,True
4076,10,3.999999842463355e-08,True
4077,4,1.414213553778256e-08,True
4078,10,2.8284272174629796e-08,True
4079,7,1.4142135537782532e-08,True
4080,8,1.732050643205374e-08,True
4081,10,2.8284269191454113e-08,True
4082,9,1.7320508355016478e-08,True
4083,9,2.828427138958357e-08,True
4084,10,2.8284272331639115e-08,True
4085,9,3.464101568445276e-08,True
4086,7,2.4494896825718106e-08,True
4087,24,6.92820312407083e-08,True
4088,6,2.8284270447528095e-08,True
4089,9,4.002966042486721e-16,True
4090,10,3.464101613314404e-08,True
4091,9,1.6616296724220897e-15,True
4092,10,3.464101293621868e-08,True
4093,4,0.0,True
4094,12,3.999999709236615e-08,True
4095,8,2.0000000766629354e-08,True
4096,6,2.999999981767587e-08,True
4097,6,2.236067971357755e-08,True
4098,14,9.230220894641107e-15,True
4099,2,0.0,True
4100,8,2.000000032253981e-08,True
4101,9,9.999999939225418e-09,True
4102,7,1.9999999708447687e-08,True
4103,10,2.8284273273694548e-08,True
4104,4,1.7320507201238847e-08,True
4105,8,9.742167503148516e-16,True
4106,8,2.8284271703602086e-08,True
4107,9,0.0,True
4108,6,2.000000032253983e-08,True
4109,8,2.828427107556519e-08,True
4110,58,5.656854292268349e-08,True
4111,8,2.0000000766629e-08,True
4112,9,1.0175362097255202e-15,True
4113,8,3.464101671003285e-08,True
4114,8,2.236067844748512e-08,True
4115,9,4.000000020099037e-08,True
4116,3,1.732050758583135e-08,True
4117,10,3.464101651773668e-08,True
4118,10,1.9999999878450614e-08,True
4119,14,3.4641016966428155e-08,True
4120,8,3.464101677413163e-08,True
4121,9,1.732050819476954e-08,True
4122,9,3.8729833398689766e-08,True
4123,9,3.464101517166271e-08,True
4124,9,1.4142134517222506e-08,True
4125,6,1.9999999878450663e-08,True
4126,8,3.4641015299860265e-08,True
4127,10,4.965068306494546e-16,True
4128,8,3.4641015428057755e-08,True
4129,7,2.2360679539800152e-08,True
4130,9,3.4641017735612964e-08,True
4131,11,2.4494896871042786e-08,True
4132,7,1.999999987845059e-08,True
4133,2,0.0,True
4134,16,5.656853398664968e-08,True
4135,32,9.797959673040277e-08,True
4136,9,1.7320509124201502e-08,True
4137,8,1.732050777812762e-08,True
4138,8,1.99999989902723e-08,True
4139,10,1.538370149106851e-15,True
4140,8,3.464101453067514e-08,True
4141,8,1.999999987845058e-08,True
4142,10,2.8284272645657526e-08,True
4143,8,2.8284271075565064e-08,True
4144,8,4.440892098500626e-16,True
4145,8,1.0000000383314532e-08,True
4146,6,2.00000003225398e-08,True
4147,14,3.999999721395939e-08,True
4148,6,3.4641016261341564e-08,True
4149,8,3.464101440247763e-08,True
4150,10,1.732050848321395e-08,True
4151,6,2.8284271075565067e-08,True
4152,8,2.00000007666292e-08,True
4153,8,2.220446049250313e-16,True
4154,8,9.99999927309148e-09,True
4155,10,2.8284273587712998e-08,True
4156,6,7.691850745534255e-16,True
4157,8,3.6055512350761285e-08,True
4158,3,9.99999993922529e-09,True
4159,10,3.464101555625524e-08,True
4160,8,2.828426981949115e-08,True
4161,8,2.0000000544584395e-08,True
4162,10,3.4641016065039125e-08,True
4163,6,2.828427233163903e-08,True
4164,6,6.661338147750939e-16,True
4165,10,5.196152384717291e-08,True
4166,6,1.538370149106851e-15,True
4167,9,3.162277739253066e-08,True
4168,10,2.8284273999862415e-08,True
4169,4,1.4142135537782532e-08,True
4170,10,3.46410163254404e-08,True
4171,8,2.00000003225398e-08,True
4172,6,9.99999993922539e-09,True
4173,4,4.440892098500626e-16,True
4174,4,1.000000082740371e-08,True
4175,10,2.00000001004952e-08,True
4176,6,1.538370149106851e-15,True
4177,10,1.732050918830027e-08,True
4178,10,1.9999999878450643e-08,True
4179,3,9.99999993922531e-09,True
4180,8,2.0000003431165285e-08,True
4181,8,3.464101632544031e-08,True
4182,6,0.0,True
4183,9,1.73205091242015e-08,True
4184,20,3.999999975690173e-08,True
4185,10,4.472136039534342e-08,True
4186,9,1.4142135851801086e-08,True
4187,9,3.8459253727671276e-16,True
4188,10,1.5543122344752192e-15,True
4189,10,1.999999810209378e-08,True
4190,8,3.741657368484922e-08,True
4191,4,0.0,True
4192,6,1.2560739669470201e-15,True
4193,4,1.7320507970423888e-08,True
4194,8,4.440892098500626e-16,True
4195,10,4.472135838449076e-08,True
4196,6,7.691850745534255e-16,True
4197,8,2.000000032253979e-08,True
4198,6,2.8284271703602053e-08,True
4199,6,1.2560739669470201e-15,True
4200,6,2.0000000322539794e-08,True
4201,10,3.464101799200798e-08,True
4202,6,1.999999943436137e-08,True
4203,4,1.4142135537782539e-08,True
4204,6,2.000000010049519e-08,True
4205,8,2.828427233163903e-08,True
4206,4,4.440892098500626e-16,True
4207,8,3.4641016710032856e-08,True
4208,8,3.464101717074267e-08,True
4209,9,3.1401849173675503e-16,True
4210,8,1.99999998784506e-08,True
4211,8,1.2560739669470201e-15,True
4212,8,3.3166248710405944e-08,True
4213,10,1.99999989902722e-08,True
4214,7,1.7320508290917683e-08,True
4215,9,3.464101645363783e-08,True
4216,10,5.291502621442093e-08,True
4217,6,1.4142135459277912e-08,True
4218,10,2.828426974098653e-08,True
4219,6,1.999999899027218e-08,True
4220,4,1.0000000161269915e-08,True
4221,20,5.656854591935209e-08,True
4222,8,3.8459253727671276e-16,True
4223,6,6.280369834735101e-16,True
4224,7,2.4494898412081396e-08,True
4225,8,1.999999899027216e-08,True
4226,2,0.0,True
4227,8,4.440892098500626e-16,True
4228,8,3.162277726965149e-08,True
4229,9,1.7320508547312697e-08,True
4230,9,1.4390135079995448e-15,True
4231,10,3.9999998868722775e-08,True
4232,6,1.999999943436137e-08,True
4233,9,3.6055512227593166e-08,True
4234,8,0.0,True
4235,8,1.3322676295501878e-15,True
4236,2,0.0,True
4237,10,3.464101728692166e-08,True
4238,15,1.4142136479838021e-08,True
4239,8,1.7320507457633864e-08,True
4240,8,4.472135778868256e-08,True
4241,6,1.9999999656406065e-08,True
4242,6,2.82842708400512e-08,True
4243,8,2.000000121071825e-08,True
4244,8,4.000000120019119e-08,True
4245,6,1.999999987845058e-08,True
4246,10,0.0,True
4247,8,0.0,True
4248,10,3.464101517166272e-08,True
4249,8,2.828427233163903e-08,True
4250,8,2.828427107556512e-08,True
4251,8,2.8284271075565064e-08,True
4252,7,2.4494896553770115e-08,True
4253,10,1.7320508162720176e-08,True
4254,6,2.8284270761546588e-08,True
4255,8,2.23606795646255e-08,True
4256,9,1.0205600981444537e-15,True
4257,8,2.8284272017620543e-08,True
4258,10,3.464101594084778e-08,True
4259,8,1.538370149106851e-15,True
4260,6,3.4641015940847776e-08,True
4261,8,2.0000000211517528e-08,True
4262,10,3.999999997894579e-08,True
4263,10,2.828426986365018e-08,True
4264,5,7.691850745534255e-16,True
4265,8,1.732050777812762e-08,True
4266,8,2.6645352591003757e-15,True
4267,8,3.46410166459341e-08,True
4268,10,1.999999943436139e-08,True
4269,9,3.464101747921793e-08,True
4270,7,1.414213679385661e-08,True
4271,10,1.0877919644084146e-15,True
4272,9,1.732050643205374e-08,True
4273,20,8.246212321276746e-08,True
4274,4,1.4142136793856499e-08,True
4275,8,2.8284271075565064e-08,True
4276,8,1.99999989902722e-08,True
4277,9,1.2947314098277875e-15,True
4278,9,1.7320508739608962e-08,True
4279,10,3.464101533190964e-08,True
4280,8,4.440892098500626e-16,True
4281,9,4.965068306494546e-16,True
4282,28,4.472136871183361e-08,True
4283,10,3.464101542805773e-08,True
4284,7,4.1231055897888615e-08,True
4285,10,3.000000011373541e-08,True
4286,6,0.0,True
4287,6,4.449557262054371e-16,True
4288,8,1.999999987845068e-08,True
4289,8,1.88411095042053e-15,True
4290,4,4.440892098500626e-16,True
4291,9,3.4641015940847776e-08,True
4292,6,3.0000000150742785e-08,True
4293,6,1.2560739669470201e-15,True
4294,9,1.732050668844878e-08,True
4295,9,5.1961523783074154e-08,True
4296,12,3.99999999789458e-08,True
4297,4,1.414213553778256e-08,True
4298,10,3.999999965108304e-08,True
4299,12,2.589462819655575e-15,True
4300,10,2.8284271046125845e-08,True
4301,5,1.4142134281708593e-08,True
4302,10,3.4641016453637896e-08,True
4303,8,2.8284270447528144e-08,True
4304,4,0.0,True
4305,9,4.242640696587732e-08,True
4306,10,4.472135947680577e-08,True
4307,8,1.9999999656405976e-08,True
4308,10,1.7320507329436327e-08,True
4309,8,2.0000000766629e-08,True
4310,9,1.7320508483213938e-08,True
4311,5,1.4142136165819558e-08,True
4312,10,3.464101517166281e-08,True
4313,8,1.9999998546183004e-08,True
4314,10,1.7320507073041304e-08,True
4315,10,3.4641014915267834e-08,True
4316,8,2.000000165480742e-08,True
4317,10,3.464101747921793e-08,True
4318,6,2.8284272331639046e-08,True
4319,8,1.6616296724220897e-15,True
4320,3,2.884444029575346e-16,True
4321,8,4.0000000728346334e-08,True
4322,8,1.999999854618299e-08,True
4323,9,3.464101709462539e-08,True
4324,9,2.449489646312078e-08,True
4325,8,1.999999943436137e-08,True
4326,4,1.4142136793856527e-08,True
4327,6,2.828427044752808e-08,True
4328,4,1.4142135537782532e-08,True
4329,9,3.464101542805773e-08,True
4330,8,1.9999999878450584e-08,True
4331,7,2.8284270918555817e-08,True
4332,11,3.162277637438901e-08,True
4333,15,3.162277815613711e-08,True
4334,10,3.4641014787070165e-08,True
4335,8,1.7320511303559247e-08,True
4336,9,3.464101504346519e-08,True
4337,9,2.4494897460263422e-08,True
4338,4,8.881784197001252e-16,True
4339,6,0.0,True
4340,9,1.732050848321394e-08,True
4341,10,2.8284269819491228e-08,True
4342,10,1.999999899027232e-08,True
4343,8,1.9999999989473065e-08,True
4344,6,1.999999987845058e-08,True
4345,10,2.8284269819491125e-08,True
4346,10,1.999999987845062e-08,True
4347,4,1.4142136793856506e-08,True
4348,8,3.4641015428057735e-08,True
4349,9,3.6055512995131045e-08,True
4350,10,2.8284272959676022e-08,True
4351,10,3.464101587674902e-08,True
4352,8,3.4641016293390935e-08,True
4353,8,2.645751324491956e-08,True
4354,10,1.9999999656405982e-08,True
4355,8,1.999999899027216e-08,True
4356,10,1.9999999878450587e-08,True
4357,12,2.5121479338940403e-15,True
4358,7,1.000000038331452e-08,True
4359,7,1.4142134281708565e-08,True
4360,4,0.0,True
4361,8,2.0000000766629354e-08,True
4362,4,9.99999993922529e-09,True
4363,4,0.0,True
4364,8,2.6645352591003757e-15,True
4365,10,3.46410172228229e-08,True
4366,10,2.8284271389583626e-08,True
4367,8,3.4641015940847776e-08,True
4368,10,1.7320508611411452e-08,True
4369,10,4.358898869292849e-08,True
4370,8,2.8284271703602053e-08,True
4371,7,1.0000000383314512e-08,True
4372,11,3.7416575860174885e-08,True
4373,8,2.8435583831733384e-15,True
4374,9,3.741657358099736e-08,True
4375,10,3.464101773561295e-08,True
4376,4,1.538370149106851e-15,True
4377,8,1.7320508226818915e-08,True
4378,12,3.464101658183612e-08,True
4379,10,2.8284270761546574e-08,True
4380,8,3.4641016966427877e-08,True
4381,8,2.0000000766629e-08,True
4382,9,1.7320508226818918e-08,True
4383,8,1.99999999894729e-08,True
4384,4,9.99999993922529e-09,True
4385,9,3.4641017222822904e-08,True
4386,8,2.8284270447528098e-08,True
4387,10,4.472135942715508e-08,True
4388,8,1.9999999878450763e-08,True
4389,8,3.4641016229292193e-08,True
4390,8,3.316624776893609e-08,True
4391,7,2.8284270957808135e-08,True
4392,9,2.236067934119743e-08,True
4393,5,9.99999993922529e-09,True
4394,10,3.46410163574897e-08,True
4395,10,3.464101653376128e-08,True
4396,12,3.076740298213702e-15,True
4397,8,2.000000076662904e-08,True
4398,8,3.4641016205255185e-08,True
4399,4,9.99999993922529e-09,True
4400,10,1.9999998879249862e-08,True
4401,7,1.7320508515263316e-08,True
4402,10,4.898979529303895e-08,True
4403,5,1.41421353807733e-08,True
4404,6,1.999999987845058e-08,True
4405,10,2.0000000544584475e-08,True
4406,10,1.732050803452266e-08,True
4407,8,3.464101440247763e-08,True
4408,10,2.8284274686777733e-08,True
4409,8,2.449489727896476e-08,True
4410,4,1.2560739669470201e-15,True
4411,11,1.4142136479838066e-08,True
4412,9,1.7320507457633864e-08,True
4413,9,3.464101606904529e-08,True
4414,9,3.464101786381048e-08,True
4415,14,3.4641001069936456e-08,True
4416,12,1.538370149106851e-15,True
4417,7,2.8284270447528088e-08,True
4418,8,1.9999998990272353e-08,True
4419,10,2.828427201762054e-08,True
4420,7,1.7320508483213988e-08,True
4421,5,2.999999981767587e-08,True
4422,12,1.999999987845063e-08,True
4423,11,3.4641016565935876e-08,True
4424,8,1.999999987845059e-08,True
4425,10,3.4641016389539075e-08,True
4426,8,1.9229626863835638e-16,True
4427,10,3.4641015992928033e-08,True
4428,4,1.4142135537782539e-08,True
4429,9,1.5700924586837752e-16,True
4430,8,1.538370149106851e-15,True
4431,8,1.414213490974559e-08,True
4432,9,1.5059797815742444e-15,True
4433,8,4.795831540465693e-08,True
4434,10,3.4641014081983846e-08,True
4435,8,2.6645352591003757e-15,True
4436,10,2.828427484378698e-08,True
4437,7,2.8284271311078975e-08,True
4438,8,2.000000254298588e-08,True
4439,8,2.2360680433512447e-08,True
4440,10,3.464101799200801e-08,True
4441,4,1.7320507970423888e-08,True
4442,9,1.7320508226818948e-08,True
4443,24,5.656854780346305e-08,True
4444,8,3.464101556827377e-08,True
4445,12,6.928202572821496e-08,True
4446,9,4.12310556824737e-08,True
4447,10,2.0000000988673688e-08,True
4448,10,1.7763568394002505e-15,True
4449,9,3.316624991130305e-08,True
4450,8,2.8284270761546588e-08,True
4451,6,2.4494898004159398e-08,True
4452,8,2.4494896735068773e-08,True
4453,12,2.8284272488648527e-08,True
4454,8,2.4494896553770175e-08,True
4455,9,3.000000070585429e-08,True
4456,6,0.0,True
4457,10,4.4721358682395076e-08,True
4458,8,8.881784197001252e-16,True
4459,8,3.9999999597306615e-08,True
4460,6,1.2560739669470201e-15,True
4461,8,3.316624743419123e-08,True
4462,11,3.3166248304527866e-08,True
4463,7,6.280369834735101e-16,True
4464,8,3.4641015428057755e-08,True
4465,8,1.999999943436139e-08,True
4466,8,1.7320507970423888e-08,True
4467,8,2.945754565036118e-15,True
4468,9,2.2360681426526235e-08,True
4469,6,7.691850745534255e-16,True
4470,8,1.5543122356569058e-15,True
4471,6,1.999999943436141e-08,True
4472,8,2.000000076662902e-08,True
4473,10,2.828427233163903e-08,True
4474,6,3.464101632544031e-08,True
4475,10,2.8284273901731746e-08,True
4476,10,2.000000343116431e-08,True
4477,8,2.828427233163903e-08,True
4478,9,3.162277725209736e-08,True
4479,9,1.7320509252399012e-08,True
4480,8,2.236068003630701e-08,True
4481,10,2.8284271075565127e-08,True
4482,8,3.464101523976764e-08,True
4483,32,1.1313708807048244e-07,True
4484,8,3.464101491526768e-08,True
4485,10,9.930136612989092e-16,True
4486,10,5.6568542151130154e-08,True
4487,4,9.99999993922529e-09,True
4488,9,3.464101542805776e-08,True
4489,6,8.881784197001252e-16,True
4490,4,1.4142135537782539e-08,True
4491,10,2.82842707615467e-08,True
4492,9,1.000000082740372e-08,True
4493,8,1.9999999434361374e-08,True
4494,5,1.4142135851801055e-08,True
4495,7,9.99999949513616e-09,True
4496,11,4.00000015610136e-08,True
4497,8,3.4641015940847776e-08,True
4498,8,3.872983325536057e-08,True
4499,7,2.2360679241896087e-08,True
4500,10,2.000000032254004e-08,True
4501,6,2.00000003225398e-08,True
4502,7,2.828427233163903e-08,True
4503,8,7.691850745534255e-16,True
4504,8,1.7320507008942552e-08,True
4505,4,1.7320507714028868e-08,True
4506,8,2.000000121071823e-08,True
4507,9,5.1961524042473805e-08,True
4508,8,2.82842704475281e-08,True
4509,9,3.4641016710032856e-08,True
4510,8,1.9999999878450587e-08,True
4511,10,2.000000076662916e-08,True
4512,10,2.8284271036312783e-08,True
4513,8,7.723085547737556e-16,True
4514,8,3.464101491526768e-08,True
4515,10,2.000000032253984e-08,True
4516,6,2.828427170360205e-08,True
4517,9,1.7320509508794036e-08,True
4518,9,1.7320509508794072e-08,True
4519,6,8.881784197001252e-16,True
4520,7,2.2360678844690598e-08,True
4521,9,3.464101671003285e-08,True
4522,6,1.7320507970423908e-08,True
4523,5,9.99999905104695e-09,True
4524,10,5.999999785899492e-08,True
4525,8,2.8284271311078935e-08,True
4526,4,1.7320507970423888e-08,True
4527,7,1.732050848321394e-08,True
4528,8,0.0,True
4529,10,4.5825756837614687e-08,True
4530,10,5.102196573270515e-15,True
4531,10,2.8284272645657545e-08,True
4532,6,1.7320507714028914e-08,True
4533,2,0.0,True
4534,8,5.605354583181663e-07,True
4535,6,2.8284269819491112e-08,True
4536,6,0.0,True
4537,48,9.797958965975513e-08,True
4538,8,3.4641016613884744e-08,True
4539,8,1.99999989902722e-08,True
4540,10,1.732050880370772e-08,True
4541,6,1.831026719408895e-15,True
4542,9,1.1957467920563633e-15,True
4543,11,3.8729831829235315e-08,True
4544,8,2.99999998916908e-08,True
4545,12,4.4721360867024906e-08,True
4546,8,2.8284271075565067e-08,True
4547,40,3.999999909076793e-08,True
4548,10,2.8284270133509625e-08,True
4549,6,1.414213569479182e-08,True
4550,8,7.691850745534255e-16,True
4551,9,1.7320507521732596e-08,True
4552,8,1.999999998253411e-08,True
4553,8,1.732050854731271e-08,True
4554,7,1.7320507842226384e-08,True
4555,8,1.999999899027216e-08,True
4556,6,2.000000076662904e-08,True
4557,10,5.329070518200751e-15,True
4558,12,7.696856831808123e-16,True
4559,10,3.464101594084784e-08,True
4560,8,1.9999999434361374e-08,True
4561,8,1.99999998784506e-08,True
4562,6,2.8284271075565077e-08,True
4563,9,2.999999863343798e-08,True
4564,8,2.175583928816829e-15,True
4565,6,2.828427170360205e-08,True
4566,8,3.4641016453637836e-08,True
4567,9,2.449489858204896e-08,True
4568,8,2.236067963910155e-08,True
4569,58,1.1313705550302664e-07,True
4570,7,0.0,True
4571,8,2.4494896236497477e-08,True
4572,28,6.928200880614417e-08,True
4573,9,2.0000000433562205e-08,True
4574,6,1.7320506944843794e-08,True
4575,11,1.4142135302269891e-08,True
4576,8,2.8284271703602047e-08,True
4577,9,3.464101440247763e-08,True
4578,10,3.4641015043465304e-08,True
4579,10,1.732050745763384e-08,True
4580,6,1.999999987845058e-08,True
4581,10,1.9999996325736984e-08,True
4582,9,9.999998606957686e-09,True
4583,8,3.464101529986021e-08,True
4584,8,3.464101568445276e-08,True
4585,8,3.464101613314405e-08,True
4586,9,5.438959822042073e-16,True
4587,10,2.828427201762056e-08,True
4588,8,3.3166247835885024e-08,True
4589,7,1.732050848321395e-08,True
4590,8,5.1961525385543057e-08,True
4591,10,2.828427107556509e-08,True
4592,5,1.414213569479178e-08,True
4593,10,2.8284272802666875e-08,True
4594,7,3.1401849173675503e-16,True
4595,10,2.000000165480746e-08,True
4596,8,3.464101529986023e-08,True
4597,8,1.3322676295501878e-15,True
4598,10,1.7763568394002505e-15,True
4599,10,3.464101685043671e-08,True
4600,6,1.2560739669470201e-15,True
4601,8,3.464101622127984e-08,True
4602,9,6.928203188169555e-08,True
4603,4,0.0,True
4604,11,2.0000000322539807e-08,True
4605,8,1.732050643205374e-08,True
4606,9,3.464101568445275e-08,True
4607,6,1.0877919644084146e-15,True
4608,9,3.4641015219736765e-08,True
4609,9,2.236067983770441e-08,True
4610,7,1.1322097734007351e-15,True
4611,6,4.440892098500626e-16,True
4612,8,2.0000000100495205e-08,True
4613,15,3.999999612092124e-08,True
4614,10,4.000000081161305e-08,True
4615,10,1.538370149106851e-15,True
4616,7,1.7320508098621415e-08,True
4617,6,0.0,True
4618,7,9.9999994951361e-09,True
4619,6,4.440892098500626e-16,True
4620,6,2.8284272331639046e-08,True
4621,10,1.7320506688448764e-08,True
4622,8,2.2360680731416594e-08,True
4623,8,3.7416574144764575e-08,True
4624,12,2.6457512949851138e-08,True
4625,10,2.8284271507340536e-08,True
4626,9,1.999999943436139e-08,True
4627,10,2.000000076662902e-08,True
4628,8,1.3322676295501878e-15,True
4629,10,4.472135947680577e-08,True
4630,7,3.464101542805773e-08,True
4631,10,2.000000032253979e-08,True
4632,6,2.0000000766629e-08,True
4633,10,4.8989793560786925e-08,True
4634,10,4.472135848379211e-08,True
4635,12,4.000000064507963e-08,True
4636,7,1.7320507008942545e-08,True
4637,7,3.000000070585432e-08,True
4638,6,0.0,True
4639,8,2.0000000766629e-08,True
4640,9,5.19615242958642e-08,True
4641,10,2.8284272959676184e-08,True
4642,8,2.8284271075565064e-08,True
4643,5,1.538370149106851e-15,True
4644,10,3.3306690738754696e-16,True
4645,10,1.999999899027216e-08,True
4646,10,3.464101491526769e-08,True
4647,8,1.999999854618295e-08,True
4648,8,5.715222817774257e-16,True
4649,11,1.4142135302268808e-08,True
4650,8,2.0000001210718283e-08,True
4651,9,0.0,True
4652,10,4.472136076772352e-08,True
4653,9,1.7320507970423934e-08,True
4654,11,5.1961524594991815e-08,True
4655,6,0.0,True
4656,9,8.308148362110449e-16,True
4657,8,6.280369834735101e-16,True
4658,8,3.4641018248403e-08,True
4659,8,4.611102534756203e-16,True
4660,8,2.0000000544584445e-08,True
4661,9,3.464101683823042e-08,True
4662,5,1.7320507746078245e-08,True
4663,9,3.464101619724281e-08,True
4664,4,0.0,True
4665,10,1.7320510918966677e-08,True
4666,5,1.7320507201238824e-08,True
4667,10,3.4641016723553686e-08,True
4668,8,0.0,True
4669,7,1.7320507970423888e-08,True
4670,8,1.9999999878450584e-08,True
4671,9,3.1401849173675503e-16,True
4672,10,1.2560739669470201e-15,True
4673,11,1.4142135851801202e-08,True
4674,9,1.7320508611411452e-08,True
4675,9,2.2360681227923412e-08,True
4676,8,2.828427044752808e-08,True
4677,10,1.2779626727101132e-15,True
4678,11,4.358898799249633e-08,True
4679,10,2.8284269976500554e-08,True
4680,9,1.7320508611411462e-08,True
4681,9,1.2600542234970832e-15,True
4682,6,6.280369834735101e-16,True
4683,10,2.828426950547262e-08,True
4684,8,2.000000032253981e-08,True
4685,6,2.828427170360205e-08,True
4686,10,2.828427138958356e-08,True
4687,12,3.076740298213702e-15,True
4688,28,1.1313708916954736e-07,True
4689,3,9.999999994736442e-09,True
4690,24,5.081620675959989e-15,True
4691,16,5.656854120907465e-08,True
4692,12,4.000000153325803e-08,True
4693,24,8.717797441857142e-08,True
4694,20,8.24621119304116e-08,True
4695,10,2.8284274215749987e-08,True
4696,5,9.9999994951361e-09,True
4697,24,5.656854560533386e-08,True
4698,32,5.656853712683431e-08,True
4699,24,5.65685308464646e-08,True
4700,16,5.656853524272342e-08,True
4701,16,4.000000003445705e-08,True
4702,24,6.928202893315282e-08,True
4703,20,6.928203367646089e-08,True
4704,20,7.999999684926708e-08,True
4705,2,0.0,True
4706,24,6.92820182607099e-08,True
4707,28,4.000001485593686e-08,True
4708,16,3.999999975690132e-08,True
4709,15,3.464101587674904e-08,True
4710,16,3.999999931281199e-08,True
4711,16,4.89898059797454e-08,True
4712,20,6.928202598460999e-08,True
4713,20,3.999999886872306e-08,True
4714,24,4.8989798382198325e-08,True
4715,10,2.000000032253997e-08,True
4716,32,1.9999999878450703e-08,True
4717,32,5.656854277916713e-08,True
4718,28,4.000000242143708e-08,True
4719,10,1.9999999989472893e-08,True
4720,16,5.656854277916726e-08,True
4721,16,1.999999632573694e-08,True
4722,12,3.999999975690117e-08,True
4723,12,2.0848114299603008e-15,True
4724,20,5.656854309318656e-08,True
4725,12,3.0000000631839466e-08,True
4726,6,2.8284271389583557e-08,True
4727,8,9.999999939225295e-09,True
4728,16,4.0000000423035e-08,True
4729,16,1.4217791915866692e-15,True
4730,12,7.691850745534255e-16,True
4731,16,6.928203290727566e-08,True
4732,14,4.898979809325381e-08,True
4733,16,5.6568540895056493e-08,True
4734,9,9.999998829002408e-09,True
4735,8,4.440892098500626e-16,True
4736,14,3.464101953037815e-08,True
4737,16,4.0000000756101883e-08,True
4738,9,2.4494898684029403e-08,True
4739,20,6.92820312407088e-08,True
4740,20,6.5418425621716e-15,True
4741,20,6.928202547182101e-08,True
4742,12,3.999999709236606e-08,True
4743,28,7.999998996588436e-08,True
4744,8,1.2560739669470201e-15,True
4745,20,5.6568537126835974e-08,True
4746,30,4.472136951865722e-08,True
4747,20,3.999999620418749e-08,True
4748,28,8.944271935081721e-08,True
4749,8,3.076740298213702e-15,True
4750,24,7.999999507291123e-08,True
4751,15,6.40312417424377e-08,True
4752,32,8.000000306651613e-08,True
4753,20,3.9999997092367014e-08,True
4754,12,3.999999975690121e-08,True
4755,3,0.0,True
4756,28,5.656854748944565e-08,True
4757,24,8.944272372007728e-08,True
4758,24,3.999999709236596e-08,True
4759,20,6.023919126296978e-15,True
4760,7,3.6055511873484603e-08,True
4761,28,4.472134279417688e-08,True
4762,12,3.999999753645517e-08,True
4763,6,3.464101671003285e-08,True
4764,10,4.898979492052683e-08,True
4765,8,1.99999994343614e-08,True
4766,20,6.928203265088086e-08,True
4767,6,3.464101491526768e-08,True
4768,12,1.9999998768227566e-08,True
4769,24,5.656853555674324e-08,True
4770,8,1.2560739669470201e-15,True
4771,8,7.691850745534255e-16,True
4772,12,2.999999911453463e-08,True
4773,20,3.999999709236592e-08,True
4774,12,4.472135733562025e-08,True
4775,4,0.0,True
4776,6,1.99999998784506e-08,True
4777,6,3.464101632544031e-08,True
4778,8,3.076740298213702e-15,True
4779,8,4.440892098500626e-16,True
4780,8,2.8284271075565067e-08,True
4781,3,1.00000003833145e-08,True
4782,6,7.691850745534255e-16,True
4783,8,2.000000121071822e-08,True
4784,8,2.000000032253988e-08,True
4785,8,2.0000001654808052e-08,True
4786,6,2.000000032253979e-08,True
4787,8,2.8284272645657565e-08,True
4788,10,0.0057318862339376326,True
4789,10,4.8989795600396813e-08,True
4790,8,4.472136022156603e-08,True
4791,6,3.4641016453637856e-08,True
4792,12,5.656854403524114e-08,True
4793,8,2.220446049250313e-16,True
4794,6,1.999999987845058e-08,True
4795,8,3.8459253727671276e-16,True
4796,8,2.220446049250313e-15,True
4797,8,3.464101529986026e-08,True
4798,6,3.4641015940847776e-08,True
4799,12,2.8284271055938917e-08,True
4800,8,0.0,True
4801,8,0.0,True
4802,10,2.0000001654807622e-08,True
4803,6,2.828427147790126e-08,True
4804,8,1.999999987845058e-08,True
4805,7,1.7320508996003992e-08,True
4806,8,2.8284271389583577e-08,True
4807,8,1.538370149106851e-15,True
4808,16,7.999999909746871e-08,True
4809,6,1.9999999656405982e-08,True
4810,8,2.0000000100495195e-08,True
4811,12,6.9282036496806e-08,True
4812,8,2.0000000322539794e-08,True
4813,24,5.6568537126834737e-08,True
4814,2,0.0,True
4815,6,0.0015852583593850683,True
4816,8,1.999999987845062e-08,True
4817,4,0.0,True
4818,7,1.732050861141145e-08,True
4819,12,5.65685408950562e-08,True
4820,6,2.0000000100495205e-08,True
4821,8,2.8284271320892014e-08,True
4822,8,1.9999999999664393e-08,True
4823,8,2.0000001210718213e-08,True
4824,6,6.661338147750939e-16,True
4825,8,1.999999976742829e-08,True
4826,8,6.280810956481757e-16,True
4827,12,5.634967181924041e-15,True
4828,8,2.8284272331639036e-08,True
4829,10,2.8522145930998398e-15,True
4830,8,3.464101363329257e-08,True
4831,8,2.8284272096125188e-08,True
4832,12,1.1537776118301384e-15,True
4833,8,3.46410163574897e-08,True
4834,12,5.656854152309315e-08,True
4835,12,4.440892098500626e-16,True
4836,12,5.6447019612713725e-15,True
4837,6,1.2755491433176288e-15,True
4838,12,2.000000065560672e-08,True
4839,8,2.0000000100495205e-08,True
4840,10,3.999999981241231e-08,True
4841,20,5.6568544820287315e-08,True
4842,8,2.0000000211517495e-08,True
4843,16,6.928203111251049e-08,True
4844,8,0.0008229308721879302,True
4845,6,2.828427233163906e-08,True
4846,8,2.828426981949111e-08,True
4847,4,0.0,True
4848,12,4.1231059236819734e-08,True
4849,10,1.2834562394162706e-15,True
4850,8,9.036560719766055e-16,True
4851,10,2.8284271311078935e-08,True
4852,9,2.999999981767596e-08,True
4853,20,6.928203156120179e-08,True
4854,8,2.000000032253979e-08,True
4855,8,3.464101610109467e-08,True
4856,18,6.362265728429862e-15,True
4857,10,1.4142136793856527e-08,True
4858,20,6.928203233038688e-08,True
4859,6,2.828427233163906e-08,True
4860,12,4.440892098500626e-15,True
4861,6,2.000000021151749e-08,True
4862,22,4.0000000506301716e-08,True
4863,8,0.0,True
4864,6,2.000000010049519e-08,True
4865,12,3.9999999923434615e-08,True
4866,4,0.0,True
4867,12,1.4142133967690146e-08,True
4868,7,2.645751324358856e-08,True
4869,8,2.828427172322821e-08,True
4870,12,2.8284271232574453e-08,True
4871,12,3.4641015556255484e-08,True
4872,8,2.8284271782106685e-08,True
4873,12,1.7320506944843896e-08,True
4874,16,3.1401849173675502e-15,True
4875,6,4.472135967540851e-08,True
4876,8,4.0000000089968075e-08,True
4877,8,2.000000004498408e-08,True
4878,8,1.9999998990272167e-08,True
4879,8,1.538370149106851e-15,True
4880,6,3.4641017992008004e-08,True
4881,28,8.944271954941977e-08,True
4882,12,2.2644195468014703e-15,True
4883,24,4.000000464188272e-08,True
4884,12,2.8284269505472652e-08,True
4885,8,2.8284270800798885e-08,True
4886,5,7.691850745534255e-16,True
4887,40,6.928205495724954e-08,True
4888,6,2.828427044752808e-08,True
4889,6,1.2560739669470201e-15,True
4890,6,1.999999987845059e-08,True
4891,4,0.0,True
4892,36,6.633249339550601e-08,True
4893,4,1.7320506688448767e-08,True
4894,40,1.5443677162933551e-15,True
4895,9,1.7320507457633943e-08,True
4896,5,0.0,True
4897,5,2.000000010049519e-08,True
4898,8,1.9999999656405992e-08,True
4899,9,5.19615241676667e-08,True
4900,6,2.4494897822860737e-08,True
4901,9,1.7320507073041307e-08,True
4902,9,1.7320507073041307e-08,True
4903,9,3.464101747921793e-08,True
4904,7,1.7320507457633854e-08,True
4905,8,1.999999987845058e-08,True
4906,7,1.355199909595506e-15,True
4907,4,9.99999993922537e-09,True
4908,6,0.0,True
4909,9,2.000000121071822e-08,True
4910,10,1.4142135577034843e-08,True
4911,9,4.358898952707963e-08,True
4912,8,3.464101440247763e-08,True
4913,6,6.280369834735101e-16,True
4914,4,0.0,True
4915,8,2.000000076662901e-08,True
4916,9,1.7320508611411455e-08,True
4917,9,2.2360680036307e-08,True
4918,5,2.828427233163903e-08,True
4919,10,2.8284271791919767e-08,True
4920,6,2.828427115406969e-08,True
4921,8,3.316624900749196e-08,True
4922,8,3.464101773561296e-08,True
4923,9,1.7320507201238817e-08,True
4924,10,1.7798229048217483e-15,True
4925,6,1.2560739669470201e-15,True
4926,7,3.46410160690453e-08,True
4927,6,6.280369834735101e-16,True
4928,8,3.4641015620354087e-08,True
4929,8,2.8284272174629796e-08,True
4930,10,3.464101594084784e-08,True
4931,10,3.1401849173675503e-16,True
4932,8,1.2560739669470201e-15,True
4933,9,1.7320507970423898e-08,True
4934,8,1.999999987845062e-08,True
4935,10,7.364386412590295e-16,True
4936,6,6.280369834735101e-16,True
4937,4,1.4142135537782539e-08,True
4938,6,2.8284271075565064e-08,True
4939,8,3.46410161972428e-08,True
4940,10,5.99999990432328e-08,True
4941,10,2.6457513285551034e-08,True
4942,10,1.7320508355016527e-08,True
4943,10,2.2360679341197432e-08,True
4944,10,3.4641015107563953e-08,True
4945,8,1.6616296724220897e-15,True
4946,7,1.4142136244324156e-08,True
4947,10,1.7320507137140065e-08,True
4948,10,3.4641016774131724e-08,True
4949,9,2.236067953980016e-08,True
4950,8,8.308148362110449e-16,True
4951,10,2.8284272645657638e-08,True
4952,8,2.5510982866352577e-15,True
4953,6,2.8284270447528134e-08,True
4954,4,1.7320508996004002e-08,True
4955,6,1.0877919644084146e-15,True
4956,9,1.7320509252399016e-08,True
4957,10,3.3306690738754696e-16,True
4958,8,3.1622777287205655e-08,True
4959,10,1.9999999878450974e-08,True
4960,9,4.3588989323317506e-08,True
4961,6,1.9999998990272194e-08,True
4962,12,4.4721361462833116e-08,True
4963,15,2.4494895103380932e-08,True
4964,11,3.162277644899438e-08,True
4965,8,1.538370149106851e-15,True
4966,10,2.828427107556509e-08,True
4967,10,1.9999999434361394e-08,True
4968,8,3.464101568445275e-08,True
4969,8,3.8729833112031396e-08,True
4970,8,2.0000000766629354e-08,True
4971,10,1.7320506944843794e-08,True
4972,8,2.4494897460263412e-08,True
4973,4,0.0,True
4974,10,2.000000076662904e-08,True
4975,9,2.8284270918555827e-08,True
4976,10,1.9999998990272207e-08,True
4977,8,1.999999810209374e-08,True
4978,8,2.8284271723228214e-08,True
4979,10,1.999999987845058e-08,True
4980,8,3.464101542805785e-08,True
4981,8,2.8284271654536677e-08,True
4982,5,2.8284271075565077e-08,True
4983,16,0.0,True
4984,9,1.7320508355016425e-08,True
4985,8,1.999999987845058e-08,True
4986,8,3.4641011838527406e-08,True
4987,8,3.316624833800229e-08,True
4988,8,1.2947314098277875e-15,True
4989,9,2.4494896916367473e-08,True
4990,20,3.9999998868722986e-08,True
4991,9,3.464101491526768e-08,True
4992,16,6.324555373729707e-08,True
4993,20,2.8284271389583736e-08,True
4994,3,1.4142135537782532e-08,True
4995,12,2.8284269976500464e-08,True
4996,20,5.656853979599173e-08,True
4997,16,2.828427107556512e-08,True
4998,8,9.99999993922533e-09,True
4999,12,6.928203188169555e-08,True
5000,10,3.464101497936645e-08,True
5001,12,3.464101587674902e-08,True
5002,12,4.0000000868858916e-08,True
5003,20,3.741657330653189e-08,True
5004,16,4.000000153325803e-08,True
5005,12,6.928203343909506e-08,True
5006,18,6.633249963849664e-08,True
5007,12,1.999999543755864e-08,True
5008,18,6.000000111564913e-08,True
5009,12,2.8284272017620596e-08,True
5010,12,2.739176158189247e-15,True
5011,18,2.000000431934288e-08,True
5012,11,3.741657269083884e-08,True
5013,12,4.472136046981989e-08,True
5014,16,5.656854193524242e-08,True
5015,18,4.000000330961487e-08,True
5016,12,5.291502264498728e-08,True
5017,8,2.8284271075565077e-08,True
5018,20,2.8284276413880904e-08,True
5019,16,5.2915026487177104e-08,True
5020,12,2.000000076662901e-08,True
5021,12,2.828427107556508e-08,True
5022,16,2.8284271782106675e-08,True
5023,14,5.099019436607627e-08,True
5024,14,1.999999943436138e-08,True
5025,8,2.6457512477138107e-08,True
5026,12,3.999999898668397e-08,True
5027,18,5.291503097716364e-08,True
5028,14,3.9999999014439547e-08,True
5029,18,6.633249654210666e-08,True
5030,15,1.732050925239904e-08,True
5031,6,1.999999965640598e-08,True
5032,20,1.0658141036401503e-14,True
5033,12,3.464101831250176e-08,True
5034,14,1.9999999989473168e-08,True
5035,20,6.928202752298022e-08,True
5036,13,1.7320507361485834e-08,True
5037,20,6.324555520636144e-08,True
5038,10,3.999999957648992e-08,True
5039,16,5.656854046328084e-08,True
5040,14,4.8989793909220254e-08,True
5041,12,1.8444410139024814e-15,True
5042,1,0.0,True
5043,1,0.0,True
5044,1,0.0,True
5045,2,0.0,True
5046,1,0.0,True
5047,28,3.99999975364552e-08,True
5048,24,7.999999452473877e-08,True
5049,24,4.000000819459808e-08,True
5050,28,3.999999997894636e-08,True
5051,44,4.0000000645083445e-08,True
5052,22,3.4641021325143406e-08,True
5053,22,6.92820375223861e-08,True
5054,20,5.315174613145601e-15,True
5055,22,2.000000298707748e-08,True
5056,22,4.5825747319411444e-08,True
5057,20,4.000000752846249e-08,True
5058,22,3.4641014915267695e-08,True
5059,30,8.944271513051012e-08,True
5060,32,4.472136563349048e-08,True
5061,22,4.89897860368931e-08,True
5062,20,5.656853681281607e-08,True
5063,28,4.000001219139956e-08,True
5064,22,6.633250089378958e-08,True
5065,40,3.306079381972381e-14,True
5066,21,6.782329645364935e-08,True
5067,28,8.000002083008483e-08,True
5068,28,4.000000428106157e-08,True
5069,28,5.6568534928705656e-08,True
5070,32,5.656855157168519e-08,True
5071,24,7.999999906971331e-08,True
5072,30,3.4641012511564387e-08,True
5073,26,4.4721343787191096e-08,True
5074,21,7.348468298347692e-08,True
5075,4,1.7320507970423888e-08,True
5076,22,1.9998811938389063e-14,True
5077,24,3.9999993983742154e-08,True
5078,22,8.485281197062146e-08,True
5079,20,6.928202726658761e-08,True
5080,28,7.99999932965537e-08,True
5081,22,5.999999904323323e-08,True
5082,32,8.485281861734604e-08,True
5083,36,4.0000002421444805e-08,True
5084,32,2.0784610618933204e-07,True
5085,12,6.928203675320103e-08,True
5086,4,1.7320508355016425e-08,True
5087,22,6.324554720166136e-08,True
5088,30,8.246211131109447e-08,True
5089,24,5.656854403524328e-08,True
5090,34,9.999998903387328e-08,True
5091,4,3.076740298213702e-15,True
5092,58,1.4560222361886831e-07,True
5093,22,2.8284268406407923e-08,True
5094,24,5.6568532102538975e-08,True
5095,20,5.656854686140752e-08,True
5096,28,6.928203777878189e-08,True
5097,24,6.928203495843619e-08,True
5098,22,6.324555927892816e-08,True
5099,22,1.2901536768991261e-14,True
5100,4,1.7320507970423888e-08,True
5101,24,1.4580741200537875e-14,True
5102,30,2.828428866060186e-08,True
5103,4,0.0,True
5104,40,3.097522238704187e-14,True
5105,24,4.8989792269033986e-08,True
5106,20,3.9999997980545096e-08,True
5107,22,3.999999948628444e-08,True
5108,10,2.8284270997060475e-08,True
5109,28,6.782329725830515e-08,True
5110,24,5.6568542936178005e-08,True
5111,22,3.4641025683858784e-08,True
5112,40,5.027217475588697e-14,True
5113,5,1.73205074576339e-08,True
5114,40,6.928200419103348e-08,True
5115,32,6.928202290787005e-08,True
5116,24,6.92820343174484e-08,True
5117,40,5.999999985739668e-08,True
5118,36,5.656853634179406e-08,True
5119,24,1.88411095042053e-15,True
5120,28,4.0000004197795086e-08,True
5121,28,3.999999353965262e-08,True
5122,20,3.9999981993333e-08,True
5123,32,8.544004272931993e-08,True
5124,28,3.999999886872584e-08,True
5125,22,6.633249754634115e-08,True
5126,28,3.9999981105154745e-08,True
5127,22,4.8989799815590895e-08,True
5128,34,1.1135528841184736e-07,True
5129,28,5.656854466327896e-08,True
5130,26,9.666753379582448e-16,True
5131,28,6.928202854856026e-08,True
5132,36,3.999997399973181e-08,True
5133,28,9.797960289455813e-08,True
5134,28,4.000000064508606e-08,True
5135,24,3.999998510195848e-08,True
5136,28,3.999999709236773e-08,True
5137,30,9.591663286964188e-08,True
5138,24,6.928204675260706e-08,True
5139,22,3.464101542805778e-08,True
5140,24,1.4015219063576278e-14,True
5141,24,6.000000111564917e-08,True
5142,20,4.000000025650176e-08,True
5143,32,3.999999842463411e-08,True
5144,26,1.306872095762474e-15,True
5145,48,1.3856407568576338e-07,True
5146,36,5.6568524566102866e-08,True
5147,26,5.291502799782682e-08,True
5148,14,4.000000036752384e-08,True
5149,36,5.099019321481682e-08,True
5150,21,2.8284271664349858e-08,True
5151,24,5.656854686140789e-08,True
5152,20,6.928203521483091e-08,True
5153,28,7.211102965904255e-08,True
5154,20,4.000000419779352e-08,True
5155,24,6.928202733068437e-08,True
5156,42,7.483315012919324e-08,True
5157,36,1.2000001259338012e-07,True
5158,28,3.999998843262658e-08,True
5159,12,2.0471501066083613e-15,True
5160,24,5.6568539481973e-08,True
5161,24,4.000000464188389e-08,True
5162,28,1.2434497875801753e-14,True
5163,24,4.47213621579428e-08,True
5164,27,4.123105778276928e-08,True
5165,24,7.999999196428724e-08,True
5166,24,2.0772744526323273e-14,True
5167,28,6.000000896122557e-08,True
5168,26,4.000000308757196e-08,True
5169,32,3.9999996648278664e-08,True
5170,24,5.656853901094541e-08,True
5171,30,5.6568535007210774e-08,True
5172,40,6.928202444624047e-08,True
5173,24,6.324554902729496e-08,True
5174,26,7.483314621249296e-08,True
5175,28,3.999999942383468e-08,True
5176,24,5.656854246514929e-08,True
5177,25,5.196152417835001e-08,True
5178,28,3.999999176329635e-08,True
5179,28,2.9724135207732e-14,True
5180,24,4.000000330961706e-08,True
5181,30,5.291502036065431e-08,True
5182,9,1.7320508226818918e-08,True
5183,28,5.634860374059478e-15,True
5184,22,4.8989798909097525e-08,True
5185,34,4.000000386472989e-08,True
5186,32,3.9999990875117904e-08,True
5187,28,1.9979079509372597e-14,True
5188,23,2.8284273173418006e-08,True
5189,32,5.0242958677880805e-15,True
5190,32,8.485281335753735e-08,True
5191,42,1.3564660446917493e-07,True
5192,40,3.4641028247814505e-08,True
5193,20,7.211102482084181e-08,True
5194,28,6.928204675260706e-08,True
5195,26,4.898980199117484e-08,True
5196,36,1.385640596610735e-07,True
5197,32,6.92820339328575e-08,True
5198,24,5.6568542406271235e-08,True
5199,24,3.999998865467196e-08,True
5200,32,5.656854654738903e-08,True
5201,20,5.6568533672631876e-08,True
5202,24,4.000000508597175e-08,True
5203,16,5.291502317214078e-08,True
5204,20,6.928202585641281e-08,True
5205,24,2.8284273901735898e-08,True
5206,12,1.9999997658004713e-08,True
5207,28,4.000000330961751e-08,True
5208,22,5.291502976025111e-08,True
5209,14,0.0,True
5210,28,9.444251545826484e-15,True
5211,16,5.6568543407204126e-08,True
5212,18,4.000000208837027e-08,True
5213,22,3.464100183912144e-08,True
5214,28,4.000000242143662e-08,True
5215,26,2.828427782696682e-08,True
5216,32,2.8284273195190234e-08,True
5217,26,9.380831585423452e-08,True
5218,22,6.63325053124228e-08,True
5219,32,6.633250519944567e-08,True
5220,28,4.000000375370472e-08,True
5221,20,7.043575467574348e-16,True
5222,26,6.63324917887301e-08,True
5223,36,4.0000014411848355e-08,True
5224,4,9.99999993922529e-09,True
5225,20,5.6568550001592644e-08,True
5226,4,0.0,True
5227,23,2.2360672290802156e-08,True
5228,22,2.828427735593603e-08,True
5229,20,5.999999821519155e-08,True
5230,28,5.656854497729707e-08,True
5231,32,6.324554652253471e-08,True
5232,40,1.2649110802535594e-07,True
5233,40,1.735218564796795e-14,True
5234,28,7.810249772721841e-08,True
5235,22,3.4641034657684955e-08,True
5236,40,9.797960180676531e-08,True
5237,36,5.656853712683466e-08,True
5238,24,2.8284271075566086e-08,True
5239,28,2.8284268823463885e-08,True
5240,22,7.483314829138366e-08,True
5241,27,3.605550884052363e-08,True
5242,24,6.633249312770929e-08,True
5243,22,9.59166274757499e-08,True
5244,24,5.291502762016504e-08,True
5245,28,6.928202880495596e-08,True
5246,40,6.928203649680674e-08,True
5247,14,4.8989793560786905e-08,True
5248,32,8.944271994662535e-08,True
5249,28,6.928201521601931e-08,True
5250,32,3.999999997894619e-08,True
5251,32,5.6568541052065836e-08,True
5252,24,4.4721358086587416e-08,True
5253,34,8.71779844029224e-08,True
5254,28,5.656854780346344e-08,True
5255,32,7.956515304593765e-15,True
5256,40,8.000000262242822e-08,True
5257,32,5.656855691000218e-08,True
5258,24,5.352151592319269e-15,True
5259,32,5.656853806889189e-08,True
5260,24,6.928203290727567e-08,True
5261,50,7.483314980650801e-08,True
5262,24,6.928203175349808e-08,True
5263,24,4.898980579844648e-08,True
5264,24,6.633249039953946e-08,True
5265,24,5.656854748944475e-08,True
5266,28,5.656854340720461e-08,True
5267,20,3.9999999534856556e-08,True
5268,24,4.0000000742224135e-08,True
5269,48,1.3266497182791992e-07,True
5270,32,7.211101620292251e-08,True
5271,22,2.103689539425881e-14,True
5272,40,3.9999992651474e-08,True
5273,24,5.656854529131573e-08,True
5274,28,4.0000000867126184e-08,True
5275,20,9.797958875326201e-08,True
5276,24,9.797958258910775e-08,True
5277,58,5.8309540633079654e-08,True
5278,22,6.000000215185727e-08,True
5279,20,5.291502338195337e-08,True
5280,9,3.605551241234538e-08,True
5281,36,8.000000306651629e-08,True
5282,22,3.999999709236837e-08,True
5283,32,5.6568554554861074e-08,True
5284,22,2.000000254298651e-08,True
5285,32,6.928202931774618e-08,True
5286,40,1.4142136354230615e-07,True
5287,36,5.656851200535738e-08,True
5288,32,6.928204547063201e-08,True
5289,38,6.00000016198761e-08,True
5290,36,8.000001017194346e-08,True
5291,42,7.483314101989948e-08,True
5292,32,6.928203624041157e-08,True
5293,32,5.65685512576666e-08,True
5294,28,5.6568543407206125e-08,True
5295,30,3.464101747921859e-08,True
5296,24,3.4641010556552635e-08,True
5297,30,6.324555973533863e-08,True
5298,24,6.000000141170865e-08,True
5299,10,1.7320509508794036e-08,True
5300,24,8.944271664485512e-08,True
5301,24,2.828426856341789e-08,True
5302,28,6.928203290727602e-08,True
5303,28,3.999999398374215e-08,True
5304,22,6.92820339328558e-08,True
5305,30,6.164413966405523e-08,True
5306,24,4.000000286552587e-08,True
5307,28,4.000001130322127e-08,True
5308,28,1.1313708367422347e-07,True
5309,12,6.928203188169555e-08,True
5310,10,3.464101594084779e-08,True
5311,22,7.211102673379793e-08,True
5312,14,3.4641011325737325e-08,True
5313,40,9.840516124868158e-15,True
5314,12,3.999999442783072e-08,True
5315,24,1.999999899027384e-08,True
5316,28,2.5787782826395e-14,True
5317,36,5.6568577635221714e-08,True
5318,16,6.633249622409923e-08,True
5319,32,5.6568547332435484e-08,True
5320,24,7.999999791785683e-08,True
5321,24,6.928202874085651e-08,True
5322,22,7.483314538167732e-08,True
5323,36,6.928204906016434e-08,True
5324,22,4.472136205864131e-08,True
5325,22,7.483314348267191e-08,True
5326,22,4.472134815645066e-08,True
5327,16,6.92820360801643e-08,True
5328,24,1.131370870106699e-07,True
5329,40,6.324554797404605e-08,True
5330,24,5.24896022202741e-15,True
5331,36,8.944270385980553e-08,True
5332,21,2.6457511226766798e-08,True
5333,22,7.745966255483636e-08,True
5334,24,6.928203085611566e-08,True
5335,32,6.928203585581958e-08,True
5336,28,1.3856406453257646e-07,True
5337,24,6.928203288123658e-08,True
5338,44,1.1045356582688679e-07,True
5339,28,1.1657639135938423e-14,True
5340,22,7.211102451677074e-08,True
5341,24,3.99999882105822e-08,True
5342,28,8.944272213125563e-08,True
5343,24,6.928203261883177e-08,True
5344,28,6.928203893255874e-08,True
5345,36,8.944270068216092e-08,True
5346,28,3.999999620418749e-08,True
5347,40,1.1632467371486227e-14,True
5348,32,9.165151881742439e-08,True
5349,28,3.999998554604693e-08,True
5350,32,6.928202970233842e-08,True
5351,28,4.000000020099079e-08,True
5352,27,8.66025393393294e-08,True
5353,24,4.000000108916884e-08,True
5354,34,6.633247451589925e-08,True
5355,40,7.999999507291067e-08,True
5356,24,6.928203085611915e-08,True
5357,24,2.828426952509887e-08,True
5358,28,5.656853724459174e-08,True
5359,32,6.324555982516694e-08,True
5360,30,6.324555211682816e-08,True
5361,24,5.656854089505655e-08,True
5362,28,7.483314265185921e-08,True
5363,32,1.377392637215886e-14,True
5364,28,3.464102029956517e-08,True
5365,24,5.291502977074242e-08,True
5366,10,3.46410161972428e-08,True
5367,10,3.872983397200648e-08,True
5368,32,6.928202611280754e-08,True
5369,32,4.000000863868659e-08,True
5370,30,4.8989794829877835e-08,True
5371,30,3.4641010941145814e-08,True
5372,28,1.385640760703525e-07,True
5373,20,3.999999931281245e-08,True
5374,24,5.6568545919352494e-08,True
5375,36,5.656853021843263e-08,True
5376,24,2.0000006095700054e-08,True
5377,28,7.211102285400067e-08,True
5378,28,3.999999709236603e-08,True
5379,26,3.4641015604329315e-08,True
5380,32,1.999998211488637e-08,True
5381,24,5.656857104083204e-08,True
5382,28,4.000000197734742e-08,True
5383,32,3.999999914628017e-08,True
5384,28,9.380831498140205e-08,True
5385,36,5.656855282776211e-08,True
5386,58,5.6568551885703774e-08,True
5387,28,6.928202483083238e-08,True
5388,24,4.0000001533258245e-08,True
5389,32,1.1313708665740011e-07,True
5390,40,9.797958032287523e-08,True
5391,28,1.1313707770787212e-07,True
5392,24,6.928203316367073e-08,True
5393,34,4.8989792563650866e-08,True
5394,32,8.485281330601758e-08,True
5395,20,5.656855062963209e-08,True
5396,24,3.9999996648276745e-08,True
5397,40,5.656853838291032e-08,True
5398,40,4.898978513040084e-08,True
5399,32,6.928203382068396e-08,True
5400,40,1.2000000511787936e-07,True
5401,28,5.2915016311274794e-08,True
5402,32,4.898979687515316e-08,True
5403,28,5.6568543407207005e-08,True
5404,28,8.729065788506532e-15,True
5405,22,4.4721359278204086e-08,True
5406,32,6.000000644471964e-08,True
5407,32,8.944271577596912e-08,True
5408,20,5.656854372122261e-08,True
5409,23,1.3856405709712044e-07,True
5410,32,6.928203867616432e-08,True
5411,40,1.6492422229906498e-07,True
5412,32,7.999999374064339e-08,True
5413,24,7.211102334667258e-08,True
5414,18,2.8284273273695722e-08,True
5415,32,3.999999990955711e-08,True
5416,24,5.291502670748068e-08,True
5417,22,4.4721356894970256e-08,True
5418,32,5.6568541523093665e-08,True
5419,24,6.633249271764697e-08,True
5420,20,6.000000059754512e-08,True
5421,32,4.000000286552568e-08,True
5422,22,8.24621109341176e-08,True
5423,20,4.898979300555983e-08,True
5424,10,3.464101799200798e-08,True
5425,36,2.083436375553287e-14,True
5426,22,6.928203819542304e-08,True
5427,34,5.2915025480079023e-08,True
5428,28,5.656854176842025e-08,True
5429,22,8.485281045286521e-08,True
5430,32,8.000000972785448e-08,True
5431,26,7.745966657521929e-08,True
5432,24,8.717797892919579e-08,True
5433,30,6.000000043101254e-08,True
5434,24,5.656853712683449e-08,True
5435,24,8.000000573105419e-08,True
5436,40,6.633248683451011e-08,True
5437,28,6.928203495843617e-08,True
5438,24,8.944271279692691e-08,True
5439,22,3.4641029273389074e-08,True
5440,28,4.6904154472772145e-08,True
5441,26,4.472135821071351e-08,True
5442,28,2.828427704191654e-08,True
5443,30,2.82842768849076e-08,True
5444,20,4.0000005974151085e-08,True
5445,20,6.928203509063969e-08,True
5446,20,3.999999909076735e-08,True
5447,24,2.828426919145416e-08,True
5448,24,8.944272172163746e-08,True
5449,32,5.656854215113081e-08,True
5450,24,4.8989789753516784e-08,True
5451,24,6.928203662500364e-08,True
5452,28,4.0000002421437333e-08,True
5453,22,3.464101312050264e-08,True
5454,40,1.3856408683894335e-07,True
5455,20,4.00000015332583e-08,True
5456,34,7.745966956363271e-08,True
5457,28,6.928204265028673e-08,True
5458,24,5.656854395673669e-08,True
5459,24,6.928203845181855e-08,True
5460,24,4.000001085913232e-08,True
5461,22,7.211103042884512e-08,True
5462,32,6.928203726599112e-08,True
5463,36,4.0000005974150344e-08,True
5464,28,6.928204008633902e-08,True
5465,24,4.000001219140172e-08,True
5466,26,2.8284275393321223e-08,True
5467,20,4.0000000423035135e-08,True
5468,22,6.324554825491108e-08,True
5469,28,8.944272302496781e-08,True
5470,28,4.742651497580661e-15,True
5471,20,6.928203047152299e-08,True
5472,32,8.944270008635216e-08,True
5473,22,3.4641032350129376e-08,True
5474,24,1.6324431829162478e-14,True
5475,28,5.656853147450351e-08,True
5476,24,9.797959528001458e-08,True
5477,28,3.999999842463457e-08,True
5478,30,8.246210927811623e-08,True
5479,23,1.732051399570732e-08,True
5480,32,1.3856406940408173e-07,True
5481,32,6.928203534302892e-08,True
5482,40,8.944271577596866e-08,True
5483,22,4.898979673351412e-08,True
5484,32,6.633250237712855e-08,True
5485,34,5.2915038572375824e-08,True
5486,24,5.656854120907525e-08,True
5487,28,4.0000003309615535e-08,True
5488,28,3.999998732240473e-08,True
5489,28,3.9999996204187906e-08,True
5490,24,3.999999775849974e-08,True
5491,22,3.464101183852748e-08,True
5492,24,4.472135860792031e-08,True
5493,24,6.928203380465855e-08,True
5494,28,5.656854450627039e-08,True
5495,20,3.9999997133999444e-08,True
5496,40,6.928203194579452e-08,True
5497,30,4.582575177718933e-08,True
5498,22,3.464102978617914e-08,True
5499,21,5.3851646919410296e-08,True
5500,28,6.928203124070823e-08,True
5501,20,5.656853492870593e-08,True
5502,30,4.3588988941263864e-08,True
5503,24,8.944271974802247e-08,True
5504,24,6.92820312647452e-08,True
5505,28,7.48331653212349e-08,True
5506,28,4.0000000423035254e-08,True
5507,30,4.0000001727547136e-08,True
5508,24,7.483314668724343e-08,True
5509,32,5.99999937141672e-08,True
5510,26,9.591662534597376e-08,True
5511,12,5.6568543721222646e-08,True
5512,28,3.999998376969296e-08,True
5513,32,2.8284264284915187e-08,True
5514,20,3.9999994871920395e-08,True
5515,24,7.999999374064466e-08,True
5516,28,1.3856406158403338e-07,True
5517,28,6.63324955880851e-08,True
5518,28,4.472135143339615e-08,True
5519,30,7.745966312098665e-08,True
5520,28,1.1661904290020797e-07,True
5521,28,5.6568546233370735e-08,True
5522,24,5.656854364271817e-08,True
5523,24,3.5440294475802254e-15,True
5524,28,5.656854544832496e-08,True
5525,24,3.9999991319207134e-08,True
5526,26,3.464101808815674e-08,True
5527,24,5.656853997017365e-08,True
5528,32,3.999999576009846e-08,True
5529,36,8.944271339273574e-08,True
5530,28,6.928202880495531e-08,True
5531,32,8.944270981788598e-08,True
5532,32,9.797958403949689e-08,True
5533,28,4.000000264348103e-08,True
5534,28,6.928203162530053e-08,True
5535,24,6.633249628477156e-08,True
5536,22,3.66205343881779e-15,True
5537,13,2.2360679217070878e-08,True
5538,11,1.7320506560251306e-08,True
5539,11,1.4142134262082464e-08,True
5540,11,2.449489872935412e-08,True
5541,11,1.4142136224698345e-08,True
5542,12,4.242640687502969e-08,True
5543,13,3.1622777848939145e-08,True
5544,13,2.4494896236497527e-08,True
5545,13,1.4142133339653205e-08,True
5546,13,2.645751089893481e-08,True
5547,13,2.6457513987941293e-08,True
5548,13,2.2360680855543337e-08,True
5549,13,3.162277781383086e-08,True
5550,11,4.582575627130753e-08,True
5551,9,2.4494898729354067e-08,True
5552,6,1.9999999770033765e-08,True
5553,11,4.8989794076354956e-08,True
5554,13,3.316624740908547e-08,True
5555,13,2.449489644329132e-08,True
5556,9,1.999999990620617e-08,True
5557,6,1.7320507970423898e-08,True
5558,14,1.7320508451164577e-08,True
5559,17,1.7320509476744824e-08,True
5560,17,3.316624771454036e-08,True
5561,17,2.6457509655796102e-08,True
5562,17,3.162277632172653e-08,True
5563,20,5.19615233504083e-08,True
5564,19,3.7416574307960454e-08,True
5565,19,1.7320506047461782e-08,True
5566,19,3.3166245324253175e-08,True
5567,19,4.8989795147150555e-08,True
5568,15,3.605551204284083e-08,True
5569,15,3.1622777173103613e-08,True
5570,16,3.872983024544809e-08,True
5571,16,2.236067824888323e-08,True
5572,15,2.2360678546786523e-08,True
5573,16,3.0423352229246734e-14,True
5574,11,2.6457511984713994e-08,True
5575,9,1.7320507778127623e-08,True
5576,8,2.2360679837704254e-08,True
5577,6,9.999999939225332e-09,True
5578,9,3.464101286410748e-08,True
5579,11,1.4142137107875003e-08,True
5580,9,1.000000127149293e-08,True
5581,17,3.872983498964397e-08,True
5582,11,2.4494896191172896e-08,True
5583,5,1.73205080986214e-08,True
5584,9,2.000000254298589e-08,True
5585,4,0.0,True
5586,4,0.0,True
5587,5,1.732050643205374e-08,True
5588,9,2.645751332751353e-08,True
5589,10,1.7320513867509463e-08,True
5590,10,3.58724037616909e-15,True
5591,10,1.7320504380893568e-08,True
5592,6,2.8284271546592803e-08,True
5593,6,9.99999993922531e-09,True
5594,8,2.5121479338940403e-15,True
5595,8,2.0000000766629e-08,True
5596,10,1.7320508867806515e-08,True
5597,10,1.7320507073041304e-08,True
5598,10,1.7320507970423898e-08,True
5599,9,2.449489691636749e-08,True
5600,8,1.538370149106851e-15,True
5601,7,1.1957467920563633e-15,True
5602,10,1.7320508996004015e-08,True
5603,10,2.999999922555708e-08,True
5604,10,2.8284270447528174e-08,True
5605,12,6.928202726658511e-08,True
5606,12,2.4494895647276934e-08,True
5607,12,2.8284272331639072e-08,True
5608,12,4.690415674509482e-08,True
5609,12,3.4641015139613364e-08,True
5610,12,3.3166249040966494e-08,True
5611,12,2.0000000100495387e-08,True
5612,12,3.4641015267810854e-08,True
5613,12,3.9999999951190316e-08,True
5614,12,3.3166246965548586e-08,True
5615,12,2.590206469428137e-15,True
5616,11,2.645751219452647e-08,True
5617,12,2.8284271075565077e-08,True
5618,12,5.6568542779167114e-08,True
5619,12,3.8968670012594065e-15,True
5620,11,5.09901923003378e-08,True
5621,12,3.999999620418748e-08,True
5622,12,3.0000000261765676e-08,True
5623,12,2.000000121071825e-08,True
5624,12,3.76822190084106e-15,True
5625,12,4.8989794421955535e-08,True
5626,12,2.3075552236602768e-15,True
5627,12,4.000000014547931e-08,True
5628,12,4.000000197734731e-08,True
5629,13,3.58046925441613e-15,True
5630,12,3.999999909076738e-08,True
5631,12,4.4721359396123414e-08,True
5632,12,2.5734223724002145e-15,True
5633,13,2.449489735828292e-08,True
5634,12,5.999999993141125e-08,True
5635,12,3.552713678800501e-15,True
5636,12,2.828427138958356e-08,True
5637,12,2.8284271468088265e-08,True
5638,13,2.82842706486964e-08,True
5639,9,1.2560739669470201e-15,True
5640,10,3.4641016453637836e-08,True
5641,10,1.73205068166463e-08,True
5642,10,1.7320507906325133e-08,True
5643,5,1.0000000272292378e-08,True
5644,10,3.464101491526773e-08,True
5645,10,1.732050912420151e-08,True
5646,8,2.000000076662904e-08,True
5647,10,1.7320510790769177e-08,True
5648,7,1.4142135537782532e-08,True
5649,8,1.999999987845059e-08,True
5650,7,2.449489655377013e-08,True
5651,7,1.000000082740379e-08,True
5652,10,3.4641018504798025e-08,True
5653,10,1.7320509124201502e-08,True
5654,10,1.732050720123885e-08,True
5655,10,1.7320510534374163e-08,True
5656,8,3.076740298213702e-15,True
5657,8,4.965068306494546e-16,True
5658,10,1.6616296724220897e-15,True
5659,8,7.529898907871222e-16,True
5660,7,2.449489655377013e-08,True
5661,10,1.9999997213915894e-08,True
5662,10,2.8284269917621924e-08,True
5663,10,6.661338147750939e-16,True
5664,10,3.4641016133144054e-08,True
5665,10,1.538370149106851e-15,True
5666,8,1.88411095042053e-15,True
5667,10,3.4641013761490064e-08,True
5668,10,1.7320508290917673e-08,True
5669,8,1.999999987845058e-08,True
5670,8,6.280369834735101e-16,True
5671,10,5.19615241676667e-08,True
5672,10,5.196152487275301e-08,True
5673,10,5.1961527372604497e-08,True
5674,10,2.2315206618374916e-15,True
5675,8,2.5121479338940403e-15,True
5676,10,5.196152301388908e-08,True
5677,10,6.753223014464259e-16,True
5678,10,4.898979383273489e-08,True
5679,10,1.7320507457633897e-08,True
5680,10,2.482534153247273e-16,True
5681,8,8.08254562088053e-16,True
5682,8,1.9999999434361374e-08,True
5683,10,1.7320508996003992e-08,True
5684,10,1.732051002158409e-08,True
5685,7,1.0000000105759e-08,True
5686,6,3.621863337732436e-15,True
5687,8,3.46410159087984e-08,True
5688,7,1.7320508867806482e-08,True
5689,10,1.7320509124201502e-08,True
5690,10,1.7320507970423898e-08,True
5691,10,3.464101529986022e-08,True
5692,7,1.7320509508794175e-08,True
5693,10,4.898979383273488e-08,True
5694,10,9.999999051046955e-09,True
5695,10,1.732051155995426e-08,True
5696,10,1.7320509893386576e-08,True
5697,10,2.2360677715137613e-08,True
5698,10,5.19615242958642e-08,True
5699,8,2.5121479338940403e-15,True
5700,10,1.7320508867806538e-08,True
5701,10,3.316624756808918e-08,True
5702,9,3.4641017222822904e-08,True
5703,10,3.4641019786773146e-08,True
5704,8,2.449489927325022e-08,True
5705,10,3.464102414548862e-08,True
5706,10,2.8284270604537404e-08,True
5707,36,5.656853681281916e-08,True
5708,10,1.7320506752547535e-08,True
5709,22,4.472136046981978e-08,True
5710,10,3.1401849173675503e-16,True
5711,7,9.99999949513616e-09,True
5712,8,1.3322676295501878e-15,True
5713,10,1.7320510662571753e-08,True
5714,6,0.0,True
5715,10,3.464101696642788e-08,True
5716,10,8.005932084973442e-16,True
5717,6,2.2360680830717913e-08,True
5718,10,3.464101491526772e-08,True
5719,10,2.8284270761546594e-08,True
5720,14,6.324555536434888e-08,True
5721,10,3.4641016197242895e-08,True
5722,10,3.46410149152677e-08,True
5723,24,5.656854780346527e-08,True
5724,10,1.7320508162720166e-08,True
5725,10,1.5582722720639762e-15,True
5726,10,2.0000000100495186e-08,True
5727,8,2.44948972789648e-08,True
5728,10,1.472877282518059e-15,True
5729,10,2.0000002542985903e-08,True
5730,8,2.5121479338940403e-15,True
5731,8,2.8284271703602047e-08,True
5732,5,1.7320509508794036e-08,True
5733,6,1.999999987845058e-08,True
5734,4,2.5121479338940403e-15,True
5735,6,1.999999987845058e-08,True
5736,5,1.7320508739608962e-08,True
5737,4,1.414213522376404e-08,True
5738,5,9.999999717180705e-09,True
5739,2,0.0,True
5740,4,1.7320507970423888e-08,True
5741,5,3.8459253727671276e-16,True
5742,5,1.4142134281708567e-08,True
5743,4,3.188872858294072e-16,True
5744,6,2.8284272017620543e-08,True
5745,3,6.280369834735101e-16,True
5746,2,0.0,True
5747,4,1.4142135537782532e-08,True
5748,4,1.4142135537782532e-08,True
5749,4,9.999999495136085e-09,True
5750,4,1.4142135537782534e-08,True
5751,3,0.0,True
5752,5,1.7320509508794036e-08,True
5753,6,1.7320507970423888e-08,True
5754,2,0.0,True
5755,5,1.732050829091767e-08,True
5756,2,0.0,True
5757,6,9.930136612989092e-16,True
5758,4,3.8459253727671276e-16,True
5759,3,1.7320508355016425e-08,True
5760,5,1.7320508739608975e-08,True
5761,5,9.930136612989092e-16,True
5762,4,1.000000082740371e-08,True
5763,2,0.0,True
5764,5,0.0,True
5765,4,1.00000001612699e-08,True
5766,5,9.930136612989092e-16,True
5767,5,1.7320509124201502e-08,True
5768,5,9.930136612989092e-16,True
5769,4,9.99999993922529e-09,True
5770,2,0.0,True
5771,5,9.930136612989092e-16,True
5772,4,9.99999993922529e-09,True
5773,5,5.978733960281817e-16,True
5774,4,0.0,True
5775,5,1.7320507714028868e-08,True
5776,4,9.99999993922529e-09,True
5777,4,1.4142135537782534e-08,True
5778,6,1.999999987845059e-08,True
5779,5,1.4142136793856527e-08,True
5780,4,0.0,True
5781,48,8.000002771347178e-08,True
5782,8,2.828426950547287e-08,True
5783,3,1.790180836524724e-15,True
5784,12,2.449489646312082e-08,True
5785,12,2.808666774861361e-15,True
5786,16,4.0000009304819405e-08,True
5787,10,5.656854244822971e-08,True
5788,20,3.000000721916308e-08,True
5789,10,2.8284269348463382e-08,True
5790,8,2.000000076662904e-08,True
5791,5,8.671119018262734e-16,True
5792,4,1.00000001612699e-08,True
5793,10,1.2560739669470201e-15,True
5794,16,2.828427704191642e-08,True
5795,10,7.32410687763558e-15,True
5796,20,6.633248342011342e-08,True
5797,7,2.8284271075565064e-08,True
5798,16,4.898979480604781e-08,True
5799,12,4.898979513581899e-08,True
5800,9,2.2360681327225432e-08,True
5801,12,4.4721359247171426e-08,True
5802,28,8.246211369412117e-08,True
5803,6,1.9999999878450584e-08,True
5804,1,0.0,True
5805,8,5.868416401317028e-21,True
5806,2,0.0,True
5807,12,4.000000108916879e-08,True
5808,4,0.0,True
5809,12,2.0000000766629e-08,True
5810,24,1.4743828647775484e-14,True
5811,10,2.4494897550912905e-08,True
5812,12,2.6457510935652003e-08,True
5813,32,5.656856319037344e-08,True
5814,32,6.928202688199258e-08,True
5815,42,1.0583005179940636e-07,True
5816,18,3.464100671062695e-08,True
5817,28,1.0102419493020887e-14,True
5818,28,5.6568544820289115e-08,True
5819,36,3.999998643423497e-08,True
5820,22,3.9999996544193846e-08,True
5821,10,2.8284272488648282e-08,True
5822,10,2.2360679932408615e-08,True
5823,34,4.8989814319487504e-08,True
5824,20,4.0000002421436467e-08,True
5825,22,3.1086244689504383e-15,True
5826,24,2.828427280266745e-08,True
5827,36,5.656854937355712e-08,True
5828,30,2.8284306873676655e-08,True
5829,10,3.464101722282295e-08,True
5830,24,3.4641014979370546e-08,True
5831,28,4.000000863868643e-08,True
5832,34,3.4641018264428484e-08,True
5833,10,1.9999998990272197e-08,True
5834,20,7.745966795834586e-08,True
5835,28,6.928203593594231e-08,True
5836,26,6.928204418865675e-08,True
5837,22,3.464101978677343e-08,True
5838,28,5.745102453474574e-15,True
5839,22,6.000000306779128e-08,True
5840,26,7.483314153684095e-08,True
5841,27,4.582575319447275e-08,True
5842,44,7.999999596108973e-08,True
5843,10,1.9999998546182994e-08,True
5844,22,1.3684146205621953e-14,True
5845,28,4.000000863868822e-08,True
5846,42,5.0990193791809265e-08,True
5847,40,6.556898606395034e-15,True
5848,42,1.1313709467468416e-07,True
5849,20,6.928203491036198e-08,True
5850,20,2.8284274843787092e-08,True
5851,7,7.691850745534255e-16,True
5852,30,4.47213551075487e-08,True
5853,20,4.0000000200992356e-08,True
5854,32,4.0000001554075066e-08,True
5855,32,3.9999998868722814e-08,True
5856,27,6.782331605031421e-08,True
5857,28,4.000001130322293e-08,True
5858,24,8.485280401548748e-08,True
5859,32,6.928203649680629e-08,True
5860,28,9.797959564261242e-08,True
5861,28,7.483313719221687e-08,True
5862,25,7.071067885078111e-08,True
5863,30,3.464101840864994e-08,True
5864,12,2.8284272331639092e-08,True
5865,21,3.872983443066038e-08,True
5866,20,4.472136285305265e-08,True
5867,28,6.928204265028663e-08,True
5868,22,6.928204393226174e-08,True
5869,36,3.9999999756902716e-08,True
5870,58,5.6568552827763594e-08,True
5871,22,4.4721356894970295e-08,True
5872,28,6.928202742683276e-08,True
5873,22,3.464102337630353e-08,True
5874,36,4.0000014855939564e-08,True
5875,26,5.6568537497661585e-08,True
5876,28,5.656855282775895e-08,True
5877,40,9.380832011188433e-08,True
5878,28,4.373793495880204e-15,True
5879,30,8.485281354071375e-08,True
5880,40,1.7320507496093122e-07,True
5881,28,6.928203649680633e-08,True
5882,40,5.656853995300134e-08,True
5883,42,8.000001633465829e-08,True
5884,24,3.9999996870321363e-08,True
5885,18,3.4641016261341584e-08,True
5886,24,4.0000000867124834e-08,True
5887,26,4.4721346468326963e-08,True
5888,34,4.472136806637436e-08,True
5889,42,4.582575566563108e-08,True
5890,32,8.485281401174172e-08,True
5891,40,1.0392301102985739e-07,True
5892,39,3.999997688630727e-08,True
5893,24,3.464101457874941e-08,True
5894,34,6.633249600651493e-08,True
5895,20,5.6568543897858006e-08,True
5896,28,2.8284270447528313e-08,True
5897,28,4.000000042303511e-08,True
5898,22,5.6568541837111635e-08,True
5899,18,3.999999942383443e-08,True
5900,18,3.188872858294072e-15,True
5901,18,1.9999998213116054e-08,True
5902,20,3.605551296660222e-08,True
5903,24,6.633249721159658e-08,True
5904,34,5.6568531121232525e-08,True
5905,24,3.9999996648276825e-08,True
5906,28,3.0000000299547766e-08,True
5907,54,8.24621136268042e-08,True
5908,32,6.928203412515298e-08,True
5909,28,8.944271518016018e-08,True
5910,28,4.000000819459772e-08,True
5911,24,4.472136503768249e-08,True
5912,28,6.928203803517776e-08,True
5913,30,8.485281016501497e-08,True
5914,30,2.828427625687191e-08,True
5915,24,4.8989789662865696e-08,True
5916,28,1.4239016068304864e-14,True
5917,20,3.999999598214301e-08,True
5918,28,5.6568539678234836e-08,True
5919,36,4.0000001533266385e-08,True
5920,28,9.380831954971855e-08,True
5921,32,1.0198039435509809e-07,True
5922,24,3.999999886872288e-08,True
5923,32,8.000000129015965e-08,True
5924,32,5.656854356421452e-08,True
5925,24,4.472135788798458e-08,True
5926,28,2.8284288346584415e-08,True
5927,32,7.77473259106447e-15,True
5928,28,6.928203547122815e-08,True
5929,12,1.999999543755986e-08,True
5930,27,5.744563098653496e-08,True
5931,26,2.828426777837149e-08,True
5932,22,3.4641017479218136e-08,True
5933,32,3.99999990907739e-08,True
5934,36,1.888032101280973e-14,True
5935,34,4.8989795396438506e-08,True
5936,52,9.797957379612228e-08,True
5937,28,4.0000003309617924e-08,True
5938,28,1.1661902020432801e-07,True
5939,48,1.2096846610522003e-14,True
5940,28,5.656852707824679e-08,True
5941,32,8.944271587526974e-08,True
5942,28,7.999999984686975e-08,True
5943,20,6.928202316426608e-08,True
5944,36,4.0000007750507924e-08,True
5945,28,3.999998998693855e-08,True
5946,20,6.928203342006585e-08,True
5947,40,0.00972063372971205,True
5948,22,6.000000762895781e-08,True
5949,34,9.591663324872018e-08,True
5950,28,6.928202957414044e-08,True
5951,24,1.1313709183870413e-07,True
5952,28,5.656854905953704e-08,True
5953,40,4.302912790610903e-14,True
5954,32,5.656854380463417e-08,True
5955,26,6.6332490734285e-08,True
5956,28,6.928203906075654e-08,True
5957,20,1.131370810246923e-07,True
5958,22,6.928203495843586e-08,True
5959,28,8.944271776199647e-08,True
5960,48,3.999999176332394e-08,True
5961,40,6.928201547241516e-08,True
5962,22,6.633249788108636e-08,True
5963,30,2.8284270133509813e-08,True
5964,24,3.316624375199885e-08,True
5965,24,8.944271657037886e-08,True
5966,24,8.944271299553027e-08,True
5967,24,8.000000289998257e-08,True
5968,28,8.000001461283706e-08,True
5969,22,2.8284272802667483e-08,True
5970,22,6.000000062298774e-08,True
5971,28,3.999998643422575e-08,True
5972,20,3.464101263976203e-08,True
5973,18,6.0565693336060345e-15,True
5974,22,3.464101235131746e-08,True
5975,44,1.0392305833474128e-07,True
5976,28,5.656854560533367e-08,True
5977,22,3.464101235131746e-08,True
5978,28,3.9999995760099536e-08,True
5979,22,5.291502779588221e-08,True
5980,22,3.464100106993671e-08,True
5981,30,5.6568545291316394e-08,True
5982,24,4.8989797617344454e-08,True
5983,42,8.71779875994328e-08,True
5984,20,5.6568544349259605e-08,True
5985,22,6.92820416247065e-08,True
5986,22,2.8284273587716178e-08,True
5987,38,4.898979383273699e-08,True
5988,24,8.717797634157688e-08,True
5989,21,5.567764097685905e-08,True
5990,25,6.557438418419465e-08,True
5991,24,4.242640996287943e-08,True
5992,24,5.656854026702056e-08,True
5993,26,5.999999815505498e-08,True
5994,24,5.656854058103776e-08,True
5995,24,4.0000000312014023e-08,True
5996,24,3.999999531600916e-08,True
5997,12,4.000000059650733e-08,True
5998,34,9.165151305138409e-08,True
5999,36,4.0000015966160934e-08,True
6000,32,8.944271359133855e-08,True
6001,24,7.415260697438191e-15,True
6002,36,8.660254890286506e-08,True
6003,23,4.013968700520065e-15,True
6004,28,5.656853398664999e-08,True
6005,48,6.928203656090834e-08,True
6006,22,6.928204470144682e-08,True
6007,42,4.795830211670373e-08,True
6008,48,1.649242119591531e-07,True
6009,24,7.999999884766857e-08,True
6010,28,5.656853649879753e-08,True
6011,22,4.898979445665724e-08,True
6012,22,5.656853147450192e-08,True
6013,22,9.165151208230066e-08,True
6014,28,5.656855251374245e-08,True
6015,28,1.199999984565401e-07,True
6016,22,3.464101619724338e-08,True
6017,22,6.928202399754855e-08,True
6018,30,6.000000407624485e-08,True
6019,26,2.000000609570126e-08,True
6020,24,2.036018568751053e-15,True
6021,28,3.999999265147627e-08,True
6022,22,2.00000007666292e-08,True
6023,28,4.0000011303221014e-08,True
6024,28,6.928202803577124e-08,True
6025,24,3.2709212810858e-15,True
6026,28,9.797958757482068e-08,True
6027,34,6.928203380465824e-08,True
6028,40,1.1958191684643777e-14,True
6029,28,1.0392306737266402e-07,True
6030,22,8.2462112724754e-08,True
6031,28,4.0000003864726643e-08,True
6032,28,1.5086636252679985e-14,True
6033,22,3.3166248591689214e-08,True
6034,21,5.196152397537042e-08,True
6035,28,1.1521088880406198e-14,True
6036,32,6.928203399695452e-08,True
6037,40,4.000000175530562e-08,True
6038,28,4.000000464188265e-08,True
6039,24,5.656853587076058e-08,True
6040,28,1.3902672331766464e-14,True
6041,34,3.464101283205939e-08,True
6042,20,4.000000050630185e-08,True
6043,34,2.0000002098899194e-08,True
6044,26,5.656853926547265e-08,True
6045,28,5.656854497729681e-08,True
6046,28,5.656852425207712e-08,True
6047,32,5.6568550629631946e-08,True
6048,20,3.9999999312812064e-08,True
6049,22,3.999999531600931e-08,True
6050,28,1.0395861869767154e-14,True
6051,36,5.656852802030838e-08,True
6052,40,6.928208059675029e-08,True
6053,28,5.656854498711026e-08,True
6054,24,4.8989802535071123e-08,True
6055,28,1.1716141023574192e-14,True
6056,28,7.74596677720179e-08,True
6057,40,1.0392305628357942e-07,True
6058,26,8.717797859569453e-08,True
6059,33,6.244996520443137e-08,True
6060,16,5.656854372122259e-08,True
6061,32,5.656853430066917e-08,True
6062,22,9.797959047276621e-08,True
6063,28,3.9999999756901313e-08,True
6064,50,3.464098004555364e-08,True
6065,24,8.000000262242679e-08,True
6066,24,8.944272029418008e-08,True
6067,26,5.291502321410393e-08,True
6068,28,8.000000328856084e-08,True
6069,21,2.4494900995587766e-08,True
6070,22,6.928204495784188e-08,True
6071,30,7.211102359300892e-08,True
6072,18,3.316624412021772e-08,True
6073,44,2.828428928864133e-08,True
6074,28,4.898979645590025e-08,True
6075,42,1.1661904932507504e-07,True
6076,26,6.928203287522627e-08,True
6077,24,5.656854560533393e-08,True
6078,32,6.633249821583135e-08,True
6079,24,6.928203393285575e-08,True
6080,24,3.999999953485692e-08,True
6081,54,1.0954451103797772e-07,True
6082,32,5.2915025836758675e-08,True
6083,30,6.324556601972843e-08,True
6084,48,4.472137715963551e-08,True
6085,40,3.4641004915862315e-08,True
6086,34,7.483314259251374e-08,True
6087,22,4.898980045013647e-08,True
6088,24,5.656854309318572e-08,True
6089,48,1.131370781789058e-07,True
6090,32,2.99999962649645e-08,True
6091,32,6.928202598461474e-08,True
6092,32,6.928201854915427e-08,True
6093,38,1.0392306500101003e-07,True
6094,24,7.483314193973042e-08,True
6095,22,4.472135778868273e-08,True
6096,28,6.324555078271216e-08,True
6097,26,3.4641014001860405e-08,True
6098,36,5.656854089505963e-08,True
6099,32,7.211102999775501e-08,True
6100,28,8.94427187591787e-08,True
6101,30,1.9999993661202136e-08,True
6102,24,1.1313708351721412e-07,True
6103,32,5.656853852029238e-08,True
6104,24,1.1313708131908468e-07,True
6105,22,4.472136444187422e-08,True
6106,26,8.246211227372904e-08,True
6107,20,2.8284270055005073e-08,True
6108,26,7.21110253173642e-08,True
6109,30,6.633248962857994e-08,True
6110,24,3.999999975690156e-08,True
6111,20,5.063396036227354e-15,True
6112,24,1.173270114293018e-14,True
6113,30,1.999999366120245e-08,True
6114,28,6.928202624100507e-08,True
6115,36,7.999998441477402e-08,True
6116,36,1.3856406260961349e-07,True
6117,36,9.797957424937028e-08,True
6118,28,6.928202156179682e-08,True
6119,28,3.0000002311052823e-08,True
6120,22,3.4641019786773496e-08,True
6121,28,3.999998154924957e-08,True
6122,20,6.928203072791795e-08,True
6123,28,6.92820314309222e-08,True
6124,40,3.464101030016689e-08,True
6125,32,6.92820376505837e-08,True
6126,22,2.8284273587713028e-08,True
6127,28,6.928203547122659e-08,True
6128,48,7.99999977652037e-08,True
6129,28,6.92820327790783e-08,True
6130,24,4.218847493575595e-15,True
6131,32,5.65685277062799e-08,True
6132,30,8.717798149930508e-08,True
6133,40,1.236653401467002e-14,True
6134,36,5.6568549687576236e-08,True
6135,30,5.99999880150179e-08,True
6136,32,4.00000170763808e-08,True
6137,34,3.9999980772088644e-08,True
6138,24,3.4641012607713446e-08,True
6139,30,5.6568542425897385e-08,True
6140,20,3.999999309556362e-08,True
6141,28,6.928203055164651e-08,True
6142,28,3.464102613255034e-08,True
6143,30,7.211101749618549e-08,True
6144,28,6.1219136179627575e-15,True
6145,15,5.099019512814047e-08,True
6146,32,5.656854874551963e-08,True
6147,36,4.898979321731125e-08,True
6148,28,6.928204213749655e-08,True
6149,26,4.6151104473205536e-15,True
6150,32,5.6568555967943984e-08,True
6151,28,3.999998554605166e-08,True
6152,30,1.9999990108488636e-08,True
6153,28,3.9999981993332926e-08,True
6154,48,2.0784612102819607e-07,True
6155,22,4.4721357093573005e-08,True
6156,22,8.246211548475772e-08,True
6157,36,9.327378821430455e-08,True
6158,22,1.0392305038649357e-07,True
6159,26,6.633249409846933e-08,True
6160,28,6.928203342007011e-08,True
6161,28,7.745966567941214e-08,True
6162,32,3.999999442783267e-08,True
6163,28,1.0770330860010893e-07,True
6164,24,5.65685465473901e-08,True
6165,24,5.656853414365934e-08,True
6166,26,2.8284266767623932e-08,True
6167,28,6.92820323944873e-08,True
6168,20,6.928203210604127e-08,True
6169,28,5.656854332870096e-08,True
6170,32,4.000000153325802e-08,True
6171,36,6.928204598342384e-08,True
6172,44,5.6568557224027545e-08,True
6173,24,7.999999507291024e-08,True
6174,32,9.797959043027432e-08,True
6175,22,3.464101427428014e-08,True
6176,22,4.4721357590079976e-08,True
6177,12,9.230220894641107e-15,True
6178,24,5.65685449772981e-08,True
6179,27,5.477225714057356e-08,True
6180,5,1.7320508070578202e-08,True
6181,32,8.246210080962495e-08,True
6182,36,1.1999999098104495e-07,True
6183,36,3.999997932881168e-08,True
6184,17,2.000000080132359e-08,True
6185,18,5.291502611351016e-08,True
6186,32,5.656855549691755e-08,True
6187,22,6.92820336764608e-08,True
6188,54,1.019803835991077e-07,True
6189,26,5.2915028669228605e-08,True
6190,36,3.9999998868726097e-08,True
6191,30,5.9160794834211856e-08,True
6192,23,3.7416575826793754e-08,True
6193,16,2.828427131107895e-08,True
6194,23,6.480741195325668e-08,True
6195,32,6.633250530823778e-08,True
6196,22,4.4721352525710145e-08,True
6197,20,3.999999664827673e-08,True
6198,28,3.464100671062688e-08,True
6199,32,8.275444842091517e-15,True
6200,12,2.3603665272841412e-15,True
6201,23,3.605551233536672e-08,True
6202,24,4.0000005085971726e-08,True
6203,36,8.774964371860875e-08,True
6204,32,1.1635648372302547e-14,True
6205,34,2.0000001654813104e-08,True
6206,32,8.944272481239267e-08,True
6207,32,1.1077781129529252e-14,True
6208,32,8.944271448505044e-08,True
6209,28,7.99999981815352e-08,True
6210,32,9.79795852179378e-08,True
6211,28,1.0392303756674249e-07,True
6212,32,1.3266499027235677e-07,True
6213,40,8.94427147829548e-08,True
6214,32,6.928202983053561e-08,True
6215,40,8.944270286679211e-08,True
6216,16,6.928203265088065e-08,True
6217,12,3.9999999978945766e-08,True
6218,54,1.1661904522310936e-07,True
6219,20,8.000000058239204e-08,True
6220,24,5.656854089505645e-08,True
6221,32,5.6568551728694465e-08,True
6222,28,3.4641018889390754e-08,True
6223,20,4.8989800495460904e-08,True
6224,20,4.898979560039688e-08,True
6225,24,8.000001061603302e-08,True
6226,32,3.999999576009841e-08,True
6227,48,5.656855471187211e-08,True
6228,22,6.000000200382762e-08,True
6229,60,1.3856405966107073e-07,True
6230,26,4.472136245584692e-08,True
6231,28,8.485281204108726e-08,True
6232,20,4.472136002296338e-08,True
6233,32,4.000000108916976e-08,True
6234,10,3.464101632544033e-08,True
6235,30,6.928202699339824e-08,True
6236,32,1.8317062073815043e-14,True
6237,5,1.000000038331451e-08,True
6238,4,0.0,True
6239,28,1.1313707550974262e-07,True
6240,32,3.999999131920636e-08,True
6241,32,5.6568533162351694e-08,True
6242,33,5.7445626425480283e-08,True
6243,24,8.000000262242711e-08,True
6244,36,5.291502713759567e-08,True
6245,40,6.9282075725245e-08,True
6246,36,3.999999309557033e-08,True
6247,34,6.633248593069826e-08,True
6248,32,1.2649109833545882e-07,True
6249,41,4.4721361537318414e-08,True
6250,50,1.1489125033851513e-07,True
6251,56,7.483314116826543e-08,True
6252,36,4.0000014855954195e-08,True
6253,36,5.6568537440852885e-08,True
6254,28,5.656853744085277e-08,True
6255,54,1.1135531246221651e-07,True
6256,32,4.000000952686878e-08,True
6257,32,4.8989802042165135e-08,True
6258,28,2.6532015710819897e-15,True
6259,32,7.999999716845675e-08,True
6260,28,5.840718885970383e-15,True
6261,28,3.999998821058202e-08,True
6262,28,5.656853021842781e-08,True
6263,28,4.454602355345942e-15,True
6264,24,8.485280007062914e-08,True
6265,32,3.999999953485659e-08,True
6266,24,2.828426856341773e-08,True
6267,28,4.0000005974151145e-08,True
6268,44,4.7958315537768416e-08,True
6269,56,9.433979631555721e-08,True
6270,28,8.376115851520545e-15,True
6271,16,4.000000686232916e-08,True
6272,24,4.472136181038828e-08,True
6273,38,5.6568553141781564e-08,True
6274,22,4.898979600831918e-08,True
6275,28,8.944271021509139e-08,True
6276,10,1.7483809675615383e-15,True
6277,24,5.656855596794472e-08,True
6278,22,6.324555085292843e-08,True
6279,32,6.928203444564995e-08,True
6280,24,5.6568549216546256e-08,True
6281,30,2.828427531481579e-08,True
6282,27,3.605551251626871e-08,True
6283,28,4.000000863868777e-08,True
6284,22,6.324555162531124e-08,True
6285,10,1.7320507714028878e-08,True
6286,28,4.472134656762821e-08,True
6287,28,8.944271895361179e-08,True
6288,28,1.0198039091492219e-07,True
6289,28,5.65685465473908e-08,True
6290,34,4.4721368215327904e-08,True
6291,22,6.324555288921147e-08,True
6292,24,9.797960398235041e-08,True
6293,18,4.8989792926241636e-08,True
6294,18,2.0000001654807602e-08,True
6295,20,6.928203854796813e-08,True
6296,20,3.999999798054455e-08,True
6297,24,5.6568553455796577e-08,True
6298,22,4.4721360370518134e-08,True
6299,22,2.8284274843787886e-08,True
6300,32,3.999999798055428e-08,True
6301,28,5.291502615672256e-08,True
6302,28,4.0000005974152634e-08,True
6303,32,8.000000817354326e-08,True
6304,24,5.6568537754871246e-08,True
6305,20,5.7902148899581444e-15,True
6306,36,5.6568558794112784e-08,True
6307,28,7.416198085544993e-08,True
6308,14,5.656854292165812e-08,True
6309,26,8.485281427342353e-08,True
6310,28,5.6568554751123855e-08,True
6311,32,6.928203200989308e-08,True
6312,32,8.944270465421521e-08,True
6313,22,4.472135173129989e-08,True
6314,20,5.656854489879316e-08,True
6315,30,9.165152351747054e-08,True
6316,32,9.797958585248401e-08,True
6317,12,4.000000219939188e-08,True
6318,28,3.66205343881779e-15,True
6319,6,2.000000032253979e-08,True
6320,36,1.199999897227856e-07,True
6321,20,7.999999679375608e-08,True
6322,28,9.797958657767905e-08,True
6323,28,5.656853963898344e-08,True
6324,32,9.797959673040328e-08,True
6325,22,1.9999998546184384e-08,True
6326,20,5.65685399530007e-08,True
6327,20,5.6568541837111635e-08,True
6328,36,1.1999999838253012e-07,True
6329,20,3.9999997536456085e-08,True
6330,16,4.795831547157419e-08,True
6331,22,5.656854026701921e-08,True
6332,27,5.000000453669895e-08,True
6333,24,2.0000000322540138e-08,True
6334,40,4.472136642790196e-08,True
6335,22,2.8284277355935066e-08,True
6336,22,8.236627820231227e-15,True
6337,34,2.828425411857042e-08,True
6338,34,6.633249312770986e-08,True
6339,29,6.244998365945076e-08,True
6340,28,5.656856381840662e-08,True
6341,28,5.6568546233371834e-08,True
6342,28,5.656852959039092e-08,True
6343,28,5.656855110065716e-08,True
6344,28,1.7472526157385816e-14,True
6345,28,3.080583822883054e-14,True
6346,28,5.930298790911224e-15,True
6347,28,4.0000003864726756e-08,True
6348,28,6.000000111564913e-08,True
6349,28,6.928203213809059e-08,True
6350,28,9.797958965975505e-08,True
6351,27,5.291502428414661e-08,True
6352,28,3.9999985546046545e-08,True
6353,24,7.483314811149758e-08,True
6354,24,5.656855094364968e-08,True
6355,22,3.4641008505392056e-08,True
6356,24,1.831026719408895e-14,True
6357,24,1.7107524538547224e-14,True
6358,24,5.656853587076039e-08,True
6359,24,6.000000496442342e-08,True
6360,32,8.944270981788642e-08,True
6361,24,1.1313708739951365e-07,True
6362,24,3.999999931281208e-08,True
6363,24,5.656855094364834e-08,True
6364,22,6.928204777818734e-08,True
6365,22,7.483314775543394e-08,True
6366,22,3.999999531600909e-08,True
6367,22,5.999999939480345e-08,True
6368,22,6.928202572821501e-08,True
6369,22,3.464102311990848e-08,True
6370,22,2.8284272017621678e-08,True
6371,20,6.928203136890669e-08,True
6372,20,4.4721358980299025e-08,True
6373,20,5.656854403524131e-08,True
6374,10,1.732050745763384e-08,True
6375,22,4.472136245584711e-08,True
6376,22,6.00000065927498e-08,True
6377,22,3.464101337689753e-08,True
6378,28,8.944271808472497e-08,True
6379,36,3.9999997980552064e-08,True
6380,16,4.0000003309614886e-08,True
6381,18,4.472136090426297e-08,True
6382,20,1.999999965640616e-08,True
6383,36,5.656853806889017e-08,True
6384,40,8.485278810522016e-08,True
6385,40,6.928203521483218e-08,True
6386,26,8.485281479678781e-08,True
6387,22,6.63324967429543e-08,True
6388,24,4.000000508597218e-08,True
6389,20,7.999999948604675e-08,True
6390,28,3.999999442783106e-08,True
6391,30,5.999999790915843e-08,True
6392,6,0.0,True
6393,18,2.8284272488648577e-08,True
6394,18,5.6568543564213475e-08,True
6395,12,1.9357399876532506e-15,True
6396,28,3.999998998693905e-08,True
6397,22,3.464100978736756e-08,True
6398,24,5.656854215113143e-08,True
6399,24,6.928202726658512e-08,True
6400,32,4.2426377396547795e-08,True
6401,24,7.483314182104254e-08,True
6402,24,6.00000051587121e-08,True
6403,20,5.656854340720445e-08,True
6404,28,4.89897969148124e-08,True
6405,10,2.828426919145424e-08,True
6406,27,4.3588993971640806e-08,True
6407,33,1.3856405440497278e-07,True
6408,24,6.373894352111317e-15,True
6409,20,3.999999442783094e-08,True
6410,30,6.633249861752467e-08,True
6411,27,5.477225764383712e-08,True
6412,24,4.47213644915248e-08,True
6413,24,6.324554842167611e-08,True
6414,22,2.6645352591003757e-15,True
6415,22,6.928202252327721e-08,True
6416,28,4.0000013967760065e-08,True
6417,28,9.797958458339275e-08,True
6418,28,5.6568549059539045e-08,True
6419,28,3.999999975690197e-08,True
6420,24,5.6568542779167226e-08,True
6421,6,1.9999999999664393e-08,True
6422,24,6.928202829216577e-08,True
6423,30,4.89897933794921e-08,True
6424,40,1.0770328839611139e-07,True
6425,28,4.898979306221596e-08,True
6426,18,4.4721359079600304e-08,True
6427,4,1.7320509508794036e-08,True
6428,20,3.4641015620355046e-08,True
6429,20,4.0000001533258484e-08,True
6430,22,4.898978549299712e-08,True
6431,22,4.472135252571073e-08,True
6432,20,5.656853956047768e-08,True
6433,24,5.656853995300086e-08,True
6434,38,7.745967132658276e-08,True
6435,5,3.1401849173675503e-16,True
6436,3,1.4142135537782532e-08,True
6437,28,5.656854340720471e-08,True
6438,32,8.944272252846338e-08,True
6439,20,6.3428626160647376e-15,True
6440,24,5.656854272029046e-08,True
6441,36,6.928202931774536e-08,True
6442,24,4.000000286552599e-08,True
6443,30,8.062257897597371e-08,True
6444,25,2.0000000707648915e-08,True
6445,10,2.000000021151754e-08,True
6446,32,4.0000001089170213e-08,True
6447,20,3.99999944278308e-08,True
6448,20,4.0000001921836244e-08,True
6449,32,1.131370926237503e-07,True
6450,22,4.8989796914812165e-08,True
6451,20,6.928202675379542e-08,True
6452,40,7.483313683615319e-08,True
6453,28,5.656854136608449e-08,True
6454,40,4.0000007306419476e-08,True
6455,38,9.380831926567944e-08,True
6456,32,7.999999729336445e-08,True
6457,20,6.000000000311312e-08,True
6458,28,7.211103172210918e-08,True
6459,32,9.797957388677222e-08,True
6460,36,9.797959274183288e-08,True
6461,20,6.928202457443736e-08,True
6462,36,5.6568534614687256e-08,True
6463,20,4.0000000117726304e-08,True
6464,19,3.000000270425588e-08,True
6465,32,1.999999055258558e-08,True
6466,20,6.633249192262853e-08,True
6467,24,4.0000007750508606e-08,True
6468,40,5.6568555653925736e-08,True
6469,16,5.656854466327813e-08,True
6470,18,6.164413877254976e-08,True
6471,10,5.291502959240118e-08,True
6472,22,2.828426291108748e-08,True
6473,22,1.999999899027362e-08,True
6474,40,6.324555383713683e-08,True
6475,20,5.656854244552249e-08,True
6476,24,5.65685413660839e-08,True
6477,23,4.79583150299217e-08,True
6478,24,4.0000005085972566e-08,True
6479,20,5.656853084646527e-08,True
6480,38,2.828426165502159e-08,True
6481,22,2.82842660512693e-08,True
6482,20,3.9999998424633585e-08,True
6483,25,5.916079861618618e-08,True
6484,20,6.928203181759682e-08,True
6485,32,1.3856406453257624e-07,True
6486,22,6.928201547241426e-08,True
6487,32,8.944272014522919e-08,True
6488,30,6.633249152093427e-08,True
6489,8,6.280369834735101e-16,True
6490,20,3.999999176329725e-08,True
6491,14,1.538370149106851e-15,True
6492,14,3.0000000705854363e-08,True
6493,24,2.828426542323328e-08,True
6494,22,2.828426605126958e-08,True
6495,20,6.324555183596147e-08,True
6496,22,7.211102507102745e-08,True
6497,28,4.000000419779364e-08,True
6498,20,5.6568539481973106e-08,True
6499,30,4.898979727741022e-08,True
6500,20,2.0000000766630678e-08,True
6501,32,1.131370892455989e-07,True
6502,24,4.000000153325951e-08,True
6503,36,8.944270068216037e-08,True
6504,28,5.6568545134306006e-08,True
6505,32,8.94427231242733e-08,True
6506,28,4.000001130322293e-08,True
6507,19,4.999999915211734e-08,True
6508,24,4.472136126423043e-08,True
6509,20,4.00000033096158e-08,True
6510,18,4.8989792382345965e-08,True
6511,36,8.000001305852334e-08,True
6512,28,5.6568542386645025e-08,True
6513,24,6.297641634673846e-15,True
6514,32,5.656854081655537e-08,True
6515,32,5.656854497729667e-08,True
6516,22,1.9999998102094373e-08,True
6517,34,5.291503762822432e-08,True
6518,20,5.6568547803463094e-08,True
6519,32,5.196152106956062e-08,True
6520,24,5.656854434925985e-08,True
6521,18,6.633249754634114e-08,True
6522,27,4.242640619465655e-08,True
6523,28,5.656855235673173e-08,True
6524,18,4.8989792099066827e-08,True
6525,20,4.898978712468482e-08,True
6526,30,5.999999378817722e-08,True
6527,20,5.291502506045274e-08,True
6528,18,3.464101440247768e-08,True
6529,4,6.280369834735101e-16,True
6530,19,4.242640622082449e-08,True
6531,28,5.65685425362949e-08,True
6532,28,5.6568543093186077e-08,True
6533,20,3.999999620418798e-08,True
6534,18,5.656854607636132e-08,True
6535,29,4.89897927449433e-08,True
6536,9,4.358898932873411e-08,True
6537,30,9.999999734944393e-08,True
6538,18,2.828427264565775e-08,True
6539,30,2.8284263068094138e-08,True
6540,30,7.2111025733057e-08,True
6541,30,3.46410146588734e-08,True
6542,30,5.999998868115259e-08,True
6543,32,5.656856350438958e-08,True
6544,32,3.553823728406967e-14,True
6545,20,4.000000197734749e-08,True
6546,22,2.8284265423233183e-08,True
6547,32,1.0583005998209053e-07,True
6548,36,4.0000007750517454e-08,True
6549,20,2.8284266365287745e-08,True
6550,24,5.099017866483207e-08,True
6551,24,4.4721360469819506e-08,True
6552,20,5.656854089505617e-08,True
6553,32,8.000002083008553e-08,True
6554,16,3.605550982581367e-08,True
6555,20,7.483314538167734e-08,True
6556,20,9.797958548988599e-08,True
6557,28,9.797959926858513e-08,True
6558,14,3.464102517106867e-08,True
6559,40,2.0000002987085502e-08,True
6560,24,5.6568539953003106e-08,True
6561,18,1.7320507457634198e-08,True
6562,18,4.4721359923662065e-08,True
6563,40,5.65685308464647e-08,True
6564,8,3.4641014787070185e-08,True
6565,24,3.464101645363975e-08,True
6566,20,4.000000330961486e-08,True
6567,22,4.000000952686394e-08,True
6568,32,5.656855628196466e-08,True
6569,28,4.472135490894353e-08,True
6570,20,6.928203085611578e-08,True
6571,24,7.999999697416751e-08,True
6572,30,4.47213583844908e-08,True
6573,14,4.47213589477157e-08,True
6574,28,4.4721344184396066e-08,True
6575,26,6.633250256751382e-08,True
6576,22,6.928202085670948e-08,True
6577,24,4.0000005530061836e-08,True
6578,14,5.2915027546730015e-08,True
6579,28,1.2000000060759758e-07,True
6580,24,5.6568544663278753e-08,True
6581,16,4.000000064508004e-08,True
6582,18,6.324555576151214e-08,True
6583,16,2.8284272959676187e-08,True
6584,30,5.830952015061246e-08,True
6585,16,4.89897948298775e-08,True
6586,10,2.8284272959676015e-08,True
6587,14,3.4641016742082294e-08,True
6588,16,4.898979618961755e-08,True
6589,36,1.1999999394163453e-07,True
6590,36,3.999997844062324e-08,True
6591,16,4.000000121446193e-08,True
6592,36,8.944271259832438e-08,True
6593,22,3.464101786381067e-08,True
6594,16,5.329070518200751e-15,True
6595,20,6.92820334200663e-08,True
6596,24,4.0000000200990556e-08,True
6597,34,7.745967373451245e-08,True
6598,20,3.99999970923664e-08,True
6599,36,1.496663041157358e-07,True
6600,27,2.999999848540887e-08,True
6601,28,8.092071311423671e-16,True
6602,28,3.999999087511756e-08,True
6603,4,9.999999939225294e-09,True
6604,30,8.485281699491959e-08,True
6605,28,5.65685414445887e-08,True
6606,24,4.242641462082031e-08,True
6607,24,4.0000003087570235e-08,True
6608,20,6.928203358231704e-08,True
6609,28,8.9442725954358e-08,True
6610,14,6.00000055565413e-08,True
6611,32,1.2000000830051796e-07,True
6612,20,4.0000004197794543e-08,True
6613,28,3.9999998535656516e-08,True
6614,40,5.099020961552893e-08,True
6615,18,5.291502567939927e-08,True
6616,36,4.0000005974150595e-08,True
6617,8,4.358899021955251e-08,True
6618,36,6.928202598460999e-08,True
6619,28,5.2915022815459696e-08,True
6620,40,8.246212881355759e-08,True
6621,24,8.944271597457067e-08,True
6622,20,5.6568537440853593e-08,True
6623,20,3.316624961003301e-08,True
6624,16,3.999999886872423e-08,True
6625,16,2.828426291108595e-08,True
6626,22,5.999999970936686e-08,True
6627,26,8.246211901217796e-08,True
6628,18,5.656854466327809e-08,True
6629,20,4.4721349745272046e-08,True
6630,16,6.928203305951022e-08,True
6631,20,6.928202799570891e-08,True
6632,20,5.656854749803198e-08,True
6633,20,6.324555213438223e-08,True
6634,16,5.656854354458733e-08,True
6635,36,5.6568549687575435e-08,True
6636,24,6.000000259594672e-08,True
6637,22,6.63324992870145e-08,True
6638,30,5.999999785900153e-08,True
6639,28,3.999999842463508e-08,True
6640,21,9.27361860195262e-08,True
6641,20,6.928202726658549e-08,True
6642,32,4.690415014115543e-08,True
6643,34,5.2915031921322264e-08,True
6644,28,4.4721355107547354e-08,True
6645,16,5.656854360346575e-08,True
6646,28,5.65685446632798e-08,True
6647,14,4.000000002838545e-08,True
6648,5,2.449489710049889e-08,True
6649,28,5.656854246514863e-08,True
6650,36,9.797958926316426e-08,True
6651,14,3.464101650171199e-08,True
6652,38,7.4833156894398e-08,True
6653,20,3.999999620418761e-08,True
6654,27,5.477224090445841e-08,True
6655,14,2.0000002542985922e-08,True
6656,20,3.9999998868723145e-08,True
6657,20,6.928202470263534e-08,True
6658,28,6.928203700960066e-08,True
6659,20,6.928202726658569e-08,True
6660,22,3.464102081235326e-08,True
6661,28,6.633249982260878e-08,True
6662,22,4.8989795373773724e-08,True
6663,14,3.464101717474888e-08,True
6664,22,3.464101030015762e-08,True
6665,14,3.999999996506798e-08,True
6666,39,6.480741169528753e-08,True
6667,38,7.483314983247243e-08,True
6668,22,4.472135709357349e-08,True
6669,28,9.797958857196478e-08,True
6670,14,3.464101901758807e-08,True
6671,18,4.242640520026473e-08,True
6672,16,4.000000330961516e-08,True
6673,38,5.6568543407208335e-08,True
6674,16,3.999999620418753e-08,True
6675,14,4.472135848379214e-08,True
6676,18,6.403124149969506e-08,True
6677,12,3.999999931281204e-08,True
6678,22,3.4641009274577276e-08,True
6679,22,6.000000407624426e-08,True
6680,14,6.324555208171958e-08,True
6681,26,6.164413198270599e-08,True
6682,14,1.538370149106851e-15,True
6683,22,3.464102081235334e-08,True
6684,22,3.464101850479804e-08,True
6685,20,5.656853932496394e-08,True
6686,22,2.8284271703602358e-08,True
6687,28,9.99999993478441e-08,True
6688,20,5.656853806888974e-08,True
6689,12,4.000000153325828e-08,True
6690,22,3.464101542805783e-08,True
6691,38,8.717799652676512e-08,True
6692,19,4.582575446639263e-08,True
6693,12,2.8284266679306523e-08,True
6694,24,7.999999975666368e-08,True
6695,20,5.6568542151130214e-08,True
6696,20,6.928202976643703e-08,True
6697,12,3.464101696642789e-08,True
6698,20,6.928202854856073e-08,True
6699,12,2.000000298707517e-08,True
6700,24,6.460335911659861e-15,True
6701,14,1.4217791915866692e-15,True
6702,12,4.440892098500626e-15,True
6703,28,9.797959509871488e-08,True
6704,12,4.4721357292175815e-08,True
6705,34,5.656854315206517e-08,True
6706,14,3.46410187611931e-08,True
6707,6,3.4641015940847776e-08,True
6708,22,3.464099183971545e-08,True
6709,36,6.324555190618075e-08,True
6710,10,1.732050848321397e-08,True
6711,14,3.4641017222822956e-08,True
6712,12,2.828427350920858e-08,True
6713,34,2.8284254746603985e-08,True
6714,18,1.7618740082787638e-06,True
6715,10,2.236067977503483e-08,True
6716,14,3.9999999937312495e-08,True
6717,36,1.1999999769557592e-07,True
6718,10,3.46410151716627e-08,True
6719,22,6.324555113379457e-08,True
6720,14,4.2426405540451164e-08,True
6721,22,1.9999994549382587e-08,True
6722,22,3.4641006710627087e-08,True
6723,18,2.8284268376968873e-08,True
6724,12,4.000000286552564e-08,True
6725,21,4.2426407522692874e-08,True
6726,16,4.0000000645080726e-08,True
6727,12,4.000000008996821e-08,True
6728,20,5.656854670317191e-08,True
6729,40,1.8115356374411762e-14,True
6730,14,3.46410151716627e-08,True
6731,20,3.999999398374154e-08,True
6732,12,9.42055475210265e-16,True
6733,14,4.8989788756372406e-08,True
6734,28,5.6568543721224565e-08,True
6735,13,2.828427201762064e-08,True
6736,14,4.4721357143223694e-08,True
6737,14,4.4721360339486494e-08,True
6738,10,3.3166247768936076e-08,True
6739,12,1.999999854618314e-08,True
6740,12,3.9999999978945786e-08,True
6741,20,4.898979328883904e-08,True
6742,20,4.472135947680597e-08,True
6743,14,4.898979310754033e-08,True
6744,18,5.9160797471448315e-08,True
6745,36,4.0000009082774767e-08,True
6746,10,2.8284272959676068e-08,True
6747,28,1.1489124515901305e-07,True
6748,14,3.162277219649741e-08,True
6749,26,1.0392303648240617e-07,True
6750,14,3.99999998401679e-08,True
6751,20,5.656854089505673e-08,True
6752,18,4.8989796098968235e-08,True
6753,8,1.9999998990272492e-08,True
6754,10,2.828427076154658e-08,True
6755,10,2.8284266051269282e-08,True
6756,16,5.6568538530104704e-08,True
6757,32,5.656852927637222e-08,True
6758,22,2.0000005429565743e-08,True
6759,20,6.92820329072763e-08,True
6760,14,3.999999909076748e-08,True
6761,14,6.928201957473435e-08,True
6762,16,2.449489770388355e-08,True
6763,20,4.0000004863927835e-08,True
6764,14,6.928203136890567e-08,True
6765,10,3.464101613314404e-08,True
6766,28,9.797959337637757e-08,True
6767,28,3.999999353965902e-08,True
6768,11,3.316624768524985e-08,True
6769,12,5.756054031998179e-15,True
6770,18,4.8989794784553174e-08,True
6771,28,5.6568544349261326e-08,True
6772,32,1.0583005586452042e-07,True
6773,20,5.656854183711175e-08,True
6774,36,6.633250472661826e-08,True
6775,16,4.8989793379488456e-08,True
6776,18,3.872983192239949e-08,True
6777,22,3.464102363269852e-08,True
6778,14,3.464100978736718e-08,True
6779,11,4.0000000089968075e-08,True
6780,32,5.656854058103869e-08,True
6781,14,2.000000098867361e-08,True
6782,20,2.8284267307343836e-08,True
6783,30,2.8284298238166182e-08,True
6784,22,3.464102286351362e-08,True
6785,20,5.656854780346301e-08,True
6786,24,2.828427170360335e-08,True
6787,16,5.291502528272285e-08,True
6788,20,6.928202931774546e-08,True
6789,30,3.464100696702647e-08,True
6790,16,4.472135892444193e-08,True
6791,38,3.464102222252759e-08,True
6792,11,4.2426408602131486e-08,True
6793,16,4.000000064507963e-08,True
6794,39,6.082761467570694e-08,True
6795,10,3.464101555625524e-08,True
6796,16,3.464101286410791e-08,True
6797,19,6.324556407121616e-08,True
6798,20,3.999999531601005e-08,True
6799,4,1.4142135623953622e-08,True
6800,18,7.28010982216074e-08,True
6801,32,4.000001752047084e-08,True
6802,22,7.21110295050819e-08,True
6803,40,1.2649112010262323e-07,True
6804,20,5.291503200524499e-08,True
6805,40,2.828425694473326e-08,True
6806,6,9.999999495136104e-09,True
6807,22,3.4641029016994206e-08,True
6808,14,2.8284270133509635e-08,True
6809,14,3.464101081294728e-08,True
6810,16,4.472135945585962e-08,True
6811,22,5.65685427791678e-08,True
6812,8,3.316624812878677e-08,True
6813,22,4.898979043338513e-08,True
6814,28,5.2915022899385865e-08,True
6815,20,4.000000242143785e-08,True
6816,10,1.9999999878450607e-08,True
6817,28,1.9316604467906326e-14,True
6818,14,3.999999709236603e-08,True
6819,20,2.8284273901734144e-08,True
6820,36,4.8989788484425325e-08,True
6821,9,3.464101504346519e-08,True
6822,28,7.071067755545536e-08,True
6823,24,4.00000041977947e-08,True
6824,16,1.0768591043747958e-14,True
6825,28,6.928202739478321e-08,True
6826,20,5.65685430931868e-08,True
6827,30,2.8284271232574532e-08,True
6828,28,8.485280956314616e-08,True
6829,12,1.9999998990272167e-08,True
6830,14,3.464100671062688e-08,True
6831,12,5.385164868210604e-08,True
6832,14,1.9999997213916112e-08,True
6833,28,6.928202316426636e-08,True
6834,24,6.32455561893949e-08,True
6835,10,9.742167503148516e-16,True
6836,30,1.7320491304747287e-08,True
6837,30,6.480740884295696e-08,True
6838,28,1.3266499616386595e-07,True
6839,20,5.6568545919352097e-08,True
6840,32,4.0000000645085894e-08,True
6841,18,2.8284271688882507e-08,True
6842,32,6.928203048754804e-08,True
6843,14,4.690415608233412e-08,True
6844,10,0.5025733485117454,True
6845,20,5.656854591935287e-08,True
6846,32,5.656855486887932e-08,True
6847,14,4.0000002421436917e-08,True
6848,18,7.74596656507462e-08,True
6849,8,7.364386412590295e-16,True
6850,20,5.656854780346308e-08,True
6851,8,2.8284272959676015e-08,True
6852,24,6.928203686537504e-08,True
6853,28,5.656853587076043e-08,True
6854,14,3.999999975690117e-08,True
6855,28,5.656851702965449e-08,True
6856,16,3.999999724502178e-08,True
6857,20,4.898979469390378e-08,True
6858,10,2.220446049250313e-16,True
6859,16,4.000000003445764e-08,True
6860,10,4.898979468027069e-08,True
6861,22,6.928202418984481e-08,True
6862,32,8.944271855640693e-08,True
6863,40,5.656853885393956e-08,True
6864,28,5.5677648713653803e-08,True
6865,36,6.928202290787714e-08,True
6866,36,4.000001263549123e-08,True
6867,20,7.999998707930472e-08,True
6868,20,2.0000001432763153e-08,True
6869,20,8.0000000984848e-08,True
6870,22,1.9999992773027266e-08,True
6871,10,2.8284272802667397e-08,True
6872,26,7.745966834712622e-08,True
6873,20,3.9999985546047233e-08,True
6874,36,4.898977153300014e-08,True
6875,20,4.4721359079600324e-08,True
6876,40,3.99999895428519e-08,True
6877,8,1.9999999878450604e-08,True
6878,22,4.472135858309411e-08,True
6879,24,5.6568531631515884e-08,True
6880,8,1.732050643205374e-08,True
6881,20,2.645751832104977e-08,True
6882,14,3.464101658183541e-08,True
6883,12,2.000000254298586e-08,True
6884,20,4.000000375370523e-08,True
6885,20,1.9999999545385586e-08,True
6886,14,3.4641013889687673e-08,True
6887,28,5.656854270066263e-08,True
6888,32,6.928203201790737e-08,True
6889,11,3.741657405574869e-08,True
6890,36,1.1313711193589006e-07,True
6891,28,1.2649111139575624e-07,True
6892,36,1.3856403248319826e-07,True
6893,36,7.810249474918726e-08,True
6894,20,5.656854497729659e-08,True
6895,26,2.8284282223226435e-08,True
6896,18,3.464101206287429e-08,True
6897,4,2.220446049250313e-16,True
6898,8,1.732050848321394e-08,True
6899,12,2.8284272331639155e-08,True
6900,8,1.999999987845058e-08,True
6901,10,1.900395703982448e-15,True
6902,14,2.0000001432762815e-08,True
6903,6,3.8459253727671276e-16,True
6904,10,1.7320506175658716e-08,True
6905,22,1.039230585911346e-07,True
6906,14,3.464101901758807e-08,True
6907,14,3.464101709462551e-08,True
6908,14,2.8284274529768487e-08,True
6909,28,6.720289191984444e-15,True
6910,22,3.4641023119908905e-08,True
6911,8,2.589462819655575e-15,True
6912,16,5.6568544349259645e-08,True
6913,8,1.9999999878450604e-08,True
6914,26,4.472136356057519e-08,True
6915,18,4.242640754231897e-08,True
6916,10,1.9999999910542968e-08,True
6917,20,1.1057732150366857e-14,True
6918,14,6.928202572821496e-08,True
6919,8,1.538370149106851e-15,True
6920,24,4.8989799362344915e-08,True
6921,8,1.7320509508794036e-08,True
6922,14,6.000000229988708e-08,True
6923,8,1.4142134281708732e-08,True
6924,14,3.999999886872274e-08,True
6925,7,1.414213616581964e-08,True
6926,8,1.999999899027232e-08,True
6927,10,2.828426981949115e-08,True
6928,26,3.4641011966725663e-08,True
6929,5,2.000000023927307e-08,True
6930,8,1.4142135066754844e-08,True
6931,21,2.2360677255869122e-08,True
6932,18,6.633249551276628e-08,True
6933,9,1.414213506675483e-08,True
6934,22,1.0392304730975329e-07,True
6935,20,5.656854215113031e-08,True
6936,9,1.7320509444695344e-08,True
6937,12,4.472135907960083e-08,True
6938,14,3.4641016004946544e-08,True
6939,16,2.8284272488648282e-08,True
6940,6,2.8284271703602053e-08,True
6941,6,3.8459253727671276e-16,True
6942,20,5.65685465473893e-08,True
6943,20,6.324554495472842e-08,True
6944,20,5.6568540581037815e-08,True
6945,40,2.828429870920333e-08,True
6946,24,7.211102285399993e-08,True
6947,12,4.39625888431457e-15,True
6948,14,1.9999999878450703e-08,True
6949,4,2.0000000383322878e-08,True
6950,36,5.6568546861408204e-08,True
6951,22,5.999999919126265e-08,True
6952,8,2.5121479338940403e-15,True
6953,24,5.656854713617397e-08,True
6954,11,4.582575415144033e-08,True
6955,28,6.928205085492765e-08,True
6956,24,4.000000242143713e-08,True
6957,16,5.29150250184901e-08,True
6958,22,3.3083901009314997e-15,True
6959,8,2.000000083688531e-08,True
6960,28,6.92820467526105e-08,True
6961,33,1.853735863442534e-14,True
6962,14,3.464101876119354e-08,True
6963,21,4.690416630779129e-08,True
6964,20,7.071067969863132e-08,True
6965,12,2.828427076154669e-08,True
6966,27,2.236068212163571e-08,True
6967,24,4.000000508597489e-08,True
6968,10,2.000000121071825e-08,True
6969,20,6.92820411119166e-08,True
6970,4,9.999999717180705e-09,True
6971,32,3.999997577608695e-08,True
6972,20,7.483314722133869e-08,True
6973,14,2.8284267307343386e-08,True
6974,15,5.196152570603684e-08,True
6975,28,6.92820298305356e-08,True
6976,14,1.999999632573726e-08,True
6977,20,2.828426887743632e-08,True
6978,24,6.633249734549434e-08,True
6979,24,5.656853901094535e-08,True
6980,10,9.678699938266253e-16,True
6981,18,5.2915023423915914e-08,True
6982,16,5.6568544663278416e-08,True
6983,14,5.196152775719704e-08,True
6984,10,2.00000012107183e-08,True
6985,18,3.4641016453637856e-08,True
6986,18,8.717797711841924e-08,True
6987,20,7.211102470152266e-08,True
6988,9,1.9999999989472893e-08,True
6989,28,5.6568532102538405e-08,True
6990,34,6.00000010416345e-08,True
6991,23,4.00000021959227e-08,True
6992,10,2.828427146808822e-08,True
6993,36,5.656852142590968e-08,True
6994,24,2.8284270133524696e-08,True
6995,12,3.4641014658872675e-08,True
6996,32,7.9200353856349e-15,True
6997,26,5.830951834893649e-08,True
6998,40,2.828424187185564e-08,True
6999,32,6.324554769317794e-08,True
7000,30,2.000000098867459e-08,True
7001,40,7.999998219432526e-08,True
7002,32,6.92820307279183e-08,True
7003,24,5.656854717542625e-08,True
7004,27,7.348469038650536e-08,True
7005,26,6.000000733289866e-08,True
7006,27,7.483314763674635e-08,True
7007,20,4.4721358086588164e-08,True
7008,18,1.09625739919858e-15,True
7009,22,2.000000431934335e-08,True
7010,32,5.656854591935206e-08,True
7011,24,1.9323316140704537e-14,True
7012,20,3.464102017136645e-08,True
7013,29,4.795831558985511e-08,True
7014,32,6.928201342125486e-08,True
7015,16,3.999999576009881e-08,True
7016,28,1.533876673602434e-14,True
7017,30,4.898979455793113e-08,True
7018,14,3.999999886872277e-08,True
7019,20,6.928203198185022e-08,True
7020,20,2.828427295967747e-08,True
7021,33,5.196151609122435e-08,True
7022,40,4.898980579844723e-08,True
7023,12,2.8284272017620738e-08,True
7024,32,3.999999975690546e-08,True
7025,20,4.0000000645079846e-08,True
7026,26,3.9999997869522363e-08,True
7027,22,8.71779733233501e-08,True
7028,16,4.000000064507974e-08,True
7029,28,6.928202418984571e-08,True
7030,14,1.999999810209382e-08,True
7031,36,6.928204213749673e-08,True
7032,20,8.859551911326592e-15,True
7033,9,2.6457512690556585e-08,True
7034,34,6.633248757094523e-08,True
7035,14,0.0017041311172562624,True
7036,28,8.944272029418023e-08,True
7037,14,4.8989792744943134e-08,True
7038,18,4.2426406770356854e-08,True
7039,28,3.999999709236656e-08,True
7040,32,6.633250357175034e-08,True
7041,32,5.6568539246460406e-08,True
7042,39,2.8284262587254442e-08,True
7043,20,4.898979482987815e-08,True
7044,39,6.9282040643201e-08,True
7045,32,8.944271657038676e-08,True
7046,20,4.000000503046563e-08,True
7047,10,1.999999721391553e-08,True
7048,28,5.0990199583495165e-08,True
7049,20,5.564421850464315e-15,True
7050,14,2.828426958397734e-08,True
7051,12,7.691850745534255e-16,True
7052,10,3.464101594084786e-08,True
7053,14,6.928202572821496e-08,True
7054,28,6.928202470263878e-08,True
7055,8,4.965068306494546e-16,True
7056,12,2.2360678402571212e-08,True
7057,28,4.00000013112137e-08,True
7058,10,2.828427076154659e-08,True
7059,28,6.00000083598556e-08,True
7060,32,4.803559250984066e-15,True
7061,20,4.4721360469819744e-08,True
7062,8,1.6616296724220897e-15,True
7063,24,8.961913909027148e-15,True
7064,28,5.656854717542647e-08,True
7065,12,2.0000002987075053e-08,True
7066,26,6.324555302964572e-08,True
7067,26,9.380831784695646e-08,True
7068,12,5.656854138080385e-08,True
7069,40,7.999999329655716e-08,True
7070,8,2.945754565036118e-15,True
7071,27,5.099018854445078e-08,True
7072,14,4.898979600831892e-08,True
7073,32,4.000000375370418e-08,True
7074,15,3.316624659732917e-08,True
7075,20,2.8284269191459923e-08,True
7076,28,6.928203303547335e-08,True
7077,40,7.483316880398739e-08,True
7078,2,0.0,True
7079,5,1.4142135302268664e-08,True
7080,36,3.464102055596111e-08,True
7081,7,2.00000012107183e-08,True
7082,22,3.464101901758889e-08,True
7083,40,3.316624304903449e-08,True
7084,10,1.7320506944843794e-08,True
7085,36,1.1618949264978826e-07,True
7086,36,1.1090536917511019e-07,True
7087,9,3.464101526781084e-08,True
7088,36,3.9999997814011695e-08,True
7089,36,3.9999998424637204e-08,True
7090,8,3.4641015428057755e-08,True
7091,26,7.745966745669372e-08,True
7092,18,3.999999664827685e-08,True
7093,12,3.999999975690125e-08,True
7094,46,3.4640980558334426e-08,True
7095,14,2.449489492208251e-08,True
7096,18,5.385164922392878e-08,True
7097,8,2.828427174285442e-08,True
7098,12,4.898979637091612e-08,True
7099,22,3.464101863299576e-08,True
7100,48,5.999999277047339e-08,True
7101,12,2.828427106329875e-08,True
7102,10,5.196152288569166e-08,True
7103,30,4.4721360922882375e-08,True
7104,9,3.464101568445278e-08,True
7105,46,1.3266497340122488e-07,True
7106,10,3.972054645195637e-15,True
7107,12,3.464101552420597e-08,True
7108,26,1.9999998990279893e-08,True
7109,10,1.7320509060102744e-08,True
7110,16,3.605551218910313e-08,True
7111,42,1.2328827851765012e-07,True
7112,12,7.999999721008965e-08,True
7113,5,6.280369834735101e-16,True
7114,10,1.7320509508794036e-08,True
7115,20,3.7416578981293865e-08,True
7116,10,1.5059797815742444e-15,True
7117,10,1.538370149106851e-15,True
7118,10,2.0000000024167386e-08,True
7119,10,1.7320504124498528e-08,True
7120,46,1.3856410042787971e-07,True
7121,20,4.463041323674983e-15,True
7122,8,2.828427123257432e-08,True
7123,26,4.472135788798417e-08,True
7124,20,5.830951906056278e-08,True
7125,4,9.155133597044475e-16,True
7126,10,6.661338147750939e-16,True
7127,34,8.48528161837046e-08,True
7128,22,1.9999996325740945e-08,True
7129,10,1.7320506944843814e-08,True
7130,18,4.0000002421436586e-08,True
7131,24,2.449490489350856e-08,True
7132,18,6.000000407624389e-08,True
7133,30,8.485280589959835e-08,True
7134,14,4.898979448994265e-08,True
7135,36,3.9999991097166135e-08,True
7136,16,3.9032866412881524e-15,True
7137,8,1.999999899027225e-08,True
7138,20,1.999999899027229e-08,True
7139,21,1.8819631154005455e-15,True
7140,36,1.49666314263548e-07,True
7141,24,2.8284271227668666e-08,True
7142,40,6.928202675379602e-08,True
7143,10,3.4641015171662715e-08,True
7144,20,1.0770329361204097e-07,True
7145,10,3.464101613314404e-08,True
7146,20,2.8284267621361727e-08,True
7147,16,5.656854179785992e-08,True
7148,18,6.633249747939302e-08,True
7149,20,6.633249515082361e-08,True
7150,10,3.464101600494654e-08,True
7151,42,5.2915009854297665e-08,True
7152,10,3.464101818430424e-08,True
7153,24,2.304241074671479e-14,True
7154,9,3.4641015428057735e-08,True
7155,14,3.464101491526768e-08,True
7156,22,7.483314775543423e-08,True
7157,40,8.944271657038075e-08,True
7158,36,8.485281354071413e-08,True
7159,28,7.211103487059883e-08,True
7160,24,2.8284268249399365e-08,True
7161,12,2.23606788446907e-08,True
7162,36,8.944271398854513e-08,True
7163,56,4.4721335650688624e-08,True
7164,28,5.6568533358612477e-08,True
7165,32,9.165151378425162e-08,True
7166,32,8.944272610331045e-08,True
7167,10,1.7320507073041304e-08,True
7168,32,5.656854058104263e-08,True
7169,5,1.7320507970423888e-08,True
7170,30,4.898978948157088e-08,True
7171,10,4.213000162292041e-15,True
7172,31,2.4494891114810482e-08,True
7173,34,1.039230393615075e-07,True
7174,14,6.928202726658511e-08,True
7175,13,1.4142135066754817e-08,True
7176,10,2.000000001722868e-08,True
7177,24,4.4721351135491255e-08,True
7178,36,6.324552810273085e-08,True
7179,14,5.0990197090456106e-08,True
7180,10,2.236067982529189e-08,True
7181,52,9.797960590865126e-08,True
7182,10,1.0706603116298291e-15,True
7183,24,6.633249004805776e-08,True
7184,18,1.7320502842523453e-08,True
7185,44,5.291505025892828e-08,True
7186,25,3.464102594025375e-08,True
7187,46,3.46410044030721e-08,True
7188,36,1.1313709874711218e-07,True
7189,26,6.324553631807984e-08,True
7190,10,3.46410176715142e-08,True
7191,32,3.999998288151696e-08,True
7192,20,4.000000014548024e-08,True
7193,23,4.24264068096097e-08,True
7194,20,7.211102383164794e-08,True
7195,10,5.196152493685178e-08,True
7196,28,2.8284269505472708e-08,True
7197,30,7.211103049042794e-08,True
7198,34,4.8989787668582665e-08,True
7199,10,3.464101324870002e-08,True
7200,10,7.021666937153402e-16,True
7201,5,9.999999939225295e-09,True
7202,13,3.741657321009789e-08,True
7203,46,1.7718967468501794e-15,True
7204,20,8.485281385473225e-08,True
7205,10,3.4641015748551504e-08,True
7206,10,1.631687946612622e-15,True
7207,10,1.7320507201238847e-08,True
7208,24,6.928203034332567e-08,True
7209,26,2.8284270015752927e-08,True
7210,38,7.348469183689737e-08,True
7211,44,1.0392304102807525e-07,True
7212,10,1.355199909595506e-15,True
7213,32,4.690414614979683e-08,True
7214,12,3.999999620418774e-08,True
7215,52,1.549193403168977e-07,True
7216,13,2.999999984080564e-08,True
7217,12,3.605551327452268e-08,True
7218,7,1.7320508739608962e-08,True
7219,12,1.7306664177452076e-15,True
7220,30,4.358897526373431e-08,True
7221,28,3.9999994871921335e-08,True
7222,19,4.4721363795809305e-08,True
7223,32,3.999999131920779e-08,True
7224,14,2.8284270565285027e-08,True
7225,40,4.3588967508043414e-08,True
7226,49,1.7320505150085676e-08,True
7227,18,5.999999830308411e-08,True
7228,8,1.7320508547312693e-08,True
7229,12,2.8284271703602066e-08,True
7230,24,7.483314609380427e-08,True
7231,18,6.928203111251061e-08,True
7232,10,3.464101741511919e-08,True
7233,10,1.7320507714028868e-08,True
7234,16,3.4641018248403004e-08,True
7235,42,3.741657378870362e-08,True
7236,14,4.123105611330353e-08,True
7237,32,5.6568533515622157e-08,True
7238,11,4.242640577596498e-08,True
7239,40,8.246213473746567e-08,True
7240,22,3.4641016197243054e-08,True
7241,28,5.656853194552919e-08,True
7242,40,7.404446833684493e-15,True
7243,36,8.485281309912673e-08,True
7244,30,1.1661905051627483e-07,True
7245,10,3.4641014402477634e-08,True
7246,8,2.8284272331639155e-08,True
7247,8,2.8284272331639046e-08,True
7248,24,5.2915034785259237e-08,True
7249,56,3.4641031645044784e-08,True
7250,28,5.65685451343064e-08,True
7251,10,1.7320507970423934e-08,True
7252,4,9.99999993922529e-09,True
7253,3,1.442222014787673e-16,True
7254,10,5.087681048627601e-16,True
7255,28,6.92820291895482e-08,True
7256,52,9.797958938781296e-08,True
7257,38,1.32665020399393e-07,True
7258,38,7.211102276162416e-08,True
7259,12,2.828427123257435e-08,True
7260,6,0.0,True
7261,19,6.16441372596935e-08,True
7262,12,3.4641016197242836e-08,True
7263,40,7.483315849668308e-08,True
7264,12,5.09901943470246e-08,True
7265,36,6.324555162531218e-08,True
7266,30,1.999999943436162e-08,True
7267,12,4.5825755508155196e-08,True
7268,32,3.999999975690136e-08,True
7269,20,6.633249707769836e-08,True
7270,23,1.999999741167402e-08,True
7271,10,4.3588989781782235e-08,True
7272,24,1.601802139538882e-14,True
7273,39,5.385163669373241e-08,True
7274,24,2.828427136995862e-08,True
7275,24,1.999999965641273e-08,True
7276,28,4.0000003753704626e-08,True
7277,40,7.483313802303168e-08,True
7278,10,1.831026719408895e-15,True
7279,34,4.898979344180994e-08,True
7280,42,7.483313533772287e-08,True
7281,11,1.4142135650633e-08,True
7282,16,3.999999798054438e-08,True
7283,14,3.464101541203323e-08,True
7284,46,1.1489118922812653e-07,True
7285,36,4.898979010479036e-08,True
7286,28,4.000000797255179e-08,True
7287,28,5.6568537126834737e-08,True
7288,16,2.8284271703602093e-08,True
7289,18,4.000000197734771e-08,True
7290,36,4.00000192968341e-08,True
7291,10,3.464101414608261e-08,True
7292,10,2.8435583831733384e-15,True
7293,10,1.7320508290917683e-08,True
7294,10,1.7320508996003995e-08,True
7295,48,6.928202624100553e-08,True
7296,28,5.6568533358613985e-08,True
7297,34,4.690416015358416e-08,True
7298,41,7.810249076278379e-08,True
7299,10,1.900395703982448e-15,True
7300,32,8.944273365021378e-08,True
7301,32,5.656854152309452e-08,True
7302,16,2.828427087439706e-08,True
7303,12,2.0000000058862242e-08,True
7304,10,3.4641017671514196e-08,True
7305,24,3.3166248907068664e-08,True
7306,16,5.656854372122268e-08,True
7307,28,5.6568534614686674e-08,True
7308,12,4.472135967540852e-08,True
7309,22,4.123105714998793e-08,True
7310,24,8.944272044313245e-08,True
7311,10,2.482534153247273e-16,True
7312,4,1.4142135537782539e-08,True
7313,18,3.464101401788554e-08,True
7314,32,7.348468932326416e-08,True
7315,10,1.7320507329436327e-08,True
7316,42,8.717800202833785e-08,True
7317,20,4.000000020099043e-08,True
7318,36,6.00000073328988e-08,True
7319,20,1.414213035647791e-08,True
7320,36,6.633249510270418e-08,True
7321,32,6.928203777878619e-08,True
7322,26,5.365986230559654e-15,True
7323,16,4.4721358930648905e-08,True
7324,23,2.4494902355328105e-08,True
7325,38,2.8284273901733512e-08,True
7326,10,2.4494897641562093e-08,True
7327,18,2.8284277041916407e-08,True
7328,16,3.4641018184304375e-08,True
7329,40,5.6568544349268254e-08,True
7330,22,6.000000022747199e-08,True
7331,12,3.162277935859742e-08,True
7332,10,1.355199909595506e-15,True
7333,28,5.656853681281635e-08,True
7334,16,3.4641015876749034e-08,True
7335,11,3.741657506088645e-08,True
7336,20,3.464101662990997e-08,True
7337,8,2.000000032253979e-08,True
7338,9,1.732050747566178e-08,True
7339,10,4.6151104473205536e-15,True
7340,18,5.477225544804453e-08,True
7341,38,6.928202931774581e-08,True
7342,10,1.7320507906325146e-08,True
7343,15,2.8284273273694932e-08,True
7344,22,2.8284268563417166e-08,True
7345,20,3.999999703685534e-08,True
7346,24,3.464101671003341e-08,True
7347,52,1.4560218584440563e-07,True
7348,36,8.944271721583791e-08,True
7349,36,8.717798817251542e-08,True
7350,10,1.7320508996003995e-08,True
7351,42,9.165150064713766e-08,True
7352,40,6.928203752238624e-08,True
7353,35,1.0535654611931347e-07,True
7354,28,6.928203793902844e-08,True
7355,30,3.000000164029697e-08,True
7356,16,3.9999998202589635e-08,True
7357,28,6.633249537050007e-08,True
7358,18,4.000000286552571e-08,True
7359,20,4.898979492052686e-08,True
7360,10,1.99999998784506e-08,True
7361,20,3.16227752860306e-08,True
7362,36,1.5131651520584218e-14,True
7363,16,4.4721360668422196e-08,True
7364,16,2.828427131107921e-08,True
7365,16,2.8284269191454142e-08,True
7366,24,4.898979555507221e-08,True
7367,20,3.999999798054525e-08,True
7368,52,1.0770327666542308e-07,True
7369,8,1.7320507457633864e-08,True
7370,10,1.041481514324134e-15,True
7371,10,3.1622775935534783e-08,True
7372,12,1.0000001715582378e-08,True
7373,10,2.8887141192996264e-15,True
7374,12,2.8284266679306367e-08,True
7375,20,4.47213574163027e-08,True
7376,10,1.732050662435001e-08,True
7377,10,1.831026719408895e-15,True
7378,40,1.0392304987370391e-07,True
7379,10,5.978733960281817e-16,True
7380,10,2.5121479338940403e-15,True
7381,10,1.7320505662868745e-08,True
7382,46,9.63994935285512e-15,True
7383,12,1.9999999878450604e-08,True
7384,8,3.464101645363783e-08,True
7385,28,5.6568545291315296e-08,True
7386,18,5.477225465752208e-08,True
7387,14,2.8284273273694604e-08,True
7388,14,3.4641016710032995e-08,True
7389,52,7.483313250404741e-08,True
7390,30,4.123104615036423e-08,True
7391,42,6.324554985235056e-08,True
7392,46,6.92820229078697e-08,True
7393,44,8.000001106013481e-08,True
7394,10,1.7320507970423898e-08,True
7395,9,3.000000144600299e-08,True
7396,30,4.000000286552593e-08,True
7397,10,1.7320506880745032e-08,True
7398,32,3.605551587645092e-08,True
7399,12,2.8284272802666772e-08,True
7400,24,2.828427876901815e-08,True
7401,14,3.999999886872277e-08,True
7402,28,3.999999975690136e-08,True
7403,14,4.690415589297358e-08,True
7404,18,6.633249446668864e-08,True
7405,28,8.944270783185926e-08,True
7406,16,4.8989793288839003e-08,True
7407,7,2.449489727896478e-08,True
7408,39,4.582574678641847e-08,True
7409,40,6.928199752476628e-08,True
7410,24,5.6568538971693255e-08,True
7411,10,3.4641017799711706e-08,True
7412,20,4.3588988336345074e-08,True
7413,36,2.449489251988163e-08,True
7414,10,3.4641015171662775e-08,True
7415,24,1.0262359004386666e-14,True
7416,9,9.9999994951361e-09,True
7417,22,4.472136265445056e-08,True
7418,28,4.4721368413931e-08,True
7419,14,2.4494899596188404e-08,True
7420,18,5.3851654423752465e-08,True
7421,28,9.797958014157537e-08,True
7422,8,2.8284271978368245e-08,True
7423,10,3.4641016651693125e-08,True
7424,12,4.898979473922822e-08,True
7425,10,1.732050925239903e-08,True
7426,10,3.464101844069931e-08,True
7427,20,4.00000007838576e-08,True
7428,10,2.8284272959676035e-08,True
7429,10,1.7320510662571657e-08,True
7430,10,3.4641016966427877e-08,True
7431,10,1.7320506816646284e-08,True
7432,10,1.472877282518059e-15,True
7433,20,2.0000004319345204e-08,True
7434,12,9.999999939225598e-09,True
7435,14,5.0990195958246224e-08,True
7436,14,2.999999804131907e-08,True
7437,14,3.7416570613802146e-08,True
7438,10,1.732050777812762e-08,True
7439,10,1.900395703982448e-15,True
7440,10,1.7320508611411455e-08,True
7441,10,3.4641014402477634e-08,True
7442,10,3.464101901758807e-08,True
7443,10,5.1961524616357976e-08,True
7444,10,1.7320507201238847e-08,True
7445,20,3.605551618437129e-08,True
7446,10,2.8284272450622608e-08,True
7447,12,2.4494897188315477e-08,True
7448,30,9.380831932929133e-08,True
7449,10,3.464101594084779e-08,True
7450,14,3.999999959513827e-08,True
7451,20,4.000000908277473e-08,True
7452,6,1.732050758583135e-08,True
7453,26,3.464101879324355e-08,True
7454,28,6.928203008693046e-08,True
7455,13,2.99999984113934e-08,True
7456,30,1.7320507420330755e-08,True
7457,24,6.362265728429862e-15,True
7458,10,2.8284271703602057e-08,True
7459,20,2.000000076662909e-08,True
7460,9,3.872983322669474e-08,True
7461,36,5.291502758869242e-08,True
7462,6,1.9999999434361374e-08,True
7463,11,1.0000000605359194e-08,True
7464,15,3.872983458115554e-08,True
7465,10,3.60555133976909e-08,True
7466,20,4.000000143405352e-08,True
7467,12,2.4494896100523477e-08,True
7468,17,2.645751173293923e-08,True
7469,10,2.999999981767587e-08,True
7470,18,4.000000172754714e-08,True
7471,28,6.928203171343641e-08,True
7472,6,3.0000000409794815e-08,True
7473,4,8.881784197001252e-16,True
7474,36,7.211102516340617e-08,True
7475,14,4.123105579018117e-08,True
7476,5,1.0000000050247598e-08,True
7477,16,3.85217993109144e-16,True
7478,36,3.4641013793539647e-08,True
7479,3,0.0,True
7480,20,6.928203342006573e-08,True
7481,21,3.31662475680897e-08,True
7482,37,2.4494890253643976e-08,True
7483,20,6.633249668855787e-08,True
7484,23,3.99999999789458e-08,True
7485,42,6.633249968871003e-08,True
7486,16,2.8284271389583937e-08,True
7487,20,4.4721356075734084e-08,True
7488,16,6.928203342006571e-08,True
7489,20,6.928203260280664e-08,True
7490,5,1.7320507970423888e-08,True
7491,30,8.246211598795347e-08,True
7492,10,4.8989794512604876e-08,True
7493,13,3.0000002038121947e-08,True
7494,20,4.242640311007887e-08,True
7495,6,2.8284271075565064e-08,True
7496,6,2.000000010049519e-08,True
7497,11,2.999999922555695e-08,True
7498,18,2.8284272645657572e-08,True
7499,14,2.449489906928907e-08,True
7500,11,3.316624646343127e-08,True
7501,11,2.2360680234909823e-08,True
7502,14,5.4772255417639945e-08,True
7503,2,0.0,True
7504,30,7.071067809615558e-08,True
7505,4,0.0,True
7506,22,3.4641015043465225e-08,True
7507,38,8.94427237200772e-08,True
7508,10,3.162277700085332e-08,True
7509,2,0.0,True
7510,10,6.280369834735101e-16,True
7511,10,1.7320507970423888e-08,True
7512,14,4.898979165715114e-08,True
7513,4,0.0,True
7514,6,2.828427091855582e-08,True
7515,15,5.385165335170348e-08,True
7516,6,1.4142135537782539e-08,True
7517,8,3.316624776109047e-08,True
7518,15,6.244997755999981e-08,True
7519,18,2.828427057509824e-08,True
7520,14,3.464100671062688e-08,True
7521,12,2.8284272959676505e-08,True
7522,20,6.928202739478262e-08,True
7523,8,1.0000000383314503e-08,True
7524,10,1.732050668844886e-08,True
7525,18,1.4142136165819721e-08,True
7526,10,1.7320508867806482e-08,True
7527,14,2.449489963584743e-08,True
7528,7,1.4142135266772943e-08,True
7529,18,6.000000002392985e-08,True
7530,8,1.732050591926375e-08,True
7531,8,3.316624716639535e-08,True
7532,14,3.464101658183542e-08,True
7533,9,2.0000000322540062e-08,True
7534,14,2.0000002320941334e-08,True
7535,8,4.6904157579463526e-08,True
7536,10,9.935226443051352e-16,True
7537,16,2.645751450246317e-08,True
7538,20,7.211102169929828e-08,True
7539,10,3.464101645363783e-08,True
7540,8,1.999999987845058e-08,True
7541,18,6.324555424088254e-08,True
7542,8,2.828427125220047e-08,True
7543,10,3.4641016389539075e-08,True
7544,13,2.6457513956950915e-08,True
7545,10,1.732050867551021e-08,True
7546,9,1.7320507970423888e-08,True
7547,14,2.000000254298594e-08,True
7548,10,1.0536156889230545e-15,True
7549,12,3.31662470994464e-08,True
7550,13,3.9999999267709253e-08,True
7551,9,3.46410151716627e-08,True
7552,18,4.000000641824078e-08,True
7553,10,4.335559509131367e-15,True
7554,18,5.65685346146865e-08,True
7555,18,3.999999909076735e-08,True
7556,16,3.464101505147757e-08,True
7557,10,3.4641016966427877e-08,True
7558,14,3.741657233477522e-08,True
7559,22,3.741657496074345e-08,True
7560,14,2.8284272174629793e-08,True
7561,18,3.4641017158724334e-08,True
7562,18,4.472136106562795e-08,True
7563,10,1.732050745763384e-08,True
7564,10,1.9999998990272386e-08,True
7565,5,1.000000038331458e-08,True
7566,10,1.7320508739609008e-08,True
7567,10,3.464101337689753e-08,True
7568,10,1.999999899027218e-08,True
7569,22,2.0000001765829736e-08,True
7570,24,3.464101696642819e-08,True
7571,14,2.828426919145447e-08,True
7572,10,1.7320509444695284e-08,True
7573,12,2.8284271075566533e-08,True
7574,13,3.464101805610676e-08,True
7575,14,6.000000352113241e-08,True
7576,8,3.464101645363783e-08,True
7577,16,7.483314784375438e-08,True
7578,12,2.000000121071825e-08,True
7579,22,4.8989794195332314e-08,True
7580,7,1.732050833899177e-08,True
7581,16,4.8989794920526824e-08,True
7582,14,2.000000137725187e-08,True
7583,10,1.3414875847488985e-15,True
7584,12,3.999999909076786e-08,True
7585,28,5.656854686140767e-08,True
7586,9,2.2360680036307645e-08,True
7587,8,2.000000032254015e-08,True
7588,16,2.000000121071826e-08,True
7589,16,2.8284271782107075e-08,True
7590,10,1.9999998546182987e-08,True
7591,16,2.8284271036312985e-08,True
7592,6,2.8284271075565064e-08,True
7593,24,3.464101286410749e-08,True
7594,12,3.4641018504798084e-08,True
7595,10,3.4641014530675145e-08,True
7596,20,5.291502759918299e-08,True
7597,10,1.732050732943633e-08,True
7598,12,4.898979455792967e-08,True
7599,20,5.2915025536464544e-08,True
7600,15,4.242640703203919e-08,True
7601,8,3.7155169009665e-15,True
7602,13,3.3166247132920874e-08,True
7603,20,5.000000295463122e-08,True
7604,10,2.8284271546592803e-08,True
7605,14,2.4494897732211605e-08,True
7606,12,3.316625198672103e-08,True
7607,14,3.464101722282302e-08,True
7608,10,1.7320508996004558e-08,True
7609,10,1.472877282518059e-15,True
7610,12,2.449489764156248e-08,True
7611,8,1.7320508739608962e-08,True
7612,10,3.464101606904529e-08,True
7613,12,2.8284270447528614e-08,True
7614,14,6.928202572821496e-08,True
7615,16,3.605551696956892e-08,True
7616,16,2.645751389400718e-08,True
7617,6,2.000000032253979e-08,True
7618,20,2.0000001210718253e-08,True
7619,8,9.99999993922537e-09,True
7620,10,2.8284271075565067e-08,True
7621,12,3.741657731966415e-08,True
7622,22,5.999999896921793e-08,True
7623,10,3.4641012864107546e-08,True
7624,16,3.9999998896478436e-08,True
7625,15,3.1622776567484804e-08,True
7626,14,4.358898947613912e-08,True
7627,18,3.464101469092206e-08,True
7628,10,5.196152262929655e-08,True
7629,14,3.464102517106867e-08,True
7630,16,4.898978830312591e-08,True
7631,16,6.928203085611546e-08,True
7632,16,4.898979220104736e-08,True
7633,8,3.8266474299528865e-15,True
7634,8,3.464101722282293e-08,True
7635,14,3.464101799200808e-08,True
7636,10,1.7320510406176627e-08,True
7637,16,1.538370149106851e-15,True
7638,14,4.898979462591661e-08,True
7639,10,1.7320506944843794e-08,True
7640,22,7.483315066328635e-08,True
7641,14,8.485281147015428e-08,True
7642,10,3.464101613314404e-08,True
7643,10,5.1961524039469174e-08,True
7644,16,4.000000153325804e-08,True
7645,10,3.4641015876749034e-08,True
7646,10,1.732050777812764e-08,True
7647,14,3.999999620418748e-08,True
7648,10,1.732050662435001e-08,True
7649,10,1.0934428697813141e-15,True
7650,14,3.1622773319964044e-08,True
7651,10,3.464101440247763e-08,True
7652,10,4.577566798522237e-16,True
7653,10,1.7320506239757495e-08,True
7654,10,1.7320508996003995e-08,True
7655,10,1.7320504893683602e-08,True
7656,10,9.742167503148516e-16,True
7657,10,3.464101728692166e-08,True
7658,35,3.464101094114482e-08,True
7659,24,4.000000175530302e-08,True
7660,34,1.7320508226819295e-08,True
7661,20,7.483314870493698e-08,True
7662,10,1.732050745763384e-08,True
7663,10,5.196152301388908e-08,True
7664,14,3.464101901758807e-08,True
7665,36,6.928203008693041e-08,True
7666,16,2.8284276413879527e-08,True
7667,20,3.999999975690119e-08,True
7668,14,3.9999998521778086e-08,True
7669,10,1.3136335981433192e-15,True
7670,10,3.464101485116892e-08,True
7671,18,1.9999995437560454e-08,True
7672,14,3.464102004316827e-08,True
7673,10,5.1961525065049275e-08,True
7674,10,1.7320509444695284e-08,True
7675,10,1.7320510726670415e-08,True
7676,10,3.464101421018136e-08,True
7677,29,4.123106666863477e-08,True
7678,22,4.4721362654450084e-08,True
7679,22,4.358898927237706e-08,True
7680,10,1.732050540647364e-08,True
7681,28,4.472135967540946e-08,True
7682,14,6.928204059912644e-08,True
7683,30,7.483315241393181e-08,True
7684,26,8.485281610519832e-08,True
7685,20,3.1622773047874476e-08,True
7686,32,8.944271815920062e-08,True
7687,12,2.828427091855585e-08,True
7688,28,4.898979480721557e-08,True
7689,20,2.8284268563417395e-08,True
7690,10,8.671119018262734e-16,True
7691,34,1.9999999434361854e-08,True
7692,10,1.7320507073041304e-08,True
7693,28,8.000000217834074e-08,True
7694,12,4.242640666568402e-08,True
7695,28,8.944271100950278e-08,True
7696,10,1.4602703977091186e-15,True
7697,28,1.1313708587235336e-07,True
7698,28,4.123105747311133e-08,True
7699,10,2.5510982866352577e-15,True
7700,28,6.928203982994236e-08,True
7701,32,5.656853712683548e-08,True
7702,28,3.46410272222289e-08,True
7703,36,6.403123543112653e-08,True
7704,14,2.000000431934411e-08,True
7705,34,7.745966599473683e-08,True
7706,10,1.732050720123886e-08,True
7707,24,6.928203149710329e-08,True
7708,8,2.8284270530939254e-08,True
7709,40,3.741656740923324e-08,True
7710,10,3.4641015748551504e-08,True
7711,10,3.464101497936645e-08,True
7712,16,4.472136046981943e-08,True
7713,20,6.928202521542514e-08,True
7714,16,2.828427107556513e-08,True
7715,10,1.7320510213880358e-08,True
7716,26,1.9999994327335547e-08,True
7717,20,4.0000002865525776e-08,True
7718,29,1.7320495663465394e-08,True
7719,22,2.8284269348463445e-08,True
7720,16,2.4494897244971264e-08,True
7721,14,5.656854309318561e-08,True
7722,20,1.7320506944844247e-08,True
7723,10,5.19615237189754e-08,True
7724,28,1.385640477387022e-07,True
7725,28,5.656854152309379e-08,True
7726,20,5.6568544349259645e-08,True
7727,10,1.732050713714006e-08,True
7728,18,5.291502444150599e-08,True
7729,24,5.291502858530322e-08,True
7730,25,2.8284279868083463e-08,True
7731,12,2.589462819655575e-15,True
7732,14,3.4641017479217924e-08,True
7733,20,9.643650557326774e-08,True
7734,27,6.782329611654337e-08,True
7735,28,6.000001353164501e-08,True
7736,28,6.92820247191624e-08,True
7737,10,1.7320506880745032e-08,True
7738,30,6.324554739475741e-08,True
7739,20,3.4641016325441166e-08,True
7740,14,3.999999709236598e-08,True
7741,40,3.99999930955671e-08,True
7742,28,5.656854152309321e-08,True
7743,10,1.7320509252399012e-08,True
7744,10,1.7320509316497767e-08,True
7745,10,0.0,True
7746,28,4.000001796456136e-08,True
7747,20,5.744562735315259e-08,True
7748,26,4.0000001144681107e-08,True
7749,22,3.464101312050264e-08,True
7750,10,2.828427201762056e-08,True
7751,30,5.1961520220251706e-08,True
7752,10,0.0,True
7753,18,3.464100940277485e-08,True
7754,28,8.246211782739708e-08,True
7755,10,1.732050623975747e-08,True
7756,26,7.483313920991191e-08,True
7757,10,3.464101523576146e-08,True
7758,10,3.464101504346519e-08,True
7759,10,1.7320507970423898e-08,True
7760,26,6.928203194579436e-08,True
7761,20,4.4721360469819956e-08,True
7762,10,1.7320507201238847e-08,True
7763,28,4.898979093195636e-08,True
7764,30,3.999998510195836e-08,True
7765,22,1.9999995881649714e-08,True
7766,40,9.797957887248942e-08,True
7767,23,2.2360686788799958e-08,True
7768,10,1.732050777812764e-08,True
7769,10,3.4641015876749034e-08,True
7770,27,5.2915024892602905e-08,True
7771,32,5.656854450626904e-08,True
7772,28,7.745965879961199e-08,True
7773,16,5.656854262215796e-08,True
7774,10,1.0934428697813141e-15,True
7775,10,3.464101485116892e-08,True
7776,10,3.464101388968758e-08,True
7777,28,1.0198038743664323e-07,True
7778,10,1.7320508675510306e-08,True
7779,10,1.4261072965499199e-15,True
7780,10,3.464101555625524e-08,True
7781,26,3.4641019530378887e-08,True
7782,28,4.000000330961509e-08,True
7783,30,8.0000010030649e-08,True
7784,22,3.999998732240504e-08,True
7785,12,4.440892098500626e-16,True
7786,10,1.7320507714028878e-08,True
7787,18,3.316624629605917e-08,True
7788,28,5.656853492870556e-08,True
7789,28,3.162277679568902e-08,True
7790,10,3.464101587674902e-08,True
7791,10,1.3328706511225013e-15,True
7792,34,4.8989795611728096e-08,True
7793,28,4.4721354611039524e-08,True
7794,10,1.9133237149764433e-15,True
7795,28,5.6568542151130386e-08,True
7796,10,1.7320506944843804e-08,True
7797,12,3.2023728339893768e-15,True
7798,14,3.9999999756902e-08,True
7799,10,3.464101747921793e-08,True
7800,28,8.000001155972256e-08,True
7801,18,1.9999996769826155e-08,True
7802,24,3.999999709236618e-08,True
7803,26,4.000000797255427e-08,True
7804,34,1.0198039043863207e-07,True
7805,20,9.797959437936294e-08,True
7806,10,1.732050777812763e-08,True
7807,28,8.94427006821615e-08,True
7808,24,5.656853430066878e-08,True
7809,30,4.898979383273519e-08,True
7810,28,8.944271566115088e-08,True
7811,10,7.691850745534255e-16,True
7812,24,9.165151954423292e-08,True
7813,10,1.7320511047164194e-08,True
7814,10,1.73205100215841e-08,True
7815,33,1.0246949776236576e-07,True
7816,28,3.999998821058296e-08,True
7817,30,3.162278553766626e-08,True
7818,36,9.797959890598694e-08,True
7819,12,4.000000108916881e-08,True
7820,16,4.472135937750443e-08,True
7821,25,4.242640629933059e-08,True
7822,10,1.7320507714028878e-08,True
7823,28,6.928203167337541e-08,True
7824,10,5.19615237189754e-08,True
7825,14,9.99999771877929e-09,True
7826,24,4.123105912911278e-08,True
7827,14,4.4721357292175815e-08,True
7828,9,3.872983299736805e-08,True
7829,10,1.4043333874306805e-15,True
7830,18,6.633250534171176e-08,True
7831,32,8.944271100950413e-08,True
7832,28,4.641762172585248e-15,True
7833,14,5.291502624589282e-08,True
7834,20,2.0000002765030567e-08,True
7835,29,9.999992833802439e-09,True
7836,30,2.82842707615544e-08,True
7837,10,3.464101337689753e-08,True
7838,10,1.7320509316497767e-08,True
7839,24,5.656854215113023e-08,True
7840,20,4.000000153325815e-08,True
7841,28,1.2624394050009304e-14,True
7842,18,4.690416001156007e-08,True
7843,24,2.921068302113665e-15,True
7844,10,1.7320507073041304e-08,True
7845,10,1.732050803452266e-08,True
7846,22,7.483315167213269e-08,True
7847,10,5.196152538554306e-08,True
7848,24,8.944272034383066e-08,True
7849,26,7.999999679375615e-08,True
7850,28,4.000000597415437e-08,True
7851,10,3.464101446657639e-08,True
7852,36,8.944270505142119e-08,True
7853,20,2.5651393051838316e-15,True
7854,24,4.8989799815592013e-08,True
7855,10,2.8887141192996264e-15,True
7856,10,1.732050643205374e-08,True
7857,10,9.222205069512407e-16,True
7858,14,3.464101722282305e-08,True
7859,20,5.6568539638982806e-08,True
7860,20,6.928203720189235e-08,True
7861,30,4.4721372187384394e-08,True
7862,28,5.656854450626917e-08,True
7863,10,3.464101850479804e-08,True
7864,20,3.9999999756901174e-08,True
7865,29,1.570092458683775e-14,True
7866,10,1.7320508996003995e-08,True
7867,10,5.19615237189754e-08,True
7868,20,5.477225667436796e-08,True
7869,24,5.922743283907308e-15,True
7870,10,1.732050662435001e-08,True
7871,26,2.8284270545658923e-08,True
7872,26,7.211102950508215e-08,True
7873,32,7.999998286045764e-08,True
7874,10,1.7320507265337572e-08,True
7875,30,4.898980507325344e-08,True
7876,25,3.316625536764487e-08,True
7877,28,1.1357816384431072e-07,True
7878,14,2.8284272628484684e-08,True
7879,30,5.656854202356086e-08,True
7880,10,3.464101331279878e-08,True
7881,24,4.0000012191399295e-08,True
7882,28,3.999999931281267e-08,True
7883,24,7.211103276903885e-08,True
7884,14,6.9282036496806e-08,True
7885,10,1.7320509957485335e-08,True
7886,23,5.000000276034218e-08,True
7887,22,3.7416578625231356e-08,True
7888,14,2.8284272331639062e-08,True
7889,8,2.6457513616005652e-08,True
7890,28,6.928204111191751e-08,True
7891,20,5.6568546390379767e-08,True
7892,30,4.4721369605546874e-08,True
7893,24,4.8989787305983405e-08,True
7894,10,1.7320509252399012e-08,True
7895,10,3.4641021581538374e-08,True
7896,24,3.7416572275431536e-08,True
7897,10,3.4641016774131605e-08,True
7898,10,1.732050848321397e-08,True
7899,24,2.828426919145442e-08,True
7900,24,2.8284277355935804e-08,True
7901,36,4.47213578879841e-08,True
7902,26,5.656854215113128e-08,True
7903,24,5.999999386219313e-08,True
7904,22,5.999999985739635e-08,True
7905,29,2.828426636529489e-08,True
7906,30,1.3266496836749207e-07,True
7907,10,1.7320506752547535e-08,True
7908,30,4.4721348950860994e-08,True
7909,10,3.464101388968763e-08,True
7910,10,3.464101542805774e-08,True
7911,14,2.000000165480752e-08,True
7912,28,3.999998643422541e-08,True
7913,30,7.48331529776987e-08,True
7914,10,1.7320509508794036e-08,True
7915,30,6.324555106357798e-08,True
7916,10,3.464101728692166e-08,True
7917,24,4.8989794920527446e-08,True
7918,28,5.385165067158143e-08,True
7919,20,4.261384851504591e-15,True
7920,10,3.4641017415119175e-08,True
7921,22,6.32455575937284e-08,True
7922,10,3.4641015748551524e-08,True
7923,24,5.656854898103247e-08,True
7924,28,4.000000330961498e-08,True
7925,24,2.828427547182408e-08,True
7926,20,9.999994166065966e-09,True
7927,10,2.482534153247273e-16,True
7928,29,4.690417710132628e-08,True
7929,10,1.732050925239903e-08,True
7930,22,4.472136305165507e-08,True
7931,28,9.797957986962769e-08,True
7932,10,1.0706603116298291e-15,True
7933,10,1.7320507970423888e-08,True
7934,24,2.8284262911085967e-08,True
7935,33,2.4494896599095947e-08,True
7936,24,5.656853587076057e-08,True
7937,16,1.9999998102093943e-08,True
7938,18,2.236067884469103e-08,True
7939,10,1.732050771402887e-08,True
7940,26,6.000000629669021e-08,True
7941,10,1.7320506944843794e-08,True
7942,28,8.717795928923537e-08,True
7943,28,3.99999953160091e-08,True
7944,24,5.687116766346677e-15,True
7945,42,9.591663165428129e-08,True
7946,40,1.1282837789317047e-14,True
7947,10,1.7320509508794036e-08,True
7948,30,7.745966100688084e-08,True
7949,14,4.4721361015977046e-08,True
7950,23,3.741657464918807e-08,True
7951,20,1.9999999989472893e-08,True
7952,20,1.338175718974043e-14,True
7953,10,4.577566798522237e-16,True
7954,10,1.7320509508794036e-08,True
7955,28,5.6568545526829055e-08,True
7956,28,1.131370717415208e-07,True
7957,24,5.656853775487194e-08,True
7958,10,1.7320508739608962e-08,True
7959,32,5.999999208583585e-08,True
7960,10,1.7320507970423898e-08,True
7961,16,4.0000000423035035e-08,True
7962,32,9.797958712157401e-08,True
7963,10,5.196152647522191e-08,True
7964,16,1.9999998990272654e-08,True
7965,16,7.745966876994753e-08,True
7966,10,1.7320507073041304e-08,True
7967,10,1.7320503675807246e-08,True
7968,26,3.46410105565539e-08,True
7969,28,3.999999043102943e-08,True
7970,36,4.472136285305222e-08,True
7971,16,1.848196242114241e-15,True
7972,10,5.1961525641938084e-08,True
7973,10,2.082963028648268e-15,True
7974,25,4.6904162236542976e-08,True
7975,10,1.732051104716419e-08,True
7976,32,8.944271359133854e-08,True
7977,14,3.464101752729202e-08,True
7978,24,4.8989788121827123e-08,True
7979,10,3.464101491526768e-08,True
7980,18,2.8284270133509674e-08,True
7981,11,3.1622777497855695e-08,True
7982,14,4.472135974988455e-08,True
7983,10,1.7320509252399012e-08,True
7984,10,3.4641015940847776e-08,True
7985,10,3.196594111384947e-15,True
7986,16,2.0000000100495242e-08,True
7987,23,4.358900098869951e-08,True
7988,26,2.4494882480477475e-08,True
7989,32,8.48528073650184e-08,True
7990,10,1.7320509316497847e-08,True
7991,21,4.898979818390288e-08,True
7992,10,3.4641016133144054e-08,True
7993,10,2.9226502509445547e-15,True
7994,28,5.6568546547390585e-08,True
7995,32,6.928202124130287e-08,True
7996,24,5.656853744085506e-08,True
7997,18,3.464101773561332e-08,True
7998,10,2.8284272174629816e-08,True
7999,10,3.3306690738754696e-16,True
8000,26,4.898979020676193e-08,True
8001,10,3.464101920988436e-08,True
8002,20,4.8989796733513524e-08,True
8003,28,5.65685434072045e-08,True
8004,20,4.4721359936074684e-08,True
8005,18,3.9999999756901406e-08,True
8006,14,1.999999987845059e-08,True
8007,10,1.732050803452266e-08,True
8008,10,3.46410170946254e-08,True
8009,24,5.291502380157894e-08,True
8010,28,1.0198038969561951e-07,True
8011,28,3.999999731441073e-08,True
8012,27,4.123106279789778e-08,True
8013,10,8.881784197001252e-16,True
8014,10,1.7320508226818928e-08,True
8015,10,8.3820000221454525e-16,True
8016,27,3.464102209432846e-08,True
8017,26,3.4641008248997036e-08,True
8018,24,6.633249839157189e-08,True
8019,14,2.236068135515337e-08,True
8020,10,3.464101626134156e-08,True
8021,10,1.7320506688448764e-08,True
8022,10,3.464101728692166e-08,True
8023,24,2.828428300826842e-08,True
8024,10,3.464101421018136e-08,True
8025,10,3.4641017286921665e-08,True
8026,10,1.7320508290917683e-08,True
8027,10,1.7320508483213938e-08,True
8028,30,6.928203457384342e-08,True
8029,30,5.385166341247377e-08,True
8030,28,5.656854434926027e-08,True
8031,34,1.0954452109180178e-07,True
8032,18,8.717797640525188e-08,True
8033,10,1.732050572696742e-08,True
8034,23,4.472135972195617e-08,True
8035,24,6.00000067407792e-08,True
8036,44,8.246211047972677e-08,True
8037,28,6.928202957414065e-08,True
8038,26,6.633250906156361e-08,True
8039,10,9.222205069512407e-16,True
8040,32,3.6055503913741794e-08,True
8041,16,5.656853775487134e-08,True
8042,33,2.4494905256108553e-08,True
8043,10,3.464101747921793e-08,True
8044,16,1.732050906010276e-08,True
8045,10,1.7483809675615383e-15,True
8046,24,5.999998660873583e-08,True
8047,28,8.062258062844834e-08,True
8048,10,1.6616296724220897e-15,True
8049,10,0.0,True
8050,10,3.4641014081983846e-08,True
8051,30,4.4721363647463886e-08,True
8052,16,3.4641015043465205e-08,True
8053,25,2.999998545879336e-08,True
8054,10,1.8209011484034673e-15,True
8055,28,3.4641021581538744e-08,True
8056,12,4.472135848379213e-08,True
8057,22,1.999999543755911e-08,True
8058,27,3.464102363269852e-08,True
8059,24,4.8989799996890595e-08,True
8060,10,1.732050643205374e-08,True
8061,10,3.464101574855152e-08,True
8062,19,3.3166250045201186e-08,True
8063,20,6.000000703683897e-08,True
8064,30,6.000000629669236e-08,True
8065,20,1.9999995437558796e-08,True
8066,10,1.732050803452266e-08,True
8067,30,3.464101504347574e-08,True
8068,10,1.732050803452266e-08,True
8069,10,1.8209011484034673e-15,True
8070,28,4.0000020212767093e-08,True
8071,10,1.732050912420151e-08,True
8072,32,6.928204752179691e-08,True
8073,28,5.6568538539917614e-08,True
8074,24,6.324555071249531e-08,True
8075,26,2.0000002098899757e-08,True
8076,22,5.99999978589949e-08,True
8077,14,1.999999987845139e-08,True
8078,32,5.6568542465150255e-08,True
8079,14,2.8284270604537328e-08,True
8080,30,7.211102356606628e-08,True
8081,28,4.123105207427401e-08,True
8082,10,1.7320507265337592e-08,True
8083,24,4.4721356100559594e-08,True
8084,28,4.0000008638688594e-08,True
8085,16,2.000000032253995e-08,True
8086,22,4.8989795464423104e-08,True
8087,20,4.8989797458708154e-08,True
8088,32,8.944272530889932e-08,True
8089,24,8.000000454103139e-08,True
8090,18,6.000000363215474e-08,True
8091,20,3.4641013633292706e-08,True
8092,10,3.464101363329257e-08,True
8093,10,9.742167503148516e-16,True
8094,26,4.8989791951762166e-08,True
8095,36,5.656856727261003e-08,True
8096,30,4.472136325025806e-08,True
8097,10,5.196152589833311e-08,True
8098,12,3.8968670012594065e-15,True
8099,30,4.8989793470138485e-08,True
8100,10,5.1961525257345547e-08,True
8101,30,8.71779735525837e-08,True
8102,20,1.999999788004932e-08,True
8103,28,4.000000131121414e-08,True
8104,28,3.999999798054768e-08,True
8105,14,3.46410170946254e-08,True
8106,10,1.732050797042389e-08,True
8107,14,3.464101475502082e-08,True
8108,10,1.73205100215841e-08,True
8109,28,6.557438637831314e-08,True
8110,16,4.8989795645721626e-08,True
8111,10,3.464101645363783e-08,True
8112,10,1.7320507970423898e-08,True
8113,22,6.633249862589333e-08,True
8114,10,1.732050938059653e-08,True
8115,10,3.464101388968758e-08,True
8116,28,5.291503226226467e-08,True
8117,30,4.358898326139565e-08,True
8118,10,1.7320509252399012e-08,True
8119,10,1.7320508034522646e-08,True
8120,10,1.732050848321395e-08,True
8121,27,2.4494903080523185e-08,True
8122,28,3.316624132509883e-08,True
8123,18,5.656854215113013e-08,True
8124,10,5.196152615472814e-08,True
8125,10,3.4641013761490064e-08,True
8126,32,5.2915025396156964e-08,True
8127,28,6.928203726599136e-08,True
8128,11,1.7320509284448436e-08,True
8129,20,8.50123682013728e-15,True
8130,20,2.8284267935380243e-08,True
8131,20,3.9999999312812024e-08,True
8132,10,1.7483809675615383e-15,True
8133,10,7.021666937153402e-16,True
8134,30,9.38083130759645e-08,True
8135,18,3.4641018745168525e-08,True
8136,20,5.656854466327813e-08,True
8137,24,4.0000000423035313e-08,True
8138,10,1.7320506944843814e-08,True
8139,24,1.5551075256354276e-14,True
8140,10,3.464101613314404e-08,True
8141,10,7.021666937153402e-16,True
8142,18,6.00000052604818e-08,True
8143,28,5.6568544663278886e-08,True
8144,10,1.7377739072730912e-15,True
8145,28,5.999999430628265e-08,True
8146,29,2.0000007427967198e-08,True
8147,10,3.4641014594773906e-08,True
8148,12,1.9999999434361374e-08,True
8149,10,3.464101703052663e-08,True
8150,10,8.308148362110449e-16,True
8151,28,5.656854607636187e-08,True
8152,14,3.076740298213702e-15,True
8153,10,1.7320509252399012e-08,True
8154,14,4.8989793470137644e-08,True
8155,22,6.63325007598916e-08,True
8156,10,5.196152186011146e-08,True
8157,10,1.732050803452266e-08,True
8158,24,2.8284273744723773e-08,True
8159,10,7.021666937153402e-16,True
8160,10,1.7320508996003995e-08,True
8161,24,2.8284272645657542e-08,True
8162,18,3.4641019145786e-08,True
8163,16,4.4721358682395136e-08,True
8164,10,9.678699938266253e-16,True
8165,32,7.211103159894123e-08,True
8166,22,5.291502958191065e-08,True
8167,36,9.797960380105075e-08,True
8168,54,6.633250397344379e-08,True
8169,36,4.898979492052837e-08,True
8170,59,9.899494248411727e-08,True
8171,28,4.898979927169487e-08,True
8172,36,6.928202675379532e-08,True
8173,8,9.99999993922531e-09,True
8174,34,3.9999986434225574e-08,True
8175,54,3.4641032862920787e-08,True
8176,40,3.9999992207385686e-08,True
8177,48,6.928199598639298e-08,True
8178,58,6.633255030213964e-08,True
8179,30,8.717797446951195e-08,True
8180,40,8.000001017194612e-08,True
8181,36,6.403123279563234e-08,True
8182,35,6.928202290786968e-08,True
8183,28,5.999999874717401e-08,True
8184,36,6.928203418925202e-08,True
8185,27,5.099019574051365e-08,True
8186,34,4.8989787396634036e-08,True
8187,4,9.99999993922529e-09,True
8188,34,3.464101478707563e-08,True
8189,28,4.0000006196196166e-08,True
8190,32,9.797959256053411e-08,True
8191,24,1.1313707833590908e-07,True
8192,40,1.3266498983718856e-07,True
8193,36,5.291502174541683e-08,True
8194,42,3.8729860258594115e-08,True
8195,32,4.000000553006233e-08,True
8196,38,5.6568535242724434e-08,True
8197,36,6.928202675379962e-08,True
8198,40,4.8989786218191805e-08,True
8199,28,6.928202854856022e-08,True
8200,40,4.000000153327854e-08,True
8201,34,2.0000014311350083e-08,True
8202,32,1.0583006323942757e-07,True
8203,58,1.1832158976342963e-07,True
8204,40,1.4142138677976976e-08,True
8205,36,5.65685528277627e-08,True
8206,36,4.000000242144053e-08,True
8207,30,6.324556096412838e-08,True
8208,28,5.656854529131508e-08,True
8209,48,7.999999515617731e-08,True
8210,34,8.485281521547918e-08,True
8211,36,5.656852802030631e-08,True
8212,40,1.9999997435962064e-08,True
8213,28,8.246210705664952e-08,True
8214,38,4.898980108468282e-08,True
8215,42,1.6248078456343678e-07,True
8216,38,2.8284250978387323e-08,True
8217,44,5.6568536420293175e-08,True
8218,48,9.797960543273888e-08,True
8219,32,7.681145335142412e-08,True
8220,28,4.472136116492927e-08,True
8221,40,6.782329634162698e-08,True
8222,32,9.797958440209878e-08,True
8223,36,5.656855596794455e-08,True
8224,54,4.89897969148134e-08,True
8225,58,3.464104927220657e-08,True
8226,38,5.2915028207639556e-08,True
8227,28,6.324555450419469e-08,True
8228,44,7.999999840358042e-08,True
8229,36,5.656854497729729e-08,True
8230,58,9.380829843605183e-08,True
8231,10,1.7320506560251257e-08,True
8232,16,5.099019527204817e-08,True
8233,10,1.732050918830028e-08,True
8234,20,3.9999999978945865e-08,True
8235,11,1.000000038331459e-08,True
8236,18,4.472135957610823e-08,True
8237,12,1.732050976518929e-08,True
8238,20,6.000000056053769e-08,True
8239,20,5.291502554302123e-08,True
8240,10,5.196152134732142e-08,True
8241,34,6.633249855057578e-08,True
8242,10,1.6504651808933464e-15,True
8243,20,4.89897937420859e-08,True
8244,12,2.82842704475281e-08,True
8245,14,4.898979591766948e-08,True
8246,9,1.7320508739608975e-08,True
8247,7,1.4142135577034843e-08,True
8248,20,9.165151856303834e-08,True
8249,10,1.9999998358832918e-08,True
8250,14,2.828427641388061e-08,True
8251,4,0.0,True
8252,20,5.567764360460218e-08,True
8253,14,4.2426406927366124e-08,True
8254,20,3.9999993983741605e-08,True
8255,16,2.8284271075565206e-08,True
8256,24,3.999999398374177e-08,True
8257,21,2.4494888395331336e-08,True
8258,20,2.8284275652139595e-08,True
8259,18,2.8284273587713597e-08,True
8260,36,5.9160779476575877e-08,True
8261,18,2.000000143276396e-08,True
8262,16,3.464101352112219e-08,True
8263,10,5.438959822042073e-16,True
8264,48,6.928203854796628e-08,True
8265,36,9.797959092884657e-08,True
8266,18,3.4641014594773906e-08,True
8267,27,5.196152621882689e-08,True
8268,58,6.928203094425776e-08,True
8269,10,2.000000032253984e-08,True
8270,18,2.8284271075565997e-08,True
8271,4,1.4142135537782532e-08,True
8272,14,2.828426962322961e-08,True
8273,10,3.316624676470155e-08,True
8274,20,3.605551635372756e-08,True
8275,10,5.1961529808357235e-08,True
8276,9,1.732050643205374e-08,True
8277,8,1.7320506944843804e-08,True
8278,20,4.8989795362442806e-08,True
8279,8,1.999999854618299e-08,True
8280,24,2.828427484378734e-08,True
8281,46,3.4641020299564305e-08,True
8282,41,5.2915023570784565e-08,True
8283,10,3.4641015940847796e-08,True
8284,16,3.46410172548723e-08,True
8285,10,2.8284271389583603e-08,True
8286,10,8.308148362110449e-16,True
8287,18,4.000000020099077e-08,True
8288,16,2.0000002987075288e-08,True
8289,12,3.2953244754398602e-15,True
8290,20,4.472136126423067e-08,True
8291,8,4.000000003445701e-08,True
8292,14,4.898979528312418e-08,True
8293,8,2.4494897358282918e-08,True
8294,18,2.0000003431164613e-08,True
8295,40,5.6568544977296816e-08,True
8296,40,1.199999862440875e-07,True
8297,20,2.8284269034445045e-08,True
8298,18,5.999999045750817e-08,True
8299,44,8.508056560887265e-14,True
8300,23,5.1961522324827565e-08,True
8301,10,1.732050463728859e-08,True
8302,12,5.656854234739172e-08,True
8303,22,1.999999055258056e-08,True
8304,21,6.000000407624399e-08,True
8305,20,3.9999995316009705e-08,True
8306,14,6.730369402342474e-16,True
8307,28,5.656854183711228e-08,True
8308,26,2.4494895012731678e-08,True
8309,21,6.403124403657386e-08,True
8310,11,2.645751311770114e-08,True
8311,14,3.000000307433008e-08,True
8312,32,9.797958210186723e-08,True
8313,18,3.464101757536609e-08,True
8314,20,5.656855314177835e-08,True
8315,4,9.999999717180705e-09,True
8316,20,1.0293390128256926e-14,True
8317,6,2.220446049250313e-16,True
8318,7,9.227424496649089e-16,True
8319,7,1.7320507842226408e-08,True
8320,22,8.485281825099112e-08,True
8321,42,7.280108448890875e-08,True
8322,24,3.464101985087338e-08,True
8323,12,4.242640724629113e-08,True
8324,20,5.999999874254783e-08,True
8325,10,7.364386412590295e-16,True
8326,9,1.7320507201238814e-08,True
8327,10,1.7320507778127636e-08,True
8328,10,2.6084334968580714e-15,True
8329,15,2.2360680458338228e-08,True
8330,10,2.828426691482033e-08,True
8331,24,5.656854717542623e-08,True
8332,24,4.898978948156883e-08,True
8333,42,6.000000703684091e-08,True
8334,20,3.464101268783633e-08,True
8335,6,0.0,True
8336,18,3.464101351310879e-08,True
8337,10,1.7320506944843794e-08,True
8338,20,9.380831455534179e-08,True
8339,20,4.0000012191402134e-08,True
8340,4,1.4142134909745548e-08,True
8341,10,1.7320510983065445e-08,True
8342,36,6.324555148488006e-08,True
8343,22,5.656853963898339e-08,True
8344,10,1.7320506175659067e-08,True
8345,8,1.0000000161269895e-08,True
8346,34,4.472135471034507e-08,True
8347,32,7.211102334667496e-08,True
8348,28,5.656855251374039e-08,True
8349,46,3.4641017222822937e-08,True
8350,42,7.483314917968932e-08,True
8351,39,4.582575482980163e-08,True
8352,40,8.000000573105344e-08,True
8353,27,4.3588989323317506e-08,True
8354,10,4.2426408078767245e-08,True
8355,18,6.000000489040752e-08,True
8356,13,1.4142135223764246e-08,True
8357,14,2.8284267621361658e-08,True
8358,16,2.0000000322540303e-08,True
8359,13,2.9999999262564365e-08,True
8360,18,3.4641013889688315e-08,True
8361,24,1.7320508130670852e-08,True
8362,24,8.71779812637046e-08,True
8363,58,1.1489121667175227e-07,True
8364,18,5.291502640849757e-08,True
8365,28,5.65685460763613e-08,True
8366,28,3.999998821058862e-08,True
8367,20,6.633250009040196e-08,True
8368,46,8.485283081173759e-08,True
8369,20,5.291502615147735e-08,True
8370,41,7.810249594324274e-08,True
8371,6,2.82842715465928e-08,True
8372,20,1.3143849473599606e-14,True
8373,10,3.4641016966427877e-08,True
8374,9,1.7320505662868663e-08,True
8375,4,0.0,True
8376,10,1.7483809675615383e-15,True
8377,3,1.0000000161269895e-08,True
8378,10,1.7320505150078685e-08,True
8379,22,1.9999999878451252e-08,True
8380,18,6.928203752238616e-08,True
8381,20,7.211102250470296e-08,True
8382,24,6.324554896146646e-08,True
8383,32,4.000000008650687e-08,True
8384,28,5.656854058103839e-08,True
8385,48,6.92820375223872e-08,True
8386,24,2.8284268720427095e-08,True
8387,40,3.999999065307333e-08,True
8388,56,2.8284288660607315e-08,True
8389,12,2.82842707615467e-08,True
8390,12,4.0000000783857466e-08,True
8391,10,4.577566798522237e-16,True
8392,26,4.472136563349047e-08,True
8393,40,3.464100953097334e-08,True
8394,9,3.16227755668973e-08,True
8395,28,3.4641014915268615e-08,True
8396,20,2.0000002542987183e-08,True
8397,9,1.7320507457633854e-08,True
8398,16,3.464102055595908e-08,True
8399,40,3.999999709236628e-08,True
8400,36,8.94427334516132e-08,True
8401,14,2.2360684405567163e-08,True
8402,22,4.898980108468151e-08,True
8403,26,4.00000018663251e-08,True
8404,20,5.9582112650443206e-15,True
8405,18,6.000000792501707e-08,True
8406,46,1.385640429953941e-07,True
8407,36,6.928203649680814e-08,True
8408,16,6.000000146722009e-08,True
8409,8,2.8284270761546588e-08,True
8410,15,4.358899141187908e-08,True
8411,10,3.872983551996168e-08,True
8412,24,2.8284273430705224e-08,True
8413,12,2.8284270840051272e-08,True
8414,10,1.7320508996003995e-08,True
8415,26,4.7958313228580644e-08,True
8416,28,8.944271398854352e-08,True
8417,36,9.797956627223376e-08,True
8418,16,5.656854309318597e-08,True
8419,36,1.889598100159272e-14,True
8420,46,1.0392305115568066e-07,True
8421,20,5.656853963898267e-08,True
8422,26,6.633250183107522e-08,True
8423,20,3.4641016902330114e-08,True
8424,10,5.196152609062937e-08,True
8425,6,1.2560739669470201e-15,True
8426,20,6.928203252268341e-08,True
8427,3,1.7320508739608962e-08,True
8428,4,2.220446049250313e-16,True
8429,10,1.7320507714028878e-08,True
8430,4,0.0,True
8431,22,7.483314754773072e-08,True
8432,3,9.99999993922529e-09,True
8433,4,1.0000000161269915e-08,True
8434,10,4.472135907960045e-08,True
8435,22,2.0000001654807675e-08,True
8436,24,4.472136148766002e-08,True
8437,6,9.99999905104687e-09,True
8438,18,9.71508585791287e-15,True
8439,36,4.472136434257274e-08,True
8440,18,2.8284271546593167e-08,True
8441,40,5.6568493321265034e-08,True
8442,20,3.464101782374877e-08,True
8443,42,1.1832157932942341e-07,True
8444,40,2.828428709051505e-08,True
8445,12,6.928203303547317e-08,True
8446,26,4.8989796314260505e-08,True
8447,16,3.464101572451449e-08,True
8448,16,4.898979618961759e-08,True
8449,8,1.7320508226818915e-08,True
8450,12,4.898979347013755e-08,True
8451,14,5.291501910177975e-08,True
8452,8,2.8284269191454113e-08,True
8453,14,1.999999810209378e-08,True
8454,10,1.9999999878451173e-08,True
8455,10,3.464101504346519e-08,True
8456,20,6.633249721159647e-08,True
8457,8,2.2360679639101646e-08,True
8458,10,1.7320509893386576e-08,True
8459,10,1.7320510534374243e-08,True
8460,24,4.4721356894970666e-08,True
8461,7,1.41421352433902e-08,True
8462,22,1.999999765800537e-08,True
8463,34,8.485281155193032e-08,True
8464,42,7.483317272438865e-08,True
8465,4,1.4142135537782534e-08,True
8466,27,6.164414037545724e-08,True
8467,28,5.656855062962941e-08,True
8468,30,6.000000703684136e-08,True
8469,20,5.6568548431500543e-08,True
8470,7,1.1102230246251565e-16,True
8471,10,1.7320509124201502e-08,True
8472,10,1.4261072965499199e-15,True
8473,12,2.8284271703602066e-08,True
8474,3,0.0,True
8475,9,2.236068009066099e-08,True
8476,12,3.162277809469739e-08,True
8477,18,4.4721359079600304e-08,True
8478,7,2.4494898729354044e-08,True
8479,14,6.633249526170762e-08,True
8480,20,2.8284268563418612e-08,True
8481,5,3.4641015940847776e-08,True
8482,24,6.164414041147755e-08,True
8483,4,0.0,True
8484,36,5.6568529276373775e-08,True
8485,40,4.00000006450995e-08,True
8486,28,5.291502589970232e-08,True
8487,12,1.4142133339653093e-08,True
8488,10,3.464101638953907e-08,True
8489,12,6.730369402342474e-16,True
8490,26,3.4641014915268125e-08,True
8491,12,2.6457512194526557e-08,True
8492,30,6.000000052353019e-08,True
8493,12,3.872983288270472e-08,True
8494,12,2.828427233163903e-08,True
8495,10,1.7320509124201502e-08,True
8496,9,1.7320507457633854e-08,True
8497,14,2.8284276099861183e-08,True
8498,56,6.324557030295492e-08,True
8499,39,7.280108582328886e-08,True
8500,8,2.000000076662901e-08,True
8501,18,2.4494896780393486e-08,True
8502,12,4.3588985248075713e-08,True
8503,24,5.656854026701994e-08,True
8504,42,1.3114876703086102e-07,True
8505,16,4.418631847554177e-15,True
8506,18,7.348469265273823e-08,True
8507,28,5.000000715682593e-08,True
8508,44,9.380830744249753e-08,True
8509,20,5.999999737789831e-08,True
8510,6,8.881784197001252e-16,True
8511,14,3.464101671003308e-08,True
8512,18,3.4641020555958504e-08,True
8513,22,2.999999656102246e-08,True
8514,12,3.464101632544031e-08,True
8515,28,3.999998465786852e-08,True
8516,10,1.7320507970423898e-08,True
8517,18,4.898978676208742e-08,True
8518,2,0.0,True
8519,10,2.999999878146789e-08,True
8520,22,4.898979478455285e-08,True
8521,10,1.732050777812762e-08,True
8522,39,6.40312401819484e-08,True
8523,42,8.246209596278237e-08,True
8524,8,0.0,True
8525,20,5.6568542945989624e-08,True
8526,20,2.8284271154069874e-08,True
8527,5,1.4142136793856506e-08,True
8528,5,2.589462819655575e-15,True
8529,6,0.0003630267064554539,True
8530,18,4.000000219939187e-08,True
8531,13,2.4494895828575476e-08,True
8532,22,8.660254113409466e-08,True
8533,28,1.0583005152664893e-07,True
8534,10,1.4261072965499199e-15,True
8535,40,1.2000000104706114e-07,True
8536,28,8.660254541589166e-08,True
8537,24,6.928202034391946e-08,True
8538,36,5.6568540090386906e-08,True
8539,44,7.999996798347448e-08,True
8540,22,4.8989782954815224e-08,True
8541,46,1.0392304577138314e-07,True
8542,22,3.6055504683542846e-08,True
8543,16,4.000000242143646e-08,True
8544,10,4.242640783671139e-08,True
8545,15,4.242640677035684e-08,True
8546,14,2.8284277355934953e-08,True
8547,10,3.46410145947739e-08,True
8548,16,2.8284263853139772e-08,True
8549,10,1.732050777812764e-08,True
8550,9,1.73205074576339e-08,True
8551,10,3.4641017286921665e-08,True
8552,12,5.6568541012813164e-08,True
8553,20,3.464101735102071e-08,True
8554,24,3.9999999534858283e-08,True
8555,42,1.0770328938054133e-07,True
8556,10,5.19615237189754e-08,True
8557,36,6.928202931775473e-08,True
8558,42,4.2426388895843357e-08,True
8559,42,7.745967482381961e-08,True
8560,10,1.7320507970423888e-08,True
8561,10,3.464101613314404e-08,True
8562,12,6.928202957414033e-08,True
8563,4,0.0,True
8564,10,1.1322097734007351e-15,True
8565,24,1.9999999878451947e-08,True
8566,22,4.4721354313134847e-08,True
8567,22,5.999999652672738e-08,True
8568,10,2.2315206618374916e-15,True
8569,16,3.4641016549786015e-08,True
8570,10,2.8284276727898255e-08,True
8571,36,3.9999993539658497e-08,True
8572,24,3.99999970923664e-08,True
8573,20,4.8989798523838016e-08,True
8574,24,6.633249393946575e-08,True
8575,58,9.16515096596111e-08,True
8576,50,4.4721376953847754e-08,True
8577,36,5.656854058103779e-08,True
8578,28,5.656854968757981e-08,True
8579,28,2.449489375497389e-08,True
8580,6,1.732050899600399e-08,True
8581,10,1.7320503771955382e-08,True
8582,4,1.4142136165819515e-08,True
8583,18,2.8284263225103557e-08,True
8584,14,2.449490144883399e-08,True
8585,11,9.999999384114266e-09,True
8586,12,2.8284272331639033e-08,True
8587,8,1.3322676295501878e-15,True
8588,10,7.021666937153402e-16,True
8589,24,5.656853147450242e-08,True
8590,24,4.0000010415043865e-08,True
8591,28,6.928203418925137e-08,True
8592,28,5.656852833431657e-08,True
8593,42,1.1313708110810501e-07,True
8594,36,1.414213647983815e-07,True
8595,38,8.944273265720127e-08,True
8596,44,4.3588979676456245e-08,True
8597,28,3.9999988210588845e-08,True
8598,28,1.3322676295501878e-14,True
8599,24,6.720289191984444e-15,True
8600,52,1.8761665165639546e-07,True
8601,20,2.0000001654807668e-08,True
8602,9,2.2360682419539898e-08,True
8603,10,1.73205070730413e-08,True
8604,20,3.1622773811481103e-08,True
8605,24,2.82842715637662e-08,True
8606,22,2.828426730734384e-08,True
8607,10,3.46410190175881e-08,True
8608,20,6.324555429381897e-08,True
8609,9,1.7320508739608962e-08,True
8610,20,4.0000000034456924e-08,True
8611,16,5.656854277916717e-08,True
8612,42,1.999999943436287e-08,True
8613,18,7.483314288923272e-08,True
8614,18,6.928204008633636e-08,True
8615,52,4.8989797096111924e-08,True
8616,20,3.9999997980549894e-08,True
8617,32,4.123107140776234e-08,True
8618,52,3.4641021068752773e-08,True
8619,28,3.9999991763295443e-08,True
8620,22,2.8284282380234335e-08,True
8621,41,5.0990196611446355e-08,True
8622,48,6.480741853060105e-08,True
8623,6,0.0,True
8624,40,1.131370874424471e-07,True
8625,10,1.73205100215841e-08,True
8626,10,4.00000012136353e-08,True
8627,10,1.732050489368359e-08,True
8628,4,1.4142135537782532e-08,True
8629,16,6.324555465340526e-08,True
8630,40,3.9999978440621577e-08,True
8631,14,4.4721362058641325e-08,True
8632,8,2.8284271664349736e-08,True
8633,20,6.000000163375327e-08,True
8634,44,6.928201034451576e-08,True
8635,14,4.8989793832734866e-08,True
8636,18,7.48331490610001e-08,True
8637,40,7.745969612253217e-08,True
8638,40,5.291502321410429e-08,True
8639,10,1.7320506944843794e-08,True
8640,12,2.000000165480745e-08,True
8641,12,3.999999975690126e-08,True
8642,10,1.7320508162720163e-08,True
8643,9,1.4142136205071873e-08,True
8644,5,1.7320508996004002e-08,True
8645,20,8.717798180494776e-08,True
8646,18,3.4641015428057914e-08,True
8647,14,2.449489791351026e-08,True
8648,17,2.6457512152563946e-08,True
8649,14,3.46410136332931e-08,True
8650,9,5.196152544964181e-08,True
8651,10,3.46410161972428e-08,True
8652,10,1.900395703982448e-15,True
8653,11,4.123105591135205e-08,True
8654,16,3.4641015748551583e-08,True
8655,9,3.4641012094922406e-08,True
8656,12,2.8284272645657542e-08,True
8657,10,2.5703521317566537e-15,True
8658,8,2.64575130757386e-08,True
8659,10,3.4641016004946544e-08,True
8660,12,2.4494899635847394e-08,True
8661,8,3.464101606904535e-08,True
8662,24,4.8989796552214784e-08,True
8663,10,2.000000032253981e-08,True
8664,12,1.9999998990272224e-08,True
8665,10,3.162277570733084e-08,True
8666,10,1.7320505791066183e-08,True
8667,20,4.000000541903904e-08,True
8668,12,3.1622775531789e-08,True
8669,7,1.732050819476954e-08,True
8670,20,4.472136881113444e-08,True
8671,30,4.89897956457233e-08,True
8672,20,2.828427452976851e-08,True
8673,34,2.8284271075565573e-08,True
8674,24,8.717798236529352e-08,True
8675,24,5.6568543721222666e-08,True
8676,42,2.000000115174239e-08,True
8677,45,5.830952067600361e-08,True
8678,42,1.2806248046793112e-07,True
8679,39,6.855654434040193e-08,True
8680,42,6.928203829157353e-08,True
8681,41,8.774963726758592e-08,True
8682,10,3.46410145947739e-08,True
8683,24,5.2915028768888636e-08,True
8684,20,1.414213553778283e-08,True
8685,42,1.039230370966877e-07,True
8686,12,2.8284272017620596e-08,True
8687,28,4.0000006862330094e-08,True
8688,10,3.46410145947739e-08,True
8689,41,3.872983033144766e-08,True
8690,36,3.99999953160123e-08,True
8691,36,8.660254318525527e-08,True
8692,40,3.464103696524385e-08,True
8693,36,7.483315024788022e-08,True
8694,20,2.000000254298648e-08,True
8695,40,3.3166240806245086e-08,True
8696,40,2.283067767554839e-14,True
8697,36,9.165151842979168e-08,True
8698,46,3.4641014402483385e-08,True
8699,23,1.4142138152968414e-08,True
8700,58,6.633248067520531e-08,True
8701,45,3.8729828678681637e-08,True
8702,24,4.472136553418949e-08,True
8703,24,9.797958559186689e-08,True
8704,40,9.165150748218971e-08,True
8705,42,4.8989809243121444e-08,True
8706,32,2.4494878423907286e-08,True
8707,38,4.8989803078977045e-08,True
8708,36,8.944274752137818e-08,True
8709,28,8.485281406407832e-08,True
8710,28,5.6568544035243236e-08,True
8711,28,5.6568533986649674e-08,True
8712,30,4.472136325025812e-08,True
8713,39,7.00000141343608e-08,True
8714,48,6.633251327516498e-08,True
8715,36,7.48331345217407e-08,True
8716,31,6.708205520273139e-08,True
8717,36,6.928208469907744e-08,True
8718,28,3.464101799200806e-08,True
8719,24,3.999999620418768e-08,True
8720,30,4.0000000312014215e-08,True
8721,22,2.8284280182101757e-08,True
8722,10,1.7320508739608995e-08,True
8723,52,1.2806248313810007e-07,True
8724,28,3.999998554605104e-08,True
8725,40,2.8284264638188916e-08,True
8726,42,7.211103326171321e-08,True
8727,42,1.4696939495963094e-07,True
8728,22,4.000000031201327e-08,True
8729,40,6.928203495843832e-08,True
8730,20,3.4641015331909616e-08,True
8731,26,3.464102004316823e-08,True
8732,10,3.4641016774131605e-08,True
8733,28,4.000000286552574e-08,True
8734,22,4.898979383273501e-08,True
8735,40,1.9999991884847642e-08,True
8736,9,3.741657491623559e-08,True
8737,46,6.928201470323118e-08,True
8738,42,6.082762832360463e-08,True
8739,40,8.246212881355535e-08,True
8740,28,5.656854140533648e-08,True
8741,46,3.316625091554011e-08,True
8742,42,4.690412463670075e-08,True
8743,42,9.486832529636063e-08,True
8744,45,2.236068199440989e-08,True
8745,28,5.656853838291069e-08,True
8746,28,5.656855251374239e-08,True
8747,32,6.324554925549922e-08,True
8748,20,2.8284274843786963e-08,True
8749,38,4.8989798909099325e-08,True
8750,28,6.928203213809074e-08,True
8751,28,9.797958774478799e-08,True
8752,40,8.993663112233685e-15,True
8753,44,1.4560219478953365e-07,True
8754,10,3.9999999867923483e-08,True
8755,32,6.92820308561172e-08,True
8756,24,2.828427201762072e-08,True
8757,24,6.633249707769848e-08,True
8758,48,5.6568533358612735e-08,True
8759,48,5.656852456609559e-08,True
8760,42,7.745966665405126e-08,True
8761,54,9.999999122101656e-08,True
8762,24,5.656854347834898e-08,True
8763,16,2.0000000100495434e-08,True
8764,9,1.7320508483213998e-08,True
8765,24,8.246210834913893e-08,True
8766,14,4.0000000728346414e-08,True
8767,16,4.6904163467384896e-08,True
8768,3,0.0,True
8769,14,6.0000005112452e-08,True
8770,22,4.8989783861310856e-08,True
8771,16,2.8780270159990897e-15,True
8772,14,2.000000165480813e-08,True
8773,20,5.291502522830298e-08,True
8774,5,6.280369834735101e-16,True
8775,14,4.8989794829877543e-08,True
8776,14,6.633249647489624e-08,True
8777,8,4.611102534756203e-16,True
8778,3,9.99999993922529e-09,True
8779,26,2.8284274529768612e-08,True
8780,24,1.999999676982791e-08,True
8781,5,1.732050745763384e-08,True
8782,5,1.000000082740371e-08,True
8783,9,1.4142136165819515e-08,True
8784,5,1.000000171558214e-08,True
8785,20,5.291502832303604e-08,True
8786,8,5.438959822042073e-16,True
8787,20,2.828426824939864e-08,True
8788,30,5.291502262662856e-08,True
8789,24,6.324555076515704e-08,True
8790,18,2.8284272959676015e-08,True
8791,20,6.324555457441146e-08,True
8792,19,5.830952938985406e-08,True
8793,20,9.699054745056637e-15,True
8794,8,1.4142135895959893e-08,True
8795,4,0.0,True
8796,16,5.6568548117481554e-08,True
8797,28,9.949874166097944e-08,True
8798,24,9.797958222651288e-08,True
8799,28,8.544003802867547e-08,True
8800,30,2.8284268563417524e-08,True
8801,4,9.99999993922529e-09,True
8802,3,1.4142135537782532e-08,True
8803,4,1.7320507970423888e-08,True
8804,16,1.0433733987432285e-14,True
8805,4,1.7320507970423888e-08,True
8806,10,1.732050662435001e-08,True
8807,4,0.0,True
8808,10,4.472136146283308e-08,True
8809,5,1.7320506944843794e-08,True
8810,20,2.4494902513963833e-08,True
8811,11,3.1622775444018134e-08,True
8812,24,8.717798547266556e-08,True
8813,16,3.4641018504798706e-08,True
8814,6,1.7320508996003992e-08,True
8815,14,6.77599954797753e-16,True
8816,6,1.732050643205374e-08,True
8817,3,1.4142135537782532e-08,True
8818,10,3.605551191967265e-08,True
8819,20,3.999999664828241e-08,True
8820,20,6.324554369082798e-08,True
8821,24,6.000000333609543e-08,True
8822,20,7.211102778842569e-08,True
8823,24,3.74165824232411e-08,True
8824,24,5.291502608853356e-08,True
8825,4,9.155133597044475e-16,True
8826,22,2.828426785687644e-08,True
8827,3,0.0,True
8828,14,3.6418022968069345e-15,True
8829,20,3.3166247300293366e-08,True
8830,22,7.483314490692593e-08,True
8831,20,4.751962059186864e-15,True
8832,3,1.7320507970423888e-08,True
8833,22,8.246211093411757e-08,True
8834,26,8.717798119366135e-08,True
8835,16,3.999999975690124e-08,True
8836,13,4.3588988966733887e-08,True
8837,24,6.00000048163928e-08,True
8838,24,4.8989794784552956e-08,True
8839,20,4.472135726735092e-08,True
8840,8,1.0877919644084146e-15,True
8841,5,4.965068306494546e-16,True
8842,12,4.898979609896818e-08,True
8843,18,6.928203213809069e-08,True
8844,18,3.1622776839574484e-08,True
8845,20,4.472136084220001e-08,True
8846,10,3.464101632544031e-08,True
8847,6,2.2360679639101534e-08,True
8848,1,0.0,True
8849,4,8.881784197001252e-16,True
8850,24,4.898980038214966e-08,True
8851,10,4.47213603208674e-08,True
8852,20,3.464101658183637e-08,True
8853,22,4.472136325025881e-08,True
8854,10,3.46410202995632e-08,True
8855,18,2.8284273901731772e-08,True
8856,20,6.92820367532011e-08,True
8857,20,3.464101602898366e-08,True
8858,6,1.999999943436137e-08,True
8859,24,6.928203265088081e-08,True
8860,3,3.8459253727671276e-16,True
8861,5,6.280369834735101e-16,True
8862,12,1.999999810209378e-08,True
8863,3,1.4142135537782532e-08,True
8864,14,2.828427484378698e-08,True
8865,7,1.4142135341520988e-08,True
8866,8,2.2360679663926878e-08,True
8867,13,2.000000093316247e-08,True
8868,5,1.538370149106851e-15,True
8869,13,5.385164964720764e-08,True
8870,24,2.999999613543628e-08,True
8871,6,4.440892098500626e-16,True
8872,14,2.5510982866352577e-15,True
8873,15,3.741657366259531e-08,True
8874,2,0.0,True
8875,17,3.605551019531804e-08,True
8876,20,5.65685408950563e-08,True
8877,3,1.4142135537782532e-08,True
8878,14,1.7320508483214077e-08,True
8879,13,1.4142136165819599e-08,True
8880,28,8.944273782087114e-08,True
8881,13,6.928203072791795e-08,True
8882,16,4.4721357838333295e-08,True
8883,3,1.7320507970423888e-08,True
8884,20,4.3588988667459034e-08,True
8885,16,6.928203066381919e-08,True
8886,14,3.000000061333573e-08,True
8887,20,4.000000375370418e-08,True
8888,21,7.348469364988086e-08,True
8889,4,1.73205091242015e-08,True
8890,16,2.828427390173177e-08,True
8891,12,4.582575628342094e-08,True
8892,28,5.656855282776159e-08,True
8893,10,7.364386412590295e-16,True
8894,24,6.633249768023947e-08,True
8895,5,1.4142136008810298e-08,True
8896,16,3.4641017992008004e-08,True
8897,25,5.196152203104153e-08,True
8898,8,1.4142134281708606e-08,True
8899,18,3.464100927457714e-08,True
8900,18,3.4641020235464444e-08,True
8901,14,3.464101081294734e-08,True
8902,18,2.8284274843787314e-08,True
8903,9,3.0000000039720496e-08,True
8904,6,6.280369834735101e-16,True
8905,6,1.999999987845058e-08,True
8906,20,6.928203305951032e-08,True
8907,26,6.633249808193343e-08,True
8908,28,4.4721357292176007e-08,True
8909,14,3.999999653725471e-08,True
8910,20,2.0000000322539913e-08,True
8911,28,5.656854325019504e-08,True
8912,24,3.999999576010095e-08,True
8913,13,4.358898901767437e-08,True
8914,20,6.633249607346403e-08,True
8915,20,3.4641024658280125e-08,True
8916,12,3.000000248221119e-08,True
8917,4,7.691850745534255e-16,True
8918,20,4.8989792744942915e-08,True
8919,24,5.999999906173695e-08,True
8920,27,1.1489124957995004e-07,True
8921,22,2.8284272174629786e-08,True
8922,20,5.656853822589898e-08,True
8923,16,1.999999943436152e-08,True
8924,24,3.74165696494634e-08,True
8925,18,2.6457513149173045e-08,True
8926,16,4.0000000200990795e-08,True
8927,17,4.35889887629718e-08,True
8928,24,2.8284274137245716e-08,True
8929,24,5.6568532416557064e-08,True
8930,12,2.000000165480778e-08,True
8931,12,2.000000026702914e-08,True
8932,5,1.7320509508794036e-08,True
8933,6,1.999999987845058e-08,True
8934,8,1.2560739669470201e-15,True
8935,20,2.8284272959676217e-08,True
8936,8,2.828427107556512e-08,True
8937,18,4.242640158905226e-08,True
8938,22,3.464102055595829e-08,True
8939,20,3.464101744716863e-08,True
8940,16,5.2915029844176124e-08,True
8941,16,3.4641009787368276e-08,True
8942,21,8.185352831990832e-08,True
8943,4,1.4142136165819515e-08,True
8944,20,1.7472526157385816e-14,True
8945,3,7.691850745534255e-16,True
8946,28,8.485280985099645e-08,True
8947,5,1.7320507585831354e-08,True
8948,2,0.0,True
8949,14,2.2360680433512493e-08,True
8950,24,3.316625078163982e-08,True
8951,14,1.999999854618315e-08,True
8952,12,3.7043036684065436e-15,True
8953,16,1.9999998102094224e-08,True
8954,16,2.8284271703602162e-08,True
8955,24,3.4641025171073064e-08,True
8956,20,6.928202162589466e-08,True
8957,20,8.944272411728281e-08,True
8958,23,7.141428259216567e-08,True
8959,14,2.4494894922082268e-08,True
8960,26,3.464101356919525e-08,True
8961,24,8.944271969837182e-08,True
8962,20,6.928202906135033e-08,True
8963,18,3.999999909076739e-08,True
8964,22,3.16227753562476e-08,True
8965,8,3.464101671003285e-08,True
8966,18,4.0000004641883125e-08,True
8967,12,5.656853983524389e-08,True
8968,16,2.828427233163903e-08,True
8969,14,4.472135957610719e-08,True
8970,18,5.65685521997219e-08,True
8971,4,0.0,True
8972,24,6.000000526048215e-08,True
8973,4,1.000000038331458e-08,True
8974,5,1.7320508226818915e-08,True
8975,23,5.477225486782135e-08,True
8976,24,8.717798246717515e-08,True
8977,12,1.0000001715582254e-08,True
8978,18,5.65685371268348e-08,True
8979,4,4.906538933386797e-17,True
8980,16,3.999999620418757e-08,True
8981,26,4.47213596754088e-08,True
8982,18,1.732050591926393e-08,True
8983,20,3.464102183793342e-08,True
8984,14,1.9999998990272363e-08,True
8985,12,4.000000002057915e-08,True
8986,4,3.1401849173675503e-16,True
8987,14,2.8284270665869134e-08,True
8988,5,1.732050777812762e-08,True
8989,8,1.2560739669470201e-15,True
8990,20,5.6568549295052823e-08,True
8991,3,1.7320507970423888e-08,True
8992,4,0.0,True
8993,4,1.7320507970423888e-08,True
8994,22,4.898979818390275e-08,True
8995,8,8.881784197001252e-16,True
8996,22,3.4641049272201765e-08,True
8997,22,4.472136106562783e-08,True
8998,18,3.4641016966427996e-08,True
8999,4,0.0,True
9000,9,3.7416571978712036e-08,True
9001,4,0.0,True
9002,4,1.7320508355016425e-08,True
9003,3,1.7320507970423888e-08,True
9004,5,2.3914935841127266e-15,True
9005,5,1.7320509508794036e-08,True
9006,5,4.965068306494546e-16,True
9007,4,1.7320506944843804e-08,True
9008,5,7.691850745534255e-16,True
9009,2,0.0,True
9010,10,2.8284270447528422e-08,True
9011,2,0.0,True
9012,6,2.828427044752808e-08,True
9013,20,4.0000011303220776e-08,True
9014,6,3.4641016966427877e-08,True
9015,2,0.0,True
9016,2,0.0,True
9017,5,9.99999993922534e-09,True
9018,4,0.0,True
9019,4,1.0000000050247593e-08,True
9020,4,9.99999993922529e-09,True
9021,5,2.6645352591003757e-15,True
9022,2,0.0,True
9023,14,3.4641016325440445e-08,True
9024,10,4.358898855920961e-08,True
9025,12,2.999999892949745e-08,True
9026,13,5.196152583423435e-08,True
9027,12,2.999999881847516e-08,True
9028,10,3.741657375902911e-08,True
9029,10,1.7320507457633874e-08,True
9030,11,3.316624863927266e-08,True
9031,5,7.691850745534255e-16,True
9032,10,4.463041323674983e-15,True
9033,10,1.7320509316497767e-08,True
9034,24,3.9999990875118116e-08,True
9035,12,2.000000076662908e-08,True
9036,8,1.732050591926375e-08,True
9037,10,1.7320508162720163e-08,True
9038,5,1.9999999853188677e-08,True
9039,10,3.464101388968772e-08,True
9040,10,5.196152282159281e-08,True
9041,5,9.99999905104695e-09,True
9042,6,1.7320508611411468e-08,True
9043,10,9.565974336450906e-15,True
9044,12,1.7320508659485584e-08,True
9045,28,8.944273484183102e-08,True
9046,14,2.8284272017620543e-08,True
9047,8,0.0007483132135008464,True
9048,12,3.999999886872275e-08,True
9049,12,1.0000000216781088e-08,True
9050,22,4.8989787124686074e-08,True
9051,10,5.438959822042073e-16,True
9052,6,1.732050816272016e-08,True
9053,7,1.7320507233288218e-08,True
9054,24,5.999999926527769e-08,True
9055,10,3.4641015748551504e-08,True
9056,10,1.73205069448438e-08,True
9057,10,1.7320510534374137e-08,True
9058,5,2.589462819655575e-15,True
9059,24,7.483314683560351e-08,True
9060,16,7.364386412590295e-16,True
9061,15,4.782987168225453e-15,True
9062,6,1.999999899027216e-08,True
9063,10,3.4641015940847776e-08,True
9064,14,2.9999999970331616e-08,True
9065,12,1.538370149106851e-15,True
9066,10,1.7320505919263693e-08,True
9067,10,3.464101645363783e-08,True
9068,10,2.8284271546593257e-08,True
9069,8,1.2161883888976235e-15,True
9070,13,4.89897918384496e-08,True
9071,16,3.162277701511607e-08,True
9072,10,3.4641015684452756e-08,True
9073,32,5.656854009038596e-08,True
9074,10,1.7320508996003995e-08,True
9075,10,4.472135951404392e-08,True
9076,6,2.8284270290518848e-08,True
9077,12,1.732051002158409e-08,True
9078,10,1.6616296724220897e-15,True
9079,10,2.6457512278452027e-08,True
9080,10,5.196152801359206e-08,True
9081,12,2.449489891065276e-08,True
9082,5,2.482534153247273e-16,True
9083,10,3.464101632544032e-08,True
9084,26,9.797959325173483e-08,True
9085,11,2.4494895104089396e-08,True
9086,6,1.4217791915866692e-15,True
9087,10,3.011959563148489e-15,True
9088,11,4.7958313870986e-08,True
9089,10,1.732050886780648e-08,True
9090,10,1.7320507201238847e-08,True
9091,6,0.0,True
9092,32,1.16619014949244e-07,True
9093,10,7.447602459741819e-16,True
9094,11,9.99999960615945e-09,True
9095,10,2.828427162509752e-08,True
9096,10,1.7320506944843794e-08,True
9097,7,1.4142133182643873e-08,True
9098,16,3.076740298213702e-15,True
9099,10,3.464101741511918e-08,True
9100,4,8.881784197001252e-16,True
9101,10,1.732050777812762e-08,True
9102,10,1.7320508483213938e-08,True
9103,10,1.7320509316497767e-08,True
9104,10,3.46410160690453e-08,True
9105,10,2.0000000100495186e-08,True
9106,11,9.999999828203382e-09,True
9107,24,3.999999972914787e-08,True
9108,14,2.8284272645658138e-08,True
9109,8,3.46410205559585e-08,True
9110,10,4.358899074965225e-08,True
9111,14,1.9999998546183e-08,True
9112,10,8.08254562088053e-16,True
9113,10,1.472877282518059e-15,True
9114,10,2.449489727896483e-08,True
9115,10,2.6084334968580714e-15,True
9116,13,3.605550970264532e-08,True
9117,4,0.0,True
9118,10,2.000000165480766e-08,True
9119,24,6.633249460058672e-08,True
9120,10,9.999999939225447e-09,True
9121,10,2.8284271075565094e-08,True
9122,10,5.1961522629296536e-08,True
9123,10,1.7320509508794036e-08,True
9124,10,2.0000001654807774e-08,True
9125,14,3.464102363269852e-08,True
9126,14,3.9999999729145645e-08,True
9127,10,3.4641016133144054e-08,True
9128,17,9.999999051048537e-09,True
9129,14,3.000000244520372e-08,True
9130,10,1.7320506175658716e-08,True
9131,15,3.605551074957501e-08,True
9132,10,1.7320508290917673e-08,True
9133,40,8.000001372466053e-08,True
9134,10,6.280369834735101e-16,True
9135,14,4.615778094405033e-15,True
9136,10,1.7320508996003995e-08,True
9137,3,5.438959822042073e-16,True
9138,10,8.3820000221454525e-16,True
9139,10,5.978733960281817e-16,True
9140,15,3.162277597283778e-08,True
9141,12,1.4217791915866692e-15,True
9142,10,8.08254562088053e-16,True
9143,8,1.999999987845059e-08,True
9144,10,1.7320507714028878e-08,True
9145,10,3.820199830714189e-15,True
9146,24,5.6568548784772045e-08,True
9147,8,3.464101594084784e-08,True
9148,4,4.440892098500626e-16,True
9149,5,9.99999993922534e-09,True
9150,10,5.196152352667916e-08,True
9151,12,3.871877927712888e-15,True
9152,10,4.2426407764748745e-08,True
9153,4,0.0,True
9154,10,2.912087692897636e-15,True
9155,10,2.828427084005123e-08,True
9156,5,1.0000000161269895e-08,True
9157,3,1.538370149106851e-15,True
9158,24,3.464101388968781e-08,True
9159,6,2.2360679440498787e-08,True
9160,9,2.8284272331639033e-08,True
9161,8,1.538370149106851e-15,True
9162,18,3.4641006967022e-08,True
9163,4,4.440892098500626e-16,True
9164,22,4.4721353518724026e-08,True
9165,3,1.7320507874275752e-08,True
9166,10,2.5703521317566537e-15,True
9167,16,2.8284275471824012e-08,True
9168,20,4.898979981559214e-08,True
9169,16,3.464101594084841e-08,True
9170,4,9.99999993922537e-09,True
9171,10,2.8284271075565524e-08,True
9172,6,3.4641015940847776e-08,True
9173,5,1.7320507970423888e-08,True
9174,16,3.999999620418764e-08,True
9175,10,2.999999933657945e-08,True
9176,5,1.9999999878450584e-08,True
9177,4,1.7320508226818918e-08,True
9178,9,3.4641016710032856e-08,True
9179,18,2.8284261655010407e-08,True
9180,11,4.000000330961521e-08,True
9181,20,3.4641014530675164e-08,True
9182,10,1.7320508996003992e-08,True
9183,10,1.88411095042053e-15,True
9184,10,5.17892563931115e-15,True
9185,10,5.1961523398481636e-08,True
9186,40,1.1489126985828368e-07,True
9187,40,3.464103696524032e-08,True
9188,10,3.464101619724285e-08,True
9189,10,1.7320507457633864e-08,True
9190,10,1.6011864169946884e-15,True
9191,40,7.071064873641358e-08,True
9192,10,5.196152750080208e-08,True
9193,10,1.7320506432053922e-08,True
9194,10,1.7320511816349294e-08,True
9195,10,1.7320508996003992e-08,True
9196,10,1.7320502842523407e-08,True
9197,10,1.732050566286881e-08,True
9198,10,1.7320510534374243e-08,True
9199,10,2.589462819655575e-15,True
9200,10,3.4641014146082614e-08,True
9201,10,6.280369834735101e-16,True
9202,10,4.965068306494546e-15,True
9203,40,6.928207546885046e-08,True
9204,40,5.385164642461931e-08,True
9205,40,5.1961529722901484e-08,True
9206,10,3.4641011325737365e-08,True
9207,10,3.464101773561295e-08,True
9208,10,3.4641016453637896e-08,True
9209,10,1.7320504893683635e-08,True
9210,10,3.464101850479814e-08,True
9211,10,2.3914935841127266e-15,True
9212,10,1.7320506432053783e-08,True
9213,40,6.000001132970258e-08,True
9214,40,1.1661904213860283e-07,True
9215,20,3.4641016966429114e-08,True
9216,10,3.46410092745772e-08,True
9217,10,3.3232593448441795e-15,True
9218,40,8.717799749463029e-08,True
9219,10,1.4043333874306805e-15,True
9220,10,1.6616296724220897e-15,True
9221,10,5.1961523654876644e-08,True
9222,10,3.46410092745772e-08,True
9223,10,3.66205343881779e-15,True
9224,10,2.0350724194510405e-15,True
9225,10,5.1961523654876644e-08,True
9226,40,3.464100440307202e-08,True
9227,10,1.732050591926383e-08,True
9228,10,3.464101901758811e-08,True
9229,10,1.7320505919263703e-08,True
9230,40,3.464100517226208e-08,True
9231,40,3.464101491526794e-08,True
9232,10,1.732050771402889e-08,True
9233,10,2.432376777795247e-15,True
9234,40,7.483314728069082e-08,True
9235,10,1.7320505919263693e-08,True
9236,40,1.0392306243706124e-07,True
9237,20,4.4721359389918276e-08,True
9238,10,1.7320507457633864e-08,True
9239,10,1.732050643205382e-08,True
9240,10,3.464101671003287e-08,True
9241,10,3.464101055655227e-08,True
9242,10,1.7320508996003992e-08,True
9243,10,3.233018248352212e-15,True
9244,10,4.965068306494546e-15,True
9245,40,8.000003104414136e-08,True
9246,10,1.732050745763384e-08,True
9247,20,3.999999753645524e-08,True
9248,10,1.6011864169946884e-15,True
9249,10,3.4641015428057735e-08,True
9250,10,1.2560739669470201e-15,True
9251,10,6.280369834735101e-16,True
9252,10,3.464101286410748e-08,True
9253,10,1.7320508996003992e-08,True
9254,10,1.7320506688448767e-08,True
9255,40,6.928203931715188e-08,True
9256,10,3.464102081235326e-08,True
9257,10,3.972054645195637e-15,True
9258,10,1.732050771402889e-08,True
9259,10,1.732050925239904e-08,True
9260,10,1.2560739669470201e-15,True
9261,10,6.280369834735101e-16,True
9262,10,1.7320507201238824e-08,True
9263,10,1.732050976518909e-08,True
9264,10,1.7320506944843896e-08,True
9265,10,1.7320508996004095e-08,True
9266,10,1.7320510021584374e-08,True
9267,10,3.464101927398317e-08,True
9268,10,4.965068306494546e-15,True
9269,10,1.7320502586128446e-08,True
9270,10,3.464101235131743e-08,True
9271,10,1.7320509765189202e-08,True
9272,10,5.196152544964184e-08,True
9273,10,1.0877919644084146e-15,True
9274,10,1.732050873960911e-08,True
9275,10,6.280369834735101e-16,True
9276,40,6.928202008753027e-08,True
9277,10,3.464101953037814e-08,True
9278,10,1.7320508996003992e-08,True
9279,10,1.7320512072744334e-08,True
9280,10,1.9860273225978185e-15,True
9281,10,1.7320507970423934e-08,True
9282,40,6.708203295922945e-08,True
9283,10,1.732050797042392e-08,True
9284,10,1.7320506944843794e-08,True
9285,10,1.7320512072744288e-08,True
9286,10,5.1961521347321415e-08,True
9287,10,1.73205141239047e-08,True
9288,10,1.7320504380893568e-08,True
9289,10,1.7320510277979193e-08,True
9290,10,1.732050668844879e-08,True
9291,10,3.464101850479808e-08,True
9292,10,1.7320508996003992e-08,True
9293,10,1.73205130983244e-08,True
9294,10,1.732050925239904e-08,True
9295,10,2.5510982866352577e-15,True
9296,10,0.0,True
9297,40,5.00000073344655e-08,True
9298,40,8.246211610407875e-08,True
9299,40,3.4641034401296745e-08,True
9300,10,4.189529226675416e-15,True
9301,40,7.54983383646952e-08,True
9302,20,4.898980253507069e-08,True
9303,10,1.7320508996004002e-08,True
9304,10,1.7320508483213965e-08,True
9305,40,6.403124344163741e-08,True
9306,10,5.196152544964181e-08,True
9307,10,1.732050463728857e-08,True
9308,20,5.656854519318439e-08,True
9309,10,1.0877919644084146e-15,True
9310,10,1.7320508226818938e-08,True
9311,40,3.464099748040637e-08,True
9312,40,3.999998066108784e-08,True
9313,10,1.7320507201238847e-08,True
9314,10,1.7320509508794036e-08,True
9315,40,7.211104256091751e-08,True
9316,10,5.19615249368518e-08,True
9317,10,3.2023728339893768e-15,True
9318,40,1.7769118642034836e-14,True
9319,10,0.0,True
9320,40,2.1528023174860817e-14,True
9321,40,1.4390135079995447e-14,True
9322,40,3.7416564620066595e-08,True
9323,10,1.7320505919263693e-08,True
9324,10,0.0,True
9325,40,1.7320507252517829e-07,True
9326,10,4.213000162292041e-15,True
9327,10,2.2644195468014703e-15,True
9328,10,1.9860273225978185e-15,True
9329,40,3.464098466065692e-08,True
9330,10,3.464101901758819e-08,True
9331,10,3.464101235131743e-08,True
9332,40,4.3588982140714005e-08,True
9333,10,3.011959563148489e-15,True
9334,10,1.7320508996003992e-08,True
9335,40,6.000000496443396e-08,True
9336,10,1.7320503355313487e-08,True
9337,10,3.464101594084787e-08,True
9338,10,1.9860273225978185e-15,True
9339,10,4.213000162292041e-15,True
9340,10,3.464101106934232e-08,True
9341,10,1.732050694484393e-08,True
9342,10,1.7320508996004058e-08,True
9343,40,1.3856409760753446e-07,True
9344,40,4.5825766071151966e-08,True
9345,10,3.4641015940847816e-08,True
9346,10,1.0877919644084146e-15,True
9347,20,3.464101568445404e-08,True
9348,10,1.7320506432053978e-08,True
9349,10,1.7320507457633864e-08,True
9350,10,1.7320500278573323e-08,True
9351,10,3.464102055595824e-08,True
9352,40,2.4494882775084818e-08,True
9353,40,5.999998261193303e-08,True
9354,10,4.213000162292041e-15,True
9355,10,1.7320507970423967e-08,True
9356,40,3.464103337571613e-08,True
9357,40,1.0392303654116242e-07,True
9358,10,3.464101901758807e-08,True
9359,10,1.7320507201238847e-08,True
9360,20,6.000000452033371e-08,True
9361,40,6.928202213868493e-08,True
9362,18,4.8989790478710454e-08,True
9363,40,6.92820326508832e-08,True
9364,10,1.88411095042053e-15,True
9365,10,0.0,True
9366,10,1.831026719408895e-15,True
9367,10,1.7320507457633854e-08,True
9368,10,3.464101542805773e-08,True
9369,10,1.7320507457633864e-08,True
9370,10,1.732051002158409e-08,True
9371,20,1.9999998990272416e-08,True
9372,10,1.7320506432053922e-08,True
9373,40,8.246211502701648e-08,True
9374,40,5.477227082269308e-08,True
9375,40,6.928208521186084e-08,True
9376,18,3.1622786450484205e-08,True
9377,10,1.732050899600422e-08,True
9378,10,9.930136612989092e-16,True
9379,40,1.8788700196831147e-14,True
9380,10,4.884981308350689e-15,True
9381,10,1.7320507201238847e-08,True
9382,10,3.464101337689756e-08,True
9383,20,4.89897876685805e-08,True
9384,40,9.999999210919109e-08,True
9385,18,3.316625312485414e-08,True
9386,10,1.732051053437415e-08,True
9387,10,1.7320501816943372e-08,True
9388,10,1.7320511303559214e-08,True
9389,10,1.7320509508794082e-08,True
9390,10,3.464101568445276e-08,True
9391,40,5.385164642463691e-08,True
9392,10,1.7320506944843794e-08,True
9393,10,1.7320508226818938e-08,True
9394,10,3.464101696642788e-08,True
9395,10,1.732050797042392e-08,True
9396,10,3.4641015171662715e-08,True
9397,10,3.464101594084778e-08,True
9398,10,4.213000162292041e-15,True
9399,20,3.4641005909393436e-08,True
9400,10,1.7320506432053922e-08,True
9401,10,5.196152801359206e-08,True
9402,10,3.464101337689756e-08,True
9403,40,5.999998853313215e-08,True
9404,10,3.4641017479217944e-08,True
9405,10,1.732050976518909e-08,True
9406,10,3.4641015428057755e-08,True
9407,10,3.4641014146082614e-08,True
9408,40,5.999997476636504e-08,True
9409,10,1.7320513098324525e-08,True
9410,10,1.7320508996004002e-08,True
9411,10,1.7320508996004015e-08,True
9412,10,1.73205061756589e-08,True
9413,10,1.7320508996004002e-08,True
9414,40,6.403123657549473e-08,True
9415,10,1.7320509508794277e-08,True
9416,18,3.316625801213012e-08,True
9417,40,1.4499359683841203e-14,True
9418,40,5.916080783039132e-08,True
9419,10,1.7320508996004002e-08,True
9420,10,5.857939004215904e-15,True
9421,10,1.7320500278573323e-08,True
9422,40,7.48331388538473e-08,True
9423,10,1.732051130355926e-08,True
9424,40,4.582576015975898e-08,True
9425,10,3.4641016453637896e-08,True
9426,10,6.280369834735101e-16,True
9427,40,1.7320509893386582e-07,True
9428,40,1.9100999153570946e-14,True
9429,10,2.828427107556507e-08,True
9430,20,4.898979365143656e-08,True
9431,10,1.4142133653671596e-08,True
9432,10,2.999999981767587e-08,True
9433,10,1.7320510021584192e-08,True
9434,40,1.1546319456101628e-14,True
9435,10,1.88411095042053e-15,True
9436,10,9.930136612989092e-16,True
9437,10,1.7320508739608975e-08,True
9438,10,1.7320501560548292e-08,True
9439,40,1.1489125323749565e-07,True
9440,10,5.196152288569164e-08,True
9441,10,1.7320510021584318e-08,True
9442,10,2.220446049250313e-15,True
9443,10,3.464101055655227e-08,True
9444,40,1.1489125393325067e-07,True
9445,10,1.831026719408895e-15,True
9446,10,2.175583928816829e-15,True
9447,10,1.4142135851801061e-08,True
9448,10,1.7320505406473656e-08,True
9449,10,1.732050463728857e-08,True
9450,10,1.732050643205375e-08,True
9451,10,1.4142133967690244e-08,True
9452,40,6.324557276053375e-08,True
9453,10,1.732050899600422e-08,True
9454,40,9.797959056624886e-08,True
9455,10,1.9860273225978185e-15,True
9456,10,1.7320508996004058e-08,True
9457,40,2.828424344196013e-08,True
9458,10,3.4641016453637836e-08,True
9459,10,5.196152288569157e-08,True
9460,40,3.464102363269904e-08,True
9461,10,1.7320507970423967e-08,True
9462,10,1.7320501560548316e-08,True
9463,10,1.732051053437421e-08,True
9464,20,1.9999997658005044e-08,True
9465,40,2.999999212013471e-08,True
9466,10,1.7320509508794036e-08,True
9467,10,5.1961521347321415e-08,True
9468,10,5.196152544964181e-08,True
9469,10,1.7320505919263703e-08,True
9470,20,4.47213596754086e-08,True
9471,10,3.46410190175881e-08,True
9472,10,6.280369834735101e-16,True
9473,40,1.722814312656491e-14,True
9474,10,9.930136612989092e-16,True
9475,10,3.464101337689756e-08,True
9476,10,4.6151104473205536e-15,True
9477,10,1.7320506432053783e-08,True
9478,10,1.2560739669470201e-15,True
9479,10,5.196152288569156e-08,True
9480,10,3.464102388909356e-08,True
9481,10,1.7320509508794036e-08,True
9482,10,2.2644195468014703e-15,True
9483,10,1.732050950879405e-08,True
9484,10,3.4641013376897606e-08,True
9485,10,1.7320502842523417e-08,True
9486,10,1.7320507201238847e-08,True
9487,10,1.7320512072744427e-08,True
9488,10,3.464101953037819e-08,True
9489,10,1.732051463669455e-08,True
9490,10,6.280369834735101e-16,True
9491,10,5.196152724440699e-08,True
9492,10,1.732050873960904e-08,True
9493,10,3.4641011325737365e-08,True
9494,10,1.6011864169946884e-15,True
9495,40,1.244990179807761e-07,True
9496,10,4.189529226675416e-15,True
9497,10,1.732050643205374e-08,True
9498,40,1.0392303474639718e-07,True
9499,10,3.464101286410748e-08,True
9500,10,1.7320504893683807e-08,True
9501,10,2.2644195468014703e-15,True
9502,10,3.4641016453637876e-08,True
9503,20,2.4494906615846357e-08,True
9504,10,5.1961522116506496e-08,True
9505,10,1.7320501560548316e-08,True
9506,10,1.732050694484393e-08,True
9507,40,1.732050868832998e-07,True
9508,10,3.4641018504798104e-08,True
9509,10,3.4641013376897606e-08,True
9510,40,1.1243440757244517e-14,True
9511,10,4.213000162292041e-15,True
9512,40,1.3856407222442696e-07,True
9513,10,1.73205074576339e-08,True
9514,40,2.4494870990666326e-08,True
9515,10,1.7320503868103494e-08,True
9516,40,8.485282044912087e-08,True
9517,40,6.928200213987274e-08,True
9518,10,1.7320508996004095e-08,True
9519,10,3.4641011325737365e-08,True
9520,20,5.2915031704950126e-08,True
9521,10,2.589462819655575e-15,True
9522,10,5.196152262929655e-08,True
9523,10,1.7320506944843794e-08,True
9524,10,1.732050643205382e-08,True
9525,10,1.6011864169946884e-15,True
9526,40,7.483316081109828e-08,True
9527,10,3.464101132573735e-08,True
9528,10,1.732051207274447e-08,True
9529,40,1.0392302987489175e-07,True
9530,10,1.7320503868103494e-08,True
9531,10,3.464100927457713e-08,True
9532,40,4.89897740711838e-08,True
9533,10,1.7320506432053783e-08,True
9534,40,5.6096043986422216e-14,True
9535,10,3.464101440247764e-08,True
9536,10,5.196152544964187e-08,True
9537,10,8.881784197001252e-16,True
9538,10,3.464101876119312e-08,True
9539,40,1.4966630037706912e-07,True
9540,10,3.464101953037813e-08,True
9541,10,2.8780270159990897e-15,True
9542,10,1.732051053437414e-08,True
9543,10,1.732051104716422e-08,True
9544,40,3.971309815115295e-14,True
9545,10,1.7320511559954297e-08,True
9546,40,1.1832158075565615e-07,True
9547,40,6.928203649680683e-08,True
9548,40,9.273618707305501e-08,True
9549,20,4.070144838902081e-15,True
9550,10,2.3914935841127266e-15,True
9551,10,1.7320509508794036e-08,True
9552,40,5.099019456476319e-08,True
9553,10,1.7320507970423967e-08,True
9554,40,3.4641024145490396e-08,True
9555,10,5.1961522116506535e-08,True
9556,40,3.464096645661732e-08,True
9557,10,1.732050591926383e-08,True
9558,40,5.385165104267669e-08,True
9559,10,3.4641017735612964e-08,True
9560,10,3.464101491526768e-08,True
9561,40,1.6073330285285666e-14,True
9562,10,1.732050694484393e-08,True
9563,10,1.732050463728859e-08,True
9564,10,2.945754565036118e-15,True
9565,10,3.4641016453637896e-08,True
9566,20,2.8284274843786996e-08,True
9567,10,3.464101671003292e-08,True
9568,10,2.2360684405567256e-08,True
9569,10,2.5121479338940403e-15,True
9570,10,5.19615200653463e-08,True
9571,10,1.732050617565874e-08,True
9572,10,1.732050463728859e-08,True
9573,10,5.196152288569166e-08,True
9574,40,6.782328514499157e-08,True
9575,10,1.732050591926383e-08,True
9576,10,6.280369834735101e-16,True
9577,10,1.6616296724220897e-15,True
9578,10,4.213000162292041e-15,True
9579,10,1.73205074576339e-08,True
9580,10,1.7320510021584318e-08,True
9581,10,1.7320504893683668e-08,True
9582,10,3.46410169664279e-08,True
9583,10,5.365950338995594e-15,True
9584,10,3.464101440247783e-08,True
9585,40,3.464096363626303e-08,True
9586,40,3.605550034187169e-08,True
9587,10,3.4641016966427877e-08,True
9588,10,3.4641015428057795e-08,True
9589,10,1.732050848321395e-08,True
9590,10,5.196152134732145e-08,True
9591,10,1.7320508739608975e-08,True
9592,40,9.165151799370402e-08,True
9593,40,7.211100782748256e-08,True
9594,40,1.3856409273602903e-07,True
9595,10,1.7320512585534335e-08,True
9596,10,1.7320510534374335e-08,True
9597,40,6.105217258353122e-15,True
9598,40,2.8284291486776346e-08,True
9599,20,4.898978948156701e-08,True
9600,40,9.3808296542446e-08,True
9601,10,1.7320509508794036e-08,True
9602,10,1.7320509508794628e-08,True
9603,10,1.73205130983244e-08,True
9604,10,3.464101953037814e-08,True
9605,10,1.0877919644084146e-15,True
9606,10,1.7320508483214044e-08,True
9607,10,1.7320506432053922e-08,True
9608,10,7.431033801933e-15,True
9609,40,1.3341667830892388e-07,True
9610,40,6.928200572940719e-08,True
9611,10,3.464101388968759e-08,True
9612,10,3.076740298213702e-15,True
9613,40,6.000001206985803e-08,True
9614,10,1.7320501816943372e-08,True
9615,10,1.7320508226818938e-08,True
9616,10,1.7320503868103494e-08,True
9617,10,3.4641017479217944e-08,True
9618,10,1.732050925239915e-08,True
9619,10,1.7320506944843804e-08,True
9620,20,4.242640991054196e-08,True
9621,10,4.965068306494546e-15,True
9622,10,5.1961522885691616e-08,True
9623,10,5.1961527500802013e-08,True
9624,40,5.1961511775242066e-08,True
9625,10,1.7320508226818938e-08,True
9626,10,3.464101337689758e-08,True
9627,18,3.316626316719904e-08,True
9628,40,5.4772246823248826e-08,True
9629,10,1.6011864169946884e-15,True
9630,10,3.464101671003287e-08,True
9631,40,7.483314134629425e-08,True
9632,10,3.464101440247765e-08,True
9633,10,1.7320511047164267e-08,True
9634,10,1.7320508226818938e-08,True
9635,10,1.732050925239915e-08,True
9636,10,1.7320510021584318e-08,True
9637,10,1.7320506432053922e-08,True
9638,10,5.196152544964187e-08,True
9639,10,1.732050873960911e-08,True
9640,10,1.9860273225978185e-15,True
9641,10,1.732050668844879e-08,True
9642,10,1.732050848321395e-08,True
9643,10,2.808666774861361e-15,True
9644,10,1.732050591926383e-08,True
9645,40,4.4721355306151606e-08,True
9646,10,5.65233285126159e-15,True
9647,10,1.7320512585534517e-08,True
9648,10,1.732051104716422e-08,True
9649,40,4.898979002547156e-08,True
9650,40,3.464100183914784e-08,True
9651,10,3.464101337689753e-08,True
9652,10,1.7320508996004095e-08,True
9653,10,1.732050591926383e-08,True
9654,10,3.464101901758811e-08,True
9655,40,1.0392307961552649e-07,True
9656,40,6.480739761351744e-08,True
9657,18,1.4142123762098645e-08,True
9658,10,3.4641014146082614e-08,True
9659,10,3.464101696642791e-08,True
9660,40,1.0392305987311047e-07,True
9661,10,1.732050463728859e-08,True
9662,10,3.464102209432838e-08,True
9663,10,2.3914935841127266e-15,True
9664,40,6.92820931601069e-08,True
9665,10,5.196152750080208e-08,True
9666,40,4.8989785311701386e-08,True
9667,10,0.0,True
9668,40,1.7320484382094006e-08,True
9669,10,1.7320512585534573e-08,True
9670,10,1.732051207274439e-08,True
9671,10,1.7320504124498528e-08,True
9672,10,5.1961523654876644e-08,True
9673,40,1.0392302654175638e-07,True
9674,10,3.972054645195637e-15,True
9675,10,1.732050438089383e-08,True
9676,10,3.233018248352212e-15,True
9677,10,1.732050566286881e-08,True
9678,40,6.633251160562974e-08,True
9679,10,7.869280847691828e-15,True
9680,10,3.464101337689762e-08,True
9681,10,1.7320502842523496e-08,True
9682,10,1.732051258553438e-08,True
9683,20,4.242640697970302e-08,True
9684,10,1.7320508996003992e-08,True
9685,10,3.4641018504798025e-08,True
9686,10,3.464101901758807e-08,True
9687,10,1.7320507970423967e-08,True
9688,10,1.7320508483214134e-08,True
9689,10,3.4641015940847776e-08,True
9690,10,3.464101901758807e-08,True
9691,10,1.732050591926374e-08,True
9692,40,1.4142128943394578e-08,True
9693,40,1.4142121407000722e-08,True
9694,20,1.4142129257418387e-08,True
9695,40,6.928201854915558e-08,True
9696,10,1.732050489368359e-08,True
9697,10,1.7320511816349294e-08,True
9698,40,3.000000100191561e-08,True
9699,10,1.73205120727443e-08,True
9700,10,3.464101594084787e-08,True
9701,10,3.464101645363786e-08,True
9702,10,1.7320508483214134e-08,True
9703,10,1.6616296724220897e-15,True
9704,10,6.023919126296978e-15,True
9705,10,1.732050463728859e-08,True
9706,40,9.38083253252082e-08,True
9707,40,6.928206957176423e-08,True
9708,10,2.0350724194510405e-15,True
9709,40,2.8284260084918233e-08,True
9710,40,1.0392304500219817e-07,True
9711,10,3.464101337689756e-08,True
9712,40,9.380830610514092e-08,True
9713,10,1.7320506944843794e-08,True
9714,10,1.7320507457633854e-08,True
9715,20,1.999999721391542e-08,True
9716,10,1.4142136165819753e-08,True
9717,10,1.732050899600415e-08,True
9718,40,7.483317873296239e-08,True
9719,40,1.0392305166846928e-07,True
9720,40,6.633249995651665e-08,True
9721,40,3.464102952978455e-08,True
9722,10,4.213000162292041e-15,True
9723,10,1.7320507201238963e-08,True
9724,10,1.999999987845068e-08,True
9725,10,3.464101594084787e-08,True
9726,10,3.4641018761193065e-08,True
9727,10,1.7320508226818918e-08,True
9728,10,1.732051130355926e-08,True
9729,10,3.4641018504798025e-08,True
9730,10,1.7320507457634003e-08,True
9731,10,1.732050591926383e-08,True
9732,10,1.732051002158409e-08,True
9733,10,1.732051130355926e-08,True
9734,20,3.464101850479803e-08,True
9735,10,1.3322676295501878e-15,True
9736,10,1.7320504893683635e-08,True
9737,24,3.464101318460286e-08,True
9738,24,6.92820325226832e-08,True
9739,24,3.999999861892323e-08,True
9740,12,6.420123230733026e-15,True
9741,12,4.472136101597696e-08,True
9742,22,3.4641026196648824e-08,True
9743,14,3.464101747921863e-08,True
9744,58,1.0198043589851128e-07,True
9745,15,3.316624691115244e-08,True
9746,8,4.000000129473361e-08,True
9747,18,3.0000002038122205e-08,True
9748,18,2.2360678646087947e-08,True
9749,5,1.999999987845068e-08,True
9750,14,3.4641022094328374e-08,True
9751,3,1.0877919644084146e-15,True
9752,16,4.89897942434897e-08,True
9753,6,0.0,True
9754,12,2.0000000766629047e-08,True
9755,5,1.7320507970423888e-08,True
9756,5,5.978733960281817e-16,True
9757,14,0.0,True
9758,12,3.076740298213702e-15,True
9759,8,1.538370149106851e-15,True
9760,12,6.928203261883125e-08,True
9761,12,3.464101901758837e-08,True
9762,12,4.000000108916895e-08,True
9763,11,4.690415786942157e-08,True
9764,8,0.0,True
9765,4,0.0,True
9766,10,2.999999996570561e-08,True
9767,12,7.490509454225691e-15,True
9768,8,0.0,True
9769,14,3.316624562656912e-08,True
9770,16,4.0000001005902176e-08,True
9771,12,4.24264058806379e-08,True
9772,58,1.0770329629216306e-07,True
9773,17,1.7320508355016438e-08,True
9774,18,3.4641014017885217e-08,True
9775,10,2.999999804131923e-08,True
9776,16,2.828427107556512e-08,True
9777,16,5.291502413727825e-08,True
9778,16,2.8284270133509813e-08,True
9779,16,4.000000058956905e-08,True
9780,6,3.464101613314404e-08,True
9781,14,4.4721357788682666e-08,True
9782,14,2.8284269348463366e-08,True
9783,18,3.464101741511935e-08,True
9784,18,2.0000005207521436e-08,True
9785,15,3.8729835519961564e-08,True
9786,20,3.999999842463402e-08,True
9787,16,2.449489730162717e-08,True
9788,14,1.999999921231695e-08,True
9789,16,3.999999598214295e-08,True
9790,12,2.828427123257465e-08,True
9791,10,1.2412670766236366e-15,True
9792,13,2.999999937358678e-08,True
9793,5,2.482534153247273e-16,True
9794,17,6.557438453974027e-08,True
9795,12,2.2360679043293516e-08,True
9796,16,2.8284271232574516e-08,True
9797,8,3.4641015940847796e-08,True
9798,10,9.742167503148516e-16,True
9799,10,1.7320509893386593e-08,True
9800,7,3.0000001001913766e-08,True
9801,16,1.9999999878450703e-08,True
9802,8,9.99999993922529e-09,True
9803,12,4.965068306494546e-16,True
9804,6,1.7320508803707727e-08,True
9805,6,2.175583928816829e-15,True
9806,16,3.4641014883218344e-08,True
9807,6,3.46410151716627e-08,True
9808,6,0.0,True
9809,14,5.999999637869756e-08,True
9810,9,1.732051258553447e-08,True
9811,20,6.324555197639465e-08,True
9812,12,3.464101658183536e-08,True
9813,6,1.538370149106851e-15,True
9814,20,5.291502587872106e-08,True
9815,20,5.2915027569022784e-08,True
9816,20,4.0000007750507435e-08,True
9817,24,2.8284273587713613e-08,True
9818,48,6.63325008937895e-08,True
9819,42,1.1489125161406477e-07,True
9820,22,1.0509068785146553e-14,True
9821,24,9.591663145750728e-08,True
9822,32,5.656854748944526e-08,True
9823,28,1.451988046714587e-14,True
9824,42,1.6044311133441815e-14,True
9825,16,3.4641018504798217e-08,True
9826,28,1.999999499347097e-08,True
9827,20,6.633249925354056e-08,True
9828,20,4.000000344839277e-08,True
9829,32,8.944271604904964e-08,True
9830,20,4.8989792382346004e-08,True
9831,32,6.928203707369609e-08,True
9832,20,5.291502109499781e-08,True
9833,30,4.472135778868255e-08,True
9834,36,1.4696938131690698e-07,True
9835,24,5.656854830761074e-08,True
9836,24,3.999999265147424e-08,True
9837,36,5.656853853991788e-08,True
9838,36,1.095445023219612e-07,True
9839,27,1.732050925239922e-08,True
9840,17,8.660254030081073e-08,True
9841,16,4.472136027121679e-08,True
9842,32,3.999999353965748e-08,True
9843,24,5.656854576234331e-08,True
9844,30,6.928203258678314e-08,True
9845,16,4.8989797911954835e-08,True
9846,32,5.65685560758935e-08,True
9847,30,2.828427398023898e-08,True
9848,30,9.797959088635375e-08,True
9849,28,6.32455377926318e-08,True
9850,16,2.8284268249398935e-08,True
9851,14,2.0000000322539913e-08,True
9852,40,6.928202265147507e-08,True
9853,42,3.3166236504774286e-08,True
9854,36,7.211102482469086e-08,True
9855,28,6.32455524679114e-08,True
9856,32,6.928204432887354e-08,True
9857,24,7.211102482469109e-08,True
9858,28,8.084832810179025e-15,True
9859,24,2.271213500102263e-15,True
9860,27,5.385164790899399e-08,True
9861,16,3.999999886872278e-08,True
9862,14,3.464100671062688e-08,True
9863,44,5.656854301468226e-08,True
9864,40,7.999999773744562e-08,True
9865,40,5.0967822799221e-14,True
9866,42,1.0954451273051125e-07,True
9867,48,1.0315603418136914e-14,True
9868,40,4.898979492052687e-08,True
9869,42,6.633249534539471e-08,True
9870,44,7.745965375442572e-08,True
9871,42,5.6568526018431685e-08,True
9872,40,9.165150684320077e-08,True
9873,14,4.6151104473205536e-15,True
9874,32,5.656853178852075e-08,True
9875,16,2.8284269269958857e-08,True
9876,20,3.605551530679775e-08,True
9877,20,6.0402662910232525e-15,True
9878,20,4.000000340675964e-08,True
9879,24,5.656852299600304e-08,True
9880,27,7.745966421745434e-08,True
9881,28,5.6568539638982594e-08,True
9882,20,3.46410132487001e-08,True
9883,20,4.4721363647463535e-08,True
9884,14,2.8284269897995823e-08,True
9885,20,5.656854248477494e-08,True
9886,24,5.999999874717367e-08,True
9887,20,8.485281003417419e-08,True
9888,22,4.89897981839029e-08,True
9889,20,2.8284269593790395e-08,True
9890,16,3.8968670012594065e-15,True
9891,24,3.999999842463378e-08,True
9892,40,9.813077866773594e-15,True
9893,40,1.1313707927796597e-07,True
9894,24,5.782026696464584e-15,True
9895,60,1.624807748128187e-07,True
9896,28,6.324555340267105e-08,True
9897,16,0.002388894656782199,True
9898,20,6.000000341011005e-08,True
9899,32,6.928204043887985e-08,True
9900,26,5.6568548588510984e-08,True
9901,23,3.741658200783355e-08,True
9902,22,4.4721368811134876e-08,True
9903,32,8.944272268982636e-08,True
9904,24,5.6568543721222884e-08,True
9905,24,9.797959210728694e-08,True
9906,32,5.656853783337593e-08,True
9907,29,3.316623792744203e-08,True
9908,22,3.4641010812947305e-08,True
9909,20,4.8989792062240355e-08,True
9910,18,6.633249436626564e-08,True
9911,8,2.0358559806333806e-15,True
9912,20,6.324555267856131e-08,True
9913,10,1.5740127955196998e-15,True
9914,24,4.898978766858059e-08,True
9915,24,7.483314790379376e-08,True
9916,27,2.4494896009874666e-08,True
9917,16,2.6457515635450865e-08,True
9918,17,4.242640943379045e-08,True
9919,20,1.99999998541646e-08,True
9920,10,1.7320509060102744e-08,True
9921,10,3.46410144665764e-08,True
9922,27,5.0990193345454454e-08,True
9923,20,2.645751251973903e-08,True
9924,20,1.9999993661202496e-08,True
9925,24,4.000000664028443e-08,True
9926,20,3.46410143383797e-08,True
9927,10,1.732050848321395e-08,True
9928,22,6.000000035699671e-08,True
9929,8,1.7320509508794036e-08,True
9930,8,1.7320509508794036e-08,True
9931,10,2.000000121071841e-08,True
9932,24,5.656855596794714e-08,True
9933,10,1.732050720123886e-08,True
9934,14,3.464101901758851e-08,True
9935,26,8.45274626667898e-15,True
9936,8,1.4142137500398331e-08,True
9937,20,4.0000003115327286e-08,True
9938,22,3.464100978736718e-08,True
9939,12,3.999999975690121e-08,True
9940,27,1.0000002048649332e-08,True
9941,8,2.8284271703602047e-08,True
9942,17,4.690415588705627e-08,True
9943,10,2.8284271389583656e-08,True
9944,14,2.000000121071835e-08,True
9945,20,6.000000331759165e-08,True
9946,20,7.999999968033637e-08,True
9947,8,1.732050848321395e-08,True
9948,18,2.8284273587715354e-08,True
9949,8,1.7320509508794036e-08,True
9950,30,2.8284270800798945e-08,True
9951,20,2.828427036902349e-08,True
9952,24,4.8989801809877175e-08,True
9953,20,3.9999997120122953e-08,True
9954,14,5.6568544428377565e-08,True
9955,14,4.898979482987755e-08,True
9956,16,3.464101542805823e-08,True
9957,16,4.8989794591923026e-08,True
9958,20,4.4721362257244075e-08,True
9959,8,9.999999495136327e-09,True
9960,16,3.4641014530675244e-08,True
9961,9,3.46410151716627e-08,True
9962,20,4.582575327926652e-08,True
9963,20,3.741657102920914e-08,True
9964,14,4.582575555358105e-08,True
9965,10,3.1401849173675503e-16,True
9966,7,1.4142136479838014e-08,True
9967,20,3.162278058738947e-08,True
9968,20,7.483314811149758e-08,True
9969,20,6.63325017976007e-08,True
9970,14,2.8284270918555897e-08,True
9971,20,5.291502674419892e-08,True
9972,24,2.8284272017620573e-08,True
9973,20,8.366599940307753e-08,True
9974,12,2.449489655377023e-08,True
9975,10,1.7320508899855863e-08,True
9976,12,4.898979519247484e-08,True
9977,13,3.316624890706854e-08,True
9978,5,9.999999939225299e-09,True
9979,16,3.464101690232946e-08,True
9980,9,5.196152314208659e-08,True
9981,18,6.000000407624384e-08,True
9982,22,6.324555453930301e-08,True
9983,20,3.9999999756901664e-08,True
9984,16,3.162277662014731e-08,True
9985,20,5.2915026890411314e-08,True
9986,8,2.2360678646087874e-08,True
9987,20,6.324555485527849e-08,True
9988,12,3.999999975690118e-08,True
9989,20,2.8284270055005384e-08,True
9990,20,8.485281243183643e-08,True
9991,10,2.449489773504421e-08,True
9992,10,3.464101658183534e-08,True
9993,20,4.472136191822311e-08,True
9994,14,1.0392304743795078e-07,True
9995,20,6.324555594363676e-08,True
9996,12,2.8284271713415142e-08,True
9997,5,2.482534153247273e-16,True
9998,20,4.472135878169643e-08,True
9999,10,4.440892098500626e-16,True
10000,18,4.8989797096110766e-08,True
10001,16,1.9999997658004574e-08,True
10002,20,5.291503108206949e-08,True
10003,20,5.65685474894446e-08,True
10004,28,4.000001307957903e-08,True
10005,15,4.123105351486145e-08,True
10006,12,4.898979637091615e-08,True
10007,24,5.291502600460864e-08,True
10008,20,2.8284266836315816e-08,True
10009,12,1.4142136636847436e-08,True
10010,16,2.8284273901731494e-08,True
10011,16,2.828426683631553e-08,True
10012,20,2.828427256715443e-08,True
10013,20,5.8309511016091816e-08,True
10014,5,1.7320509044078088e-08,True
10015,20,5.656854403524143e-08,True
10016,16,2.8284268092389457e-08,True
10017,14,6.324555057206145e-08,True
10018,10,1.4602703977091186e-15,True
10019,24,6.633249530355089e-08,True
10020,24,2.828428238023082e-08,True
10021,20,6.324554721921577e-08,True
10022,16,4.89897936514364e-08,True
10023,12,3.0000000261765266e-08,True
10024,20,6.633249366330107e-08,True
10025,16,2.8284269819491224e-08,True
10026,10,5.1961525257345547e-08,True
10027,20,2.8284268092390347e-08,True
10028,16,5.6568541366083945e-08,True
10029,14,2.999999715314106e-08,True
10030,14,4.898979283559233e-08,True
10031,18,3.464101539600866e-08,True
10032,7,1.7320506175658958e-08,True
10033,18,5.2915024764748205e-08,True
10034,20,4.472135610055944e-08,True
10035,10,1.4261072965499199e-15,True
10036,20,3.999999984016932e-08,True
10037,8,2.2360680036306983e-08,True
10038,9,1.7320507201238814e-08,True
10039,26,7.21110241010777e-08,True
10040,16,4.472135610055962e-08,True
10041,26,6.324554467386184e-08,True
10042,25,5.196153288509756e-08,True
10043,14,5.2915024913583904e-08,True
10044,27,3.162277286355616e-08,True
10045,10,2.8284271350331292e-08,True
10046,10,2.8284272331639033e-08,True
10047,20,8.94427300753649e-08,True
10048,12,2.828427076154663e-08,True
10049,22,5.291502359176577e-08,True
10050,20,2.828427523631042e-08,True
10051,22,2.828427460827374e-08,True
10052,10,6.000000022747069e-08,True
10053,32,4.000000419779352e-08,True
10054,20,4.582575858196257e-08,True
10055,20,6.928203598401625e-08,True
10056,20,7.745967149857651e-08,True
10057,14,3.4641016966427996e-08,True
10058,20,4.0000001089168916e-08,True
10059,6,0.0,True
10060,14,1.9999999878450604e-08,True
10061,10,5.1961525962431865e-08,True
10062,12,4.4721357689381255e-08,True
10063,14,2.050158411106494e-15,True
10064,12,2.6645352591003757e-15,True
10065,6,2.000000010049519e-08,True
10066,14,6.324555302964471e-08,True
10067,12,2.8284271546592817e-08,True
10068,14,3.4641019273983284e-08,True
10069,12,3.605551056867161e-08,True
10070,10,1.355199909595506e-15,True
10071,15,3.9999999960731236e-08,True
10072,8,6.280369834735101e-16,True
10073,12,1.999999899027279e-08,True
10074,7,2.6457513033776122e-08,True
10075,12,0.0,True
10076,4,3.1401849173675503e-16,True
10077,10,7.195067539997724e-16,True
10078,16,2.828427076154673e-08,True
10079,8,0.0,True
10080,18,3.3232593448441795e-15,True
10081,4,6.661338147750939e-16,True
10082,11,2.236067983770433e-08,True
10083,14,3.464102363269852e-08,True
10084,12,1.1183940140104405e-15,True
10085,10,1.7320509252399012e-08,True
10086,16,1.999999810209384e-08,True
10087,10,1.7320505919263693e-08,True
10088,3,1.73205080405945e-08,True
10089,10,2.000000165480746e-08,True
10090,12,5.6568544113745807e-08,True
10091,18,3.4641015824668836e-08,True
10092,5,9.99999993922531e-09,True
10093,16,6.928203188169555e-08,True
10094,10,1.7320511047164267e-08,True
10095,11,3.464101735102043e-08,True
10096,15,1.4142134988250186e-08,True
10097,12,4.000000036752384e-08,True
10098,10,1.7320507521732725e-08,True
10099,13,4.2426407293721e-08,True
10100,16,1.9999999878451196e-08,True
10101,14,5.291502976025104e-08,True
10102,8,0.0,True
10103,14,4.898979510182622e-08,True
10104,20,6.928202649740003e-08,True
10105,12,2.000000209889714e-08,True
10106,14,7.211102643357547e-08,True
10107,16,4.0000005085972e-08,True
10108,12,4.123105697159755e-08,True
10109,12,4.4721357689381215e-08,True
10110,6,1.4142136793856527e-08,True
10111,14,6.3433484172078745e-15,True
10112,16,3.999999897974522e-08,True
10113,12,0.0,True
10114,9,1.7320508355016425e-08,True
10115,8,2.000000165480742e-08,True
10116,10,1.7320509765189066e-08,True
10117,4,2.220446049250313e-16,True
10118,10,3.464101106934234e-08,True
10119,16,1.9999999212317398e-08,True
10120,12,2.000000076662918e-08,True
10121,12,7.070647768654696e-15,True
10122,16,4.8989797277409427e-08,True
10123,10,5.978733960281817e-16,True
10124,10,2.000000076662904e-08,True
10125,3,1.7320507970423888e-08,True
10126,11,2.2360680085957765e-08,True
10127,10,2.828427138958366e-08,True
10128,10,2.8284270290518865e-08,True
10129,6,4.440892098500626e-16,True
10130,6,1.999999987845058e-08,True
10131,3,0.0,True
10132,8,2.999999983617959e-08,True
10133,4,1.7320508996004002e-08,True
10134,6,1.999999899027218e-08,True
10135,4,9.99999993922531e-09,True
10136,8,2.2360679862529588e-08,True
10137,3,0.0,True
10138,5,1.7320508226818918e-08,True
10139,4,1.0000000161269895e-08,True
10140,12,2.0000001210718213e-08,True
10141,5,6.280369834735101e-16,True
10142,4,1.000000000000002e-08,True
10143,4,1.4142134909745548e-08,True
10144,3,0.0,True
10145,5,1.7320509508794036e-08,True
10146,3,0.0,True
10147,8,1.999999987845059e-08,True
10148,3,0.0,True
10149,6,1.0000000827403751e-08,True
10150,7,0.0,True
10151,6,9.155133597044475e-16,True
10152,4,1.00000001612699e-08,True
10153,9,2.449489755091275e-08,True
10154,6,0.0,True
10155,6,1.9999999878450584e-08,True
10156,4,0.0,True
10157,2,0.0,True
10158,2,0.0,True
10159,15,4.358898764228015e-08,True
10160,6,1.7320507714028878e-08,True
10161,5,1.7320508098621408e-08,True
10162,14,2.8284271075565286e-08,True
10163,10,1.7483809675615383e-15,True
10164,7,1.0000000827403717e-08,True
10165,10,2.8284271075565067e-08,True
10166,13,4.242640096101496e-08,True
10167,20,2.0000000766629262e-08,True
10168,16,3.872983588545164e-08,True
10169,12,3.464101747921822e-08,True
10170,10,1.7320507970423898e-08,True
10171,10,3.4641015972897153e-08,True
10172,10,1.73205093485473e-08,True
10173,22,6.633249622409918e-08,True
10174,10,3.741657553934673e-08,True
10175,18,3.999999753645524e-08,True
10176,9,3.794299872214038e-15,True
10177,10,3.4641017363039077e-08,True
10178,12,2.828427170360267e-08,True
10179,12,2.645751219452658e-08,True
10180,16,4.000000004139581e-08,True
10181,10,2.8284271075565107e-08,True
10182,12,2.645751219452641e-08,True
10183,10,4.965068306494546e-16,True
10184,10,2.482534153247273e-16,True
10185,14,4.8989792994228656e-08,True
10186,9,1.9999999878450587e-08,True
10187,14,2.0000001654807913e-08,True
10188,24,6.928204136831167e-08,True
10189,8,1.4142135616287155e-08,True
10190,8,1.9860273225978185e-15,True
10191,12,1.999999899027216e-08,True
10192,14,3.4641017479217924e-08,True
10193,16,3.4641018248403176e-08,True
10194,20,6.928202777937521e-08,True
10195,18,2.8284268578137735e-08,True
10196,10,1.7320507073041304e-08,True
10197,10,1.7320507970423908e-08,True
10198,14,3.99999995452649e-08,True
10199,12,2.000000209889673e-08,True
10200,9,1.732050829091767e-08,True
10201,10,3.4641018504798025e-08,True
10202,23,4.8989794195332195e-08,True
10203,15,3.316624781914803e-08,True
10204,16,3.741657519070112e-08,True
10205,12,4.2426408131103664e-08,True
10206,10,1.9999999878450766e-08,True
10207,14,6.92820303433254e-08,True
10208,22,3.4641020299563345e-08,True
10209,10,1.4602703977091186e-15,True
10210,10,1.732050784222642e-08,True
10211,14,3.464101667397738e-08,True
10212,20,7.188211828540968e-15,True
10213,20,3.741657157443161e-08,True
10214,10,1.0706603116298291e-15,True
10215,15,1.4142135164886086e-08,True
10216,14,5.291502619343968e-08,True
10217,10,1.732050662435001e-08,True
10218,10,1.732050720123886e-08,True
10219,22,6.000000244791685e-08,True
10220,16,5.656854395673653e-08,True
10221,14,2.0000000072739676e-08,True
10222,8,2.236067862436575e-08,True
10223,10,3.464101574855151e-08,True
10224,10,2.828427138958357e-08,True
10225,10,2.828427201762054e-08,True
10226,11,5.385164869241424e-08,True
10227,8,2.8284270604537334e-08,True
10228,20,4.000000419779362e-08,True
10229,6,2.000000000335068e-08,True
10230,8,2.828427201762054e-08,True
10231,10,2.8284270447528144e-08,True
10232,10,3.464101613314404e-08,True
10233,15,5.5677643225115344e-08,True
10234,18,3.4641017094625393e-08,True
10235,12,1.9999998768227738e-08,True
10236,10,1.7320508162720163e-08,True
10237,10,1.732050681664628e-08,True
10238,9,3.464101539600838e-08,True
10239,8,1.999999987845062e-08,True
10240,8,2.8284271789524e-08,True
10241,14,8.68248353037211e-15,True
10242,10,1.041481514324134e-15,True
10243,20,3.464101835256926e-08,True
10244,12,2.8284272174629803e-08,True
10245,8,3.464101598892184e-08,True
10246,5,0.0,True
10247,8,2.4494898004159404e-08,True
10248,10,5.196152609062937e-08,True
10249,10,1.041481514324134e-15,True
10250,10,1.7320507970423934e-08,True
10251,10,1.732050777812764e-08,True
10252,10,3.316624837147679e-08,True
10253,10,1.6504651808933464e-15,True
10254,11,3.162277665525566e-08,True
10255,10,1.7320507201238847e-08,True
10256,20,3.464101445055175e-08,True
10257,10,2.8284271389583573e-08,True
10258,12,6.928203188169555e-08,True
10259,10,7.021666937153402e-16,True
10260,10,1.7320504893683602e-08,True
10261,20,3.9999998868722814e-08,True
10262,20,7.0356962557104815e-15,True
10263,10,1.732050925239903e-08,True
10264,16,5.196152245836658e-08,True
10265,12,7.691850745534255e-16,True
10266,10,2.0000003431164656e-08,True
10267,14,5.291502956092924e-08,True
10268,8,1.99999998784506e-08,True
10269,16,2.6457517628668495e-08,True
10270,14,2.8284268877435656e-08,True
10271,12,3.4641017959958825e-08,True
10272,16,6.928203175349804e-08,True
10273,12,2.8284270447528088e-08,True
10274,16,6.928203085611546e-08,True
10275,16,3.999999909076737e-08,True
10276,15,5.0990198222665744e-08,True
10277,10,1.7320508739608998e-08,True
10278,10,1.7320507970423888e-08,True
10279,17,2.828427136014437e-08,True
10280,18,4.000000050630178e-08,True
10281,8,1.0000001271493019e-08,True
10282,13,2.4494892927796947e-08,True
10283,16,2.8284272331639092e-08,True
10284,13,3.162277507538062e-08,True
10285,10,1.4261072965499199e-15,True
10286,16,3.999999620418899e-08,True
10287,10,1.6616296724220897e-15,True
10288,13,2.4494897414938844e-08,True
10289,16,1.4142135007876849e-08,True
10290,12,3.464101598892186e-08,True
10291,8,3.741657371452117e-08,True
10292,10,1.732050713714009e-08,True
10293,20,3.316624465580954e-08,True
10294,8,1.2803716525534355e-15,True
10295,12,3.8968670012594065e-15,True
10296,10,4.213000162292041e-15,True
10297,24,1.9999998546182974e-08,True
10298,20,4.0000010415042654e-08,True
10299,12,3.464101446657642e-08,True
10300,14,1.9999999878450835e-08,True
10301,18,2.0000000766629986e-08,True
10302,11,2.2360681178272826e-08,True
10303,10,1.472877282518059e-15,True
10304,10,1.732050950879405e-08,True
10305,16,2.0000000100496645e-08,True
10306,18,2.4494898548055452e-08,True
10307,16,2.8284271075565398e-08,True
10308,7,1.732050821079423e-08,True
10309,10,2.4494897822860876e-08,True
10310,10,1.6504651808933464e-15,True
10311,12,2.4494897981497064e-08,True
10312,10,5.1961525834234355e-08,True
10313,10,4.0000001366724805e-08,True
10314,17,3.605551739103457e-08,True
10315,10,1.7320511047164197e-08,True
10316,12,3.46410141460826e-08,True
10317,21,4.472135965989276e-08,True
10318,16,3.1086244689504383e-15,True
10319,14,1.9999996325736948e-08,True
10320,9,3.1622775563605905e-08,True
10321,14,2.0000001654807982e-08,True
10322,14,3.4641017799712096e-08,True
10323,12,3.4641014210181396e-08,True
10324,3,0.0,True
10325,2,0.0,True
10326,3,4.80740671595891e-16,True
10327,2,0.0,True
10328,3,0.0,True
10329,3,1.7320508739608962e-08,True
10330,5,6.280369834735101e-16,True
10331,4,1.000000082740373e-08,True
10332,2,0.0,True
10333,8,7.691850745534255e-16,True
10334,2,0.0,True
10335,2,0.0,True
10336,2,0.0,True
10337,4,1.4142135537782539e-08,True
10338,2,0.0,True
10339,2,0.0,True
10340,4,0.0,True
10341,6,1.7320508162720156e-08,True
10342,3,0.0,True
10343,4,1.9229626863835638e-16,True
10344,4,1.7320507970423888e-08,True
10345,5,1.7320508996003992e-08,True
10346,2,0.0,True
10347,3,1.5265566588595902e-16,True
10348,2,0.0,True
10349,2,0.0,True
10350,5,0.0,True
10351,4,1.732050848321394e-08,True
10352,3,1.7320507970423888e-08,True
10353,3,3.8459253727671276e-16,True
10354,5,1.7320508996004002e-08,True
10355,2,0.0,True
10356,2,0.0,True
10357,4,1.7320508226818918e-08,True
10358,12,7.691850745534255e-16,True
10359,3,0.0,True
10360,4,1.0000000383314522e-08,True
10361,6,7.691850745534255e-16,True
10362,3,1.7320507970423888e-08,True
10363,4,9.99999993922529e-09,True
10364,2,0.0,True
10365,4,9.99999949513616e-09,True
10366,3,1.7320508739608962e-08,True
10367,3,1.7320507970423888e-08,True
10368,4,1.73205096369916e-08,True
10369,5,1.732050668844877e-08,True
10370,2,0.0,True
10371,4,1.7320508226818928e-08,True
10372,5,7.691850745534255e-16,True
10373,6,0.0,True
10374,2,0.0,True
10375,3,1.7320507970423888e-08,True
10376,3,3.8459253727671276e-16,True
10377,4,0.0,True
10378,3,0.0,True
10379,3,1.538370149106851e-15,True
10380,8,5.475099487534308e-15,True
10381,16,4.000000020099047e-08,True
10382,5,9.999999273091497e-09,True
10383,3,0.0,True
10384,10,3.464101690232913e-08,True
10385,4,1.4142136165819515e-08,True
10386,9,2.2360679514974814e-08,True
10387,4,1.732050745763384e-08,True
10388,4,5.438959822042073e-16,True
10389,3,0.0,True
10390,6,2.8284271075565064e-08,True
10391,8,3.999999976774318e-08,True
10392,8,1.831026719408895e-15,True
10393,9,9.9999994951361e-09,True
10394,4,1.7320507585831358e-08,True
10395,4,0.0,True
10396,8,1.99999998784506e-08,True
10397,4,1.4142135537782539e-08,True
10398,12,4.898979460325417e-08,True
10399,6,3.464101696642788e-08,True
10400,4,4.440892098500626e-16,True
10401,5,1.4142134951451154e-08,True
10402,3,1.7320507970423888e-08,True
10403,10,2.000000121071841e-08,True
10404,12,6.9282036496806e-08,True
10405,3,0.0,True
10406,4,1.4142134281708565e-08,True
10407,9,2.4494898230782917e-08,True
10408,10,4.0000000024482264e-08,True
10409,4,1.414213522376404e-08,True
10410,8,1.0877919644084146e-15,True
10411,5,1.73205080405945e-08,True
10412,4,9.99999949513608e-09,True
10413,8,8.881784197001252e-16,True
10414,10,2.2360679912180284e-08,True
10415,7,2.645751315179561e-08,True
10416,3,0.0,True
10417,6,2.8284269819491095e-08,True
10418,5,2.999999863343798e-08,True
10419,3,1.7320507970423888e-08,True
10420,6,1.7763568394002505e-15,True
10421,3,1.732050800572828e-08,True
10422,9,7.135936359693696e-16,True
10423,9,1.4142135145259497e-08,True
10424,5,1.7320508226818918e-08,True
10425,3,1.7320507970423888e-08,True
10426,12,3.999999909076738e-08,True
10427,10,2.8284271389583686e-08,True
10428,8,9.99999949513609e-09,True
10429,2,0.0,True
10430,7,8.881784197001252e-16,True
10431,7,2.6457513983177375e-08,True
10432,9,1.7320507649930106e-08,True
10433,4,0.0,True
10434,6,3.4641017036035145e-08,True
10435,6,6.661338147750939e-16,True
10436,4,1.4142134281708565e-08,True
10437,5,1.7320507842226378e-08,True
10438,4,9.9999999392253e-09,True
10439,14,3.464100824899703e-08,True
10440,6,9.99999993922531e-09,True
10441,3,1.0000000161269895e-08,True
10442,3,1.7320507970423888e-08,True
10443,3,0.0,True
10444,3,0.0,True
10445,5,1.4142134124699431e-08,True
10446,4,0.0,True
10447,3,1.9229626863835638e-16,True
10448,4,6.280369834735101e-16,True
10449,5,1.7320510277979123e-08,True
10450,7,5.196152455225923e-08,True
10451,4,0.0,True
10452,4,1.4142134281708565e-08,True
10453,5,1.7320506944843804e-08,True
10454,3,7.691850745534255e-16,True
10455,5,2.2360680632115176e-08,True
10456,8,2.00000003225398e-08,True
10457,5,1.4142136793856527e-08,True
10458,4,1.414213553778256e-08,True
10459,8,4.6151104473205536e-15,True
10460,7,2.8284270447528085e-08,True
10461,4,0.0,True
10462,4,1.4142136479838008e-08,True
10463,14,5.999999978338151e-08,True
10464,3,0.0,True
10465,4,0.0,True
10466,9,2.645751383106335e-08,True
10467,10,2.00000016548075e-08,True
10468,8,2.4494897142990777e-08,True
10469,10,2.4494898729354183e-08,True
10470,12,4.1231057587023414e-08,True
10471,12,1.538370149106851e-15,True
10472,8,3.46410162292922e-08,True
10473,12,4.6151104473205536e-15,True
10474,14,4.472135994848727e-08,True
10475,10,2.2360677926153323e-08,True
10476,10,2.828427170360206e-08,True
10477,10,1.999999899027216e-08,True
10478,5,1.4142135537782532e-08,True
10479,4,0.0,True
10480,20,5.656854262215794e-08,True
10481,10,2.8284269931114907e-08,True
10482,10,1.9999993661202357e-08,True
10483,10,3.464101594084778e-08,True
10484,9,2.2360679887354953e-08,True
10485,4,1.4142135537782532e-08,True
10486,4,1.4142134281708565e-08,True
10487,7,3.464101671003285e-08,True
10488,12,4.472135736665193e-08,True
10489,10,3.4641013889687614e-08,True
10490,5,6.280369834735101e-16,True
10491,10,1.732050848321394e-08,True
10492,8,1.732050694484379e-08,True
10493,12,3.46410148511691e-08,True
10494,10,3.4641017479217964e-08,True
10495,12,4.690415724216572e-08,True
10496,14,2.828427295967614e-08,True
10497,8,2.449489764156208e-08,True
10498,12,2.3075552236602768e-15,True
10499,6,1.0000000827403887e-08,True
10500,10,3.4641016389539075e-08,True
10501,14,1.9999998102093744e-08,True
10502,14,3.4641015556255285e-08,True
10503,12,5.6568542700662505e-08,True
10504,10,3.464101773561295e-08,True
10505,12,4.0000002421436917e-08,True
10506,11,1.414213490974572e-08,True
10507,6,2.000000025315085e-08,True
10508,12,1.9357399876532506e-15,True
10509,11,1.4142135066754845e-08,True
10510,12,1.9999999998146557e-08,True
10511,5,1.414213542983868e-08,True
10512,10,3.9999999146278603e-08,True
10513,10,3.796938397143822e-15,True
10514,10,1.7320508034522646e-08,True
10515,6,2.0000000766629004e-08,True
10516,10,3.162277654993069e-08,True
10517,10,1.9999998546183034e-08,True
10518,4,1.1102230246251565e-16,True
10519,4,2.220446049250313e-16,True
10520,14,2.828427021201422e-08,True
10521,18,5.291502858530155e-08,True
10522,21,1.732051284193112e-08,True
10523,20,8.000000162322615e-08,True
10524,10,3.464101645363783e-08,True
10525,18,4.898979745870811e-08,True
10526,30,7.483314814116934e-08,True
10527,24,6.928203393285582e-08,True
10528,10,1.7320505085979864e-08,True
10529,30,1.0770329332341253e-07,True
10530,20,6.324554857088665e-08,True
10531,22,4.4721352724313696e-08,True
10532,22,3.464101504346585e-08,True
10533,10,1.732050745763384e-08,True
10534,10,3.464101529986022e-08,True
10535,14,3.3166247635038133e-08,True
10536,22,4.4721348752259125e-08,True
10537,20,8.000000187302634e-08,True
10538,18,2.0000001210718233e-08,True
10539,10,1.5059797815742444e-15,True
10540,23,6.244997735333449e-08,True
10541,20,2.8284269819493564e-08,True
10542,10,2.6084334968580714e-15,True
10543,20,3.99999989337749e-08,True
10544,23,4.999999963506461e-08,True
10545,10,3.464101747921793e-08,True
10546,21,3.162277851599965e-08,True
10547,14,2.8284271399397532e-08,True
10548,28,2.8284271546595424e-08,True
10549,24,3.4640998505989125e-08,True
10550,10,3.464101600494654e-08,True
10551,21,3.4641016966428744e-08,True
10552,14,5.656854250440099e-08,True
10553,22,8.717798842721607e-08,True
10554,10,3.464101388968758e-08,True
10555,10,3.4641015492156484e-08,True
10556,26,3.464101542805953e-08,True
10557,10,1.1322097734007351e-15,True
10558,28,7.483314213120696e-08,True
10559,9,1.7320508611411452e-08,True
10560,24,4.8989798909097744e-08,True
10561,16,3.9999998424635126e-08,True
10562,22,1.4715376939894124e-14,True
10563,24,4.690414950206584e-08,True
10564,10,1.732050848321394e-08,True
10565,36,1.9999999878450594e-08,True
10566,26,8.246210996475331e-08,True
10567,18,5.656854364271801e-08,True
10568,20,4.4721361065627855e-08,True
10569,10,1.4142136165819627e-08,True
10570,10,1.0877919644084146e-15,True
10571,28,5.4772251373813526e-08,True
10572,16,7.999999649538351e-08,True
10573,6,3.4641016601866206e-08,True
10574,26,9.155133597044475e-15,True
10575,24,5.999999772947042e-08,True
10576,16,4.472136092210613e-08,True
10577,23,1.9999995881648867e-08,True
10578,10,7.447602459741819e-16,True
10579,24,4.4721357723516054e-08,True
10580,24,2.4494895410739304e-08,True
10581,10,1.8209011484034673e-15,True
10582,10,2.482534153247273e-16,True
10583,33,3.464101683823037e-08,True
10584,21,5.196151792872152e-08,True
10585,28,5.6568552984768165e-08,True
10586,24,1.0392305859113438e-07,True
10587,32,5.656853693057362e-08,True
10588,10,3.464101818430424e-08,True
10589,18,2.000000609570001e-08,True
10590,31,3.1622775075380945e-08,True
10591,20,6.633249065059752e-08,True
10592,14,6.928202265147488e-08,True
10593,23,4.123106225262874e-08,True
10594,26,4.472136563349054e-08,True
10595,24,2.4494900904941473e-08,True
10596,10,7.021666937153402e-16,True
10597,10,3.4641015748551504e-08,True
10598,20,2.8284271546592886e-08,True
10599,23,5.744562418360633e-08,True
10600,10,0.0,True
10601,10,5.1961523975370425e-08,True
10602,22,6.928203649680605e-08,True
10603,10,1.732050662435001e-08,True
10604,10,1.041481514324134e-15,True
10605,32,8.485280052203435e-08,True
10606,13,3.1622777322314006e-08,True
10607,22,6.928204495784193e-08,True
10608,22,5.8309512577385985e-08,True
10609,21,1.732051438030042e-08,True
10610,26,4.472135788798463e-08,True
10611,18,4.898979532844891e-08,True
10612,20,6.928203265088077e-08,True
10613,10,2.4494894378187232e-08,True
10614,22,3.7416577972447555e-08,True
10615,30,8.24621165349056e-08,True
10616,12,3.1622775031495176e-08,True
10617,18,2.8284274058741115e-08,True
10618,24,5.656855722401919e-08,True
10619,18,6.324555447786353e-08,True
10620,16,3.464102004316829e-08,True
10621,10,1.8209011484034673e-15,True
10622,20,4.0000003753704096e-08,True
10623,16,2.8284267935380184e-08,True
10624,10,5.196152256519778e-08,True
10625,10,2.6084334968580714e-15,True
10626,10,3.464101741511919e-08,True
10627,20,3.4641026709438845e-08,True
10628,18,3.464101821635558e-08,True
10629,14,3.4641016838230406e-08,True
10630,10,1.4261072965499199e-15,True
10631,14,2.8284266051269216e-08,True
10632,22,6.928204111191666e-08,True
10633,21,5.567764482531597e-08,True
10634,28,6.92820267537957e-08,True
10635,16,4.472135788798391e-08,True
10636,6,1.999999987845058e-08,True
10637,10,2.8284271075565067e-08,True
10638,30,7.211102340825689e-08,True
10639,20,3.316625412908853e-08,True
10640,18,4.472135689497051e-08,True
10641,24,6.000000429829122e-08,True
10642,12,5.6568544349259585e-08,True
10643,28,4.000000775050954e-08,True
10644,28,5.656855408383424e-08,True
10645,14,2.8284274843787377e-08,True
10646,32,3.3166253191807254e-08,True
10647,20,6.164413844836641e-08,True
10648,14,6.928203188169555e-08,True
10649,10,2.482534153247273e-16,True
10650,32,5.656853430067007e-08,True
10651,24,5.65685401100102e-08,True
10652,24,5.7445625111279066e-08,True
10653,10,2.482534153247273e-16,True
10654,22,7.211102149914983e-08,True
10655,24,9.999999717182866e-09,True
10656,10,1.732051207274429e-08,True
10657,24,1.9470808308974426e-14,True
10658,10,1.7320508290917673e-08,True
10659,28,5.65685379118812e-08,True
10660,26,6.324555222215388e-08,True
10661,16,3.76822190084106e-15,True
10662,10,3.3472809927562375e-15,True
10663,20,5.656854466327812e-08,True
10664,14,4.0000005974150225e-08,True
10665,22,2.0000006095700485e-08,True
10666,20,4.898979077332104e-08,True
10667,10,1.7320506944843794e-08,True
10668,22,4.000000136672509e-08,True
10669,18,2.0000001210718697e-08,True
10670,26,4.898980452935595e-08,True
10671,16,6.928202803577018e-08,True
10672,16,2.828426958397745e-08,True
10673,27,3.162277640949812e-08,True
10674,22,6.92820354712259e-08,True
10675,10,3.464101747921793e-08,True
10676,10,3.464101645363783e-08,True
10677,14,2.0000001654808052e-08,True
10678,28,6.500791919735644e-15,True
10679,16,3.4641017975983325e-08,True
10680,28,6.928202752298062e-08,True
10681,22,1.8380143706209107e-14,True
10682,18,2.8284273116685414e-08,True
10683,14,2.5989654674417885e-15,True
10684,10,3.4641017671514196e-08,True
10685,14,4.898979854650035e-08,True
10686,20,6.324555432865309e-08,True
10687,20,3.999999972567635e-08,True
10688,10,1.7320509444695314e-08,True
10689,20,4.8989794195332333e-08,True
10690,24,3.464101478707373e-08,True
10691,24,3.464101555625539e-08,True
10692,24,1.0392302731094135e-07,True
10693,20,5.099019403131228e-08,True
10694,22,2.0000004319343632e-08,True
10695,24,3.999999931281365e-08,True
10696,20,5.656853822589944e-08,True
10697,32,7.211102599478852e-08,True
10698,10,1.73205075217326e-08,True
10699,8,1.9999999767428288e-08,True
10700,30,7.483314520364593e-08,True
10701,22,2.0000004319344456e-08,True
10702,22,3.464101568445315e-08,True
10703,10,3.464101613314404e-08,True
10704,24,4.242640896848632e-08,True
10705,24,5.656853398665019e-08,True
10706,10,1.6504651808933464e-15,True
10707,10,1.7320509508794046e-08,True
10708,10,1.7320511047164194e-08,True
10709,23,5.099019021010794e-08,True
10710,10,1.4390135079995448e-15,True
10711,10,3.4641016453637836e-08,True
10712,14,2.8284276099861097e-08,True
10713,22,6.928203957354646e-08,True
10714,20,6.928203136890555e-08,True
10715,10,1.7320507201238847e-08,True
10716,24,5.3851649145973385e-08,True
10717,22,6.324554579732917e-08,True
10718,10,1.7320507970423898e-08,True
10719,22,7.211102935112214e-08,True
10720,11,3.60555129589042e-08,True
10721,24,5.999999608263883e-08,True
10722,24,5.656854843149999e-08,True
10723,26,6.324555313496999e-08,True
10724,22,6.928205752119804e-08,True
10725,22,4.8989795192474825e-08,True
10726,23,2.4494896553771147e-08,True
10727,10,9.999998162868451e-09,True
10728,24,2.6457512058149296e-08,True
10729,13,2.449489800415953e-08,True
10730,10,1.7320509316497767e-08,True
10731,10,3.4641016838230367e-08,True
10732,14,3.4641017479217924e-08,True
10733,25,3.605551650768937e-08,True
10734,21,5.3851638755346027e-08,True
10735,10,3.4641015684452775e-08,True
10736,10,1.73205069448438e-08,True
10737,10,1.7320509316497767e-08,True
10738,14,4.00000015332581e-08,True
10739,28,8.406457793588791e-15,True
10740,24,5.656854230813978e-08,True
10741,10,1.7320508162720173e-08,True
10742,24,6.928203194579432e-08,True
10743,14,2.828427484378709e-08,True
10744,21,1.4142140248061697e-08,True
10745,24,9.165151517730665e-08,True
10746,10,1.4602703977091186e-15,True
10747,22,4.47213553061487e-08,True
10748,22,3.162278060055486e-08,True
10749,21,4.242640294979914e-08,True
10750,10,2.482534153247273e-16,True
10751,10,3.464101645363783e-08,True
10752,10,1.7320508034522666e-08,True
10753,20,2.8284279161541227e-08,True
10754,22,5.29150260832884e-08,True
10755,24,4.000000936033594e-08,True
10756,24,6.92820321380906e-08,True
10757,22,7.483315196885212e-08,True
10758,22,3.464101542805782e-08,True
10759,18,7.21110224229115e-08,True
10760,10,1.7320507906325146e-08,True
10761,24,2.8284274929651692e-08,True
10762,10,1.6504651808933464e-15,True
10763,18,6.324556040239519e-08,True
10764,20,6.324554902729447e-08,True
10765,10,1.041481514324134e-15,True
10766,10,3.4641014081983846e-08,True
10767,14,6.00000031880655e-08,True
10768,22,7.483315274032294e-08,True
10769,20,5.1961507886582614e-08,True
10770,9,3.0000000906793164e-08,True
10771,18,2.6457511103502292e-08,True
10772,13,2.449489952253593e-08,True
10773,28,9.026223170040688e-16,True
10774,21,1.4142131141523655e-08,True
10775,10,2.482534153247273e-16,True
10776,26,7.483314872719076e-08,True
10777,20,3.999999709236618e-08,True
10778,10,1.7320509316497774e-08,True
10779,14,1.999999632573703e-08,True
10780,14,4.4721361264230426e-08,True
10781,13,3.872982909881456e-08,True
10782,20,7.211103049042824e-08,True
10783,10,1.7320508162720176e-08,True
10784,14,3.464101030015778e-08,True
10785,10,1.732050662435001e-08,True
10786,24,2.8284270270894266e-08,True
10787,14,2.0000001210718356e-08,True
10788,16,2.8284270722294287e-08,True
10789,10,1.732050591926374e-08,True
10790,10,3.464101653376131e-08,True
10791,22,7.071068098610794e-08,True
10792,16,2.449489806081539e-08,True
10793,24,3.999999997894642e-08,True
10794,26,6.633248750399748e-08,True
10795,22,3.741657150396058e-08,True
10796,24,3.316624716639542e-08,True
10797,10,1.7320510213880358e-08,True
10798,24,6.782329943542795e-08,True
10799,10,7.447602459741819e-16,True
10800,20,2.236067675936349e-08,True
10801,22,3.8729847215623636e-08,True
10802,24,3.4641013697391395e-08,True
10803,26,5.80854638767337e-15,True
10804,18,5.475099487534308e-15,True
10805,10,1.5582722720639762e-15,True
10806,22,6.928203136890551e-08,True
10807,22,5.999999697081654e-08,True
10808,24,6.63324863323899e-08,True
10809,20,4.0000009970955456e-08,True
10810,20,3.5596458096434965e-15,True
10811,10,2.44948978681855e-08,True
10812,24,3.9999996426233034e-08,True
10813,14,3.464101235131755e-08,True
10814,22,3.464101299230523e-08,True
10815,10,1.5059797815742444e-15,True
10816,21,3.162277493494739e-08,True
10817,28,5.999999475037088e-08,True
10818,24,5.65685415230934e-08,True
10819,18,6.000000081958967e-08,True
10820,14,2.4494897278964953e-08,True
10821,22,4.472134974527305e-08,True
10822,10,1.732050867551021e-08,True
10823,14,4.898979544034413e-08,True
10824,10,5.1961524936851765e-08,True
10825,10,1.900395703982448e-15,True
10826,10,1.6504651808933464e-15,True
10827,18,3.16227755668979e-08,True
10828,24,6.63324958726178e-08,True
10829,14,3.464101388968758e-08,True
10830,10,1.7320507906325146e-08,True
10831,24,1.4142136165821063e-08,True
10832,10,1.73205048936836e-08,True
10833,10,3.464101722282291e-08,True
10834,16,5.197930934883577e-15,True
10835,24,4.8989792518319694e-08,True
10836,21,4.242640713671188e-08,True
10837,32,4.898978875637305e-08,True
10838,14,3.162278011178095e-08,True
10839,10,3.464101459477389e-08,True
10840,10,1.732050540647367e-08,True
10841,10,7.021666937153402e-16,True
10842,22,4.4721355703353876e-08,True
10843,21,3.741657458984446e-08,True
10844,14,5.6568546547389076e-08,True
10845,14,2.8284272645657608e-08,True
10846,10,3.464101517166272e-08,True
10847,26,1.1661904457574282e-07,True
10848,13,3.7416574359886326e-08,True
10849,22,6.928202630510417e-08,True
10850,20,6.324555385798229e-08,True
10851,10,3.464101658183534e-08,True
10852,24,9.999998162870003e-09,True
10853,26,3.464100671063003e-08,True
10854,24,4.4721359675408626e-08,True
10855,20,2.8284270133509876e-08,True
10856,14,4.0000000655487955e-08,True
10857,21,1.41421298854521e-08,True
10858,18,4.898979538510468e-08,True
10859,30,4.898979591766961e-08,True
10860,20,9.797958730287284e-08,True
10861,14,6.633249219042379e-08,True
10862,10,1.7320506944843794e-08,True
10863,24,5.656854230814463e-08,True
10864,22,6.928203277907815e-08,True
10865,20,3.464101922590972e-08,True
10866,28,5.656854309318667e-08,True
10867,10,1.7320509572892798e-08,True
10868,19,3.1622786284816545e-08,True
10869,14,3.464101081294732e-08,True
10870,14,4.4721361666090656e-08,True
10871,14,5.656854325019496e-08,True
10872,10,1.7320506944843794e-08,True
10873,20,1.7320505214177996e-08,True
10874,14,6.928203713779389e-08,True
10875,22,7.483314585642905e-08,True
10876,28,7.2111028977287e-08,True
10877,10,3.396629320202206e-15,True
10878,18,5.099018962222627e-08,True
10879,10,4.472135848379211e-08,True
10880,16,5.6568541366084144e-08,True
10881,24,2.8284273842853225e-08,True
10882,14,2.828427735593515e-08,True
10883,13,2.6457512393848312e-08,True
10884,28,7.483314443217467e-08,True
10885,24,3.464102292761581e-08,True
10886,10,3.464101677413162e-08,True
10887,22,3.741656663776043e-08,True
10888,10,2.6457513075738643e-08,True
10889,23,3.741657180068045e-08,True
10890,20,3.9999995760098286e-08,True
10891,18,2.8284270918555877e-08,True
10892,18,2.8284272174630464e-08,True
10893,18,2.6457506865292045e-08,True
10894,22,3.872983010212026e-08,True
10895,24,5.65685481174826e-08,True
10896,19,3.46410142903049e-08,True
10897,6,2.4494897219476145e-08,True
10898,22,3.464102491467367e-08,True
10899,16,3.999999842463354e-08,True
10900,23,5.916080205039974e-08,True
10901,28,4.000000330961485e-08,True
10902,10,1.472877282518059e-15,True
10903,20,3.464101235131857e-08,True
10904,9,1.5700924586837752e-16,True
10905,22,6.324556819644518e-08,True
10906,24,1.130466570252318e-14,True
10907,34,4.8989794512606404e-08,True
10908,10,3.4641015428057735e-08,True
10909,12,1.9999999989472933e-08,True
10910,16,2.8284271389583603e-08,True
10911,22,4.472135411453278e-08,True
10912,14,3.999999997894583e-08,True
10913,20,3.4641016581835386e-08,True
10914,10,3.4641016645934095e-08,True
10915,14,3.464101594084787e-08,True
10916,10,1.2161883888976235e-15,True
10917,22,1.5562143101220044e-14,True
10918,24,2.8284270840051355e-08,True
10919,10,1.7320507265337572e-08,True
10920,18,6.633248576332375e-08,True
10921,10,1.7320508996003995e-08,True
10922,20,6.164413859244803e-08,True
10923,10,1.7320507073041304e-08,True
10924,18,4.89897957816956e-08,True
10925,14,5.999999608263813e-08,True
10926,28,5.6568533044594937e-08,True
10927,22,6.324555534679523e-08,True
10928,20,4.898980310162951e-08,True
10929,23,5.4772264741751246e-08,True
10930,20,6.105217258353122e-15,True
10931,18,2.7910574051884874e-15,True
10932,10,1.7320509508794036e-08,True
10933,10,1.732050938059653e-08,True
10934,10,3.4641016453637836e-08,True
10935,24,8.485282153510327e-08,True
10936,20,3.4641017927909414e-08,True
10937,23,4.1231041788212296e-08,True
10938,17,1.7320507329436423e-08,True
10939,10,1.6616296724220897e-15,True
10940,22,7.483314301904793e-08,True
10941,10,1.2755491433176288e-15,True
10942,10,1.7320506752547545e-08,True
10943,10,1.7320509316497767e-08,True
10944,20,2.8284264481176837e-08,True
10945,18,2.0000004763431968e-08,True
10946,20,3.999999542703162e-08,True
10947,12,1.999999987845068e-08,True
10948,10,1.7320508996003995e-08,True
10949,32,1.4142130513490095e-08,True
10950,21,3.872982654755576e-08,True
10951,20,2.8284262440057053e-08,True
10952,24,4.898979075065764e-08,True
10953,10,7.364386412590295e-16,True
10954,28,5.656853712683482e-08,True
10955,30,9.380831259072833e-08,True
10956,21,3.7416575884283276e-08,True
10957,28,6.928202803577018e-08,True
10958,28,5.656853838290858e-08,True
10959,20,3.464101658183631e-08,True
10960,22,6.324555773416278e-08,True
10961,16,3.464101209492251e-08,True
10962,24,1.9999993883246248e-08,True
10963,22,2.8284275628834013e-08,True
10964,10,1.7320509316497767e-08,True
10965,24,4.2426409321757145e-08,True
10966,28,6.928204470144786e-08,True
10967,23,2.4494897641562156e-08,True
10968,10,1.732050643205374e-08,True
10969,24,4.8989780779233565e-08,True
10970,22,6.557438623704715e-08,True
10971,22,5.999999963535256e-08,True
10972,10,1.7320508996003995e-08,True
10973,22,4.472136503768297e-08,True
10974,20,7.745966931997306e-08,True
10975,24,4.1231043511533445e-08,True
10976,10,3.464101337689753e-08,True
10977,14,5.999999945725358e-08,True
10978,15,1.73205018169436e-08,True
10979,10,7.021666937153402e-16,True
10980,14,3.464101260771315e-08,True
10981,18,3.464101491526777e-08,True
10982,18,4.898979550974751e-08,True
10983,10,5.196152474455549e-08,True
10984,20,4.898979535111126e-08,True
10985,18,3.464101701450205e-08,True
10986,16,4.265337574760008e-15,True
10987,28,4.000001641024762e-08,True
10988,20,6.928202890911627e-08,True
10989,10,1.732050668844887e-08,True
10990,10,6.928203325981882e-08,True
10991,24,9.591662791270147e-08,True
10992,14,3.464101908168713e-08,True
10993,24,3.4641025683858896e-08,True
10994,18,2.3914935841127266e-15,True
10995,18,5.2915028149940644e-08,True
10996,20,1.2840246461466052e-14,True
10997,12,2.5703521317566537e-15,True
10998,20,8.485281626220749e-08,True
10999,10,3.464101632544031e-08,True
11000,28,2.828426981949183e-08,True
11001,16,6.633249928701519e-08,True
11002,16,3.4641018889390634e-08,True
11003,21,7.071067589900792e-08,True
11004,24,1.029563178651245e-07,True
11005,24,5.656854639038024e-08,True
11006,14,3.4641017992008255e-08,True
11007,20,6.928204431685429e-08,True
11008,10,1.7320506944843794e-08,True
11009,28,5.19615222019715e-08,True
11010,20,5.999999415825151e-08,True
11011,20,2.7138084138967493e-15,True
11012,10,1.7320506944843794e-08,True
11013,21,7.211102471287148e-08,True
11014,10,1.7320507842226378e-08,True
11015,11,2.8284272331639036e-08,True
11016,24,5.2915014727194685e-08,True
11017,24,2.828427484378709e-08,True
11018,20,2.2360685994389694e-08,True
11019,28,3.999999531601074e-08,True
11020,18,4.000000099896323e-08,True
11021,26,9.380831221200821e-08,True
11022,22,1.0392305192486384e-07,True
11023,16,3.794299872214038e-15,True
11024,24,3.3166246764701715e-08,True
11025,24,6.000000348412537e-08,True
11026,22,2.8284271075565107e-08,True
11027,10,1.7320509508794036e-08,True
11028,12,2.645751401989483e-08,True
11029,10,2.8887141192996264e-15,True
11030,10,3.464101715872415e-08,True
11031,10,2.482534153247273e-16,True
11032,24,5.0000009910178794e-08,True
11033,10,2.482534153247273e-16,True
11034,10,3.464101619724282e-08,True
11035,28,8.485281893136519e-08,True
11036,24,6.928203159325178e-08,True
11037,30,4.582577338772012e-08,True
11038,22,3.464101555625555e-08,True
11039,32,1.4142131769560785e-08,True
11040,10,1.732051207274429e-08,True
11041,22,6.633249905164733e-08,True
11042,18,5.999999617515679e-08,True
11043,16,4.720733054568358e-15,True
11044,26,3.464101030015794e-08,True
11045,28,4.000000619619561e-08,True
11046,16,2.828427390173154e-08,True
11047,33,3.162277149433074e-08,True
11048,20,4.123104900461252e-08,True
11049,10,1.4261072965499199e-15,True
11050,20,4.472135763352419e-08,True
11051,10,2.2360678844690627e-08,True
11052,10,1.732050970109033e-08,True
11053,28,8.944270862627001e-08,True
11054,14,3.464102363269853e-08,True
11055,22,8.485280972015549e-08,True
11056,11,1.7320508218806685e-08,True
11057,16,4.4721359278203074e-08,True
11058,10,1.7320509444695284e-08,True
11059,10,5.196152615472813e-08,True
11060,34,5.656854120907658e-08,True
11061,20,4.8989799198042526e-08,True
11062,10,1.7320506496152515e-08,True
11063,20,3.4641020235465106e-08,True
11064,10,3.464101446657639e-08,True
11065,26,3.999999964588253e-08,True
11066,25,5.196152211650759e-08,True
11067,26,7.745968138828998e-08,True
11068,16,6.00000014117086e-08,True
11069,20,5.656853677356429e-08,True
11070,32,2.999999715314115e-08,True
11071,22,3.741657494590763e-08,True
11072,27,8.66025394675269e-08,True
11073,10,3.4641019209884344e-08,True
11074,28,8.485282536874403e-08,True
11075,10,1.7320506944843794e-08,True
11076,22,4.472136424327162e-08,True
11077,24,4.898978784988031e-08,True
11078,20,3.668014849156969e-15,True
11079,10,3.162277698878481e-08,True
11080,20,5.656853712683452e-08,True
11081,18,2.000000609570114e-08,True
11082,24,4.4721359476806095e-08,True
11083,20,5.656854717542656e-08,True
11084,20,6.928203304749175e-08,True
11085,10,6.928203322776943e-08,True
11086,22,4.4721357143224866e-08,True
11087,10,1.732050649615251e-08,True
11088,10,9.222205069512407e-16,True
11089,24,5.656855659598076e-08,True
11090,20,7.211102676459008e-08,True
11091,10,1.732051034207787e-08,True
11092,10,5.196152256519778e-08,True
11093,22,1.0392303141326197e-07,True
11094,18,7.483315155344458e-08,True
11095,22,5.6568542779167206e-08,True
11096,22,1.040534282191528e-14,True
11097,20,6.633249968870899e-08,True
11098,20,5.2915028669226435e-08,True
11099,10,5.196152544964181e-08,True
11100,22,5.1961522965815037e-08,True
11101,32,2.999998205410862e-08,True
11102,30,2.000000320912742e-08,True
11103,10,1.7320506496152515e-08,True
11104,20,4.4721357739032116e-08,True
11105,15,1.7763568394002505e-15,True
11106,28,3.9999995316009195e-08,True
11107,19,3.162277701511616e-08,True
11108,21,4.35889878524099e-08,True
11109,28,5.6568542151132656e-08,True
11110,34,6.63324935974007e-08,True
11111,32,5.6568548431500696e-08,True
11112,24,3.86271464971939e-15,True
11113,36,5.29150520423352e-08,True
11114,32,9.7979597093003e-08,True
11115,32,1.1661903309452118e-07,True
11116,24,5.656853477169597e-08,True
11117,28,6.63324956717702e-08,True
11118,27,9.539391509283405e-08,True
11119,19,5.291502639276156e-08,True
11120,10,1.732050867551021e-08,True
11121,10,1.7320507778127626e-08,True
11122,10,1.7320507970423898e-08,True
11123,10,9.742167503148516e-16,True
11124,48,7.211102285400079e-08,True
11125,24,4.000000330961598e-08,True
11126,20,3.9999999756902505e-08,True
11127,22,1.999999854618439e-08,True
11128,10,3.657001166779273e-15,True
11129,40,6.928204085552233e-08,True
11130,34,2.828427162509882e-08,True
11131,24,6.633250163022852e-08,True
11132,20,3.999999914627924e-08,True
11133,14,3.4641022094328374e-08,True
11134,24,7.32410687763558e-15,True
11135,13,2.449489748292587e-08,True
11136,14,2.8284272488648428e-08,True
11137,28,8.944272411728796e-08,True
11138,10,5.1961523911271664e-08,True
11139,34,3.4641036452460156e-08,True
11140,34,4.898980711286233e-08,True
11141,10,5.196152256519778e-08,True
11142,36,5.656852362403945e-08,True
11143,19,5.196152771446505e-08,True
11144,40,1.0503211880538986e-14,True
11145,24,5.6568542072625526e-08,True
11146,32,3.999998554605403e-08,True
11147,9,2.236067924189608e-08,True
11148,24,9.248439345000223e-15,True
11149,40,1.3266499964521305e-07,True
11150,32,7.81024935644598e-08,True
11151,10,5.978733960281817e-16,True
11152,34,4.472135575301368e-08,True
11153,10,1.7320509444695314e-08,True
11154,14,2.828426981949118e-08,True
11155,24,6.928203777878127e-08,True
11156,28,4.000000330961627e-08,True
11157,27,1.732051322652221e-08,True
11158,10,2.482534153247273e-16,True
11159,10,3.4641018184304296e-08,True
11160,33,4.242640255727544e-08,True
11161,35,8.831760321135223e-08,True
11162,10,3.4641018568896786e-08,True
11163,19,3.3166243149457463e-08,True
11164,40,7.211103009013381e-08,True
11165,32,3.999999043103416e-08,True
11166,27,4.3588995639943e-08,True
11167,30,2.0000008760235744e-08,True
11168,14,4.358898874386902e-08,True
11169,28,4.0000001533258106e-08,True
11170,24,4.898980072208409e-08,True
11171,44,4.898980434805825e-08,True
11172,10,1.7320509316497767e-08,True
11173,20,5.656854623337067e-08,True
11174,16,6.00000004495153e-08,True
11175,26,5.656854902028619e-08,True
11176,40,3.464102427368735e-08,True
11177,26,3.464101270386079e-08,True
11178,28,7.348469141386406e-08,True
11179,10,1.7320508162720166e-08,True
11180,32,6.928202027982099e-08,True
11181,28,8.000000711883039e-08,True
11182,10,1.7320508162720173e-08,True
11183,10,1.732050950879405e-08,True
11184,24,6.92820389325598e-08,True
11185,30,4.582574542970176e-08,True
11186,32,3.999999978466169e-08,True
11187,29,9.999995054253705e-09,True
11188,22,5.999999837709908e-08,True
11189,28,4.0000001533258424e-08,True
11190,26,7.483314469922223e-08,True
11191,16,2.8284265423232402e-08,True
11192,10,1.6504651808933464e-15,True
11193,32,9.797959645845514e-08,True
11194,10,6.280369834735101e-16,True
11195,30,7.48331433639846e-08,True
11196,34,8.944271210181962e-08,True
11197,10,6.280369834735101e-16,True
11198,32,5.656854874552003e-08,True
11199,28,4.472137476921635e-08,True
11200,10,3.464101645363787e-08,True
11201,10,3.076740298213702e-15,True
11202,10,3.464101728692166e-08,True
11203,24,4.00000130795801e-08,True
11204,16,3.4641018248403554e-08,True
11205,32,6.928203340404258e-08,True
11206,32,3.9999993539657994e-08,True
11207,10,1.7320505983362448e-08,True
11208,10,1.7320506752547535e-08,True
11209,28,3.464100747981237e-08,True
11210,27,1.4142140248061523e-08,True
11211,48,1.456022022540935e-07,True
11212,35,3.741655441291557e-08,True
11213,24,4.8989801809875945e-08,True
11214,10,0.0,True
11215,40,4.472135624951147e-08,True
11216,14,3.999999798054433e-08,True
11217,34,5.656854419225117e-08,True
11218,36,7.999999862562406e-08,True
11219,10,1.0706603116298291e-15,True
11220,18,8.24621199815438e-08,True
11221,28,5.656854780346426e-08,True
11222,10,1.732050662435001e-08,True
11223,32,3.999999220738689e-08,True
11224,10,3.464101645363783e-08,True
11225,20,7.999999152019672e-08,True
11226,10,1.7320508996003995e-08,True
11227,10,1.6504651808933464e-15,True
11228,12,2.8284270133509638e-08,True
11229,28,5.65685534557963e-08,True
11230,10,3.4641015428057735e-08,True
11231,27,5.656854326982103e-08,True
11232,9,1.88411095042053e-15,True
11233,18,4.8989796370916533e-08,True
11234,28,3.999999620418804e-08,True
11235,32,2.999998856742052e-08,True
11236,36,2.8284269819504965e-08,True
11237,20,4.000000419779541e-08,True
11238,36,9.165150491109423e-08,True
11239,8,6.280369834735101e-16,True
11240,28,9.607118501968132e-15,True
11241,28,3.999999131920657e-08,True
11242,36,3.9999984657876146e-08,True
11243,14,4.0000000270379396e-08,True
11244,14,4.000000072834636e-08,True
11245,10,3.4641015748551504e-08,True
11246,40,5.656854482028797e-08,True
11247,36,2.828427248865072e-08,True
11248,10,1.7320509508794036e-08,True
11249,28,4.47213495466696e-08,True
11250,32,9.797958802806823e-08,True
11251,14,2.828427131107967e-08,True
11252,40,8.944272610331196e-08,True
11253,36,7.280108471861058e-08,True
11254,10,1.7320507906325146e-08,True
11255,30,4.795831383047452e-08,True
11256,22,3.464101465887277e-08,True
11257,32,1.620859077248223e-14,True
11258,28,4.000000064508089e-08,True
11259,36,4.898980109247161e-08,True
11260,10,1.5059797815742444e-15,True
11261,10,1.732051021388036e-08,True
11262,16,2.8284270290518884e-08,True
11263,28,5.65685432501952e-08,True
11264,10,3.4641018697094296e-08,True
11265,28,5.6568531160483946e-08,True
11266,29,4.242640664115268e-08,True
11267,28,6.928202675379529e-08,True
11268,36,5.656854780346351e-08,True
11269,12,5.656854215113016e-08,True
11270,32,7.483315763619755e-08,True
11271,32,6.928202316427055e-08,True
11272,50,8.944270664024213e-08,True
11273,16,4.472136205864177e-08,True
11274,35,6.633249183894206e-08,True
11275,10,1.732050726533759e-08,True
11276,20,4.0000005974150476e-08,True
11277,12,2.8284269191454414e-08,True
11278,34,2.8284271291461176e-08,True
11279,28,5.656854387823551e-08,True
11280,11,4.242640757502926e-08,True
11281,10,3.4641015235761464e-08,True
11282,16,6.92820293177453e-08,True
11283,24,3.999999176329577e-08,True
11284,28,6.9282031368906e-08,True
11285,24,6.928203098431313e-08,True
11286,28,2.8284271860611813e-08,True
11287,10,3.4641014594773906e-08,True
11288,24,6.92820285485603e-08,True
11289,38,1.0392304525859319e-07,True
11290,22,3.464102007521758e-08,True
11291,48,6.928204572702703e-08,True
11292,13,1.4142135420025626e-08,True
11293,32,5.656855565392673e-08,True
11294,20,5.656854054178539e-08,True
11295,24,6.928202893315277e-08,True
11296,16,7.217783939387125e-16,True
11297,30,5.099019035163144e-08,True
11298,35,9.797960695678131e-08,True
11299,10,3.4641015684452756e-08,True
11300,10,1.732050777812763e-08,True
11301,10,1.732050662435001e-08,True
11302,16,4.123105776930595e-08,True
11303,32,7.745965785364008e-08,True
11304,15,4.123105551081502e-08,True
11305,30,5.2915020906167e-08,True
11306,20,4.472135093688868e-08,True
11307,36,9.797958095742044e-08,True
11308,48,3.4641005172259414e-08,True
11309,27,5.3851641435468836e-08,True
11310,20,3.4641017222823115e-08,True
11311,20,6.324555078271131e-08,True
11312,32,6.082763471635158e-08,True
11313,10,1.7320507073041304e-08,True
11314,24,7.21110288892409e-08,True
11315,22,4.898979709611099e-08,True
11316,36,3.464101273591017e-08,True
11317,10,1.7320506624350085e-08,True
11318,30,4.898979510182578e-08,True
11319,10,1.7320507073041307e-08,True
11320,26,8.717797434216069e-08,True
11321,10,1.732050938059653e-08,True
11322,36,5.6568533044595155e-08,True
11323,10,3.464101421018136e-08,True
11324,42,7.280110891191867e-08,True
11325,10,1.7320508162720196e-08,True
11326,14,3.464101719077373e-08,True
11327,40,4.0000007750507256e-08,True
11328,34,4.4721362455847956e-08,True
11329,22,4.8989785311698296e-08,True
11330,20,7.211102513261127e-08,True
11331,16,3.000000003972048e-08,True
11332,36,4.000000286553886e-08,True
11333,30,4.0000000200990675e-08,True
11334,30,4.8989846273515834e-08,True
11335,48,1.0770329509641635e-07,True
11336,10,1.7320508355016438e-08,True
11337,13,2.999999974366105e-08,True
11338,10,1.7320507265337632e-08,True
11339,18,2.000000165480747e-08,True
11340,10,1.732050745763384e-08,True
11341,28,5.656854230814011e-08,True
11342,10,1.7320506944843794e-08,True
11343,28,4.898978766858185e-08,True
11344,30,6.000000141170889e-08,True
11345,32,5.65685383829088e-08,True
11346,24,4.0000001866324954e-08,True
11347,36,6.324555787459624e-08,True
11348,16,5.2915026361289644e-08,True
11349,22,1.999999010849256e-08,True
11350,34,6.0000000494909e-08,True
11351,28,3.9999994427834296e-08,True
11352,16,3.999999886872281e-08,True
11353,27,7.93725311844077e-08,True
11354,28,4.0000007750507124e-08,True
11355,32,5.656853907963711e-08,True
11356,24,4.89897945579295e-08,True
11357,40,4.8989793492800176e-08,True
11358,28,6.633249915311709e-08,True
11359,10,1.732050867551021e-08,True
11360,10,1.7320508034522666e-08,True
11361,16,2.8284264795195492e-08,True
11362,36,1.0392303286617014e-07,True
11363,10,5.1961523911271664e-08,True
11364,36,4.000001041504863e-08,True
11365,30,5.999981874355433e-08,True
11366,36,5.6568547489449134e-08,True
11367,36,5.6568546233372654e-08,True
11368,16,4.472136404466875e-08,True
11369,39,4.242640936101086e-08,True
11370,10,1.732051053437414e-08,True
11371,28,5.656853461468739e-08,True
11372,33,7.071067654667129e-08,True
11373,28,5.6568545605334576e-08,True
11374,10,1.7320510021584086e-08,True
11375,35,6.324554909751263e-08,True
11376,10,1.7320506944843837e-08,True
11377,34,3.4641033760302345e-08,True
11378,32,5.656854874551909e-08,True
11379,10,5.196152647522192e-08,True
11380,36,5.656854340720409e-08,True
11381,32,5.2915023088216256e-08,True
11382,14,3.464101476804113e-08,True
11383,10,1.732050649615251e-08,True
11384,26,9.380831840172453e-08,True
11385,30,4.0000000423035896e-08,True
11386,28,2.82842707615467e-08,True
11387,19,1.7320503098920128e-08,True
11388,36,4.4721365236289166e-08,True
11389,10,5.1961525257345547e-08,True
11390,10,3.4641016453637836e-08,True
11391,30,4.8989798688140246e-08,True
11392,36,6.928200572940918e-08,True
11393,36,4.898979482988895e-08,True
11394,28,5.99999997833815e-08,True
11395,36,6.928203162530069e-08,True
11396,32,3.9999994205790306e-08,True
11397,26,2.8284280496125025e-08,True
11398,24,6.92820277793756e-08,True
11399,20,2.000000343116426e-08,True
11400,30,2.2360675468446744e-08,True
11401,21,6.99999925325911e-08,True
11402,32,1.5688954201903205e-14,True
11403,34,4.8989805073252665e-08,True
11404,16,5.2915022505986825e-08,True
11405,10,5.438959822042073e-16,True
11406,36,5.744562454114831e-08,True
11407,30,1.0583005003698078e-07,True
11408,34,4.472135768938128e-08,True
11409,24,4.00000030875704e-08,True
11410,10,5.19615237189754e-08,True
11411,22,1.9999990996668475e-08,True
11412,22,3.1622777813830873e-08,True
11413,16,3.464101398583625e-08,True
11414,16,3.4641016645935034e-08,True
11415,20,7.483314965444029e-08,True
11416,14,3.3166248739696105e-08,True
11417,10,1.7320507970423898e-08,True
11418,29,2.4494896916367827e-08,True
11419,40,1.212435634848182e-07,True
11420,32,8.944271835780375e-08,True
11421,31,4.898978803117788e-08,True
11422,10,2.000000121071821e-08,True
11423,30,1.4142137264884434e-08,True
11424,16,5.656854215113025e-08,True
11425,50,7.999999901593688e-08,True
11426,9,5.830952057425606e-08,True
11427,10,5.1961524103567936e-08,True
11428,10,1.793620188084545e-15,True
11429,28,6.633248201418214e-08,True
11430,28,6.633248777179197e-08,True
11431,10,1.7320505534671156e-08,True
11432,10,3.1401849173675503e-16,True
11433,16,4.4721358508617446e-08,True
11434,28,3.9999990875117844e-08,True
11435,30,4.898980733948531e-08,True
11436,9,4.6904157881256514e-08,True
11437,42,4.4721360668424585e-08,True
11438,14,3.464101183852757e-08,True
11439,24,4.000000197734759e-08,True
11440,24,4.000000375370465e-08,True
11441,20,3.464101642158861e-08,True
11442,27,6.40312422972789e-08,True
11443,34,4.898979718676175e-08,True
11444,20,3.999999798054442e-08,True
11445,10,3.464101645363783e-08,True
11446,10,2.000000020025535e-08,True
11447,10,3.464101799200799e-08,True
11448,10,0.0,True
11449,28,3.999999664827789e-08,True
11450,10,1.7320504573189813e-08,True
11451,10,3.464101728692166e-08,True
11452,24,1.3856406094304583e-07,True
11453,34,4.472136384606915e-08,True
11454,28,5.6568534928705365e-08,True
11455,10,1.732050662435001e-08,True
11456,10,1.9133237149764433e-15,True
11457,24,1.9746000031429045e-15,True
11458,12,4.472135778868266e-08,True
11459,28,4.0000000658959314e-08,True
11460,16,3.4641018504798256e-08,True
11461,16,3.872983287553829e-08,True
11462,30,1.28062480641317e-07,True
11463,36,5.6568548117482024e-08,True
11464,28,9.648087210223558e-15,True
11465,10,1.7320509508794036e-08,True
11466,30,4.8989789572219036e-08,True
11467,10,1.7320507073041304e-08,True
11468,40,4.000000064508045e-08,True
11469,20,6.928203252268317e-08,True
11470,32,6.324555692666987e-08,True
11471,35,7.615772810296518e-08,True
11472,28,5.656854591935534e-08,True
11473,40,5.6568543250198066e-08,True
11474,14,4.472136113544898e-08,True
11475,24,5.2915020192805644e-08,True
11476,24,5.656855015860173e-08,True
11477,34,6.928202790356659e-08,True
11478,10,3.464101645363783e-08,True
11479,48,7.483315262163593e-08,True
11480,14,5.291502533320877e-08,True
11481,10,3.4641015940847776e-08,True
11482,10,1.7320507906325146e-08,True
11483,20,5.656854529131513e-08,True
11484,10,1.7320509508794036e-08,True
11485,10,1.732050803452266e-08,True
11486,36,2.8284282066216606e-08,True
11487,10,1.7320508226818928e-08,True
11488,40,1.3856406786571196e-07,True
11489,14,3.464102106874839e-08,True
11490,24,4.472135704392253e-08,True
11491,28,9.797958900254807e-08,True
11492,34,5.656854254365591e-08,True
11493,28,6.928203034332609e-08,True
11494,26,7.211101792727279e-08,True
11495,32,6.928202560001783e-08,True
11496,10,3.4641015940847776e-08,True
11497,28,5.656854654738926e-08,True
11498,32,5.656854529131517e-08,True
11499,22,7.483315113803737e-08,True
11500,24,3.4641011325738854e-08,True
11501,35,5.656853264226288e-08,True
11502,22,2.8284269269959575e-08,True
11503,10,1.85775845048325e-15,True
11504,20,3.4641015940847875e-08,True
11505,30,6.63324871692521e-08,True
11506,10,1.7320508226818918e-08,True
11507,10,1.8209011484034673e-15,True
11508,36,1.1313708587235274e-07,True
11509,16,6.928203181759692e-08,True
11510,26,5.000000061761167e-08,True
11511,10,2.9226502509445547e-15,True
11512,28,5.656853524272663e-08,True
11513,30,4.4721350837587054e-08,True
11514,14,4.6151104473205536e-15,True
11515,44,3.000000496633773e-08,True
11516,10,3.464101645363785e-08,True
11517,10,1.7320506944843814e-08,True
11518,17,3.464101794393392e-08,True
11519,38,1.8082666982890257e-14,True
11520,10,1.456043846448818e-15,True
11521,10,1.7320507137140065e-08,True
11522,40,7.000001749675788e-08,True
11523,15,1.7320508739608962e-08,True
11524,32,4.898979265429388e-08,True
11525,22,4.898979165715199e-08,True
11526,20,3.999999664827694e-08,True
11527,10,0.0,True
11528,18,6.633249620736182e-08,True
11529,12,5.656854246514863e-08,True
11530,32,8.485281589585377e-08,True
11531,28,1.1313706546115078e-07,True
11532,19,9.110433264343809e-08,True
11533,29,9.999999939227046e-09,True
11534,10,1.7320506816646284e-08,True
11535,30,3.999998793302697e-08,True
11536,10,3.4641016966427877e-08,True
11537,12,6.420123230733026e-15,True
11538,36,8.000001905373449e-08,True
11539,28,9.729507111180988e-15,True
11540,42,4.472135073828717e-08,True
11541,28,6.928202869278307e-08,True
11542,26,6.000000348412489e-08,True
11543,26,5.6568545448324804e-08,True
11544,42,4.000001446735803e-08,True
11545,36,9.38083099870247e-08,True
11546,16,4.898979296448431e-08,True
11547,30,8.944271835780344e-08,True
11548,36,1.1401753498139197e-07,True
11549,28,5.656852872683979e-08,True
11550,34,6.324556300041291e-08,True
11551,16,3.464101664593428e-08,True
11552,12,1.9999999656406e-08,True
11553,10,9.222205069512407e-16,True
11554,30,2.8284277983976995e-08,True
11555,33,4.7958317279787334e-08,True
11556,32,9.797959328572845e-08,True
11557,24,3.464101594084785e-08,True
11558,10,5.978733960281817e-16,True
11559,16,3.0000000339403075e-08,True
11560,28,8.944271965803188e-08,True
11561,36,4.898978186702751e-08,True
11562,40,2.6272671962866384e-15,True
11563,16,4.000000153325801e-08,True
11564,40,5.1961534167074406e-08,True
11565,23,5.196152274681108e-08,True
11566,32,6.928203034333164e-08,True
11567,24,5.291502476671593e-08,True
11568,18,4.472136056446605e-08,True
11569,24,7.999999857011276e-08,True
11570,10,5.196152538554306e-08,True
11571,22,8.717798673981201e-08,True
11572,28,3.9999997092366e-08,True
11573,10,1.7320511367657972e-08,True
11574,10,1.7320509316497767e-08,True
11575,20,4.4721360320867426e-08,True
11576,10,1.732050643205374e-08,True
11577,30,5.291502371765499e-08,True
11578,22,5.999999815505449e-08,True
11579,32,1.926036969219908e-14,True
11580,30,6.324555394246168e-08,True
11581,20,4.8989792926241656e-08,True
11582,46,8.717799536865884e-08,True
11583,28,3.9999999756901876e-08,True
11584,35,4.4721359253381375e-08,True
11585,10,1.7320510726670415e-08,True
11586,38,1.131370604368569e-07,True
11587,24,1.4941473694972205e-14,True
11588,10,5.19615226933953e-08,True
11589,20,4.000000686233103e-08,True
11590,40,4.0000028178620213e-08,True
11591,30,4.000000591863956e-08,True
11592,10,1.73205075217326e-08,True
11593,28,9.999998553666969e-08,True
11594,34,2.0000000100495367e-08,True
11595,36,7.810250583684711e-08,True
11596,28,8.944271895361153e-08,True
11597,10,3.464101491526768e-08,True
11598,10,1.3322676295501878e-15,True
11599,28,3.9999995760098405e-08,True
11600,18,5.291502859579203e-08,True
11601,6,0.0,True
11602,10,5.196152442406171e-08,True
11603,14,2.828427150611386e-08,True
11604,20,2.8284274529768798e-08,True
11605,36,4.0000000941717904e-08,True
11606,34,1.0392307027847643e-07,True
11607,10,3.4641016389539075e-08,True
11608,23,4.358898810074585e-08,True
11609,36,8.944272947955678e-08,True
11610,32,3.9999985101963754e-08,True
11611,22,4.898978948156792e-08,True
11612,10,3.4641016133144054e-08,True
11613,23,3.8729826920211724e-08,True
11614,36,2.8284260438191806e-08,True
11615,23,9.999999051047503e-09,True
11616,24,3.999999198534096e-08,True
11617,20,6.928203624041149e-08,True
11618,10,1.732050540647364e-08,True
11619,35,4.472136454117855e-08,True
11620,36,1.2124352605114642e-07,True
11621,24,6.928204162470784e-08,True
11622,36,1.0954449575454444e-07,True
11623,10,1.900395703982448e-15,True
11624,22,4.898980090338318e-08,True
11625,20,4.0000000200991125e-08,True
11626,23,2.0000000156006565e-08,True
11627,34,6.782328219850793e-08,True
11628,20,6.63324991531164e-08,True
11629,34,3.464100312109663e-08,True
11630,36,4.000001219139976e-08,True
11631,40,1.4456835205045718e-07,True
11632,24,8.000000123464808e-08,True
11633,40,9.999999130983824e-08,True
11634,20,5.656854219528912e-08,True
11635,36,2.510970088427765e-14,True
11636,28,5.6568537833377807e-08,True
11637,10,9.742167503148516e-16,True
11638,40,3.000002083791952e-08,True
11639,40,5.656855471187042e-08,True
11640,10,3.4641016966427877e-08,True
11641,18,9.380830477961714e-08,True
11642,36,6.16441383943374e-08,True
11643,22,4.472136106562776e-08,True
11644,32,3.9999995871121885e-08,True
11645,20,9.483150488903745e-15,True
11646,36,6.633248258324773e-08,True
11647,36,4.898979256364586e-08,True
11648,10,3.46410144665764e-08,True
11649,23,3.1622777445193956e-08,True
11650,26,1.9999999434366612e-08,True
11651,10,1.7320507265337572e-08,True
11652,36,5.656853744085362e-08,True
11653,32,4.333610068056127e-15,True
11654,23,4.795831916649184e-08,True
11655,38,8.485280862110414e-08,True
11656,28,6.000001414226624e-08,True
11657,22,4.472136245584746e-08,True
11658,36,4.000000175530354e-08,True
11659,20,2.828427484378744e-08,True
11660,40,9.79796172171538e-08,True
11661,38,4.472136523628515e-08,True
11662,10,3.4641017799711706e-08,True
11663,10,1.6504651808933464e-15,True
11664,36,1.0148891142414304e-07,True
11665,42,6.324555259079275e-08,True
11666,10,1.7320510021584086e-08,True
11667,32,1.1313708461627913e-07,True
11668,28,6.146473630106716e-15,True
11669,24,6.000000940531437e-08,True
11670,18,3.4641015940847955e-08,True
11671,24,6.928203463794227e-08,True
11672,10,3.3306690738754696e-16,True
11673,32,3.464101632544055e-08,True
11674,36,7.745965745231854e-08,True
11675,42,1.0677078201699303e-07,True
11676,28,8.246211071870525e-08,True
11677,32,8.944271994662555e-08,True
11678,24,9.797958884391102e-08,True
11679,10,3.464101600494653e-08,True
11680,10,1.7320509508794036e-08,True
11681,44,1.3856405049494858e-07,True
11682,30,4.4721357292175715e-08,True
11683,34,3.741656622235198e-08,True
11684,26,5.29150269592561e-08,True
11685,12,4.8989797368058793e-08,True
11686,34,3.464104542628061e-08,True
11687,13,2.2360679738402968e-08,True
11688,10,3.464101337689753e-08,True
11689,34,8.485280835940892e-08,True
11690,38,8.485283253883287e-08,True
11691,40,2.8284228369050634e-08,True
11692,10,5.1961525257345547e-08,True
11693,20,2.8284271389583984e-08,True
11694,24,6.928203986199161e-08,True
11695,36,1.1999999734631808e-07,True
11696,36,5.656854403524332e-08,True
11697,10,1.7320506944843837e-08,True
11698,10,1.2560739669470201e-15,True
11699,36,4.000002462590245e-08,True
11700,34,6.324556587929636e-08,True
11701,18,5.291502724250184e-08,True
11702,20,2.8284277355934957e-08,True
11703,20,4.4721359079601e-08,True
11704,10,1.7320507970423888e-08,True
11705,30,6.403124441260879e-08,True
11706,36,2.0000018974292375e-08,True
11707,28,3.99999899869408e-08,True
11708,36,4.000000197734955e-08,True
11709,38,1.9999993661219166e-08,True
11710,10,1.7320508996003995e-08,True
11711,42,4.795830704759843e-08,True
11712,38,9.79795887532625e-08,True
11713,10,2.6084334968580714e-15,True
11714,29,6.082761923869602e-08,True
11715,46,3.464100312110175e-08,True
11716,22,3.464101408198413e-08,True
11717,20,8.944272074103622e-08,True
11718,20,1.999999876822786e-08,True
11719,23,3.4641015119582696e-08,True
11720,10,3.3176911878838166e-15,True
11721,10,5.087681048627601e-16,True
11722,10,1.7320508996004075e-08,True
11723,27,4.472135382283757e-08,True
11724,32,5.6568555967944554e-08,True
11725,32,4.000000042303663e-08,True
11726,30,2.999998945559436e-08,True
11727,28,8.485281097622984e-08,True
11728,36,4.000001840865951e-08,True
11729,38,8.246213301414681e-08,True
11730,27,1.0300572399251707e-14,True
11731,22,3.464102337630401e-08,True
11732,22,5.656854748944503e-08,True
11733,24,4.0000003198593524e-08,True
11734,33,5.1961527714465955e-08,True
11735,14,4.123105668381654e-08,True
11736,20,3.46410121590214e-08,True
11737,22,4.8989794195332644e-08,True
11738,23,5.196152056745331e-08,True
11739,24,7.211102059078496e-08,True
11740,10,3.464101337689753e-08,True
11741,28,9.380831438965125e-08,True
11742,42,1.4798649171082374e-07,True
11743,10,1.7320507778127636e-08,True
11744,20,6.928203136890564e-08,True
11745,36,5.999999141970475e-08,True
11746,22,4.472135580265602e-08,True
11747,10,1.7320506944843823e-08,True
11748,10,3.464101754331669e-08,True
11749,28,4.8989801084684213e-08,True
11750,38,9.591662560062052e-08,True
11751,10,2.5510982866352577e-15,True
11752,16,5.656854219038253e-08,True
11753,40,4.000003173132587e-08,True
11754,10,1.732050777812763e-08,True
11755,34,6.928203470204312e-08,True
11756,35,8.66025353267478e-08,True
11757,20,4.000000330961556e-08,True
11758,40,1.2649112684342395e-07,True
11759,20,5.656854291655037e-08,True
11760,22,2.8284271311079303e-08,True
11761,22,3.46410036338872e-08,True
11762,38,4.8989796098976844e-08,True
11763,28,6.324556012153018e-08,True
11764,28,4.4721367222312726e-08,True
11765,36,9.695359891801593e-08,True
11766,42,6.324555566715881e-08,True
11767,18,7.133344928900206e-15,True
11768,22,4.795831535835852e-08,True
11769,22,6.92820349584363e-08,True
11770,46,5.999997654271886e-08,True
11771,32,2.8284275000796812e-08,True
11772,14,2.000000165480751e-08,True
11773,20,1.2755491433176288e-14,True
11774,36,7.348468405616064e-08,True
11775,34,4.000001302406783e-08,True
11776,24,6.928203534302944e-08,True
11777,12,6.403124274808637e-08,True
11778,10,3.4641016004946544e-08,True
11779,14,4.965068306494546e-15,True
11780,8,3.7416573135917993e-08,True
11781,20,4.242641018530798e-08,True
11782,11,3.741657337329365e-08,True
11783,16,2.8284269937248124e-08,True
11784,10,1.7320508162720156e-08,True
11785,13,3.999999879933386e-08,True
11786,18,5.999999933929229e-08,True
11787,12,2.2644195468014703e-15,True
11788,10,1.4142135537782565e-08,True
11789,15,3.316624569351835e-08,True
11790,14,2.8284270997060535e-08,True
11791,9,1.999999899027217e-08,True
11792,10,1.732051002158423e-08,True
11793,10,8.671119018262734e-16,True
11794,14,3.464101581875459e-08,True
11795,10,1.7320509316497787e-08,True
11796,10,1.7320507585831358e-08,True
11797,10,1.3322676295501878e-15,True
11798,14,3.162277460141828e-08,True
11799,10,1.732050662435001e-08,True
11800,14,2.0844418808250815e-15,True
11801,8,3.46410161972428e-08,True
11802,10,1.7320511303559237e-08,True
11803,18,5.2915026592083325e-08,True
11804,12,5.656854277916713e-08,True
11805,10,1.732050694484379e-08,True
11806,12,5.744562727584645e-08,True
11807,10,3.464101465887267e-08,True
11808,10,3.464101600494654e-08,True
11809,14,3.999999798054439e-08,True
11810,10,9.678699938266253e-16,True
11811,10,1.7320509508794036e-08,True
11812,20,5.44011052621601e-15,True
11813,8,3.000000011373536e-08,True
11814,14,1.4142135577035096e-08,True
11815,13,4.123105729808557e-08,True
11816,10,3.464101703052663e-08,True
11817,15,3.741657423378064e-08,True
11818,12,3.316624930876234e-08,True
11819,7,1.4142135498530256e-08,True
11820,9,1.732050643205374e-08,True
11821,8,1.0877919644084146e-15,True
11822,12,1.999999987845059e-08,True
11823,12,6.153480596427404e-15,True
11824,12,5.291502665502706e-08,True
11825,8,2.000000076662902e-08,True
11826,14,2.236067924189613e-08,True
11827,18,6.324555405656368e-08,True
11828,10,1.732050848321395e-08,True
11829,10,1.732050803452266e-08,True
11830,10,5.1961519808951274e-08,True
11831,10,3.464101536395899e-08,True
11832,10,1.732050841911519e-08,True
11833,10,3.547505691130594e-15,True
11834,20,1.6671838818017823e-15,True
11835,10,1.732050720123885e-08,True
11836,12,3.6055514629372895e-08,True
11837,18,1.1741100595232621e-14,True
11838,13,3.3166247400717037e-08,True
11839,13,4.58257557019716e-08,True
11840,8,2.236067983770425e-08,True
11841,10,1.7320511047164187e-08,True
11842,10,1.7320510021584086e-08,True
11843,9,3.845925372767128e-15,True
11844,14,4.898979677883827e-08,True
11845,24,6.000000111564911e-08,True
11846,11,2.236068003630705e-08,True
11847,14,2.828427170360208e-08,True
11848,16,4.123105632871857e-08,True
11849,14,2.999999937358699e-08,True
11850,17,3.741657383320905e-08,True
11851,10,5.1961525193246785e-08,True
11852,7,6.304854800243424e-16,True
11853,10,2.6457513789101146e-08,True
11854,10,1.732050848321394e-08,True
11855,15,4.3588987591339767e-08,True
11856,16,4.000000020099058e-08,True
11857,10,1.1957467920563633e-15,True
11858,5,9.999999998205902e-09,True
11859,14,1.9999999996412005e-08,True
11860,14,3.464101850479804e-08,True
11861,14,2.7375849197046017e-15,True
11862,10,1.6616296724220897e-15,True
11863,15,2.6457513652722843e-08,True
11864,20,6.633249414868121e-08,True
11865,12,5.916079863495221e-08,True
11866,20,2.8284266679306245e-08,True
11867,6,2.6457512812919854e-08,True
11868,16,5.291502808175159e-08,True
11869,10,1.7320509124201502e-08,True
11870,16,1.9999999878450945e-08,True
11871,14,4.4721359774709885e-08,True
11872,11,2.8284269191454146e-08,True
11873,10,5.196152057813635e-08,True
11874,10,1.7320506624350015e-08,True
11875,8,1.7320508996004048e-08,True
11876,16,2.828427107556509e-08,True
11877,10,1.7320510021584086e-08,True
11878,10,2.2644195468014703e-15,True
11879,22,6.000000067155989e-08,True
11880,10,1.732050771402889e-08,True
11881,18,3.46410144024779e-08,True
11882,20,5.999999874717334e-08,True
11883,16,8.000000075586466e-08,True
11884,15,2.999999767124475e-08,True
11885,10,3.464101619724282e-08,True
11886,5,7.691850745534255e-16,True
11887,20,4.000000020099042e-08,True
11888,15,4.3588989017674375e-08,True
11889,16,2.828426997650064e-08,True
11890,10,1.732050591926383e-08,True
11891,10,1.7320508290917693e-08,True
11892,16,2.0000001654808254e-08,True
11893,22,6.928203066381923e-08,True
11894,16,5.91607930050943e-08,True
11895,9,0.0,True
11896,18,4.446439748506845e-15,True
11897,12,2.8284272017620708e-08,True
11898,10,2.482534153247273e-16,True
11899,18,6.405651473457446e-15,True
11900,8,1.7320509508794036e-08,True
11901,10,1.732050835501646e-08,True
11902,4,1.000000038331452e-08,True
11903,14,4.242640606381524e-08,True
11904,9,3.1622776570296205e-08,True
11905,10,1.7320507073041304e-08,True
11906,8,8.881818078254519e-16,True
11907,12,2.449489764156209e-08,True
11908,12,6.928203226628808e-08,True
11909,10,1.7320507778127626e-08,True
11910,12,4.358899151376014e-08,True
11911,14,3.46410157635747e-08,True
11912,16,3.9999998535655986e-08,True
11913,16,5.6568543721222666e-08,True
11914,20,5.196152826998762e-08,True
11915,22,3.4641007223416935e-08,True
11916,16,3.464101427428044e-08,True
11917,8,3.4641018504798144e-08,True
11918,10,2.2644195468014703e-15,True
11919,10,3.464101600494654e-08,True
11920,15,4.358898412738439e-08,True
11921,10,3.3166245559620443e-08,True
11922,22,3.4641016966427976e-08,True
11923,14,3.162277668597552e-08,True
11924,7,1.4142136676099643e-08,True
11925,10,5.196152589833311e-08,True
11926,14,2.0000001210718273e-08,True
11927,10,1.7320507970423908e-08,True
11928,15,1.7320508355016468e-08,True
11929,10,4.000000108916884e-08,True
11930,12,3.0000000298772566e-08,True
11931,10,1.7320505406473656e-08,True
11932,16,1.9999997213915384e-08,True
11933,14,3.741657672622497e-08,True
11934,8,2.8284271389583557e-08,True
11935,10,3.31662481036809e-08,True
11936,14,3.162277848088922e-08,True
11937,10,1.9860273225978185e-15,True
11938,10,3.464101568445275e-08,True
11939,10,3.464101619724281e-08,True
11940,10,1.732050925239903e-08,True
11941,23,3.8729836637929276e-08,True
11942,8,2.2360679549182432e-08,True
11943,14,2.4494899545198265e-08,True
11944,8,2.0000000933162586e-08,True
11945,18,6.000000170776813e-08,True
11946,14,5.656854263197101e-08,True
11947,10,8.308148362110449e-16,True
11948,16,3.9999999923434635e-08,True
11949,18,2.0000001432762822e-08,True
11950,14,6.000000200382755e-08,True
11951,10,1.7320510534374137e-08,True
11952,16,6.928203598401611e-08,True
11953,10,2.8284270447528157e-08,True
11954,10,3.464101901758808e-08,True
11955,12,2.9999999965705705e-08,True
11956,10,1.7320507649930113e-08,True
11957,10,3.46410151716627e-08,True
11958,8,2.000000076662908e-08,True
11959,18,4.4721356894970335e-08,True
11960,13,2.8284268877435626e-08,True
11961,10,3.4641013761490064e-08,True
11962,9,8.881784197001252e-16,True
11963,10,1.732050886780648e-08,True
11964,11,1.414213506675508e-08,True
11965,18,1.999999366120184e-08,True
11966,8,1.2560739669470201e-15,True
11967,13,3.316624710781504e-08,True
11968,18,4.4721358148650254e-08,True
11969,18,5.2915026696989573e-08,True
11970,10,3.5700187674544474e-15,True
11971,24,4.472135828518948e-08,True
11972,8,1.831026719408895e-15,True
11973,20,5.6568539089449985e-08,True
11974,10,1.538370149106851e-15,True
11975,10,3.8459253727671276e-16,True
11976,20,5.656853806889042e-08,True
11977,10,8.08254562088053e-16,True
11978,18,2.449490013442104e-08,True
11979,12,1.7320505919264484e-08,True
11980,14,2.8284273273694525e-08,True
11981,14,2.8284269819491138e-08,True
11982,10,3.741657307657409e-08,True
11983,10,1.7320508931905267e-08,True
11984,12,2.589462819655575e-15,True
11985,10,1.7320507741070537e-08,True
11986,10,2.933174772761872e-15,True
11987,12,2.6457513998913543e-08,True
11988,20,3.999999975690128e-08,True
11989,16,3.00000037404639e-08,True
11990,20,2.828426793538049e-08,True
11991,14,1.2306961192854808e-14,True
11992,18,6.999999827403008e-08,True
11993,10,1.472877282518059e-15,True
11994,10,1.732050643205374e-08,True
11995,20,2.8284270604537348e-08,True
11996,16,3.999999868831157e-08,True
11997,11,2.645751223648897e-08,True
11998,16,5.6568535085714185e-08,True
11999,8,8.881784197001252e-16,True
12000,16,2.2360683213950913e-08,True
12001,10,5.291502703268941e-08,True
12002,12,2.9999999373586793e-08,True
12003,12,2.8284273901731497e-08,True
12004,9,3.076740298213702e-15,True
12005,15,1.7320507278858673e-08,True
12006,12,1.7320507714029033e-08,True
12007,16,3.99999977585004e-08,True
12008,12,4.3588989679901184e-08,True
12009,10,3.1401849173675503e-16,True
12010,15,2.449489749425706e-08,True
12011,14,2.000000209889723e-08,True
12012,20,7.021886360816747e-15,True
12013,8,1.7320507201238893e-08,True
12014,13,2.449489818545822e-08,True
12015,12,3.4641016008952725e-08,True
12016,21,4.5825756041151016e-08,True
12017,18,7.48331463311799e-08,True
12018,14,4.4721362555148123e-08,True
12019,10,2.482534153247273e-16,True
12020,10,3.464101421018136e-08,True
12021,10,6.92820323944856e-08,True
12022,16,2.0000000919284802e-08,True
12023,8,1.2560739669470201e-15,True
12024,20,5.656853775487226e-08,True
12025,10,1.7320511367657972e-08,True
12026,10,1.7320506175658716e-08,True
12027,12,4.472136126423043e-08,True
12028,10,3.4641015620353994e-08,True
12029,16,4.8989793560787435e-08,True
12030,8,1.7320508226818918e-08,True
12031,21,5.4772255919317595e-08,True
12032,20,5.291502782997709e-08,True
12033,13,3.464101622929218e-08,True
12034,5,1.4142135596661054e-08,True
12035,8,1.7320506944843794e-08,True
12036,10,1.9999998990272194e-08,True
12037,12,3.999999997894578e-08,True
12038,10,1.999999721391534e-08,True
12039,10,1.456043846448818e-15,True
12040,10,4.358898927237697e-08,True
12041,17,5.567764131584177e-08,True
12042,16,3.999999975690142e-08,True
12043,20,3.999999903525727e-08,True
12044,14,4.898979419533228e-08,True
12045,10,1.7320507906325133e-08,True
12046,10,1.4142136209978391e-08,True
12047,15,5.385164817958316e-08,True
12048,10,3.4641015748551504e-08,True
12049,10,1.4087150935148696e-15,True
12050,12,1.999999632573702e-08,True
12051,8,1.7320507417572134e-08,True
12052,18,4.898979673351368e-08,True
12053,14,5.291502766212694e-08,True
12054,28,5.656854026702222e-08,True
12055,42,7.483315965389865e-08,True
12056,24,3.999999892423667e-08,True
12057,44,8.660251587918532e-08,True
12058,28,5.9160790790683136e-08,True
12059,40,1.9999998213116613e-08,True
12060,18,4.472136007261425e-08,True
12061,24,2.8284265423233947e-08,True
12062,46,7.483316110781562e-08,True
12063,26,4.000000095039115e-08,True
12064,32,5.656854183711402e-08,True
12065,38,4.9999994899970034e-08,True
12066,24,7.601582815929793e-15,True
12067,27,1.414213993404378e-08,True
12068,41,1.9999999656407435e-08,True
12069,24,8.485281448276927e-08,True
12070,24,3.9999992651476365e-08,True
12071,20,8.944271735237702e-08,True
12072,36,6.63325006929445e-08,True
12073,24,4.8989793560787355e-08,True
12074,44,9.380832590512307e-08,True
12075,44,6.928200598580365e-08,True
12076,56,5.2915026319330994e-08,True
12077,28,6.92820334200664e-08,True
12078,42,1.1661903300884146e-07,True
12079,20,5.099019809202661e-08,True
12080,22,4.898980017818848e-08,True
12081,42,4.7958324213138744e-08,True
12082,54,6.000003871522362e-08,True
12083,38,1.9999998102099234e-08,True
12084,36,3.4641005428654196e-08,True
12085,10,1.732050540647364e-08,True
12086,42,8.71779681146818e-08,True
12087,40,4.472136801673194e-08,True
12088,32,6.928205854677866e-08,True
12089,42,8.717798545993215e-08,True
12090,40,8.485283876687031e-08,True
12091,17,5.000000058985607e-08,True
12092,56,8.717797323420662e-08,True
12093,28,5.656852550815324e-08,True
12094,10,1.7320509508794036e-08,True
12095,40,4.904321461750713e-14,True
12096,40,3.162277261780484e-08,True
12097,34,4.89898116000039e-08,True
12098,31,2.4494900542341733e-08,True
12099,28,5.2915028186659364e-08,True
12100,20,5.656854968757394e-08,True
12101,28,3.9839067196914146,False
12102,56,1.0954449346405724e-07,True
12103,42,1.4142136690819432e-07,True
12104,48,6.633252117932987e-08,True
12105,24,5.6568540149262704e-08,True
12106,28,6.928202777937516e-08,True
12107,28,6.928204290668545e-08,True
12108,48,4.00000006450887e-08,True
12109,17,5.1961525684670624e-08,True
12110,24,6.928203982994236e-08,True
12111,18,5.099019632771146e-08,True
12112,26,4.4721361363531784e-08,True
12113,24,7.745965934426339e-08,True
12114,41,3.162277755052137e-08,True
12115,28,5.656856162027824e-08,True
12116,22,3.4641014787070185e-08,True
12117,28,5.6568543014681045e-08,True
12118,46,1.7320507406354838e-07,True
12119,24,6.928202393344979e-08,True
12120,44,1.7320489509985365e-08,True
12121,30,4.472135888099804e-08,True
12122,17,4.358899193401956e-08,True
12123,12,3.4641014594773906e-08,True
12124,27,1.4142131612554217e-08,True
12125,10,1.732050643205374e-08,True
12126,40,5.656855345579741e-08,True
12127,42,8.485280977249237e-08,True
12128,38,7.999998352659128e-08,True
12129,36,6.92820450860394e-08,True
12130,42,7.21110212528149e-08,True
12131,60,5.6568549967250474e-08,True
12132,28,1.0367366991496098e-14,True
12133,36,6.928203918895812e-08,True
12134,46,1.7320516944251853e-08,True
12135,44,1.543751542296913e-14,True
12136,22,6.324555116835432e-08,True
12137,42,5.385165570196746e-08,True
12138,20,5.656854309318605e-08,True
12139,24,6.92820423938918e-08,True
12140,40,7.211102014430128e-08,True
12141,42,2.5403009120458068e-14,True
12142,28,5.656853430066825e-08,True
12143,24,8.00000029346784e-08,True
12144,28,4.000000242143776e-08,True
12145,29,5.830951966032843e-08,True
12146,42,4.3588982446352106e-08,True
12147,24,3.999999931281239e-08,True
12148,24,4.311326371230795e-15,True
12149,48,1.1313706718334662e-07,True
12150,52,3.464103218989764e-08,True
12151,46,1.0392305423241938e-07,True
12152,40,5.656854686141922e-08,True
12153,32,9.797958648702867e-08,True
12154,42,4.0000003531664686e-08,True
12155,36,4.898978948156792e-08,True
12156,20,7.691850745534256e-15,True
12157,42,6.00000018835541e-08,True
12158,28,3.999997844062443e-08,True
12159,28,5.656853948197365e-08,True
12160,42,5.000001603861386e-08,True
12161,32,3.464101257566312e-08,True
12162,54,8.485283248649994e-08,True
12163,16,2.000000187685207e-08,True
12164,40,8.71779826709369e-08,True
12165,45,6.633248934862492e-08,True
12166,42,3.999999720339008e-08,True
12167,40,8.485281657622765e-08,True
12168,22,3.4641014883219065e-08,True
12169,58,6.324556953058137e-08,True
12170,46,3.4641010043764103e-08,True
12171,18,7.681145562429491e-08,True
12172,40,4.690415986953938e-08,True
12173,40,6.324555267857301e-08,True
12174,48,6.928202444624163e-08,True
12175,52,4.4721352004385474e-08,True
12176,24,2.828426550173747e-08,True
12177,24,6.000000274397636e-08,True
12178,30,6.324555506592931e-08,True
12179,38,1.9999994105306043e-08,True
12180,40,4.8989799996892315e-08,True
12181,16,8.246211513470838e-08,True
12182,40,8.944270505142164e-08,True
12183,58,2.332380866381832e-07,True
12184,52,6.000000415025926e-08,True
12185,22,2.8284272763414537e-08,True
12186,28,5.6568528334317926e-08,True
12187,28,5.65685364987984e-08,True
12188,28,3.9999988210585206e-08,True
12189,28,8.944270465421572e-08,True
12190,28,5.656854874552072e-08,True
12191,40,1.0198038660381875e-07,True
12192,28,5.656855282775983e-08,True
12193,48,1.1999998661416614e-07,True
12194,20,1.9999994549382746e-08,True
12195,22,3.464101267181181e-08,True
12196,42,7.615773011836515e-08,True
12197,44,3.999997444382019e-08,True
12198,48,2.078460971834571e-07,True
12199,20,3.9999993539652356e-08,True
12200,20,5.656854602238958e-08,True
12201,18,5.999999748892068e-08,True
12202,47,4.1231041680514836e-08,True
12203,22,3.999999531601057e-08,True
12204,34,3.4641016197246356e-08,True
12205,50,6.928199290965344e-08,True
12206,42,2.6457513810086073e-08,True
12207,28,6.324555632982813e-08,True
12208,40,5.656851765768778e-08,True
12209,24,3.464101393275534e-08,True
12210,58,1.5231544043260265e-07,True
12211,24,8.961913909027148e-15,True
12212,28,5.9160795744958284e-08,True
12213,38,4.472137377620354e-08,True
12214,28,5.832634613762132e-15,True
12215,17,4.8989792767605375e-08,True
12216,32,6.928202111310595e-08,True
12217,40,1.1135527908232937e-07,True
12218,28,5.656853838290831e-08,True
12219,45,7.071067628564409e-08,True
12220,22,5.656853963898365e-08,True
12221,40,5.949801099347179e-15,True
12222,26,4.472135759007994e-08,True
12223,46,6.92820441886571e-08,True
12224,28,6.92820318816961e-08,True
12225,40,9.38083174667561e-08,True
12226,30,1.999999454938094e-08,True
12227,40,2.8284252234456256e-08,True
12228,32,6.557438565716926e-08,True
12229,40,2.8284278612009547e-08,True
12230,30,4.898979945299347e-08,True
12231,32,1.0223701381680905e-14,True
12232,52,9.165151896278364e-08,True
12233,46,9.380833678150741e-08,True
12234,52,9.797961504157244e-08,True
12235,24,4.89897990903966e-08,True
12236,52,3.464100389031009e-08,True
12237,40,4.0000009637887477e-08,True
12238,34,4.89897952831266e-08,True
12239,40,8.4852794961287e-08,True
12240,28,7.211102795970619e-08,True
12241,22,2.000001009250253e-08,True
12242,36,5.656854246514904e-08,True
12243,30,1.99999927730248e-08,True
12244,31,2.2360681525828116e-08,True
12245,18,7.483314820051332e-08,True
12246,54,8.485281777996392e-08,True
12247,42,8.246211691188185e-08,True
12248,22,3.464100696702194e-08,True
12249,32,5.656853571375112e-08,True
12250,32,3.1816171654835078e-15,True
12251,40,2.8284255688659447e-08,True
12252,22,9.380831358486987e-08,True
12253,28,3.999999353965278e-08,True
12254,34,3.464106875823966e-08,True
12255,28,6.928203393285603e-08,True
12256,28,6.928201829275924e-08,True
12257,32,3.1401849173675502e-15,True
12258,40,2.828427609987175e-08,True
12259,24,8.00000021783379e-08,True
12260,28,6.928203213809066e-08,True
12261,28,8.000002793551235e-08,True
12262,44,7.67060471488661e-14,True
12263,21,2.4494894378186256e-08,True
12264,30,4.898979633692488e-08,True
12265,31,3.872982958613475e-08,True
12266,56,1.0198036034527247e-07,True
12267,26,6.92820257282155e-08,True
12268,28,3.999998110515451e-08,True
12269,40,4.898980199118045e-08,True
12270,40,2.828428081014075e-08,True
12271,24,5.6568542700664166e-08,True
12272,34,8.124037653518374e-08,True
12273,40,1.4966630295852964e-07,True
12274,30,6.633248509383328e-08,True
12275,32,4.000000330961492e-08,True
12276,32,6.928202418984518e-08,True
12277,22,5.6568548745518646e-08,True
12278,28,6.928203290727604e-08,True
12279,28,3.999999265147634e-08,True
12280,48,1.4938199723307813e-14,True
12281,38,5.656854890252958e-08,True
12282,22,4.472135252571093e-08,True
12283,40,2.8284250350345675e-08,True
12284,28,5.6568546233371126e-08,True
12285,46,1.0392304910451943e-07,True
12286,42,1.1489125377863345e-07,True
12287,60,3.999998015453383e-08,True
12288,12,1.9999999878450594e-08,True
12289,27,2.236068146376447e-08,True
12290,28,5.65685295903917e-08,True
12291,46,8.660254549281016e-08,True
12292,28,6.63325017139148e-08,True
12293,36,1.999998389123954e-08,True
12294,40,6.928203470204387e-08,True
12295,18,4.358899046947935e-08,True
12296,20,4.000000686232854e-08,True
12297,44,4.638487349591555e-14,True
12298,28,8.000001106012245e-08,True
12299,48,6.324550633556492e-08,True
12300,28,3.999999986792363e-08,True
12301,52,6.633248549552719e-08,True
12302,58,1.3114872255380036e-07,True
12303,24,8.953829961586067e-15,True
12304,28,3.999999487191995e-08,True
12305,32,8.944271902188122e-08,True
12306,54,8.246213204477918e-08,True
12307,10,3.4641013889687654e-08,True
12308,28,8.944272232985816e-08,True
12309,18,6.928203204194247e-08,True
12310,54,7.4833140871545e-08,True
12311,22,6.633249567177025e-08,True
12312,40,2.714762053482276e-14,True
12313,30,4.8989795917669633e-08,True
12314,28,5.656855596794628e-08,True
12315,26,2.8284263539121388e-08,True
12316,24,5.656854686140751e-08,True
12317,28,5.656854403524117e-08,True
12318,40,8.944270981788663e-08,True
12319,20,5.656853461468912e-08,True
12320,28,3.9999993983746264e-08,True
12321,12,2.9999999077527186e-08,True
12322,24,1.0583867371683362e-14,True
12323,9,1.7320508739608962e-08,True
12324,21,6.928203515073234e-08,True
12325,20,8.79251776862914e-15,True
12326,18,5.999999415825151e-08,True
12327,4,9.999999994736442e-09,True
12328,3,0.0,True
12329,10,3.999999975690128e-08,True
12330,18,8.717797752594344e-08,True
12331,26,3.4641025723930794e-08,True
12332,8,2.8284271389583573e-08,True
12333,10,1.732050745763384e-08,True
12334,14,9.813077866773595e-18,True
12335,10,1.7320508162720173e-08,True
12336,16,2.8284269505472675e-08,True
12337,2,0.0,True
12338,20,2.8284271311079005e-08,True
12339,8,4.344434768182728e-16,True
12340,42,5.65685573810278e-08,True
12341,20,3.464102170973619e-08,True
12342,9,0.0,True
12343,20,6.32455553599607e-08,True
12344,14,3.464101286410748e-08,True
12345,20,3.9999995316010115e-08,True
12346,16,3.9999999219787564e-08,True
12347,9,1.7320508867806502e-08,True
12348,18,2.8284272331639923e-08,True
12349,22,3.4641016453637876e-08,True
12350,7,1.732050868352256e-08,True
12351,58,1.264910760877438e-07,True
12352,3,1.7320508355016425e-08,True
12353,14,2.000000076662909e-08,True
12354,8,2.828427044752808e-08,True
12355,44,6.324554986990633e-08,True
12356,8,1.7763568394002505e-15,True
12357,14,1.414213804993064e-08,True
12358,7,3.74165740483307e-08,True
12359,20,4.8989787305984265e-08,True
12360,6,1.4142136244324176e-08,True
12361,5,1.7320509124201502e-08,True
12362,8,2.828427295967602e-08,True
12363,10,5.291502629834594e-08,True
12364,28,7.21110255637007e-08,True
12365,10,3.464101722282291e-08,True
12366,32,8.717800085670657e-08,True
12367,36,7.810247496197886e-08,True
12368,16,2.4494896531108007e-08,True
12369,46,1.0000001515742202e-07,True
12370,16,2.828427327369528e-08,True
12371,4,1.7320508226818915e-08,True
12372,10,3.4641014081983846e-08,True
12373,12,1.5543122344752192e-15,True
12374,20,6.633248931161908e-08,True
12375,13,5.0990189861732303e-08,True
12376,10,2.8284271271826634e-08,True
12377,14,3.16227778138307e-08,True
12378,10,3.464101703052663e-08,True
12379,28,5.2915028616773966e-08,True
12380,23,6.164414756553535e-08,True
12381,14,4.472135937750477e-08,True
12382,20,4.00000077505073e-08,True
12383,18,3.3166252790108947e-08,True
12384,20,7.211102211499072e-08,True
12385,14,4.000000242143678e-08,True
12386,10,2.0000000100495606e-08,True
12387,10,3.4641013761490064e-08,True
12388,6,7.611032452943822e-05,True
12389,6,2.000000032253981e-08,True
12390,20,6.928204136831178e-08,True
12391,8,1.3322676295501878e-15,True
12392,10,1.355199909595506e-15,True
12393,36,7.483315561850294e-08,True
12394,10,1.7320507457633854e-08,True
12395,14,2.828426919145417e-08,True
12396,10,1.7320509316497767e-08,True
12397,10,1.8209011484034673e-15,True
12398,20,8.944270008635202e-08,True
12399,12,4.358898967990123e-08,True
12400,5,1.4142134595727063e-08,True
12401,42,6.244997701333396e-08,True
12402,16,6.928203188169555e-08,True
12403,7,3.000000040979486e-08,True
12404,14,2.828426887743565e-08,True
12405,20,4.4721360569120825e-08,True
12406,10,1.7320505406473642e-08,True
12407,27,2.828427295967681e-08,True
12408,18,3.464102209432874e-08,True
12409,44,5.477225995807976e-08,True
12410,12,4.898979093195631e-08,True
12411,21,1.7320508611412818e-08,True
12412,16,5.291502649766771e-08,True
12413,14,3.464101844069957e-08,True
12414,5,1.7320507970423888e-08,True
12415,16,3.464101799200799e-08,True
12416,20,5.999999785899501e-08,True
12417,15,4.472135880652169e-08,True
12418,30,8.246209800922321e-08,True
12419,24,5.09901912116747e-08,True
12420,20,8.94427239186807e-08,True
12421,28,3.4641017479220134e-08,True
12422,12,3.7416573480854506e-08,True
12423,4,1.4142135537782532e-08,True
12424,18,4.472135649776521e-08,True
12425,10,1.7320509316497767e-08,True
12426,35,8.306622658322823e-08,True
12427,20,7.483314576741295e-08,True
12428,14,4.8989797640007046e-08,True
12429,20,4.897522242970732e-15,True
12430,18,3.741657346230964e-08,True
12431,12,1.9999999212316776e-08,True
12432,12,0.0,True
12433,14,4.472135709357298e-08,True
12434,15,4.3588987795101774e-08,True
12435,12,2.2360679837704627e-08,True
12436,4,1.4142134909745548e-08,True
12437,20,7.99999994027805e-08,True
12438,14,1.4142135537782643e-08,True
12439,10,2.82842709087434e-08,True
12440,10,1.732051002158409e-08,True
12441,4,7.364386412590295e-16,True
12442,16,6.928203249063373e-08,True
12443,24,5.196152647522191e-08,True
12444,8,2.175583928816829e-15,True
12445,8,8.881784197001252e-16,True
12446,4,4.440892098500626e-16,True
12447,15,3.800892750241387e-15,True
12448,14,1.4142136479838122e-08,True
12449,20,2.828426793538045e-08,True
12450,6,0.0,True
12451,20,2.8284270697762313e-08,True
12452,10,1.414213836394913e-08,True
12453,10,3.4641018632995535e-08,True
12454,40,9.165151435964371e-08,True
12455,18,4.89897973680588e-08,True
12456,20,3.999999474008099e-08,True
12457,22,6.633249567177007e-08,True
12458,12,3.464101741511947e-08,True
12459,10,1.4142136165819577e-08,True
12460,20,4.472136027121678e-08,True
12461,18,2.8284271703602086e-08,True
12462,10,1.9860273225978185e-15,True
12463,10,3.464101440247763e-08,True
12464,18,4.582575568985819e-08,True
12465,20,6.633249647515777e-08,True
12466,10,1.7320508226818928e-08,True
12467,17,1.7320501816943293e-08,True
12468,46,3.464101312050309e-08,True
12469,20,3.9999992651474915e-08,True
12470,5,3.464101619724281e-08,True
12471,10,3.4641018504798025e-08,True
12472,10,1.732050906010275e-08,True
12473,23,4.690415298747769e-08,True
12474,10,2.8284270447528313e-08,True
12475,24,4.898979709611077e-08,True
12476,6,2.220446049250313e-16,True
12477,10,1.6616296724220897e-15,True
12478,9,9.99999993922531e-09,True
12479,36,8.944270376050302e-08,True
12480,24,6.928204213749663e-08,True
12481,10,1.732051104716423e-08,True
12482,24,6.324554742108912e-08,True
12483,22,6.63324964416835e-08,True
12484,22,2.2360674512668765e-08,True
12485,24,5.291502581577859e-08,True
12486,10,8.671119018262734e-16,True
12487,44,1.1661904457574392e-07,True
12488,13,2.8284272940049898e-08,True
12489,10,2.236067867091326e-08,True
12490,14,6.928203188169555e-08,True
12491,20,5.65685433483278e-08,True
12492,21,2.8284276315748888e-08,True
12493,14,4.8989793832735144e-08,True
12494,20,3.999999620418774e-08,True
12495,6,0.0,True
12496,9,1.7320509508794036e-08,True
12497,20,3.464101081294777e-08,True
12498,7,1.999999943436138e-08,True
12499,10,2.828426934846367e-08,True
12500,12,5.99999997833815e-08,True
12501,20,3.4641020127298284e-08,True
12502,20,5.291502965534552e-08,True
12503,20,3.316624810368109e-08,True
12504,30,9.380831327716012e-08,True
12505,7,1.7320508419115183e-08,True
12506,24,5.1961523494629756e-08,True
12507,14,6.92820303433254e-08,True
12508,8,1.3322676295501878e-15,True
12509,12,1.7320511559954297e-08,True
12510,20,5.2915023916975235e-08,True
12511,10,1.7320508034522646e-08,True
12512,24,6.633249245821969e-08,True
12513,12,3.464101581265045e-08,True
12514,20,2.8284271389583696e-08,True
12515,8,2.0000001911546534e-08,True
12516,14,4.6151104473205536e-15,True
12517,10,2.000000076662904e-08,True
12518,20,4.4721354511738655e-08,True
12519,10,3.4641016774131605e-08,True
12520,18,4.000000106141327e-08,True
12521,14,3.464101703052683e-08,True
12522,10,7.601582815929793e-15,True
12523,16,3.464101440247824e-08,True
12524,26,6.63325010946366e-08,True
12525,22,2.8284271703603238e-08,True
12526,12,3.46410161972428e-08,True
12527,13,4.123105620081582e-08,True
12528,8,2.8284272331639046e-08,True
12529,24,5.999999341810296e-08,True
12530,10,3.464101517166272e-08,True
12531,49,4.8989796042313066e-08,True
12532,12,2.6457513663214143e-08,True
12533,10,1.7320507778127636e-08,True
12534,11,3.3166247285648365e-08,True
12535,10,2.8284268406407996e-08,True
12536,3,7.691850745534255e-16,True
12537,16,1.999999055257736e-08,True
12538,12,2.8284271075565064e-08,True
12539,11,4.2426409230168485e-08,True
12540,10,2.000000165480744e-08,True
12541,16,3.605551195431369e-08,True
12542,12,2.828427013350961e-08,True
12543,8,2.2360679248102423e-08,True
12544,10,2.5510982866352577e-15,True
12545,10,1.7320508355016435e-08,True
12546,18,4.0000005085972725e-08,True
12547,17,1.732051075872113e-08,True
12548,14,1.4142136479838013e-08,True
12549,32,4.47213597374721e-08,True
12550,12,4.123105468618013e-08,True
12551,18,4.8989794784552916e-08,True
12552,10,1.7320508996003995e-08,True
12553,20,2.4494897550912776e-08,True
12554,8,8.881784197001252e-16,True
12555,22,4.795831230259117e-08,True
12556,10,3.4641014402477634e-08,True
12557,12,5.1961521379370826e-08,True
12558,12,2.4494897414938788e-08,True
12559,10,1.732050745763384e-08,True
12560,10,2.8284270524806107e-08,True
12561,5,1.999999987845058e-08,True
12562,27,3.162277663770184e-08,True
12563,18,4.47213594768058e-08,True
12564,8,1.7320505919263693e-08,True
12565,20,4.4721350936889014e-08,True
12566,34,4.472135828518991e-08,True
12567,14,5.656854232776557e-08,True
12568,10,5.196152538554307e-08,True
12569,5,1.7320508739608962e-08,True
12570,10,3.46410135691938e-08,True
12571,56,2.8284276570899974e-08,True
12572,8,9.99999949513612e-09,True
12573,26,6.000000918326977e-08,True
12574,8,2.0000000142995934e-08,True
12575,20,4.000000362880426e-08,True
12576,10,3.464101337689753e-08,True
12577,9,1.7320509508794036e-08,True
12578,22,7.483314508495765e-08,True
12579,32,2.8284268249400126e-08,True
12580,20,5.999999815505445e-08,True
12581,16,3.741657361437831e-08,True
12582,10,1.8209011484034673e-15,True
12583,36,6.928204059912739e-08,True
12584,10,1.73205100215841e-08,True
12585,10,2.8284271703602133e-08,True
12586,20,4.898980738481459e-08,True
12587,10,1.7320507970423908e-08,True
12588,10,4.898979528312416e-08,True
12589,7,1.4142136793856946e-08,True
12590,22,4.0000001325091415e-08,True
12591,13,5.196152198830898e-08,True
12592,20,8.485281200006052e-08,True
12593,10,1.7320509765189066e-08,True
12594,4,3.8459253727671276e-16,True
12595,8,2.8284270918555827e-08,True
12596,10,4.358898957802029e-08,True
12597,6,2.6457511313314206e-08,True
12598,10,1.732050848321394e-08,True
12599,10,1.7320507970423888e-08,True
12600,7,1.000000038331452e-08,True
12601,13,3.872983187940049e-08,True
12602,12,3.605550964106127e-08,True
12603,10,1.732051027797925e-08,True
12604,12,2.175583928816829e-15,True
12605,21,5.477225692013947e-08,True
12606,20,4.0000000062212883e-08,True
12607,42,7.41619946935711e-08,True
12608,10,8.3820000221454525e-16,True
12609,12,4.898979600831881e-08,True
12610,10,3.464101645363783e-08,True
12611,12,0.0,True
12612,10,3.99999991740342e-08,True
12613,20,8.000000170649295e-08,True
12614,9,3.464101671003285e-08,True
12615,10,2.0000003653208884e-08,True
12616,4,1.00000003833145e-08,True
12617,14,1.9860273225978185e-15,True
12618,22,4.898980434805738e-08,True
12619,8,3.3166248605798216e-08,True
12620,24,3.741657945604522e-08,True
12621,9,5.1961522372901516e-08,True
12622,10,1.732050662435001e-08,True
12623,18,5.291502531222754e-08,True
12624,18,2.6457512362376452e-08,True
12625,18,9.678699938266253e-16,True
12626,10,1.7320507778127636e-08,True
12627,32,4.8989792926241656e-08,True
12628,12,4.472136126423043e-08,True
12629,9,1.4142136636847406e-08,True
12630,20,2.8284273155938003e-08,True
12631,12,3.8729834917979305e-08,True
12632,22,3.872983437332856e-08,True
12633,24,2.8284269662482927e-08,True
12634,20,6.000000378018507e-08,True
12635,20,2.0000004763434294e-08,True
12636,24,4.00000041977938e-08,True
12637,23,3.7416565688256595e-08,True
12638,14,3.4641005172256733e-08,True
12639,20,4.8989791634488644e-08,True
12640,8,1.000000038331454e-08,True
12641,36,9.797959491741693e-08,True
12642,20,4.898979505650094e-08,True
12643,10,1.7320506688448767e-08,True
12644,20,8.485281526781552e-08,True
12645,36,2.828429258585039e-08,True
12646,15,4.358898784604245e-08,True
12647,12,3.999999842463353e-08,True
12648,10,1.7320507714028878e-08,True
12649,6,3.4641017222822904e-08,True
12650,22,6.633249433279074e-08,True
12651,5,1.999999927308639e-08,True
12652,18,5.385164865633557e-08,True
12653,12,1.831632243626128e-15,True
12654,18,3.605551296660226e-08,True
12655,10,3.4641013761490064e-08,True
12656,14,2.8284268877435656e-08,True
12657,14,3.464101549215654e-08,True
12658,24,4.472136354816178e-08,True
12659,9,1.4142136087314898e-08,True
12660,12,2.828427138958357e-08,True
12661,10,1.7320508355016438e-08,True
12662,18,1.7320507553782195e-08,True
12663,28,4.898978603689291e-08,True
12664,8,2.6645352591003757e-15,True
12665,22,1.999999543755858e-08,True
12666,10,1.6616296724220897e-15,True
12667,20,5.6568538068889746e-08,True
12668,42,3.999999909076878e-08,True
12669,5,1.7320508226818928e-08,True
12670,12,1.9999998102093804e-08,True
12671,10,3.464101542805773e-08,True
12672,14,4.4721355107546044e-08,True
12673,20,2.0000003431164458e-08,True
12674,9,3.3166247367242255e-08,True
12675,10,2.4494898366756762e-08,True
12676,10,2.000000165480774e-08,True
12677,12,1.73205080024735e-08,True
12678,14,2.8284271389583593e-08,True
12679,14,5.2915028228620324e-08,True
12680,12,2.828426715033397e-08,True
12681,22,6.928202675379505e-08,True
12682,14,2.999999448860541e-08,True
12683,4,9.99999993922529e-09,True
12684,8,2.8284268249398697e-08,True
12685,10,2.828427072229427e-08,True
12686,14,4.0000000200990814e-08,True
12687,10,1.7320509124201502e-08,True
12688,18,1.9999998102093943e-08,True
12689,10,2.7048516914496868e-15,True
12690,3,3.1401849173675503e-16,True
12691,16,9.999999939227224e-09,True
12692,12,3.1401849173675503e-16,True
12693,10,1.7320507521732602e-08,True
12694,14,1.0768591043747958e-14,True
12695,8,2.828427295967612e-08,True
12696,22,4.472136205864162e-08,True
12697,9,1.7320505662868663e-08,True
12698,10,1.7320508034522646e-08,True
12699,56,4.4721364094320365e-08,True
12700,18,4.4721361860038635e-08,True
12701,20,6.324555744012996e-08,True
12702,4,1.00000003833145e-08,True
12703,10,1.732050662435001e-08,True
12704,28,5.656854591935243e-08,True
12705,14,1.000000038331458e-08,True
12706,12,3.316624365157464e-08,True
12707,10,8.671119018262734e-16,True
12708,15,2.2360681258955874e-08,True
12709,12,3.464101606904531e-08,True
12710,36,4.898980452935977e-08,True
12711,24,4.123105688071945e-08,True
12712,30,6.633249620736231e-08,True
12713,21,6.244997864444567e-08,True
12714,20,8.717797965907797e-08,True
12715,24,5.6568553141781154e-08,True
12716,4,0.0,True
12717,10,1.0000001715582201e-08,True
12718,11,1.9999999975595138e-08,True
12719,12,0.0,True
12720,10,2.5510982866352577e-15,True
12721,16,5.291502710087847e-08,True
12722,20,2.828427080079908e-08,True
12723,22,3.464101106934231e-08,True
12724,20,3.464101754331886e-08,True
12725,9,1.0000000827403755e-08,True
12726,16,2.000000165480759e-08,True
12727,12,1.999999854618303e-08,True
12728,14,4.358899081332792e-08,True
12729,12,2.828427233163915e-08,True
12730,20,2.828426212603848e-08,True
12731,9,1.7320508739608962e-08,True
12732,12,5.656853838290829e-08,True
12733,14,3.000000026176528e-08,True
12734,24,3.999999531601287e-08,True
12735,20,6.793258640404412e-15,True
12736,10,1.732050848321394e-08,True
12737,14,3.4641017479217924e-08,True
12738,14,4.6904158828057866e-08,True
12739,16,1.999999854618299e-08,True
12740,17,5.6713817377445464e-15,True
12741,10,2.8284272174629832e-08,True
12742,10,2.482534153247273e-16,True
12743,4,1.7320507714028868e-08,True
12744,10,6.928203194579431e-08,True
12745,5,1.7320507970423888e-08,True
12746,45,3.741656467942073e-08,True
12747,34,5.830950656069628e-08,True
12748,10,5.196152596243186e-08,True
12749,12,4.898979390072189e-08,True
12750,8,0.0,True
12751,11,3.1622777181880675e-08,True
12752,10,3.162277684286591e-08,True
12753,10,1.7320508034522666e-08,True
12754,25,6.7823297536584e-08,True
12755,27,4.2426409890915686e-08,True
12756,8,1.732050489368359e-08,True
12757,8,2.710399819191012e-15,True
12758,10,3.7416573462309626e-08,True
12759,10,4.795831552619314e-08,True
12760,14,4.472135629916206e-08,True
12761,10,4.472135657224088e-08,True
12762,4,1.7320507585831358e-08,True
12763,10,3.464101652381635e-08,True
12764,30,4.8989800631436625e-08,True
12765,10,3.4641015171662715e-08,True
12766,24,4.8989788031178326e-08,True
12767,20,7.74596637820924e-08,True
12768,18,5.2915025668908945e-08,True
12769,10,3.464101555625524e-08,True
12770,12,1.7320508226818925e-08,True
12771,12,4.472135888099787e-08,True
12772,20,1.9999997658009895e-08,True
12773,12,2.4494898650035973e-08,True
12774,20,4.898979464857931e-08,True
12775,12,3.1622776971230814e-08,True
12776,6,9.99999971718069e-09,True
12777,18,4.472135848379212e-08,True
12778,20,7.483315155344496e-08,True
12779,21,3.162277900751751e-08,True
12780,12,2.499851492298633e-15,True
12781,24,8.944271974802246e-08,True
12782,4,0.0,True
12783,23,3.605551446001659e-08,True
12784,20,3.4641015684452895e-08,True
12785,10,3.464101446657639e-08,True
12786,10,1.732051002158409e-08,True
12787,10,2.8284272645657526e-08,True
12788,14,3.464101440247763e-08,True
12789,7,2.4494897788867247e-08,True
12790,10,1.4087150935148696e-15,True
12791,12,6.928203803517614e-08,True
12792,20,5.291502161952899e-08,True
12793,12,3.162277746274742e-08,True
12794,28,3.762493250920716e-15,True
12795,12,2.000000165480749e-08,True
12796,26,3.4641013376897587e-08,True
12797,20,3.741656917100587e-08,True
12798,12,3.0000001149943514e-08,True
12799,24,1.1313708744244523e-07,True
12800,20,5.29150230042909e-08,True
12801,5,4.965068306494546e-16,True
12802,23,3.316624881501563e-08,True
12803,36,9.695359275161164e-08,True
12804,4,1.2560739669470201e-15,True
12805,20,3.4641017831761527e-08,True
12806,10,3.464101446657639e-08,True
12807,20,3.8729831005093374e-08,True
12808,3,0.0,True
12809,19,3.162278020119919e-08,True
12810,36,7.999998619112803e-08,True
12811,20,4.8989792246371726e-08,True
12812,26,7.211102416266391e-08,True
12813,4,9.99999905104687e-09,True
12814,24,3.999999576009974e-08,True
12815,9,1.7320507457633864e-08,True
12816,10,1.7320507329436327e-08,True
12817,20,6.324555419699679e-08,True
12818,20,5.99999978960024e-08,True
12819,10,1.414213616581964e-08,True
12820,12,4.0000000478546154e-08,True
12821,10,3.4641014146082614e-08,True
12822,16,3.999999810197501e-08,True
12823,4,1.4142136165819543e-08,True
12824,10,3.000000044911527e-08,True
12825,8,1.0175362097255202e-15,True
12826,24,2.828427174285441e-08,True
12827,16,3.999999531601053e-08,True
12828,20,5.656853712683428e-08,True
12829,12,2.828427280266678e-08,True
12830,12,2.8284270447528366e-08,True
12831,10,1.7320510983065445e-08,True
12832,8,2.8284270604537338e-08,True
12833,10,2.4494896440458458e-08,True
12834,4,1.4142134909745548e-08,True
12835,3,3.1401849173675503e-16,True
12836,13,3.46410146588728e-08,True
12837,17,2.828427276341537e-08,True
12838,14,0.0,True
12839,22,5.656854152309374e-08,True
12840,36,5.0990203350270044e-08,True
12841,14,3.4641017479217924e-08,True
12842,4,9.99999993922531e-09,True
12843,13,2.9999997837778483e-08,True
12844,18,3.0000000113736015e-08,True
12845,10,3.4641018248403004e-08,True
12846,10,3.4641015684452756e-08,True
12847,10,1.7320509316497767e-08,True
12848,10,3.464101812020549e-08,True
12849,42,6.324555374936623e-08,True
12850,11,3.000000048380979e-08,True
12851,10,1.732050745763384e-08,True
12852,10,3.4641017222822904e-08,True
12853,18,1.999999765800469e-08,True
12854,10,3.8459253727671276e-16,True
12855,10,2.828427358771315e-08,True
12856,24,4.472136225724406e-08,True
12857,23,1.4142129021901501e-08,True
12858,10,4.440892098500626e-16,True
12859,10,1.7320512585534517e-08,True
12860,12,2.8284272331639033e-08,True
12861,10,2.4494898276107488e-08,True
12862,10,1.7320509252399118e-08,True
12863,12,1.7320508739608962e-08,True
12864,12,3.464101594084799e-08,True
12865,12,2.00000016548077e-08,True
12866,10,2.0000003913417786e-08,True
12867,48,4.89897897535178e-08,True
12868,28,5.656852770628027e-08,True
12869,28,5.999999519446023e-08,True
12870,42,6.324554954514374e-08,True
12871,20,2.2360676312506248e-08,True
12872,34,8.717800116234834e-08,True
12873,28,5.656853838290873e-08,True
12874,24,3.9999996648277883e-08,True
12875,27,4.5825756192569795e-08,True
12876,26,3.4641017543319584e-08,True
12877,46,8.944269889473728e-08,True
12878,28,5.656855172869556e-08,True
12879,22,6.633248951246558e-08,True
12880,38,3.464098799379525e-08,True
12881,36,3.253508763089545e-14,True
12882,35,6.633249896900753e-08,True
12883,16,2.8284272017620583e-08,True
12884,28,1.6904581122178434e-14,True
12885,40,5.6568554397851665e-08,True
12886,54,1.5362293264032183e-07,True
12887,40,3.464103004257461e-08,True
12888,42,5.6568552016956354e-08,True
12889,42,2.8284280967155395e-08,True
12890,28,1.8081922750170586e-14,True
12891,36,4.472137476921951e-08,True
12892,52,8.717796906981743e-08,True
12893,17,4.898979310754052e-08,True
12894,26,3.4641011846541317e-08,True
12895,22,2.828427986808385e-08,True
12896,46,3.464099594203593e-08,True
12897,23,3.316624805346959e-08,True
12898,28,7.21110186662821e-08,True
12899,22,5.291502468279181e-08,True
12900,54,6.164413679142898e-08,True
12901,28,4.0000004197793266e-08,True
12902,24,4.000000330961512e-08,True
12903,40,5.656853210254217e-08,True
12904,42,1.2328829414149817e-07,True
12905,28,4.00000015332585e-08,True
12906,58,4.898981178133487e-08,True
12907,28,4.898980126598141e-08,True
12908,30,4.472135788798391e-08,True
12909,22,3.9222124645131e-15,True
12910,28,6.928201854915495e-08,True
12911,44,9.591663505150655e-08,True
12912,24,3.999999265147398e-08,True
12913,28,7.21110186816788e-08,True
12914,42,4.6904149300872765e-08,True
12915,22,2.0000004319344105e-08,True
12916,54,7.483313517452506e-08,True
12917,24,4.89897949998451e-08,True
12918,20,5.999999719286111e-08,True
12919,20,5.291502623540252e-08,True
12920,54,7.141429827831408e-08,True
12921,28,5.039070426058666e-15,True
12922,46,6.164414527423261e-08,True
12923,32,6.928203470204411e-08,True
12924,18,5.656854246514864e-08,True
12925,46,1.3856405478956553e-07,True
12926,40,9.619459469222108e-15,True
12927,28,3.999997844062303e-08,True
12928,22,4.4721361363531724e-08,True
12929,36,5.6568540895058174e-08,True
12930,36,8.944271418714618e-08,True
12931,24,5.656854686140756e-08,True
12932,50,6.557435988858273e-08,True
12933,36,5.999999652673007e-08,True
12934,48,5.999997802301589e-08,True
12935,44,6.63324723735353e-08,True
12936,24,5.6568540424028466e-08,True
12937,36,8.246211007245885e-08,True
12938,42,5.2915041677598496e-08,True
12939,36,9.797959419222507e-08,True
12940,22,4.4721355901957645e-08,True
12941,48,7.48331439574248e-08,True
12942,36,5.999998542449783e-08,True
12943,30,3.605551549155051e-08,True
12944,36,7.483315736914877e-08,True
12945,22,3.4641015940849576e-08,True
12946,28,8.00000049955294e-08,True
12947,42,1.3114877713004893e-07,True
12948,54,1.148911610114596e-07,True
12949,28,5.656856036420425e-08,True
12950,30,4.472136305165517e-08,True
12951,19,4.3588990635036215e-08,True
12952,20,7.74596751534711e-08,True
12953,36,9.99998461815962e-09,True
12954,12,4.898979655221482e-08,True
12955,38,6.633252050983938e-08,True
12956,10,0.0,True
12957,15,5.385164736781551e-08,True
12958,46,1.385641017098549e-07,True
12959,9,2.449489782286076e-08,True
12960,14,5.099019526150173e-08,True
12961,12,2.236067621320499e-08,True
12962,22,6.633249339550522e-08,True
12963,12,2.828427138958373e-08,True
12964,20,3.4641011453935504e-08,True
12965,20,3.999998998693904e-08,True
12966,16,4.8989794920526996e-08,True
12967,16,3.316624808694371e-08,True
12968,20,3.464101376149014e-08,True
12969,27,3.3166246095211976e-08,True
12970,12,2.9999999003512414e-08,True
12971,10,3.464101459477389e-08,True
12972,36,4.000000419779628e-08,True
12973,14,3.4641017479217924e-08,True
12974,18,7.483315226557156e-08,True
12975,13,3.000000010397753e-08,True
12976,5,9.999999939225295e-09,True
12977,12,2.8284272959676035e-08,True
12978,11,1.7320508996004048e-08,True
12979,23,1.7320512457338264e-08,True
12980,20,6.000000320656924e-08,True
12981,24,2.0000004319343883e-08,True
12982,5,9.999999495136132e-09,True
12983,10,5.656854591935204e-08,True
12984,9,2.4494902355328307e-08,True
12985,7,1.0877919644084146e-15,True
12986,6,1.9999999656405976e-08,True
12987,6,9.999999495136277e-09,True
12988,6,1.7320507970423888e-08,True
12989,6,1.732050777812762e-08,True
12990,6,1.999999987845062e-08,True
12991,6,1.4142135537782532e-08,True
12992,6,2.8284271075565064e-08,True
12993,6,2.8284269819491112e-08,True
12994,6,2.4494898185458065e-08,True
12995,6,1.7320508162720156e-08,True
12996,6,0.0,True
12997,6,1.999999987845058e-08,True
12998,6,1.7320508226818918e-08,True
12999,5,1.732050758583135e-08,True
13000,6,2.8284269819491095e-08,True
13001,5,2.2644195468014703e-15,True
13002,6,1.7320508226818918e-08,True
13003,6,3.4641017992008004e-08,True
13004,6,1.2560739669470201e-15,True
13005,6,2.8284271389583557e-08,True
13006,6,4.440892098500626e-16,True
13007,6,3.4641015940847776e-08,True
13008,5,3.000000070585432e-08,True
13009,5,9.99999993922529e-09,True
13010,5,1.000000082740371e-08,True
13011,6,2.8284271075565064e-08,True
13012,3,1.7320507970423888e-08,True
13013,2,0.0,True
13014,3,7.691850745534255e-16,True
13015,3,1.9229626863835638e-16,True
13016,3,7.691850745534255e-16,True
13017,3,0.0,True
13018,4,0.0,True
13019,3,0.0,True
13020,3,1.7320508739608962e-08,True
13021,3,1.7320507970423888e-08,True
13022,3,0.0,True
13023,2,0.0,True
13024,4,0.0,True
13025,3,0.0,True
13026,2,0.0,True
13027,3,0.0,True
13028,3,1.9229626863835638e-16,True
13029,3,1.538370149106851e-15,True
13030,4,0.0,True
13031,4,0.0,True
13032,2,0.0,True
13033,7,1.7320508739609018e-08,True
13034,3,1.4142135537782532e-08,True
13035,3,0.0,True
13036,1,0.0,True
13037,1,0.0,True
13038,3,9.99999993922529e-09,True
13039,3,0.0,True
13040,3,1.7320507970423888e-08,True
13041,3,9.614813431917819e-17,True
13042,2,0.0,True
13043,3,0.0,True
13044,3,0.0,True
13045,3,7.691850745534255e-16,True
13046,3,9.99999993922529e-09,True
13047,3,1.7320507970423888e-08,True
13048,2,0.0,True
13049,3,1.4142135537782534e-08,True
13050,2,0.0,True
13051,3,0.0,True
13052,10,1.9999999434361473e-08,True
13053,10,2.449489843474372e-08,True
13054,8,1.2560739669470201e-15,True
13055,4,5.43984499737905e-16,True
13056,7,1.9999999767428308e-08,True
13057,7,2.000000032253981e-08,True
13058,5,3.8459253727671276e-16,True
13059,12,4.000000064507962e-08,True
13060,12,5.6568542779167345e-08,True
13061,7,4.440892098500626e-16,True
13062,4,1.4142135851801023e-08,True
13063,3,9.99999993922529e-09,True
13064,5,2.0000000253150865e-08,True
13065,5,2.236067967633953e-08,True
13066,8,2.0000000766629e-08,True
13067,8,2.2360679837704254e-08,True
13068,6,2.8284271075565074e-08,True
13069,9,3.000000026176509e-08,True
13070,8,0.0,True
13071,6,2.0000000058861822e-08,True
13072,8,6.280369834735101e-16,True
13073,12,2.6691571797624175e-15,True
13074,5,9.99999993922529e-09,True
13075,5,0.0,True
13076,4,0.0,True
13077,7,1.7320508707559584e-08,True
13078,11,2.6457512844944946e-08,True
13079,10,2.8284270447528088e-08,True
13080,9,3.464101235131743e-08,True
13081,6,9.999999717180687e-09,True
13082,12,5.656854215113017e-08,True
13083,7,1.732050822681892e-08,True
13084,8,3.4641015684452795e-08,True
13085,8,6.280369834735101e-16,True
13086,6,2.000000032253983e-08,True
13087,7,3.316624853884919e-08,True
13088,7,2.000000021151751e-08,True
13089,4,1.000000082740371e-08,True
13090,10,4.472136086702489e-08,True
13091,10,1.3911054626160788e-15,True
13092,6,8.881784197001252e-16,True
13093,7,1.732050643205374e-08,True
13094,4,1.7320507970423895e-08,True
13095,5,5.978733960281817e-16,True
13096,9,3.4641016613884724e-08,True
13097,8,1.538370149106851e-15,True
13098,8,1.0877919644084146e-15,True
13099,7,1.4142134909745556e-08,True
13100,2,0.0,True
13101,12,6.928203034332551e-08,True
13102,3,0.0,True
13103,3,9.614813431917819e-17,True
13104,3,1.7320507970423888e-08,True
13105,8,1.999999965640598e-08,True
13106,7,2.23606794404988e-08,True
13107,5,1.538370149106851e-15,True
13108,7,3.4641017222822904e-08,True
13109,9,2.4494895103380823e-08,True
13110,3,7.691850745534255e-16,True
13111,3,0.0,True
13112,12,3.999999886872283e-08,True
13113,10,2.828427154659286e-08,True
13114,2,0.0,True
13115,8,2.3914935841127266e-15,True
13116,8,2.8284273587713e-08,True
13117,15,3.1622776637701466e-08,True
13118,7,1.732050797042392e-08,True
13119,8,3.464101247951495e-08,True
13120,11,1.4142135616287226e-08,True
13121,3,6.661338147750939e-16,True
13122,8,2.0000000766629632e-08,True
13123,8,1.4142135851801086e-08,True
13124,8,2.8284270761546588e-08,True
13125,7,1.4142136165819523e-08,True
13126,6,2.8284271703602086e-08,True
13127,3,0.0,True
13128,8,2.2360679999068977e-08,True
13129,3,2.220446049250313e-16,True
13130,7,3.464101491526768e-08,True
13131,8,1.732050745763384e-08,True
13132,8,2.645751328555103e-08,True
13133,3,0.0,True
13134,3,1.4142135537782532e-08,True
13135,7,6.280369834735101e-16,True
13136,10,2.8284270918555817e-08,True
13137,8,2.000000076662902e-08,True
13138,9,5.438959822042073e-16,True
13139,10,2.8284271860611316e-08,True
13140,3,0.0,True
13141,10,1.9999998990272164e-08,True
13142,5,3.000000018775021e-08,True
13143,9,2.999999959563127e-08,True
13144,8,2.8284271075565107e-08,True
13145,5,9.999999939225292e-09,True
13146,12,4.000000242143642e-08,True
13147,9,1.6392246515987586e-15,True
13148,6,2.828427201762054e-08,True
13149,8,8.881784197001252e-16,True
13150,8,2.4494897423437133e-08,True
13151,10,1.99999996564061e-08,True
13152,5,1.414213553778254e-08,True
13153,9,1.7320508226818958e-08,True
13154,6,1.0000000827403712e-08,True
13155,10,2.828427295967605e-08,True
13156,10,3.605551031848652e-08,True
13157,8,2.8284268563417143e-08,True
13158,12,4.898979909039602e-08,True
13159,4,1.2412670766236366e-16,True
13160,6,1.9999999434361377e-08,True
13161,7,1.000000082740379e-08,True
13162,10,1.9999998102093764e-08,True
13163,10,4.000000164428054e-08,True
13164,8,2.8284272331639085e-08,True
13165,9,4.6904157668226166e-08,True
13166,11,3.741657346230958e-08,True
13167,10,1.7320506047461263e-08,True
13168,7,1.7320508290917706e-08,True
13169,10,2.828427115406969e-08,True
13170,10,2.828427107556512e-08,True
13171,10,3.4641015171662775e-08,True
13172,10,4.123105632871859e-08,True
13173,6,1.4142135537782532e-08,True
13174,10,1.999999899027232e-08,True
13175,7,2.828427170360205e-08,True
13176,10,2.8284273273694548e-08,True
13177,8,2.828427107556512e-08,True
13178,6,1.7320507794152318e-08,True
13179,10,2.828427107556509e-08,True
13180,11,1.732050790632525e-08,True
13181,10,2.828426981949121e-08,True
13182,6,0.0,True
13183,10,3.4641015091539314e-08,True
13184,10,2.645751244630145e-08,True
13185,6,1.7320508162720156e-08,True
13186,8,2.828427029051884e-08,True
13187,9,2.0000000031106276e-08,True
13188,11,2.645751303377612e-08,True
13189,5,3.000000218615167e-08,True
13190,12,5.656854466327822e-08,True
13191,12,4.24264091516638e-08,True
13192,12,2.645751177490194e-08,True
13193,10,1.7320508226818958e-08,True
13194,8,2.4494898729354047e-08,True
13195,12,2.449489700701683e-08,True
13196,8,2.0000000272232846e-08,True
13197,6,2.2360679098374553e-08,True
13198,8,1.999999987845068e-08,True
13199,12,3.999999999282365e-08,True
13200,10,2.0000000322540012e-08,True
13201,12,4.4721360271216703e-08,True
13202,10,1.0175362097255202e-15,True
13203,10,1.7320509252399012e-08,True
13204,4,0.0,True
13205,9,3.741657381837303e-08,True
13206,11,3.316624800744176e-08,True
13207,12,3.464101658183537e-08,True
13208,4,5.978733960281817e-16,True
13209,10,3.4641016453637856e-08,True
13210,10,5.1961525257345547e-08,True
13211,10,2.8284271389583603e-08,True
13212,4,0.0,True
13213,10,1.7320508931905267e-08,True
13214,12,2.8284273587713004e-08,True
13215,10,1.732050591926369e-08,True
13216,4,9.99999993922533e-09,True
13217,10,2.8284270697761658e-08,True
13218,10,3.000000159403273e-08,True
13219,12,2.000000076662902e-08,True
13220,5,0.0,True
13221,4,0.0,True
13222,10,4.8989794999845094e-08,True
13223,8,3.464101645363783e-08,True
13224,3,1.7320507201238814e-08,True
13225,10,3.464101747921793e-08,True
13226,7,1.7320508304939298e-08,True
13227,10,1.999999987845058e-08,True
13228,9,1.7320507970423888e-08,True
13229,12,3.9999998202588947e-08,True
13230,10,4.242640677035684e-08,True
13231,10,1.9999999767428308e-08,True
13232,6,2.0000000322539797e-08,True
13233,7,1.000000127149296e-08,True
13234,10,3.3306690738754696e-16,True
13235,4,0.0,True
13236,12,1.8038988979531736e-15,True
13237,9,2.0000000100495258e-08,True
13238,5,1.7320508162720156e-08,True
13239,2,0.0,True
13240,10,9.99999905104687e-09,True
13241,7,1.732050745763384e-08,True
13242,3,1.7320507970423888e-08,True
13243,10,1.7320507970423895e-08,True
13244,8,1.999999987845067e-08,True
13245,9,3.464101600494653e-08,True
13246,9,3.4641015363958974e-08,True
13247,4,0.0,True
13248,12,4.8989794036695874e-08,True
13249,10,1.4142135302268664e-08,True
13250,20,3.464102029956328e-08,True
13251,2,0.0,True
13252,4,1.732050806657202e-08,True
13253,3,1.7320507970423888e-08,True
13254,10,2.8284270943088532e-08,True
13255,5,1.7320506944843804e-08,True
13256,7,3.0000000113735366e-08,True
13257,3,7.691850745534255e-16,True
13258,7,2.449489727896475e-08,True
13259,9,1.4142135537782563e-08,True
13260,2,0.0,True
13261,4,1.73205080986214e-08,True
13262,4,1.7320507758096763e-08,True
13263,16,9.230220894641107e-15,True
13264,2,0.0,True
13265,4,0.0,True
13266,4,1.00000001612699e-08,True
13267,2,0.0,True
13268,10,3.4641014530675145e-08,True
13269,6,2.8284271703602047e-08,True
13270,2,0.0,True
13271,16,3.464101773561307e-08,True
13272,2,0.0,True
13273,7,1.7320507970423888e-08,True
13274,10,2.482534153247273e-16,True
13275,10,1.732050617565875e-08,True
13276,12,3.999999897974507e-08,True
13277,2,0.0,True
13278,10,4.440892098500626e-16,True
13279,6,2.8284270761546574e-08,True
13280,12,2.8087096313882582e-15,True
13281,6,1.999999987845058e-08,True
13282,4,0.0,True
13283,4,1.41421357732964e-08,True
13284,9,1.7320507778127626e-08,True
13285,2,0.0,True
13286,10,2.0000000433562133e-08,True
13287,8,3.464101590879842e-08,True
13288,6,1.999999987845058e-08,True
13289,8,1.087797497190387e-15,True
13290,6,2.000000032253979e-08,True
13291,8,9.930924495404474e-16,True
13292,6,2.828427170360205e-08,True
13293,2,0.0,True
13294,6,1.9999999878450584e-08,True
13295,6,2.828427125220047e-08,True
13296,9,9.155133597044475e-16,True
13297,9,3.1401849173675503e-16,True
13298,12,2.8284270761546604e-08,True
13299,8,4.440892098500626e-16,True
13300,9,9.930136612989092e-16,True
13301,9,4.577566798522237e-16,True
13302,9,3.6821932062951477e-16,True
13303,7,1.7320507842226378e-08,True
13304,7,3.4641016389539075e-08,True
13305,12,2.8284271075565077e-08,True
13306,9,3.4641015940847776e-08,True
13307,9,3.316624730029331e-08,True
13308,5,1.7320508547312693e-08,True
13309,8,2.828427131107895e-08,True
13310,10,2.2360679514974867e-08,True
13311,8,2.8284269819491102e-08,True
13312,8,2.8284270447528144e-08,True
13313,4,1.3322676295501878e-15,True
13314,8,1.4142134595727146e-08,True
13315,7,9.155133597044475e-16,True
13316,6,9.999999495136142e-09,True
13317,6,1.732050773806593e-08,True
13318,2,0.0,True
13319,10,3.464101927398325e-08,True
13320,10,3.0000002778270976e-08,True
13321,9,3.4641016069045286e-08,True
13322,6,1.999999987845059e-08,True
13323,9,3.464101491526768e-08,True
13324,9,0.0,True
13325,9,9.930136612989092e-16,True
13326,7,1.732050797042389e-08,True
13327,7,9.999999939225295e-09,True
13328,8,2.8284271160969513e-08,True
13329,5,2.4494897284630343e-08,True
13330,12,1.7320508355016435e-08,True
13331,5,1.4142134281708565e-08,True
13332,16,6.000000674077976e-08,True
13333,4,2.000000007273961e-08,True
13334,4,1.732050806657202e-08,True
13335,4,7.691850745534255e-16,True
13336,16,1.9999999878450706e-08,True
13337,6,1.999999943436137e-08,True
13338,11,2.4494898230782818e-08,True
13339,11,3.316624834009459e-08,True
13340,4,1.4142135537782532e-08,True
13341,8,1.9999998546183e-08,True
13342,9,2.8284271468088192e-08,True
13343,9,3.0000000039720496e-08,True
13344,4,1.732050750570792e-08,True
13345,10,2.8284270133509714e-08,True
13346,7,1.7320509508794082e-08,True
13347,8,3.464101542805778e-08,True
13348,9,2.4494897641562076e-08,True
13349,8,3.76822190084106e-15,True
13350,8,3.464101286410748e-08,True
13351,9,2.6457513285551074e-08,True
13352,8,1.538370149106851e-15,True
13353,11,5.830951842271711e-08,True
13354,8,2.2360678844690594e-08,True
13355,7,1.3322676295501878e-15,True
13356,8,3.46410151716627e-08,True
13357,10,3.0000001214706594e-08,True
13358,8,2.0000001654807443e-08,True
13359,5,1.7320508996004002e-08,True
13360,12,1.4142133025634995e-08,True
13361,8,1.7320508355016425e-08,True
13362,11,1.999999890700552e-08,True
13363,7,1.999999987845058e-08,True
13364,7,1.999999987845059e-08,True
13365,10,3.4641015331909715e-08,True
13366,12,9.155133597044475e-16,True
13367,6,4.440892098500626e-16,True
13368,5,9.999999939225292e-09,True
13369,6,2.828427484378698e-08,True
13370,4,1.7320508355016425e-08,True
13371,10,1.9999998546182984e-08,True
13372,4,3.8459253727671276e-16,True
13373,6,2.8284271703602047e-08,True
13374,6,2.8284270447528085e-08,True
13375,4,1.732050758583135e-08,True
13376,8,3.464101465887268e-08,True
13377,5,9.99999993922529e-09,True
13378,7,1.732050720123882e-08,True
13379,9,1.7320509508794218e-08,True
13380,4,1.7320507970423888e-08,True
13381,4,0.0,True
13382,2,0.0,True
13383,4,1.7320507201238814e-08,True
13384,4,9.61481343191782e-16,True
13385,4,3.8459253727671276e-16,True
13386,5,1.7320506944843804e-08,True
13387,10,2.8284271075565157e-08,True
13388,10,3.464101722282295e-08,True
13389,7,2.999999996570561e-08,True
13390,9,2.589462819655575e-15,True
13391,8,2.000000010049519e-08,True
13392,4,7.691850745534255e-16,True
13393,9,2.8284271075565067e-08,True
13394,12,3.464101619724286e-08,True
13395,3,3.8459253727671276e-16,True
13396,3,0.0,True
13397,3,0.0,True
13398,3,0.0,True
13399,3,0.0,True
13400,3,7.691850745534255e-16,True
13401,3,2.884444029575346e-16,True
13402,3,1.7320507970423888e-08,True
13403,3,1.7320507970423888e-08,True
13404,3,0.0,True
13405,3,0.0,True
13406,3,1.9229626863835638e-16,True
13407,3,7.691850745534255e-16,True
13408,3,0.0,True
13409,3,0.0,True
13410,3,0.0,True
13411,3,0.0,True
13412,3,0.0,True
13413,3,0.0,True
13414,3,1.7320507970423888e-08,True
13415,3,0.0,True
13416,3,1.7320508739608962e-08,True
13417,3,7.691850745534255e-16,True
13418,3,1.7320507970423888e-08,True
13419,4,0.0,True
13420,8,1.7320507521732636e-08,True
13421,4,1.9999999940900626e-08,True
13422,10,3.464101651773659e-08,True
13423,6,4.440892098500626e-16,True
13424,12,5.656854309318561e-08,True
13425,8,9.99999993922537e-09,True
13426,4,0.0,True
13427,5,2.4494897822860733e-08,True
13428,6,8.881784197001252e-16,True
13429,4,3.1401849173675503e-16,True
13430,4,3.8459253727671276e-16,True
13431,4,9.999999717180685e-09,True
13432,4,2.220446049250313e-16,True
13433,8,2.8284269976500342e-08,True
13434,4,1.7320507970423888e-08,True
13435,5,3.8459253727671276e-16,True
13436,10,1.732050713714006e-08,True
13437,10,3.464101465887266e-08,True
13438,10,1.9999995881647814e-08,True
13439,10,2.8284271625097435e-08,True
13440,10,2.482534153247273e-16,True
13441,10,1.7320508996003995e-08,True
13442,10,3.4641020555958226e-08,True
13443,10,7.021666937153402e-16,True
13444,10,1.355199909595506e-15,True
13445,10,1.7320506944843794e-08,True
13446,10,1.732051072667042e-08,True
13447,10,1.1157603309187458e-15,True
13448,10,1.7320510277979156e-08,True
13449,10,1.7320508162720166e-08,True
13450,10,1.7320509316497787e-08,True
13451,10,1.7320507970423888e-08,True
13452,10,1.7320506752547545e-08,True
13453,10,3.464101728692166e-08,True
13454,10,1.6504651808933464e-15,True
13455,10,3.4641017927909216e-08,True
13456,10,5.1961523911271664e-08,True
13457,10,1.7320507970423888e-08,True
13458,10,2.482534153247273e-16,True
13459,10,1.7320510277979113e-08,True
13460,10,3.1401849173675503e-16,True
13461,10,3.464101542805775e-08,True
13462,10,1.7320508996003995e-08,True
13463,10,1.732050899600399e-08,True
13464,10,7.364386412590295e-16,True
13465,10,6.280369834735101e-16,True
13466,10,1.631687946612622e-15,True
13467,10,1.631687946612622e-15,True
13468,10,1.7320506944843794e-08,True
13469,10,2.7465400791133423e-15,True
13470,10,1.900395703982448e-15,True
13471,10,1.4043333874306805e-15,True
13472,10,0.0,True
13473,10,1.9999998990272654e-08,True
13474,10,1.631687946612622e-15,True
13475,10,2.4494896312274828e-08,True
13476,10,6.661338147750939e-16,True
13477,10,3.46410147870703e-08,True
13478,10,2.828427127182663e-08,True
13479,10,5.196152480865425e-08,True
13480,10,1.7320507008942545e-08,True
13481,10,2.8284270133509618e-08,True
13482,8,1.7320507970423888e-08,True
13483,8,3.4641015812650266e-08,True
13484,10,1.4087150935148696e-15,True
13485,10,1.7320506367954985e-08,True
13486,10,3.464101613314405e-08,True
13487,8,2.828427013350962e-08,True
13488,8,2.828427056528506e-08,True
13489,8,2.8284271114817375e-08,True
13490,8,6.280369834735101e-16,True
13491,8,2.0000002542985883e-08,True
13492,8,2.4494896916367437e-08,True
13493,8,2.673771110915334e-15,True
13494,8,2.4494895647276808e-08,True
13495,4,1.7320508002473265e-08,True
13496,2,0.0,True
13497,5,1.4142135851801055e-08,True
13498,5,1.4142135894714078e-08,True
13499,5,1.4142135537782534e-08,True
13500,10,2.0000000877651395e-08,True
13501,10,1.9999999878450624e-08,True
13502,5,1.538370149106851e-15,True
13503,10,4.472135987401123e-08,True
13504,10,2.8284271860611303e-08,True
13505,10,2.8284274215749987e-08,True
13506,10,2.828427170360208e-08,True
13507,4,0.0,True
13508,3,1.4142135616287155e-08,True
13509,2,0.0,True
13510,2,0.0,True
13511,2,0.0,True
13512,4,2.220446049250313e-16,True
13513,4,8.881784197001252e-16,True
13514,4,0.0,True
13515,3,0.0,True
13516,2,0.0,True
13517,2,0.0,True
13518,8,2.082963028648268e-15,True
13519,8,0.0,True
13520,8,3.46410151716627e-08,True
13521,8,1.9999999434361374e-08,True
13522,8,3.464101671003285e-08,True
13523,2,0.0,True
13524,2,0.0,True
13525,2,0.0,True
13526,2,0.0,True
13527,3,0.0,True
13528,2,0.0,True
13529,2,0.0,True
13530,2,0.0,True
13531,2,0.0,True
13532,2,0.0,True
13533,2,0.0,True
13534,3,0.0,True
13535,4,1.7320507970423888e-08,True
13536,4,0.0,True
13537,4,1.4142135537782532e-08,True
13538,4,0.0,True
13539,12,1.999999987845059e-08,True
13540,12,2.8284267935380157e-08,True
13541,2,0.0,True
13542,2,0.0,True
13543,12,1.9999999989472886e-08,True
13544,4,0.0,True
13545,12,7.34846927660499e-08,True
13546,8,3.076740298213702e-15,True
13547,9,3.605551191967266e-08,True
13548,8,1.9357399876532506e-15,True
13549,3,0.0,True
13550,2,0.0,True
13551,6,3.4641015940847776e-08,True
13552,4,0.0,True
13553,12,5.102196573270515e-15,True
13554,3,0.0,True
13555,2,0.0,True
13556,4,0.0,True
13557,10,6.324555338072793e-08,True
13558,2,0.0,True
13559,2,0.0,True
13560,3,1.7320507970423888e-08,True
13561,2,0.0,True
13562,8,3.464101626134156e-08,True
13563,6,3.4641015940847776e-08,True
13564,6,3.46410161972428e-08,True
13565,10,2.0000000055392554e-08,True
13566,10,3.464101574855154e-08,True
13567,8,3.46410166459341e-08,True
13568,6,1.999999987845058e-08,True
13569,3,0.0,True
13570,4,0.0,True
13571,4,0.0,True
13572,2,0.0,True
13573,6,2.828427107556507e-08,True
13574,12,1.538370149106851e-15,True
13575,9,3.872983405800396e-08,True
13576,8,0.0,True
13577,8,2.8284271703602047e-08,True
13578,8,3.4641015940847776e-08,True
13579,6,1.999999987845062e-08,True
13580,6,0.0,True
13581,4,0.0,True
13582,8,2.828427044752808e-08,True
13583,2,0.0,True
13584,8,2.8284269819491095e-08,True
13585,6,1.999999987845058e-08,True
13586,10,3.4641014458564106e-08,True
13587,12,3.9999999867923464e-08,True
13588,3,0.0,True
13589,3,0.0,True
13590,2,0.0,True
13591,3,1.7320507970423888e-08,True
13592,3,0.0,True
13593,4,0.0,True
13594,4,0.0,True
13595,2,0.0,True
13596,3,9.99999993922529e-09,True
13597,12,4.000000064507976e-08,True
13598,2,0.0,True
13599,10,4.898979425198805e-08,True
13600,3,0.0,True
13601,2,0.0,True
13602,10,3.464101446657642e-08,True
13603,12,4.0000005085972076e-08,True
13604,6,2.0000000322539794e-08,True
13605,2,0.0,True
13606,2,0.0,True
13607,3,1.7320507970423888e-08,True
13608,6,2.8284270604537328e-08,True
13609,12,1.7320509508794082e-08,True
13610,2,0.0,True
13611,2,0.0,True
13612,10,3.464101619724286e-08,True
13613,2,0.0,True
13614,12,5.385164724927156e-08,True
13615,3,1.7320507970423888e-08,True
13616,3,1.7320507970423888e-08,True
13617,6,2.8284271075565064e-08,True
13618,2,0.0,True
13619,2,0.0,True
13620,2,0.0,True
13621,2,0.0,True
13622,6,3.4641015428057735e-08,True
13623,2,0.0,True
13624,2,0.0,True
13625,3,0.0,True
13626,3,1.7320507970423888e-08,True
13627,7,9.99999993922537e-09,True
13628,8,1.538370149106851e-15,True
13629,6,3.3306690738754696e-16,True
13630,2,0.0,True
13631,2,0.0,True
13632,2,0.0,True
13633,3,1.7320508355016425e-08,True
13634,2,0.0,True
13635,2,0.0,True
13636,2,0.0,True
13637,6,1.999999943436138e-08,True
13638,12,6.928203495843585e-08,True
13639,2,0.0,True
13640,3,1.7320507970423888e-08,True
13641,5,1.4142134281708572e-08,True
13642,2,0.0,True
13643,6,1.999999987845062e-08,True
13644,12,0.0,True
13645,2,0.0,True
13646,8,2.8284271154069692e-08,True
13647,8,4.440892098500626e-16,True
13648,4,7.691850745534255e-16,True
13649,10,9.42055475210265e-16,True
13650,4,0.0,True
13651,6,3.46410151716627e-08,True
13652,2,0.0,True
13653,2,0.0,True
13654,2,0.0,True
13655,2,0.0,True
13656,2,0.0,True
13657,4,9.99999993922529e-09,True
13658,3,1.7320508355016425e-08,True
13659,6,2.8284271075565064e-08,True
13660,12,1.414213490974559e-08,True
13661,3,0.0,True
13662,7,1.0000000383314604e-08,True
13663,8,1.999999987845059e-08,True
13664,6,1.999999987845058e-08,True
13665,2,0.0,True
13666,2,0.0,True
13667,8,0.0,True
13668,2,0.0,True
13669,12,3.999999709236608e-08,True
13670,3,1.7320507970423888e-08,True
13671,2,0.0,True
13672,4,0.0,True
13673,8,3.464101581265028e-08,True
13674,6,2.0000000766629e-08,True
13675,12,3.9999997092366e-08,True
13676,2,0.0,True
13677,2,0.0,True
13678,2,0.0,True
13679,5,1.7320507457633854e-08,True
13680,6,1.999999987845062e-08,True
13681,4,1.7320507990454748e-08,True
13682,2,0.0,True
13683,8,4.440892098500626e-16,True
13684,2,0.0,True
13685,2,0.0,True
13686,6,3.4641015940847776e-08,True
13687,3,0.0,True
13688,3,1.7320507970423888e-08,True
13689,2,0.0,True
13690,3,0.0,True
13691,2,0.0,True
13692,12,3.2047775597423687e-15,True
13693,3,0.0,True
13694,8,1.7763568394002505e-15,True
13695,10,5.291502644783726e-08,True
13696,8,2.6645352591003757e-15,True
13697,4,1.4142135616287155e-08,True
13698,16,5.17892563931115e-15,True
13699,7,1.732050771402889e-08,True
13700,9,8.308148362110449e-16,True
13701,12,4.898979514715015e-08,True
13702,4,1.732050809862142e-08,True
13703,12,4.358898993460381e-08,True
13704,12,5.6568544663278065e-08,True
13705,8,4.440892098500626e-16,True
13706,8,2.8284272959676068e-08,True
13707,8,3.464101850479803e-08,True
13708,12,1.732050745763384e-08,True
13709,7,3.316624756808918e-08,True
13710,5,1.7320506047461203e-08,True
13711,7,4.898979360611154e-08,True
13712,5,9.99999993922529e-09,True
13713,6,5.192592726319031e-16,True
13714,12,1.4142136165819672e-08,True
13715,12,6.0565693336060345e-15,True
13716,7,9.99999993922537e-09,True
13717,10,2.8284271546592817e-08,True
13718,12,6.000000133769372e-08,True
13719,16,2.3100994097446523e-15,True
13720,3,0.0,True
13721,5,2.482534153247273e-16,True
13722,6,2.8284269819491095e-08,True
13723,6,3.464101542805773e-08,True
13724,12,6.153480596427404e-15,True
13725,8,2.3914935841127266e-15,True
13726,6,1.7320507810928196e-08,True
13727,8,4.440892098500626e-16,True
13728,5,1.7320507585831354e-08,True
13729,6,2.0000000322539794e-08,True
13730,8,2.8284269819491095e-08,True
13731,5,3.8459253727671276e-16,True
13732,10,3.464101747921823e-08,True
13733,8,2.828427170360206e-08,True
13734,10,2.8284271860611303e-08,True
13735,8,3.464101671003285e-08,True
13736,4,1.732050803452265e-08,True
13737,8,1.7320508162720156e-08,True
13738,10,4.472135929061575e-08,True
13739,7,9.99999993922537e-09,True
13740,9,4.1231055143936436e-08,True
13741,7,3.076740298213702e-15,True
13742,9,3.741657393706088e-08,True
13743,5,1.7320507201238824e-08,True
13744,8,2.8284271703602133e-08,True
13745,4,2.000000043356211e-08,True
13746,8,3.464101440247764e-08,True
13747,10,4.00000002148682e-08,True
13748,9,4.3588988864852764e-08,True
13749,8,2.236067983770426e-08,True
13750,8,2.00000003225398e-08,True
13751,9,4.690415778657635e-08,True
13752,8,2.8284270447528088e-08,True
13753,8,3.4641015940847776e-08,True
13754,9,1.7320506688448764e-08,True
13755,8,5.196152352667913e-08,True
13756,4,2.2360679639101514e-08,True
13757,12,5.291502631932719e-08,True
13758,12,5.656854340720411e-08,True
13759,8,1.0877919644084146e-15,True
13760,10,2.8284271703602086e-08,True
13761,10,2.8284271232574535e-08,True
13762,12,2.828426950547262e-08,True
13763,12,3.3166242896306586e-08,True
13764,4,1.7320508030516495e-08,True
13765,5,9.999999939225487e-09,True
13766,6,1.00000003833145e-08,True
13767,10,1.9999998990272204e-08,True
13768,10,2.8284271939115944e-08,True
13769,5,7.691850745534255e-16,True
13770,12,2.828426997650057e-08,True
13771,7,1.732050848321394e-08,True
13772,10,4.000000022874597e-08,True
13773,6,4.440892098500626e-16,True
13774,10,3.4641016197242975e-08,True
13775,5,9.99999905104695e-09,True
13776,10,1.9999999323339336e-08,True
13777,8,2.828427138958356e-08,True
13778,10,2.000000015600643e-08,True
13779,12,3.999999931281195e-08,True
13780,5,1.7320508996004002e-08,True
13781,9,3.0000001149943514e-08,True
13782,8,2.828427170360205e-08,True
13783,12,3.9999999756901406e-08,True
13784,12,2.220446049250313e-15,True
13785,4,1.7320508032519582e-08,True
13786,10,1.999999987845074e-08,True
13787,8,2.8284269819491228e-08,True
13788,12,4.123105468617981e-08,True
13789,8,8.881784197001252e-16,True
13790,8,4.242640682269327e-08,True
13791,7,1.732050681664628e-08,True
13792,12,1.9999998102094224e-08,True
13793,6,2.8284271075565064e-08,True
13794,5,1.999999987845058e-08,True
13795,8,3.1401849173675503e-16,True
13796,12,2.000000165480747e-08,True
13797,5,1.7320508515263385e-08,True
13798,8,3.4641016261341604e-08,True
13799,6,2.000000032253979e-08,True
13800,8,1.9999999434361374e-08,True
13801,12,3.464101453067516e-08,True
13802,5,8.881784197001252e-16,True
13803,4,0.0,True
13804,12,4.898979462591655e-08,True
13805,12,2.828427233163903e-08,True
13806,12,4.000000197734726e-08,True
13807,12,3.464101863299555e-08,True
13808,4,1.9999999906206156e-08,True
13809,8,1.999999987845058e-08,True
13810,8,2.8284271075565067e-08,True
13811,11,3.3166250346471496e-08,True
13812,12,4.8989790569359106e-08,True
13813,6,0.0,True
13814,8,4.965068306494546e-16,True
13815,10,2.828427125220048e-08,True
13816,7,2.2360680334211088e-08,True
13817,12,1.999999987845092e-08,True
13818,7,1.7320506944843896e-08,True
13819,6,2.8284271075565077e-08,True
13820,8,3.46410167100329e-08,True
13821,11,2.2360679738403114e-08,True
13822,10,2.8284272645657664e-08,True
13823,4,1.999999987845062e-08,True
13824,16,1.7320504124498515e-08,True
13825,6,1.7320507714028878e-08,True
13826,8,2.828427217462981e-08,True
13827,8,2.8284272174629783e-08,True
13828,7,1.4142133025634605e-08,True
13829,8,3.7416573061738084e-08,True
13830,11,3.872983167873965e-08,True
13831,11,4.123105692110954e-08,True
13832,8,9.678699938266253e-16,True
13833,11,3.741657102920902e-08,True
13834,12,2.000000010049531e-08,True
13835,8,2.8284270133509595e-08,True
13836,12,4.00000002009904e-08,True
13837,5,1.414213553778256e-08,True
13838,8,1.1957467920563633e-15,True
13839,12,2.8284272959676035e-08,True
13840,8,3.6055512920414176e-08,True
13841,5,1.4142136165819515e-08,True
13842,5,1.7320508226818915e-08,True
13843,7,2.4494898729354073e-08,True
13844,8,1.732050899600399e-08,True
13845,6,0.0,True
13846,3,0.0,True
13847,5,4.440892098500626e-16,True
13848,11,3.741657334454898e-08,True
13849,10,1.732050521417738e-08,True
13850,10,1.7320507073041304e-08,True
13851,8,1.7763568394002505e-15,True
13852,10,1.7320510790769177e-08,True
13853,10,1.732050797042407e-08,True
13854,10,3.4641015812650325e-08,True
13855,8,1.7320506432053773e-08,True
13856,12,4.472135967540858e-08,True
13857,10,4.0000001005902084e-08,True
13858,10,3.464101042835476e-08,True
13859,11,2.6457511785392193e-08,True
13860,10,5.291502627736466e-08,True
13861,10,1.7320509060102744e-08,True
13862,10,1.7320512200941835e-08,True
13863,10,2.6457513159663574e-08,True
13864,12,4.358898810074492e-08,True
13865,10,2.1868857395626282e-15,True
13866,10,1.732050515007862e-08,True
13867,7,1.4142135459278e-08,True
13868,9,3.000000005822421e-08,True
13869,5,9.999999994736446e-09,True
13870,11,3.1622772793338845e-08,True
13871,9,3.1622777032670355e-08,True
13872,6,6.280369834735101e-16,True
13873,8,3.464101568445277e-08,True
13874,5,1.7320507201238814e-08,True
13875,10,4.472136007261396e-08,True
13876,4,1.414213553778256e-08,True
13877,6,0.0,True
13878,4,1.4142135537782532e-08,True
13879,12,2.828427076154658e-08,True
13880,10,2.000000032253981e-08,True
13881,10,3.9999999562612244e-08,True
13882,9,3.3166247501140224e-08,True
13883,4,9.999999051047038e-09,True
13884,10,2.000000029478428e-08,True
13885,4,1.732050848321394e-08,True
13886,8,1.999999899027232e-08,True
13887,5,8.881784197001252e-16,True
13888,6,3.4641015940847776e-08,True
13889,6,3.46410161972428e-08,True
13890,6,1.999999987845058e-08,True
13891,6,1.2560739669470201e-15,True
13892,5,1.7320508226818915e-08,True
13893,9,5.099019408574544e-08,True
13894,4,0.0,True
13895,12,9.999997274690475e-09,True
13896,3,1.7320507970423888e-08,True
13897,4,1.4142135537782532e-08,True
13898,3,9.99999993922529e-09,True
13899,12,3.162277697123077e-08,True
13900,5,1.7320507457633854e-08,True
13901,5,1.538370149106851e-15,True
13902,10,1.7320508483213965e-08,True
13903,9,1.7320509252399012e-08,True
13904,9,9.9999999392253e-09,True
13905,10,3.464101517166271e-08,True
13906,5,1.732050726533762e-08,True
13907,8,2.000000076662902e-08,True
13908,8,1.00000003833145e-08,True
13909,6,2.8284271075565067e-08,True
13910,6,2.8284271075565064e-08,True
13911,6,1.3322676295501878e-15,True
13912,6,6.000000081958963e-08,True
13913,8,2.8284271279186438e-08,True
13914,10,1.9999999878450604e-08,True
13915,10,2.828427044752809e-08,True
13916,10,2.0000000933162474e-08,True
13917,12,6.661338147750939e-16,True
13918,8,1.999999987845061e-08,True
13919,12,6.928203252268312e-08,True
13920,12,9.678699938266253e-16,True
13921,8,2.8284271075565084e-08,True
13922,5,1.732050777812762e-08,True
13923,10,2.0000000211517498e-08,True
13924,6,5.291502664847039e-08,True
13925,8,2.000000076662901e-08,True
13926,12,3.9999998424633644e-08,True
13927,8,3.000000009523165e-08,True
13928,12,4.472135987401141e-08,True
13929,3,1.7320507970423888e-08,True
13930,3,1.7320508050547332e-08,True
13931,12,6.92820382274726e-08,True
13932,7,1.7320507714028864e-08,True
13933,5,2.2360679639101514e-08,True
13934,8,2.8284271703602047e-08,True
13935,8,2.8284270447528085e-08,True
13936,10,9.999997274690071e-09,True
13937,12,4.000000003445693e-08,True
13938,12,3.4641014402477694e-08,True
13939,8,2.828427201762054e-08,True
13940,8,3.4641015940847776e-08,True
13941,8,2.82842704475281e-08,True
13942,8,2.000000076662904e-08,True
13943,10,2.828427097252775e-08,True
13944,10,2.8284272017620573e-08,True
13945,7,1.732050726533759e-08,True
13946,6,1.538370149106851e-15,True
13947,5,1.7320508483213998e-08,True
13948,5,9.99999993922537e-09,True
13949,8,2.8284271546592807e-08,True
13950,8,2.0000000322539794e-08,True
13951,6,2.2360679899767605e-08,True
13952,8,1.999999987845058e-08,True
13953,8,4.000000086712423e-08,True
13954,9,3.741657381837304e-08,True
13955,6,2.0000000128250807e-08,True
13956,6,1.732050854731271e-08,True
13957,7,1.732050800247328e-08,True
13958,10,1.7320508611411452e-08,True
13959,5,0.0,True
13960,4,0.0,True
13961,4,0.0,True
13962,9,3.3166247300293294e-08,True
13963,7,2.4494897278964775e-08,True
13964,7,1.732050797042389e-08,True
13965,7,1.732050745763384e-08,True
13966,7,2.8284270231640377e-08,True
13967,7,1.7320507778127646e-08,True
13968,12,4.898979383273492e-08,True
13969,4,9.99999905104687e-09,True
13970,8,3.316624812878676e-08,True
13971,8,3.872983324102765e-08,True
13972,5,2.236068003630698e-08,True
13973,5,1.4142135537782532e-08,True
13974,12,3.7416574115092686e-08,True
13975,8,1.4130832128153975e-15,True
13976,8,2.3551386880256624e-16,True
13977,8,3.464101626134156e-08,True
13978,8,2.8284271301265857e-08,True
13979,8,6.843874359417885e-16,True
13980,8,2.828427233163903e-08,True
13981,8,2.8284272331639046e-08,True
13982,4,9.99999993922533e-09,True
13983,4,1.4142134909745563e-08,True
13984,9,2.236068003630698e-08,True
13985,3,9.99999993922529e-09,True
13986,10,3.8729833090532066e-08,True
13987,8,2.828427295967602e-08,True
13988,8,3.464101594084778e-08,True
13989,4,3.8459253727671276e-16,True
13990,3,0.0,True
13991,12,3.4641015171662814e-08,True
13992,12,6.928203662500352e-08,True
13993,2,0.0,True
13994,10,3.464101901758835e-08,True
13995,11,1.999999843516071e-08,True
13996,4,9.99999905104691e-09,True
13997,10,2.8284271625097425e-08,True
13998,12,4.898979165715098e-08,True
13999,4,1.4142135537782532e-08,True
14000,4,9.99999993922529e-09,True
14001,3,0.0,True
14002,10,3.4641016293390935e-08,True
14003,10,2.8284271703602057e-08,True
14004,4,1.4142135851801027e-08,True
14005,9,3.0000001742062445e-08,True
14006,12,6.928203261883125e-08,True
14007,10,3.741657435246828e-08,True
14008,10,3.605551284343405e-08,True
14009,10,4.5825756041150354e-08,True
14010,9,8.308148362110449e-16,True
14011,8,2.082963028648268e-15,True
14012,10,3.4641016453637836e-08,True
14013,8,3.316624808694366e-08,True
14014,8,3.162277651482229e-08,True
14015,10,2.828427107556507e-08,True
14016,10,2.8284270486780432e-08,True
14017,10,2.808666774861361e-15,True
14018,5,0.0,True
14019,5,2.999999981767587e-08,True
14020,5,1.7320508996004002e-08,True
14021,5,1.7320507970423888e-08,True
14022,5,1.000000082740371e-08,True
14023,8,1.732050867551021e-08,True
14024,8,2.236067874538922e-08,True
14025,7,1.414213365367158e-08,True
14026,7,1.7320508226819007e-08,True
14027,7,9.99999993922531e-09,True
14028,8,1.4142135537782547e-08,True
14029,7,1.7320505919263716e-08,True
14030,8,4.440892098500626e-16,True
14031,12,3.9999998868722894e-08,True
14032,5,0.0,True
14033,5,3.1401849173675503e-16,True
14034,6,1.7320508483213998e-08,True
14035,6,1.7320509508794036e-08,True
14036,4,1.7320508002473272e-08,True
14037,8,3.464101671003287e-08,True
14038,3,1.7320507970423888e-08,True
14039,6,2.8284271075565064e-08,True
14040,8,1.999999987845058e-08,True
14041,6,2.8284271075565064e-08,True
14042,2,0.0,True
14043,2,0.0,True
14044,12,4.472136096632632e-08,True
14045,5,1.4142135537782532e-08,True
14046,12,2.0000001654808472e-08,True
14047,5,1.4142135537782532e-08,True
14048,5,1.4142135851801028e-08,True
14049,5,9.999999633913962e-09,True
14050,12,1.7306664177452076e-15,True
14051,6,2.0000000766629e-08,True
14052,10,4.0000001338969004e-08,True
14053,8,0.0,True
14054,12,3.4641015363959013e-08,True
14055,6,0.0,True
14056,7,1.9999999933961732e-08,True
14057,7,9.99999993922529e-09,True
14058,6,1.3322676295501878e-15,True
14059,12,2.000000076662902e-08,True
14060,7,1.4142136165819523e-08,True
14061,6,1.2560739669470201e-15,True
14062,9,1.732050797042389e-08,True
14063,5,1.4142135537782532e-08,True
14064,4,1.7320507970423888e-08,True
14065,10,2.8284271762480528e-08,True
14066,7,1.4142135537782532e-08,True
14067,7,2.2360680656940534e-08,True
14068,7,2.0000000322539794e-08,True
14069,4,0.0,True
14070,4,0.0,True
14071,4,0.0,True
14072,4,0.0,True
14073,11,3.316624857232369e-08,True
14074,9,4.1231056921109484e-08,True
14075,10,4.472136007261398e-08,True
14076,10,1.999999810209375e-08,True
14077,10,2.8284270447528088e-08,True
14078,10,2.8284270133509635e-08,True
14079,10,2.828427107556507e-08,True
14080,7,9.999999717180775e-09,True
14081,7,9.99999993922529e-09,True
14082,8,3.076740298213702e-15,True
14083,12,4.00000008671247e-08,True
14084,6,1.999999965640598e-08,True
14085,6,2.8284271389583557e-08,True
14086,12,2.8284272959676035e-08,True
14087,12,2.449489727896475e-08,True
14088,12,4.898979528312416e-08,True
14089,12,2.8284266679306943e-08,True
14090,3,0.0,True
14091,9,3.3166249844354064e-08,True
14092,9,3.464101606904529e-08,True
14093,9,2.4494897550912944e-08,True
14094,8,3.605551298199824e-08,True
14095,8,1.732050813067078e-08,True
14096,4,1.4142134909745563e-08,True
14097,4,1.4142135537782532e-08,True
14098,8,1.0877919644084146e-15,True
14099,9,2.236067957548658e-08,True
14100,5,1.7320507201238814e-08,True
14101,10,2.8284271036312776e-08,True
14102,6,0.0,True
14103,6,0.0,True
14104,11,3.162277558445151e-08,True
14105,9,3.464101529986022e-08,True
14106,12,3.74165725128069e-08,True
14107,12,1.1281198993241301e-15,True
14108,8,1.732050814669548e-08,True
14109,8,2.645751346389159e-08,True
14110,8,1.732050829091767e-08,True
14111,5,1.4142136793856499e-08,True
14112,5,0.0,True
14113,12,4.898979455792957e-08,True
14114,7,2.4494896916367446e-08,True
14115,10,2.8284271923782984e-08,True
14116,4,1.999999971191713e-08,True
14117,4,1.4142135537782643e-08,True
14118,4,1.4142135537782699e-08,True
14119,6,1.9999999906206156e-08,True
14120,6,9.99999949513608e-09,True
14121,6,2.0000000100495186e-08,True
14122,3,1.538370149106851e-15,True
14123,8,2.8284271075565064e-08,True
14124,5,8.881784197001252e-16,True
14125,8,2.8284271075565067e-08,True
14126,6,2.8284271075565064e-08,True
14127,5,9.99999993922537e-09,True
14128,5,9.99999993922529e-09,True
14129,5,1.4142136793856527e-08,True
14130,5,1.538370149106851e-15,True
14131,5,1.414213553778256e-08,True
14132,5,1.4142136793856527e-08,True
14133,5,0.0,True
14134,6,3.4641015940847776e-08,True
14135,6,3.46410161972428e-08,True
14136,7,1.414213475273631e-08,True
14137,12,4.472136325025771e-08,True
14138,5,1.7320507970423888e-08,True
14139,8,3.464101491526768e-08,True
14140,8,3.87298337820953e-08,True
14141,10,3.464101449862583e-08,True
14142,12,1.99999998784507e-08,True
14143,10,2.828427060453736e-08,True
14144,12,4.000000042303499e-08,True
14145,8,2.0000000211517508e-08,True
14146,12,1.0314473817308903e-15,True
14147,12,3.464101671003288e-08,True
14148,12,4.8989796642864144e-08,True
14149,6,1.999999987845058e-08,True
14150,9,9.99999993922537e-09,True
14151,12,2.9499359079002526e-15,True
14152,7,3.00000011499435e-08,True
14153,9,2.9999999817675924e-08,True
14154,8,3.4641016197242816e-08,True
14155,12,2.8284273116685262e-08,True
14156,12,2.8284271625097428e-08,True
14157,10,3.999999820258897e-08,True
14158,8,3.3166247534614675e-08,True
14159,10,1.7320508034522646e-08,True
14160,12,2.4494897324289517e-08,True
14161,6,0.0,True
14162,6,1.2560739669470201e-15,True
14163,12,6.633249680990253e-08,True
14164,12,1.99999998784506e-08,True
14165,7,2.44948970976661e-08,True
14166,6,4.440892098500626e-16,True
14167,12,2.0000001210718333e-08,True
14168,6,4.440892098500626e-16,True
14169,6,5.65685434072041e-08,True
14170,12,2.8284270761546594e-08,True
14171,2,0.0,True
14172,6,2.8284271703602047e-08,True
14173,12,3.999999798054484e-08,True
14174,4,1.7320507201238814e-08,True
14175,8,3.4641015940847796e-08,True
14176,8,1.7320508739608962e-08,True
14177,3,0.0,True
14178,6,4.440892098500626e-16,True
14179,10,2.0000000322539814e-08,True
14180,4,1.000000082740371e-08,True
14181,10,2.0000000322539873e-08,True
14182,5,1.7320508226818918e-08,True
14183,8,3.464101773561296e-08,True
14184,10,2.6645352591003757e-15,True
14185,8,2.8284266051269282e-08,True
14186,12,2.8284270918556436e-08,True
14187,9,5.1961523911271684e-08,True
14188,4,1.7320507970423888e-08,True
14189,8,9.930136612989092e-16,True
14190,5,1.9999999434361384e-08,True
14191,8,3.46410160690453e-08,True
14192,8,3.4641015940847816e-08,True
14193,8,3.46410151716627e-08,True
14194,12,5.6568542524027085e-08,True
14195,6,1.999999987845058e-08,True
14196,9,3.464101683823036e-08,True
14197,12,2.8284271389583557e-08,True
14198,5,1.538370149106851e-15,True
14199,8,2.8284271546592813e-08,True
14200,3,1.4142135537782539e-08,True
14201,3,7.691850745534255e-16,True
14202,3,0.0,True
14203,2,0.0,True
14204,2,0.0,True
14205,2,0.0,True
14206,4,1.7320507393535082e-08,True
14207,2,0.0,True
14208,8,3.8459253727671276e-16,True
14209,2,0.0,True
14210,11,4.123105371681272e-08,True
14211,5,1.732050829091767e-08,True
14212,5,1.0000000383314505e-08,True
14213,7,4.8989794693903516e-08,True
14214,4,1.4142136165819515e-08,True
14215,12,4.8989795147150165e-08,True
14216,8,3.4641014402477694e-08,True
14217,8,1.99999989902722e-08,True
14218,8,3.4641016453637836e-08,True
14219,12,1.9999998990272343e-08,True
14220,7,2.2360679409758066e-08,True
14221,12,1.7763568394002505e-15,True
14222,3,0.0,True
14223,3,1.9229626863835638e-16,True
14224,10,3.4641007223417306e-08,True
14225,10,3.316624750114027e-08,True
14226,10,1.948594117205542e-15,True
14227,9,3.7416573996404775e-08,True
14228,8,2.828427044752809e-08,True
14229,10,4.472136029759363e-08,True
14230,8,3.464101747921799e-08,True
14231,10,2.9999999799172205e-08,True
14232,2,0.0,True
14233,7,2.4494897301627088e-08,True
14234,4,1.4142135537782532e-08,True
14235,5,1.538370149106851e-15,True
14236,3,0.0,True
14237,5,1.7320507970423888e-08,True
14238,10,6.0000002299887e-08,True
14239,10,4.440892098500626e-16,True
14240,8,2.828427044752808e-08,True
14241,12,1.99999998784506e-08,True
14242,4,9.999999051046885e-09,True
14243,10,2.2360681321018507e-08,True
14244,12,3.999999975690121e-08,True
14245,10,4.3588986419707654e-08,True
14246,8,4.58257566225996e-08,True
14247,8,0.0,True
14248,12,3.464101824840305e-08,True
14249,8,3.464101651773663e-08,True
14250,10,2.220446049250313e-15,True
14251,8,1.88411095042053e-15,True
14252,10,2.8284272017620543e-08,True
14253,3,0.0,True
14254,12,6.928203188169555e-08,True
14255,4,0.0,True
14256,10,2.000000165480742e-08,True
14257,12,3.60555122121971e-08,True
14258,5,9.99999993922529e-09,True
14259,8,3.4641017479217924e-08,True
14260,4,9.99999993922529e-09,True
14261,10,1.2560739669470201e-15,True
14262,8,2.000000032253979e-08,True
14263,5,1.000000082740371e-08,True
14264,2,0.0,True
14265,2,0.0,True
14266,2,0.0,True
14267,10,4.0000001422235744e-08,True
14268,10,3.872983311203143e-08,True
14269,6,2.8284271075565064e-08,True
14270,2,0.0,True
14271,10,2.8284268563417633e-08,True
14272,12,2.0000001654807483e-08,True
14273,10,1.7320507329436327e-08,True
14274,9,2.4494896916367437e-08,True
14275,6,0.0,True
14276,6,0.0,True
14277,8,8.881784197001252e-16,True
14278,10,2.4494897448932487e-08,True
14279,10,1.9999999212316782e-08,True
14280,11,3.316624786935953e-08,True
14281,6,2.8284271075565064e-08,True
14282,8,3.16227766728098e-08,True
14283,10,3.999999893811172e-08,True
14284,10,2.0000000322539794e-08,True
14285,7,4.242640661334761e-08,True
14286,12,4.472136027121671e-08,True
14287,10,1.732050816272017e-08,True
14288,10,4.577566798522237e-16,True
14289,10,2.828427131107894e-08,True
14290,10,5.196152621882689e-08,True
14291,10,2.8284269976500355e-08,True
14292,8,4.1231056342181854e-08,True
14293,8,2.2360679403260784e-08,True
14294,10,8.308148362110449e-16,True
14295,10,2.462593796972316e-15,True
14296,9,2.4494897233640124e-08,True
14297,9,3.316624750114021e-08,True
14298,9,2.000000010049524e-08,True
14299,7,4.996003610813204e-16,True
14300,8,2.9999999928698187e-08,True
14301,8,3.872983374984624e-08,True
14302,9,2.4494898004159398e-08,True
14303,8,2.6457512341395102e-08,True
14304,8,2.8284271075565064e-08,True
14305,10,3.464101600494653e-08,True
14306,10,1.7320510277979113e-08,True
14307,10,8.95090418262362e-16,True
14308,10,3.4641014979366437e-08,True
14309,8,3.46410151716627e-08,True
14310,8,3.464101440247763e-08,True
14311,9,1.7320507970423888e-08,True
14312,8,1.368774871883577e-15,True
14313,8,2.00000003225398e-08,True
14314,4,1.9999999989472883e-08,True
14315,4,1.4142135655539474e-08,True
14316,12,1.4142136793856506e-08,True
14317,8,1.732050773005358e-08,True
14318,8,1.73205075377573e-08,True
14319,12,4.000000028425744e-08,True
14320,12,2.8284271899863736e-08,True
14321,10,5.385164798115103e-08,True
14322,4,1.7320508034522643e-08,True
14323,10,8.881784197001252e-16,True
14324,10,3.4641016028983586e-08,True
14325,9,3.3166248246470494e-08,True
14326,7,2.4494896553770115e-08,True
14327,12,5.6568540581037696e-08,True
14328,10,1.99999998784506e-08,True
14329,10,3.464101554023056e-08,True
14330,8,7.691850745534255e-16,True
14331,8,2.000000032253979e-08,True
14332,8,2.828427044752809e-08,True
14333,8,1.999999943436138e-08,True
14334,8,2.8284272959676035e-08,True
14335,4,0.0,True
14336,7,1.000000038331452e-08,True
14337,7,1.7320508162720163e-08,True
14338,4,1.999999987845058e-08,True
14339,4,1.414213553778256e-08,True
14340,4,1.4142135537782532e-08,True
14341,12,4.000000003445697e-08,True
14342,9,4.000000050630171e-08,True
14343,12,3.999999975690124e-08,True
14344,12,5.65685448497267e-08,True
14345,4,1.7320507970423888e-08,True
14346,12,1.472877282518059e-15,True
14347,6,1.2560739669470201e-15,True
14348,12,3.2023728339893768e-15,True
14349,7,1.732050809862141e-08,True
14350,12,3.4641016634885834e-08,True
14351,8,2.0000000766629e-08,True
14352,4,1.4142135616287182e-08,True
14353,8,4.440892098500626e-16,True
14354,2,0.0,True
14355,8,2.44948972336401e-08,True
14356,7,1.732050713714013e-08,True
14357,8,1.2560739669470201e-15,True
14358,8,2.8284270859677366e-08,True
14359,8,1.999999987845058e-08,True
14360,8,2.8284271703602047e-08,True
14361,9,3.1622775988197303e-08,True
14362,6,2.8284271703602066e-08,True
14363,4,1.4142135577034843e-08,True
14364,7,1.538370149106851e-15,True
14365,8,3.4641015940847776e-08,True
14366,10,2.8284270506406572e-08,True
14367,12,2.0000000766629255e-08,True
14368,10,2.0000000322539797e-08,True
14369,4,1.7320508034522643e-08,True
14370,8,2.828427170360206e-08,True
14371,2,0.0,True
14372,11,4.1231056759548306e-08,True
14373,5,4.440892098500626e-16,True
14374,8,1.732050893190525e-08,True
14375,10,3.4641012479514956e-08,True
14376,7,3.316624790283409e-08,True
14377,8,3.1401849173675503e-16,True
14378,6,7.771561172376096e-16,True
14379,12,5.656854325019487e-08,True
14380,7,2.4494898729354044e-08,True
14381,12,3.3232593448441795e-15,True
14382,8,2.828427107556512e-08,True
14383,2,0.0,True
14384,7,1.732050880370775e-08,True
14385,12,3.999999975690117e-08,True
14386,12,2.8284269819491138e-08,True
14387,8,1.9229626863835638e-16,True
14388,4,1.7320508162720163e-08,True
14389,8,3.4641016453637876e-08,True
14390,8,4.339694655950387e-13,True
14391,7,1.732050861141148e-08,True
14392,5,1.0000000050247593e-08,True
14393,10,2.828427123257447e-08,True
14394,12,5.656854281841945e-08,True
14395,4,1.9999999989472903e-08,True
14396,8,3.4641015428057735e-08,True
14397,11,4.795831626626174e-08,True
14398,7,2.8284271703602066e-08,True
14399,4,2.000000015600634e-08,True
14400,2,0.0,True
14401,2,0.0,True
14402,2,0.0,True
14403,2,0.0,True
14404,2,0.0,True
14405,6,2.8284272017620553e-08,True
14406,4,0.0,True
14407,2,0.0,True
14408,8,3.464101618522431e-08,True
14409,2,0.0,True
14410,2,0.0,True
14411,2,0.0,True
14412,2,0.0,True
14413,6,3.464101645363783e-08,True
14414,2,0.0,True
14415,2,0.0,True
14416,6,3.4641016261341564e-08,True
14417,2,0.0,True
14418,2,0.0,True
14419,2,0.0,True
14420,2,0.0,True
14421,2,0.0,True
14422,2,0.0,True
14423,7,1.73205080986214e-08,True
14424,6,1.999999987845059e-08,True
14425,4,1.732050803452265e-08,True
14426,7,4.440892098500626e-16,True
14427,6,1.0877919644084146e-15,True
14428,7,1.000000016126994e-08,True
14429,6,7.691850745534255e-16,True
14430,9,1.7320508867806482e-08,True
14431,8,2.0000000766629063e-08,True
14432,5,9.9999999392253e-09,True
14433,4,1.4142135380773287e-08,True
14434,10,4.000000153325801e-08,True
14435,4,1.7320508066572034e-08,True
14436,12,4.4721359874011224e-08,True
14437,12,4.8989794016866614e-08,True
14438,6,1.538370149106851e-15,True
14439,6,7.691850745534255e-16,True
14440,6,0.0,True
14441,4,1.0000000161269897e-08,True
14442,9,3.464101558830464e-08,True
14443,4,1.4142135851801028e-08,True
14444,10,3.464101459076775e-08,True
14445,4,1.7320508739608975e-08,True
14446,9,1.732050604746121e-08,True
14447,9,3.4641015724514476e-08,True
14448,9,6.77599954797753e-16,True
14449,6,1.999999943436137e-08,True
14450,10,2.449489810684822e-08,True
14451,10,3.464101554023076e-08,True
14452,9,1.9999999878450584e-08,True
14453,8,0.0,True
14454,10,1.7320509508794056e-08,True
14455,10,2.4494900179743475e-08,True
14456,10,1.7320510534374322e-08,True
14457,2,0.0,True
14458,2,0.0,True
14459,2,0.0,True
14460,3,0.0,True
14461,6,3.4641016197242816e-08,True
14462,4,1.7320507970423888e-08,True
14463,2,0.0,True
14464,2,0.0,True
14465,2,0.0,True
14466,12,2.3914935841127266e-15,True
14467,8,1.999999854618296e-08,True
14468,2,0.0,True
14469,2,0.0,True
14470,2,0.0,True
14471,2,0.0,True
14472,2,0.0,True
14473,2,0.0,True
14474,10,5.477225454097076e-08,True
14475,9,1.7320508419115183e-08,True
14476,7,1.4142134909745556e-08,True
14477,8,1.9999999656405976e-08,True
14478,9,5.1961522116506496e-08,True
14479,9,4.577566798522237e-16,True
14480,9,3.464101799200798e-08,True
14481,6,7.691850745534255e-16,True
14482,9,3.464101747921793e-08,True
14483,9,3.464101491526768e-08,True
14484,10,1.000000082740371e-08,True
14485,7,2.4494897460263435e-08,True
14486,9,7.108895957933346e-16,True
14487,12,4.898979510182549e-08,True
14488,2,0.0,True
14489,6,3.4641015940847776e-08,True
14490,5,1.7320507329436327e-08,True
14491,9,3.464101632544031e-08,True
14492,5,1.1102230246251565e-16,True
14493,6,7.691850745534255e-16,True
14494,6,1.999999987845058e-08,True
14495,6,8.881784197001252e-16,True
14496,6,2.8284270447528085e-08,True
14497,2,0.0,True
14498,8,3.464101632544032e-08,True
14499,5,2.482534153247273e-16,True
14500,7,2.8284271389583557e-08,True
14501,10,2.8284271468088215e-08,True
14502,8,2.8284271075565064e-08,True
14503,2,0.0,True
14504,9,7.691850745534255e-16,True
14505,10,2.828427131107894e-08,True
14506,6,1.0877919644084146e-15,True
14507,6,1.2560739669470201e-15,True
14508,8,3.46410162693539e-08,True
14509,10,3.464101729092784e-08,True
14510,2,0.0,True
14511,11,4.189529226675416e-15,True
14512,7,1.7320508355016425e-08,True
14513,5,2.2360679594105585e-08,True
14514,7,1.0000000161269975e-08,True
14515,12,1.9999999878450624e-08,True
14516,7,2.9999999595631266e-08,True
14517,10,4.965068306494546e-16,True
14518,10,2.4494897822860767e-08,True
14519,7,1.538370149106851e-15,True
14520,10,4.000000006221249e-08,True
14521,12,2.828427201762056e-08,True
14522,8,3.464101529986022e-08,True
14523,10,1.9999999878450624e-08,True
14524,12,5.656854089505616e-08,True
14525,8,3.316624779613408e-08,True
14526,8,3.162277637438895e-08,True
14527,8,2.4494897195928553e-08,True
14528,8,3.4641015932459867e-08,True
14529,12,3.999999798054436e-08,True
14530,6,6.280369834735101e-16,True
14531,8,2.8284271703602053e-08,True
14532,9,2.999999892949748e-08,True
14533,12,3.4641015684452775e-08,True
14534,10,3.46410166459341e-08,True
14535,9,3.4641015940847776e-08,True
14536,6,3.464101600494653e-08,True
14537,16,6.92820323944856e-08,True
14538,9,1.0175362097255202e-15,True
14539,9,1.7320507329436354e-08,True
14540,9,3.464101440247764e-08,True
14541,9,3.4641017094625393e-08,True
14542,9,1.7320507714028864e-08,True
14543,9,1.2947314098277875e-15,True
14544,4,1.4142135616287183e-08,True
14545,9,1.73205070730413e-08,True
14546,12,5.656854419225042e-08,True
14547,6,1.99999989902722e-08,True
14548,8,2.2360678844690588e-08,True
14549,12,3.464101683823042e-08,True
14550,7,1.041481514324134e-15,True
14551,9,2.8284270604537397e-08,True
14552,9,3.464101673406989e-08,True
14553,9,4.965068306494546e-16,True
14554,14,3.46410161972428e-08,True
14555,9,5.196152365487664e-08,True
14556,5,7.691850745534255e-16,True
14557,8,2.0000000322539807e-08,True
14558,8,9.930136612989092e-16,True
14559,12,2.82842707615466e-08,True
14560,6,3.9999999867923464e-08,True
14561,12,3.9999999756901174e-08,True
14562,10,2.828427295967603e-08,True
14563,7,1.414213553778254e-08,True
14564,5,1.73205082588683e-08,True
